#pragma once
#include <pgmspace.h>
#define HAS_BACKGROUND_PROGMEM_RGB565 1
#define BACKGROUND_PROGMEM_WIDTH  320
#define BACKGROUND_PROGMEM_HEIGHT 172
const uint16_t background_progmem_rgb565[320u * 172u] PROGMEM = {
0x0862,0x0862,0x0862,0x0862,0x0862,0x0862,0x0862,0x0862,0x0862,0x0862,0x0862,0x0862,0x0862,0x0862,0x0862,0x0862,
0x0861,0x0861,0x0861,0x0861,0x1061,0x1061,0x1061,0x1061,0x1062,0x1062,0x0862,0x0862,0x0862,0x0862,0x1062,0x1062,
0x1062,0x1062,0x1062,0x1082,0x1082,0x1082,0x1082,0x1082,0x1082,0x1082,0x1082,0x1082,0x1082,0x1082,0x1082,0x1082,
0x1082,0x1082,0x1082,0x1082,0x1082,0x1082,0x1062,0x1061,0x0861,0x0861,0x1061,0x1061,0x1062,0x1082,0x1062,0x1062,
0x1062,0x1062,0x0862,0x0862,0x0861,0x0861,0x1062,0x1082,0x1062,0x1062,0x1062,0x1062,0x1062,0x1062,0x1062,0x1062,
0x1082,0x1082,0x1061,0x1061,0x1082,0x1082,0x1082,0x1082,0x1082,0x1082,0x1082,0x1082,0x1082,0x1082,0x1082,0x1082,
0x1081,0x1082,0x1082,0x1082,0x1082,0x1082,0x1082,0x1082,0x1082,0x1082,0x1082,0x1082,0x1082,0x1082,0x10A2,0x10A2,
0x10A2,0x18A2,0x18A2,0x18A2,0x18A2,0x18A2,0x18C2,0x18C2,0x20C2,0x20C2,0x20C2,0x20C2,0x20C2,0x20C2,0x20C2,0x20C2,
0x20E2,0x20C2,0x20C2,0x20C2,0x20E2,0x20E2,0x20E2,0x20E2,0x20E2,0x20E2,0x20E2,0x20E2,0x18E3,0x18C2,0x18C3,0x18E3,
0x20E3,0x2104,0x2104,0x2104,0x2124,0x2945,0x2945,0x2965,0x3165,0x3186,0x2965,0x3186,0x3186,0x2965,0x3165,0x2965,
0x2965,0x2965,0x2924,0x18E3,0x18C2,0x18E3,0x2103,0x20E2,0x20E2,0x20E2,0x20C2,0x20C2,0x20C2,0x18C2,0x20E2,0x20E2,
0x20C2,0x20C2,0x18C2,0x18C2,0x18A2,0x18A2,0x18A2,0x18A2,0x18A2,0x18A2,0x18A2,0x18A2,0x18A2,0x18A2,0x18A2,0x18A2,
0x18A2,0x18A2,0x18A2,0x18A2,0x18C2,0x18C2,0x18C2,0x18C2,0x18C2,0x18C2,0x18C2,0x18C2,0x18C2,0x18C2,0x18C2,0x20C2,
0x20C2,0x20C2,0x20C2,0x20C2,0x20C2,0x20C2,0x20C2,0x20C2,0x20C2,0x20C2,0x20C2,0x20C2,0x20C2,0x18C2,0x20C2,0x20C2,
0x20C2,0x20C2,0x20E2,0x20E2,0x20E2,0x20E2,0x20E2,0x20E3,0x2103,0x2103,0x2103,0x2103,0x2103,0x2103,0x2103,0x2103,
0x2103,0x2103,0x2103,0x2103,0x2103,0x2103,0x2103,0x2103,0x2103,0x2103,0x2103,0x2903,0x2903,0x2903,0x2923,0x2923,
0x2923,0x2923,0x2923,0x2923,0x2923,0x2923,0x2923,0x2923,0x2944,0x2944,0x2944,0x2944,0x2944,0x2944,0x2944,0x2944,
0x2943,0x2943,0x2944,0x2944,0x2944,0x2944,0x2944,0x2944,0x2944,0x2944,0x2944,0x2944,0x2944,0x2964,0x3165,0x3165,
0x3165,0x3165,0x3165,0x3165,0x3165,0x3165,0x3165,0x3165,0x3165,0x3165,0x2944,0x2944,0x2944,0x2944,0x2964,0x2964,
0x2944,0x2964,0x2964,0x2964,0x2965,0x2965,0x2944,0x2944,0x2945,0x2945,0x2945,0x2944,0x2944,0x2944,0x2944,0x2944,
0x0862,0x0862,0x0862,0x0862,0x0862,0x0862,0x0862,0x0862,0x0862,0x0862,0x0862,0x0862,0x0862,0x0862,0x0862,0x0862,
0x0861,0x0861,0x0861,0x0861,0x1061,0x1061,0x1061,0x1062,0x1062,0x1062,0x0862,0x0862,0x0862,0x1062,0x1062,0x1082,
0x1062,0x1062,0x1062,0x1082,0x1082,0x1082,0x1082,0x1082,0x1082,0x1082,0x1082,0x1082,0x1082,0x1082,0x1082,0x1082,
0x1082,0x1082,0x1082,0x1082,0x1082,0x1082,0x1082,0x1082,0x1082,0x1082,0x1082,0x1082,0x1082,0x1062,0x1062,0x1062,
0x1062,0x1062,0x0862,0x0862,0x0861,0x1062,0x1062,0x1082,0x1062,0x1062,0x1062,0x1062,0x1062,0x1062,0x1062,0x1062,
0x1061,0x1082,0x1082,0x1082,0x1082,0x1082,0x1082,0x1082,0x1082,0x1082,0x1082,0x1082,0x1082,0x1082,0x1082,0x1082,
0x1082,0x1082,0x1082,0x1082,0x1082,0x1082,0x1082,0x1082,0x1082,0x1082,0x1082,0x1082,0x1082,0x1082,0x1082,0x10A2,
0x10A2,0x10A2,0x18A2,0x18A2,0x18A2,0x18A2,0x18C2,0x20C2,0x20E2,0x20E2,0x20E2,0x20C2,0x20C2,0x20C2,0x20C2,0x20E2,
0x20E3,0x20C2,0x20C2,0x20E2,0x20E2,0x20E2,0x20E2,0x20E2,0x20E2,0x20E2,0x20E2,0x20E2,0x18C3,0x18E3,0x20E4,0x2104,
0x2104,0x2104,0x2104,0x2104,0x2124,0x2924,0x2945,0x2945,0x2965,0x2965,0x2945,0x2945,0x2965,0x2965,0x2965,0x2965,
0x2965,0x2965,0x2965,0x2945,0x2103,0x18C3,0x20E2,0x2103,0x20E2,0x20E2,0x20C2,0x20C2,0x20C2,0x20C2,0x20E2,0x20C2,
0x20C2,0x20C2,0x18C2,0x18C2,0x18C2,0x18A2,0x18A2,0x18A2,0x18A2,0x18A2,0x18A2,0x18A2,0x18A2,0x18A2,0x18A2,0x18A2,
0x18A2,0x18A2,0x18A2,0x18A2,0x18C2,0x18C2,0x18C2,0x18C2,0x18C2,0x18C2,0x18C2,0x18C2,0x18C2,0x18C2,0x18C2,0x20C2,
0x20C2,0x20C2,0x20C2,0x20C2,0x20C2,0x20C2,0x20C2,0x20C2,0x20C2,0x20C2,0x20C2,0x20C2,0x20C2,0x18C2,0x20C2,0x20C2,
0x20C2,0x20C2,0x20E2,0x20E2,0x20E2,0x20E2,0x20E3,0x20E3,0x2103,0x2103,0x2103,0x2103,0x2103,0x2103,0x2103,0x2103,
0x2103,0x2103,0x2103,0x2103,0x2103,0x2103,0x2103,0x2103,0x2103,0x2103,0x2103,0x2103,0x2903,0x2903,0x2923,0x2923,
0x2923,0x2923,0x2923,0x2923,0x2923,0x2923,0x2923,0x2944,0x2944,0x2944,0x2944,0x2944,0x2944,0x2944,0x2944,0x2944,
0x2943,0x2943,0x2944,0x2944,0x2944,0x2944,0x2944,0x2944,0x2944,0x2944,0x2944,0x2944,0x2944,0x2964,0x3165,0x3165,
0x3165,0x3165,0x3165,0x3165,0x3165,0x3165,0x3165,0x3165,0x3165,0x3165,0x3164,0x3164,0x3164,0x2964,0x2964,0x2964,
0x2964,0x2964,0x2964,0x2964,0x2965,0x2965,0x2944,0x2944,0x2945,0x2945,0x2945,0x2944,0x2944,0x2944,0x2944,0x2944,
0x0862,0x0862,0x0862,0x0862,0x0862,0x0862,0x0862,0x0862,0x0862,0x0862,0x0862,0x0862,0x0862,0x0862,0x0862,0x0862,
0x0862,0x0862,0x0861,0x1062,0x1061,0x1062,0x1062,0x1062,0x1062,0x1062,0x1062,0x1062,0x1061,0x1082,0x1082,0x1082,
0x1082,0x1082,0x1082,0x1082,0x1082,0x1082,0x1082,0x1082,0x10A2,0x10A2,0x10A2,0x10A2,0x10A2,0x10A2,0x1082,0x1082,
0x10A2,0x10A2,0x1082,0x1082,0x1082,0x1082,0x1082,0x1082,0x1082,0x1082,0x1082,0x1082,0x1082,0x1062,0x1061,0x1061,
0x1082,0x1062,0x1062,0x1062,0x1062,0x1082,0x1082,0x1082,0x1082,0x1082,0x1082,0x1082,0x1082,0x1062,0x1062,0x1062,
0x1062,0x1082,0x1082,0x1082,0x1082,0x1062,0x1082,0x1061,0x1082,0x1082,0x1082,0x1082,0x1082,0x1081,0x1082,0x1082,
0x1082,0x18A2,0x18A2,0x18A2,0x1082,0x1082,0x1082,0x1082,0x1082,0x1082,0x1082,0x1082,0x1082,0x1082,0x1082,0x1082,
0x1082,0x18A2,0x18A2,0x18A2,0x18A2,0x18C2,0x18C2,0x20E2,0x20E2,0x20E2,0x20E2,0x20E2,0x20E2,0x20E2,0x20E2,0x20E2,
0x20E2,0x20E2,0x20E2,0x20E2,0x20E2,0x20E2,0x20E2,0x20E2,0x20E3,0x20E3,0x18C3,0x18C3,0x18C3,0x18E3,0x20E3,0x20E3,
0x20E3,0x2104,0x2104,0x2104,0x2124,0x2104,0x2104,0x2104,0x2104,0x2945,0x2945,0x2945,0x2945,0x2945,0x2925,0x2124,
0x2945,0x2925,0x2965,0x3186,0x2965,0x2124,0x20E3,0x18C3,0x20E2,0x20E3,0x20E2,0x20E2,0x20C2,0x20E2,0x20C2,0x20C2,
0x20C2,0x20C2,0x18C2,0x18C2,0x18C2,0x18A2,0x18A2,0x18A2,0x18A2,0x18A2,0x18A2,0x18A2,0x18A2,0x18A2,0x18A2,0x18A2,
0x18A2,0x18A2,0x18A2,0x18A2,0x18C2,0x18C2,0x18C2,0x18C2,0x18C2,0x18C2,0x18C2,0x18C2,0x18C2,0x18C2,0x18C2,0x18C2,
0x20C2,0x20C2,0x20C2,0x20C2,0x20C2,0x20C2,0x20C2,0x20C2,0x20C2,0x20C2,0x20C2,0x20C2,0x18C2,0x18C2,0x20C2,0x20C2,
0x20C2,0x20E2,0x20E2,0x20E2,0x20E2,0x20E2,0x20E3,0x20E3,0x2103,0x2103,0x2103,0x2103,0x2103,0x2103,0x2103,0x2103,
0x2103,0x2103,0x2103,0x2103,0x2103,0x2103,0x2103,0x2103,0x2103,0x2103,0x2103,0x2103,0x2903,0x2903,0x2903,0x2923,
0x2923,0x2923,0x2923,0x2923,0x2923,0x2923,0x2923,0x2944,0x2943,0x2943,0x2944,0x2944,0x2943,0x2943,0x2943,0x2943,
0x2943,0x2943,0x2944,0x2944,0x2944,0x2944,0x2944,0x2944,0x2944,0x2944,0x2944,0x2944,0x2944,0x3164,0x3164,0x3164,
0x3165,0x3165,0x3165,0x3165,0x3165,0x3165,0x3165,0x3165,0x3165,0x3165,0x3165,0x3165,0x3164,0x3164,0x3164,0x3164,
0x2964,0x2964,0x2964,0x2964,0x2965,0x2965,0x2965,0x2965,0x2965,0x2944,0x2945,0x2944,0x2944,0x2944,0x2944,0x2944,
0x0862,0x0862,0x0862,0x0862,0x0862,0x0862,0x0862,0x0862,0x0862,0x0862,0x0862,0x0862,0x0862,0x0862,0x0862,0x0862,
0x0862,0x0862,0x0862,0x1062,0x1062,0x1062,0x1082,0x1082,0x1062,0x1062,0x1062,0x1062,0x1082,0x1082,0x1082,0x1082,
0x1082,0x1082,0x1082,0x1082,0x1082,0x1082,0x1082,0x10A2,0x1082,0x1082,0x1082,0x1082,0x1082,0x1082,0x1082,0x1082,
0x10A2,0x1082,0x1082,0x1082,0x1082,0x1082,0x1082,0x1082,0x1082,0x1082,0x1082,0x1082,0x1082,0x1082,0x1082,0x1082,
0x1082,0x1062,0x1062,0x1062,0x1082,0x1082,0x1082,0x1082,0x1062,0x1062,0x1082,0x1062,0x1062,0x1062,0x1062,0x1062,
0x1062,0x1082,0x1082,0x1082,0x1061,0x1062,0x1082,0x1082,0x1082,0x1082,0x1061,0x1061,0x1061,0x1082,0x1082,0x18A2,
0x18A2,0x18A2,0x18A2,0x18A2,0x18A2,0x10A2,0x1082,0x1082,0x1082,0x1082,0x1082,0x1082,0x1082,0x1082,0x1082,0x1082,
0x18A2,0x18A2,0x18A2,0x18A2,0x18A2,0x18C2,0x18C2,0x20E2,0x20E2,0x20E2,0x20E2,0x20E2,0x20E2,0x20E2,0x20E2,0x20E2,
0x20E2,0x20E2,0x20E2,0x20E2,0x20E2,0x20E2,0x20E2,0x20E2,0x20E3,0x18C2,0x18C2,0x18C3,0x18E3,0x18C3,0x18C3,0x18E3,
0x2104,0x2104,0x18E3,0x18C3,0x10A2,0x1082,0x1082,0x1082,0x0861,0x1082,0x1082,0x10A2,0x18E3,0x2104,0x2124,0x2124,
0x2925,0x2124,0x2124,0x2945,0x2945,0x3165,0x2924,0x20E3,0x18C2,0x20E2,0x20E3,0x20E2,0x20C2,0x20C2,0x20C2,0x20E2,
0x20C2,0x20C2,0x18C2,0x18C2,0x18C2,0x18C2,0x18A2,0x18A2,0x18A2,0x18A2,0x18A2,0x18A2,0x18A2,0x18A2,0x18A2,0x18A2,
0x18A2,0x18A2,0x18A2,0x18A2,0x18C2,0x18C2,0x18C2,0x18C2,0x18A2,0x18A2,0x18C2,0x18C2,0x18C2,0x18C2,0x18C2,0x18C2,
0x20C2,0x20C2,0x20C2,0x20C2,0x20C2,0x20C2,0x20C2,0x20C2,0x20C2,0x20C2,0x20C2,0x20C2,0x18C2,0x18C2,0x20C2,0x20C2,
0x20E2,0x20E2,0x20E2,0x20E2,0x20E2,0x20E3,0x20E3,0x2103,0x2103,0x2103,0x2103,0x2103,0x2103,0x2103,0x2103,0x2103,
0x2103,0x2103,0x2103,0x2103,0x2103,0x2103,0x2103,0x20E3,0x20E3,0x2103,0x2103,0x2103,0x2103,0x2903,0x2903,0x2903,
0x2923,0x2923,0x2923,0x2923,0x2923,0x2923,0x2923,0x2944,0x2943,0x2943,0x2943,0x2944,0x2943,0x2943,0x2943,0x2943,
0x2943,0x2943,0x2944,0x2944,0x2944,0x2944,0x2944,0x2944,0x2944,0x2944,0x2944,0x2944,0x2944,0x2964,0x3164,0x3164,
0x3165,0x3165,0x3165,0x3165,0x3165,0x3165,0x3165,0x3165,0x3165,0x3165,0x3165,0x3165,0x3164,0x3164,0x3164,0x3164,
0x3165,0x3165,0x2965,0x2965,0x2965,0x2965,0x2965,0x2965,0x2965,0x2944,0x2945,0x2944,0x2944,0x2944,0x2944,0x2944,
0x0861,0x0861,0x0861,0x0861,0x0861,0x0861,0x0862,0x0862,0x0861,0x0862,0x0862,0x0862,0x0862,0x0862,0x0862,0x0862,
0x0862,0x0862,0x0862,0x1062,0x1062,0x1082,0x1082,0x1082,0x1062,0x1062,0x1062,0x1062,0x1082,0x1082,0x1082,0x1082,
0x1082,0x1082,0x10A2,0x1082,0x1082,0x1082,0x1082,0x10A2,0x1082,0x1082,0x1082,0x1082,0x1082,0x10A2,0x1082,0x1082,
0x10A2,0x10A2,0x1082,0x1082,0x1082,0x1082,0x1082,0x1082,0x1082,0x1082,0x1082,0x1082,0x1082,0x1082,0x1082,0x1082,
0x1062,0x1061,0x1061,0x1082,0x1082,0x1082,0x1082,0x1082,0x1082,0x1082,0x1082,0x1082,0x1082,0x1082,0x1062,0x1062,
0x1082,0x1082,0x1062,0x1082,0x1062,0x1082,0x18A2,0x10A2,0x1082,0x1061,0x1061,0x1081,0x1081,0x1082,0x18A2,0x18A2,
0x18A2,0x18A2,0x18A2,0x18A2,0x18A2,0x18A2,0x18A2,0x18A2,0x10A2,0x1082,0x1082,0x1082,0x1082,0x1082,0x1082,0x1082,
0x18A2,0x18A2,0x18A2,0x18A2,0x18A2,0x18C2,0x18C2,0x20C2,0x20E2,0x20E2,0x20E2,0x20E2,0x20E2,0x20E2,0x20E2,0x20E2,
0x20E2,0x20E2,0x20E2,0x20E2,0x20E2,0x20E2,0x20E2,0x20E3,0x20E3,0x18C2,0x10A2,0x18A3,0x18C3,0x18C3,0x18C3,0x18C3,
0x18C3,0x18C3,0x10A2,0x1062,0x0861,0x0841,0x0861,0x0862,0x1062,0x10A2,0x10A3,0x1082,0x0861,0x1082,0x10A3,0x20E4,
0x18E4,0x2104,0x2924,0x2924,0x2925,0x2945,0x2945,0x2124,0x20E3,0x18E3,0x20E3,0x20E2,0x20E3,0x20E2,0x20C2,0x20E3,
0x20E2,0x20E2,0x20C2,0x18C2,0x18C2,0x18C2,0x18C2,0x18C2,0x18A2,0x18A2,0x18A2,0x18A2,0x18A2,0x18A2,0x18A2,0x18A2,
0x18A2,0x18A2,0x18A2,0x18A2,0x18C2,0x18C2,0x18A2,0x18A2,0x18A2,0x18A2,0x18A2,0x18A2,0x18C2,0x18C2,0x18C2,0x18C2,
0x20C2,0x20C2,0x20C2,0x20C2,0x20C2,0x20C2,0x20C2,0x20C2,0x20C2,0x20C2,0x20C2,0x18C2,0x18C2,0x20C2,0x20C2,0x20C2,
0x20E2,0x20E2,0x20E2,0x20E2,0x20E3,0x20E3,0x20E3,0x2103,0x20E3,0x20E3,0x2103,0x2103,0x2103,0x2103,0x2103,0x2103,
0x2103,0x2103,0x2103,0x2103,0x2103,0x2103,0x2103,0x20E3,0x20E3,0x2103,0x2103,0x2103,0x2103,0x2103,0x2903,0x2903,
0x2923,0x2923,0x2923,0x2923,0x2923,0x2923,0x2923,0x2943,0x2943,0x2944,0x2943,0x2943,0x2943,0x2943,0x2943,0x2943,
0x2944,0x2944,0x2944,0x2944,0x2944,0x2944,0x2943,0x2943,0x2944,0x2944,0x2944,0x2944,0x2964,0x3164,0x3164,0x3164,
0x3165,0x3165,0x3165,0x3165,0x3165,0x3165,0x3165,0x3165,0x3165,0x3165,0x3165,0x3165,0x3165,0x3165,0x3165,0x3165,
0x3165,0x3165,0x3165,0x2965,0x2965,0x2965,0x2965,0x2965,0x2945,0x2945,0x2945,0x2944,0x2944,0x2944,0x2944,0x2944,
0x0861,0x0861,0x0861,0x0861,0x0861,0x0861,0x0862,0x0862,0x0861,0x0862,0x0862,0x0862,0x0862,0x0862,0x0862,0x0862,
0x0862,0x0862,0x0862,0x1062,0x1062,0x1082,0x1062,0x1082,0x1082,0x1062,0x1062,0x1082,0x1082,0x1082,0x1082,0x1082,
0x1082,0x1082,0x1082,0x1082,0x1082,0x1082,0x1082,0x1082,0x1082,0x1082,0x1082,0x10A2,0x10A2,0x10A2,0x10A2,0x10A2,
0x18A2,0x18A2,0x18A2,0x10A2,0x1082,0x1082,0x1082,0x1082,0x1082,0x1082,0x1082,0x1082,0x1082,0x1082,0x1082,0x1082,
0x1061,0x1062,0x1082,0x1082,0x1082,0x1082,0x1082,0x1082,0x1082,0x1082,0x1082,0x1082,0x1082,0x1082,0x1082,0x1082,
0x1082,0x1082,0x1082,0x1082,0x1082,0x1082,0x1082,0x1082,0x1061,0x1082,0x1082,0x10A2,0x18A2,0x18A2,0x18A2,0x18C2,
0x18C2,0x18C2,0x18C2,0x18A2,0x18A2,0x18A2,0x18A2,0x18A2,0x18A2,0x18A2,0x18A2,0x10A2,0x10A2,0x10A2,0x10A2,0x10A2,
0x18A2,0x18A2,0x18A2,0x18A2,0x18A2,0x18C2,0x18C2,0x20C2,0x20C2,0x20E2,0x20E2,0x20E2,0x20E2,0x20E2,0x20E2,0x20E2,
0x20E2,0x20E2,0x20E2,0x20E2,0x20E2,0x20E3,0x20E3,0x20E2,0x18C2,0x18A2,0x18A3,0x18A3,0x18A3,0x18A3,0x10A2,0x1082,
0x0861,0x1062,0x1062,0x1082,0x1082,0x10A2,0x10A2,0x18A3,0x1082,0x10A3,0x18E3,0x2104,0x2124,0x2104,0x18C3,0x1082,
0x18A3,0x18A3,0x18E3,0x2124,0x2945,0x2945,0x2945,0x2925,0x2124,0x20E3,0x20E3,0x20E2,0x20C2,0x20E3,0x20E2,0x20E2,
0x20E2,0x20E2,0x20C2,0x18C2,0x18C2,0x18C2,0x18C2,0x18C2,0x18C2,0x18C2,0x18A2,0x18A2,0x18A2,0x18A2,0x18A2,0x18A2,
0x18A2,0x18A2,0x18A2,0x18A2,0x18C2,0x18C2,0x18C2,0x18A2,0x18A2,0x18A2,0x18A2,0x18A2,0x18C2,0x18C2,0x18C2,0x18C2,
0x18C2,0x18C2,0x20C2,0x20C2,0x20C2,0x20C2,0x20C2,0x20C2,0x20C2,0x20C2,0x20C2,0x20C2,0x20C2,0x20C2,0x20C2,0x20E2,
0x20E2,0x20E2,0x20E2,0x20E2,0x20E3,0x20E3,0x20E3,0x20E3,0x20E3,0x20E3,0x2103,0x2103,0x2103,0x2103,0x2103,0x2103,
0x2103,0x2103,0x2103,0x2103,0x2103,0x2103,0x2103,0x2103,0x2103,0x2103,0x2103,0x2103,0x2103,0x2103,0x2903,0x2903,
0x2923,0x2923,0x2923,0x2923,0x2923,0x2923,0x2923,0x2943,0x2943,0x2943,0x2943,0x2943,0x2943,0x2943,0x2943,0x2943,
0x2944,0x2944,0x2944,0x2944,0x2944,0x2944,0x2943,0x2943,0x2944,0x2944,0x2944,0x2944,0x2944,0x2964,0x3164,0x3164,
0x3165,0x3165,0x3165,0x3165,0x3165,0x3165,0x3165,0x3165,0x3165,0x3165,0x3165,0x3165,0x3165,0x3165,0x3165,0x3165,
0x3165,0x3165,0x3165,0x2965,0x2965,0x2965,0x2965,0x2965,0x2945,0x2945,0x2945,0x2944,0x2944,0x2944,0x2944,0x2944,
0x0861,0x0861,0x0861,0x0861,0x0861,0x0861,0x0861,0x0861,0x0861,0x0861,0x0861,0x0862,0x0861,0x0861,0x0861,0x0862,
0x0862,0x0862,0x1062,0x1062,0x1062,0x1062,0x1062,0x1062,0x1082,0x1082,0x1082,0x1082,0x1082,0x1082,0x1082,0x1082,
0x1082,0x1082,0x1082,0x1082,0x1082,0x1082,0x1082,0x1082,0x1082,0x1082,0x1082,0x10A2,0x10A2,0x10A2,0x10A2,0x10A2,
0x18A2,0x18A2,0x18A2,0x18A2,0x10A2,0x1082,0x1082,0x1082,0x1082,0x1082,0x1082,0x1082,0x1082,0x1082,0x1082,0x1082,
0x1062,0x1082,0x1082,0x1082,0x1082,0x1082,0x1082,0x1082,0x1082,0x1082,0x1082,0x1082,0x1082,0x1082,0x1082,0x1082,
0x1082,0x1082,0x1082,0x1082,0x1082,0x1062,0x1061,0x0861,0x1061,0x1082,0x1082,0x18A2,0x18A2,0x18A2,0x18A2,0x18C2,
0x18C2,0x18C2,0x18C2,0x18A2,0x18A2,0x18A2,0x18A2,0x18A2,0x18A2,0x18A2,0x18A2,0x18A2,0x18A2,0x18A2,0x18A2,0x18A2,
0x18A2,0x18A2,0x18A2,0x18A2,0x18C2,0x18C2,0x18C2,0x20C2,0x20C2,0x20C2,0x20E2,0x20E2,0x20E2,0x20E2,0x20E2,0x20E2,
0x20E2,0x20E2,0x20E2,0x20E2,0x20E3,0x20E3,0x20E3,0x20E3,0x10A2,0x10A2,0x10A3,0x10A3,0x10A2,0x1082,0x1082,0x0861,
0x1082,0x1082,0x1082,0x10A2,0x10A2,0x1082,0x1082,0x1082,0x10A2,0x1082,0x18A3,0x18E3,0x2104,0x2925,0x2925,0x2124,
0x20E4,0x18C3,0x18A2,0x18C3,0x2104,0x2925,0x2945,0x2925,0x2924,0x2103,0x20E3,0x18E3,0x18A2,0x20E3,0x20E2,0x20E2,
0x20E2,0x20E2,0x20E2,0x20C2,0x18C2,0x18C2,0x18C2,0x18C2,0x18C2,0x18C2,0x18C2,0x18A2,0x18A2,0x18A2,0x18A2,0x18A2,
0x18A2,0x18A2,0x18A2,0x18C2,0x18C2,0x18C2,0x18C2,0x18C2,0x18A2,0x18A2,0x18A2,0x18A2,0x18A2,0x18A2,0x18C2,0x18C2,
0x18C2,0x18C2,0x18C2,0x20C2,0x20C2,0x20C2,0x20C2,0x20C2,0x20C2,0x20C2,0x20C2,0x20C2,0x20C2,0x20E2,0x20E2,0x20E2,
0x20E2,0x20E2,0x20E3,0x20E3,0x20E3,0x20E3,0x20E3,0x20E3,0x20E3,0x20E3,0x2103,0x20E3,0x20E3,0x20E3,0x20E3,0x2103,
0x2103,0x2103,0x2103,0x2103,0x2103,0x2103,0x2103,0x2103,0x2103,0x2103,0x2103,0x2103,0x2103,0x2103,0x2903,0x2903,
0x2923,0x2923,0x2923,0x2923,0x2923,0x2923,0x2923,0x2924,0x2944,0x2944,0x2944,0x2944,0x2944,0x2944,0x2944,0x2944,
0x2944,0x2944,0x2944,0x2944,0x2944,0x2944,0x2944,0x2944,0x2944,0x2944,0x2944,0x2944,0x2944,0x2964,0x3164,0x3164,
0x3165,0x3165,0x3165,0x3165,0x3165,0x3165,0x3165,0x3165,0x3165,0x3165,0x3165,0x3165,0x3165,0x3165,0x3165,0x3165,
0x3165,0x3165,0x2965,0x2965,0x2965,0x2965,0x2965,0x2965,0x2945,0x2945,0x2944,0x2944,0x2944,0x2944,0x2944,0x2944,
0x0861,0x0861,0x0861,0x0862,0x0862,0x0861,0x0861,0x0861,0x0861,0x0861,0x0861,0x0861,0x0861,0x0862,0x0862,0x0862,
0x0862,0x0862,0x1062,0x1062,0x1062,0x1062,0x1062,0x1062,0x1082,0x1082,0x1082,0x1082,0x1082,0x1082,0x1082,0x1082,
0x1082,0x1082,0x1082,0x1082,0x1082,0x1082,0x1082,0x1082,0x1082,0x1082,0x1082,0x1082,0x10A2,0x10A2,0x1082,0x1082,
0x1082,0x18A2,0x10A2,0x18A2,0x10A2,0x10A2,0x1082,0x1082,0x1082,0x1082,0x1082,0x1082,0x1082,0x1082,0x1082,0x1082,
0x1062,0x1082,0x1082,0x1082,0x1082,0x1082,0x1082,0x1082,0x1082,0x1082,0x1082,0x1082,0x1082,0x1082,0x1082,0x1082,
0x1062,0x1082,0x1062,0x1062,0x1082,0x1082,0x1082,0x1082,0x1081,0x1082,0x18A2,0x18A2,0x18A2,0x18A2,0x18A2,0x18C2,
0x20C2,0x18C2,0x18C2,0x18A2,0x18A2,0x18A2,0x18A2,0x18A2,0x18A2,0x18A2,0x18A2,0x18A2,0x18A2,0x18A2,0x18A2,0x18A2,
0x18A2,0x18A2,0x18C2,0x18C2,0x18C2,0x18C2,0x18C2,0x18C2,0x20C2,0x20C2,0x20E2,0x20E2,0x20E2,0x20E2,0x20E2,0x20E2,
0x20E2,0x20E2,0x20E2,0x20E2,0x20E2,0x20E2,0x20E3,0x18C2,0x10A2,0x1082,0x1082,0x1082,0x1082,0x0862,0x1062,0x1082,
0x10A2,0x10A2,0x1082,0x1082,0x1082,0x1082,0x1082,0x1082,0x1082,0x0841,0x1082,0x18A3,0x18C3,0x2104,0x2104,0x2104,
0x2925,0x2124,0x2104,0x18A3,0x18A3,0x2104,0x2925,0x2104,0x2124,0x2104,0x2103,0x18E3,0x1061,0x20E3,0x20E2,0x20E3,
0x20E2,0x20E2,0x20E2,0x20E2,0x18C2,0x18C2,0x18C2,0x18C2,0x18C2,0x18C2,0x18C2,0x18A2,0x18A2,0x18A2,0x18A2,0x18C2,
0x18A2,0x18A2,0x18C2,0x18C2,0x18C2,0x18C2,0x18C2,0x18C2,0x18A2,0x18A2,0x18A2,0x18A2,0x18A2,0x18A2,0x18C2,0x18C2,
0x18C2,0x18C2,0x18C2,0x18C2,0x20C2,0x20C2,0x20C2,0x20C2,0x20C2,0x20C2,0x20C2,0x20C2,0x20C2,0x20E2,0x20E2,0x20E3,
0x20E2,0x20E2,0x20E3,0x20E3,0x20E3,0x20E2,0x20E2,0x20E3,0x20E3,0x20E3,0x2103,0x20E3,0x20E3,0x20E3,0x20E3,0x2103,
0x20E3,0x2103,0x2103,0x2103,0x2103,0x2103,0x2103,0x20E3,0x2103,0x2103,0x2103,0x2103,0x2103,0x2103,0x2903,0x2923,
0x2923,0x2923,0x2923,0x2923,0x2923,0x2923,0x2923,0x2923,0x2944,0x2944,0x2944,0x2944,0x2944,0x2944,0x2944,0x2944,
0x2944,0x2944,0x2944,0x2944,0x2944,0x2944,0x2944,0x2944,0x2944,0x2944,0x2944,0x2944,0x2944,0x2964,0x3164,0x3164,
0x3165,0x3165,0x3165,0x3165,0x3165,0x3165,0x3165,0x3165,0x3165,0x3165,0x3165,0x3165,0x3165,0x3165,0x3165,0x3165,
0x3165,0x3165,0x2965,0x2965,0x2965,0x2965,0x2965,0x2965,0x2945,0x2945,0x2944,0x2944,0x2944,0x2944,0x2944,0x2944,
0x0862,0x0862,0x0862,0x0862,0x0862,0x0862,0x0862,0x0862,0x0862,0x0862,0x0861,0x0861,0x0861,0x0861,0x0862,0x0862,
0x0862,0x0862,0x0862,0x1062,0x1062,0x1062,0x1062,0x1062,0x1082,0x1082,0x1082,0x1082,0x1082,0x1082,0x1082,0x1082,
0x1082,0x1082,0x1082,0x1082,0x0882,0x0882,0x0882,0x0882,0x1082,0x1082,0x1082,0x1082,0x1082,0x1082,0x10A2,0x10A2,
0x1082,0x10A2,0x18A2,0x18A2,0x18A2,0x18A2,0x1082,0x1082,0x1082,0x1082,0x1082,0x1082,0x1082,0x1082,0x1082,0x1082,
0x1062,0x1062,0x1082,0x1082,0x1082,0x1082,0x1082,0x1082,0x1082,0x1082,0x1082,0x1082,0x1082,0x1082,0x1082,0x1082,
0x1082,0x1082,0x1082,0x1082,0x1082,0x1082,0x1082,0x1082,0x1081,0x10A2,0x18A2,0x18C2,0x18C2,0x18C2,0x18C2,0x18C2,
0x18C2,0x18C2,0x18C2,0x18C2,0x18A2,0x18A2,0x18A2,0x18A2,0x18A2,0x18A2,0x18A2,0x18A2,0x18A2,0x18A2,0x18A2,0x18A2,
0x18A2,0x18C2,0x18C2,0x18C2,0x18C2,0x18C2,0x18C2,0x20C2,0x20E2,0x20E2,0x20E2,0x20E2,0x20E2,0x20E2,0x20E2,0x20E2,
0x20E2,0x20E2,0x20E2,0x20E2,0x20E3,0x20E3,0x18C3,0x1082,0x1082,0x1082,0x1082,0x0861,0x0861,0x1082,0x1082,0x10A2,
0x1082,0x1082,0x1082,0x10A2,0x1082,0x1082,0x1082,0x1082,0x10A2,0x0861,0x1082,0x10A2,0x18C3,0x20E4,0x18E3,0x2104,
0x2124,0x2104,0x2124,0x2104,0x2104,0x18C3,0x18E3,0x2104,0x2104,0x2104,0x2104,0x18C3,0x18A2,0x18E3,0x20E2,0x20E3,
0x20E2,0x20E2,0x20E2,0x20E2,0x20E2,0x20E2,0x20E2,0x20E2,0x18C2,0x18C2,0x18C2,0x18C2,0x18C2,0x18C2,0x18C2,0x18C2,
0x18C2,0x18C2,0x18C2,0x18C2,0x18C2,0x18C2,0x18C2,0x18C2,0x18A2,0x18A2,0x18A2,0x18A2,0x18A2,0x18A2,0x18A2,0x18C2,
0x18C2,0x18C2,0x20C2,0x20C2,0x20C2,0x20C2,0x20C2,0x20C2,0x20C2,0x20C2,0x20E2,0x20E2,0x20E2,0x20E2,0x20E2,0x20E2,
0x20E3,0x20E3,0x20E3,0x20E3,0x20E3,0x20E2,0x20E2,0x20E2,0x20E3,0x20E3,0x20E3,0x20E3,0x20E3,0x2103,0x2103,0x2103,
0x2103,0x2103,0x2103,0x2103,0x2103,0x2103,0x2103,0x2103,0x2103,0x2103,0x2103,0x2103,0x2103,0x2103,0x2103,0x2903,
0x2903,0x2923,0x2923,0x2923,0x2924,0x2924,0x2924,0x2924,0x2944,0x2944,0x2944,0x2944,0x2944,0x2944,0x2944,0x2944,
0x2944,0x2944,0x2944,0x2944,0x2944,0x2944,0x2944,0x2944,0x2944,0x2944,0x2944,0x2944,0x3164,0x3164,0x3164,0x3164,
0x3165,0x3165,0x3165,0x3165,0x3165,0x3165,0x3165,0x3165,0x3165,0x3165,0x3165,0x3165,0x3165,0x3165,0x3165,0x3165,
0x3165,0x3165,0x2965,0x2965,0x2965,0x2965,0x2965,0x2965,0x2945,0x2945,0x2944,0x2944,0x2944,0x2944,0x2944,0x2944,
0x0862,0x0862,0x0862,0x0862,0x0862,0x0862,0x0862,0x0862,0x0862,0x0862,0x0862,0x0862,0x0861,0x0861,0x0862,0x0862,
0x0862,0x0862,0x0862,0x1062,0x1062,0x1062,0x1062,0x1062,0x1082,0x1082,0x1082,0x1082,0x1082,0x1082,0x1062,0x1062,
0x1082,0x1082,0x1082,0x1082,0x0882,0x0882,0x0882,0x0882,0x1082,0x1082,0x1082,0x1082,0x1082,0x10A2,0x10A2,0x10A2,
0x1082,0x10A2,0x18A2,0x18A2,0x18A2,0x18A2,0x1082,0x1082,0x1082,0x1082,0x1082,0x1082,0x1082,0x1082,0x1082,0x1082,
0x1062,0x1082,0x1082,0x1082,0x1082,0x1082,0x1082,0x1082,0x1082,0x1082,0x1082,0x1082,0x1082,0x1082,0x1082,0x1082,
0x1082,0x1082,0x1082,0x1082,0x1082,0x1082,0x1082,0x1082,0x1081,0x10A2,0x18C2,0x18C2,0x18C2,0x18C2,0x18C2,0x20C2,
0x18C2,0x18C2,0x18C2,0x18C2,0x18A2,0x18A2,0x18A2,0x18A2,0x18A2,0x18A2,0x18A2,0x18A2,0x18A2,0x18A2,0x18A2,0x18A2,
0x18C2,0x18C2,0x18C2,0x18C2,0x18C2,0x18C2,0x18C2,0x20C2,0x20C2,0x20C2,0x20E2,0x20E2,0x20E2,0x20E2,0x20E2,0x20E2,
0x20E3,0x20E2,0x20E2,0x20E3,0x20E3,0x18A2,0x1082,0x1082,0x1082,0x1062,0x1082,0x0861,0x0861,0x1082,0x1082,0x10A2,
0x1082,0x1082,0x1062,0x1082,0x1062,0x1082,0x1082,0x1082,0x10A2,0x18C3,0x10A2,0x1082,0x10A2,0x18E3,0x18E3,0x20E4,
0x2104,0x2104,0x2104,0x2104,0x2104,0x20E4,0x18C3,0x18C3,0x2104,0x2104,0x2104,0x18A3,0x18A2,0x20E3,0x20E2,0x2103,
0x20E2,0x20E2,0x20E2,0x20E2,0x20E2,0x20E2,0x20E2,0x20E2,0x18C2,0x18C2,0x18C2,0x18C2,0x18C2,0x18C2,0x18C2,0x18C2,
0x18C2,0x18C2,0x18C2,0x18C2,0x18C2,0x18C2,0x18C2,0x18C2,0x18A2,0x18A2,0x18A2,0x18A2,0x18A2,0x18C2,0x18C2,0x18C2,
0x18C2,0x18C2,0x20C2,0x20C2,0x20C2,0x20C2,0x20C2,0x20C2,0x20C2,0x20E2,0x20E2,0x20E2,0x20E2,0x20E2,0x20E2,0x20E2,
0x20E3,0x20E3,0x20E3,0x20E2,0x20E2,0x20E2,0x20E2,0x20E2,0x20E2,0x20E3,0x20E3,0x20E3,0x20E3,0x20E3,0x2103,0x2103,
0x2103,0x2103,0x2103,0x2103,0x2103,0x2103,0x2103,0x2103,0x2103,0x2103,0x2103,0x2103,0x2103,0x2903,0x2903,0x2923,
0x2923,0x2923,0x2923,0x2923,0x2924,0x2924,0x2924,0x2924,0x2944,0x2944,0x2944,0x2944,0x2944,0x2944,0x2944,0x2944,
0x2944,0x2944,0x2944,0x2944,0x2944,0x2944,0x2944,0x2944,0x2944,0x2944,0x2944,0x2964,0x3164,0x3164,0x3164,0x3164,
0x3165,0x3165,0x3165,0x3165,0x3165,0x3165,0x3165,0x3165,0x3165,0x3165,0x3165,0x3165,0x3165,0x3165,0x3165,0x3165,
0x3165,0x3165,0x2965,0x2965,0x2965,0x2965,0x2965,0x2965,0x2945,0x2945,0x2944,0x2944,0x2944,0x2944,0x2944,0x2944,
0x0862,0x0862,0x0862,0x0862,0x0862,0x0862,0x0862,0x0862,0x0862,0x0862,0x0862,0x0862,0x0862,0x0862,0x0861,0x0861,
0x0861,0x0861,0x0862,0x1062,0x0882,0x0882,0x0882,0x0882,0x1082,0x1082,0x1082,0x1082,0x1082,0x1082,0x1082,0x1082,
0x0882,0x0882,0x0882,0x0882,0x0882,0x0882,0x0882,0x1082,0x1082,0x1082,0x1082,0x1082,0x1082,0x10A2,0x10A2,0x10A2,
0x10A2,0x10A2,0x18A2,0x18A2,0x18A2,0x18A2,0x18A2,0x1082,0x10A2,0x10A2,0x1082,0x1082,0x1082,0x1082,0x1082,0x1082,
0x1082,0x1082,0x1082,0x1082,0x1082,0x1082,0x1082,0x1082,0x1082,0x1082,0x1082,0x1082,0x1082,0x1082,0x1082,0x1082,
0x1082,0x1082,0x1082,0x1082,0x1082,0x1082,0x1082,0x1082,0x1082,0x18A2,0x18C2,0x18C2,0x18C2,0x18C2,0x18C2,0x20C2,
0x18C2,0x18C2,0x18C2,0x18C2,0x18A2,0x18A2,0x18A2,0x18A2,0x18A2,0x18A2,0x18A2,0x18A2,0x18A2,0x18A2,0x18C2,0x18C2,
0x18C2,0x18C2,0x18C2,0x18C2,0x18C2,0x18C2,0x20C2,0x20C2,0x20C2,0x20C2,0x20E2,0x20E2,0x20E2,0x20E2,0x20E2,0x20E2,
0x20E3,0x20E2,0x20E3,0x20E3,0x18C3,0x1082,0x1062,0x1082,0x1082,0x0862,0x0861,0x0861,0x1082,0x1082,0x1082,0x1082,
0x1082,0x0862,0x1062,0x1082,0x0861,0x1062,0x10A2,0x0841,0x0861,0x1062,0x1062,0x0841,0x0861,0x2945,0x20E4,0x18E3,
0x2104,0x2104,0x2104,0x2104,0x2104,0x2104,0x18E3,0x18C3,0x18E3,0x20E4,0x2104,0x18C3,0x10A2,0x20E3,0x2103,0x20E3,
0x20E2,0x20E2,0x20E2,0x20E2,0x20E2,0x20E2,0x20E2,0x20E2,0x18C2,0x18C2,0x18C2,0x18C2,0x18C2,0x18C2,0x18C2,0x18C2,
0x18C2,0x18C2,0x18C2,0x18C2,0x18C2,0x18C2,0x18C2,0x18C2,0x18C2,0x18C2,0x18C2,0x18C2,0x18C2,0x18C2,0x18C2,0x18C2,
0x18C2,0x18C2,0x20C2,0x20C2,0x20C2,0x20C2,0x20C2,0x20C2,0x20E2,0x20E2,0x20E2,0x20E2,0x20E2,0x20E2,0x20E2,0x20E2,
0x20E2,0x20E2,0x20E2,0x20E2,0x20E2,0x20E2,0x20E2,0x20E2,0x20E2,0x20E2,0x20E2,0x20E3,0x20E3,0x20E3,0x2103,0x2103,
0x2103,0x2103,0x2103,0x2103,0x2103,0x2103,0x2103,0x2103,0x2103,0x2103,0x2103,0x2903,0x2903,0x2923,0x2923,0x2923,
0x2923,0x2923,0x2923,0x2923,0x2924,0x2924,0x2924,0x2924,0x2944,0x2944,0x2944,0x2944,0x2944,0x2944,0x2944,0x2944,
0x2944,0x2944,0x2944,0x2944,0x2944,0x2944,0x2944,0x2944,0x2944,0x2944,0x2944,0x3164,0x3164,0x3165,0x3165,0x3165,
0x3165,0x3165,0x3165,0x3165,0x3165,0x3165,0x3165,0x3165,0x3165,0x3165,0x3165,0x3165,0x3165,0x3165,0x3165,0x3165,
0x3165,0x3165,0x2965,0x2965,0x2965,0x2965,0x2965,0x2945,0x2945,0x2945,0x2944,0x2944,0x2944,0x2944,0x2944,0x2944,
0x0862,0x0862,0x0862,0x0862,0x0862,0x0862,0x0862,0x0862,0x0862,0x0862,0x0862,0x0862,0x0862,0x0861,0x0861,0x0861,
0x0861,0x0861,0x0862,0x1062,0x0882,0x0882,0x0882,0x0862,0x1082,0x1082,0x1082,0x1082,0x1082,0x1062,0x1062,0x1062,
0x0882,0x0882,0x0882,0x0882,0x0882,0x0882,0x0882,0x1082,0x1082,0x1082,0x1082,0x1082,0x1082,0x10A2,0x10A2,0x10A2,
0x10A2,0x10A2,0x18A2,0x18A2,0x18A2,0x18A2,0x18A2,0x18A2,0x18A2,0x18A2,0x10A2,0x1082,0x1082,0x1082,0x1082,0x1082,
0x1082,0x1082,0x1082,0x1082,0x1082,0x1082,0x1082,0x1082,0x1082,0x1082,0x1082,0x1082,0x1082,0x1082,0x1082,0x1082,
0x1082,0x1082,0x1082,0x1082,0x1082,0x1082,0x1082,0x1082,0x18A2,0x18A2,0x18C2,0x18C2,0x18C2,0x18C2,0x18C2,0x20C2,
0x18C2,0x18C2,0x18C2,0x18C2,0x18A2,0x18A2,0x18A2,0x18A2,0x18A2,0x18A2,0x18A2,0x18A2,0x18C2,0x18C2,0x18C2,0x18C2,
0x18C2,0x18C2,0x18C2,0x18C2,0x18C2,0x20C2,0x20C2,0x20C2,0x20C2,0x20C2,0x20E2,0x20E2,0x20E2,0x20E2,0x20E2,0x20E2,
0x20E2,0x20E2,0x20E3,0x20E3,0x18C2,0x1081,0x1062,0x1082,0x1062,0x0861,0x0861,0x0861,0x1082,0x1082,0x1082,0x1082,
0x1062,0x0861,0x1062,0x1062,0x1062,0x1062,0x1082,0x0821,0x0841,0x0821,0x0861,0x0841,0x0841,0x2945,0x2104,0x18E3,
0x18E3,0x2104,0x2104,0x2104,0x20E4,0x2104,0x2104,0x2104,0x18E3,0x18C3,0x2104,0x20E4,0x1062,0x20E4,0x2924,0x20E2,
0x20E2,0x20E2,0x20E2,0x20E2,0x20E2,0x20E2,0x20E2,0x20E2,0x20C2,0x18C2,0x18C2,0x18C2,0x18C2,0x18C2,0x18C2,0x18C2,
0x18A2,0x18A2,0x18C2,0x18C2,0x18C2,0x18C2,0x18C2,0x18C2,0x18C2,0x18C2,0x18C2,0x18C2,0x18C2,0x18C2,0x18C2,0x18C2,
0x18C2,0x18C2,0x20C2,0x20C2,0x20C2,0x20C2,0x20E2,0x20E2,0x20E2,0x20E2,0x20E2,0x20E2,0x20E2,0x20E2,0x20E2,0x20E2,
0x20E2,0x20E2,0x20E2,0x20E2,0x20E2,0x20E2,0x20E2,0x20E2,0x20E2,0x20E2,0x20E2,0x20E3,0x20E3,0x20E3,0x2103,0x2103,
0x2103,0x2103,0x2103,0x2103,0x2103,0x2103,0x2103,0x2103,0x2103,0x2103,0x2903,0x2903,0x2923,0x2923,0x2923,0x2923,
0x2923,0x2923,0x2923,0x2923,0x2924,0x2924,0x2924,0x2924,0x2944,0x2944,0x2944,0x2944,0x2944,0x2944,0x2944,0x2944,
0x2944,0x2944,0x2944,0x2944,0x2944,0x2944,0x2944,0x2944,0x2964,0x2964,0x3164,0x3164,0x3165,0x3165,0x3165,0x3165,
0x3165,0x3165,0x3165,0x3165,0x3165,0x3165,0x3165,0x3165,0x3165,0x3165,0x3165,0x3165,0x3165,0x3165,0x3165,0x3165,
0x3165,0x3165,0x2965,0x2965,0x2965,0x2965,0x2945,0x2945,0x2945,0x2944,0x2944,0x2944,0x2944,0x2944,0x2944,0x2944,
0x0862,0x0862,0x0862,0x0862,0x0862,0x0862,0x0862,0x0862,0x0862,0x0862,0x0862,0x0862,0x0861,0x0861,0x0861,0x0861,
0x0861,0x0861,0x0862,0x0862,0x0862,0x0862,0x0862,0x0862,0x0862,0x0862,0x0862,0x0862,0x0862,0x0862,0x0862,0x0862,
0x0882,0x0882,0x0882,0x0882,0x0882,0x0882,0x0882,0x1082,0x1082,0x1082,0x1082,0x1082,0x10A2,0x10A2,0x10A2,0x10A2,
0x1082,0x10A2,0x18A2,0x18A2,0x18A2,0x18A2,0x18A2,0x18A2,0x18A2,0x18A2,0x10A2,0x1082,0x1082,0x1082,0x1082,0x1082,
0x1082,0x1082,0x1082,0x1082,0x1082,0x1082,0x1082,0x1082,0x1082,0x1082,0x1082,0x1082,0x1082,0x1082,0x1082,0x1081,
0x1082,0x1082,0x1082,0x1082,0x1082,0x1082,0x1082,0x1082,0x18A2,0x18C2,0x18C2,0x18C2,0x18C2,0x18C2,0x20C2,0x18C2,
0x18C2,0x18C2,0x18C2,0x18C2,0x18A2,0x18A2,0x18A2,0x18A2,0x18A2,0x18A2,0x18A2,0x18A2,0x18A2,0x18C2,0x18C2,0x18C2,
0x18C2,0x18C2,0x18C2,0x18C2,0x20C2,0x20C2,0x20C2,0x20C2,0x20E2,0x20E2,0x20E2,0x20E2,0x20E2,0x20E2,0x20E2,0x20E2,
0x20E2,0x20E3,0x20E3,0x18E3,0x18C3,0x1082,0x0861,0x1082,0x0862,0x0841,0x0841,0x0861,0x1082,0x1082,0x1082,0x1082,
0x0861,0x0861,0x0861,0x0861,0x1082,0x0861,0x0861,0x0821,0x0861,0x0862,0x0861,0x1062,0x0841,0x18A3,0x2124,0x2104,
0x18C3,0x18E3,0x2104,0x20E4,0x2104,0x20E3,0x20E4,0x20E4,0x20E4,0x18C3,0x18E3,0x2104,0x1082,0x2924,0x2944,0x20E3,
0x20E2,0x20E2,0x20E2,0x20E2,0x20E2,0x20E2,0x20E2,0x20E2,0x20C2,0x18C2,0x18C2,0x18C2,0x18C2,0x18C2,0x18C2,0x18A2,
0x18A2,0x18A2,0x18C2,0x18C2,0x18C2,0x18C2,0x18C2,0x18C2,0x18C2,0x18C2,0x18C2,0x18C2,0x18C2,0x18C2,0x18C2,0x18C2,
0x18C2,0x18C2,0x20C2,0x20C2,0x20C2,0x20E2,0x20E2,0x20E2,0x20E2,0x20E2,0x20E2,0x20E2,0x20E2,0x20E2,0x20E2,0x20E2,
0x20E2,0x20E2,0x20E2,0x20E2,0x20E2,0x20E2,0x20E2,0x20E2,0x20E2,0x20E2,0x20E3,0x20E3,0x2103,0x2103,0x2103,0x2103,
0x2103,0x2103,0x2103,0x2103,0x2103,0x2103,0x2103,0x2103,0x2103,0x2103,0x2903,0x2923,0x2923,0x2923,0x2923,0x2923,
0x2923,0x2923,0x2923,0x2923,0x2924,0x2924,0x2924,0x2924,0x2924,0x2944,0x2944,0x2944,0x2944,0x2944,0x2944,0x2944,
0x2944,0x2944,0x2944,0x2944,0x2944,0x2944,0x2944,0x2944,0x2944,0x2944,0x2944,0x3165,0x3165,0x3165,0x3165,0x3165,
0x3165,0x3165,0x3165,0x3165,0x3165,0x3165,0x3165,0x3165,0x3165,0x3165,0x3165,0x3165,0x3165,0x3165,0x3165,0x3165,
0x3165,0x3165,0x3165,0x2965,0x2965,0x2965,0x2945,0x2945,0x2945,0x2944,0x2944,0x2944,0x2944,0x2944,0x2944,0x2944,
0x0862,0x0862,0x0862,0x0862,0x0862,0x0862,0x0862,0x0862,0x0862,0x0862,0x0862,0x0862,0x0861,0x0861,0x0861,0x0862,
0x0861,0x0861,0x0862,0x0862,0x0862,0x0862,0x0862,0x0862,0x0862,0x0862,0x0862,0x0862,0x0862,0x0862,0x0862,0x0862,
0x0862,0x0882,0x0882,0x0882,0x0882,0x0882,0x0882,0x0882,0x1082,0x1082,0x1082,0x1082,0x1082,0x10A2,0x10A2,0x10A2,
0x10A2,0x10A2,0x18A2,0x18A2,0x18A2,0x18A2,0x18A2,0x18A2,0x18A2,0x18A2,0x10A2,0x1082,0x1082,0x1082,0x1082,0x1082,
0x1082,0x1082,0x1082,0x1082,0x1082,0x1082,0x1082,0x1082,0x1082,0x1082,0x1082,0x1082,0x1082,0x10A2,0x1082,0x1082,
0x1082,0x1082,0x1082,0x1082,0x1082,0x1082,0x1082,0x1082,0x18C2,0x18C2,0x18C2,0x18C2,0x18C2,0x20C2,0x20C2,0x18C2,
0x20C2,0x18C2,0x18C2,0x18C2,0x18C2,0x18A2,0x18A2,0x18A2,0x18A2,0x18A2,0x18A2,0x18A2,0x18C2,0x18C2,0x18C2,0x18C2,
0x18C2,0x18C2,0x18C2,0x18C2,0x20C2,0x20C2,0x20C2,0x20C2,0x20E2,0x20E2,0x20E2,0x20E2,0x20E2,0x20E2,0x20E2,0x20E2,
0x20E2,0x20E2,0x18C3,0x20E3,0x18E3,0x1082,0x0841,0x1062,0x0841,0x0841,0x0841,0x0861,0x1062,0x1062,0x1082,0x1062,
0x0861,0x0861,0x0841,0x0861,0x0862,0x0841,0x0841,0x0841,0x0861,0x1082,0x0862,0x1062,0x0861,0x1062,0x18A3,0x18E3,
0x18C3,0x18C3,0x18E3,0x18E3,0x2104,0x18E3,0x20E4,0x20E4,0x2104,0x18E3,0x18A3,0x18C3,0x10A2,0x2924,0x2103,0x20E3,
0x20E2,0x20E2,0x20E2,0x20E2,0x20E2,0x20E2,0x20E2,0x20E2,0x20C2,0x20C2,0x18C2,0x18C2,0x18C2,0x18C2,0x18C2,0x18C2,
0x18A2,0x18A2,0x18C2,0x18C2,0x18C2,0x18C2,0x18C2,0x18C2,0x18C2,0x18C2,0x18C2,0x18C2,0x18C2,0x18C2,0x18C2,0x18C2,
0x18C2,0x20C2,0x20C2,0x20C2,0x20E2,0x20E2,0x20E2,0x20E2,0x20E2,0x20E2,0x20E2,0x20E2,0x20E2,0x20E2,0x20E2,0x20E2,
0x20E2,0x20E2,0x20E2,0x20E2,0x20E2,0x20E2,0x20E2,0x20E2,0x20E2,0x20E2,0x20E3,0x20E3,0x2103,0x2103,0x2103,0x2103,
0x2103,0x2103,0x2103,0x2103,0x2103,0x2103,0x2103,0x2103,0x2103,0x2103,0x2903,0x2923,0x2923,0x2923,0x2923,0x2923,
0x2923,0x2923,0x2923,0x2923,0x2924,0x2924,0x2924,0x2924,0x2924,0x2944,0x2944,0x2944,0x2944,0x2944,0x2944,0x2944,
0x2944,0x2944,0x2944,0x2944,0x2944,0x2944,0x2944,0x2944,0x2944,0x2944,0x2944,0x3165,0x3165,0x3165,0x3165,0x3165,
0x3165,0x3165,0x3165,0x3165,0x3165,0x3165,0x3165,0x3165,0x3165,0x3165,0x3165,0x3165,0x3165,0x3165,0x3165,0x3165,
0x3165,0x3165,0x3165,0x2965,0x2965,0x2945,0x2945,0x2945,0x2945,0x2944,0x2944,0x2944,0x2944,0x2944,0x2944,0x2944,
0x0862,0x0862,0x0862,0x0862,0x0862,0x0862,0x0862,0x0862,0x0862,0x0862,0x0862,0x0862,0x0862,0x0862,0x0862,0x0862,
0x1062,0x1062,0x0862,0x0861,0x0862,0x0862,0x0862,0x0862,0x0862,0x0862,0x0862,0x0862,0x0862,0x0862,0x0862,0x0862,
0x0862,0x0882,0x0882,0x0882,0x0882,0x0882,0x0882,0x0882,0x0882,0x0882,0x1082,0x1082,0x1082,0x10A2,0x10A2,0x10A2,
0x10A2,0x10A2,0x18A2,0x18A2,0x18A2,0x18A2,0x18A2,0x18A2,0x18A2,0x18A2,0x18A2,0x10A2,0x1082,0x1082,0x1082,0x1082,
0x1082,0x1082,0x1082,0x1082,0x1082,0x1082,0x1082,0x1082,0x1082,0x1082,0x1082,0x1082,0x18A2,0x18A2,0x18A2,0x1082,
0x1082,0x1082,0x1082,0x1082,0x1082,0x1082,0x1082,0x1082,0x18C2,0x18C2,0x18C2,0x18C2,0x20C2,0x20C2,0x20C2,0x20C2,
0x20C2,0x20C2,0x18C2,0x18C2,0x18C2,0x18C2,0x18A2,0x18A2,0x18A2,0x18A2,0x18A2,0x18A2,0x18C2,0x18C2,0x18C2,0x18C2,
0x18C2,0x18C2,0x18C2,0x20C2,0x20C2,0x20C2,0x20C2,0x20C2,0x20E2,0x20E2,0x20E2,0x20E2,0x20E2,0x20C2,0x20C2,0x20C2,
0x20C2,0x20E2,0x18C3,0x18C3,0x18C3,0x1082,0x0841,0x0862,0x0841,0x0841,0x0841,0x1062,0x1062,0x0862,0x1082,0x0861,
0x0861,0x0861,0x0841,0x0862,0x0841,0x0841,0x0841,0x0841,0x1062,0x1062,0x1082,0x0861,0x0861,0x1062,0x0841,0x1062,
0x18E3,0x18C3,0x18C3,0x18C3,0x18E3,0x20E3,0x20E4,0x2104,0x2104,0x18E3,0x18C3,0x10A2,0x18C3,0x20E3,0x18E3,0x20E3,
0x20E2,0x20E2,0x20E2,0x20E2,0x20E2,0x20E2,0x20E2,0x20E2,0x20E2,0x20C2,0x20C2,0x18C2,0x18C2,0x18C2,0x18C2,0x18C2,
0x18C2,0x18C2,0x18C2,0x18C2,0x18C2,0x18C2,0x18C2,0x18C2,0x18C2,0x18C2,0x18C2,0x18C2,0x18C2,0x18C2,0x18C2,0x18C2,
0x20C2,0x20C2,0x20C2,0x20E2,0x20E2,0x20E2,0x20E2,0x20E2,0x20E2,0x20E2,0x20E2,0x20E2,0x20E2,0x20E2,0x20E2,0x20E2,
0x20E2,0x20E2,0x20E2,0x20E2,0x20E2,0x20E2,0x20E2,0x20E2,0x20E2,0x20E2,0x20E3,0x20E3,0x20E3,0x2103,0x2103,0x2103,
0x20E3,0x2103,0x2103,0x2103,0x2103,0x2103,0x2103,0x2103,0x2103,0x2103,0x2903,0x2923,0x2923,0x2923,0x2923,0x2923,
0x2923,0x2923,0x2924,0x2924,0x2924,0x2924,0x2924,0x2924,0x2944,0x2944,0x2944,0x2944,0x2944,0x2944,0x2944,0x2944,
0x2944,0x2944,0x2944,0x2944,0x2944,0x2964,0x2944,0x2944,0x2944,0x2944,0x2944,0x3165,0x3165,0x3165,0x3165,0x3165,
0x3165,0x3165,0x3165,0x3165,0x3165,0x3165,0x3165,0x3165,0x3165,0x3165,0x3165,0x3165,0x3165,0x3165,0x3165,0x3165,
0x3165,0x3165,0x3165,0x2965,0x2965,0x2945,0x2945,0x2945,0x2944,0x2944,0x2944,0x2944,0x2944,0x2944,0x2944,0x2944,
0x0862,0x0862,0x0862,0x0862,0x0862,0x0862,0x0862,0x0862,0x0862,0x0862,0x0862,0x0862,0x0862,0x0862,0x0862,0x0862,
0x1062,0x0861,0x0861,0x0861,0x0862,0x0862,0x0862,0x0862,0x0861,0x0862,0x0862,0x0862,0x0862,0x0862,0x0862,0x0862,
0x0862,0x0862,0x0862,0x0882,0x0882,0x0882,0x0882,0x0882,0x0882,0x0882,0x1082,0x1082,0x1082,0x1082,0x10A2,0x10A2,
0x10A2,0x10A2,0x18A2,0x18A2,0x18A2,0x18A2,0x18A2,0x18A2,0x18A2,0x18A2,0x18A2,0x18A2,0x18A2,0x18A2,0x1082,0x1082,
0x1082,0x1082,0x1082,0x1082,0x1082,0x1082,0x1082,0x1082,0x1082,0x18A2,0x18A2,0x18A2,0x18A2,0x18C2,0x18A2,0x1082,
0x1082,0x1082,0x1082,0x1082,0x1082,0x1082,0x1082,0x1082,0x18C2,0x18C2,0x20C2,0x20C2,0x20C2,0x20C2,0x20E2,0x20E2,
0x20E2,0x20C2,0x18C2,0x18C2,0x18C2,0x18C2,0x18C2,0x18A2,0x18A2,0x18C2,0x18C2,0x18C2,0x18C2,0x18C2,0x18C2,0x18C2,
0x18C2,0x18C2,0x18C2,0x20C2,0x20C2,0x20C2,0x20E2,0x20E2,0x20E2,0x20E2,0x20E2,0x20E2,0x20C2,0x20C2,0x20C2,0x20C2,
0x20C2,0x20E3,0x18C3,0x18A2,0x10A3,0x1082,0x0841,0x0841,0x0841,0x0841,0x0841,0x1062,0x1062,0x0861,0x0861,0x0861,
0x0841,0x0841,0x0861,0x1062,0x0821,0x0841,0x0861,0x0841,0x0862,0x1062,0x1062,0x1062,0x0841,0x1082,0x0861,0x0841,
0x18E3,0x18E3,0x18C3,0x18E3,0x18C3,0x20E3,0x18E4,0x20E4,0x2104,0x18E3,0x2104,0x18C3,0x18C3,0x18C3,0x18E3,0x20E3,
0x20E3,0x20E2,0x20E2,0x20E2,0x20E2,0x20E2,0x20E2,0x20E2,0x20E2,0x20E2,0x20C2,0x20C2,0x20C2,0x20C2,0x20C2,0x18C2,
0x18C2,0x18C2,0x18C2,0x18C2,0x18C2,0x18C2,0x18C2,0x18C2,0x18C2,0x18C2,0x18C2,0x18C2,0x18C2,0x18C2,0x18C2,0x18C2,
0x20C2,0x20C2,0x20E2,0x20E2,0x20E2,0x20E2,0x20E2,0x20E2,0x20E2,0x20E2,0x20E2,0x20E2,0x20E2,0x20E2,0x20E2,0x20E2,
0x20E2,0x20E2,0x20E2,0x20E2,0x20E2,0x20E2,0x20E2,0x20E2,0x20E2,0x20E2,0x20E3,0x20E3,0x20E3,0x20E3,0x2103,0x2103,
0x20E3,0x20E3,0x2103,0x2103,0x2103,0x2103,0x2103,0x2103,0x2103,0x2903,0x2903,0x2923,0x2923,0x2923,0x2923,0x2923,
0x2923,0x2923,0x2923,0x2924,0x2924,0x2924,0x2924,0x2924,0x2944,0x2944,0x2944,0x2944,0x2944,0x2944,0x2944,0x2944,
0x2944,0x2944,0x2944,0x2944,0x2964,0x2964,0x2964,0x2964,0x3164,0x3164,0x3165,0x3165,0x3165,0x3165,0x3165,0x3165,
0x3165,0x3165,0x3165,0x3165,0x3165,0x3165,0x3165,0x3165,0x3165,0x3165,0x3165,0x3165,0x3165,0x3165,0x3165,0x3165,
0x3165,0x3165,0x3165,0x2965,0x2965,0x2945,0x2945,0x2945,0x2944,0x2944,0x2944,0x2944,0x2944,0x2944,0x2944,0x2944,
0x0862,0x0862,0x0862,0x0862,0x0862,0x0862,0x0862,0x0862,0x0862,0x0862,0x0862,0x0862,0x0861,0x0861,0x0861,0x0861,
0x0862,0x0862,0x0861,0x0861,0x0862,0x0862,0x0862,0x0861,0x0861,0x0861,0x0862,0x0861,0x0861,0x0861,0x0862,0x0862,
0x0862,0x0862,0x0882,0x0882,0x0882,0x0882,0x0882,0x0882,0x0882,0x0882,0x1082,0x1082,0x1082,0x1082,0x1082,0x1082,
0x1082,0x18A2,0x18A2,0x18A2,0x18A2,0x18A2,0x18A2,0x18A2,0x18A2,0x18A2,0x18A2,0x18A2,0x18A2,0x18A2,0x18A2,0x10A2,
0x10A2,0x1082,0x1082,0x1082,0x1081,0x1082,0x1082,0x1082,0x18A2,0x18A2,0x18C2,0x18C2,0x18C2,0x18A2,0x18A2,0x18A2,
0x1082,0x1082,0x1082,0x1082,0x1082,0x1082,0x1082,0x1082,0x18C2,0x20C2,0x20E2,0x20C2,0x20C2,0x20E2,0x20E2,0x20E2,
0x20E2,0x20E2,0x20C2,0x20C2,0x18C2,0x18C2,0x18C2,0x18C2,0x18A2,0x18C2,0x18C2,0x18C2,0x18C2,0x18C2,0x18C2,0x18C2,
0x18C2,0x18C2,0x20C2,0x20C2,0x20C2,0x20C2,0x20E2,0x20E2,0x20E2,0x20E2,0x20E2,0x20E2,0x20E2,0x20C2,0x20C2,0x20C2,
0x20C2,0x20E2,0x18C3,0x18A2,0x1082,0x0861,0x0861,0x0821,0x0861,0x0861,0x0861,0x0862,0x0862,0x0862,0x0861,0x0841,
0x0841,0x0841,0x0841,0x0862,0x0841,0x0841,0x0841,0x0841,0x0862,0x1062,0x0861,0x0861,0x0861,0x0861,0x0862,0x0841,
0x10A2,0x18C3,0x18E3,0x18C3,0x18C3,0x18C3,0x18E3,0x2104,0x2104,0x18E3,0x2104,0x18C3,0x1082,0x18C3,0x18A2,0x20E3,
0x20E2,0x20E2,0x20E2,0x20E2,0x20E2,0x20E2,0x20E2,0x20E2,0x20E2,0x20E2,0x20E2,0x20E2,0x20E2,0x20E2,0x20E2,0x20C2,
0x20E2,0x20E2,0x18C2,0x18C2,0x18C2,0x18C2,0x18C2,0x18C2,0x18C2,0x18C2,0x18C2,0x18C2,0x18C2,0x20C2,0x20C2,0x20C2,
0x20C2,0x20C2,0x20E2,0x20E2,0x20E2,0x20E2,0x20E2,0x20E2,0x20E2,0x20E2,0x20E2,0x20E2,0x20E2,0x20E2,0x20E3,0x20E3,
0x20E3,0x20E2,0x20E2,0x20E2,0x20E2,0x20E3,0x20E3,0x20E3,0x20E2,0x20E2,0x20E3,0x20E3,0x20E3,0x20E3,0x20E3,0x20E3,
0x20E3,0x20E3,0x2103,0x2103,0x2103,0x2103,0x2103,0x2103,0x2103,0x2903,0x2903,0x2923,0x2923,0x2923,0x2923,0x2923,
0x2923,0x2923,0x2923,0x2923,0x2924,0x2924,0x2924,0x2924,0x2944,0x2944,0x2944,0x2944,0x2944,0x2944,0x2944,0x2944,
0x2944,0x2944,0x2944,0x2944,0x2944,0x2964,0x2964,0x2964,0x2964,0x2964,0x2965,0x3165,0x3165,0x3165,0x3165,0x3165,
0x3165,0x3165,0x3165,0x3165,0x3165,0x3165,0x3165,0x3165,0x3165,0x3165,0x3165,0x3165,0x3165,0x3165,0x2965,0x2965,
0x2965,0x2965,0x2965,0x2945,0x2945,0x2944,0x2944,0x2944,0x2944,0x2944,0x2944,0x2944,0x2944,0x2944,0x2944,0x2944,
0x0862,0x0862,0x0862,0x0862,0x0862,0x0862,0x0862,0x0862,0x0862,0x0862,0x0862,0x0862,0x0862,0x0862,0x0861,0x0861,
0x0862,0x0862,0x0861,0x0861,0x0862,0x0862,0x0862,0x0861,0x0861,0x0861,0x0861,0x0861,0x0861,0x0861,0x0861,0x0861,
0x0862,0x0862,0x0862,0x0862,0x0882,0x0882,0x0882,0x0882,0x0882,0x0882,0x0882,0x0882,0x1082,0x1082,0x1082,0x1082,
0x1082,0x10A2,0x18A2,0x18A2,0x18A2,0x18A2,0x18A2,0x18A2,0x18A2,0x18A2,0x18A2,0x18A2,0x18A2,0x18A2,0x18A2,0x10A2,
0x18A2,0x10A2,0x10A2,0x10A2,0x10A2,0x18A2,0x18C2,0x18C2,0x18C2,0x18C2,0x18C2,0x18C2,0x18C2,0x18C2,0x18C2,0x18A2,
0x18A2,0x1082,0x1082,0x1082,0x1082,0x1082,0x1082,0x1082,0x18C2,0x18C2,0x20C2,0x20C2,0x20C2,0x20E2,0x20E2,0x20E2,
0x20E2,0x20E2,0x20E2,0x20C2,0x20C2,0x18C2,0x18C2,0x18C2,0x18C2,0x18C2,0x18C2,0x18C2,0x18C2,0x18C2,0x18C2,0x18C2,
0x18C2,0x20C2,0x20C2,0x20C2,0x20C2,0x20E2,0x20E2,0x20E2,0x20E2,0x20E2,0x20E2,0x20E2,0x20C2,0x20C2,0x20C2,0x20C2,
0x20E2,0x20C2,0x18C2,0x1061,0x0841,0x0841,0x0861,0x0841,0x0861,0x0841,0x0861,0x0861,0x0861,0x0861,0x0841,0x0841,
0x0841,0x0841,0x0841,0x0841,0x0821,0x0841,0x0841,0x0841,0x0862,0x1062,0x0862,0x0862,0x0862,0x0862,0x0862,0x0841,
0x0861,0x1082,0x10A2,0x1082,0x1082,0x18C3,0x18E3,0x18E3,0x20E4,0x18E3,0x20E4,0x18C3,0x1082,0x10A2,0x18E3,0x20E3,
0x20E2,0x20E2,0x20E2,0x20E2,0x20E2,0x20E2,0x20E2,0x20E2,0x20E2,0x20E2,0x20E2,0x20E2,0x20E2,0x20E2,0x20E2,0x20E2,
0x20E2,0x20E2,0x20C2,0x18C2,0x18C2,0x18C2,0x18C2,0x18C2,0x18C2,0x18C2,0x18C2,0x18C2,0x20C2,0x20C2,0x20C2,0x20C2,
0x20E2,0x20E2,0x20E2,0x20E2,0x20E2,0x20E2,0x20E2,0x20E2,0x20E2,0x20E2,0x20E2,0x20E2,0x20E2,0x20E2,0x20E3,0x20E3,
0x20E2,0x20E2,0x20E2,0x20E3,0x20E3,0x20E3,0x20E3,0x20E3,0x20E3,0x20E3,0x20E3,0x20E3,0x20E3,0x20E3,0x20E3,0x20E3,
0x20E3,0x20E3,0x2103,0x2103,0x2103,0x2103,0x2103,0x2103,0x2103,0x2903,0x2903,0x2923,0x2923,0x2923,0x2923,0x2923,
0x2923,0x2923,0x2923,0x2924,0x2924,0x2924,0x2924,0x2924,0x2944,0x2944,0x2944,0x2944,0x2944,0x2944,0x2944,0x2944,
0x2944,0x2944,0x2944,0x2944,0x2944,0x2944,0x2944,0x2964,0x2964,0x2964,0x2964,0x2965,0x3165,0x3165,0x3165,0x3165,
0x3165,0x3165,0x3165,0x3165,0x3165,0x3165,0x3165,0x3165,0x3165,0x3165,0x3165,0x3165,0x3165,0x3165,0x3165,0x3165,
0x2965,0x2965,0x2965,0x2945,0x2945,0x2945,0x2944,0x2944,0x2944,0x2944,0x2944,0x2944,0x2944,0x2944,0x2944,0x2944,
0x0862,0x0862,0x0862,0x0862,0x0862,0x0862,0x0862,0x0862,0x0862,0x0882,0x0862,0x0862,0x0862,0x0862,0x0862,0x0862,
0x0862,0x0862,0x0861,0x0861,0x0861,0x0861,0x0861,0x0861,0x0861,0x0861,0x0862,0x0861,0x0861,0x0861,0x0862,0x0862,
0x0862,0x0862,0x0862,0x0862,0x0882,0x0882,0x0882,0x0882,0x0882,0x0882,0x0882,0x1082,0x1082,0x1082,0x10A2,0x10A2,
0x10A2,0x10A2,0x10A2,0x10A2,0x10A2,0x18A2,0x18A2,0x18A2,0x18A2,0x18A2,0x18A2,0x18A2,0x18A2,0x18A2,0x18A2,0x18A2,
0x1882,0x1882,0x1082,0x1082,0x18A2,0x18A2,0x18A2,0x18C2,0x18C2,0x18C2,0x18C2,0x18C2,0x18C2,0x18C2,0x18C2,0x18A2,
0x18A2,0x18A2,0x1082,0x1082,0x1082,0x1082,0x1082,0x1082,0x18C2,0x20C2,0x20C2,0x20C2,0x20C2,0x20C2,0x20E3,0x20E3,
0x20E3,0x20E3,0x20E2,0x20E2,0x20E2,0x20E2,0x20C2,0x18C2,0x18C2,0x18C2,0x18C2,0x18C2,0x18C2,0x18C2,0x18C2,0x18C2,
0x20C2,0x20C2,0x20C2,0x20E2,0x20E2,0x20E2,0x20E2,0x20E2,0x20E2,0x20E2,0x20E2,0x20E2,0x20C2,0x18C2,0x18C2,0x20C2,
0x20E2,0x20C2,0x18C3,0x1061,0x0841,0x0841,0x0841,0x0841,0x0841,0x0841,0x0841,0x0861,0x0861,0x0861,0x0841,0x0841,
0x0841,0x0841,0x0841,0x0021,0x0020,0x0841,0x0841,0x0841,0x0841,0x0861,0x0861,0x0861,0x0861,0x0861,0x0861,0x0841,
0x1082,0x1082,0x1082,0x1082,0x10A2,0x18C3,0x18E3,0x18E3,0x20E4,0x20E4,0x18E3,0x18E4,0x10A2,0x10A2,0x20E3,0x20E3,
0x20E3,0x20E3,0x20E2,0x20E2,0x20E2,0x20E2,0x20E2,0x20E2,0x20E2,0x20E2,0x20E2,0x20E3,0x20E3,0x20E2,0x20E2,0x20E2,
0x20E2,0x20E2,0x20E2,0x20C2,0x20C2,0x20C2,0x18C2,0x18C2,0x18C2,0x18C2,0x18C2,0x18C2,0x20C2,0x20C2,0x20C2,0x20E2,
0x20E2,0x20E2,0x20E2,0x20E2,0x20E3,0x20E3,0x20E3,0x2103,0x20E3,0x20E3,0x20E3,0x20E3,0x20E3,0x20E3,0x20E3,0x20E3,
0x20E3,0x20E3,0x20E3,0x20E3,0x20E3,0x20E3,0x20E3,0x20E3,0x20E3,0x20E3,0x20E3,0x20E3,0x20E3,0x20E3,0x20E3,0x20E3,
0x2103,0x2103,0x2103,0x2103,0x2103,0x2103,0x2103,0x2103,0x2103,0x2103,0x2923,0x2923,0x2923,0x2923,0x2923,0x2923,
0x2923,0x2923,0x2923,0x2923,0x2924,0x2924,0x2924,0x2924,0x2944,0x2944,0x2944,0x2944,0x2944,0x2944,0x2944,0x2944,
0x2944,0x2944,0x2944,0x2944,0x2944,0x2944,0x2944,0x2944,0x2944,0x2944,0x2944,0x3164,0x3164,0x3164,0x3164,0x3164,
0x3165,0x3165,0x3165,0x3165,0x3165,0x3165,0x3165,0x3165,0x3165,0x3165,0x3165,0x3165,0x3165,0x3165,0x2965,0x2965,
0x3165,0x3165,0x2965,0x2965,0x2945,0x2945,0x2944,0x2944,0x2944,0x2944,0x2944,0x2944,0x2944,0x2944,0x2944,0x2944,
0x0862,0x0862,0x0862,0x0862,0x0862,0x0862,0x0862,0x0862,0x0862,0x0862,0x0862,0x0862,0x0862,0x0862,0x0862,0x0862,
0x0862,0x0862,0x0861,0x0861,0x0861,0x0861,0x0861,0x0861,0x0861,0x0861,0x0861,0x0861,0x0861,0x0861,0x0862,0x0862,
0x0862,0x0862,0x0862,0x0862,0x0862,0x0882,0x0882,0x0882,0x0882,0x0882,0x0882,0x1082,0x1082,0x1082,0x10A2,0x10A2,
0x1082,0x10A2,0x10A2,0x10A2,0x10A2,0x10A2,0x18A2,0x18A2,0x18A2,0x18A2,0x18A2,0x18A2,0x18A2,0x18A2,0x18A2,0x18A2,
0x18A2,0x18A2,0x18A2,0x18A2,0x18A2,0x18A2,0x18A2,0x18C2,0x18C2,0x18C2,0x18C2,0x18C2,0x18C2,0x20C2,0x18C2,0x18A2,
0x18A2,0x18A2,0x1082,0x1082,0x1082,0x1082,0x1082,0x10A2,0x18C2,0x20C2,0x20C2,0x20C2,0x20C2,0x20C2,0x20E2,0x20E3,
0x20E3,0x20E3,0x20E3,0x20E3,0x20E3,0x20E3,0x20E2,0x20E2,0x20C2,0x20C2,0x20C2,0x20C2,0x20C2,0x20C2,0x20E2,0x20E2,
0x20C2,0x20C2,0x20C2,0x20E2,0x20E2,0x20E2,0x20E2,0x20C2,0x20C2,0x20C2,0x20E2,0x20C2,0x18C2,0x18C2,0x18C2,0x20E2,
0x20C2,0x20E2,0x20E3,0x1082,0x0861,0x0841,0x0841,0x0841,0x0841,0x0841,0x0861,0x0841,0x0841,0x0841,0x0841,0x0841,
0x0841,0x0841,0x0841,0x0841,0x0021,0x0021,0x0841,0x0841,0x0841,0x0861,0x0861,0x0861,0x0861,0x0861,0x0862,0x0862,
0x10A2,0x1082,0x1082,0x1082,0x10A2,0x10A2,0x18C3,0x18E3,0x18E3,0x18E3,0x18C3,0x18E3,0x18C3,0x10A2,0x18C3,0x18E3,
0x20E3,0x20E3,0x20E2,0x20E2,0x20E2,0x20E2,0x20E2,0x20E2,0x20E2,0x20E2,0x20E3,0x20E3,0x20E3,0x20E3,0x20E2,0x20E2,
0x20E2,0x20E2,0x20E2,0x20E2,0x20C2,0x20C2,0x18C2,0x18C2,0x18C2,0x18C2,0x18C2,0x20C2,0x20C2,0x20E2,0x20E2,0x20E2,
0x20E2,0x20E2,0x20E2,0x20E2,0x20E3,0x20E3,0x20E3,0x2103,0x2103,0x2103,0x20E3,0x20E3,0x20E3,0x20E3,0x20E3,0x20E3,
0x20E3,0x20E3,0x20E3,0x20E3,0x20E3,0x20E3,0x20E3,0x20E3,0x20E3,0x20E3,0x20E3,0x20E3,0x20E3,0x20E3,0x20E3,0x2103,
0x2103,0x2103,0x2103,0x2103,0x2103,0x2103,0x2103,0x2103,0x2103,0x2923,0x2923,0x2923,0x2923,0x2923,0x2923,0x2923,
0x2923,0x2923,0x2923,0x2923,0x2924,0x2944,0x2924,0x2944,0x2944,0x2944,0x2944,0x2944,0x2944,0x2944,0x2944,0x2944,
0x2944,0x2944,0x2944,0x2944,0x2944,0x2944,0x2944,0x2944,0x2944,0x2944,0x2944,0x2944,0x3164,0x3164,0x2944,0x2944,
0x2944,0x3165,0x3165,0x3165,0x3165,0x3165,0x3165,0x3165,0x3165,0x3165,0x3165,0x3165,0x3165,0x2965,0x2965,0x2965,
0x3165,0x3165,0x2965,0x2965,0x2965,0x2945,0x2944,0x2944,0x2964,0x2944,0x2944,0x2944,0x2944,0x2944,0x2944,0x2944,
0x0862,0x0862,0x0862,0x0862,0x0862,0x0862,0x0862,0x0862,0x0862,0x0862,0x0862,0x0862,0x1062,0x1062,0x0862,0x0862,
0x0862,0x0862,0x0861,0x0861,0x0861,0x0861,0x0861,0x0861,0x0841,0x0841,0x0841,0x0841,0x0841,0x0841,0x0861,0x0861,
0x0862,0x0862,0x0862,0x0862,0x0862,0x0862,0x0882,0x0882,0x0882,0x0882,0x0882,0x0882,0x0882,0x1082,0x1082,0x1082,
0x1082,0x1082,0x1082,0x1082,0x1082,0x10A2,0x10A2,0x18A2,0x18A2,0x18A2,0x18A2,0x18A2,0x18A2,0x18A2,0x18A2,0x18A2,
0x18A2,0x18A2,0x18A2,0x18A2,0x18C2,0x18C2,0x18C2,0x18C2,0x18C2,0x18C2,0x18C2,0x18C2,0x18C2,0x18C2,0x18C2,0x18A2,
0x18A2,0x18A2,0x1082,0x1082,0x1082,0x18A2,0x18A2,0x18A2,0x18C2,0x18C2,0x20C2,0x20C2,0x20E2,0x20E2,0x20C2,0x20E2,
0x20E2,0x20E2,0x20E2,0x20E3,0x20E3,0x20E2,0x20E2,0x20E2,0x20E2,0x20E2,0x20C2,0x20C2,0x20C2,0x20C2,0x20C2,0x20C2,
0x20C2,0x20C2,0x20C2,0x20E2,0x20E2,0x20E2,0x20C2,0x20C2,0x18C2,0x18C2,0x18C2,0x18C2,0x18C2,0x18C2,0x18C2,0x20C2,
0x18C2,0x20E3,0x18A2,0x1082,0x0841,0x0841,0x0841,0x0841,0x0861,0x0861,0x0861,0x0841,0x0841,0x0841,0x0841,0x0841,
0x0841,0x0841,0x0841,0x0841,0x0841,0x0841,0x0841,0x0861,0x0862,0x1082,0x1082,0x1062,0x1062,0x1062,0x1082,0x10A2,
0x1082,0x1062,0x0861,0x1082,0x1082,0x1082,0x10A2,0x18C3,0x18E3,0x18E4,0x18E3,0x18E3,0x18E3,0x18C3,0x18C3,0x2104,
0x20E3,0x20E3,0x20E3,0x20E2,0x20E2,0x20E2,0x20E2,0x20E2,0x20E2,0x20E2,0x20E2,0x20E2,0x20E3,0x20E3,0x20E3,0x20E3,
0x20E2,0x20E2,0x20E2,0x20E2,0x20E2,0x20C2,0x20C2,0x20C2,0x18C2,0x18C2,0x18C2,0x20C2,0x20E2,0x20E2,0x20E2,0x20E2,
0x20E2,0x20E2,0x20E2,0x20E2,0x20E2,0x20E2,0x20E3,0x20E3,0x20E3,0x20E3,0x20E3,0x20E3,0x20E3,0x20E3,0x20E3,0x20E2,
0x20E3,0x20E3,0x20E3,0x20E3,0x20E3,0x20E3,0x20E3,0x20E3,0x20E3,0x20E3,0x20E3,0x20E2,0x20E3,0x20E3,0x20E3,0x2103,
0x2103,0x2103,0x2103,0x2103,0x2103,0x2103,0x2103,0x2103,0x2903,0x2923,0x2923,0x2923,0x2923,0x2923,0x2923,0x2923,
0x2923,0x2923,0x2923,0x2923,0x2924,0x2924,0x2944,0x2944,0x2944,0x2944,0x2944,0x2944,0x2944,0x2944,0x2944,0x2944,
0x2944,0x2944,0x2944,0x2944,0x2944,0x2944,0x2944,0x2944,0x2944,0x2944,0x2944,0x2944,0x2944,0x2944,0x2944,0x2944,
0x2964,0x3164,0x3164,0x3164,0x3164,0x3164,0x3164,0x3164,0x3165,0x3165,0x3165,0x3165,0x3165,0x3165,0x2965,0x2965,
0x3164,0x3164,0x2964,0x2964,0x2964,0x2944,0x2944,0x2944,0x2964,0x2944,0x2944,0x2944,0x2944,0x2944,0x2944,0x2944,
0x0862,0x0862,0x0862,0x0862,0x0862,0x0862,0x0862,0x0862,0x0862,0x0862,0x0862,0x0862,0x1062,0x1062,0x0862,0x0862,
0x0862,0x0862,0x0862,0x0861,0x0861,0x0861,0x0861,0x0861,0x0841,0x0841,0x0861,0x0861,0x0841,0x0861,0x0861,0x0862,
0x0862,0x0862,0x0862,0x0862,0x0862,0x0882,0x0882,0x0882,0x0882,0x0882,0x0882,0x0882,0x0882,0x0882,0x1082,0x1082,
0x1082,0x1082,0x1082,0x1082,0x1082,0x1082,0x10A2,0x10A2,0x18A2,0x18A2,0x18A2,0x18A2,0x18A2,0x18A2,0x18A2,0x18A2,
0x18A2,0x18A2,0x18A2,0x18A2,0x18A2,0x18C2,0x18C2,0x18C2,0x18C2,0x18C2,0x18C2,0x18C2,0x18C2,0x18C2,0x18C2,0x18A2,
0x18A2,0x18A2,0x18A2,0x18A2,0x18A2,0x18A2,0x18A2,0x18A2,0x18C2,0x18C2,0x20C2,0x20C2,0x20E2,0x20E2,0x20E2,0x20E2,
0x20E2,0x20E2,0x20E3,0x20E3,0x20E3,0x20E3,0x20E2,0x20E2,0x20E3,0x20E3,0x20E2,0x20E2,0x20C2,0x20C2,0x20C2,0x20C2,
0x20E2,0x20E2,0x20E2,0x20E2,0x20E2,0x20E2,0x20C2,0x20C2,0x18C2,0x18C2,0x18C2,0x18C2,0x18C2,0x18C2,0x18C2,0x20C2,
0x18C2,0x18C2,0x1082,0x1082,0x0861,0x0861,0x0861,0x0861,0x0861,0x0861,0x0861,0x0841,0x0841,0x0841,0x0841,0x0841,
0x0841,0x0861,0x0861,0x0841,0x0841,0x0841,0x0821,0x0841,0x0821,0x0841,0x0821,0x0821,0x0821,0x0821,0x0841,0x0841,
0x1062,0x1062,0x1082,0x1082,0x1082,0x10A2,0x18C3,0x18C3,0x18C3,0x18C3,0x18E3,0x18E3,0x20E3,0x20E3,0x18A2,0x20E3,
0x20E3,0x20E3,0x20E3,0x20E3,0x20E2,0x20E2,0x20E2,0x20E2,0x20E2,0x20E2,0x20E2,0x20E2,0x20E2,0x20E3,0x20E3,0x20E3,
0x20E2,0x20E2,0x20E2,0x20E2,0x20E2,0x20E2,0x20C2,0x20C2,0x18C2,0x18C2,0x20C2,0x20C2,0x20E2,0x20E2,0x20E2,0x20E2,
0x20E2,0x20E2,0x20E2,0x20E2,0x20E2,0x20E3,0x20E3,0x2103,0x20E3,0x20E3,0x20E3,0x20E3,0x20E3,0x20E3,0x20E3,0x20E2,
0x20E3,0x20E3,0x20E3,0x20E3,0x20E3,0x20E3,0x20E3,0x20E3,0x20E3,0x20E3,0x20E2,0x20E2,0x20E3,0x20E3,0x20E3,0x2103,
0x2103,0x2103,0x2103,0x2103,0x2103,0x2103,0x2103,0x2103,0x2903,0x2923,0x2923,0x2923,0x2923,0x2923,0x2923,0x2923,
0x2923,0x2923,0x2923,0x2923,0x2924,0x2944,0x2944,0x2944,0x2944,0x2944,0x2944,0x2944,0x2944,0x2944,0x2944,0x2944,
0x2944,0x2944,0x2944,0x2944,0x2944,0x2944,0x2944,0x2944,0x2944,0x2944,0x2944,0x2944,0x2944,0x2944,0x2944,0x2944,
0x2964,0x3164,0x3164,0x3164,0x3164,0x3164,0x3164,0x3164,0x3164,0x3165,0x3165,0x3165,0x3165,0x3165,0x3165,0x2965,
0x2964,0x2964,0x2964,0x2964,0x2964,0x2944,0x2944,0x2944,0x2964,0x2944,0x2944,0x2944,0x2944,0x2944,0x2944,0x2944,
0x0862,0x0862,0x0862,0x0862,0x0862,0x0862,0x0862,0x0862,0x0862,0x0862,0x0862,0x0862,0x0862,0x0862,0x0862,0x0862,
0x0862,0x0862,0x0862,0x0861,0x0841,0x0841,0x0841,0x0841,0x0841,0x0841,0x0841,0x0841,0x0841,0x0841,0x0861,0x0861,
0x0862,0x0862,0x0862,0x0862,0x0862,0x0862,0x0882,0x0882,0x0882,0x0882,0x0882,0x0882,0x0882,0x0882,0x0882,0x0882,
0x0882,0x0882,0x1082,0x1082,0x1082,0x1082,0x1082,0x10A2,0x10A2,0x18A2,0x18A2,0x18A2,0x18A2,0x18A2,0x18A2,0x18A2,
0x18A2,0x18A2,0x18A2,0x18A2,0x18A2,0x18A2,0x18C2,0x18C2,0x18C2,0x18C2,0x18C2,0x18C2,0x18C2,0x18C2,0x18C2,0x18C2,
0x18A2,0x18A2,0x18A2,0x18A2,0x18A2,0x18A2,0x18A2,0x18A2,0x18C2,0x18C2,0x18C2,0x18C2,0x18C2,0x18C2,0x18C2,0x18E2,
0x18C2,0x20E2,0x20E3,0x20E3,0x20E2,0x20E2,0x20E2,0x20E2,0x20E2,0x20E2,0x20E2,0x20E2,0x20E2,0x20E2,0x20E2,0x20E2,
0x20E2,0x20E2,0x20E2,0x20E2,0x20E2,0x20E2,0x20E2,0x20C2,0x20C2,0x18C2,0x18C2,0x18C2,0x18C2,0x18C2,0x18C2,0x18C2,
0x18C3,0x18A2,0x0861,0x0861,0x0841,0x0861,0x0861,0x0861,0x0841,0x0841,0x0841,0x0841,0x0841,0x0841,0x0841,0x0841,
0x0841,0x0861,0x0841,0x0021,0x0821,0x0821,0x0021,0x0020,0x0021,0x0021,0x0020,0x0021,0x0021,0x0021,0x0841,0x0841,
0x0841,0x0862,0x1082,0x1082,0x1082,0x10A2,0x10A3,0x10A2,0x18C3,0x18C3,0x18E3,0x18E3,0x18E3,0x2104,0x18E3,0x18E3,
0x2103,0x2103,0x20E3,0x20E3,0x20E3,0x20E3,0x20E3,0x20E3,0x20E2,0x20E2,0x20E3,0x20E3,0x20E3,0x20E3,0x20E3,0x20E3,
0x20E3,0x20E3,0x20E3,0x20E3,0x20E3,0x20E2,0x20E2,0x18C2,0x18C2,0x18C2,0x18C2,0x20C2,0x20C2,0x20E2,0x20E2,0x20E2,
0x20E2,0x20E2,0x20E2,0x20E3,0x20E3,0x2103,0x2103,0x2103,0x20E3,0x20E3,0x2103,0x20E3,0x20E3,0x20E3,0x20E3,0x20E3,
0x2103,0x20E3,0x20E3,0x20E3,0x20E3,0x20E3,0x20E3,0x20E3,0x20E3,0x20E3,0x20E2,0x20E2,0x20E2,0x20E3,0x20E3,0x2103,
0x2103,0x2103,0x2103,0x2103,0x2103,0x2103,0x2103,0x2103,0x2903,0x2923,0x2923,0x2923,0x2923,0x2923,0x2923,0x2923,
0x2923,0x2923,0x2943,0x2943,0x2944,0x2944,0x2944,0x2944,0x2944,0x2944,0x2964,0x2964,0x2964,0x2944,0x2944,0x2964,
0x2944,0x2944,0x2944,0x2944,0x2944,0x2944,0x2944,0x2944,0x2944,0x2944,0x2944,0x2944,0x2944,0x2944,0x2944,0x2944,
0x2964,0x2964,0x2964,0x2964,0x2964,0x2964,0x2964,0x2964,0x2965,0x3165,0x3165,0x3165,0x3165,0x3165,0x3165,0x3165,
0x2965,0x2965,0x2965,0x2945,0x2945,0x2945,0x2945,0x2945,0x2945,0x2945,0x2944,0x2944,0x2944,0x2944,0x2944,0x2944,
0x0862,0x0862,0x0862,0x0862,0x0862,0x0862,0x0862,0x0862,0x0862,0x0862,0x0861,0x0861,0x0862,0x0841,0x0861,0x0841,
0x0841,0x0841,0x0861,0x0841,0x0841,0x0841,0x0841,0x0841,0x0841,0x0841,0x0841,0x0841,0x0841,0x0841,0x0841,0x0841,
0x0861,0x0861,0x0861,0x0861,0x0861,0x0862,0x0862,0x0862,0x0862,0x0862,0x0862,0x0862,0x0862,0x0862,0x0862,0x0862,
0x0882,0x0882,0x0882,0x0882,0x0882,0x0882,0x1082,0x1082,0x1082,0x1082,0x1082,0x10A2,0x1082,0x1082,0x1082,0x1082,
0x1081,0x1081,0x1081,0x1082,0x18A2,0x18A2,0x18A2,0x18A2,0x18A2,0x18A2,0x18A2,0x18A2,0x18A2,0x18A2,0x18A2,0x18A2,
0x18A2,0x18A2,0x18A2,0x18A2,0x18A2,0x18A2,0x18A2,0x18A2,0x18A2,0x18A2,0x18A2,0x18A2,0x18A2,0x18A2,0x18C2,0x18C2,
0x18C2,0x18C2,0x18C2,0x18C2,0x18C2,0x18C2,0x18C2,0x18C2,0x18C2,0x18C2,0x18C2,0x18C2,0x20E2,0x20E2,0x20E2,0x20E2,
0x20E2,0x20E2,0x20E2,0x20E2,0x20E3,0x20E2,0x20E2,0x20C2,0x20E2,0x18C2,0x18C2,0x18C2,0x18C2,0x18C2,0x18C2,0x18C2,
0x18C2,0x1081,0x0861,0x0841,0x0821,0x0841,0x0841,0x0841,0x0841,0x0841,0x0841,0x0841,0x0841,0x0841,0x0841,0x0841,
0x0841,0x0841,0x0021,0x0020,0x0841,0x0841,0x0021,0x0821,0x0021,0x0821,0x0821,0x0841,0x0841,0x0841,0x0841,0x0841,
0x0841,0x0841,0x1062,0x1082,0x10A2,0x10A2,0x10A2,0x10A3,0x1082,0x1082,0x1082,0x1062,0x0861,0x18C3,0x18E3,0x18C3,
0x2103,0x2103,0x2103,0x20E3,0x20E3,0x20E3,0x20E3,0x20E3,0x20E3,0x20E3,0x20E3,0x20E3,0x20E3,0x20E3,0x20E3,0x20E3,
0x20E3,0x20E3,0x20E3,0x20E3,0x20E3,0x20E3,0x20E3,0x20E2,0x18C2,0x18C2,0x20C2,0x20C2,0x20E2,0x20E2,0x20E2,0x20E2,
0x20E2,0x20E2,0x20E2,0x20E3,0x20E3,0x20E3,0x2103,0x2103,0x20E3,0x20E3,0x20E3,0x20E3,0x20E3,0x20E3,0x20E3,0x20E3,
0x2103,0x2103,0x20E3,0x20E3,0x20E2,0x20E2,0x20E2,0x20E2,0x20E3,0x20E2,0x20E2,0x20E2,0x20E2,0x20E2,0x20E3,0x20E3,
0x20E3,0x20E3,0x20E3,0x2103,0x2103,0x2103,0x2103,0x2103,0x2103,0x2903,0x2923,0x2923,0x2923,0x2923,0x2923,0x2923,
0x2923,0x2923,0x2923,0x2923,0x2944,0x2944,0x2944,0x2944,0x2944,0x2944,0x2944,0x2944,0x2944,0x2944,0x2944,0x2944,
0x2944,0x2944,0x2944,0x2944,0x2944,0x2944,0x2944,0x2944,0x2944,0x2944,0x2944,0x2944,0x2944,0x2944,0x2944,0x2944,
0x2964,0x2964,0x2964,0x2964,0x2964,0x2964,0x2964,0x2964,0x2964,0x2964,0x2965,0x3165,0x3165,0x2965,0x2965,0x2965,
0x2965,0x2965,0x2945,0x2945,0x2945,0x2945,0x2945,0x2945,0x2945,0x2944,0x2944,0x2944,0x2944,0x2944,0x2944,0x2944,
0x0862,0x0862,0x0862,0x0862,0x0882,0x0882,0x0882,0x0882,0x0882,0x0862,0x18E2,0x18C2,0x18C2,0x18C2,0x18C2,0x18C2,
0x18C2,0x10A2,0x10A2,0x10A2,0x10A2,0x10A2,0x10A2,0x10A2,0x10A2,0x10A2,0x10A2,0x10A2,0x18A2,0x18A2,0x18C2,0x18C2,
0x18C2,0x18C2,0x18C2,0x18C2,0x18C2,0x18C2,0x18C2,0x18C2,0x18C2,0x18C2,0x18C2,0x18C2,0x18C2,0x18C2,0x18C3,0x18E3,
0x18C3,0x18C3,0x18C3,0x18E3,0x18E3,0x18E3,0x18E3,0x18C2,0x18C2,0x18E3,0x20E3,0x2103,0x2103,0x20E3,0x20E3,0x20E3,
0x20E3,0x20E3,0x20E3,0x20E3,0x20E3,0x20E3,0x2103,0x2103,0x20E3,0x2103,0x2103,0x2103,0x2103,0x2103,0x20E3,0x20E3,
0x20E3,0x20E3,0x20E3,0x20E3,0x20E3,0x2103,0x2103,0x2103,0x2103,0x2103,0x2103,0x2103,0x2103,0x2103,0x2103,0x2103,
0x2103,0x2103,0x2103,0x2103,0x2103,0x2103,0x2123,0x2123,0x2103,0x2123,0x2103,0x2123,0x2103,0x20E2,0x20C2,0x20E3,
0x20E2,0x20E2,0x20E3,0x20E3,0x20E3,0x20E3,0x20E3,0x20E2,0x20E2,0x20C2,0x18C2,0x18C2,0x18C2,0x18C2,0x18C2,0x18C2,
0x18C3,0x1061,0x1082,0x0821,0x0021,0x0821,0x0021,0x0821,0x0821,0x0841,0x0841,0x0841,0x0841,0x0841,0x0841,0x0841,
0x0841,0x0841,0x0841,0x0841,0x0841,0x0841,0x0841,0x0841,0x0841,0x0841,0x0841,0x0841,0x0841,0x0861,0x0841,0x0861,
0x0861,0x0861,0x0861,0x0862,0x0861,0x0862,0x0861,0x0861,0x0841,0x0861,0x0861,0x0861,0x0861,0x10A2,0x18E3,0x18C3,
0x2103,0x2103,0x2103,0x2103,0x2103,0x2103,0x20E2,0x2103,0x20E3,0x2103,0x20E3,0x20E2,0x20E3,0x2103,0x2103,0x20E3,
0x20E3,0x2103,0x20E3,0x20E3,0x1081,0x1082,0x1061,0x1082,0x1062,0x1062,0x1081,0x1081,0x1081,0x1081,0x1082,0x1082,
0x1082,0x1082,0x1082,0x1082,0x1082,0x1082,0x1082,0x1082,0x1082,0x1082,0x1082,0x1082,0x1082,0x1082,0x1082,0x1082,
0x1082,0x1082,0x1082,0x1082,0x1082,0x1082,0x1082,0x1082,0x1082,0x1082,0x1082,0x1082,0x1082,0x1082,0x1082,0x1082,
0x1082,0x1082,0x1082,0x1082,0x1082,0x1082,0x1082,0x1082,0x1082,0x1082,0x1082,0x10A2,0x18A2,0x18A2,0x18A2,0x18A2,
0x18A2,0x18A2,0x18A2,0x18A2,0x18A2,0x18A2,0x18A2,0x18A2,0x18A2,0x18A2,0x18A3,0x18A3,0x18A3,0x18A3,0x18A3,0x18A3,
0x18A2,0x18A2,0x18A2,0x18A2,0x18A2,0x18A2,0x18A2,0x18A2,0x18A2,0x18C3,0x18A3,0x18A2,0x18A2,0x18A3,0x18A2,0x18A2,
0x18A2,0x18A2,0x18A2,0x18A2,0x18A2,0x18A2,0x18C2,0x18A2,0x18C3,0x18A2,0x18C3,0x18A2,0x18A3,0x18C3,0x18C3,0x18C3,
0x18A2,0x18A2,0x18C3,0x18C3,0x18A2,0x18A2,0x18A2,0x18A2,0x18C2,0x20E3,0x2965,0x2944,0x2944,0x2944,0x2944,0x2944,
0x0882,0x0862,0x0862,0x0862,0x0882,0x0882,0x0882,0x0882,0x0882,0x1082,0x2103,0x2103,0x2103,0x2103,0x1903,0x1903,
0x18E3,0x18E3,0x18C3,0x18C3,0x18C2,0x18C2,0x18C2,0x18C2,0x18C2,0x18C2,0x18E3,0x18E3,0x18E3,0x18E3,0x18E3,0x18E3,
0x18E3,0x18E3,0x18E3,0x20E3,0x2103,0x2103,0x2103,0x2103,0x2103,0x2103,0x2103,0x2103,0x2103,0x2103,0x2103,0x2103,
0x2103,0x2103,0x2103,0x2103,0x2103,0x2103,0x2103,0x2103,0x2103,0x2103,0x2123,0x2123,0x2123,0x2123,0x2123,0x2103,
0x2103,0x2103,0x2103,0x2103,0x2103,0x2103,0x2123,0x2103,0x2924,0x2924,0x2924,0x2924,0x2924,0x2924,0x2123,0x2103,
0x2123,0x2103,0x2103,0x2103,0x2123,0x2123,0x2123,0x2123,0x2924,0x2923,0x2923,0x2923,0x2944,0x2924,0x2944,0x2944,
0x2944,0x2944,0x2944,0x2944,0x2924,0x2924,0x2944,0x2944,0x2924,0x2944,0x2103,0x2924,0x2923,0x20E2,0x20C2,0x20C2,
0x20E2,0x20E3,0x2103,0x2103,0x20E3,0x20E3,0x20E2,0x20E2,0x20C2,0x20C2,0x18C2,0x18C2,0x18C2,0x18C2,0x18C2,0x18C2,
0x18C2,0x0861,0x1082,0x0841,0x0021,0x0021,0x0020,0x0821,0x0021,0x0841,0x0841,0x0821,0x0821,0x0841,0x0021,0x0841,
0x0841,0x0841,0x0841,0x0841,0x0841,0x0841,0x0841,0x0841,0x0841,0x0841,0x0841,0x0841,0x0821,0x0841,0x0841,0x0841,
0x0821,0x0821,0x0841,0x0841,0x0861,0x0862,0x0861,0x0841,0x0841,0x0861,0x1082,0x1062,0x0861,0x10A2,0x18C3,0x18C3,
0x2103,0x2103,0x2103,0x2103,0x2103,0x2103,0x2103,0x2103,0x2103,0x2103,0x2103,0x20E2,0x20E3,0x2103,0x2103,0x20E3,
0x20E2,0x20E3,0x20E2,0x18A2,0x0820,0x0821,0x0820,0x0820,0x0020,0x0820,0x0820,0x0820,0x0820,0x0820,0x0820,0x0820,
0x0820,0x0820,0x0820,0x0820,0x0820,0x0820,0x0820,0x0820,0x0820,0x0820,0x0820,0x0820,0x0820,0x0820,0x0820,0x0820,
0x0820,0x0820,0x0820,0x0820,0x0820,0x0820,0x0020,0x0020,0x0820,0x0820,0x0820,0x0820,0x0820,0x0820,0x0820,0x0820,
0x0820,0x0820,0x0820,0x0820,0x0820,0x0820,0x0820,0x0820,0x0820,0x0820,0x0821,0x0820,0x0820,0x0820,0x0820,0x0820,
0x0820,0x0820,0x0820,0x0820,0x0820,0x0820,0x0820,0x0820,0x0820,0x0820,0x0820,0x0820,0x0820,0x0820,0x0820,0x0820,
0x0821,0x0821,0x0820,0x0820,0x0820,0x0820,0x0820,0x0820,0x0820,0x0820,0x0820,0x0820,0x0820,0x0820,0x0820,0x0820,
0x0820,0x0820,0x0820,0x0820,0x0820,0x0820,0x0820,0x0820,0x0820,0x0841,0x0841,0x0820,0x0820,0x0820,0x0020,0x0820,
0x0820,0x0020,0x0820,0x0820,0x0820,0x0820,0x0820,0x0820,0x0841,0x10A2,0x2924,0x2944,0x2944,0x2944,0x2944,0x2944,
0x0882,0x0882,0x0882,0x0882,0x0882,0x0882,0x0862,0x0862,0x0862,0x0862,0x18E3,0x10A2,0x1082,0x1062,0x0882,0x0882,
0x0882,0x0882,0x0862,0x0862,0x0862,0x0862,0x0862,0x0862,0x0862,0x0862,0x0862,0x0862,0x0862,0x0862,0x0862,0x0862,
0x0862,0x0862,0x0862,0x0862,0x0862,0x0862,0x0862,0x0862,0x0862,0x0862,0x0862,0x0862,0x0862,0x0862,0x0862,0x0882,
0x0882,0x0882,0x0882,0x0882,0x0882,0x0882,0x0882,0x0882,0x0882,0x0882,0x0882,0x0882,0x0882,0x0882,0x0882,0x0882,
0x0882,0x1083,0x1083,0x1083,0x1083,0x1083,0x1083,0x1082,0x10A3,0x10A3,0x10A3,0x10A3,0x1083,0x1083,0x1083,0x1083,
0x10A3,0x10A3,0x10A3,0x10A3,0x10A3,0x10A3,0x1083,0x1083,0x0882,0x0882,0x0882,0x1083,0x1083,0x1083,0x1083,0x10A3,
0x1083,0x1083,0x1083,0x1083,0x1083,0x1083,0x1082,0x1082,0x1082,0x1082,0x1082,0x10A3,0x2123,0x18C2,0x18C2,0x18E3,
0x20E3,0x20E3,0x2103,0x2103,0x2103,0x20E3,0x20E3,0x20E2,0x20C2,0x20C2,0x20C2,0x18C2,0x18C2,0x18C2,0x18C2,0x18C2,
0x18C2,0x0841,0x10A2,0x0841,0x0821,0x0021,0x0020,0x0021,0x0021,0x0841,0x0841,0x0021,0x0020,0x0821,0x0021,0x0021,
0x0021,0x0020,0x0020,0x0020,0x0020,0x0021,0x0020,0x0020,0x0020,0x0021,0x0021,0x0821,0x0021,0x0021,0x0020,0x0020,
0x0821,0x0841,0x0841,0x0861,0x10A2,0x1082,0x1062,0x0861,0x0861,0x0861,0x1082,0x1082,0x0841,0x1082,0x10A2,0x18C3,
0x2103,0x2103,0x2103,0x2103,0x2103,0x2103,0x2103,0x2103,0x2103,0x2103,0x2103,0x20E3,0x2103,0x2103,0x2103,0x2103,
0x20E3,0x2103,0x20E3,0x1081,0x0020,0x0000,0x0000,0x0020,0x0020,0x0020,0x0000,0x0000,0x0000,0x0000,0x0000,0x0000,
0x0020,0x0000,0x0000,0x0000,0x0000,0x0020,0x0020,0x0020,0x0000,0x0000,0x0000,0x0020,0x0020,0x0020,0x0000,0x0000,
0x0000,0x0000,0x0000,0x0000,0x0020,0x0020,0x0020,0x0000,0x0000,0x0000,0x0000,0x0000,0x0000,0x0000,0x0000,0x0000,
0x0000,0x0000,0x0000,0x0000,0x0000,0x0000,0x0000,0x0000,0x0000,0x0020,0x0020,0x0000,0x0020,0x0020,0x0020,0x0820,
0x0000,0x0000,0x0020,0x0020,0x0020,0x0020,0x0020,0x0000,0x0020,0x0020,0x0020,0x0020,0x0020,0x0020,0x0020,0x0020,
0x0020,0x0020,0x0020,0x0020,0x0020,0x0020,0x0020,0x0020,0x0020,0x0020,0x0020,0x0020,0x0020,0x0000,0x0000,0x0000,
0x0000,0x0000,0x0000,0x0000,0x0000,0x0000,0x0000,0x0000,0x0000,0x0000,0x0000,0x0000,0x0000,0x0000,0x0841,0x0000,
0x0020,0x0000,0x0000,0x0000,0x0000,0x0000,0x0000,0x0000,0x0000,0x1061,0x2124,0x2944,0x2944,0x2944,0x2944,0x2944,
0x0882,0x0882,0x0862,0x0862,0x0882,0x0862,0x0862,0x0862,0x0862,0x1082,0x18E3,0x1082,0x0862,0x0862,0x0862,0x0882,
0x0862,0x0862,0x0862,0x0862,0x0862,0x0862,0x0862,0x0862,0x0862,0x0862,0x0862,0x0862,0x0862,0x0862,0x0862,0x0862,
0x0862,0x0862,0x0862,0x0862,0x0862,0x0862,0x0862,0x0862,0x0862,0x0862,0x0862,0x0862,0x0862,0x0862,0x0862,0x0862,
0x0882,0x0862,0x0862,0x0862,0x0882,0x0882,0x0882,0x0882,0x0882,0x0882,0x0882,0x0882,0x0882,0x0882,0x0882,0x0882,
0x0882,0x0882,0x0882,0x0882,0x0882,0x0882,0x0882,0x0882,0x0882,0x0882,0x0882,0x0882,0x0882,0x0882,0x1083,0x1083,
0x0882,0x0882,0x0882,0x0882,0x0882,0x0882,0x0882,0x0882,0x0882,0x0882,0x0882,0x0882,0x0882,0x0882,0x0882,0x0882,
0x0882,0x0882,0x0882,0x0882,0x0882,0x0882,0x0882,0x0882,0x1082,0x1082,0x1082,0x10A3,0x2124,0x18C2,0x18C2,0x18C2,
0x20E2,0x20E3,0x20E3,0x2103,0x2103,0x2103,0x20E3,0x20E3,0x20E2,0x20E2,0x20C2,0x18C2,0x18C2,0x18C2,0x18C2,0x18C2,
0x18C2,0x1061,0x10A2,0x0841,0x0021,0x0821,0x0021,0x0020,0x0821,0x0841,0x0841,0x0021,0x0020,0x0841,0x0021,0x0821,
0x0021,0x0020,0x0020,0x0020,0x0020,0x0020,0x0020,0x0020,0x0021,0x0021,0x0021,0x0021,0x0021,0x0021,0x0021,0x0021,
0x0821,0x0841,0x0841,0x0862,0x18A3,0x10A3,0x1082,0x0861,0x0861,0x0861,0x10A2,0x10A2,0x0841,0x0862,0x1082,0x18C3,
0x20E3,0x2103,0x2103,0x2103,0x2103,0x2103,0x2103,0x2103,0x2103,0x2103,0x2103,0x2103,0x2103,0x2103,0x2103,0x20E3,
0x20E3,0x20E3,0x20E3,0x1081,0x0000,0x0000,0x0821,0x1062,0x1082,0x1082,0x1082,0x1082,0x1082,0x1082,0x1082,0x10A2,
0x1082,0x1082,0x10A2,0x10A2,0x10A2,0x10A2,0x10A2,0x10A2,0x10A2,0x10A2,0x10A2,0x10A2,0x10A2,0x10A2,0x10A2,0x10A2,
0x1082,0x1082,0x1082,0x1082,0x1082,0x10A2,0x10A2,0x10A2,0x1082,0x1082,0x1082,0x1082,0x1082,0x10A2,0x10A2,0x10A2,
0x18A2,0x10A2,0x10A2,0x10A2,0x10A2,0x10A2,0x10A2,0x10A2,0x10A2,0x10A2,0x10A2,0x10A2,0x18A2,0x10A2,0x10A2,0x10A2,
0x18A2,0x18A2,0x18A3,0x18A3,0x18C3,0x18C3,0x18A3,0x18A3,0x10A2,0x10A2,0x10A2,0x10A2,0x10A2,0x10A2,0x10A2,0x10A2,
0x18A3,0x18A3,0x18A3,0x18A3,0x18A3,0x18A2,0x18A2,0x18A2,0x10A2,0x10A2,0x10A2,0x10A2,0x18A2,0x18A3,0x18A3,0x10A2,
0x0821,0x0000,0x0000,0x0000,0x0000,0x0000,0x0000,0x0000,0x0000,0x0000,0x0000,0x0841,0x1082,0x0000,0x0000,0x0020,
0x0000,0x0000,0x0000,0x0000,0x0000,0x0000,0x0000,0x0000,0x0000,0x1082,0x2124,0x2944,0x2944,0x2944,0x2944,0x2944,
0x0882,0x0882,0x0862,0x0862,0x0862,0x0862,0x0862,0x0862,0x0842,0x0862,0x18E3,0x1082,0x0862,0x0862,0x0862,0x0862,
0x0882,0x0882,0x0882,0x0862,0x0862,0x0862,0x0862,0x0862,0x0862,0x0862,0x0862,0x0862,0x0862,0x0862,0x0862,0x0862,
0x0862,0x0862,0x0862,0x0862,0x0862,0x0862,0x0862,0x0862,0x0862,0x0862,0x0862,0x0862,0x0882,0x0882,0x0882,0x0882,
0x0862,0x0862,0x0862,0x0862,0x0862,0x0882,0x0882,0x0882,0x0882,0x0882,0x0882,0x0882,0x0882,0x0882,0x0882,0x0882,
0x0882,0x0882,0x0882,0x0882,0x0882,0x0882,0x0882,0x0883,0x0882,0x0882,0x0882,0x0882,0x0882,0x0882,0x0882,0x0882,
0x0883,0x0883,0x0883,0x1083,0x1083,0x1083,0x1083,0x1083,0x0882,0x0882,0x0882,0x0882,0x0882,0x0882,0x0862,0x0882,
0x0882,0x0882,0x0882,0x0882,0x0883,0x0883,0x0882,0x0882,0x0882,0x0882,0x0862,0x10A3,0x2944,0x18C2,0x18A2,0x20E2,
0x20E2,0x20E3,0x20E3,0x20E3,0x20E3,0x2103,0x2103,0x2103,0x20E3,0x20E3,0x20E2,0x20E2,0x18C2,0x18C2,0x18C2,0x18C2,
0x18C2,0x1082,0x18C3,0x0841,0x0821,0x0821,0x0821,0x0021,0x0821,0x0841,0x0841,0x0021,0x0020,0x0841,0x0021,0x0821,
0x0021,0x0021,0x0021,0x0021,0x0021,0x0021,0x0021,0x0021,0x0841,0x0021,0x0021,0x0020,0x0020,0x0020,0x0021,0x0841,
0x0841,0x0841,0x0821,0x1062,0x18C3,0x10A2,0x0862,0x0841,0x0841,0x0861,0x10A2,0x1082,0x0841,0x0861,0x0861,0x10A3,
0x20E3,0x2103,0x2103,0x2103,0x2103,0x2103,0x2903,0x2103,0x2103,0x2103,0x2103,0x2103,0x2103,0x2103,0x2103,0x2103,
0x2103,0x20E3,0x18E2,0x1081,0x0000,0x0020,0x1082,0x2104,0x2104,0x2104,0x2104,0x2104,0x2104,0x2104,0x2104,0x2104,
0x20E4,0x2104,0x2104,0x2124,0x2925,0x2925,0x2925,0x2124,0x2925,0x2925,0x2925,0x2925,0x2924,0x2924,0x2925,0x2925,
0x2124,0x2124,0x2124,0x2104,0x2104,0x2104,0x2104,0x2124,0x2124,0x2124,0x2104,0x2104,0x2124,0x2124,0x2124,0x2925,
0x2945,0x2925,0x2925,0x2124,0x2124,0x2925,0x2925,0x2925,0x2124,0x2124,0x2925,0x2945,0x2945,0x2945,0x2945,0x2945,
0x2945,0x2945,0x2945,0x2945,0x2945,0x2945,0x2945,0x2945,0x2965,0x2965,0x2965,0x2965,0x2965,0x2965,0x2965,0x2965,
0x2945,0x2945,0x2945,0x2945,0x2945,0x2945,0x2945,0x2945,0x2945,0x2965,0x2965,0x2945,0x2945,0x2965,0x2945,0x2945,
0x0861,0x0020,0x0000,0x0020,0x0000,0x0020,0x0000,0x0000,0x0020,0x0000,0x0861,0x18C3,0x2945,0x18E3,0x1062,0x0020,
0x0000,0x0020,0x0020,0x0020,0x0000,0x0000,0x0020,0x0000,0x0000,0x1061,0x2124,0x2924,0x2944,0x2944,0x2944,0x2944,
0x0882,0x0882,0x0862,0x0862,0x0862,0x0862,0x0862,0x0862,0x0862,0x0862,0x2103,0x1082,0x0862,0x0862,0x0862,0x0862,
0x0882,0x0882,0x0882,0x0862,0x0862,0x0862,0x0862,0x0862,0x0862,0x0862,0x0862,0x0862,0x0862,0x0862,0x0862,0x0862,
0x0862,0x0862,0x0862,0x0862,0x0862,0x0862,0x0862,0x0862,0x0882,0x0882,0x0882,0x0882,0x0882,0x0882,0x0882,0x0882,
0x0862,0x0862,0x0882,0x0862,0x0882,0x0882,0x0882,0x0882,0x0882,0x0882,0x0882,0x0882,0x0882,0x0882,0x0882,0x0882,
0x0882,0x0882,0x0882,0x0882,0x0882,0x0882,0x0882,0x0882,0x0882,0x0882,0x0882,0x0882,0x0882,0x0882,0x0882,0x0882,
0x0862,0x0882,0x0882,0x0882,0x0882,0x0882,0x0882,0x0882,0x0883,0x0883,0x0883,0x0883,0x0883,0x0882,0x0882,0x0882,
0x0882,0x0882,0x0882,0x0882,0x0883,0x0883,0x0882,0x0882,0x0883,0x0883,0x1082,0x10A3,0x2944,0x18C2,0x18A2,0x18C2,
0x20E2,0x20E3,0x20E3,0x20E3,0x20E3,0x2103,0x2103,0x2103,0x2103,0x2103,0x20E3,0x20E2,0x20E2,0x20C2,0x20C2,0x20C2,
0x18C2,0x18C2,0x18C3,0x0861,0x0841,0x0821,0x0841,0x0841,0x0841,0x0841,0x0841,0x0021,0x0021,0x0841,0x0021,0x0821,
0x0021,0x0020,0x0020,0x0020,0x0020,0x0020,0x0020,0x0020,0x0021,0x0020,0x0821,0x0841,0x0841,0x0021,0x0021,0x0021,
0x0841,0x0841,0x0841,0x1082,0x18C3,0x10A2,0x1062,0x0841,0x0821,0x1062,0x10A2,0x1082,0x0841,0x0861,0x0861,0x10A2,
0x2103,0x2924,0x2103,0x2103,0x2903,0x2103,0x2903,0x2103,0x2103,0x2103,0x2103,0x2103,0x2103,0x2103,0x2103,0x2103,
0x2103,0x20E3,0x20E3,0x1082,0x0020,0x0020,0x10A2,0x2945,0x2124,0x2124,0x2924,0x2924,0x2924,0x2924,0x2925,0x2945,
0x2945,0x2945,0x2945,0x2925,0x2925,0x2945,0x2945,0x2945,0x2925,0x2925,0x2945,0x2925,0x2925,0x2925,0x2925,0x2945,
0x2945,0x2945,0x2945,0x2945,0x2945,0x2945,0x2945,0x2945,0x2945,0x2925,0x2925,0x2925,0x2925,0x2925,0x2945,0x2945,
0x2945,0x2945,0x2945,0x2945,0x2945,0x2945,0x2925,0x2925,0x2945,0x2925,0x2945,0x2945,0x2945,0x2965,0x3186,0x2965,
0x2965,0x2965,0x2965,0x2965,0x2965,0x2965,0x2965,0x2965,0x2965,0x2965,0x2965,0x2965,0x2965,0x2965,0x2965,0x2965,
0x2965,0x2965,0x2965,0x2965,0x2965,0x2965,0x2965,0x2965,0x2965,0x3166,0x3165,0x2965,0x2965,0x2965,0x2965,0x3186,
0x1082,0x0000,0x0000,0x0000,0x0000,0x0020,0x0000,0x0000,0x0020,0x10A2,0x3186,0x3186,0x2965,0x3186,0x3186,0x18E3,
0x0841,0x0000,0x0000,0x0000,0x0000,0x0000,0x0000,0x0000,0x0000,0x1061,0x2104,0x2924,0x2924,0x2944,0x2944,0x2944,
0x0882,0x0882,0x0862,0x0862,0x0862,0x0862,0x0862,0x0862,0x0862,0x0862,0x1903,0x1081,0x0862,0x0862,0x0882,0x0882,
0x0882,0x0882,0x0882,0x0882,0x0862,0x0862,0x0862,0x0862,0x0862,0x0862,0x0862,0x0862,0x0862,0x0862,0x0862,0x0862,
0x0862,0x0862,0x0862,0x0862,0x0862,0x0862,0x0862,0x0862,0x0862,0x0862,0x0862,0x0862,0x0862,0x0862,0x0862,0x0882,
0x0862,0x0862,0x0882,0x0862,0x0882,0x0882,0x0882,0x0882,0x0882,0x0882,0x0882,0x0882,0x0882,0x0882,0x0882,0x0882,
0x0882,0x0882,0x0882,0x0882,0x0882,0x0882,0x0882,0x0883,0x0882,0x0882,0x0882,0x0882,0x0882,0x0882,0x0882,0x0882,
0x0882,0x0883,0x0882,0x0882,0x0882,0x0882,0x0882,0x0883,0x0882,0x0882,0x0883,0x0883,0x0883,0x0882,0x0882,0x0882,
0x0883,0x0883,0x0882,0x0882,0x0883,0x0883,0x0882,0x0882,0x0882,0x0882,0x0862,0x10A3,0x2923,0x18C2,0x18A2,0x18C2,
0x20E2,0x20E3,0x20E3,0x20E3,0x20E3,0x20E3,0x2103,0x20E3,0x2103,0x2103,0x2103,0x20E3,0x20E3,0x20E2,0x20E2,0x20E2,
0x20E2,0x20E3,0x18A2,0x0861,0x0841,0x0841,0x0841,0x0841,0x0841,0x0841,0x0021,0x0021,0x0841,0x0841,0x0021,0x0821,
0x0021,0x0021,0x0021,0x0021,0x0021,0x0021,0x0021,0x0021,0x0021,0x0021,0x0841,0x0861,0x0862,0x0841,0x0841,0x0021,
0x0841,0x0841,0x0841,0x1082,0x10A3,0x1082,0x1062,0x0841,0x0020,0x1082,0x10A2,0x1082,0x0861,0x0861,0x0861,0x1082,
0x20E3,0x2924,0x20E3,0x20E3,0x2903,0x2103,0x2903,0x2103,0x2103,0x2103,0x2103,0x2103,0x2103,0x2103,0x2103,0x2903,
0x20E3,0x20E2,0x20E3,0x1081,0x0000,0x0000,0x1082,0x2125,0x2125,0x2124,0x2124,0x2924,0x2925,0x2945,0x2945,0x2925,
0x18C3,0x10A2,0x1082,0x0861,0x0861,0x0861,0x0861,0x0861,0x0861,0x0861,0x0861,0x0861,0x0861,0x0861,0x0861,0x0861,
0x0861,0x0861,0x0861,0x0861,0x0861,0x0861,0x0861,0x0861,0x0861,0x0861,0x0861,0x0861,0x0861,0x0861,0x0861,0x0861,
0x0861,0x0861,0x0861,0x0861,0x0861,0x0861,0x0861,0x0861,0x0861,0x0841,0x0861,0x0861,0x1082,0x2104,0x2945,0x18E3,
0x1062,0x1062,0x0861,0x0861,0x0861,0x0861,0x1061,0x1061,0x1061,0x1061,0x1061,0x1061,0x1062,0x1062,0x0861,0x0861,
0x0861,0x0861,0x0861,0x1062,0x1062,0x1062,0x1062,0x1062,0x0841,0x1061,0x0861,0x1061,0x1062,0x1062,0x18C3,0x2945,
0x1082,0x0000,0x0000,0x0020,0x0000,0x0020,0x0000,0x0000,0x0862,0x2925,0x3186,0x3186,0x3186,0x3166,0x3186,0x3166,
0x10A2,0x0000,0x0000,0x0020,0x0000,0x0020,0x0000,0x0000,0x0020,0x1061,0x2104,0x2924,0x2924,0x2944,0x2944,0x2944,
0x0862,0x0862,0x0862,0x0862,0x0862,0x0862,0x0862,0x0862,0x0862,0x0862,0x2103,0x1081,0x0882,0x0862,0x0882,0x0882,
0x0882,0x0882,0x0862,0x0862,0x0862,0x0862,0x0862,0x0862,0x0862,0x0862,0x0862,0x0862,0x0862,0x0862,0x0862,0x0862,
0x0862,0x0862,0x0862,0x0862,0x0862,0x0862,0x0862,0x0862,0x0862,0x0862,0x0862,0x0862,0x0862,0x0862,0x0882,0x0882,
0x0862,0x0862,0x0882,0x0862,0x0862,0x0862,0x0882,0x0882,0x0882,0x0882,0x0882,0x0882,0x0882,0x0882,0x0882,0x0882,
0x0882,0x0882,0x0882,0x0882,0x0882,0x0882,0x0862,0x0882,0x0882,0x0882,0x0882,0x0883,0x0882,0x0882,0x0882,0x0882,
0x0882,0x0882,0x0882,0x0882,0x0882,0x0882,0x0882,0x0882,0x0882,0x0882,0x0883,0x0883,0x0883,0x0883,0x0883,0x1083,
0x0883,0x0883,0x0882,0x0882,0x0883,0x0883,0x0882,0x0882,0x0883,0x0882,0x0862,0x10A3,0x2123,0x18C2,0x18A2,0x18C2,
0x20E2,0x20E3,0x20E3,0x20E3,0x20E3,0x20E3,0x20E3,0x20E3,0x2103,0x2103,0x2103,0x2103,0x20E3,0x20E3,0x20E2,0x20E2,
0x20E2,0x20E2,0x0861,0x0841,0x0862,0x0841,0x0841,0x0841,0x0841,0x0021,0x0021,0x0021,0x0841,0x0841,0x0021,0x0021,
0x0021,0x0021,0x0021,0x0021,0x0021,0x0021,0x0021,0x0021,0x0021,0x0021,0x0841,0x0841,0x0861,0x0841,0x0841,0x0841,
0x0841,0x0841,0x0841,0x1082,0x10A2,0x1082,0x1062,0x0841,0x0021,0x10A3,0x10A3,0x1062,0x0861,0x0841,0x0841,0x0862,
0x18A2,0x20E3,0x18C2,0x18C2,0x2103,0x2103,0x2903,0x2903,0x2103,0x2103,0x2103,0x2103,0x2103,0x2103,0x2103,0x2103,
0x2103,0x20E3,0x20E3,0x1081,0x0000,0x0000,0x10A2,0x2925,0x2925,0x2125,0x2124,0x2925,0x2924,0x2104,0x18C3,0x10A2,
0x0841,0x0841,0x0821,0x0841,0x0841,0x0861,0x0861,0x0841,0x0841,0x0841,0x0841,0x0841,0x0861,0x0861,0x0841,0x0841,
0x0861,0x0841,0x0841,0x0841,0x0841,0x0841,0x0841,0x0841,0x0841,0x0841,0x0841,0x0841,0x0841,0x0861,0x0841,0x0841,
0x0841,0x0841,0x0841,0x0841,0x0841,0x0841,0x0841,0x0841,0x0861,0x0841,0x0841,0x0000,0x0821,0x18E4,0x2104,0x0020,
0x0000,0x0000,0x0000,0x0000,0x0000,0x0000,0x0000,0x0000,0x0000,0x0000,0x0000,0x0000,0x0000,0x0000,0x0000,0x0000,
0x0000,0x0000,0x0000,0x0000,0x0000,0x0000,0x0000,0x0000,0x0000,0x0020,0x0000,0x0000,0x0000,0x0000,0x10A2,0x3186,
0x1082,0x0000,0x0000,0x0020,0x0000,0x0000,0x0000,0x0020,0x1082,0x3186,0x3186,0x3186,0x3186,0x3166,0x3186,0x3186,
0x20E3,0x0020,0x0000,0x0020,0x0000,0x0020,0x0000,0x0000,0x0000,0x1061,0x2104,0x2924,0x2924,0x2944,0x2944,0x2944,
0x0862,0x0862,0x0862,0x0862,0x0862,0x0862,0x0862,0x0862,0x0861,0x0862,0x20E3,0x1081,0x0862,0x0862,0x0862,0x0862,
0x0862,0x0862,0x0862,0x0862,0x0862,0x0862,0x0862,0x0862,0x0862,0x0862,0x0862,0x0862,0x0862,0x0862,0x0862,0x0862,
0x0862,0x0862,0x0862,0x0862,0x0862,0x0862,0x0862,0x0882,0x0862,0x0862,0x0862,0x0862,0x0862,0x0862,0x0862,0x0862,
0x0882,0x0882,0x0882,0x0882,0x0882,0x0882,0x0882,0x0882,0x0862,0x0862,0x10A2,0x2103,0x1082,0x1082,0x0883,0x0882,
0x0882,0x0882,0x0882,0x0882,0x0882,0x0882,0x0882,0x0882,0x0882,0x0882,0x0882,0x0882,0x0882,0x0882,0x0882,0x0883,
0x0883,0x0882,0x0882,0x0882,0x0882,0x0882,0x0882,0x0882,0x0883,0x0882,0x0882,0x0882,0x0883,0x0883,0x0883,0x0882,
0x0882,0x0882,0x0882,0x0883,0x0882,0x0882,0x0882,0x0882,0x0883,0x0883,0x0882,0x10A2,0x2103,0x18A2,0x18A2,0x18C2,
0x20C2,0x20E2,0x20E3,0x20E3,0x20E3,0x20E3,0x20E3,0x20E3,0x2103,0x2103,0x2103,0x2103,0x2103,0x20E3,0x20E3,0x20E3,
0x2103,0x18C2,0x0841,0x0841,0x0841,0x0841,0x0861,0x0821,0x0841,0x0841,0x0821,0x0821,0x0821,0x0021,0x0020,0x0841,
0x0021,0x0021,0x0021,0x0021,0x0021,0x0021,0x0021,0x0021,0x0021,0x0841,0x0841,0x0021,0x0841,0x1082,0x0862,0x0021,
0x0841,0x0841,0x0841,0x0862,0x1082,0x0861,0x0821,0x0841,0x10A2,0x18A3,0x1082,0x0841,0x0862,0x0861,0x0841,0x0841,
0x0841,0x1062,0x18C2,0x2924,0x2103,0x2103,0x2103,0x2903,0x2103,0x2103,0x2103,0x2103,0x2103,0x2103,0x2103,0x2103,
0x2103,0x2103,0x20E3,0x1081,0x0000,0x0000,0x10A2,0x2925,0x2945,0x2945,0x2945,0x2925,0x2104,0x0841,0x0020,0x0861,
0x1082,0x1082,0x1082,0x1082,0x1082,0x1082,0x1082,0x1082,0x1082,0x1082,0x1082,0x1082,0x1082,0x1082,0x1082,0x1082,
0x1082,0x1082,0x1082,0x1082,0x1062,0x1082,0x1082,0x1082,0x1082,0x1082,0x1082,0x1082,0x1082,0x1082,0x1082,0x1082,
0x1082,0x1082,0x1082,0x1082,0x1082,0x10A2,0x1082,0x1062,0x1062,0x0841,0x0000,0x0841,0x2104,0x18C3,0x0841,0x0841,
0x0841,0x0841,0x0841,0x0841,0x0841,0x0841,0x0841,0x0821,0x0841,0x0841,0x0841,0x0841,0x0841,0x0841,0x0841,0x0821,
0x0841,0x0821,0x0841,0x0841,0x0841,0x0841,0x0841,0x0841,0x1062,0x1082,0x1082,0x0841,0x0020,0x0020,0x2104,0x3186,
0x1082,0x0020,0x0000,0x0000,0x0841,0x0861,0x0861,0x0821,0x0841,0x2925,0x3166,0x3186,0x3186,0x3186,0x3186,0x3186,
0x1062,0x0821,0x0020,0x0020,0x0020,0x0000,0x0000,0x0020,0x0000,0x1061,0x2104,0x2924,0x2944,0x2924,0x2924,0x2924,
0x0862,0x0862,0x0862,0x0862,0x0862,0x0862,0x0862,0x0862,0x0861,0x0862,0x20E3,0x1081,0x0862,0x0862,0x0862,0x0862,
0x0862,0x0862,0x0862,0x0862,0x0862,0x0862,0x0862,0x0862,0x0862,0x0862,0x0862,0x0862,0x0862,0x0862,0x0862,0x0862,
0x0862,0x0862,0x0862,0x0862,0x0862,0x0862,0x0862,0x0862,0x0862,0x0862,0x0862,0x0862,0x0862,0x0862,0x0862,0x0862,
0x0862,0x0882,0x0882,0x0862,0x0882,0x0882,0x0882,0x0882,0x0862,0x1082,0x20E3,0x2123,0x18E3,0x1082,0x0882,0x0883,
0x0882,0x0882,0x0882,0x0882,0x0882,0x0882,0x0882,0x0882,0x0882,0x0882,0x0882,0x0882,0x0882,0x0882,0x0883,0x0883,
0x0883,0x0883,0x0882,0x0882,0x0882,0x0882,0x0882,0x0882,0x0883,0x0883,0x0882,0x0882,0x0883,0x0883,0x0883,0x0882,
0x0882,0x0882,0x0882,0x0882,0x0882,0x0882,0x0882,0x0882,0x0883,0x0882,0x0882,0x10A2,0x2103,0x18A2,0x18A2,0x18C2,
0x20C2,0x20E2,0x20E3,0x20E3,0x20E3,0x20E3,0x20E3,0x20E3,0x2103,0x2103,0x2103,0x2103,0x2103,0x2103,0x20E3,0x20E3,
0x20E3,0x20E3,0x1082,0x0841,0x0841,0x0862,0x0861,0x0841,0x0841,0x0841,0x0821,0x0821,0x0821,0x0021,0x0020,0x0020,
0x0021,0x0021,0x0021,0x0021,0x0021,0x0021,0x0021,0x0021,0x0821,0x0841,0x0021,0x0020,0x0021,0x0861,0x0862,0x0861,
0x0041,0x0841,0x0841,0x0841,0x0841,0x0841,0x1062,0x10A2,0x10A3,0x1082,0x0862,0x0841,0x0861,0x0862,0x1082,0x1082,
0x1082,0x18C3,0x18A2,0x18C2,0x2103,0x2923,0x20E3,0x2903,0x2103,0x2103,0x2103,0x2103,0x2103,0x2103,0x2103,0x2103,
0x2103,0x2103,0x20E3,0x1081,0x0000,0x0000,0x18A3,0x2945,0x2925,0x2945,0x2925,0x20E4,0x1061,0x0861,0x1062,0x1082,
0x0861,0x0841,0x0841,0x0841,0x0841,0x0841,0x0841,0x0841,0x0841,0x0841,0x0841,0x0841,0x0841,0x0841,0x0841,0x0841,
0x0841,0x0841,0x0841,0x0841,0x0841,0x0841,0x0841,0x0841,0x0841,0x0841,0x0841,0x0841,0x0841,0x0841,0x0841,0x0841,
0x0841,0x0821,0x0841,0x0841,0x0020,0x0020,0x0841,0x0020,0x0020,0x0000,0x1082,0x2104,0x2945,0x2945,0x2104,0x2925,
0x2124,0x2124,0x2124,0x2124,0x2124,0x2124,0x2124,0x2124,0x2124,0x2124,0x2124,0x2124,0x2124,0x2124,0x2124,0x2124,
0x2104,0x2104,0x2104,0x2104,0x2104,0x18E3,0x18C3,0x18C3,0x1082,0x1062,0x0020,0x0020,0x0000,0x0861,0x3186,0x3186,
0x1082,0x0000,0x0000,0x0841,0x2104,0x2945,0x2945,0x2104,0x18C3,0x18E3,0x3166,0x3186,0x2945,0x3186,0x31A6,0x2104,
0x1062,0x18C3,0x2124,0x2945,0x2104,0x0841,0x0000,0x0000,0x0000,0x1061,0x2104,0x2924,0x2924,0x2924,0x2924,0x2924,
0x0862,0x0862,0x0862,0x0862,0x0862,0x0862,0x0862,0x0862,0x0861,0x0862,0x2103,0x1082,0x0862,0x0862,0x0862,0x0862,
0x0862,0x0862,0x0862,0x0862,0x0862,0x0862,0x0862,0x0862,0x0862,0x0862,0x0862,0x0862,0x0862,0x0862,0x0862,0x0862,
0x0862,0x0862,0x0862,0x0862,0x0862,0x0862,0x0862,0x0862,0x0862,0x0862,0x0862,0x0862,0x0862,0x0862,0x0862,0x0862,
0x0862,0x0862,0x0862,0x0862,0x0882,0x0882,0x0862,0x0862,0x0862,0x10A2,0x2123,0x2103,0x2124,0x18A2,0x0862,0x0882,
0x0882,0x0882,0x0882,0x0882,0x0882,0x0882,0x0882,0x0882,0x0882,0x0882,0x0882,0x0882,0x0882,0x0882,0x0882,0x0883,
0x0882,0x0882,0x0883,0x0883,0x0883,0x0883,0x0882,0x0882,0x0882,0x0882,0x0883,0x0882,0x0882,0x0882,0x0882,0x0882,
0x0882,0x0882,0x0882,0x0882,0x0882,0x0882,0x0882,0x0882,0x0882,0x0882,0x0862,0x10A3,0x2103,0x18A2,0x10A2,0x18A2,
0x18C2,0x18C2,0x20E2,0x20E3,0x20E3,0x20E3,0x20E3,0x20E3,0x20E3,0x20E3,0x2103,0x2103,0x2103,0x2103,0x2103,0x20E3,
0x2103,0x2103,0x1062,0x0841,0x0821,0x0841,0x0841,0x0841,0x0841,0x0841,0x0841,0x0821,0x0821,0x0021,0x0821,0x0821,
0x0821,0x0021,0x0021,0x0021,0x0021,0x0021,0x0821,0x0841,0x0841,0x0021,0x0020,0x0020,0x0021,0x0841,0x0861,0x1082,
0x0020,0x0841,0x0841,0x0821,0x0841,0x1082,0x10A2,0x18A3,0x10A2,0x1082,0x1082,0x0841,0x0841,0x0841,0x0861,0x1062,
0x1082,0x20E3,0x18C2,0x18A2,0x2103,0x2923,0x20E3,0x2103,0x2103,0x2103,0x2103,0x2103,0x2103,0x2103,0x2103,0x2103,
0x2103,0x2103,0x20E3,0x1081,0x0000,0x0000,0x18A3,0x2945,0x2945,0x2945,0x20E4,0x1082,0x0820,0x1082,0x1062,0x0841,
0x0821,0x0020,0x0020,0x0000,0x0000,0x0000,0x0020,0x0020,0x0000,0x0000,0x0000,0x0000,0x0000,0x0020,0x0020,0x0020,
0x0000,0x0020,0x0020,0x0020,0x0000,0x0000,0x0000,0x0020,0x0000,0x0000,0x0000,0x0000,0x0000,0x0000,0x0000,0x0020,
0x0020,0x0020,0x0000,0x0000,0x0000,0x0020,0x0000,0x0000,0x0000,0x0841,0x2104,0x2945,0x18E3,0x10A2,0x10A2,0x18C3,
0x18A3,0x18A3,0x18A3,0x18A3,0x18C3,0x18C3,0x18C3,0x18C3,0x18A3,0x18A3,0x18A3,0x18C3,0x18C3,0x18C3,0x18C3,0x18C3,
0x18C3,0x18A3,0x10A2,0x1082,0x1062,0x0861,0x0841,0x0841,0x0841,0x0000,0x0020,0x0020,0x0821,0x18C3,0x3186,0x3186,
0x1082,0x0000,0x0000,0x0841,0x2965,0x3186,0x3186,0x2965,0x2945,0x2104,0x3186,0x3186,0x20E4,0x3186,0x31A6,0x2124,
0x2104,0x3166,0x31A6,0x3186,0x2945,0x0861,0x0000,0x0020,0x0000,0x1061,0x2104,0x2124,0x2924,0x2924,0x2924,0x2924,
0x0862,0x0862,0x0862,0x0862,0x0862,0x0862,0x0862,0x0862,0x0861,0x0862,0x2103,0x1082,0x0862,0x0862,0x0862,0x0862,
0x0862,0x0862,0x0862,0x0862,0x0862,0x0862,0x0862,0x0862,0x0862,0x0862,0x0862,0x0862,0x0862,0x0862,0x0862,0x0862,
0x0862,0x0862,0x0862,0x0862,0x0862,0x0862,0x0862,0x0862,0x0862,0x0862,0x0862,0x0862,0x0862,0x0862,0x0862,0x0862,
0x0862,0x0862,0x0862,0x0862,0x0882,0x0882,0x0862,0x0862,0x1082,0x18E3,0x2123,0x2123,0x2124,0x2103,0x10A3,0x0862,
0x0882,0x0882,0x0882,0x0882,0x0882,0x0882,0x0882,0x0882,0x0882,0x0882,0x0882,0x0882,0x0882,0x0882,0x0882,0x0882,
0x0882,0x0882,0x0883,0x0883,0x0883,0x0883,0x0882,0x0882,0x0882,0x0882,0x0883,0x0882,0x0882,0x0882,0x0882,0x0882,
0x0882,0x0882,0x0882,0x0882,0x0882,0x0882,0x0882,0x0882,0x0882,0x0882,0x0882,0x10A3,0x2103,0x18A2,0x1082,0x10A2,
0x18C2,0x18C2,0x18C2,0x18C2,0x20E2,0x20E3,0x20E3,0x20E3,0x20E3,0x20E3,0x20E3,0x2103,0x20E3,0x20E3,0x20E3,0x20E3,
0x2103,0x2103,0x1082,0x0841,0x0842,0x0841,0x0841,0x0841,0x0020,0x0840,0x0821,0x0821,0x0821,0x0821,0x0841,0x0841,
0x0841,0x0841,0x0821,0x0821,0x0821,0x0841,0x0841,0x0841,0x0821,0x0021,0x0021,0x0841,0x0821,0x0021,0x0841,0x0862,
0x1082,0x1082,0x1082,0x10A2,0x18A3,0x18A3,0x10A2,0x10A2,0x10A2,0x1082,0x0861,0x0841,0x0861,0x0861,0x0861,0x0861,
0x10A2,0x20E3,0x2103,0x20E3,0x18C2,0x2103,0x2903,0x2103,0x2103,0x2103,0x2103,0x2103,0x2103,0x2103,0x2103,0x2903,
0x2103,0x2103,0x20E3,0x1081,0x0000,0x0000,0x10A2,0x2925,0x2945,0x2945,0x10A2,0x0841,0x1061,0x0861,0x0020,0x0000,
0x0000,0x0000,0x0000,0x0000,0x0000,0x0000,0x0020,0x0820,0x0020,0x0020,0x0020,0x0020,0x0020,0x0020,0x0020,0x0020,
0x0841,0x0821,0x0020,0x0821,0x0821,0x0020,0x0000,0x0020,0x0000,0x0020,0x0020,0x0020,0x0020,0x0020,0x0020,0x0020,
0x0020,0x0821,0x0020,0x0020,0x0841,0x0841,0x0861,0x18A3,0x18E3,0x2965,0x10A2,0x0020,0x0000,0x0020,0x0000,0x0000,
0x0020,0x0020,0x0020,0x0020,0x0020,0x0020,0x0000,0x0000,0x0000,0x0000,0x0000,0x0000,0x0000,0x0000,0x0000,0x0000,
0x0000,0x0000,0x0000,0x0000,0x0000,0x0000,0x0000,0x0000,0x0000,0x0020,0x0841,0x0000,0x1062,0x3165,0x3186,0x3186,
0x1082,0x0000,0x0020,0x0821,0x2965,0x3165,0x3186,0x3186,0x3186,0x3166,0x3186,0x3186,0x18C3,0x3186,0x3186,0x3186,
0x3166,0x31A6,0x2965,0x2965,0x2965,0x0861,0x0000,0x0000,0x0000,0x1061,0x2103,0x2124,0x2924,0x2924,0x2924,0x2924,
0x0862,0x0862,0x0862,0x0862,0x0862,0x0862,0x0862,0x0862,0x0841,0x0862,0x2103,0x1082,0x0862,0x0862,0x0862,0x0862,
0x0882,0x0882,0x0882,0x0882,0x0882,0x0862,0x0862,0x0862,0x0862,0x0862,0x0862,0x0862,0x0862,0x0862,0x0862,0x0862,
0x0862,0x0862,0x0862,0x0862,0x0862,0x0862,0x0862,0x0862,0x0862,0x0862,0x0862,0x0862,0x0862,0x0862,0x0862,0x0862,
0x0862,0x0862,0x0862,0x0862,0x0882,0x0882,0x0862,0x0862,0x18A2,0x2103,0x2103,0x2123,0x2103,0x2924,0x2103,0x1081,
0x0882,0x0882,0x0882,0x0882,0x0882,0x0882,0x0882,0x0882,0x0882,0x0882,0x0882,0x0882,0x0882,0x0882,0x0882,0x0882,
0x0882,0x0882,0x0882,0x0882,0x0882,0x0882,0x0882,0x0882,0x0882,0x0882,0x0882,0x0882,0x0882,0x0882,0x0883,0x0883,
0x0882,0x0882,0x0882,0x0882,0x0882,0x0882,0x0882,0x0882,0x0882,0x0882,0x0882,0x10A3,0x2124,0x10A2,0x1082,0x10A2,
0x18A2,0x18C2,0x18C2,0x18C2,0x18C2,0x20E3,0x20E3,0x20E3,0x20E3,0x20E3,0x20E3,0x20E3,0x20E3,0x20E3,0x20E3,0x20E3,
0x20E2,0x2103,0x1082,0x0820,0x0821,0x0821,0x0841,0x0841,0x0020,0x0020,0x0821,0x0821,0x0821,0x0841,0x0821,0x0821,
0x0841,0x0841,0x0841,0x0841,0x0841,0x0841,0x0821,0x0021,0x0020,0x0020,0x0021,0x0841,0x0841,0x0021,0x0021,0x0841,
0x0861,0x0861,0x1062,0x1082,0x10A2,0x1082,0x10A2,0x18C3,0x1082,0x18A3,0x0841,0x0821,0x0821,0x0841,0x0841,0x10A2,
0x18E3,0x20E3,0x2103,0x2103,0x18A2,0x20E3,0x2903,0x20E3,0x2103,0x2103,0x2103,0x2103,0x2103,0x2903,0x2903,0x2903,
0x2103,0x2103,0x20E3,0x1081,0x0000,0x0000,0x10A2,0x2945,0x2945,0x2945,0x0841,0x0841,0x1062,0x0820,0x0000,0x0000,
0x0000,0x0821,0x1062,0x18C3,0x2104,0x2924,0x2124,0x2104,0x2124,0x2104,0x2104,0x2104,0x2104,0x2104,0x2104,0x2124,
0x20E4,0x2104,0x2104,0x2104,0x2104,0x2124,0x2124,0x2124,0x2104,0x2104,0x2104,0x2104,0x2104,0x2104,0x2104,0x2104,
0x2124,0x2104,0x2124,0x2124,0x2124,0x2945,0x2965,0x2965,0x3186,0x2104,0x0000,0x0000,0x0020,0x0000,0x0000,0x0000,
0x0000,0x0000,0x0000,0x0000,0x0000,0x0000,0x0000,0x0000,0x0000,0x0000,0x0000,0x0000,0x0000,0x0000,0x0000,0x0000,
0x0000,0x0000,0x0000,0x0000,0x0000,0x0020,0x0821,0x0841,0x0841,0x1082,0x0841,0x1082,0x2104,0x3186,0x3186,0x3186,
0x1082,0x0000,0x0000,0x0000,0x2945,0x3186,0x3186,0x3186,0x3186,0x31A6,0x3166,0x2965,0x18C3,0x3186,0x3186,0x31A6,
0x3186,0x3186,0x2945,0x2965,0x2965,0x0841,0x0000,0x0000,0x0000,0x1061,0x2103,0x2104,0x2924,0x2924,0x2924,0x2924,
0x0862,0x0862,0x0862,0x0862,0x0862,0x0862,0x0862,0x0862,0x0861,0x0862,0x20E3,0x1082,0x0862,0x0862,0x0862,0x0862,
0x0882,0x0882,0x0882,0x0882,0x0882,0x0882,0x0862,0x0862,0x0862,0x0862,0x0862,0x0862,0x0862,0x0862,0x0862,0x0862,
0x0862,0x0862,0x0862,0x0862,0x0862,0x0862,0x0862,0x0862,0x0862,0x0862,0x0862,0x0862,0x0862,0x0862,0x0862,0x0862,
0x0882,0x0862,0x0862,0x0862,0x0882,0x0882,0x0862,0x1082,0x18E3,0x2104,0x2103,0x2923,0x2103,0x2103,0x2124,0x1082,
0x0882,0x0882,0x0882,0x0882,0x0882,0x0882,0x0882,0x0882,0x0882,0x0882,0x0882,0x0882,0x0883,0x0883,0x0882,0x0882,
0x0882,0x0882,0x0882,0x0882,0x0882,0x0882,0x0883,0x0883,0x0882,0x0882,0x0882,0x0882,0x0882,0x0882,0x0883,0x0883,
0x0882,0x0882,0x0882,0x0882,0x0882,0x0882,0x0882,0x0882,0x0882,0x0882,0x0862,0x10A3,0x2103,0x10A2,0x1082,0x10A2,
0x18A2,0x18C2,0x18C2,0x18C2,0x18C2,0x18C2,0x20E3,0x20E3,0x20E3,0x20E3,0x20E3,0x20E3,0x20E3,0x20E3,0x20E3,0x20E3,
0x20E3,0x20E3,0x18A2,0x0841,0x0821,0x0021,0x0021,0x0821,0x0020,0x0841,0x0841,0x0821,0x0021,0x0821,0x0821,0x0821,
0x0821,0x0821,0x0821,0x0821,0x0821,0x0021,0x0021,0x0021,0x0021,0x0021,0x0021,0x0841,0x0841,0x0841,0x0841,0x0021,
0x0841,0x0861,0x1062,0x1082,0x1082,0x1082,0x18A3,0x18C3,0x1082,0x18C3,0x0841,0x0821,0x0861,0x1062,0x1082,0x18E3,
0x20E3,0x20E3,0x20E3,0x2103,0x18C2,0x20E3,0x20E3,0x2103,0x2103,0x2103,0x2103,0x2903,0x2103,0x2903,0x2903,0x2903,
0x2103,0x2103,0x20E3,0x1082,0x0000,0x0000,0x18A3,0x2945,0x2945,0x2124,0x0821,0x1062,0x0841,0x0020,0x0000,0x0000,
0x0841,0x1082,0x2104,0x2925,0x2925,0x2925,0x2945,0x3186,0x2965,0x2945,0x2945,0x2945,0x2945,0x2945,0x2945,0x2965,
0x3186,0x3166,0x3186,0x3186,0x3165,0x2945,0x2945,0x2945,0x2945,0x2945,0x2945,0x2945,0x2945,0x2945,0x2945,0x2945,
0x2945,0x2965,0x2945,0x2945,0x2945,0x2945,0x2965,0x3186,0x2945,0x1082,0x0000,0x0020,0x0000,0x0000,0x0000,0x0020,
0x0020,0x0020,0x0020,0x0020,0x0020,0x0020,0x0020,0x0020,0x0020,0x0020,0x0020,0x0020,0x0020,0x0020,0x0020,0x0020,
0x0020,0x0020,0x0020,0x0020,0x0821,0x0841,0x1062,0x1082,0x10A2,0x0861,0x0020,0x20E4,0x3186,0x3186,0x31A6,0x3186,
0x1082,0x0000,0x0000,0x0000,0x2925,0x3186,0x3166,0x3166,0x3186,0x3186,0x3186,0x2965,0x18C3,0x2965,0x3186,0x3186,
0x3186,0x3186,0x2945,0x2965,0x2925,0x0841,0x0000,0x0020,0x0000,0x1061,0x2103,0x2104,0x2924,0x2924,0x2924,0x2924,
0x0862,0x0862,0x0862,0x0862,0x0862,0x0862,0x0862,0x0841,0x0841,0x0861,0x18E3,0x1082,0x0862,0x0862,0x0862,0x0862,
0x0882,0x0882,0x0862,0x0862,0x0862,0x0862,0x0862,0x0862,0x0862,0x0862,0x0862,0x0862,0x0862,0x0862,0x0862,0x0862,
0x0862,0x0862,0x0862,0x0862,0x0862,0x0862,0x0862,0x0862,0x0862,0x0862,0x0862,0x0862,0x0862,0x0862,0x0862,0x0862,
0x0862,0x0862,0x0862,0x0862,0x0882,0x0862,0x0862,0x10A3,0x2103,0x2123,0x2103,0x2923,0x2923,0x2123,0x2924,0x18C2,
0x0882,0x0882,0x0882,0x0882,0x0882,0x0882,0x0882,0x0882,0x0882,0x0882,0x0882,0x0882,0x0883,0x0882,0x0882,0x0882,
0x0882,0x0882,0x0882,0x0882,0x0882,0x0882,0x0882,0x0882,0x0883,0x0883,0x0882,0x0882,0x0882,0x0882,0x0883,0x0883,
0x0882,0x0882,0x0883,0x0882,0x0882,0x0882,0x0882,0x0882,0x0882,0x0882,0x0862,0x10A3,0x2104,0x10A2,0x1082,0x10A2,
0x18A2,0x18C2,0x18C3,0x18C2,0x18C2,0x18C2,0x20E2,0x20E3,0x20E3,0x20E3,0x20E3,0x20E3,0x20E3,0x20E3,0x20E3,0x20E3,
0x20E2,0x20E2,0x20E3,0x18C2,0x18C2,0x1061,0x0841,0x0020,0x0021,0x0821,0x0841,0x0821,0x0021,0x0821,0x0821,0x0021,
0x0021,0x0021,0x0021,0x0021,0x0021,0x0021,0x0021,0x0021,0x0021,0x0021,0x0021,0x0021,0x0841,0x0841,0x0841,0x0841,
0x0841,0x0841,0x0861,0x1082,0x1082,0x18C3,0x18C3,0x18A3,0x1082,0x1082,0x0020,0x0841,0x2103,0x2924,0x2124,0x2103,
0x18E2,0x18C2,0x2103,0x2103,0x20E3,0x18C2,0x20E3,0x2103,0x2103,0x2103,0x2103,0x2103,0x2103,0x2903,0x2903,0x2923,
0x2903,0x2103,0x20E3,0x1082,0x0000,0x0000,0x18A3,0x2945,0x2945,0x2104,0x0020,0x1062,0x0020,0x0020,0x0020,0x0000,
0x0861,0x0841,0x0020,0x0000,0x0000,0x0000,0x0000,0x0000,0x0000,0x0000,0x0000,0x0000,0x0000,0x0000,0x0000,0x0000,
0x0020,0x18C3,0x2945,0x18E3,0x0020,0x0000,0x0020,0x0000,0x0000,0x0000,0x0000,0x0000,0x0000,0x0000,0x0000,0x0000,
0x0000,0x0000,0x0000,0x0000,0x0020,0x0000,0x0841,0x2124,0x18E3,0x0000,0x0841,0x1082,0x1082,0x10A2,0x18A3,0x1082,
0x10A2,0x10A2,0x1082,0x10A2,0x10A2,0x10A2,0x10A2,0x10A2,0x10A2,0x10A2,0x10A2,0x10A2,0x10A2,0x10A2,0x10A2,0x10A2,
0x1082,0x10A2,0x10A2,0x10A2,0x10A2,0x1082,0x1062,0x0862,0x0000,0x0861,0x2104,0x31A6,0x3186,0x3186,0x3186,0x3186,
0x1082,0x0000,0x0020,0x0000,0x20E4,0x3166,0x3186,0x3186,0x3186,0x3166,0x3186,0x3166,0x18C3,0x2945,0x3186,0x3186,
0x3186,0x3166,0x2945,0x2965,0x18E3,0x0821,0x0000,0x0000,0x0000,0x0861,0x2103,0x2104,0x2924,0x2924,0x2924,0x2924,
0x0862,0x0862,0x0862,0x0862,0x0862,0x0862,0x0862,0x0841,0x0861,0x0861,0x18E3,0x1081,0x0862,0x0862,0x0862,0x0862,
0x0862,0x0862,0x0862,0x0862,0x0862,0x0862,0x0862,0x0862,0x0862,0x0862,0x0862,0x0862,0x0862,0x0862,0x0862,0x0862,
0x0862,0x0862,0x0862,0x0862,0x0862,0x0862,0x0862,0x0862,0x0862,0x0862,0x0862,0x0862,0x0862,0x0862,0x0862,0x0862,
0x0862,0x0862,0x0862,0x0862,0x0862,0x0861,0x0862,0x18C3,0x2123,0x2123,0x2103,0x2103,0x2103,0x2923,0x2103,0x18E3,
0x0882,0x0882,0x0882,0x0882,0x0882,0x0882,0x0882,0x0882,0x0882,0x0882,0x0882,0x0882,0x0882,0x0882,0x0882,0x0882,
0x0882,0x0882,0x0882,0x0882,0x0882,0x0882,0x0882,0x0882,0x0883,0x0883,0x0883,0x0883,0x0882,0x0882,0x0883,0x0882,
0x0882,0x0882,0x0883,0x0882,0x0882,0x0882,0x0882,0x0882,0x0882,0x0882,0x0862,0x10A3,0x2104,0x10A2,0x1082,0x10A2,
0x18A2,0x18C2,0x18C3,0x18C2,0x18A2,0x18C2,0x18C2,0x20E3,0x20E2,0x20E3,0x20E3,0x20E3,0x20E3,0x20E3,0x20E3,0x20E3,
0x20E2,0x20E2,0x2103,0x20E3,0x20E3,0x18C3,0x1082,0x0821,0x0021,0x0021,0x0841,0x0821,0x0021,0x0821,0x0821,0x0821,
0x0821,0x0021,0x0021,0x0021,0x0021,0x0021,0x0021,0x0021,0x0021,0x0021,0x0021,0x0021,0x0841,0x0841,0x0841,0x0841,
0x0861,0x0861,0x1062,0x1082,0x10A2,0x18A2,0x10A2,0x1082,0x0862,0x0861,0x0821,0x0861,0x2124,0x2944,0x2944,0x2103,
0x2103,0x18C2,0x2103,0x20E3,0x2103,0x18C2,0x2103,0x20E3,0x2103,0x2103,0x2103,0x2103,0x2103,0x2103,0x2103,0x2103,
0x2903,0x2103,0x20E3,0x1081,0x0000,0x0000,0x18A3,0x2945,0x2945,0x18E3,0x0821,0x0861,0x0020,0x0000,0x0020,0x0020,
0x0000,0x0000,0x0000,0x0000,0x0000,0x0000,0x0000,0x0000,0x0000,0x0000,0x0000,0x0000,0x0000,0x0000,0x0000,0x0000,
0x0000,0x0020,0x18A3,0x2124,0x18A3,0x0020,0x0000,0x0020,0x0000,0x0000,0x0000,0x0000,0x0000,0x0000,0x0000,0x0000,
0x0000,0x0020,0x0020,0x0000,0x0821,0x0861,0x18A3,0x18E3,0x0821,0x0841,0x0861,0x0861,0x1062,0x0861,0x0861,0x0861,
0x1062,0x1062,0x0861,0x0861,0x0861,0x0861,0x0861,0x1062,0x1062,0x1062,0x0861,0x0861,0x0861,0x1062,0x1062,0x1062,
0x1062,0x1062,0x0861,0x0861,0x0841,0x0841,0x0861,0x0861,0x2104,0x2945,0x3186,0x3186,0x3186,0x3186,0x3186,0x3186,
0x1082,0x0000,0x0020,0x0000,0x18A3,0x2945,0x3166,0x3186,0x3186,0x3166,0x3186,0x3166,0x10A3,0x2966,0x3186,0x3186,
0x3186,0x2945,0x2925,0x2124,0x1062,0x0000,0x0000,0x0000,0x0000,0x0861,0x2103,0x2104,0x2924,0x2924,0x2924,0x2924,
0x0862,0x0861,0x0862,0x0862,0x0862,0x0862,0x0841,0x0841,0x0841,0x0861,0x18E3,0x1082,0x0862,0x0862,0x0862,0x0862,
0x0862,0x0862,0x0862,0x0862,0x0882,0x0862,0x0862,0x0882,0x0862,0x0862,0x0862,0x0862,0x0862,0x0862,0x0862,0x0862,
0x0862,0x0862,0x0862,0x0862,0x0862,0x0862,0x0862,0x0862,0x0862,0x0862,0x0862,0x0862,0x0862,0x0862,0x0862,0x0862,
0x0862,0x0862,0x0882,0x0862,0x0882,0x0882,0x0861,0x18E3,0x2123,0x2103,0x2103,0x2923,0x2923,0x2923,0x2103,0x2103,
0x0882,0x0882,0x0882,0x0882,0x0882,0x0882,0x0882,0x0882,0x0882,0x0882,0x0882,0x0882,0x0882,0x0883,0x0882,0x0882,
0x0882,0x0882,0x0882,0x0882,0x0882,0x0882,0x0882,0x0882,0x10A3,0x10A3,0x0883,0x0883,0x0882,0x0882,0x1082,0x1082,
0x10A3,0x0882,0x0882,0x0882,0x0882,0x0882,0x0882,0x0882,0x0882,0x0882,0x0882,0x10A3,0x2124,0x10A2,0x1082,0x10A2,
0x18C3,0x18C3,0x18C3,0x18C3,0x18A2,0x18C2,0x20C2,0x20E3,0x20E2,0x20E2,0x20E3,0x20E3,0x20E3,0x20E2,0x20E3,0x20E3,
0x20E3,0x20E2,0x20E3,0x20E3,0x20E3,0x18C3,0x18A3,0x0861,0x0021,0x0021,0x0821,0x0021,0x0020,0x0021,0x0021,0x0021,
0x0821,0x0821,0x0021,0x0021,0x0021,0x0021,0x0021,0x0021,0x0021,0x0021,0x0020,0x0021,0x0021,0x0841,0x0841,0x0841,
0x0861,0x0861,0x1062,0x10A2,0x10A2,0x10A2,0x10A2,0x0841,0x1082,0x0841,0x0021,0x0862,0x2104,0x2124,0x2924,0x2124,
0x2103,0x18C3,0x2103,0x2103,0x20E3,0x18C2,0x20E3,0x2103,0x2103,0x2103,0x2103,0x2103,0x2103,0x2103,0x2103,0x2103,
0x2903,0x2103,0x20E3,0x1081,0x0000,0x0000,0x18A3,0x2965,0x2965,0x20E4,0x0821,0x0841,0x0020,0x0000,0x0000,0x0000,
0x0000,0x0000,0x0000,0x0000,0x0020,0x0000,0x0000,0x0000,0x0000,0x0000,0x0000,0x0000,0x0000,0x0000,0x0000,0x0000,
0x0020,0x0000,0x0821,0x2104,0x2925,0x0020,0x0020,0x0020,0x0000,0x0000,0x0000,0x0000,0x0020,0x0020,0x0000,0x0000,
0x0020,0x0000,0x0000,0x0841,0x1062,0x0861,0x2124,0x10A2,0x0841,0x0841,0x0861,0x0861,0x0841,0x0841,0x0861,0x0861,
0x0861,0x1062,0x0861,0x0861,0x0861,0x0861,0x0861,0x0861,0x1062,0x0861,0x0861,0x0841,0x0841,0x0861,0x0861,0x0861,
0x0861,0x1062,0x1082,0x18A3,0x18C3,0x18E4,0x2104,0x2125,0x3166,0x3186,0x3186,0x3186,0x3186,0x3166,0x3166,0x3166,
0x1082,0x0000,0x0020,0x0000,0x1082,0x2924,0x3186,0x3166,0x3166,0x2965,0x3186,0x2966,0x10A2,0x2965,0x3186,0x3186,
0x3166,0x2945,0x2965,0x18E3,0x0841,0x0000,0x0000,0x0000,0x0000,0x1061,0x2103,0x2924,0x2924,0x2924,0x2924,0x2924,
0x0862,0x0861,0x0862,0x0862,0x0862,0x0862,0x0841,0x0841,0x0841,0x0861,0x18E3,0x1082,0x0862,0x0862,0x0862,0x0862,
0x0862,0x0862,0x0862,0x0862,0x0862,0x0862,0x0862,0x1082,0x10A3,0x1082,0x0862,0x0862,0x0862,0x0862,0x0862,0x0882,
0x0862,0x0862,0x0862,0x0862,0x0862,0x0862,0x0862,0x0862,0x0862,0x0862,0x0862,0x0862,0x0862,0x0862,0x0862,0x0862,
0x0862,0x0862,0x0882,0x0882,0x0882,0x0882,0x0861,0x2104,0x2123,0x2923,0x2923,0x2923,0x2923,0x2923,0x2103,0x2103,
0x0882,0x0882,0x0882,0x0882,0x0882,0x0882,0x0882,0x0882,0x0882,0x0882,0x0882,0x0882,0x0882,0x0882,0x0882,0x0882,
0x0882,0x0882,0x0882,0x0862,0x0882,0x0882,0x0882,0x0882,0x0883,0x0882,0x0882,0x0883,0x0882,0x1082,0x18C3,0x18C3,
0x0882,0x0882,0x0882,0x0882,0x0882,0x0882,0x0882,0x0882,0x0882,0x0882,0x0862,0x10A3,0x2124,0x10A2,0x1082,0x10A2,
0x10A2,0x10A2,0x18C2,0x18C3,0x18A2,0x18C2,0x20C2,0x20E3,0x20E2,0x20E2,0x20E2,0x20E3,0x20E3,0x20E3,0x20E3,0x20E3,
0x20E2,0x20E2,0x20E3,0x18C2,0x18C2,0x18C2,0x1082,0x0841,0x0021,0x0821,0x0841,0x0821,0x0021,0x0821,0x0821,0x0821,
0x0021,0x0021,0x0021,0x0021,0x0021,0x0021,0x0021,0x0021,0x0020,0x0021,0x0021,0x0841,0x0841,0x0841,0x0841,0x0841,
0x0862,0x1062,0x0861,0x1082,0x1082,0x10A2,0x0841,0x0861,0x18C3,0x0861,0x0841,0x1082,0x2104,0x2104,0x2924,0x2124,
0x2103,0x18C2,0x2103,0x20E3,0x2103,0x18C2,0x20E2,0x2103,0x2103,0x2103,0x2103,0x2103,0x2103,0x2103,0x2103,0x2103,
0x2903,0x2103,0x20E3,0x1081,0x0000,0x0000,0x18A3,0x2965,0x2945,0x2925,0x0841,0x0821,0x0000,0x0000,0x0020,0x0000,
0x0000,0x0000,0x0020,0x0000,0x0000,0x0000,0x0000,0x0020,0x0000,0x0000,0x0000,0x0000,0x0000,0x0000,0x0000,0x0020,
0x0000,0x0821,0x0000,0x0841,0x18A3,0x2104,0x0020,0x0020,0x0841,0x0841,0x0841,0x0841,0x0841,0x0821,0x0821,0x0821,
0x0841,0x0821,0x1062,0x1082,0x0861,0x20E4,0x2945,0x2124,0x2925,0x2124,0x2124,0x2925,0x2124,0x2925,0x2945,0x2104,
0x2104,0x2124,0x2945,0x2965,0x2945,0x2925,0x2124,0x2925,0x2124,0x2925,0x2945,0x2945,0x2945,0x2945,0x2945,0x2945,
0x2945,0x2945,0x2965,0x2965,0x2965,0x2965,0x3166,0x3186,0x3186,0x3186,0x3186,0x3186,0x3186,0x3186,0x3166,0x2965,
0x1082,0x0000,0x0020,0x0000,0x0000,0x0861,0x2104,0x3186,0x3166,0x3166,0x3186,0x3166,0x10A3,0x2965,0x3186,0x3186,
0x2945,0x2945,0x2104,0x0821,0x0000,0x0000,0x0000,0x0020,0x0000,0x1061,0x2103,0x2924,0x2924,0x2924,0x2924,0x2924,
0x0861,0x0861,0x0861,0x0861,0x0862,0x0861,0x0841,0x0841,0x0841,0x0861,0x18E3,0x1082,0x0862,0x0862,0x0862,0x0862,
0x0862,0x0862,0x0862,0x0862,0x0862,0x0862,0x0882,0x10A2,0x18E3,0x18C2,0x10A2,0x1081,0x0861,0x0861,0x0862,0x0862,
0x0862,0x0862,0x0862,0x0862,0x0862,0x0862,0x0862,0x0862,0x0862,0x0862,0x0862,0x0862,0x0862,0x0862,0x0862,0x0862,
0x0862,0x0862,0x0882,0x0882,0x0862,0x0862,0x0861,0x2104,0x2123,0x2923,0x2923,0x2943,0x2923,0x2923,0x2123,0x2123,
0x0882,0x0882,0x0882,0x0882,0x0882,0x0882,0x0882,0x0882,0x0882,0x0882,0x0882,0x0882,0x0882,0x0882,0x0882,0x0882,
0x0883,0x0882,0x0882,0x0882,0x0882,0x0882,0x0882,0x0862,0x0882,0x1083,0x0882,0x1082,0x18C2,0x2104,0x2924,0x2103,
0x0882,0x0882,0x0882,0x0882,0x0882,0x0882,0x0882,0x0882,0x0882,0x0882,0x0882,0x10A3,0x2104,0x10A2,0x1082,0x10A2,
0x10A2,0x10A2,0x18A2,0x18C3,0x18C2,0x18C2,0x18C2,0x18C2,0x20E2,0x20E2,0x20E3,0x20E3,0x20E3,0x20E3,0x20E3,0x20E3,
0x20E2,0x20E2,0x20E3,0x1081,0x1082,0x1082,0x0841,0x0841,0x0821,0x0841,0x0841,0x0821,0x0021,0x0021,0x0021,0x0021,
0x0021,0x0021,0x0021,0x0021,0x0021,0x0021,0x0021,0x0021,0x0821,0x0821,0x0821,0x0821,0x0841,0x0841,0x0841,0x0841,
0x0841,0x0862,0x1062,0x1062,0x1082,0x0862,0x0841,0x10A2,0x18C3,0x0841,0x0862,0x10A2,0x18E3,0x2124,0x2945,0x2124,
0x20E3,0x10A2,0x20E3,0x20E3,0x20E3,0x18C2,0x20E3,0x2103,0x2103,0x2103,0x2103,0x2103,0x2103,0x2903,0x2103,0x2903,
0x2903,0x2103,0x20E3,0x1081,0x0000,0x0000,0x18A3,0x2965,0x2965,0x2945,0x0862,0x0821,0x0020,0x0000,0x0020,0x0000,
0x0000,0x0000,0x0000,0x0820,0x0841,0x0841,0x0821,0x0020,0x0020,0x0020,0x0020,0x0000,0x0000,0x0000,0x0000,0x0000,
0x0020,0x0020,0x0020,0x0000,0x0020,0x2925,0x20E4,0x0841,0x0821,0x0841,0x1082,0x1082,0x10A2,0x10A2,0x10A2,0x10A2,
0x1082,0x18A3,0x1082,0x0841,0x2104,0x2124,0x0841,0x0821,0x0020,0x0020,0x0020,0x0020,0x0000,0x0000,0x0020,0x0821,
0x0821,0x0841,0x2104,0x18C3,0x0861,0x0020,0x0020,0x0841,0x0020,0x0821,0x0841,0x0841,0x0841,0x0841,0x0841,0x0841,
0x0861,0x0861,0x0861,0x0861,0x1062,0x1082,0x10A2,0x18C3,0x2104,0x2924,0x2965,0x3186,0x3166,0x2965,0x2945,0x3186,
0x1082,0x0020,0x0000,0x0000,0x0020,0x0000,0x0861,0x2945,0x2965,0x2965,0x2965,0x2965,0x10A2,0x2945,0x3186,0x3186,
0x2945,0x18A3,0x0841,0x0000,0x0020,0x0020,0x0000,0x0000,0x0000,0x1061,0x2103,0x2924,0x2924,0x2924,0x2924,0x2924,
0x0861,0x0861,0x0861,0x0861,0x0861,0x0861,0x0841,0x0841,0x0841,0x0861,0x18E3,0x1082,0x0862,0x0862,0x0862,0x0862,
0x0862,0x0862,0x0862,0x0862,0x0862,0x0862,0x1082,0x10C3,0x2103,0x18E3,0x18E3,0x10A2,0x0862,0x0862,0x0862,0x0842,
0x0862,0x0862,0x0862,0x0862,0x0862,0x0862,0x0862,0x0862,0x0862,0x0862,0x0862,0x0862,0x0862,0x0862,0x0862,0x0862,
0x0862,0x0862,0x0882,0x0882,0x0862,0x0862,0x1061,0x2124,0x2103,0x2923,0x2923,0x2923,0x2923,0x2923,0x2123,0x2123,
0x0882,0x0882,0x0882,0x0882,0x0882,0x0882,0x0882,0x0882,0x0882,0x0882,0x0882,0x0882,0x0882,0x0882,0x0882,0x0882,
0x0882,0x0882,0x0883,0x0883,0x0882,0x0862,0x0882,0x0882,0x0882,0x0882,0x0882,0x18C3,0x2124,0x2124,0x2924,0x2103,
0x0882,0x0882,0x0882,0x0882,0x0882,0x0882,0x0882,0x0882,0x0882,0x0882,0x0882,0x10A3,0x2104,0x10A2,0x1082,0x10A2,
0x10A2,0x10A2,0x10A2,0x18C2,0x18C2,0x18C3,0x18C2,0x18C2,0x20E2,0x20E2,0x20E3,0x20E2,0x20E2,0x20E2,0x20E3,0x20E3,
0x20E2,0x20E2,0x18A2,0x0861,0x1061,0x1082,0x0841,0x0841,0x0020,0x0020,0x0021,0x0021,0x0021,0x0021,0x0021,0x0021,
0x0821,0x0821,0x0821,0x0821,0x0021,0x0021,0x0021,0x0021,0x0021,0x0021,0x0021,0x0841,0x0841,0x0841,0x0861,0x0861,
0x0841,0x0841,0x0862,0x1062,0x0861,0x0841,0x1082,0x10A3,0x18C3,0x0841,0x1062,0x1082,0x20E4,0x2945,0x3165,0x2104,
0x18E3,0x1082,0x20E3,0x18C3,0x18E3,0x18C2,0x18E2,0x2103,0x2103,0x2103,0x2103,0x2103,0x2103,0x2903,0x2103,0x2103,
0x2103,0x2103,0x20E3,0x1081,0x0000,0x0000,0x10A2,0x2965,0x2965,0x2945,0x18A3,0x0821,0x0000,0x0020,0x0000,0x0000,
0x0000,0x0000,0x0020,0x0841,0x1062,0x1062,0x1082,0x1082,0x1082,0x1062,0x0861,0x0841,0x0841,0x0841,0x0821,0x0821,
0x0020,0x0000,0x0000,0x0020,0x0000,0x18A3,0x2945,0x2124,0x18C3,0x10A2,0x1082,0x0841,0x0841,0x0841,0x0841,0x0861,
0x0861,0x0841,0x0861,0x18A3,0x2124,0x10A2,0x0000,0x0020,0x0000,0x0020,0x0000,0x0000,0x0821,0x0000,0x0000,0x0020,
0x0841,0x0821,0x2104,0x0861,0x0020,0x0000,0x0020,0x0000,0x0020,0x0000,0x0000,0x0000,0x0000,0x0000,0x0000,0x0000,
0x0000,0x0000,0x0000,0x0020,0x0020,0x0020,0x0020,0x0020,0x0841,0x0861,0x18A3,0x2925,0x2965,0x3186,0x2965,0x2965,
0x1062,0x0020,0x0000,0x0020,0x0841,0x0000,0x0000,0x10A2,0x2945,0x3166,0x2966,0x2965,0x10A2,0x2945,0x3186,0x2965,
0x1062,0x0000,0x0821,0x1082,0x1082,0x0841,0x0000,0x0000,0x0000,0x1061,0x2103,0x2924,0x2924,0x2924,0x2924,0x2924,
0x0861,0x0861,0x0861,0x0861,0x0861,0x0861,0x0841,0x0841,0x0841,0x0841,0x18E3,0x1082,0x0862,0x0862,0x0862,0x0862,
0x0862,0x0862,0x0862,0x0862,0x0862,0x0862,0x1082,0x18C3,0x2103,0x20E3,0x20E3,0x20E2,0x18C2,0x1081,0x0862,0x0862,
0x0862,0x0862,0x0862,0x0862,0x0862,0x0862,0x0862,0x0862,0x0862,0x0862,0x0862,0x0862,0x0862,0x0862,0x0862,0x0862,
0x0862,0x0862,0x0882,0x0882,0x0862,0x0862,0x1061,0x2104,0x2103,0x2123,0x2923,0x2923,0x2923,0x2923,0x2923,0x2923,
0x0882,0x0882,0x0882,0x0882,0x0882,0x0882,0x0882,0x0882,0x0882,0x0882,0x0882,0x0882,0x0882,0x0882,0x0882,0x0882,
0x0883,0x0882,0x0882,0x0882,0x0882,0x0882,0x0882,0x1083,0x1082,0x10A2,0x18C2,0x2123,0x2923,0x2923,0x2123,0x2103,
0x0882,0x0882,0x0882,0x0862,0x0882,0x0882,0x0882,0x0882,0x0882,0x0882,0x0882,0x10A3,0x2104,0x10A2,0x1082,0x10A2,
0x10A2,0x10A2,0x18A2,0x18C2,0x18C2,0x18C2,0x18C2,0x18C2,0x20E2,0x20E2,0x20E3,0x20E2,0x20E2,0x20E3,0x20E3,0x20E3,
0x18C3,0x18E3,0x1062,0x0841,0x1062,0x1062,0x0841,0x0841,0x0020,0x0020,0x0020,0x0021,0x0021,0x0021,0x0021,0x0021,
0x0821,0x0821,0x0821,0x0021,0x0021,0x0021,0x0021,0x0021,0x0021,0x0021,0x0021,0x0821,0x0841,0x0841,0x0841,0x0841,
0x0861,0x0861,0x0841,0x0862,0x0841,0x1082,0x1062,0x10A2,0x10A2,0x0861,0x1082,0x10A2,0x2124,0x2965,0x2945,0x18E3,
0x18E3,0x10A2,0x18E3,0x18C3,0x18C2,0x18A2,0x18C3,0x2104,0x2103,0x2103,0x2103,0x2103,0x2903,0x2903,0x2903,0x2103,
0x2103,0x20E3,0x20E3,0x1081,0x0000,0x0000,0x10A2,0x2965,0x2945,0x2965,0x2125,0x1082,0x0020,0x0000,0x0020,0x0000,
0x0020,0x0020,0x0020,0x0821,0x0841,0x1061,0x1062,0x0861,0x1062,0x1082,0x1082,0x1082,0x10A2,0x10A2,0x1082,0x1082,
0x10A2,0x10A2,0x1082,0x1082,0x1082,0x2925,0x2124,0x18C3,0x18E3,0x20E4,0x2104,0x2124,0x2104,0x20E4,0x18E3,0x18C3,
0x18A3,0x20E4,0x2104,0x2124,0x0841,0x0020,0x0841,0x0841,0x0841,0x0841,0x0841,0x0020,0x0821,0x0821,0x0841,0x0861,
0x0841,0x18C3,0x2945,0x18E3,0x18E3,0x18E3,0x18E3,0x18A3,0x1082,0x1082,0x1082,0x1062,0x0861,0x0861,0x0841,0x0841,
0x0821,0x0020,0x0000,0x0000,0x0000,0x0000,0x0000,0x0000,0x0000,0x0000,0x0000,0x0821,0x1082,0x2925,0x2965,0x2945,
0x1082,0x0000,0x0841,0x2104,0x2924,0x2124,0x18C3,0x1082,0x18E3,0x2965,0x3186,0x2966,0x10A2,0x2965,0x3186,0x2104,
0x1082,0x2104,0x2945,0x3186,0x31A6,0x2965,0x18A3,0x0000,0x0000,0x1061,0x2103,0x2104,0x2924,0x2924,0x2924,0x2924,
0x0861,0x0861,0x0861,0x0861,0x0861,0x0861,0x0841,0x0841,0x0841,0x0841,0x18E3,0x1082,0x0862,0x0862,0x0862,0x0862,
0x0862,0x0862,0x0862,0x0862,0x0862,0x0862,0x1082,0x18C3,0x2103,0x20E3,0x20E3,0x2103,0x18E3,0x18C2,0x1082,0x0862,
0x0862,0x0862,0x0862,0x0862,0x0862,0x0862,0x0862,0x0862,0x0862,0x0862,0x0862,0x0862,0x0862,0x0862,0x0862,0x0862,
0x0862,0x0862,0x0882,0x0882,0x0862,0x0862,0x1061,0x2104,0x2103,0x2103,0x2123,0x2123,0x2923,0x2923,0x2923,0x2923,
0x0882,0x0882,0x0882,0x0882,0x0882,0x0882,0x0882,0x0882,0x0882,0x0882,0x0882,0x0882,0x0882,0x0882,0x0882,0x0882,
0x0883,0x0882,0x0882,0x0882,0x0882,0x0882,0x0862,0x0862,0x10A2,0x2104,0x2944,0x2124,0x2123,0x2944,0x2944,0x2103,
0x0882,0x0882,0x0882,0x0882,0x0882,0x0882,0x0882,0x0882,0x0882,0x0882,0x0882,0x10A3,0x2104,0x10A2,0x1082,0x10A2,
0x10A2,0x10A2,0x18A2,0x18C2,0x18C2,0x18C2,0x18C2,0x18C2,0x20C2,0x20E2,0x20E2,0x20E2,0x20E3,0x20E3,0x20E3,0x18C2,
0x10A2,0x10A2,0x0821,0x0841,0x1062,0x0862,0x0841,0x0821,0x0020,0x0020,0x0020,0x0821,0x0841,0x0841,0x0841,0x0841,
0x0021,0x0021,0x0021,0x0021,0x0021,0x0821,0x0821,0x0821,0x0841,0x0021,0x0021,0x0020,0x0021,0x0021,0x0841,0x0841,
0x0841,0x0841,0x0861,0x0841,0x1082,0x18C3,0x1082,0x18C3,0x1062,0x0861,0x1082,0x18C3,0x2924,0x2104,0x20E3,0x18C3,
0x18C3,0x18A3,0x18C3,0x18C3,0x18A2,0x18A2,0x18E3,0x2104,0x2103,0x2103,0x2103,0x2103,0x2903,0x2903,0x2103,0x2103,
0x2103,0x20E3,0x20E3,0x1081,0x0000,0x0000,0x10A2,0x2965,0x2945,0x2965,0x2965,0x2104,0x1062,0x0000,0x0000,0x0020,
0x0000,0x0000,0x0000,0x0020,0x1062,0x20E3,0x2104,0x20E4,0x10A2,0x1082,0x0861,0x0821,0x0820,0x0821,0x0841,0x0841,
0x0841,0x0841,0x0861,0x18C3,0x2965,0x18E3,0x0020,0x0821,0x0000,0x0020,0x0821,0x0841,0x0841,0x1082,0x18C3,0x2104,
0x2965,0x2965,0x2965,0x2124,0x1062,0x0821,0x0841,0x0861,0x0861,0x0861,0x1082,0x1082,0x1062,0x1082,0x10A2,0x0861,
0x10A2,0x2965,0x18C3,0x1062,0x1062,0x1082,0x18C3,0x20E4,0x2104,0x2124,0x2945,0x2945,0x2945,0x2945,0x2925,0x2925,
0x2924,0x2104,0x18C3,0x10A2,0x1062,0x0841,0x0841,0x0820,0x0000,0x0020,0x0000,0x0000,0x0020,0x18A3,0x2945,0x3166,
0x1082,0x0000,0x1082,0x2965,0x3165,0x3166,0x3186,0x3165,0x2965,0x31A6,0x3186,0x2965,0x1082,0x2945,0x31A6,0x3186,
0x3166,0x3186,0x3186,0x3186,0x3186,0x31A6,0x20E4,0x0000,0x0000,0x1061,0x2103,0x2104,0x2924,0x2924,0x2924,0x2924,
0x0861,0x0861,0x0861,0x0861,0x0861,0x0861,0x0841,0x0841,0x0841,0x0841,0x18E3,0x1082,0x0862,0x0862,0x0862,0x0862,
0x0882,0x0862,0x0882,0x0862,0x0862,0x0862,0x1062,0x18A3,0x20E3,0x20E3,0x20E3,0x20E2,0x20E3,0x20E3,0x18C2,0x1081,
0x0882,0x0862,0x0862,0x0862,0x0862,0x0862,0x0862,0x0862,0x0862,0x0862,0x0862,0x0862,0x0862,0x0862,0x0862,0x0862,
0x0862,0x0862,0x0882,0x0882,0x0862,0x0862,0x0861,0x2104,0x2103,0x2103,0x2103,0x2123,0x2923,0x2923,0x2923,0x2923,
0x1082,0x0882,0x0882,0x0882,0x0882,0x0882,0x0882,0x0882,0x0882,0x0882,0x0882,0x0882,0x0882,0x0882,0x0882,0x0882,
0x0882,0x0882,0x0883,0x0883,0x0883,0x0882,0x1082,0x1082,0x2103,0x2103,0x2923,0x2923,0x2923,0x2923,0x2123,0x2103,
0x0882,0x0882,0x0882,0x0882,0x0882,0x0882,0x0882,0x0882,0x0882,0x0882,0x0882,0x10A2,0x2103,0x10A2,0x1082,0x10A2,
0x10A2,0x10A2,0x18A2,0x18C3,0x18C2,0x18C2,0x20C2,0x20C2,0x20E2,0x20E2,0x20E2,0x20E2,0x20E3,0x20E3,0x18C2,0x1081,
0x1062,0x1062,0x0021,0x0841,0x0862,0x0862,0x0841,0x0021,0x0821,0x0021,0x0021,0x0821,0x0841,0x0841,0x0841,0x0841,
0x0841,0x0821,0x0821,0x0021,0x0021,0x0021,0x0821,0x0821,0x0821,0x0021,0x0021,0x0021,0x0841,0x0841,0x0861,0x1062,
0x0861,0x0841,0x0862,0x0841,0x1082,0x10A3,0x10A2,0x18C3,0x0841,0x0861,0x1082,0x18C3,0x2104,0x18C3,0x18A3,0x18C3,
0x18A3,0x18C3,0x18C3,0x18E3,0x10A2,0x10A3,0x18C3,0x20E3,0x2103,0x2103,0x2103,0x2103,0x2103,0x2103,0x2103,0x2103,
0x2103,0x20E3,0x20E3,0x1081,0x0000,0x0000,0x10A2,0x2965,0x2945,0x2945,0x2945,0x2965,0x20E3,0x0841,0x0000,0x0020,
0x0000,0x0020,0x0020,0x0000,0x0821,0x1082,0x20E4,0x2104,0x2124,0x2124,0x2104,0x2104,0x20E4,0x18C3,0x10A2,0x1082,
0x1082,0x10A2,0x20E4,0x2924,0x2104,0x0841,0x0020,0x0000,0x0000,0x0000,0x0000,0x0000,0x0000,0x0000,0x0821,0x0861,
0x1082,0x2104,0x3165,0x2945,0x2924,0x2104,0x18E3,0x18A3,0x1082,0x0861,0x0841,0x0841,0x0861,0x1062,0x1062,0x0841,
0x2104,0x2104,0x0821,0x0000,0x0000,0x0020,0x0020,0x0841,0x0841,0x0861,0x1082,0x10A2,0x18A3,0x18C3,0x18C3,0x18C3,
0x18E3,0x20E4,0x20E4,0x20E4,0x20E4,0x18E3,0x18C3,0x18C3,0x10A2,0x1062,0x0841,0x0020,0x0020,0x0821,0x2104,0x2965,
0x1062,0x0000,0x1082,0x2965,0x3186,0x3166,0x3166,0x3186,0x3186,0x3186,0x2966,0x3186,0x10A3,0x2925,0x3166,0x3186,
0x3186,0x3166,0x3186,0x31A6,0x2965,0x2965,0x2104,0x0000,0x0000,0x0861,0x2103,0x2104,0x2924,0x2924,0x2924,0x2924,
0x0861,0x0861,0x0861,0x0861,0x0861,0x0861,0x0841,0x0841,0x0841,0x0841,0x18E3,0x1082,0x0862,0x0862,0x0862,0x0862,
0x0882,0x0862,0x0862,0x0862,0x0862,0x0862,0x1062,0x18A3,0x20E3,0x20E3,0x20E2,0x20E3,0x2103,0x20E3,0x18E3,0x18C3,
0x1082,0x0862,0x0862,0x0862,0x0862,0x0862,0x0862,0x0862,0x0862,0x0862,0x0862,0x0862,0x0862,0x0862,0x0862,0x0862,
0x0862,0x0862,0x0882,0x0862,0x0862,0x0862,0x0861,0x2103,0x2123,0x2123,0x2123,0x2123,0x2123,0x2923,0x2923,0x2923,
0x1082,0x0882,0x0882,0x0882,0x0882,0x0882,0x0882,0x0882,0x0883,0x0883,0x0882,0x0882,0x0882,0x0882,0x0882,0x0882,
0x0882,0x0882,0x0883,0x0882,0x0882,0x0882,0x10C3,0x1904,0x2123,0x2924,0x2923,0x2923,0x2923,0x2923,0x2924,0x2103,
0x0882,0x0882,0x0882,0x0882,0x0882,0x0882,0x0882,0x0882,0x0882,0x0882,0x0882,0x10A2,0x2103,0x1082,0x1082,0x10A2,
0x10A2,0x10A2,0x18C2,0x18C3,0x18C2,0x18C3,0x20C2,0x20C2,0x20E2,0x20E2,0x20E2,0x20E2,0x20E3,0x20E2,0x1081,0x0841,
0x0862,0x0862,0x0841,0x0841,0x0841,0x0862,0x0841,0x0841,0x0821,0x0021,0x0021,0x0821,0x0841,0x0841,0x0841,0x0841,
0x0841,0x0841,0x0841,0x0021,0x0021,0x0021,0x0021,0x0021,0x0021,0x0021,0x0841,0x0841,0x0841,0x0841,0x0841,0x0841,
0x18C3,0x18C3,0x0861,0x10A3,0x1082,0x1082,0x10A3,0x0861,0x0841,0x0861,0x1082,0x18C3,0x18E3,0x1082,0x10A2,0x10A2,
0x10A3,0x18E3,0x18C3,0x20E4,0x10A2,0x10A3,0x18C3,0x18C3,0x2923,0x2103,0x2103,0x2103,0x2103,0x2103,0x2103,0x2903,
0x2103,0x20E3,0x20E3,0x1081,0x0000,0x0000,0x10A2,0x2965,0x2965,0x2945,0x2965,0x2965,0x2945,0x2104,0x0821,0x0000,
0x0000,0x0000,0x0000,0x0000,0x0000,0x0000,0x0000,0x0000,0x0000,0x0821,0x0861,0x10A2,0x18E3,0x2124,0x2945,0x2945,
0x2945,0x2945,0x18E3,0x0861,0x0000,0x0821,0x0841,0x0841,0x0841,0x0020,0x0020,0x0020,0x0020,0x0020,0x0841,0x0861,
0x1062,0x2925,0x18A3,0x0020,0x0020,0x0821,0x0861,0x18C3,0x2104,0x2945,0x2104,0x18C3,0x18C3,0x1082,0x1082,0x2104,
0x2104,0x0841,0x0841,0x1062,0x1082,0x1082,0x1062,0x1062,0x0841,0x0841,0x0020,0x0020,0x0000,0x0000,0x0000,0x0000,
0x0000,0x0000,0x0000,0x0000,0x0000,0x0000,0x0000,0x0000,0x0020,0x0020,0x0020,0x0020,0x0000,0x0000,0x2104,0x2965,
0x1082,0x0000,0x1082,0x3166,0x2965,0x2965,0x3186,0x3166,0x3186,0x3186,0x2966,0x2965,0x1082,0x2945,0x3186,0x3186,
0x3186,0x31A6,0x3186,0x3166,0x2945,0x2965,0x20E4,0x0000,0x0000,0x0861,0x2103,0x2104,0x2924,0x2924,0x2924,0x2924,
0x0861,0x0861,0x0861,0x0861,0x0861,0x0861,0x0841,0x0841,0x0841,0x0841,0x18E3,0x1081,0x0862,0x0862,0x0862,0x0862,
0x0862,0x0862,0x0882,0x0862,0x0862,0x0862,0x1062,0x18A3,0x20E3,0x20E3,0x20E3,0x20E3,0x20E3,0x20E3,0x20E2,0x20E3,
0x18C2,0x1081,0x0861,0x0862,0x0862,0x0862,0x0862,0x0882,0x0862,0x0862,0x0862,0x0862,0x0862,0x0862,0x0882,0x0882,
0x0882,0x0862,0x0862,0x0862,0x0862,0x0862,0x0861,0x18E3,0x2103,0x2923,0x2923,0x2923,0x2923,0x2923,0x2123,0x2103,
0x0882,0x0882,0x0882,0x0882,0x0882,0x0882,0x0882,0x0882,0x0883,0x0882,0x0882,0x0883,0x0882,0x0882,0x0862,0x0862,
0x0882,0x0882,0x0862,0x0882,0x1082,0x10A2,0x2123,0x2923,0x2924,0x2944,0x2923,0x2923,0x2923,0x2123,0x2924,0x20E3,
0x0882,0x0882,0x0883,0x0882,0x0882,0x0882,0x0882,0x0882,0x0882,0x0882,0x0882,0x10A3,0x2104,0x10A2,0x1082,0x10A2,
0x10A2,0x18A2,0x18A2,0x18C2,0x18C2,0x18C2,0x20C2,0x20C2,0x20E2,0x20E2,0x20E2,0x20E3,0x20E3,0x1082,0x0841,0x0841,
0x0841,0x0841,0x0841,0x0841,0x0841,0x0841,0x0841,0x0841,0x0021,0x0021,0x0020,0x0021,0x0821,0x0841,0x0841,0x0821,
0x0841,0x0841,0x0841,0x0841,0x0841,0x0841,0x0841,0x0020,0x0021,0x0021,0x0021,0x0821,0x0841,0x0821,0x0021,0x0821,
0x0821,0x0861,0x1062,0x1082,0x1062,0x1082,0x10A3,0x0861,0x0841,0x0861,0x1062,0x1082,0x1062,0x1082,0x10A2,0x10A3,
0x18C3,0x18C3,0x18A3,0x2104,0x10A2,0x18C3,0x18C3,0x2104,0x2124,0x2924,0x2924,0x2103,0x2103,0x2103,0x2923,0x2903,
0x2103,0x2103,0x20E3,0x1081,0x0000,0x0020,0x10A3,0x2945,0x2965,0x2945,0x2945,0x2945,0x2945,0x2945,0x2104,0x1082,
0x0000,0x0020,0x0020,0x0000,0x0000,0x0020,0x0020,0x0000,0x0000,0x0000,0x0020,0x0020,0x0020,0x0820,0x0821,0x0841,
0x0861,0x0841,0x0020,0x0000,0x0020,0x0821,0x0841,0x0861,0x1082,0x1082,0x1062,0x0861,0x1082,0x1062,0x0861,0x1082,
0x2104,0x1082,0x0020,0x0000,0x0000,0x0000,0x0000,0x0020,0x0020,0x0841,0x1062,0x1082,0x18A3,0x20E4,0x2945,0x2965,
0x2945,0x2124,0x20E4,0x10A2,0x0861,0x0841,0x0841,0x1082,0x1082,0x1082,0x1082,0x1062,0x1062,0x0861,0x0841,0x0821,
0x0020,0x0000,0x0020,0x0020,0x0000,0x0000,0x0020,0x0000,0x0000,0x0020,0x0000,0x0841,0x0841,0x1082,0x3166,0x2945,
0x1082,0x0000,0x1062,0x2965,0x3186,0x3166,0x3166,0x3166,0x3166,0x3186,0x3166,0x2945,0x1082,0x2925,0x3186,0x3186,
0x3186,0x3186,0x3186,0x3166,0x2965,0x2965,0x2104,0x0000,0x0000,0x0861,0x20E3,0x2104,0x2924,0x2924,0x2924,0x2924,
0x0841,0x0841,0x0841,0x0841,0x0861,0x0861,0x0841,0x0841,0x0841,0x0841,0x18E3,0x1081,0x0862,0x0862,0x0862,0x0862,
0x0862,0x0862,0x0882,0x0862,0x0862,0x0862,0x0862,0x10A3,0x20E3,0x20E2,0x20E3,0x20E3,0x20E3,0x20E3,0x20E3,0x20E2,
0x18E3,0x18C2,0x0882,0x0841,0x0882,0x0882,0x0862,0x0882,0x0862,0x0862,0x0862,0x0862,0x0882,0x0862,0x0882,0x0882,
0x0882,0x0862,0x0862,0x0862,0x0862,0x0862,0x0861,0x18E3,0x2103,0x2923,0x2923,0x2923,0x2923,0x2923,0x2123,0x2103,
0x0882,0x0882,0x0882,0x0882,0x0882,0x0882,0x0882,0x0882,0x0882,0x0882,0x0882,0x0883,0x0882,0x0882,0x0862,0x0862,
0x0882,0x0882,0x0882,0x0862,0x10A2,0x2104,0x2123,0x2923,0x2924,0x2924,0x2923,0x2923,0x2923,0x2923,0x2924,0x20E3,
0x0882,0x0882,0x0883,0x0882,0x0882,0x0882,0x0882,0x0882,0x0882,0x0882,0x0862,0x10A3,0x2104,0x10A2,0x1082,0x10A2,
0x18A2,0x18A2,0x18C2,0x18C2,0x18C2,0x18C2,0x20C2,0x20C2,0x20C2,0x20E2,0x20E3,0x20E3,0x18C3,0x1061,0x0841,0x0821,
0x0861,0x0861,0x0841,0x0841,0x0841,0x0841,0x0841,0x0841,0x0821,0x0021,0x0020,0x0020,0x0021,0x0841,0x0841,0x0821,
0x0821,0x0821,0x0841,0x0841,0x0841,0x0841,0x0841,0x0841,0x0021,0x0021,0x0021,0x0841,0x0841,0x0821,0x0021,0x0021,
0x0841,0x0841,0x0861,0x1082,0x1082,0x1082,0x10A2,0x0862,0x0821,0x0862,0x1082,0x0862,0x1082,0x0862,0x1082,0x18A3,
0x18C3,0x18C3,0x18C3,0x18C3,0x18C3,0x18C3,0x2104,0x2945,0x2924,0x2124,0x2103,0x2103,0x2903,0x2103,0x2903,0x2903,
0x2103,0x2103,0x20E3,0x1081,0x0000,0x0020,0x10A3,0x2945,0x2945,0x2945,0x2945,0x2945,0x2945,0x2965,0x2945,0x2104,
0x0841,0x0020,0x0000,0x0020,0x0020,0x0000,0x0000,0x0020,0x0020,0x0020,0x0000,0x0000,0x0000,0x0000,0x0000,0x0020,
0x0000,0x0000,0x0000,0x0000,0x0000,0x0000,0x0020,0x0821,0x0841,0x1062,0x1082,0x1082,0x18A2,0x0861,0x0861,0x20E4,
0x20E4,0x0841,0x0000,0x0000,0x0000,0x0000,0x0000,0x0000,0x0000,0x0000,0x0821,0x0000,0x0020,0x1082,0x18C3,0x2965,
0x2925,0x2945,0x2945,0x2945,0x2104,0x18A3,0x0861,0x0821,0x0841,0x1062,0x1082,0x1082,0x1082,0x10A2,0x1082,0x1062,
0x1082,0x0861,0x0821,0x0020,0x0000,0x0020,0x0020,0x0000,0x0000,0x0020,0x0841,0x0841,0x1062,0x18E3,0x2965,0x2965,
0x1082,0x0000,0x1062,0x2945,0x2965,0x3166,0x2965,0x2965,0x3166,0x3186,0x3186,0x2965,0x1082,0x2124,0x3186,0x3186,
0x3186,0x3186,0x31A6,0x3166,0x2945,0x2965,0x2104,0x0000,0x0000,0x0861,0x20E3,0x2104,0x2924,0x2924,0x2924,0x2924,
0x0841,0x0841,0x0841,0x0841,0x0861,0x0841,0x0841,0x0841,0x0841,0x0841,0x18E3,0x1082,0x0862,0x0862,0x0862,0x0862,
0x0862,0x0862,0x0862,0x0862,0x0862,0x0862,0x0861,0x10A3,0x20E2,0x20E2,0x20E3,0x20E3,0x20E3,0x20E3,0x20E3,0x20E3,
0x20E3,0x20E3,0x18C2,0x1081,0x0862,0x0862,0x0862,0x0882,0x0862,0x0862,0x0862,0x0882,0x0882,0x0882,0x0882,0x0882,
0x0882,0x0862,0x0882,0x0882,0x0882,0x0862,0x0861,0x18E3,0x2103,0x2123,0x2923,0x2923,0x2923,0x2923,0x2123,0x2103,
0x0882,0x0882,0x0882,0x0882,0x0882,0x0882,0x0882,0x0882,0x0882,0x0882,0x0882,0x0882,0x0882,0x0882,0x0882,0x0862,
0x0882,0x0882,0x1082,0x1082,0x18E3,0x2944,0x2923,0x2923,0x2923,0x2923,0x2923,0x2103,0x2923,0x2923,0x2924,0x2103,
0x0882,0x0882,0x0882,0x0882,0x0882,0x0882,0x0882,0x0882,0x0882,0x0882,0x0862,0x10A3,0x2104,0x10A2,0x1082,0x10A2,
0x18A2,0x18A2,0x18C2,0x18C2,0x18C2,0x18C2,0x20C2,0x20C2,0x18C2,0x20E3,0x18C3,0x18A2,0x1061,0x0841,0x0821,0x0841,
0x0841,0x0861,0x0841,0x0841,0x0841,0x0821,0x0841,0x0841,0x0841,0x0021,0x0020,0x0020,0x0021,0x0821,0x0821,0x0821,
0x0021,0x0021,0x0821,0x0841,0x0841,0x0841,0x0841,0x0841,0x0841,0x0841,0x0841,0x0841,0x0841,0x0841,0x0841,0x0841,
0x0861,0x0821,0x0841,0x0861,0x1062,0x1082,0x0862,0x0841,0x0821,0x0841,0x0861,0x0861,0x1082,0x1062,0x1082,0x10A2,
0x10A2,0x10A2,0x1082,0x10A2,0x18C3,0x18E4,0x2925,0x2945,0x2945,0x2104,0x18E3,0x2103,0x2923,0x2103,0x2903,0x2103,
0x2903,0x2103,0x20E3,0x1082,0x0000,0x0020,0x10A3,0x2945,0x2945,0x2945,0x2945,0x2945,0x2945,0x2965,0x2966,0x2965,
0x20E4,0x1082,0x0020,0x0000,0x0020,0x0020,0x0000,0x0000,0x0020,0x0000,0x0000,0x0020,0x0020,0x0000,0x0000,0x0000,
0x0000,0x0020,0x0020,0x0020,0x0000,0x0000,0x0000,0x0000,0x0000,0x0000,0x0020,0x0821,0x0861,0x18C3,0x2104,0x18E3,
0x0861,0x0020,0x0821,0x1062,0x1082,0x1082,0x0861,0x0841,0x0821,0x0020,0x0020,0x0821,0x0861,0x1082,0x2945,0x20E3,
0x0000,0x0020,0x0821,0x0841,0x10A2,0x20E4,0x2925,0x2965,0x2124,0x20E4,0x18A3,0x1082,0x0841,0x0841,0x0861,0x10A2,
0x1082,0x1082,0x10A2,0x10A2,0x10A2,0x1082,0x1082,0x1082,0x1082,0x1082,0x1082,0x0841,0x10A2,0x2945,0x3166,0x2965,
0x1082,0x0000,0x0861,0x2945,0x2965,0x3186,0x3166,0x3166,0x3166,0x3186,0x3186,0x2965,0x1082,0x2124,0x3186,0x3186,
0x3186,0x3186,0x31A6,0x2965,0x2925,0x2965,0x2104,0x0000,0x0000,0x0861,0x20E3,0x2103,0x2103,0x2924,0x2924,0x2924,
0x0841,0x0841,0x0841,0x0841,0x0861,0x0861,0x0841,0x0841,0x0841,0x0841,0x18E3,0x1081,0x0862,0x0862,0x0862,0x0862,
0x0862,0x0862,0x0862,0x0862,0x0862,0x0862,0x0862,0x18A3,0x20E3,0x20E2,0x20E3,0x20E3,0x20E2,0x20E2,0x20E3,0x20E3,
0x20E3,0x18E3,0x18E3,0x18C2,0x0862,0x0862,0x0882,0x0882,0x0882,0x0882,0x0862,0x0882,0x0882,0x0882,0x0882,0x0862,
0x0862,0x0862,0x0882,0x0882,0x0882,0x0882,0x0861,0x18E3,0x2103,0x2103,0x2103,0x2103,0x2923,0x2923,0x2923,0x2103,
0x0882,0x0882,0x0882,0x0882,0x0882,0x0882,0x0882,0x0882,0x0882,0x0882,0x0882,0x0882,0x0882,0x0882,0x0883,0x0882,
0x0882,0x0882,0x1082,0x18C3,0x2124,0x2944,0x2943,0x2923,0x2923,0x2923,0x2943,0x2923,0x2923,0x2123,0x2924,0x2103,
0x0882,0x0882,0x0882,0x0882,0x0882,0x0882,0x0882,0x0882,0x0882,0x0882,0x0862,0x10A3,0x2104,0x10A2,0x1082,0x10A2,
0x18A2,0x18A2,0x18C2,0x18C2,0x18C2,0x18C2,0x20C2,0x20E2,0x20E2,0x20E3,0x18A2,0x1061,0x0020,0x0841,0x0841,0x0841,
0x0841,0x0841,0x0841,0x0841,0x0841,0x0841,0x0841,0x0841,0x0841,0x0021,0x0020,0x0020,0x0021,0x0021,0x0821,0x0821,
0x0021,0x0021,0x0021,0x0841,0x0841,0x0021,0x0021,0x0841,0x0841,0x0841,0x0821,0x0821,0x0841,0x0821,0x0841,0x0841,
0x0861,0x0841,0x0861,0x0841,0x0861,0x1082,0x0861,0x0021,0x0841,0x0841,0x0841,0x1082,0x0861,0x1082,0x10A2,0x10A2,
0x10A2,0x10A2,0x1082,0x10A2,0x18E3,0x2104,0x2104,0x2104,0x18E3,0x18C3,0x18A2,0x20E3,0x2103,0x2103,0x2903,0x2103,
0x2103,0x2103,0x20E3,0x1082,0x0000,0x0020,0x10A2,0x2945,0x2925,0x2945,0x2945,0x2945,0x2945,0x2945,0x2945,0x2965,
0x2965,0x2925,0x18C3,0x0861,0x0020,0x0020,0x0000,0x0000,0x0000,0x0000,0x0000,0x0000,0x0000,0x0000,0x0000,0x0000,
0x0000,0x0000,0x0000,0x0000,0x0000,0x0020,0x0000,0x0000,0x0000,0x0020,0x0000,0x0000,0x0841,0x18A3,0x2104,0x2924,
0x2945,0x2104,0x18C3,0x0861,0x0020,0x0841,0x1061,0x1082,0x1082,0x1082,0x1082,0x1082,0x0841,0x2104,0x2945,0x2104,
0x2104,0x18E3,0x1082,0x0020,0x0000,0x0020,0x0861,0x1082,0x18C3,0x2104,0x2945,0x2945,0x2925,0x2104,0x18A3,0x0861,
0x0821,0x0841,0x0861,0x1082,0x1082,0x1082,0x1082,0x18A3,0x1082,0x0861,0x0841,0x18C3,0x2945,0x2965,0x2965,0x2965,
0x1082,0x0000,0x0841,0x2945,0x2965,0x3166,0x3186,0x3186,0x3186,0x3186,0x3186,0x2965,0x1082,0x2124,0x3186,0x3186,
0x3186,0x3166,0x3186,0x2965,0x2925,0x2965,0x20E4,0x0000,0x0020,0x0861,0x20E3,0x2103,0x2103,0x2924,0x2924,0x2924,
0x0841,0x0841,0x0841,0x0841,0x0861,0x0841,0x0841,0x0841,0x0841,0x0841,0x18C3,0x1061,0x0862,0x0862,0x0862,0x0862,
0x0862,0x0862,0x0862,0x0862,0x0862,0x0862,0x0862,0x18C3,0x20E3,0x20E2,0x20E3,0x20E3,0x20E2,0x18E2,0x18E3,0x20E3,
0x20E3,0x18E2,0x2103,0x20E3,0x1082,0x0861,0x0862,0x0862,0x0882,0x0882,0x0882,0x0882,0x0882,0x0882,0x0882,0x0882,
0x0882,0x0862,0x0882,0x0882,0x0882,0x0882,0x0861,0x18E3,0x2123,0x2103,0x2103,0x2103,0x2103,0x2123,0x2123,0x2103,
0x0882,0x0882,0x0882,0x0882,0x0882,0x0882,0x0882,0x0882,0x0862,0x0882,0x0882,0x0882,0x0882,0x0882,0x0883,0x0882,
0x0882,0x0882,0x18A2,0x2124,0x2944,0x2923,0x2943,0x2923,0x2944,0x2924,0x2924,0x2924,0x2923,0x2923,0x2123,0x2103,
0x0882,0x0882,0x0882,0x0882,0x0882,0x0882,0x0882,0x0882,0x0882,0x0882,0x0862,0x10A2,0x2104,0x10A2,0x1082,0x10A2,
0x10A2,0x18A3,0x18C2,0x18C2,0x18C2,0x18C2,0x18C2,0x18C2,0x18C3,0x18C2,0x1082,0x0861,0x0021,0x0841,0x0041,0x0021,
0x0841,0x0841,0x0841,0x0841,0x0841,0x0841,0x0821,0x0841,0x0841,0x0021,0x0020,0x0020,0x0020,0x0021,0x0021,0x0021,
0x0021,0x0021,0x0021,0x0841,0x0841,0x0021,0x0821,0x0841,0x0821,0x0841,0x0821,0x0021,0x0821,0x0821,0x0841,0x0841,
0x0841,0x0841,0x0861,0x0841,0x0841,0x1082,0x0861,0x0821,0x0861,0x0861,0x1082,0x10A2,0x0861,0x1082,0x10A2,0x10A2,
0x10A2,0x1082,0x1082,0x1082,0x18C3,0x10A3,0x10A2,0x1082,0x10A2,0x18C3,0x18E3,0x2104,0x2104,0x2103,0x2104,0x2104,
0x2103,0x2103,0x20E3,0x1082,0x0020,0x0020,0x10A2,0x2945,0x2945,0x2945,0x2945,0x2945,0x2965,0x2965,0x2945,0x2965,
0x2945,0x2966,0x2965,0x2124,0x18C3,0x10A2,0x0861,0x0020,0x0000,0x0000,0x0000,0x0020,0x0000,0x0000,0x0000,0x0000,
0x0000,0x0000,0x0020,0x0020,0x0020,0x0000,0x0000,0x0000,0x0000,0x0000,0x0000,0x0020,0x0020,0x0000,0x0841,0x18C3,
0x18E3,0x2104,0x2925,0x20E4,0x1082,0x1062,0x0841,0x0861,0x0861,0x1062,0x1062,0x0841,0x1082,0x2945,0x18A3,0x1082,
0x20E4,0x2104,0x2104,0x18C3,0x1062,0x0841,0x0020,0x0000,0x0020,0x0841,0x1082,0x18E3,0x2925,0x2965,0x2945,0x2104,
0x18C3,0x10A2,0x0841,0x0841,0x0861,0x0861,0x0841,0x0841,0x0821,0x0841,0x1082,0x2945,0x3166,0x2945,0x2965,0x2965,
0x1082,0x0020,0x0821,0x2124,0x2965,0x2945,0x3166,0x3166,0x3186,0x3186,0x3186,0x2965,0x1082,0x2104,0x3186,0x3186,
0x3186,0x3186,0x3186,0x2945,0x2945,0x3166,0x18C3,0x0020,0x0020,0x0861,0x20E3,0x2103,0x2103,0x2103,0x2924,0x2924,
0x0841,0x0841,0x0841,0x0841,0x0861,0x0861,0x0841,0x0841,0x0841,0x0841,0x18C3,0x1061,0x0862,0x0862,0x0862,0x0862,
0x0862,0x0862,0x0862,0x0862,0x0862,0x0862,0x1062,0x10A3,0x20E3,0x20E3,0x20E3,0x2103,0x2103,0x18E2,0x18E2,0x20E3,
0x20E3,0x20E3,0x18E3,0x20E3,0x18E3,0x1082,0x0862,0x0862,0x0882,0x0882,0x0882,0x0882,0x0882,0x0882,0x0882,0x0882,
0x0882,0x0862,0x0882,0x0882,0x0882,0x0882,0x0861,0x18E3,0x2123,0x2103,0x2103,0x2103,0x2103,0x2103,0x2103,0x18E2,
0x0862,0x0862,0x0882,0x0882,0x0882,0x0882,0x0882,0x0882,0x0862,0x0862,0x0882,0x0882,0x0882,0x0882,0x0882,0x0882,
0x0882,0x1082,0x2103,0x2124,0x2123,0x2923,0x2923,0x2923,0x2924,0x2103,0x2924,0x2924,0x2943,0x2943,0x2124,0x20E3,
0x0882,0x0882,0x0882,0x0882,0x0882,0x0882,0x0882,0x0882,0x0882,0x0882,0x0862,0x10A2,0x2104,0x10A2,0x1082,0x10A2,
0x18A2,0x18A3,0x18C2,0x18C2,0x18C2,0x18C2,0x18C2,0x18C2,0x18C3,0x1081,0x0861,0x0841,0x0841,0x0841,0x0021,0x0041,
0x0841,0x0841,0x0821,0x0841,0x0841,0x0841,0x0821,0x0841,0x0841,0x0021,0x0021,0x0020,0x0020,0x0021,0x0021,0x0021,
0x0841,0x0021,0x0021,0x0021,0x0021,0x0021,0x0021,0x0821,0x0021,0x0841,0x0841,0x0841,0x0841,0x0841,0x0821,0x0841,
0x0821,0x0841,0x0841,0x0841,0x0841,0x0841,0x0841,0x0841,0x0862,0x1062,0x1082,0x1062,0x1082,0x1082,0x10A2,0x10A2,
0x1082,0x1082,0x10A3,0x1082,0x18E3,0x1082,0x18A3,0x10A2,0x10A2,0x18C3,0x18C3,0x18E3,0x18E3,0x20E3,0x2104,0x2103,
0x2923,0x2103,0x20E3,0x1081,0x0000,0x0020,0x18A3,0x2965,0x2945,0x2945,0x2945,0x2945,0x2965,0x2965,0x2965,0x2966,
0x2965,0x2965,0x2945,0x2945,0x2965,0x3186,0x3186,0x2966,0x2925,0x2104,0x18C3,0x1082,0x0841,0x0821,0x0020,0x0020,
0x0020,0x0020,0x0000,0x0000,0x0020,0x0020,0x0020,0x0000,0x0020,0x0000,0x0020,0x0020,0x0000,0x0000,0x0821,0x0000,
0x0020,0x0000,0x0821,0x1062,0x18C3,0x2104,0x2104,0x2124,0x18C3,0x1082,0x1062,0x18E3,0x2925,0x0841,0x0000,0x0000,
0x0000,0x0000,0x0841,0x1082,0x2104,0x2124,0x2104,0x18A3,0x1082,0x0841,0x0000,0x0000,0x0000,0x0821,0x1082,0x18C3,
0x2124,0x2965,0x3166,0x2965,0x2124,0x2104,0x2104,0x2104,0x2925,0x2945,0x3186,0x3186,0x2945,0x2945,0x2965,0x2945,
0x1062,0x0020,0x0020,0x18E3,0x2965,0x2945,0x3186,0x3186,0x3186,0x3186,0x3186,0x3166,0x1062,0x2104,0x3186,0x3186,
0x3186,0x3186,0x3186,0x2945,0x2945,0x3166,0x10A2,0x0000,0x0000,0x0841,0x20E3,0x2103,0x2103,0x2103,0x2924,0x2924,
0x0841,0x0841,0x0841,0x0841,0x0841,0x0841,0x0841,0x0841,0x0841,0x0841,0x18C3,0x1061,0x0862,0x0862,0x0862,0x0862,
0x0862,0x0862,0x0862,0x0862,0x0862,0x0862,0x1082,0x18A3,0x2103,0x2103,0x20E3,0x20E3,0x2103,0x18C2,0x18C2,0x18E3,
0x20E3,0x2103,0x20E2,0x20E2,0x2103,0x18C2,0x0862,0x0862,0x0862,0x0882,0x0882,0x0882,0x0882,0x0862,0x0882,0x0882,
0x0882,0x0882,0x0862,0x0882,0x0882,0x0882,0x0861,0x18E3,0x2123,0x2103,0x2103,0x2103,0x20E3,0x2103,0x2103,0x18E2,
0x0862,0x0862,0x0882,0x0882,0x0862,0x0862,0x0882,0x0882,0x0862,0x0862,0x0882,0x0882,0x0882,0x0882,0x0882,0x0882,
0x1082,0x18C3,0x2923,0x2923,0x2103,0x2923,0x2923,0x2923,0x18E3,0x18C3,0x2103,0x2924,0x2923,0x2943,0x2924,0x2103,
0x1082,0x0882,0x0882,0x0882,0x0882,0x0882,0x0882,0x0882,0x0882,0x0882,0x0862,0x10A2,0x2104,0x10A2,0x1082,0x10A2,
0x18A2,0x18A3,0x18C3,0x18C3,0x18C2,0x18C3,0x18C3,0x18E3,0x18C3,0x0861,0x0841,0x0841,0x0841,0x0841,0x0021,0x0841,
0x0841,0x0841,0x0021,0x0821,0x0841,0x0021,0x0021,0x0841,0x0841,0x0021,0x0021,0x0020,0x0021,0x0021,0x0021,0x0021,
0x0821,0x0821,0x0021,0x0020,0x0020,0x0020,0x0020,0x0020,0x0020,0x0021,0x0021,0x0021,0x0021,0x0021,0x0020,0x0020,
0x0841,0x0841,0x0841,0x0841,0x0841,0x0021,0x0841,0x0861,0x1062,0x0862,0x0862,0x0861,0x1082,0x10A2,0x10A3,0x1082,
0x1062,0x1082,0x10A2,0x1082,0x18C3,0x10A2,0x18C3,0x18C3,0x10A3,0x18A3,0x18A3,0x18C3,0x18E3,0x2124,0x2965,0x2945,
0x2944,0x2124,0x2104,0x10A2,0x0000,0x0020,0x18C3,0x2965,0x2965,0x2965,0x2945,0x2945,0x2945,0x2965,0x2965,0x2966,
0x2965,0x2965,0x2966,0x3166,0x2966,0x2965,0x2965,0x2965,0x3186,0x3186,0x3186,0x2966,0x2945,0x2104,0x18E3,0x18A3,
0x1082,0x0841,0x0020,0x0000,0x0000,0x0000,0x0020,0x0000,0x0000,0x0020,0x0000,0x0000,0x0020,0x0020,0x0000,0x0020,
0x0020,0x0000,0x0020,0x0020,0x0020,0x0841,0x1062,0x18C3,0x20E4,0x2124,0x2965,0x2965,0x18C3,0x0820,0x0020,0x0841,
0x0861,0x0861,0x0821,0x0000,0x0000,0x0841,0x10A2,0x18E3,0x2104,0x2104,0x20E4,0x10A2,0x0841,0x0000,0x0000,0x0020,
0x0841,0x1062,0x18C3,0x2104,0x2945,0x3186,0x3186,0x2965,0x3186,0x2965,0x3166,0x2965,0x2945,0x2945,0x2945,0x2945,
0x1062,0x0000,0x0000,0x1082,0x2945,0x2965,0x3186,0x3186,0x3186,0x3186,0x3186,0x3166,0x0861,0x2104,0x3186,0x3186,
0x3186,0x31A6,0x3186,0x2945,0x2965,0x2945,0x0841,0x0000,0x0000,0x0861,0x20E3,0x2103,0x2103,0x2924,0x2924,0x2924,
0x0841,0x0841,0x0841,0x0841,0x0841,0x0841,0x0841,0x0841,0x0841,0x0841,0x18C3,0x1081,0x0862,0x0862,0x0862,0x0862,
0x0862,0x0862,0x0862,0x0862,0x0862,0x0882,0x1082,0x18A3,0x2103,0x2103,0x18E2,0x18E2,0x20E3,0x18A2,0x1082,0x18E3,
0x20E3,0x2103,0x2103,0x20E3,0x20E3,0x18E2,0x10A3,0x0862,0x0862,0x0882,0x0882,0x0882,0x0862,0x0862,0x0882,0x0882,
0x0882,0x0882,0x0862,0x0882,0x0882,0x0882,0x0861,0x18E3,0x2103,0x2103,0x2103,0x2103,0x20E3,0x2103,0x2103,0x18E2,
0x0862,0x0862,0x0882,0x0882,0x0862,0x0862,0x0882,0x0882,0x0882,0x0862,0x0882,0x0882,0x0882,0x0882,0x0882,0x0882,
0x10A2,0x2104,0x2923,0x2923,0x2923,0x2923,0x2943,0x2943,0x10A2,0x10A2,0x2103,0x2924,0x2923,0x2923,0x2924,0x2103,
0x1082,0x0882,0x0882,0x0882,0x0882,0x0882,0x0882,0x0882,0x0882,0x0882,0x0862,0x10A2,0x2104,0x10A2,0x1082,0x10A2,
0x18A2,0x18A3,0x18C3,0x18C3,0x18C3,0x18C3,0x18E3,0x20E3,0x18A2,0x0861,0x0862,0x0841,0x0841,0x0841,0x0841,0x0841,
0x0821,0x0821,0x0021,0x0841,0x0841,0x0021,0x0020,0x0021,0x0021,0x0021,0x0021,0x0021,0x0021,0x0021,0x0021,0x0021,
0x0020,0x0021,0x0841,0x0021,0x0020,0x0021,0x0021,0x0020,0x0020,0x0021,0x0020,0x0020,0x0021,0x0021,0x0021,0x0021,
0x0021,0x0841,0x0841,0x0841,0x0821,0x0020,0x0841,0x0861,0x1082,0x0862,0x0862,0x1062,0x0841,0x1082,0x18A3,0x1062,
0x1082,0x10A2,0x1082,0x1082,0x18A3,0x18C3,0x18C3,0x10A3,0x10A2,0x18A3,0x18C3,0x18E3,0x18C3,0x2104,0x3165,0x3186,
0x3165,0x2944,0x2124,0x10A2,0x0020,0x0020,0x18C3,0x3166,0x2965,0x2965,0x2965,0x2945,0x2945,0x2965,0x2966,0x2966,
0x3166,0x2966,0x2965,0x2965,0x2965,0x2966,0x2966,0x2966,0x3186,0x3166,0x3166,0x3186,0x3186,0x3186,0x2966,0x2965,
0x2945,0x2124,0x18C3,0x1082,0x0821,0x0000,0x0000,0x0000,0x0000,0x0020,0x0020,0x0020,0x0000,0x0020,0x0020,0x0000,
0x0000,0x0000,0x0020,0x0000,0x0000,0x0000,0x0000,0x0821,0x0841,0x1082,0x2104,0x2945,0x2945,0x18E3,0x0861,0x0841,
0x0861,0x1082,0x1082,0x0861,0x0821,0x0000,0x0020,0x0821,0x0861,0x18A3,0x2124,0x2945,0x2104,0x10A2,0x0841,0x0000,
0x0000,0x0000,0x0020,0x0841,0x10A2,0x2124,0x3165,0x2965,0x3166,0x2965,0x2965,0x2945,0x2945,0x2945,0x2925,0x2925,
0x1062,0x0000,0x0000,0x0821,0x2925,0x3166,0x2965,0x3186,0x3186,0x3186,0x3186,0x3166,0x0861,0x20E4,0x3186,0x3186,
0x3186,0x3186,0x2965,0x2945,0x2965,0x2124,0x0000,0x0020,0x0000,0x0861,0x20E3,0x2103,0x2103,0x2924,0x2924,0x2924,
0x0841,0x0841,0x0841,0x0841,0x0841,0x0841,0x0841,0x0841,0x0841,0x0841,0x18E3,0x1081,0x0862,0x0862,0x0862,0x0862,
0x0862,0x0862,0x0862,0x0862,0x0862,0x0862,0x0862,0x10A3,0x2103,0x2103,0x20E3,0x20E2,0x18E3,0x18A2,0x0862,0x10A2,
0x18C2,0x20E3,0x2103,0x2103,0x2103,0x2123,0x2103,0x1082,0x0882,0x0882,0x0882,0x0882,0x0882,0x0862,0x0862,0x0882,
0x0882,0x0882,0x0882,0x0882,0x0882,0x0882,0x1082,0x18C3,0x2103,0x2103,0x2103,0x2103,0x2103,0x2103,0x2103,0x18E2,
0x0862,0x0862,0x0862,0x0862,0x0862,0x0862,0x0862,0x0882,0x0882,0x0862,0x0882,0x0882,0x0882,0x0883,0x0862,0x1082,
0x2103,0x2124,0x2103,0x2103,0x2923,0x2923,0x2124,0x18C3,0x0882,0x10A3,0x2123,0x2923,0x2923,0x2923,0x2924,0x2103,
0x1082,0x0882,0x0882,0x0882,0x0882,0x0882,0x0882,0x0882,0x0882,0x0882,0x0862,0x10A3,0x2103,0x1082,0x1082,0x10A2,
0x10A2,0x18C3,0x18A3,0x18C3,0x18E3,0x18E3,0x18C3,0x18C3,0x10A2,0x0861,0x0841,0x0841,0x0841,0x0841,0x0841,0x0821,
0x0841,0x0841,0x0021,0x0841,0x0841,0x0021,0x0021,0x0841,0x0841,0x0021,0x0021,0x0020,0x0020,0x0020,0x0020,0x0021,
0x0020,0x0020,0x0020,0x0020,0x0021,0x0021,0x0021,0x0021,0x0021,0x0021,0x0021,0x0821,0x0821,0x0821,0x0021,0x0021,
0x0021,0x0021,0x0020,0x0020,0x0021,0x0821,0x0841,0x0841,0x10A2,0x10A2,0x1082,0x1062,0x1062,0x1062,0x0862,0x1082,
0x1082,0x10A2,0x0862,0x0861,0x1082,0x2104,0x18C3,0x10A2,0x10A3,0x10A2,0x10A3,0x18E4,0x2124,0x2945,0x2124,0x2104,
0x2945,0x2965,0x2945,0x18E3,0x0841,0x0020,0x18C3,0x3186,0x3186,0x2965,0x3165,0x3165,0x3166,0x3166,0x2966,0x3166,
0x2966,0x2966,0x2965,0x2965,0x2965,0x2966,0x3166,0x3186,0x2965,0x3186,0x2966,0x3186,0x3186,0x3186,0x3186,0x3166,
0x3166,0x3186,0x3186,0x3186,0x2965,0x2925,0x18E3,0x10A2,0x1082,0x0861,0x0020,0x0000,0x0000,0x0020,0x0020,0x0000,
0x0000,0x0000,0x0020,0x0000,0x0020,0x0020,0x0000,0x0020,0x0000,0x0000,0x0020,0x0821,0x1082,0x2104,0x2104,0x2945,
0x18A3,0x1082,0x0841,0x0861,0x1082,0x1062,0x0841,0x0020,0x0020,0x0000,0x0020,0x0841,0x18A3,0x2104,0x2104,0x2104,
0x18C3,0x1082,0x0821,0x0000,0x0000,0x0000,0x0861,0x18E3,0x2965,0x2965,0x2945,0x2945,0x2945,0x2945,0x2945,0x2925,
0x1062,0x0000,0x0000,0x0020,0x1062,0x2104,0x3186,0x3186,0x3186,0x3186,0x31A6,0x2965,0x0841,0x20E4,0x3186,0x3186,
0x3166,0x2965,0x2945,0x3186,0x2945,0x0861,0x0000,0x0000,0x0000,0x0861,0x20E3,0x2103,0x2103,0x2924,0x2924,0x2924,
0x0841,0x0841,0x0841,0x0841,0x0841,0x0841,0x0841,0x0841,0x0841,0x0841,0x18C3,0x1081,0x0862,0x0862,0x0862,0x0862,
0x0862,0x0862,0x0862,0x0862,0x0862,0x0862,0x0862,0x10A3,0x2103,0x2103,0x20E3,0x20E3,0x18E3,0x18A2,0x0861,0x1082,
0x18A2,0x20E3,0x2103,0x2103,0x2103,0x2123,0x2104,0x10A2,0x0862,0x0882,0x0882,0x0882,0x0882,0x0882,0x0882,0x0882,
0x0882,0x0882,0x0862,0x0882,0x0882,0x0882,0x1082,0x18C3,0x2103,0x2103,0x2103,0x2103,0x2103,0x2103,0x2103,0x18E2,
0x0862,0x0862,0x0862,0x0862,0x0862,0x0862,0x0862,0x0862,0x0882,0x0862,0x0882,0x0882,0x0882,0x0882,0x0882,0x10A3,
0x2103,0x2924,0x2103,0x2903,0x2923,0x2923,0x18E3,0x10A2,0x0882,0x10A3,0x2123,0x2923,0x2923,0x2923,0x2924,0x2103,
0x0882,0x0882,0x0882,0x0882,0x0882,0x0862,0x0882,0x0882,0x0882,0x0882,0x0862,0x1082,0x2104,0x10A2,0x1082,0x10A2,
0x10A2,0x18C3,0x18C3,0x18C3,0x18C3,0x18C3,0x18C3,0x18C3,0x10A2,0x0861,0x0841,0x0841,0x0841,0x0841,0x0841,0x0821,
0x0021,0x0021,0x0021,0x0020,0x0021,0x0841,0x0841,0x0841,0x0021,0x0021,0x0841,0x0841,0x0021,0x0020,0x0020,0x0020,
0x0821,0x0021,0x0021,0x0020,0x0020,0x0020,0x0020,0x0020,0x0821,0x0021,0x0020,0x0020,0x0021,0x0021,0x0021,0x0821,
0x0020,0x0021,0x0821,0x0841,0x0841,0x0841,0x0841,0x0861,0x0841,0x1062,0x10A2,0x10A3,0x10A3,0x1082,0x1062,0x1082,
0x10A2,0x1082,0x0861,0x0861,0x1082,0x18E3,0x18C3,0x10A2,0x18A3,0x18A3,0x10A3,0x18C3,0x2104,0x2124,0x2104,0x18C3,
0x18E3,0x2945,0x2965,0x2945,0x1082,0x0841,0x18C3,0x3186,0x2965,0x3166,0x3186,0x2965,0x3166,0x3186,0x3186,0x2965,
0x3166,0x3166,0x2966,0x2966,0x2966,0x3166,0x3186,0x3186,0x2966,0x3186,0x2966,0x3166,0x3186,0x2965,0x3166,0x31A6,
0x3166,0x3186,0x3186,0x3186,0x3166,0x3166,0x3186,0x3186,0x3166,0x2965,0x2124,0x18C3,0x0861,0x0020,0x0000,0x0020,
0x0000,0x0020,0x0000,0x0020,0x0020,0x0000,0x0820,0x0000,0x0020,0x0000,0x0000,0x0000,0x0000,0x0820,0x0841,0x10A2,
0x2124,0x2925,0x20E4,0x0861,0x0841,0x0861,0x1082,0x1082,0x0861,0x0841,0x0000,0x0000,0x0000,0x0821,0x0841,0x18A3,
0x20E4,0x2925,0x2124,0x10A2,0x0841,0x0000,0x0000,0x0020,0x1062,0x2124,0x2945,0x2945,0x2945,0x2124,0x2945,0x2945,
0x1082,0x0000,0x0000,0x0000,0x0020,0x0861,0x20E4,0x3186,0x3186,0x3166,0x3166,0x2965,0x1062,0x2104,0x3166,0x3186,
0x3166,0x2925,0x3186,0x2124,0x1082,0x0000,0x0020,0x0000,0x0000,0x0861,0x20E3,0x2103,0x2103,0x2924,0x2924,0x2924,
0x0841,0x0841,0x0841,0x0841,0x0841,0x0841,0x0841,0x0841,0x0841,0x0841,0x18C3,0x1061,0x0862,0x0862,0x0862,0x0862,
0x0862,0x0862,0x0862,0x0862,0x0862,0x0862,0x0862,0x10A3,0x2103,0x2103,0x20E3,0x20E3,0x20E3,0x18A2,0x0862,0x0862,
0x1062,0x20E4,0x2103,0x2103,0x2103,0x2103,0x2123,0x18E2,0x0862,0x0862,0x0882,0x0882,0x0882,0x0882,0x0882,0x0862,
0x0882,0x0882,0x0862,0x0882,0x0882,0x0882,0x1082,0x18C3,0x2123,0x2103,0x2103,0x2103,0x2103,0x2103,0x2123,0x18E3,
0x0862,0x0862,0x0882,0x0882,0x0862,0x0862,0x0862,0x0862,0x0882,0x0882,0x0882,0x0882,0x0882,0x0882,0x1082,0x18E3,
0x2103,0x2923,0x2903,0x2903,0x2123,0x2103,0x10A3,0x0882,0x1082,0x10A3,0x2123,0x2123,0x2923,0x2923,0x2924,0x20E3,
0x0882,0x0882,0x0882,0x0882,0x0882,0x0862,0x0882,0x0882,0x0882,0x0882,0x0862,0x1082,0x2104,0x10A2,0x1082,0x10A3,
0x18C3,0x18C3,0x18C3,0x10A2,0x18C3,0x1082,0x18C3,0x18C3,0x1082,0x0861,0x0861,0x0841,0x0841,0x0841,0x0841,0x0841,
0x0841,0x0841,0x0841,0x0021,0x0021,0x0841,0x0841,0x0021,0x0020,0x0021,0x0841,0x0841,0x0841,0x0021,0x0020,0x0021,
0x0021,0x0021,0x0021,0x0021,0x0021,0x0021,0x0821,0x0821,0x0021,0x0021,0x0821,0x0841,0x0841,0x0841,0x0841,0x0841,
0x0821,0x0841,0x0841,0x0841,0x0841,0x0841,0x0841,0x0841,0x0841,0x0841,0x0861,0x1082,0x1082,0x1082,0x1062,0x1082,
0x1082,0x0862,0x0861,0x1062,0x10A2,0x18C3,0x18A3,0x10A2,0x10A3,0x18C3,0x18A3,0x18C3,0x18C3,0x18E4,0x18E3,0x18C3,
0x18C3,0x2104,0x2945,0x2945,0x18E3,0x1082,0x18E3,0x3166,0x3186,0x3186,0x3186,0x3186,0x3186,0x3186,0x3186,0x3166,
0x3166,0x3166,0x3186,0x3186,0x3186,0x3186,0x3186,0x3186,0x2966,0x3186,0x3166,0x3186,0x3186,0x2965,0x2965,0x3186,
0x3166,0x3186,0x3186,0x3186,0x3166,0x3166,0x3186,0x3186,0x3186,0x3186,0x3166,0x2965,0x2945,0x20E4,0x1082,0x0841,
0x0000,0x0000,0x0020,0x0000,0x0020,0x0000,0x0000,0x0821,0x0000,0x0000,0x0000,0x0020,0x0000,0x0000,0x0000,0x0821,
0x1062,0x18C3,0x2925,0x2124,0x18C3,0x0841,0x0841,0x1062,0x1082,0x0861,0x1062,0x0841,0x0020,0x0000,0x0000,0x0000,
0x0841,0x1082,0x2104,0x2945,0x20E4,0x1062,0x0020,0x0000,0x0821,0x1082,0x2104,0x2925,0x2945,0x2945,0x2945,0x2945,
0x1062,0x0000,0x0000,0x0000,0x0000,0x0020,0x1082,0x2945,0x3186,0x31A6,0x3186,0x2965,0x0861,0x18E3,0x3166,0x3186,
0x2965,0x2965,0x2965,0x1082,0x0020,0x0000,0x0000,0x0000,0x0000,0x0861,0x20E3,0x2103,0x2103,0x2103,0x2103,0x2924,
0x0841,0x0841,0x0841,0x0841,0x0841,0x0841,0x0841,0x0841,0x0841,0x0841,0x18C3,0x1061,0x0862,0x0862,0x0862,0x0862,
0x0862,0x0862,0x0862,0x0862,0x0862,0x0862,0x0862,0x10A3,0x20E3,0x2103,0x20E3,0x20E3,0x20E3,0x18A2,0x0862,0x0862,
0x0861,0x18C3,0x2103,0x2103,0x2103,0x20E3,0x2123,0x2123,0x1083,0x0862,0x0882,0x0882,0x0882,0x0882,0x0882,0x0862,
0x0882,0x0882,0x0862,0x0882,0x0882,0x0882,0x1082,0x18C3,0x2123,0x2123,0x2103,0x2103,0x2103,0x2103,0x2123,0x18E3,
0x0862,0x0862,0x0882,0x0882,0x0862,0x0862,0x0862,0x0862,0x0882,0x0882,0x0882,0x0882,0x0882,0x0862,0x10A2,0x2104,
0x2123,0x2923,0x2903,0x2903,0x2123,0x18E2,0x1082,0x0882,0x1082,0x10A3,0x2923,0x2123,0x2923,0x2103,0x2924,0x20E3,
0x0882,0x0882,0x0883,0x0882,0x0882,0x0862,0x0882,0x0882,0x0882,0x0882,0x0882,0x1082,0x2104,0x10A2,0x1082,0x10A3,
0x18C3,0x18C3,0x18A3,0x10A2,0x10A2,0x1082,0x18A3,0x10A2,0x1062,0x0841,0x0841,0x0841,0x0821,0x0021,0x0841,0x0841,
0x0821,0x0020,0x0020,0x0021,0x0021,0x0020,0x0021,0x0841,0x0020,0x0021,0x0841,0x0841,0x0841,0x0841,0x0841,0x0841,
0x0841,0x0841,0x0841,0x0841,0x0841,0x0841,0x0841,0x0841,0x0841,0x0841,0x0841,0x0841,0x0841,0x0841,0x0821,0x0021,
0x0841,0x0841,0x0841,0x0841,0x0821,0x0021,0x0021,0x0841,0x0861,0x0841,0x0841,0x0841,0x0861,0x0862,0x0862,0x1062,
0x0861,0x0841,0x0861,0x1082,0x18C3,0x18C3,0x10A2,0x1082,0x1082,0x10A2,0x10A2,0x18A3,0x10A3,0x18C3,0x18E3,0x20E4,
0x2104,0x2125,0x2945,0x2945,0x2925,0x2104,0x2104,0x3166,0x3186,0x3166,0x2965,0x3166,0x3166,0x3166,0x3186,0x3186,
0x3166,0x3166,0x3186,0x3166,0x3166,0x3166,0x3186,0x3186,0x3166,0x3186,0x2966,0x3166,0x3166,0x3186,0x3186,0x3186,
0x3186,0x3186,0x3186,0x3166,0x3186,0x3186,0x3186,0x3186,0x3186,0x3186,0x3166,0x3166,0x3186,0x3186,0x3166,0x2945,
0x2925,0x18C3,0x1082,0x0821,0x0020,0x0841,0x0820,0x0000,0x0020,0x0000,0x0000,0x0000,0x0000,0x0000,0x0000,0x0000,
0x0020,0x0821,0x0841,0x1082,0x2124,0x2925,0x18C3,0x1062,0x0841,0x0861,0x1062,0x1082,0x0861,0x0841,0x0020,0x0020,
0x0000,0x0000,0x0020,0x0841,0x18C3,0x2124,0x20E4,0x0861,0x0000,0x0000,0x0841,0x2124,0x2945,0x2925,0x2945,0x2945,
0x1082,0x0020,0x0000,0x0020,0x0821,0x0841,0x0821,0x0020,0x10A2,0x2965,0x3186,0x2965,0x0861,0x18E3,0x3186,0x3186,
0x3166,0x2965,0x1082,0x0000,0x0020,0x0841,0x0000,0x0000,0x0000,0x0861,0x20E3,0x2103,0x2103,0x2103,0x2103,0x2103,
0x0841,0x0841,0x0841,0x0841,0x0841,0x0841,0x0841,0x0841,0x0841,0x0841,0x18C3,0x1081,0x0862,0x0862,0x0862,0x0862,
0x0862,0x0862,0x0862,0x0862,0x0862,0x0862,0x0882,0x10A3,0x20E3,0x2103,0x20E3,0x20E2,0x18E3,0x18A2,0x0862,0x0862,
0x0862,0x1082,0x2103,0x2124,0x20E3,0x20E3,0x2103,0x2923,0x18A3,0x1062,0x0882,0x0882,0x0882,0x0882,0x0882,0x0862,
0x0882,0x0882,0x0862,0x0882,0x0882,0x0882,0x1082,0x18C3,0x2123,0x2123,0x2103,0x2103,0x2103,0x2103,0x2103,0x18E3,
0x0862,0x0862,0x0882,0x0882,0x0862,0x0862,0x0862,0x0862,0x0862,0x0882,0x0882,0x0882,0x0862,0x0862,0x18A2,0x2124,
0x2923,0x2923,0x2923,0x2923,0x2124,0x10A2,0x0882,0x0882,0x0882,0x10A3,0x2923,0x2103,0x2923,0x2103,0x2124,0x20E3,
0x0882,0x0882,0x0883,0x0882,0x0882,0x0882,0x0882,0x0882,0x0882,0x0882,0x0862,0x10A3,0x2104,0x10A2,0x1082,0x18C3,
0x18C3,0x10A3,0x1082,0x1082,0x10A2,0x10A2,0x10A2,0x1082,0x0861,0x0841,0x0841,0x0021,0x0821,0x0020,0x0821,0x0841,
0x0841,0x0841,0x0021,0x0021,0x0021,0x0020,0x0020,0x0841,0x0021,0x0821,0x0841,0x0841,0x0841,0x0841,0x0841,0x0841,
0x0841,0x0841,0x0841,0x0841,0x0841,0x0841,0x0861,0x0861,0x0861,0x0861,0x0841,0x0861,0x0841,0x0841,0x0841,0x0841,
0x0841,0x0841,0x0841,0x0841,0x0021,0x0021,0x0021,0x0021,0x0021,0x0841,0x0862,0x0862,0x0862,0x1062,0x1082,0x1062,
0x0861,0x0841,0x0861,0x0862,0x18A3,0x18A3,0x10A2,0x1062,0x1082,0x1082,0x1082,0x18C3,0x18C3,0x18E3,0x2104,0x2124,
0x2124,0x2945,0x2965,0x2945,0x2945,0x2124,0x18C3,0x2925,0x2965,0x3186,0x3186,0x3186,0x2965,0x3186,0x3186,0x2965,
0x3186,0x3186,0x3186,0x3186,0x3186,0x3186,0x3186,0x3186,0x3166,0x3166,0x3186,0x31A6,0x2965,0x3186,0x3186,0x3186,
0x3186,0x3186,0x3186,0x3186,0x3186,0x3186,0x3186,0x3186,0x3186,0x3186,0x3186,0x3186,0x3186,0x3186,0x3186,0x3166,
0x3186,0x3165,0x2965,0x2104,0x0841,0x0020,0x1082,0x0841,0x0020,0x0020,0x0000,0x0000,0x0000,0x0000,0x0020,0x0000,
0x0000,0x0000,0x0841,0x1082,0x0821,0x10A2,0x2925,0x2925,0x2104,0x0841,0x0821,0x0861,0x10A2,0x1082,0x1082,0x0821,
0x0020,0x0000,0x0000,0x0020,0x0000,0x0821,0x10A2,0x2104,0x1082,0x0000,0x0020,0x10A2,0x2104,0x2945,0x2124,0x2945,
0x0861,0x0000,0x0000,0x1082,0x20E4,0x2124,0x20E4,0x0861,0x0841,0x2124,0x3186,0x2965,0x0861,0x18E3,0x3186,0x3186,
0x3186,0x2104,0x0841,0x10A2,0x18C3,0x18C3,0x1062,0x0020,0x0000,0x0861,0x20E3,0x2103,0x2103,0x2103,0x2103,0x2103,
0x0841,0x0841,0x0841,0x0841,0x0841,0x0841,0x0841,0x0841,0x0841,0x0841,0x18C3,0x1081,0x0862,0x0862,0x0862,0x0862,
0x0862,0x0862,0x0862,0x0862,0x0862,0x0862,0x0882,0x10C3,0x20E3,0x20E3,0x20E2,0x20E2,0x18E3,0x18A2,0x0862,0x0862,
0x0862,0x0862,0x18E3,0x2124,0x2103,0x2103,0x20E3,0x2123,0x18E3,0x1082,0x0862,0x0882,0x0882,0x0882,0x0862,0x0882,
0x0882,0x0882,0x0882,0x0882,0x0882,0x0882,0x1082,0x18C3,0x2103,0x2103,0x2103,0x2103,0x2103,0x2103,0x2103,0x18E2,
0x0862,0x0862,0x0882,0x0862,0x0862,0x0862,0x0862,0x0862,0x0862,0x0882,0x0862,0x0862,0x0862,0x0882,0x18C2,0x2124,
0x2923,0x2923,0x2923,0x2923,0x2104,0x0882,0x0882,0x0882,0x0882,0x10A3,0x2923,0x2123,0x2923,0x2103,0x2124,0x20E3,
0x0882,0x0882,0x0882,0x0882,0x0882,0x0882,0x0882,0x0882,0x0882,0x0862,0x0862,0x10A2,0x2103,0x10A2,0x1082,0x10C3,
0x18C3,0x10A2,0x1082,0x1082,0x10A2,0x1082,0x1082,0x1062,0x0861,0x0841,0x0841,0x0821,0x0841,0x0021,0x0841,0x0841,
0x0841,0x0841,0x0021,0x0020,0x0020,0x0020,0x0021,0x0021,0x0841,0x0841,0x0841,0x0841,0x0841,0x0841,0x0841,0x0841,
0x0821,0x0841,0x0841,0x0841,0x0841,0x0861,0x0861,0x0862,0x0841,0x0841,0x0841,0x0841,0x0861,0x0861,0x0861,0x0861,
0x0841,0x0841,0x0841,0x0841,0x0821,0x0841,0x0821,0x0021,0x0020,0x0841,0x0841,0x0841,0x0861,0x1062,0x1082,0x0861,
0x0841,0x0841,0x0841,0x0862,0x18C3,0x18A3,0x10A2,0x0861,0x1062,0x10A2,0x18A3,0x18E3,0x18E3,0x2104,0x2104,0x2124,
0x2965,0x2965,0x3186,0x2945,0x2965,0x2945,0x18C3,0x20E4,0x2925,0x2965,0x3166,0x3186,0x3186,0x3186,0x3186,0x2965,
0x3186,0x3166,0x3166,0x2966,0x2966,0x2966,0x3166,0x3166,0x3166,0x3166,0x3186,0x3166,0x2124,0x2925,0x2925,0x2945,
0x2945,0x2965,0x2965,0x3186,0x3186,0x3186,0x3186,0x3186,0x3186,0x3186,0x3166,0x3166,0x3166,0x3186,0x3166,0x3166,
0x3165,0x3166,0x3166,0x2965,0x20E4,0x1062,0x0841,0x1062,0x0841,0x0841,0x0000,0x0020,0x0020,0x0000,0x0000,0x0000,
0x0000,0x0020,0x0000,0x0861,0x1062,0x0841,0x18A3,0x2945,0x2945,0x2104,0x18C3,0x0841,0x0841,0x1082,0x1082,0x1062,
0x1062,0x0841,0x0000,0x0000,0x0020,0x0020,0x0821,0x0841,0x18A3,0x10A2,0x0000,0x0821,0x18C3,0x2945,0x2945,0x2945,
0x1062,0x0000,0x0020,0x20E4,0x2945,0x2965,0x2945,0x2104,0x20E4,0x2965,0x3166,0x2945,0x0841,0x18E3,0x3186,0x3186,
0x3186,0x2925,0x2104,0x2965,0x2965,0x2965,0x2104,0x0841,0x0000,0x0861,0x20E3,0x2103,0x2103,0x2103,0x2103,0x2103,
0x0841,0x0841,0x0841,0x0841,0x0841,0x0841,0x0841,0x0841,0x0841,0x0841,0x18C3,0x1061,0x0862,0x0862,0x0862,0x0862,
0x0862,0x0862,0x0862,0x0862,0x0862,0x0862,0x0862,0x10A3,0x20E2,0x20E2,0x20E2,0x20E2,0x18E3,0x18A2,0x0862,0x0882,
0x0862,0x0862,0x10A2,0x2103,0x2103,0x2103,0x20E3,0x2103,0x2103,0x18C2,0x0882,0x0882,0x0883,0x0882,0x0862,0x0882,
0x0882,0x0882,0x0862,0x0882,0x0882,0x0882,0x0862,0x18C3,0x2103,0x2103,0x2103,0x2103,0x2103,0x2103,0x2103,0x18E2,
0x0862,0x0862,0x0862,0x0862,0x0862,0x0862,0x0862,0x0862,0x0862,0x0882,0x0862,0x0862,0x0862,0x1082,0x20E3,0x2103,
0x2103,0x2103,0x2123,0x2123,0x18C3,0x0882,0x0882,0x0882,0x0862,0x10A3,0x2103,0x2923,0x2923,0x2123,0x2123,0x20E3,
0x0882,0x0882,0x0882,0x0882,0x0882,0x0882,0x0882,0x0882,0x0882,0x0882,0x0862,0x1082,0x18C2,0x10A2,0x1082,0x10A3,
0x1082,0x1082,0x0862,0x1082,0x18A2,0x1082,0x0861,0x0861,0x0861,0x0841,0x0021,0x0021,0x0841,0x0021,0x0821,0x0841,
0x0841,0x0841,0x0841,0x0841,0x0862,0x0862,0x0862,0x0862,0x0841,0x0841,0x0841,0x0841,0x0841,0x0841,0x0841,0x0021,
0x0841,0x0841,0x0841,0x0841,0x0841,0x0821,0x0841,0x0841,0x0841,0x0841,0x0841,0x0841,0x0841,0x0821,0x0021,0x0021,
0x0841,0x0841,0x0841,0x0821,0x0841,0x0841,0x0841,0x0821,0x0841,0x0821,0x0021,0x0021,0x0021,0x0841,0x0861,0x0841,
0x0841,0x0841,0x0861,0x1082,0x10A3,0x10A2,0x10A2,0x1082,0x1082,0x10A2,0x18C3,0x18E3,0x18C3,0x18E3,0x20E3,0x2124,
0x2965,0x2945,0x2924,0x2104,0x2945,0x2965,0x2104,0x18A2,0x18C3,0x20E4,0x2104,0x2945,0x2965,0x2965,0x3186,0x3186,
0x3166,0x3166,0x3166,0x3166,0x2965,0x2965,0x3165,0x3166,0x3186,0x3186,0x2945,0x10A2,0x0841,0x0821,0x0841,0x0841,
0x0821,0x0020,0x0020,0x0821,0x0841,0x1062,0x10A2,0x18C3,0x20E4,0x2104,0x2124,0x2925,0x2945,0x2945,0x2945,0x2965,
0x3166,0x3166,0x2965,0x2945,0x2945,0x20E4,0x0841,0x0841,0x1082,0x1082,0x0020,0x0000,0x0000,0x0000,0x0000,0x0000,
0x0000,0x0020,0x0000,0x0841,0x1082,0x0841,0x18C3,0x18E3,0x1062,0x10A2,0x18E3,0x2924,0x0861,0x0841,0x0020,0x1062,
0x1082,0x1082,0x1062,0x0841,0x0821,0x0020,0x0020,0x0020,0x0020,0x0861,0x0841,0x0000,0x0861,0x2124,0x2945,0x2965,
0x1082,0x0000,0x0020,0x2104,0x2965,0x2945,0x2945,0x2965,0x2945,0x2965,0x2965,0x2945,0x0861,0x18E3,0x3166,0x3186,
0x3186,0x3186,0x3186,0x3166,0x2965,0x3186,0x2925,0x0841,0x0000,0x0861,0x20E3,0x2103,0x2103,0x2103,0x2103,0x2103,
0x0841,0x0841,0x0841,0x0841,0x0841,0x0841,0x0841,0x0841,0x0841,0x0841,0x18C3,0x1061,0x0862,0x0862,0x0862,0x0862,
0x0862,0x0862,0x0862,0x0841,0x0862,0x0862,0x0862,0x10A2,0x20E2,0x18E2,0x20E2,0x20E2,0x2103,0x18C2,0x0862,0x0882,
0x0862,0x0862,0x0881,0x18C3,0x2103,0x2103,0x20E3,0x2103,0x2124,0x18E3,0x1082,0x0882,0x0883,0x0882,0x0862,0x0882,
0x0882,0x0882,0x0862,0x0862,0x0862,0x0882,0x0862,0x18C3,0x2103,0x2103,0x2103,0x2103,0x2123,0x2923,0x2123,0x18E2,
0x0862,0x0862,0x0862,0x0862,0x0862,0x0862,0x0862,0x0882,0x0882,0x0882,0x0862,0x0862,0x0862,0x10A3,0x2103,0x2103,
0x2103,0x2103,0x2103,0x2103,0x1082,0x0882,0x0862,0x0882,0x0862,0x10A3,0x2103,0x2923,0x2923,0x2923,0x2123,0x18E3,
0x0882,0x0882,0x0882,0x0882,0x0882,0x0882,0x0882,0x0882,0x0882,0x0882,0x1082,0x1082,0x1081,0x1081,0x0862,0x10A2,
0x0862,0x0862,0x0862,0x1082,0x18A3,0x0861,0x0861,0x0861,0x0862,0x0841,0x0821,0x0021,0x0841,0x0841,0x0841,0x0841,
0x0841,0x0021,0x0841,0x0862,0x1082,0x0862,0x0841,0x0841,0x0021,0x0841,0x0841,0x0841,0x0841,0x0841,0x0021,0x0021,
0x0021,0x0821,0x0821,0x0821,0x0021,0x0021,0x0021,0x0821,0x0841,0x0821,0x0021,0x0021,0x0821,0x0841,0x0841,0x0861,
0x0861,0x0841,0x0821,0x0021,0x0841,0x0841,0x0861,0x0841,0x0841,0x0841,0x0841,0x0841,0x0021,0x0821,0x0841,0x0841,
0x0841,0x0862,0x0862,0x1082,0x1082,0x0862,0x10A2,0x18C3,0x10A3,0x1082,0x1082,0x18C3,0x18C3,0x10A2,0x18A2,0x20E3,
0x2945,0x2124,0x2104,0x2104,0x2945,0x2965,0x2945,0x18A2,0x18C3,0x20E4,0x18E3,0x2104,0x2124,0x2945,0x3186,0x2965,
0x2104,0x2104,0x2104,0x2104,0x2104,0x2104,0x2104,0x20E4,0x2104,0x2965,0x2945,0x0861,0x1082,0x1082,0x1082,0x1062,
0x0841,0x0821,0x0020,0x0020,0x0020,0x0020,0x0020,0x0020,0x0020,0x0020,0x0020,0x0841,0x0841,0x0861,0x1082,0x10A2,
0x18C3,0x2124,0x2965,0x2965,0x2945,0x2945,0x20E4,0x0000,0x0841,0x1082,0x0841,0x0020,0x0000,0x0000,0x0020,0x0000,
0x0020,0x0000,0x0000,0x0020,0x0861,0x0841,0x18E3,0x0020,0x0020,0x0000,0x0821,0x0861,0x2104,0x2104,0x18C3,0x0020,
0x0020,0x1082,0x1082,0x1082,0x1062,0x0841,0x0020,0x0000,0x0020,0x0020,0x0020,0x0020,0x0020,0x2104,0x2965,0x2945,
0x1062,0x0000,0x0020,0x18E3,0x2965,0x3166,0x2945,0x2965,0x2965,0x2945,0x3166,0x2945,0x0841,0x18E3,0x2965,0x3186,
0x3186,0x3166,0x3186,0x3186,0x2945,0x2945,0x2124,0x0821,0x0000,0x0861,0x20E3,0x2103,0x2103,0x2103,0x2103,0x2103,
0x0841,0x0841,0x0841,0x0841,0x0841,0x0841,0x0841,0x0841,0x0841,0x0841,0x18E3,0x1081,0x0862,0x0862,0x0862,0x0862,
0x0862,0x0862,0x0862,0x0862,0x0862,0x0862,0x0861,0x10A2,0x18E2,0x18E2,0x18E2,0x20E3,0x20E3,0x18C2,0x0862,0x0862,
0x0882,0x0862,0x0862,0x1082,0x2103,0x2103,0x2103,0x2103,0x2103,0x2103,0x10A2,0x0882,0x0882,0x0883,0x0882,0x0882,
0x0862,0x0862,0x0882,0x0882,0x0882,0x0862,0x0882,0x10C3,0x2103,0x2103,0x2103,0x2103,0x2123,0x2923,0x2924,0x18C2,
0x0882,0x0862,0x0862,0x0862,0x0862,0x0862,0x0862,0x0862,0x0882,0x0882,0x0882,0x0862,0x1082,0x18C3,0x20E3,0x2103,
0x20E3,0x2103,0x2103,0x18E2,0x0882,0x0882,0x0862,0x0882,0x0882,0x10A2,0x2103,0x2123,0x2123,0x2103,0x2103,0x18E3,
0x0882,0x0862,0x0862,0x0882,0x0882,0x0882,0x0862,0x0862,0x0882,0x1082,0x1082,0x1082,0x0861,0x0862,0x1062,0x1082,
0x0862,0x0861,0x1082,0x1082,0x10A2,0x1062,0x0862,0x0861,0x0841,0x0841,0x0841,0x0021,0x0021,0x0841,0x0841,0x0021,
0x0020,0x0020,0x0821,0x0841,0x0821,0x0020,0x0020,0x0020,0x0020,0x0020,0x0021,0x0020,0x0020,0x0021,0x0821,0x0841,
0x0841,0x0841,0x0841,0x0841,0x0821,0x0821,0x0821,0x0821,0x0841,0x0821,0x0841,0x0821,0x0841,0x0861,0x1062,0x1082,
0x0861,0x0861,0x0861,0x0841,0x0841,0x1062,0x1062,0x0841,0x0861,0x0861,0x0841,0x0841,0x0821,0x0841,0x0841,0x0841,
0x0841,0x0862,0x0861,0x0861,0x1082,0x0841,0x1082,0x18E3,0x18C3,0x1082,0x10A2,0x10A3,0x1082,0x10A2,0x10A2,0x18E3,
0x2104,0x2104,0x2104,0x2124,0x2925,0x2945,0x2945,0x2104,0x2124,0x2925,0x18E3,0x18E3,0x2124,0x18E3,0x18A3,0x1082,
0x0861,0x0841,0x0861,0x0861,0x0861,0x0841,0x0841,0x0861,0x0841,0x18A3,0x2945,0x10A2,0x0861,0x10A2,0x1062,0x0841,
0x0000,0x0020,0x0000,0x0000,0x0020,0x0000,0x0020,0x0020,0x0000,0x0000,0x0000,0x0000,0x0000,0x0000,0x0000,0x0020,
0x0841,0x0841,0x1082,0x18C3,0x2124,0x2945,0x2945,0x0841,0x0821,0x1082,0x10A2,0x0821,0x0000,0x0000,0x0000,0x0000,
0x0000,0x0000,0x0020,0x0821,0x0841,0x10A2,0x1062,0x0000,0x0020,0x0000,0x0000,0x0020,0x1082,0x18C3,0x2925,0x1082,
0x0020,0x0821,0x1062,0x1082,0x1082,0x1082,0x0861,0x0020,0x0000,0x0020,0x0000,0x0000,0x0020,0x18C3,0x2965,0x2945,
0x1082,0x0000,0x0821,0x18C3,0x2965,0x2965,0x2945,0x2965,0x2945,0x2965,0x2965,0x2124,0x0861,0x18C3,0x2965,0x3186,
0x3186,0x3186,0x31A6,0x2965,0x2925,0x2965,0x2124,0x0841,0x0000,0x0861,0x20E3,0x2103,0x2103,0x2924,0x2123,0x2123,
0x0841,0x0841,0x0841,0x0841,0x0841,0x0841,0x0841,0x0841,0x0841,0x0841,0x18E3,0x1081,0x0862,0x0862,0x0862,0x0862,
0x0862,0x0862,0x0862,0x0862,0x0862,0x0862,0x0862,0x10A2,0x18E2,0x18E2,0x18E2,0x18E2,0x18E3,0x18A2,0x0862,0x0862,
0x0882,0x0862,0x0862,0x1082,0x20E3,0x2103,0x2103,0x2103,0x2103,0x2103,0x10A2,0x0882,0x0862,0x0882,0x0882,0x0882,
0x0862,0x0862,0x0882,0x0882,0x0882,0x0862,0x0882,0x10C3,0x2923,0x2923,0x2923,0x2103,0x2123,0x2123,0x2924,0x18C2,
0x0882,0x0882,0x0862,0x0862,0x0862,0x0862,0x0862,0x0862,0x0862,0x0882,0x0862,0x0862,0x1082,0x18C3,0x20E3,0x2103,
0x2103,0x2103,0x2103,0x18C2,0x0882,0x0862,0x0862,0x0862,0x0862,0x10A2,0x2103,0x2103,0x2103,0x2103,0x2103,0x20E3,
0x0882,0x0862,0x0862,0x0862,0x0882,0x0882,0x0862,0x0882,0x0882,0x0882,0x0862,0x0862,0x0861,0x0862,0x1062,0x1082,
0x1062,0x1062,0x1082,0x1082,0x1082,0x0861,0x0862,0x0862,0x0841,0x0821,0x0021,0x0841,0x0841,0x0841,0x0841,0x0861,
0x0862,0x0862,0x1082,0x1082,0x1082,0x1082,0x1082,0x1082,0x1062,0x0862,0x0861,0x0841,0x0841,0x0841,0x0841,0x0861,
0x0841,0x0841,0x0861,0x0861,0x0861,0x1082,0x1082,0x1062,0x0861,0x0841,0x0861,0x0861,0x0861,0x1062,0x0861,0x0861,
0x1082,0x1082,0x1082,0x1082,0x1062,0x1082,0x1082,0x1082,0x1082,0x1082,0x1082,0x0862,0x0861,0x0841,0x0841,0x0841,
0x0841,0x0861,0x0841,0x0862,0x1082,0x0841,0x1082,0x18E4,0x18E3,0x1082,0x1082,0x1062,0x0861,0x1082,0x18E3,0x2124,
0x2945,0x2104,0x2104,0x2124,0x2104,0x2124,0x2945,0x2965,0x2945,0x2945,0x18E3,0x18A2,0x2124,0x2104,0x18A3,0x1061,
0x1082,0x1062,0x1062,0x1082,0x1082,0x1082,0x1082,0x1082,0x1082,0x0821,0x1082,0x18E3,0x0861,0x0861,0x0841,0x0841,
0x0841,0x0020,0x0841,0x0841,0x0020,0x0020,0x0000,0x0000,0x0000,0x0020,0x0020,0x0020,0x0000,0x0000,0x0000,0x0020,
0x0000,0x0020,0x0020,0x0000,0x0821,0x18A3,0x2945,0x2104,0x0841,0x0821,0x1082,0x1082,0x0841,0x0821,0x0000,0x0000,
0x0000,0x0000,0x0000,0x0821,0x1062,0x18C3,0x0000,0x0000,0x0000,0x0821,0x0000,0x0000,0x0000,0x0020,0x0861,0x2124,
0x2925,0x18C3,0x0020,0x0841,0x0861,0x1062,0x1082,0x1082,0x0841,0x0020,0x0000,0x0020,0x0000,0x0841,0x2945,0x2945,
0x1062,0x0000,0x0000,0x18C3,0x2965,0x3166,0x3166,0x2965,0x2945,0x2965,0x2965,0x2124,0x0861,0x18C3,0x2965,0x3166,
0x3186,0x3186,0x3186,0x2965,0x2945,0x2965,0x18E3,0x0000,0x0000,0x0861,0x20E3,0x2103,0x2103,0x2924,0x2123,0x2123,
0x0841,0x0841,0x0841,0x0841,0x0841,0x0841,0x0841,0x0841,0x0841,0x0841,0x18E3,0x1082,0x0862,0x0862,0x0862,0x0862,
0x0862,0x0862,0x0862,0x0862,0x0862,0x0862,0x0862,0x10A2,0x20E3,0x18E2,0x18E2,0x18E2,0x18E3,0x18A2,0x0862,0x0862,
0x0882,0x0862,0x0862,0x0882,0x18C2,0x2103,0x2103,0x2103,0x2103,0x2103,0x10A3,0x0882,0x0862,0x0882,0x0882,0x0882,
0x0882,0x0862,0x0882,0x0882,0x0882,0x0862,0x0862,0x10A3,0x2923,0x2923,0x2923,0x2123,0x2123,0x2123,0x2124,0x18C2,
0x0882,0x0882,0x0882,0x0862,0x0862,0x0862,0x0862,0x0862,0x0862,0x0862,0x0862,0x0862,0x10A2,0x18E3,0x2103,0x2103,
0x2103,0x2103,0x18E3,0x10A2,0x0882,0x0862,0x0882,0x0862,0x0862,0x1082,0x2103,0x2103,0x2103,0x2103,0x2103,0x20E3,
0x0882,0x0862,0x0862,0x0862,0x0862,0x0862,0x0862,0x0882,0x0882,0x0862,0x0861,0x0862,0x0841,0x0862,0x0862,0x1062,
0x0861,0x0862,0x1082,0x1082,0x1082,0x0861,0x0841,0x0841,0x0841,0x0841,0x0841,0x0841,0x0841,0x0841,0x0861,0x0861,
0x0841,0x0841,0x0841,0x0861,0x0841,0x0861,0x0861,0x0861,0x1062,0x1062,0x0862,0x0861,0x0861,0x0861,0x0862,0x0862,
0x1062,0x1082,0x1082,0x1082,0x1082,0x1082,0x10A2,0x1082,0x1082,0x1082,0x1082,0x1082,0x1082,0x10A2,0x10A2,0x10A2,
0x10A2,0x10A2,0x10A2,0x10A2,0x10A2,0x1082,0x1082,0x1082,0x1082,0x10A3,0x18C3,0x18C3,0x10A2,0x1082,0x0862,0x0861,
0x0841,0x0841,0x0861,0x1082,0x1082,0x0861,0x1082,0x2104,0x18E4,0x1082,0x0861,0x0861,0x0862,0x1082,0x2104,0x2945,
0x2965,0x2124,0x2104,0x2104,0x2124,0x2925,0x2965,0x3166,0x2965,0x2945,0x18C3,0x1062,0x2104,0x2945,0x18C3,0x0841,
0x0020,0x0020,0x0020,0x0841,0x0861,0x0861,0x0861,0x0841,0x0821,0x0841,0x0821,0x2104,0x1082,0x0020,0x18E3,0x2945,
0x2945,0x2924,0x2924,0x2945,0x2124,0x2124,0x20E4,0x18C3,0x10A2,0x1082,0x0841,0x0020,0x0000,0x0000,0x0000,0x0000,
0x0000,0x0000,0x0000,0x0000,0x0000,0x0841,0x18C3,0x2945,0x2104,0x0841,0x1062,0x1082,0x0861,0x0000,0x0000,0x0000,
0x0000,0x0020,0x0000,0x0861,0x18E3,0x0841,0x0000,0x0000,0x0020,0x0000,0x0000,0x0821,0x0000,0x0841,0x0000,0x1082,
0x2925,0x2945,0x20E4,0x0821,0x0020,0x0841,0x1062,0x1082,0x1082,0x0861,0x0821,0x0000,0x0020,0x0020,0x2945,0x2945,
0x1082,0x0000,0x0000,0x1082,0x2965,0x2945,0x3166,0x2945,0x2965,0x2965,0x2965,0x2925,0x0841,0x18A3,0x2945,0x2965,
0x3186,0x3166,0x3166,0x2945,0x2925,0x2965,0x18C3,0x0020,0x0000,0x0861,0x20E3,0x2103,0x2103,0x2924,0x2924,0x2924,
0x0841,0x0841,0x0841,0x0841,0x0841,0x0841,0x0841,0x0841,0x0841,0x0841,0x18E3,0x1081,0x0862,0x0862,0x0862,0x0862,
0x0862,0x0862,0x0862,0x0862,0x0862,0x0862,0x0862,0x10A2,0x20E3,0x20E3,0x20E3,0x18E2,0x18E3,0x18A2,0x0862,0x0862,
0x0882,0x0862,0x0862,0x0862,0x18C2,0x2103,0x2103,0x2103,0x2103,0x2103,0x10C3,0x0882,0x0862,0x0862,0x0882,0x0882,
0x0882,0x0862,0x0882,0x0882,0x0882,0x0882,0x0882,0x10A3,0x2103,0x2123,0x2123,0x2103,0x2103,0x2103,0x2124,0x18C2,
0x0882,0x0882,0x0882,0x0882,0x0862,0x0862,0x0862,0x0862,0x0882,0x0862,0x0862,0x0862,0x18A2,0x20E3,0x2103,0x2103,
0x20E3,0x2103,0x18E3,0x1082,0x0862,0x0862,0x0882,0x0862,0x0862,0x1082,0x20E3,0x2103,0x2103,0x2103,0x2103,0x20E3,
0x0882,0x0882,0x0882,0x0882,0x0882,0x0862,0x0862,0x0862,0x0862,0x0862,0x0861,0x0861,0x0841,0x0861,0x0861,0x1062,
0x0861,0x0861,0x0861,0x0861,0x0862,0x0861,0x0841,0x0021,0x0021,0x0841,0x0841,0x0841,0x0841,0x0841,0x0841,0x0021,
0x0841,0x0841,0x0841,0x0841,0x0841,0x0841,0x0841,0x0841,0x0821,0x0841,0x0841,0x0841,0x0841,0x0861,0x0861,0x0862,
0x0861,0x0861,0x1082,0x1062,0x0861,0x0861,0x1062,0x1082,0x1082,0x0861,0x0861,0x0861,0x0861,0x0861,0x0861,0x1062,
0x0861,0x0861,0x0861,0x1062,0x1082,0x1082,0x1062,0x1082,0x1082,0x1082,0x10A2,0x18C3,0x18A3,0x18C3,0x18A3,0x1082,
0x0841,0x0841,0x1062,0x1082,0x1082,0x0862,0x10A2,0x18A3,0x18E3,0x1062,0x0841,0x0862,0x1082,0x1062,0x18C3,0x2124,
0x2945,0x2104,0x2104,0x2104,0x2945,0x2965,0x3165,0x2965,0x2965,0x2925,0x18C3,0x1062,0x18E3,0x2945,0x18E3,0x0841,
0x0000,0x0000,0x0000,0x0020,0x1062,0x18C3,0x2104,0x2124,0x2925,0x2104,0x2104,0x2945,0x18E3,0x18C3,0x2945,0x3166,
0x3186,0x3186,0x20E4,0x2104,0x2104,0x2104,0x2124,0x2124,0x2945,0x2945,0x2925,0x2104,0x20E4,0x18C3,0x10A2,0x1061,
0x0841,0x0000,0x0000,0x0020,0x0020,0x0020,0x1062,0x2945,0x2104,0x1062,0x0841,0x10A2,0x1082,0x0020,0x0000,0x0020,
0x0000,0x0000,0x10A2,0x20E4,0x1082,0x0020,0x0821,0x0020,0x0000,0x0821,0x0000,0x0000,0x1082,0x0861,0x0821,0x18C3,
0x2925,0x18E3,0x3166,0x2124,0x10A2,0x0020,0x0821,0x0861,0x1062,0x1082,0x0861,0x0020,0x0020,0x0000,0x2925,0x2945,
0x1062,0x0000,0x0020,0x0020,0x2945,0x2965,0x2965,0x2965,0x2965,0x2965,0x2965,0x2945,0x0841,0x10A3,0x2965,0x2965,
0x3186,0x3186,0x3186,0x2945,0x2945,0x2965,0x0861,0x0020,0x0000,0x0861,0x20E3,0x2103,0x2103,0x2924,0x2924,0x2924,
0x0841,0x0841,0x0841,0x0841,0x0841,0x0841,0x0841,0x0841,0x0841,0x0841,0x18E3,0x1081,0x0862,0x0862,0x0862,0x0862,
0x0862,0x0862,0x0862,0x0862,0x0862,0x0862,0x0861,0x10A2,0x20E3,0x20E3,0x20E3,0x20E3,0x18E3,0x18A2,0x0862,0x0862,
0x0862,0x0862,0x0862,0x0862,0x18A2,0x2103,0x2103,0x2103,0x2103,0x2103,0x18C3,0x0862,0x0882,0x0862,0x0882,0x0882,
0x0882,0x0882,0x0882,0x0882,0x0882,0x0882,0x0882,0x10A3,0x2103,0x2103,0x2123,0x2103,0x2103,0x2103,0x2124,0x18C2,
0x0882,0x0882,0x0882,0x0882,0x0882,0x0862,0x0862,0x0862,0x0882,0x0882,0x0862,0x0862,0x18C2,0x2103,0x2103,0x2103,
0x20E3,0x2103,0x10C3,0x0882,0x0862,0x0862,0x0882,0x0882,0x0862,0x1082,0x20E3,0x2103,0x2103,0x2103,0x2103,0x18E2,
0x0862,0x0882,0x0882,0x0882,0x0882,0x0862,0x0861,0x0861,0x0861,0x0862,0x0861,0x0861,0x0841,0x0861,0x0861,0x0862,
0x0862,0x0861,0x0841,0x0841,0x0841,0x0861,0x0861,0x0841,0x0021,0x0861,0x0861,0x0841,0x0021,0x0841,0x0821,0x0021,
0x0021,0x0821,0x0841,0x0021,0x0020,0x0021,0x0821,0x0021,0x0821,0x0821,0x0821,0x0021,0x0021,0x0841,0x0841,0x0841,
0x0841,0x0861,0x0861,0x0841,0x0841,0x0841,0x0841,0x0841,0x0861,0x0861,0x1062,0x0861,0x0841,0x0841,0x0841,0x0841,
0x0841,0x0841,0x0841,0x0841,0x0841,0x0841,0x0861,0x1082,0x1082,0x0861,0x0841,0x0841,0x1082,0x10A2,0x18C3,0x10A2,
0x18C3,0x1082,0x1082,0x1082,0x1082,0x0861,0x0841,0x0021,0x10A3,0x1062,0x0841,0x1062,0x0861,0x0862,0x10A2,0x18C3,
0x20E4,0x18E3,0x18E3,0x2104,0x2104,0x2124,0x2945,0x2965,0x2945,0x2104,0x18A2,0x1082,0x18C3,0x2104,0x2104,0x1082,
0x0000,0x0020,0x0000,0x0000,0x0000,0x0000,0x0000,0x0000,0x0000,0x0841,0x0861,0x1062,0x2945,0x3186,0x3165,0x3186,
0x2965,0x2924,0x0020,0x0000,0x0000,0x0000,0x0000,0x0000,0x0000,0x0000,0x0820,0x0841,0x1062,0x18A3,0x20E4,0x2124,
0x2945,0x2945,0x2945,0x2104,0x18A3,0x1082,0x0861,0x2104,0x3166,0x2104,0x0020,0x0861,0x1062,0x1062,0x0000,0x0000,
0x0000,0x0020,0x2104,0x2104,0x18E3,0x0861,0x1062,0x1062,0x0861,0x0821,0x0841,0x0861,0x0841,0x0020,0x10A2,0x18C3,
0x0020,0x0020,0x1062,0x2124,0x2945,0x2124,0x10A2,0x0020,0x0841,0x1062,0x1082,0x0841,0x0000,0x0000,0x2124,0x2945,
0x1061,0x0020,0x0000,0x0000,0x18C3,0x2965,0x2945,0x2945,0x2965,0x2965,0x2965,0x2925,0x0841,0x10A3,0x2965,0x2965,
0x2966,0x3186,0x2945,0x2924,0x3166,0x2104,0x0000,0x0020,0x0000,0x0861,0x20E3,0x2103,0x2103,0x2924,0x2924,0x2924,
0x0841,0x0841,0x0841,0x0841,0x0841,0x0841,0x0841,0x0841,0x0841,0x0841,0x18E3,0x1081,0x0862,0x0862,0x0862,0x0862,
0x0862,0x0862,0x0862,0x0862,0x0862,0x0862,0x0861,0x10A2,0x20E3,0x20E3,0x20E3,0x20E3,0x20E3,0x18A2,0x0862,0x0862,
0x0862,0x0862,0x0862,0x0862,0x10A2,0x2103,0x2103,0x2103,0x20E3,0x2103,0x18E3,0x0861,0x0882,0x0862,0x0882,0x0882,
0x0882,0x0882,0x0882,0x0882,0x0882,0x0862,0x0862,0x10A3,0x2103,0x2123,0x2123,0x2103,0x2103,0x2103,0x2124,0x18C2,
0x0862,0x0862,0x0862,0x0862,0x0862,0x0862,0x0862,0x0862,0x0882,0x0882,0x0862,0x0862,0x18C3,0x2103,0x2103,0x2103,
0x20E3,0x2103,0x10A2,0x0861,0x0862,0x0862,0x0862,0x0862,0x0862,0x1082,0x2103,0x2103,0x2103,0x2103,0x2103,0x18C2,
0x0862,0x0862,0x0862,0x0862,0x0862,0x0841,0x0841,0x0861,0x0841,0x0861,0x0861,0x0862,0x0841,0x0861,0x0841,0x0861,
0x0861,0x0862,0x0841,0x0841,0x0841,0x0861,0x0861,0x0841,0x0841,0x0841,0x0841,0x0821,0x0841,0x0021,0x0841,0x0862,
0x0821,0x0021,0x0021,0x0021,0x0020,0x0021,0x0821,0x0821,0x0841,0x0841,0x0821,0x0821,0x0821,0x0821,0x0821,0x0821,
0x0841,0x0841,0x0841,0x0841,0x0861,0x0861,0x0861,0x0861,0x1062,0x1082,0x1082,0x1082,0x1062,0x1062,0x0861,0x0861,
0x0861,0x0861,0x0861,0x0861,0x0861,0x1062,0x1062,0x0861,0x0862,0x1082,0x0861,0x0821,0x0841,0x0861,0x0862,0x18A3,
0x10A3,0x0862,0x1082,0x1082,0x1082,0x0862,0x1082,0x1082,0x1082,0x1062,0x0861,0x0861,0x0841,0x1082,0x10A2,0x10A3,
0x18C3,0x18C3,0x18C3,0x20E4,0x20E4,0x20E4,0x2104,0x2945,0x2124,0x20E4,0x10A2,0x1082,0x18A3,0x20E4,0x2924,0x18A3,
0x0841,0x0841,0x0841,0x0841,0x0821,0x0020,0x0020,0x0020,0x0000,0x0020,0x0000,0x0020,0x18A3,0x2965,0x2965,0x3186,
0x3186,0x18C3,0x0020,0x0020,0x0000,0x0020,0x0000,0x0000,0x0020,0x0020,0x0000,0x0000,0x0000,0x0000,0x0020,0x0821,
0x0841,0x0861,0x1062,0x1082,0x18C3,0x2104,0x2104,0x2945,0x2945,0x2965,0x1082,0x0821,0x1062,0x1062,0x0841,0x0020,
0x0000,0x0000,0x0841,0x1061,0x1062,0x18C3,0x0841,0x0861,0x1062,0x0841,0x1062,0x1082,0x0020,0x0861,0x2124,0x10A2,
0x0020,0x0000,0x0020,0x1062,0x20E4,0x2945,0x2925,0x20E4,0x0841,0x0000,0x0861,0x1082,0x0841,0x0020,0x2124,0x2945,
0x1062,0x0000,0x0000,0x0000,0x0841,0x18C3,0x2965,0x2945,0x2945,0x2945,0x2965,0x2124,0x0841,0x10A2,0x2945,0x2965,
0x2965,0x2965,0x2945,0x2965,0x2925,0x1062,0x0020,0x0020,0x0000,0x0861,0x20E3,0x2103,0x2103,0x2904,0x2924,0x2924,
0x0841,0x0841,0x0841,0x0841,0x0841,0x0841,0x0841,0x0841,0x0841,0x0841,0x18E3,0x1081,0x0862,0x0862,0x0862,0x0862,
0x0862,0x0862,0x0862,0x0862,0x0862,0x0862,0x0862,0x10A2,0x20E3,0x18E2,0x18E2,0x18E2,0x18E3,0x18A2,0x0862,0x0862,
0x0862,0x0862,0x0862,0x0862,0x1082,0x20E3,0x2103,0x2103,0x2103,0x2103,0x18E3,0x0861,0x0882,0x0862,0x0882,0x0882,
0x0882,0x0882,0x0882,0x0862,0x0862,0x0862,0x0862,0x10A3,0x2103,0x2123,0x2923,0x2103,0x2103,0x2103,0x2104,0x18A2,
0x0862,0x0862,0x0862,0x0862,0x0862,0x0862,0x0862,0x0862,0x0862,0x0862,0x0862,0x0862,0x18E2,0x20E3,0x2103,0x2103,
0x2103,0x2103,0x0882,0x0862,0x0862,0x0862,0x0862,0x0862,0x0862,0x1082,0x20E3,0x2103,0x2103,0x2103,0x2103,0x18E2,
0x0862,0x0862,0x0862,0x0862,0x0841,0x0841,0x0841,0x0861,0x0841,0x0841,0x0841,0x0861,0x0841,0x0861,0x0841,0x0861,
0x0861,0x0862,0x0861,0x0861,0x0841,0x0861,0x0841,0x0841,0x0841,0x0841,0x0021,0x0021,0x0841,0x0841,0x0841,0x1082,
0x0841,0x0821,0x0021,0x0021,0x0021,0x0821,0x0841,0x0841,0x0821,0x0841,0x0841,0x0841,0x0841,0x0841,0x0821,0x0020,
0x0020,0x0021,0x0841,0x0841,0x0861,0x0861,0x0861,0x0861,0x1062,0x0861,0x0862,0x0861,0x0861,0x1062,0x0861,0x0841,
0x0861,0x0861,0x0861,0x1082,0x1082,0x10A2,0x1082,0x1062,0x0861,0x10A2,0x10A2,0x1082,0x0861,0x0841,0x0841,0x1082,
0x10A2,0x1082,0x10A3,0x10A2,0x1082,0x1062,0x1082,0x1082,0x1062,0x0861,0x0862,0x0862,0x1082,0x10A2,0x10A2,0x10A2,
0x18C3,0x18C3,0x18C3,0x18E3,0x18E3,0x20E4,0x2104,0x2124,0x2104,0x18E3,0x10A2,0x1082,0x18C3,0x20E4,0x2124,0x18E3,
0x1082,0x1082,0x1082,0x1082,0x1082,0x1062,0x0861,0x0841,0x0821,0x0000,0x0821,0x0000,0x1082,0x2965,0x20E4,0x2104,
0x20E4,0x0861,0x0000,0x0000,0x0000,0x0020,0x0000,0x0020,0x0000,0x0000,0x0000,0x0000,0x0020,0x0020,0x0020,0x0000,
0x0000,0x0020,0x0020,0x0020,0x0020,0x0841,0x10A2,0x2124,0x2965,0x2965,0x18E3,0x0000,0x0861,0x1082,0x1082,0x0000,
0x0020,0x0020,0x0000,0x0000,0x0020,0x10A2,0x18E3,0x0841,0x0841,0x1062,0x1082,0x0861,0x0821,0x18A3,0x2124,0x2124,
0x18A3,0x0020,0x0020,0x0000,0x0841,0x2104,0x3166,0x2124,0x18C3,0x0821,0x0821,0x1082,0x1062,0x0000,0x18E3,0x2965,
0x1062,0x0000,0x0820,0x0000,0x0020,0x0841,0x2104,0x2945,0x2925,0x2945,0x2965,0x2104,0x0821,0x10A2,0x2945,0x2945,
0x2965,0x2965,0x2965,0x2945,0x18C3,0x0000,0x0821,0x0000,0x0000,0x0861,0x20E3,0x2103,0x2103,0x2903,0x2103,0x2103,
0x0841,0x0841,0x0841,0x0841,0x0841,0x0841,0x0841,0x0841,0x0841,0x0841,0x18E3,0x1081,0x0862,0x0862,0x0862,0x0862,
0x0862,0x0862,0x0862,0x0862,0x0862,0x0862,0x1062,0x10A2,0x20E3,0x18E2,0x18C2,0x18C2,0x18E3,0x10A2,0x0862,0x0862,
0x0862,0x0882,0x0862,0x0862,0x1082,0x18E3,0x2103,0x2103,0x2103,0x2103,0x2103,0x0861,0x0882,0x0862,0x0882,0x0882,
0x0882,0x0882,0x0882,0x0862,0x0862,0x0862,0x0882,0x10A3,0x2103,0x2123,0x2123,0x2103,0x2103,0x2103,0x2103,0x18A2,
0x0862,0x0862,0x0862,0x0862,0x0862,0x0862,0x0862,0x0862,0x0862,0x0862,0x0862,0x0862,0x18E3,0x20E3,0x2103,0x2103,
0x2103,0x2103,0x0862,0x0862,0x0862,0x0882,0x0862,0x0882,0x0862,0x1082,0x20E3,0x2103,0x2103,0x2103,0x2103,0x20E3,
0x0882,0x0862,0x0862,0x0841,0x0841,0x0841,0x0841,0x0862,0x0841,0x0841,0x0841,0x0841,0x0841,0x0861,0x0841,0x0841,
0x1082,0x1082,0x0861,0x0841,0x0841,0x0862,0x0841,0x0021,0x0021,0x0841,0x0021,0x0020,0x0841,0x0841,0x0841,0x0862,
0x1082,0x0841,0x0821,0x0821,0x0841,0x0841,0x0841,0x0841,0x0841,0x0841,0x0841,0x0841,0x0841,0x0841,0x0841,0x0841,
0x0841,0x0861,0x0861,0x0841,0x0841,0x0020,0x0020,0x0821,0x0821,0x0821,0x0841,0x0841,0x1062,0x10A2,0x1082,0x0861,
0x0861,0x0861,0x0861,0x0861,0x0841,0x0861,0x1082,0x1082,0x1062,0x0861,0x10A2,0x18C3,0x1082,0x1082,0x1082,0x0861,
0x1062,0x0861,0x1082,0x1062,0x1082,0x10A3,0x10A2,0x0862,0x1082,0x0841,0x1062,0x1082,0x10A2,0x10A2,0x1062,0x1082,
0x1082,0x10A2,0x10A2,0x10A2,0x18A3,0x18E3,0x2104,0x2104,0x2104,0x18C3,0x10A2,0x1062,0x18C3,0x2104,0x2124,0x2104,
0x18C3,0x1082,0x1062,0x0861,0x0861,0x0841,0x0841,0x0861,0x1062,0x0861,0x0841,0x0020,0x0821,0x18E3,0x18C3,0x0000,
0x0000,0x0020,0x0000,0x0000,0x0020,0x0000,0x0000,0x0000,0x0000,0x0020,0x0020,0x0000,0x0000,0x0000,0x0000,0x0000,
0x0000,0x0000,0x0000,0x0020,0x0020,0x0000,0x0000,0x0020,0x0841,0x2104,0x2945,0x10A2,0x0020,0x1062,0x1062,0x0841,
0x0000,0x0000,0x0820,0x0000,0x0841,0x0841,0x1082,0x20E3,0x18A3,0x0861,0x0841,0x1082,0x20E4,0x18C3,0x0020,0x0841,
0x18C3,0x18E3,0x0020,0x0020,0x0000,0x0841,0x10A2,0x2945,0x2945,0x2945,0x18C3,0x0020,0x0821,0x0000,0x2104,0x2965,
0x1082,0x0000,0x0000,0x0000,0x0000,0x0000,0x0020,0x18C3,0x2124,0x2965,0x2965,0x2104,0x0821,0x1082,0x2925,0x2945,
0x2945,0x2945,0x2104,0x0841,0x0020,0x0000,0x0000,0x0020,0x0000,0x0861,0x20E3,0x2103,0x2103,0x2903,0x2103,0x2103,
0x0841,0x0841,0x0841,0x0841,0x0841,0x0841,0x0841,0x0841,0x0841,0x0841,0x18E3,0x1081,0x0862,0x0862,0x0862,0x0862,
0x0862,0x0862,0x0862,0x0862,0x0862,0x0862,0x0862,0x10A2,0x18E2,0x18E2,0x18E2,0x18C2,0x18E3,0x18A2,0x0862,0x0862,
0x0862,0x0862,0x0862,0x0882,0x1081,0x18E3,0x20E3,0x2103,0x2103,0x2103,0x2103,0x1081,0x0862,0x0882,0x0882,0x0882,
0x0862,0x0882,0x0882,0x0882,0x0862,0x0862,0x0882,0x10A3,0x2103,0x2103,0x2103,0x2103,0x2103,0x2103,0x2103,0x10A2,
0x0862,0x0862,0x0862,0x0862,0x0882,0x0882,0x0862,0x0862,0x0862,0x0882,0x0862,0x1082,0x20E3,0x20E3,0x20E3,0x2103,
0x2103,0x2103,0x0862,0x0862,0x0862,0x0862,0x0882,0x0862,0x0862,0x1082,0x20E3,0x20E3,0x2103,0x2103,0x2103,0x18E2,
0x0862,0x0862,0x0861,0x0841,0x0841,0x0841,0x0841,0x0862,0x0861,0x0861,0x0841,0x0841,0x0861,0x0841,0x0841,0x0862,
0x0861,0x0861,0x0841,0x0841,0x0841,0x0861,0x0841,0x0021,0x0841,0x0821,0x0021,0x0841,0x0841,0x0021,0x0841,0x0861,
0x0861,0x1062,0x0861,0x0841,0x0841,0x0841,0x0841,0x0841,0x0841,0x0841,0x0841,0x0841,0x0841,0x0861,0x0861,0x0861,
0x0862,0x0862,0x0862,0x1082,0x1082,0x1082,0x1062,0x0862,0x0861,0x0841,0x0841,0x0841,0x0862,0x10A2,0x1082,0x0862,
0x0862,0x0862,0x0861,0x0861,0x0862,0x1082,0x1062,0x0861,0x0861,0x1062,0x0861,0x0861,0x18C3,0x10A2,0x1082,0x1061,
0x0861,0x0861,0x1062,0x0861,0x0861,0x10A2,0x10A2,0x0861,0x1082,0x0861,0x1082,0x1082,0x18A3,0x0861,0x0861,0x1082,
0x1082,0x10A2,0x1082,0x1082,0x18A3,0x18C3,0x18E3,0x2104,0x2104,0x10A2,0x1082,0x1062,0x10A2,0x18C3,0x2104,0x2945,
0x3166,0x2965,0x2945,0x2945,0x2925,0x2104,0x18E3,0x18C3,0x10A2,0x1082,0x0841,0x0841,0x0000,0x0861,0x2104,0x0000,
0x0020,0x0000,0x0000,0x0000,0x0000,0x0000,0x0020,0x0000,0x0020,0x0000,0x0000,0x0000,0x0000,0x0000,0x0000,0x0020,
0x0000,0x0841,0x0020,0x0821,0x0020,0x0000,0x0020,0x0000,0x0020,0x0841,0x2945,0x2104,0x0861,0x0841,0x1082,0x0841,
0x0000,0x0020,0x0000,0x0000,0x0000,0x1061,0x0821,0x10A2,0x2124,0x2124,0x2104,0x2104,0x1062,0x0020,0x0000,0x0000,
0x0821,0x18C3,0x18E3,0x0841,0x0000,0x0000,0x0020,0x18A3,0x2945,0x3166,0x2945,0x18C3,0x0861,0x0000,0x20E4,0x2945,
0x1062,0x0000,0x0000,0x0000,0x0000,0x0000,0x0000,0x0000,0x0841,0x20E4,0x2965,0x18E3,0x0821,0x1082,0x2945,0x2965,
0x2104,0x10A2,0x0820,0x0020,0x0000,0x0020,0x0000,0x0000,0x0000,0x0861,0x20E3,0x2103,0x2103,0x2103,0x2103,0x2103,
0x0841,0x0841,0x0861,0x0861,0x0841,0x0841,0x0841,0x0841,0x0841,0x0841,0x18E3,0x1081,0x0862,0x0862,0x0862,0x0862,
0x0862,0x0862,0x0862,0x0862,0x0862,0x0862,0x0861,0x10A2,0x18E2,0x18E2,0x18E2,0x18C2,0x18C3,0x18A2,0x0862,0x0862,
0x0862,0x0862,0x0862,0x0882,0x1081,0x18E3,0x20E3,0x2103,0x2103,0x2103,0x2103,0x1082,0x0862,0x0882,0x0882,0x0862,
0x0862,0x0862,0x0882,0x0882,0x0862,0x0882,0x0882,0x10A2,0x20E3,0x2103,0x2103,0x2103,0x2103,0x2103,0x2103,0x10A2,
0x0862,0x0862,0x0862,0x0862,0x0882,0x0862,0x0862,0x0862,0x0862,0x0862,0x0862,0x1082,0x20E3,0x20E3,0x20E3,0x20E2,
0x2103,0x20E3,0x0862,0x0862,0x0862,0x0862,0x0882,0x0862,0x0862,0x0862,0x20E3,0x20E3,0x2103,0x20E2,0x2103,0x18E3,
0x0862,0x0861,0x0841,0x0841,0x0841,0x0841,0x0841,0x1062,0x0861,0x0841,0x0841,0x0841,0x0841,0x0841,0x0841,0x0862,
0x0841,0x0841,0x0841,0x0841,0x0841,0x0841,0x0841,0x0841,0x0841,0x0841,0x0841,0x0841,0x0841,0x0021,0x0841,0x0841,
0x0861,0x0862,0x0861,0x0841,0x0841,0x0841,0x0841,0x0841,0x0841,0x0841,0x0841,0x0841,0x0841,0x0861,0x0861,0x0861,
0x0861,0x0841,0x0841,0x0841,0x0861,0x0862,0x1062,0x0862,0x1062,0x1062,0x0861,0x0841,0x0861,0x1082,0x1082,0x0862,
0x1082,0x1082,0x1082,0x1082,0x1082,0x1082,0x1082,0x0861,0x0841,0x0861,0x0841,0x0841,0x1082,0x1082,0x1082,0x1062,
0x0861,0x0861,0x0861,0x0861,0x0861,0x10A2,0x1082,0x0861,0x1082,0x0861,0x0861,0x1082,0x10A2,0x1082,0x1082,0x1082,
0x10A2,0x1082,0x1082,0x1082,0x18C3,0x18C3,0x18C3,0x2104,0x2104,0x10A2,0x1082,0x1062,0x18C3,0x18C3,0x2104,0x2124,
0x2965,0x3166,0x3186,0x3186,0x3166,0x2945,0x2945,0x2945,0x2945,0x2945,0x20E4,0x0861,0x0020,0x0020,0x2104,0x0020,
0x0000,0x0000,0x0020,0x0000,0x0000,0x0020,0x0000,0x0000,0x0000,0x0000,0x0020,0x0000,0x0000,0x0020,0x0000,0x0821,
0x1062,0x0861,0x1082,0x1082,0x0861,0x0861,0x0821,0x0000,0x0000,0x0821,0x2124,0x2945,0x10A2,0x0821,0x1082,0x1082,
0x0000,0x0000,0x0000,0x0020,0x0000,0x0020,0x1082,0x0841,0x10A2,0x2945,0x2104,0x1082,0x0020,0x0821,0x0000,0x0020,
0x0000,0x0821,0x18E3,0x18E3,0x0841,0x0020,0x0000,0x0020,0x2104,0x2945,0x2945,0x2945,0x2104,0x0841,0x2104,0x2965,
0x1082,0x0000,0x0000,0x0000,0x0000,0x0000,0x0000,0x0000,0x0000,0x0841,0x18C3,0x10A2,0x0000,0x0841,0x2104,0x18E3,
0x0841,0x0821,0x0000,0x0020,0x0000,0x0020,0x0000,0x0000,0x0000,0x0861,0x20E3,0x2103,0x2103,0x2103,0x2103,0x2103,
0x0841,0x0841,0x0861,0x0861,0x0841,0x0841,0x0841,0x0841,0x0841,0x0841,0x18E3,0x1082,0x0862,0x0862,0x0862,0x0862,
0x0862,0x0862,0x0862,0x0862,0x0862,0x0862,0x0861,0x10A2,0x18E2,0x18E2,0x18E2,0x18C2,0x18C3,0x10A2,0x0862,0x0862,
0x0862,0x0862,0x0862,0x0862,0x0861,0x18E3,0x2103,0x2103,0x2103,0x2103,0x2103,0x10A2,0x0862,0x0862,0x0882,0x0882,
0x0862,0x0862,0x0882,0x0882,0x0862,0x0882,0x0882,0x10A2,0x20E3,0x2103,0x2103,0x2103,0x2103,0x20E3,0x2103,0x10A2,
0x0862,0x0862,0x0862,0x0862,0x0882,0x0862,0x0862,0x0862,0x0862,0x0862,0x0862,0x10A2,0x2103,0x2103,0x20E3,0x20E3,
0x20E3,0x20E3,0x0862,0x0862,0x0862,0x0862,0x0862,0x0862,0x0862,0x0862,0x20E2,0x20E3,0x20E3,0x18E2,0x18E3,0x18C2,
0x0861,0x0841,0x0841,0x0821,0x0821,0x0821,0x0841,0x1082,0x0861,0x0861,0x0841,0x0861,0x0841,0x0841,0x0841,0x0862,
0x0841,0x0841,0x0841,0x0841,0x0821,0x0841,0x0841,0x0841,0x0841,0x0841,0x0841,0x0841,0x0821,0x0821,0x0841,0x0841,
0x0841,0x0861,0x0862,0x0862,0x0861,0x0841,0x0841,0x0841,0x0841,0x0861,0x0861,0x0861,0x0861,0x0861,0x0862,0x0862,
0x0841,0x0841,0x0021,0x0021,0x0021,0x0841,0x0841,0x0841,0x0841,0x0841,0x0841,0x0021,0x0021,0x0841,0x0841,0x0841,
0x0861,0x0841,0x0861,0x0861,0x0862,0x0861,0x0861,0x0861,0x0861,0x1062,0x1082,0x1082,0x18C3,0x18A2,0x18A2,0x1062,
0x0861,0x0861,0x0861,0x0841,0x0841,0x1082,0x1082,0x0841,0x1082,0x0861,0x0861,0x1062,0x10A2,0x1062,0x1082,0x10A2,
0x18C3,0x10A2,0x18A3,0x18C3,0x18E3,0x18E3,0x18C3,0x2104,0x18C3,0x10A2,0x1082,0x0861,0x18C3,0x18C3,0x18E3,0x2104,
0x2945,0x2965,0x2965,0x2945,0x2965,0x3166,0x2965,0x2965,0x2945,0x2945,0x2965,0x18C3,0x0020,0x0000,0x10A2,0x18A3,
0x0821,0x0000,0x0000,0x0000,0x0020,0x0000,0x0000,0x0020,0x0000,0x0020,0x0000,0x0000,0x0020,0x0020,0x0020,0x0861,
0x1062,0x0861,0x0841,0x0841,0x0861,0x1082,0x1082,0x1082,0x1082,0x0020,0x1082,0x2945,0x2925,0x0821,0x0821,0x1082,
0x0000,0x0821,0x0000,0x0000,0x0020,0x0841,0x1062,0x0861,0x0020,0x2124,0x2945,0x2104,0x0821,0x0821,0x0861,0x0020,
0x0000,0x0020,0x0841,0x18E3,0x2104,0x1082,0x0020,0x0000,0x0821,0x18A3,0x2945,0x2945,0x2945,0x2124,0x2925,0x2945,
0x1062,0x0000,0x0000,0x0020,0x0000,0x0000,0x0000,0x0000,0x0020,0x0000,0x0020,0x0841,0x18A3,0x10A2,0x0841,0x0000,
0x0000,0x0000,0x0000,0x0000,0x0000,0x0000,0x0020,0x0000,0x0020,0x0861,0x20E3,0x2103,0x2103,0x2103,0x2103,0x2103,
0x0841,0x0841,0x0861,0x0861,0x0841,0x0841,0x0841,0x0841,0x0841,0x0841,0x18E3,0x1082,0x0862,0x0862,0x0862,0x0862,
0x0862,0x0862,0x0862,0x0862,0x0862,0x0862,0x0861,0x10A2,0x18E2,0x18E2,0x18E2,0x18C2,0x18C3,0x10A2,0x0862,0x0862,
0x0862,0x0862,0x0862,0x0862,0x0861,0x18C3,0x2103,0x2103,0x2103,0x2103,0x2103,0x18C2,0x0862,0x0862,0x0882,0x0882,
0x0862,0x0862,0x0882,0x0882,0x0862,0x0862,0x0882,0x10A2,0x20E3,0x2103,0x2103,0x2103,0x2103,0x20E3,0x20E3,0x10A2,
0x0862,0x0862,0x0862,0x0862,0x0862,0x0862,0x0862,0x0862,0x0862,0x0862,0x0862,0x10A3,0x2103,0x2103,0x20E3,0x20E3,
0x20E3,0x18C2,0x0862,0x0862,0x0862,0x0862,0x0862,0x0862,0x0842,0x1082,0x20E3,0x20E2,0x20E3,0x20E3,0x18C3,0x1082,
0x0841,0x0021,0x0821,0x0841,0x0841,0x0841,0x0841,0x1082,0x1082,0x0861,0x0862,0x1062,0x0841,0x0841,0x0861,0x0861,
0x0861,0x0841,0x0841,0x0841,0x0841,0x0841,0x0841,0x0841,0x0841,0x0841,0x0841,0x0021,0x0021,0x0841,0x0841,0x0821,
0x0821,0x0841,0x0861,0x1062,0x0862,0x0861,0x0841,0x0821,0x0841,0x0841,0x0841,0x0861,0x0861,0x0861,0x0861,0x0861,
0x0861,0x0841,0x0841,0x0821,0x0821,0x0821,0x0021,0x0020,0x0021,0x0821,0x0841,0x0841,0x0841,0x0841,0x0841,0x0861,
0x0861,0x0841,0x0841,0x0861,0x0861,0x0841,0x0861,0x0861,0x1062,0x1082,0x1082,0x1082,0x1082,0x1082,0x1082,0x0861,
0x0861,0x0841,0x0841,0x0841,0x0821,0x1082,0x0861,0x0841,0x1082,0x0861,0x0861,0x0861,0x1082,0x0861,0x1082,0x10A2,
0x18C3,0x18C3,0x18E3,0x2104,0x2104,0x18E3,0x18C3,0x18C3,0x10A2,0x1082,0x1082,0x1062,0x18A3,0x18C3,0x18C3,0x20E4,
0x18E3,0x2945,0x3186,0x2965,0x2945,0x2945,0x2124,0x2104,0x18E3,0x10A2,0x1082,0x0861,0x0000,0x0020,0x0841,0x2124,
0x0841,0x0000,0x0020,0x0000,0x0000,0x0821,0x0000,0x0000,0x0000,0x0000,0x0000,0x0000,0x0000,0x0000,0x0020,0x1082,
0x18C3,0x2104,0x2104,0x2104,0x18C3,0x1082,0x0861,0x0841,0x0861,0x0861,0x0841,0x20E4,0x2965,0x1082,0x0020,0x0861,
0x0020,0x0000,0x0000,0x0000,0x0000,0x0020,0x1082,0x0841,0x0861,0x2104,0x2104,0x2945,0x18C3,0x0841,0x0841,0x1062,
0x0841,0x0000,0x0000,0x0020,0x10A2,0x2124,0x18C3,0x0020,0x0000,0x0841,0x18E3,0x2965,0x2965,0x2965,0x2925,0x3166,
0x1062,0x0000,0x0020,0x0000,0x0000,0x0000,0x0000,0x0000,0x0000,0x0000,0x1082,0x20E4,0x2945,0x2945,0x2104,0x1082,
0x0000,0x0000,0x0000,0x0000,0x0000,0x0000,0x0020,0x0020,0x0020,0x1061,0x20E3,0x2103,0x2103,0x2903,0x2103,0x2103,
0x0841,0x0841,0x0861,0x0841,0x0841,0x0841,0x0841,0x0841,0x0841,0x0841,0x18E3,0x1082,0x0862,0x0862,0x0862,0x0862,
0x0862,0x0862,0x0862,0x0862,0x0862,0x0862,0x0862,0x10A2,0x18E2,0x18E2,0x18E2,0x18C2,0x18C2,0x10A2,0x0862,0x0862,
0x0862,0x0862,0x0862,0x0862,0x0862,0x18C3,0x2103,0x2103,0x2103,0x2103,0x2103,0x18C2,0x0862,0x0862,0x0882,0x0882,
0x0862,0x0862,0x0882,0x0862,0x0862,0x0862,0x0882,0x10A2,0x2103,0x2103,0x2103,0x2103,0x2103,0x20E3,0x20E3,0x10A2,
0x0862,0x0862,0x0862,0x0862,0x0862,0x0862,0x0862,0x0862,0x0862,0x0862,0x0861,0x10A3,0x20E3,0x2103,0x20E3,0x20E3,
0x20E3,0x18C2,0x0862,0x0862,0x0862,0x0862,0x0862,0x0862,0x0862,0x1082,0x18E2,0x20E3,0x20E3,0x18E3,0x10A2,0x0841,
0x0841,0x0021,0x0841,0x0841,0x0841,0x0841,0x0841,0x1062,0x1082,0x0862,0x1082,0x1082,0x0861,0x0861,0x0861,0x0841,
0x0861,0x0841,0x0841,0x0821,0x0841,0x0841,0x0861,0x0841,0x0841,0x0841,0x0021,0x0021,0x0021,0x0841,0x0841,0x0841,
0x0021,0x0841,0x0841,0x0861,0x0862,0x0862,0x0841,0x0841,0x0821,0x0821,0x0841,0x0841,0x0841,0x0841,0x0841,0x0841,
0x0841,0x0841,0x0841,0x0841,0x0841,0x0841,0x0841,0x0821,0x0021,0x0021,0x0821,0x0841,0x0841,0x0841,0x0841,0x0841,
0x0861,0x0861,0x0861,0x0861,0x0861,0x0841,0x0861,0x1082,0x1082,0x1082,0x10A2,0x1082,0x1082,0x1082,0x10A2,0x1082,
0x0861,0x0841,0x0841,0x0841,0x0841,0x1082,0x0841,0x0841,0x0861,0x0861,0x0861,0x0861,0x1062,0x0861,0x1082,0x10A2,
0x10A2,0x18C3,0x20E4,0x2104,0x2104,0x18E3,0x18A3,0x10A2,0x10A2,0x1082,0x1082,0x1082,0x18C3,0x18C3,0x18C3,0x18E3,
0x18A3,0x2104,0x2104,0x18C3,0x10A2,0x1082,0x0841,0x0841,0x0821,0x0841,0x0020,0x0000,0x0020,0x0000,0x0020,0x2124,
0x10A2,0x0000,0x0000,0x0020,0x0000,0x0000,0x0000,0x0020,0x0020,0x0000,0x0000,0x0020,0x0000,0x0020,0x0020,0x0841,
0x0841,0x1082,0x2124,0x2104,0x18C3,0x2104,0x20E4,0x18E3,0x18A3,0x1082,0x0821,0x10A2,0x2965,0x18E3,0x0821,0x0861,
0x0020,0x0000,0x0000,0x0020,0x0000,0x0861,0x0841,0x1062,0x18E3,0x1062,0x1062,0x18C3,0x2124,0x10A2,0x0841,0x1062,
0x0841,0x0841,0x0000,0x0000,0x0841,0x18C3,0x2104,0x1082,0x0000,0x0020,0x0861,0x2945,0x2965,0x2945,0x2965,0x2965,
0x1082,0x0000,0x0020,0x0000,0x0000,0x0000,0x0020,0x0000,0x0020,0x0821,0x2124,0x2965,0x2945,0x2945,0x2965,0x2104,
0x0821,0x0000,0x0020,0x0020,0x0000,0x0000,0x0000,0x0020,0x0020,0x1061,0x20E3,0x2103,0x2903,0x2923,0x2923,0x2923,
0x0841,0x0841,0x0841,0x0841,0x0841,0x0841,0x0841,0x0841,0x0841,0x0841,0x18E3,0x1082,0x0862,0x0862,0x0862,0x0862,
0x0862,0x0862,0x0862,0x0862,0x0862,0x0862,0x0862,0x10A2,0x18E2,0x18E2,0x18C2,0x18C2,0x18C3,0x10A2,0x0862,0x0862,
0x0862,0x0862,0x0862,0x0862,0x0862,0x10A3,0x2103,0x2103,0x2103,0x2103,0x20E3,0x18C2,0x0862,0x0862,0x0882,0x0882,
0x0862,0x0862,0x0882,0x0862,0x0862,0x0862,0x0862,0x10A2,0x2103,0x2103,0x2103,0x20E3,0x2103,0x20E2,0x20E3,0x10A2,
0x0862,0x0862,0x0862,0x0862,0x0862,0x0862,0x0862,0x0862,0x0862,0x0862,0x0861,0x10A3,0x20E2,0x20E2,0x20E3,0x20E3,
0x18E3,0x18A2,0x0862,0x0862,0x0862,0x0862,0x0862,0x0862,0x0862,0x1082,0x18C2,0x20E3,0x18E3,0x18A2,0x0861,0x0841,
0x0841,0x0841,0x0841,0x0841,0x0841,0x0841,0x0841,0x0861,0x1082,0x0862,0x1082,0x1082,0x0862,0x0861,0x0861,0x0841,
0x0861,0x0841,0x0841,0x0841,0x0841,0x0861,0x0841,0x0841,0x0841,0x0821,0x0021,0x0021,0x0821,0x0841,0x0841,0x0841,
0x0841,0x0841,0x0841,0x0841,0x0861,0x0862,0x0862,0x0861,0x0821,0x0821,0x0821,0x0841,0x0841,0x0841,0x0841,0x0841,
0x0841,0x0841,0x0841,0x0841,0x0841,0x0841,0x0841,0x0841,0x0841,0x0841,0x0841,0x0841,0x0841,0x0841,0x0841,0x0841,
0x0841,0x0841,0x0841,0x0861,0x0861,0x0861,0x0861,0x1082,0x0861,0x1082,0x1082,0x1082,0x10A2,0x1082,0x10A2,0x10A2,
0x0861,0x0841,0x0841,0x0841,0x0841,0x1082,0x0841,0x0821,0x0841,0x1082,0x0862,0x0861,0x0861,0x0841,0x0861,0x0862,
0x0861,0x1082,0x18A3,0x18C3,0x18C3,0x18C3,0x1082,0x1082,0x10A2,0x1082,0x1082,0x1082,0x18C3,0x18E3,0x18C3,0x18C3,
0x18A3,0x1082,0x0841,0x0000,0x0020,0x0020,0x0020,0x0020,0x0000,0x0020,0x0000,0x0000,0x0020,0x0020,0x0000,0x2104,
0x2124,0x0841,0x0020,0x0841,0x0841,0x0841,0x0020,0x0020,0x0000,0x0000,0x0821,0x0000,0x0000,0x0020,0x0841,0x0841,
0x0841,0x2104,0x2104,0x0841,0x0000,0x0020,0x0841,0x18C3,0x18E3,0x2124,0x2124,0x2124,0x2924,0x2104,0x0841,0x0821,
0x0000,0x0020,0x0000,0x0020,0x0821,0x1061,0x0861,0x18C3,0x1062,0x0821,0x0000,0x0020,0x2124,0x2925,0x10A2,0x0821,
0x1062,0x1062,0x0841,0x0000,0x0000,0x0020,0x0861,0x2925,0x1062,0x0000,0x0000,0x18E3,0x2945,0x2945,0x3166,0x2945,
0x1062,0x0000,0x0020,0x0000,0x0000,0x0000,0x0000,0x0000,0x0000,0x1082,0x2945,0x2925,0x3166,0x2965,0x2945,0x3165,
0x1082,0x0000,0x0000,0x0000,0x0000,0x0000,0x0000,0x0000,0x0020,0x1061,0x20E3,0x2103,0x2903,0x2923,0x2923,0x2923,
0x0841,0x0841,0x0841,0x0841,0x0841,0x0841,0x0841,0x0841,0x0841,0x0841,0x18E3,0x1081,0x0862,0x0862,0x0862,0x0862,
0x0862,0x0862,0x0862,0x0862,0x0862,0x0862,0x0861,0x10A2,0x18E2,0x18E2,0x18C2,0x18C2,0x18C3,0x10A2,0x0862,0x0862,
0x0862,0x0862,0x0862,0x0862,0x0862,0x10A2,0x2103,0x2103,0x2103,0x2103,0x20E3,0x18E3,0x0882,0x0862,0x0882,0x0882,
0x0862,0x0862,0x0882,0x0882,0x0862,0x0862,0x0862,0x10A2,0x2103,0x2103,0x20E3,0x20E2,0x2103,0x20E2,0x18E3,0x18A2,
0x0862,0x0862,0x0862,0x0862,0x0862,0x0862,0x0862,0x0862,0x0862,0x0862,0x0861,0x18C3,0x20E2,0x20E2,0x18E3,0x20E3,
0x18E3,0x10A2,0x0862,0x0862,0x0862,0x0862,0x0862,0x0862,0x0862,0x1082,0x18C2,0x18E2,0x18A2,0x1061,0x0841,0x0841,
0x0841,0x0841,0x0841,0x0841,0x0841,0x0841,0x0841,0x0861,0x1082,0x1062,0x1082,0x1082,0x0861,0x0861,0x0861,0x0841,
0x0861,0x1062,0x0841,0x0841,0x0841,0x0861,0x0841,0x0821,0x0841,0x0020,0x0020,0x0841,0x0841,0x0021,0x0021,0x0841,
0x0841,0x0841,0x0841,0x0841,0x0841,0x0861,0x0862,0x1062,0x0841,0x0841,0x0841,0x0841,0x0841,0x0861,0x0861,0x0861,
0x0841,0x0861,0x0861,0x0861,0x0841,0x0841,0x0861,0x0861,0x0841,0x0841,0x0841,0x0841,0x0841,0x0841,0x0841,0x0841,
0x0841,0x0841,0x0841,0x0861,0x0861,0x1062,0x1082,0x1082,0x1082,0x1082,0x1062,0x1062,0x1082,0x1082,0x18A2,0x18C3,
0x1082,0x0861,0x0821,0x0821,0x0841,0x1082,0x0841,0x0821,0x0841,0x1082,0x0862,0x0861,0x0841,0x0841,0x0841,0x0841,
0x0861,0x1082,0x1082,0x10A2,0x18E3,0x18E3,0x10A2,0x1082,0x10A2,0x1062,0x0861,0x1082,0x18C3,0x18C3,0x18C3,0x18C3,
0x18C3,0x18A3,0x1082,0x0841,0x0000,0x0000,0x0000,0x0000,0x0000,0x0020,0x0020,0x0020,0x0000,0x0000,0x0020,0x2945,
0x2945,0x20E4,0x1082,0x0841,0x0841,0x1082,0x1082,0x1062,0x0861,0x0821,0x0000,0x0000,0x0841,0x1082,0x1062,0x0841,
0x18C3,0x2104,0x0841,0x0000,0x0821,0x0000,0x0000,0x0000,0x0000,0x0821,0x1082,0x2925,0x2965,0x2124,0x0861,0x0020,
0x0000,0x0000,0x0000,0x0000,0x0841,0x0000,0x2104,0x0861,0x0020,0x0000,0x0000,0x0000,0x1082,0x2104,0x2965,0x0861,
0x0020,0x0861,0x1062,0x0841,0x0020,0x0000,0x0020,0x1062,0x2124,0x0861,0x0000,0x0861,0x20E4,0x2945,0x2945,0x2965,
0x1062,0x0000,0x0020,0x0000,0x0000,0x0000,0x0020,0x0020,0x0820,0x1062,0x2945,0x2945,0x2945,0x2945,0x2945,0x2965,
0x10A2,0x0000,0x0000,0x0000,0x0000,0x0020,0x0020,0x0020,0x0000,0x0861,0x20E3,0x2103,0x2903,0x2903,0x2923,0x2923,
0x0841,0x0841,0x0841,0x0841,0x0841,0x0841,0x0841,0x0841,0x0841,0x0841,0x18E3,0x1081,0x0862,0x0862,0x0862,0x0862,
0x0862,0x0862,0x0862,0x0862,0x0862,0x0862,0x0861,0x10A2,0x18E2,0x18C2,0x18C2,0x18C2,0x18C3,0x10A2,0x0862,0x0862,
0x0862,0x0862,0x0862,0x0862,0x0862,0x10A2,0x20E3,0x2103,0x2103,0x2103,0x20E3,0x20E3,0x0882,0x0862,0x0882,0x0882,
0x0862,0x0862,0x0882,0x0882,0x0862,0x0862,0x0862,0x10A2,0x2103,0x2103,0x20E3,0x20E3,0x2103,0x20E2,0x18E3,0x18A2,
0x0862,0x0862,0x0862,0x0862,0x0862,0x0862,0x0862,0x0862,0x0862,0x0862,0x0882,0x18C3,0x20E2,0x20E2,0x18E2,0x20E3,
0x18C3,0x1082,0x0862,0x0862,0x0862,0x0862,0x0862,0x0862,0x0842,0x1082,0x18E2,0x18C2,0x1081,0x0841,0x0821,0x0841,
0x0841,0x0841,0x0841,0x0841,0x0841,0x0841,0x0841,0x0841,0x10A2,0x1082,0x1082,0x1062,0x0861,0x0861,0x0861,0x0841,
0x0841,0x1062,0x0841,0x0841,0x0841,0x0841,0x0821,0x0841,0x0021,0x0020,0x0021,0x0841,0x0841,0x0020,0x0020,0x0841,
0x0841,0x0841,0x0841,0x0841,0x0841,0x0841,0x0841,0x1082,0x1062,0x0861,0x0841,0x0841,0x0841,0x0841,0x0841,0x0861,
0x0841,0x0861,0x0861,0x0861,0x0841,0x0841,0x0841,0x0861,0x0861,0x0861,0x0841,0x0841,0x0841,0x0841,0x0841,0x0861,
0x0861,0x0861,0x0841,0x0841,0x0861,0x0862,0x1062,0x1062,0x1082,0x1082,0x1062,0x1082,0x1082,0x1082,0x1082,0x18C3,
0x10A3,0x1062,0x0821,0x0821,0x0841,0x10A2,0x0841,0x0841,0x0841,0x1082,0x0862,0x0841,0x0841,0x0841,0x0841,0x0841,
0x0841,0x0841,0x0841,0x1082,0x18E3,0x20E4,0x10A2,0x1062,0x1082,0x0861,0x1082,0x10A2,0x10A2,0x18C3,0x18C3,0x18C3,
0x10A2,0x18C3,0x10A2,0x0841,0x0020,0x0841,0x0841,0x0020,0x0821,0x0020,0x0020,0x0000,0x0020,0x0020,0x1082,0x2104,
0x1082,0x18C3,0x18C3,0x18C3,0x10A2,0x0841,0x0841,0x1082,0x1082,0x1082,0x1062,0x0861,0x1062,0x1062,0x0861,0x10A2,
0x2945,0x1082,0x0000,0x0000,0x0000,0x0000,0x0020,0x0000,0x0020,0x0000,0x0020,0x20E4,0x2945,0x2104,0x0821,0x0000,
0x0000,0x0000,0x0020,0x0020,0x0821,0x10A2,0x1082,0x0000,0x0020,0x0020,0x0020,0x0000,0x0020,0x1082,0x2124,0x20E4,
0x0841,0x0841,0x1082,0x0841,0x0821,0x0020,0x0000,0x0020,0x18E3,0x18C3,0x0020,0x0020,0x10A2,0x2945,0x2965,0x2945,
0x1062,0x0000,0x0000,0x0000,0x0821,0x1062,0x18A3,0x18C3,0x1082,0x0841,0x2925,0x2945,0x2945,0x2945,0x2965,0x2965,
0x1062,0x0821,0x1082,0x1082,0x0841,0x0020,0x0000,0x0000,0x0020,0x0861,0x20E3,0x2103,0x2103,0x2903,0x2923,0x2923,
0x0841,0x0841,0x0841,0x0841,0x0841,0x0841,0x0841,0x0841,0x0841,0x0841,0x18E3,0x1081,0x0862,0x0862,0x0862,0x0862,
0x0862,0x0862,0x0862,0x0862,0x0862,0x0862,0x0861,0x1082,0x18C2,0x18C2,0x18C2,0x18C2,0x18C3,0x10A2,0x0862,0x0862,
0x0862,0x0862,0x0862,0x0862,0x0862,0x1082,0x18E2,0x2103,0x2103,0x2103,0x20E3,0x20E3,0x10A3,0x0862,0x0862,0x0882,
0x0862,0x0862,0x0862,0x0882,0x0862,0x0862,0x0862,0x10A3,0x2103,0x2103,0x20E3,0x20E2,0x20E3,0x2103,0x18E3,0x18A2,
0x0862,0x0862,0x0862,0x0882,0x0862,0x0862,0x0862,0x0862,0x0862,0x0862,0x1081,0x18C3,0x20E3,0x20E3,0x20E3,0x20E3,
0x18C3,0x1082,0x0862,0x0862,0x0862,0x0862,0x0842,0x0862,0x0862,0x1082,0x18C2,0x10A2,0x0841,0x0841,0x0841,0x0841,
0x0841,0x0841,0x0841,0x0841,0x0841,0x0841,0x0841,0x0841,0x1062,0x10A3,0x0861,0x0861,0x0861,0x0861,0x0861,0x0841,
0x0841,0x0841,0x0861,0x0841,0x0021,0x0841,0x0841,0x0821,0x0020,0x0821,0x0841,0x0841,0x0020,0x0020,0x0020,0x0021,
0x0821,0x0841,0x0841,0x0841,0x0841,0x0821,0x0841,0x0841,0x0862,0x1062,0x0862,0x0841,0x0821,0x0841,0x0841,0x0841,
0x0841,0x0841,0x0861,0x0841,0x0841,0x0841,0x0841,0x0861,0x0861,0x0861,0x0841,0x0841,0x1082,0x0841,0x0861,0x18C3,
0x10A2,0x0861,0x0841,0x1062,0x0841,0x0861,0x0021,0x0821,0x0841,0x0841,0x0861,0x0861,0x1082,0x1082,0x1082,0x18C3,
0x10A2,0x1082,0x0861,0x0841,0x0841,0x1082,0x0841,0x0841,0x0021,0x1082,0x0841,0x0841,0x0821,0x0841,0x0841,0x0841,
0x0841,0x0841,0x0841,0x0861,0x1082,0x1082,0x1082,0x0862,0x0862,0x1062,0x1082,0x10A2,0x18A3,0x18C3,0x18C3,0x18C3,
0x10A2,0x10A2,0x18C3,0x10A2,0x1082,0x1082,0x1062,0x1062,0x1082,0x0861,0x0841,0x0020,0x0841,0x18C3,0x18E3,0x0821,
0x0000,0x0000,0x0821,0x1061,0x18C3,0x2104,0x18C3,0x1082,0x1062,0x0841,0x1062,0x1062,0x1062,0x0841,0x10A2,0x2965,
0x2925,0x0020,0x0000,0x0000,0x0020,0x0020,0x0000,0x0000,0x0020,0x0020,0x0000,0x18A3,0x2965,0x18C3,0x0020,0x0020,
0x0020,0x0861,0x10A2,0x0861,0x18E3,0x10A2,0x0000,0x0020,0x0020,0x0000,0x0000,0x0000,0x0020,0x0020,0x18E3,0x2945,
0x2104,0x0841,0x0861,0x1062,0x1082,0x0821,0x0000,0x0020,0x0821,0x10A2,0x10A2,0x0020,0x0841,0x2945,0x2965,0x2945,
0x1062,0x0000,0x0000,0x0000,0x0861,0x2104,0x2965,0x2945,0x2965,0x2104,0x20E4,0x2945,0x3166,0x2124,0x2945,0x2965,
0x10A3,0x2124,0x2965,0x2965,0x2945,0x0861,0x0000,0x0020,0x0000,0x0861,0x2103,0x2103,0x2903,0x2923,0x2923,0x2923,
0x0841,0x0841,0x0841,0x0841,0x0841,0x0841,0x0841,0x0841,0x0841,0x0841,0x18E3,0x1081,0x0862,0x0862,0x0862,0x0862,
0x0862,0x0862,0x0862,0x0862,0x0862,0x0862,0x0861,0x1082,0x18C2,0x18C2,0x18E2,0x18C2,0x18C3,0x10A2,0x0862,0x0862,
0x0862,0x0862,0x0862,0x0862,0x0862,0x0882,0x18C2,0x2103,0x2103,0x2103,0x2103,0x2103,0x10A3,0x0882,0x0882,0x0862,
0x0862,0x0862,0x0862,0x0882,0x0862,0x0862,0x0861,0x10A3,0x20E3,0x2103,0x20E3,0x20E3,0x20E3,0x2103,0x18E3,0x18A2,
0x0862,0x0862,0x0862,0x0882,0x0862,0x0862,0x0862,0x0862,0x0862,0x0862,0x1082,0x18E3,0x20E3,0x18E3,0x20E3,0x20E3,
0x18C3,0x1082,0x0862,0x0862,0x0862,0x0862,0x0842,0x0862,0x0861,0x0882,0x18C2,0x1081,0x0841,0x0841,0x0841,0x0841,
0x0841,0x0841,0x0841,0x0821,0x0021,0x0841,0x0841,0x0841,0x0861,0x10A2,0x1082,0x1082,0x1082,0x1062,0x0861,0x0841,
0x0841,0x0841,0x0841,0x0841,0x0821,0x0821,0x0841,0x0020,0x0020,0x0841,0x0841,0x0841,0x0020,0x0020,0x0821,0x0841,
0x0021,0x0021,0x0821,0x0841,0x0841,0x0841,0x0841,0x0841,0x0841,0x0862,0x1082,0x0862,0x0841,0x0841,0x0841,0x0841,
0x0841,0x0821,0x0841,0x0841,0x0841,0x0841,0x0841,0x0861,0x0841,0x0841,0x0841,0x0841,0x18A3,0x0861,0x0861,0x18C3,
0x18C3,0x1082,0x1082,0x1082,0x0841,0x0861,0x0841,0x0841,0x0861,0x0862,0x0861,0x1062,0x1062,0x1061,0x1061,0x1082,
0x1082,0x1062,0x0862,0x0862,0x1062,0x1082,0x0841,0x0841,0x0021,0x0862,0x0841,0x0841,0x0841,0x0841,0x0841,0x0841,
0x0841,0x0841,0x0841,0x0841,0x0841,0x0862,0x0861,0x0861,0x0841,0x0861,0x1062,0x1082,0x10A2,0x18A3,0x18A3,0x18A3,
0x10A2,0x18C3,0x10A2,0x18A3,0x10A2,0x0861,0x1082,0x1062,0x1082,0x1082,0x1082,0x1082,0x2104,0x2104,0x1062,0x0020,
0x0000,0x0000,0x0020,0x0000,0x0000,0x0841,0x1082,0x18E3,0x2104,0x20E4,0x1082,0x0841,0x0841,0x18C3,0x3166,0x2965,
0x2945,0x1061,0x0020,0x0020,0x0000,0x0020,0x0000,0x0000,0x0000,0x0020,0x0000,0x18C3,0x3165,0x18C3,0x0000,0x0000,
0x0821,0x18C3,0x3165,0x2104,0x1082,0x0821,0x0000,0x0020,0x0020,0x0000,0x0000,0x0000,0x0821,0x0000,0x0841,0x2945,
0x2965,0x18E3,0x0020,0x1062,0x1082,0x0841,0x0841,0x0020,0x0000,0x0841,0x10A2,0x0000,0x0841,0x2124,0x2945,0x2945,
0x0861,0x0000,0x0020,0x0000,0x0861,0x2124,0x2945,0x2945,0x2945,0x2945,0x2945,0x2965,0x2965,0x20E4,0x2945,0x2965,
0x2945,0x2965,0x3186,0x2965,0x2945,0x0861,0x0000,0x0020,0x0000,0x1061,0x2103,0x2103,0x2923,0x2923,0x2923,0x2923,
0x0841,0x0841,0x0841,0x0841,0x0841,0x0841,0x0841,0x0841,0x0841,0x0841,0x18E3,0x1081,0x0862,0x0862,0x0862,0x0862,
0x0862,0x0862,0x0862,0x0862,0x0862,0x0862,0x0862,0x10A2,0x18C2,0x18C2,0x18C2,0x18C2,0x18C3,0x10A2,0x0862,0x0862,
0x0862,0x0862,0x0862,0x0862,0x0862,0x0882,0x18C2,0x20E3,0x2103,0x2103,0x2103,0x2103,0x10C3,0x1082,0x0882,0x0882,
0x0862,0x0862,0x0862,0x0862,0x0862,0x0862,0x0841,0x10A3,0x20E3,0x20E3,0x20E3,0x20E3,0x20E3,0x2103,0x18E3,0x18C2,
0x0862,0x0862,0x0882,0x0882,0x0862,0x0862,0x0862,0x0862,0x0862,0x0862,0x10A2,0x18E3,0x18E3,0x18E2,0x20E2,0x20E3,
0x10A2,0x0862,0x0862,0x0862,0x0862,0x0862,0x0842,0x0842,0x0861,0x0882,0x18C2,0x1081,0x0821,0x0841,0x0841,0x0841,
0x0841,0x0841,0x0821,0x0841,0x0841,0x0861,0x0861,0x0861,0x0861,0x1082,0x1062,0x1082,0x1082,0x0861,0x0861,0x0841,
0x0841,0x0841,0x0841,0x0841,0x0841,0x0841,0x0821,0x0020,0x0821,0x0841,0x0841,0x0020,0x0020,0x0821,0x0841,0x0841,
0x0821,0x0021,0x0021,0x0821,0x0841,0x0841,0x0841,0x0841,0x0841,0x0841,0x0862,0x1082,0x1062,0x0841,0x0841,0x0841,
0x0841,0x0841,0x0841,0x0861,0x0841,0x0841,0x0861,0x1082,0x0861,0x0841,0x0841,0x0841,0x18C3,0x1082,0x0861,0x18C3,
0x18C3,0x1062,0x10A3,0x10A2,0x0841,0x1062,0x0862,0x0861,0x1062,0x10A2,0x1082,0x10A2,0x1082,0x1082,0x1082,0x10A2,
0x1082,0x0861,0x0861,0x0861,0x1082,0x1082,0x0841,0x0841,0x0841,0x0841,0x0862,0x0841,0x0841,0x0841,0x0841,0x0841,
0x0841,0x0841,0x0841,0x0841,0x0841,0x0841,0x0841,0x0841,0x0841,0x0841,0x0861,0x0862,0x1082,0x1082,0x10A2,0x10A2,
0x1082,0x10A3,0x18C3,0x18C3,0x18C3,0x10A2,0x20E4,0x2124,0x2104,0x2124,0x2104,0x2924,0x2945,0x18C3,0x0861,0x0821,
0x0000,0x0000,0x0000,0x0821,0x0000,0x0000,0x0821,0x0841,0x18C3,0x20E4,0x2104,0x2104,0x2124,0x2965,0x2945,0x2124,
0x2945,0x2104,0x1082,0x0821,0x0000,0x0821,0x0000,0x0020,0x0020,0x0000,0x0000,0x20E3,0x3166,0x1082,0x0000,0x0020,
0x0841,0x18C3,0x2965,0x2124,0x1062,0x0841,0x0841,0x0000,0x0000,0x0020,0x0020,0x0000,0x0000,0x0020,0x0020,0x18C3,
0x3186,0x2945,0x1082,0x0841,0x0861,0x10A2,0x0861,0x0000,0x0000,0x0000,0x1062,0x0000,0x0821,0x2104,0x2945,0x2925,
0x0861,0x0000,0x0000,0x0020,0x0861,0x2124,0x2945,0x2945,0x2945,0x2945,0x2965,0x2945,0x2945,0x18E4,0x2945,0x2965,
0x2965,0x2945,0x2965,0x2945,0x2945,0x1061,0x0020,0x0020,0x0000,0x1061,0x2103,0x2923,0x2923,0x2923,0x2923,0x2923,
0x0841,0x0841,0x0841,0x0841,0x0841,0x0841,0x0841,0x0841,0x0841,0x0841,0x18E3,0x1081,0x0862,0x0862,0x0862,0x0862,
0x0862,0x0862,0x0862,0x0862,0x0862,0x0862,0x0862,0x10A2,0x18C2,0x18C2,0x18C2,0x18C2,0x18C2,0x10A2,0x0862,0x0862,
0x0862,0x0862,0x0862,0x0862,0x0862,0x0862,0x18A2,0x20E3,0x2103,0x2103,0x2103,0x2103,0x10A3,0x0882,0x0882,0x0882,
0x0862,0x0862,0x0862,0x0862,0x0862,0x0862,0x0841,0x18C3,0x20E2,0x20E3,0x20E3,0x20E2,0x20E3,0x20E3,0x18E3,0x18C2,
0x0862,0x0862,0x0882,0x0882,0x0862,0x0862,0x0862,0x0862,0x0862,0x0862,0x10A2,0x18E3,0x18E3,0x18E2,0x18E2,0x20E2,
0x10A2,0x0861,0x0862,0x0862,0x0862,0x0862,0x0842,0x0842,0x0862,0x0882,0x18C2,0x1081,0x0841,0x0841,0x0841,0x0841,
0x0841,0x0821,0x0841,0x0841,0x0862,0x0862,0x0861,0x0841,0x0841,0x0861,0x0841,0x0841,0x0841,0x0821,0x0841,0x0841,
0x0841,0x0841,0x0841,0x0841,0x0841,0x0841,0x0821,0x0020,0x0841,0x0841,0x0821,0x0000,0x0841,0x0841,0x0841,0x0841,
0x0841,0x0841,0x0821,0x0821,0x0841,0x0841,0x0841,0x0841,0x0841,0x0841,0x0841,0x0862,0x1082,0x1062,0x0861,0x0841,
0x0021,0x0020,0x0021,0x0841,0x0821,0x0021,0x0821,0x0861,0x0861,0x0841,0x0841,0x0841,0x18C3,0x10A2,0x0861,0x18C3,
0x18C3,0x0861,0x18C3,0x10A2,0x0841,0x0861,0x0861,0x0841,0x0841,0x1082,0x0841,0x1082,0x0861,0x0861,0x1062,0x1082,
0x10A2,0x0841,0x0841,0x0841,0x1082,0x1062,0x0862,0x0861,0x0841,0x0841,0x1062,0x0821,0x0841,0x0841,0x0841,0x0841,
0x0841,0x0841,0x0841,0x0841,0x0841,0x0841,0x0841,0x0841,0x0841,0x0841,0x0841,0x0841,0x0841,0x0861,0x0861,0x1062,
0x0861,0x1082,0x18C3,0x18C3,0x18A3,0x18C3,0x18E3,0x2945,0x2945,0x2945,0x2965,0x2945,0x2945,0x18E3,0x0861,0x10A2,
0x0841,0x0841,0x0000,0x0000,0x0000,0x0000,0x0000,0x0000,0x0000,0x0020,0x0861,0x2945,0x2965,0x10A2,0x0820,0x0000,
0x0020,0x1082,0x2124,0x2925,0x1082,0x0820,0x0020,0x0000,0x0000,0x0000,0x0841,0x2925,0x2945,0x0841,0x0000,0x0020,
0x0000,0x0821,0x0020,0x1062,0x18E3,0x0841,0x1082,0x1062,0x0020,0x0000,0x0821,0x0841,0x1062,0x1062,0x0841,0x2104,
0x3166,0x2945,0x2104,0x0841,0x0821,0x1082,0x1062,0x0861,0x0000,0x0000,0x0020,0x0821,0x0020,0x18E3,0x2965,0x2124,
0x0841,0x0000,0x0000,0x0000,0x0841,0x2104,0x2945,0x2945,0x2965,0x2945,0x2945,0x2945,0x2945,0x2104,0x3186,0x2965,
0x2965,0x2965,0x2945,0x2945,0x2945,0x0861,0x0020,0x0000,0x0000,0x1061,0x2103,0x2923,0x2923,0x2923,0x2923,0x2923,
0x0841,0x0841,0x0841,0x0841,0x0841,0x0841,0x0841,0x0841,0x0841,0x0841,0x18C3,0x1081,0x0862,0x0862,0x0862,0x0862,
0x0862,0x0862,0x0862,0x0862,0x0862,0x0862,0x0862,0x10A2,0x18C2,0x18C2,0x18C2,0x18C2,0x18C2,0x10A2,0x0862,0x0862,
0x0841,0x0861,0x0862,0x0862,0x0862,0x0862,0x1082,0x18E3,0x2103,0x2103,0x2103,0x2103,0x10A3,0x0862,0x0882,0x0882,
0x0862,0x0882,0x0862,0x0862,0x0862,0x0862,0x0861,0x18C3,0x18E2,0x20E2,0x20E2,0x20E2,0x18E2,0x20E3,0x20E3,0x18E3,
0x0862,0x0862,0x0882,0x0882,0x0862,0x0862,0x0862,0x0862,0x0862,0x0862,0x10A2,0x18E3,0x20E3,0x20E3,0x18C2,0x18E2,
0x10A2,0x0861,0x0862,0x0862,0x0862,0x0862,0x0841,0x0841,0x0861,0x1082,0x18C2,0x1082,0x0841,0x0841,0x0821,0x0821,
0x0021,0x0841,0x0862,0x0841,0x0841,0x0861,0x0861,0x0841,0x0841,0x0841,0x0841,0x0841,0x0841,0x0841,0x0841,0x0841,
0x0841,0x0021,0x0841,0x0841,0x0841,0x0021,0x0021,0x0021,0x0841,0x0021,0x0020,0x0020,0x0841,0x0841,0x0841,0x0841,
0x0841,0x0841,0x0841,0x0841,0x0841,0x0821,0x0841,0x0841,0x0841,0x0841,0x0821,0x0841,0x0861,0x1082,0x1082,0x0862,
0x0862,0x0821,0x0021,0x0821,0x0841,0x0841,0x0841,0x0861,0x0861,0x0841,0x0841,0x0841,0x18C3,0x10A2,0x0861,0x18C3,
0x18A3,0x0841,0x18A3,0x1082,0x0841,0x0841,0x0841,0x0841,0x0841,0x1082,0x0861,0x10A2,0x0861,0x1062,0x1082,0x1082,
0x10A2,0x0841,0x0841,0x0841,0x10A2,0x1062,0x1082,0x0862,0x0841,0x0021,0x0862,0x0021,0x0841,0x0841,0x0841,0x0841,
0x0841,0x0841,0x0861,0x0861,0x0861,0x0841,0x0841,0x0841,0x0841,0x0841,0x0861,0x0861,0x0861,0x0861,0x0861,0x0862,
0x1062,0x0861,0x1082,0x18C3,0x18C3,0x18E3,0x10A2,0x18C3,0x2965,0x2945,0x2945,0x2945,0x2945,0x2945,0x10A2,0x0841,
0x0841,0x0861,0x0000,0x0000,0x0820,0x0000,0x0000,0x0000,0x0000,0x0841,0x18E3,0x2104,0x1082,0x0000,0x0020,0x0020,
0x0000,0x0020,0x0020,0x0861,0x20E4,0x2924,0x18E3,0x0020,0x0020,0x0000,0x1082,0x2965,0x2104,0x0000,0x0020,0x0020,
0x0000,0x0020,0x0000,0x0020,0x1082,0x18C3,0x0841,0x1082,0x1082,0x0861,0x0861,0x10A2,0x0861,0x0841,0x18E3,0x18E3,
0x1082,0x2124,0x2945,0x18E3,0x0841,0x0861,0x1082,0x1062,0x0821,0x0000,0x0000,0x0020,0x0000,0x18E3,0x2965,0x2104,
0x0841,0x0000,0x0020,0x0020,0x0841,0x18A3,0x2965,0x2945,0x2945,0x2945,0x2945,0x2945,0x2124,0x20E4,0x3166,0x2965,
0x2966,0x3186,0x2945,0x2945,0x2945,0x0841,0x0020,0x0020,0x0020,0x1061,0x2103,0x2923,0x2923,0x2923,0x2943,0x2943,
0x0841,0x0841,0x0841,0x0841,0x0841,0x0841,0x0841,0x0841,0x0841,0x0841,0x18C3,0x1081,0x0862,0x0862,0x0862,0x0862,
0x0862,0x0862,0x0862,0x0862,0x0862,0x0862,0x0862,0x10A2,0x18C2,0x18C2,0x18C2,0x18C2,0x18C2,0x10A2,0x0862,0x0862,
0x0841,0x0861,0x0862,0x0862,0x0862,0x0862,0x1082,0x18E3,0x2103,0x2103,0x2103,0x2103,0x18C3,0x0862,0x0882,0x0882,
0x0862,0x0862,0x0862,0x0862,0x0862,0x0862,0x1061,0x18E3,0x18E2,0x18E2,0x20E2,0x20E2,0x18E2,0x18E2,0x20E3,0x20E3,
0x0862,0x0862,0x0862,0x0862,0x0862,0x0862,0x0862,0x0862,0x0862,0x0862,0x18A2,0x18E3,0x18E2,0x20E3,0x18C2,0x18C2,
0x1082,0x0861,0x0862,0x0862,0x0862,0x0862,0x0841,0x0841,0x0861,0x0862,0x18C2,0x18A2,0x0841,0x0841,0x0821,0x0821,
0x0841,0x0841,0x0861,0x0841,0x0841,0x0841,0x0861,0x0841,0x0861,0x0841,0x0861,0x0861,0x0862,0x0861,0x0861,0x0861,
0x0841,0x0021,0x0021,0x0841,0x0841,0x0021,0x0021,0x0821,0x0021,0x0021,0x0021,0x0841,0x0841,0x0841,0x0841,0x0841,
0x0841,0x0841,0x0841,0x0841,0x0821,0x0021,0x0021,0x0841,0x0841,0x0841,0x0841,0x0821,0x0841,0x0861,0x1082,0x1082,
0x1082,0x0841,0x0841,0x0021,0x0821,0x0821,0x0821,0x0861,0x0841,0x0841,0x0841,0x0861,0x18C3,0x10A2,0x1082,0x18A3,
0x10A2,0x0861,0x10A2,0x1082,0x0861,0x0841,0x0841,0x0861,0x0861,0x1082,0x0861,0x10A2,0x0861,0x1062,0x1082,0x1082,
0x1082,0x1062,0x0841,0x0841,0x10A2,0x0861,0x1082,0x1062,0x0841,0x0021,0x0861,0x0021,0x0821,0x0821,0x0841,0x0841,
0x0841,0x0861,0x0861,0x0861,0x0861,0x0861,0x0841,0x0841,0x0841,0x0861,0x0861,0x0861,0x0861,0x0862,0x1082,0x1082,
0x10A2,0x1082,0x0861,0x10A3,0x18C3,0x18E3,0x18C3,0x10A2,0x2945,0x2965,0x2945,0x2965,0x2925,0x2925,0x2104,0x0841,
0x0861,0x0861,0x0020,0x0000,0x0020,0x0000,0x0000,0x0020,0x0841,0x18A2,0x2945,0x1082,0x0000,0x0020,0x0000,0x0000,
0x0020,0x0000,0x0000,0x0000,0x0841,0x18C3,0x2124,0x18C3,0x0841,0x0000,0x1082,0x3165,0x2104,0x0000,0x0020,0x0000,
0x0020,0x0000,0x0020,0x0841,0x0841,0x2104,0x0821,0x1082,0x1082,0x10A2,0x18A3,0x1082,0x0841,0x1082,0x2924,0x0841,
0x0020,0x18C3,0x2945,0x2925,0x10A2,0x0821,0x1082,0x1082,0x0841,0x0000,0x0020,0x0000,0x0000,0x18E3,0x2945,0x2124,
0x0821,0x0020,0x0020,0x0000,0x0000,0x0861,0x2124,0x2945,0x2945,0x2945,0x2945,0x2965,0x20E4,0x2104,0x2965,0x2965,
0x2966,0x2966,0x2124,0x2945,0x2945,0x0841,0x0000,0x0020,0x0020,0x1061,0x2103,0x2923,0x2923,0x2923,0x2923,0x2923,
0x0841,0x0841,0x0841,0x0841,0x0841,0x0841,0x0841,0x0841,0x0841,0x0841,0x18C3,0x1081,0x0862,0x0862,0x0862,0x0862,
0x0862,0x0862,0x0862,0x0862,0x0862,0x0862,0x0861,0x1082,0x20E2,0x18C2,0x18C2,0x18C2,0x18C2,0x10A2,0x0862,0x0862,
0x0862,0x0862,0x0862,0x0862,0x0862,0x0862,0x1082,0x18E3,0x2103,0x2103,0x2103,0x2103,0x18E3,0x1082,0x0882,0x0862,
0x0862,0x0862,0x0862,0x0862,0x0842,0x0862,0x1081,0x18E3,0x20E2,0x20E3,0x20E2,0x20E2,0x20E2,0x18E2,0x20E3,0x20E3,
0x1082,0x0861,0x0862,0x0862,0x0862,0x0862,0x0862,0x0862,0x0862,0x0862,0x18C2,0x18C2,0x18C2,0x20E3,0x18C2,0x18C2,
0x0882,0x0861,0x0862,0x0862,0x0862,0x0862,0x0841,0x0841,0x0861,0x0862,0x18C2,0x18A2,0x0861,0x0841,0x0821,0x0841,
0x0861,0x0841,0x0841,0x0841,0x0861,0x0841,0x0841,0x0861,0x0841,0x0841,0x0841,0x0841,0x0841,0x0841,0x0841,0x0841,
0x0841,0x0021,0x0021,0x0841,0x0021,0x0021,0x0821,0x0841,0x0021,0x0821,0x0841,0x0841,0x0841,0x0841,0x0841,0x0841,
0x0841,0x0841,0x0841,0x0821,0x0021,0x0021,0x0021,0x0841,0x0841,0x0841,0x0841,0x0841,0x0841,0x0841,0x0861,0x1082,
0x1082,0x1062,0x1062,0x0841,0x0021,0x0021,0x0821,0x0861,0x0841,0x0841,0x0841,0x0861,0x18C3,0x18C3,0x18C3,0x18E3,
0x18C3,0x1082,0x10A2,0x1082,0x1082,0x0861,0x0821,0x0841,0x0862,0x1082,0x0861,0x10A2,0x0861,0x1082,0x1082,0x1082,
0x10A2,0x1082,0x0841,0x0841,0x10A2,0x0841,0x0861,0x1062,0x0841,0x0821,0x0861,0x0821,0x0821,0x0821,0x0841,0x0841,
0x0861,0x0862,0x0861,0x0862,0x1062,0x0862,0x0861,0x0862,0x0861,0x0861,0x0861,0x0861,0x0861,0x0862,0x1082,0x10A2,
0x18A3,0x18C3,0x10A2,0x1062,0x1082,0x10A2,0x18C3,0x18C3,0x18E3,0x2945,0x2945,0x2124,0x2945,0x2965,0x2124,0x2124,
0x1082,0x0861,0x0841,0x0020,0x0000,0x0000,0x0841,0x1082,0x2925,0x18E3,0x0841,0x0000,0x0820,0x0020,0x0000,0x0000,
0x0000,0x0000,0x0020,0x0020,0x0020,0x0000,0x0841,0x18C3,0x2945,0x20E4,0x2104,0x3165,0x18A2,0x0000,0x0020,0x0020,
0x0000,0x0020,0x0020,0x0000,0x0861,0x0861,0x18E3,0x0841,0x1082,0x0841,0x0841,0x0841,0x2924,0x31A6,0x2104,0x0020,
0x0020,0x0000,0x18E3,0x2965,0x2945,0x0861,0x0821,0x1062,0x0861,0x0841,0x0821,0x0000,0x0020,0x18E3,0x2945,0x2104,
0x0020,0x0000,0x0000,0x0000,0x0000,0x0020,0x1082,0x2124,0x2945,0x2945,0x2945,0x2965,0x18C3,0x2945,0x3166,0x2965,
0x3186,0x2965,0x2945,0x2945,0x18C3,0x0821,0x0000,0x0000,0x0000,0x1061,0x2103,0x2923,0x2923,0x2923,0x2923,0x2923,
0x0841,0x0841,0x0841,0x0841,0x0841,0x0841,0x0841,0x0841,0x0841,0x0841,0x18E3,0x1081,0x0862,0x0862,0x0862,0x0862,
0x0862,0x0862,0x0862,0x0862,0x0862,0x0862,0x0861,0x1082,0x18C2,0x18C2,0x18C2,0x18C2,0x18C2,0x10A2,0x0862,0x0862,
0x0862,0x0862,0x0862,0x0862,0x0862,0x0862,0x1081,0x18E3,0x2103,0x2103,0x2103,0x2103,0x18E3,0x1082,0x0882,0x0862,
0x0862,0x0862,0x0862,0x0862,0x0842,0x0862,0x1081,0x18E3,0x20E3,0x20E3,0x20E2,0x20E2,0x20E3,0x18E2,0x18E3,0x20E3,
0x1082,0x0862,0x0862,0x0862,0x0862,0x0862,0x0862,0x0862,0x0862,0x0862,0x18C2,0x18C2,0x18C2,0x18E2,0x18C2,0x18C2,
0x0862,0x0841,0x0862,0x0862,0x0862,0x0862,0x0841,0x0841,0x0861,0x0862,0x18C2,0x18C2,0x0861,0x0841,0x0841,0x0862,
0x0841,0x0861,0x0841,0x0841,0x0821,0x0821,0x0841,0x0841,0x0841,0x0841,0x0861,0x0841,0x0841,0x0841,0x0841,0x0821,
0x0021,0x0020,0x0021,0x0021,0x0020,0x0020,0x0021,0x0841,0x0841,0x0841,0x0841,0x0841,0x0021,0x0841,0x0841,0x0821,
0x0841,0x0821,0x0021,0x0841,0x0841,0x0841,0x0021,0x0021,0x0841,0x0841,0x0841,0x0841,0x0841,0x0821,0x0841,0x0861,
0x1082,0x1082,0x1082,0x0861,0x0841,0x0821,0x0821,0x0841,0x0841,0x0841,0x0841,0x0841,0x10A2,0x10A2,0x18A3,0x18C3,
0x10A2,0x1082,0x1082,0x1082,0x18C3,0x10A2,0x0861,0x0841,0x0861,0x1062,0x0861,0x10A2,0x0861,0x1082,0x1082,0x1082,
0x10A2,0x1082,0x0841,0x0841,0x10A3,0x0841,0x0841,0x0861,0x0841,0x0821,0x0841,0x0841,0x0841,0x0841,0x0861,0x0861,
0x0862,0x1082,0x1082,0x1082,0x1082,0x1082,0x1082,0x1082,0x0862,0x1082,0x1082,0x10A2,0x10A2,0x10A2,0x1082,0x1082,
0x18C3,0x18A3,0x18E3,0x0841,0x0861,0x18A3,0x18C3,0x18C3,0x18C3,0x2965,0x2925,0x2945,0x2945,0x2925,0x2945,0x2945,
0x2124,0x1082,0x0841,0x0020,0x0000,0x1062,0x18E3,0x2945,0x1082,0x0841,0x0000,0x0000,0x0000,0x0020,0x0000,0x0000,
0x0000,0x0020,0x0000,0x0000,0x0000,0x0020,0x0000,0x0821,0x0861,0x20E4,0x2965,0x2965,0x1061,0x0000,0x0020,0x0000,
0x0020,0x0000,0x0000,0x0841,0x1062,0x0821,0x2924,0x18C3,0x1082,0x0861,0x10A2,0x2124,0x18C3,0x10A2,0x2945,0x1062,
0x0000,0x0020,0x1062,0x2945,0x2965,0x20E4,0x0861,0x0841,0x1062,0x1082,0x0000,0x0020,0x0020,0x18E3,0x2945,0x18E3,
0x0020,0x0020,0x0821,0x0841,0x0861,0x0821,0x0000,0x18C3,0x2124,0x2945,0x2945,0x2945,0x10A2,0x2945,0x2965,0x2966,
0x2965,0x2945,0x2945,0x20E4,0x0821,0x0000,0x0020,0x0020,0x0020,0x1061,0x2103,0x2923,0x2923,0x2923,0x2943,0x2943,
0x0841,0x0841,0x0841,0x0841,0x0841,0x0841,0x0841,0x0841,0x0841,0x0841,0x18C3,0x1061,0x0862,0x0862,0x0862,0x0862,
0x0862,0x0862,0x0862,0x0862,0x0862,0x0862,0x0862,0x10A2,0x20E2,0x18C2,0x18C2,0x18C2,0x18C2,0x10A2,0x0862,0x0862,
0x0862,0x0862,0x0862,0x0862,0x0862,0x0862,0x1081,0x18C3,0x20E3,0x2103,0x2103,0x2103,0x20E3,0x1082,0x0862,0x0862,
0x0862,0x0862,0x0862,0x0862,0x0842,0x0862,0x18A2,0x18C2,0x18E2,0x20E3,0x20E3,0x20E3,0x20E3,0x20E3,0x18E2,0x18E2,
0x18A3,0x0861,0x0862,0x0862,0x0862,0x0862,0x0862,0x0862,0x0861,0x1082,0x18C2,0x18E2,0x18C2,0x18E2,0x20E2,0x18C2,
0x0862,0x0861,0x0862,0x0862,0x0862,0x0862,0x0841,0x0861,0x0861,0x0862,0x18C2,0x10A2,0x0862,0x0861,0x0861,0x0861,
0x0861,0x0841,0x0821,0x0021,0x0021,0x0021,0x0021,0x0021,0x0021,0x0821,0x0841,0x0841,0x0841,0x0020,0x0020,0x0821,
0x0020,0x0020,0x0020,0x0020,0x0020,0x0021,0x0841,0x0841,0x0841,0x0841,0x0841,0x0021,0x0021,0x0021,0x0821,0x0841,
0x0841,0x0841,0x0841,0x0841,0x0841,0x0841,0x0821,0x0021,0x0021,0x0841,0x0841,0x0841,0x0841,0x0841,0x0841,0x0841,
0x0841,0x0862,0x1082,0x1082,0x1082,0x0841,0x0821,0x0841,0x0821,0x0841,0x0841,0x0821,0x0841,0x0841,0x0841,0x1082,
0x1082,0x1082,0x1062,0x1082,0x10A2,0x18C3,0x10A2,0x0861,0x0861,0x0841,0x0861,0x1082,0x1062,0x0861,0x1082,0x1082,
0x10A2,0x10A2,0x0841,0x0861,0x1082,0x0841,0x0841,0x0841,0x0862,0x0841,0x0841,0x0841,0x0841,0x0841,0x0862,0x0862,
0x0862,0x0862,0x1062,0x1082,0x1082,0x1082,0x1082,0x1082,0x1082,0x1082,0x1082,0x1082,0x1062,0x1082,0x1082,0x1082,
0x1082,0x18C3,0x18C3,0x18C3,0x0861,0x1082,0x18A3,0x18E3,0x18A3,0x2945,0x2945,0x2945,0x2945,0x2945,0x2945,0x2945,
0x2945,0x2104,0x0861,0x0821,0x1082,0x2124,0x2965,0x3165,0x0841,0x0841,0x0861,0x0841,0x0020,0x0000,0x0020,0x0020,
0x0000,0x0000,0x0000,0x0020,0x0000,0x0020,0x0000,0x0020,0x0841,0x2124,0x2965,0x2924,0x0841,0x0000,0x0020,0x0000,
0x0000,0x0000,0x0000,0x0821,0x0861,0x0841,0x20E4,0x2925,0x2124,0x2924,0x2124,0x18C3,0x0821,0x0020,0x18E3,0x20E4,
0x0821,0x0000,0x0841,0x2104,0x2965,0x2945,0x18C3,0x0821,0x1082,0x1062,0x0841,0x0000,0x0821,0x2104,0x2945,0x18C3,
0x0020,0x0841,0x2104,0x2124,0x2104,0x18C3,0x0861,0x0821,0x18E3,0x2945,0x2945,0x2945,0x1082,0x2965,0x2965,0x2965,
0x2125,0x2945,0x2965,0x1062,0x0020,0x0000,0x0000,0x0020,0x0000,0x1061,0x2103,0x2923,0x2923,0x2923,0x2923,0x2923,
0x0841,0x0841,0x0841,0x0841,0x0841,0x0841,0x0841,0x0841,0x0841,0x0841,0x18C3,0x1061,0x0862,0x0862,0x0862,0x0862,
0x0862,0x0862,0x0862,0x0862,0x0862,0x0862,0x0861,0x1082,0x20E2,0x18C2,0x18C2,0x18C2,0x18C2,0x10A2,0x0862,0x0862,
0x0862,0x0862,0x0862,0x0862,0x0862,0x0862,0x0861,0x18C3,0x20E3,0x2103,0x2103,0x20E3,0x20E3,0x10A2,0x0882,0x0882,
0x0862,0x0862,0x0862,0x0862,0x0862,0x0862,0x18A2,0x18C2,0x18E2,0x18E2,0x18E2,0x18E2,0x20E2,0x20E2,0x20E3,0x20E2,
0x18C3,0x1082,0x0862,0x0862,0x0862,0x0862,0x0862,0x0862,0x0862,0x1082,0x18C2,0x18E3,0x18E2,0x20E3,0x20E3,0x18C2,
0x0862,0x0841,0x0862,0x0862,0x0862,0x0862,0x0841,0x0862,0x0841,0x0862,0x18C2,0x10A2,0x0861,0x0861,0x0861,0x0841,
0x0841,0x0021,0x0021,0x0020,0x0020,0x0021,0x0020,0x0020,0x0020,0x0020,0x0821,0x0821,0x0821,0x0020,0x0020,0x0020,
0x0020,0x0021,0x0021,0x0021,0x0021,0x0021,0x0821,0x0021,0x0021,0x0821,0x0821,0x0021,0x0020,0x0020,0x0021,0x0841,
0x0841,0x0821,0x0821,0x0821,0x0821,0x0841,0x0841,0x0841,0x0021,0x0021,0x0021,0x0841,0x0841,0x0841,0x0841,0x0841,
0x0841,0x0861,0x0861,0x0861,0x1082,0x10A2,0x1082,0x0862,0x0841,0x0821,0x0841,0x0841,0x0841,0x0841,0x0821,0x0841,
0x0861,0x1062,0x1082,0x1082,0x1082,0x10A2,0x18C3,0x18C3,0x1082,0x0861,0x0841,0x0862,0x0861,0x0841,0x0861,0x1062,
0x1082,0x1082,0x0841,0x0861,0x1082,0x0861,0x0841,0x0862,0x1082,0x0841,0x0861,0x0841,0x0841,0x0841,0x0841,0x0841,
0x0841,0x0841,0x0841,0x0841,0x0861,0x0861,0x0841,0x0841,0x0841,0x0841,0x0841,0x0841,0x0841,0x0841,0x0841,0x0841,
0x1062,0x0861,0x18A3,0x18C3,0x18E3,0x0861,0x1082,0x18C3,0x18C3,0x2945,0x2945,0x2945,0x2945,0x2945,0x2945,0x2945,
0x2945,0x2945,0x2124,0x2945,0x2945,0x2965,0x2945,0x2945,0x2104,0x1082,0x0861,0x1082,0x1082,0x0841,0x0000,0x0000,
0x0000,0x0020,0x0821,0x0000,0x0000,0x0000,0x0000,0x18C3,0x2124,0x2104,0x3186,0x18E3,0x0821,0x0000,0x0000,0x0000,
0x0000,0x0020,0x0000,0x0020,0x1062,0x1082,0x0841,0x2945,0x2925,0x0861,0x0841,0x0000,0x0000,0x0000,0x0841,0x2104,
0x18C3,0x0821,0x0000,0x1082,0x2925,0x2945,0x2124,0x1082,0x0841,0x1082,0x0861,0x0000,0x0821,0x2104,0x2925,0x1082,
0x0000,0x18A3,0x2945,0x2124,0x2925,0x2965,0x2104,0x10A2,0x1082,0x2124,0x2965,0x2124,0x0841,0x2965,0x3186,0x2965,
0x2966,0x2104,0x1082,0x0000,0x0000,0x0820,0x0000,0x0020,0x0000,0x1082,0x2103,0x2923,0x2923,0x2923,0x2923,0x2923,
0x0841,0x0841,0x0841,0x0841,0x0841,0x0841,0x0841,0x0841,0x0841,0x0841,0x18C3,0x1081,0x0862,0x0862,0x0862,0x0862,
0x0862,0x0862,0x0862,0x0862,0x0862,0x0862,0x0861,0x1082,0x20E2,0x18C2,0x18C2,0x18C2,0x18C2,0x10A2,0x0862,0x0862,
0x0862,0x0862,0x0862,0x0842,0x0861,0x0862,0x1082,0x18E3,0x20E2,0x20E3,0x20E3,0x20E3,0x20E3,0x10A2,0x0862,0x0862,
0x0862,0x0862,0x0862,0x0862,0x0841,0x1062,0x18C2,0x18C2,0x18C2,0x18C2,0x18C2,0x18E2,0x18E2,0x18E2,0x20E3,0x20E3,
0x18E3,0x10A2,0x0862,0x0862,0x0862,0x0862,0x0862,0x0862,0x0861,0x1082,0x18C2,0x20E3,0x18E3,0x18E3,0x18E2,0x18C2,
0x1082,0x0861,0x0861,0x0861,0x0862,0x0862,0x0841,0x0862,0x0841,0x0862,0x18A2,0x1082,0x0861,0x0861,0x0841,0x0841,
0x0021,0x0821,0x0821,0x0821,0x0821,0x0841,0x0841,0x0841,0x0021,0x0021,0x0020,0x0020,0x0821,0x0821,0x0021,0x0020,
0x0020,0x0020,0x0020,0x0020,0x0020,0x0021,0x0020,0x0020,0x0020,0x0021,0x0021,0x0021,0x0020,0x0020,0x0020,0x0021,
0x0821,0x0021,0x0020,0x0020,0x0021,0x0021,0x0841,0x0841,0x0841,0x0021,0x0020,0x0841,0x0841,0x0841,0x0841,0x0841,
0x0841,0x0841,0x0841,0x0861,0x1082,0x10A2,0x10A2,0x1082,0x0861,0x0841,0x0841,0x0841,0x0821,0x0821,0x0821,0x0841,
0x0862,0x1062,0x1082,0x10A2,0x10A2,0x10A2,0x10A2,0x18A3,0x18E3,0x10A2,0x0862,0x1062,0x1082,0x0862,0x1082,0x1062,
0x1082,0x1082,0x0841,0x0861,0x1062,0x0861,0x0841,0x0862,0x1062,0x0841,0x0841,0x0841,0x0841,0x0841,0x0841,0x0821,
0x0841,0x0841,0x0841,0x0841,0x0861,0x0841,0x0841,0x0841,0x0841,0x0841,0x0841,0x0841,0x0841,0x0841,0x0841,0x0841,
0x0841,0x0841,0x0861,0x18C3,0x18C3,0x18C3,0x1082,0x10A2,0x18C3,0x2124,0x2965,0x2945,0x2945,0x2945,0x2945,0x2945,
0x2124,0x2124,0x2104,0x2945,0x2945,0x2945,0x2945,0x2945,0x2945,0x2945,0x1082,0x0861,0x1082,0x1082,0x0821,0x0000,
0x0020,0x0000,0x0000,0x0000,0x0020,0x0821,0x18C3,0x2924,0x10A2,0x1082,0x3186,0x10A2,0x0020,0x0000,0x0000,0x0000,
0x0000,0x0020,0x0000,0x0841,0x1062,0x10A2,0x0841,0x2104,0x3186,0x0020,0x0821,0x0861,0x0000,0x0000,0x0000,0x1082,
0x2924,0x0861,0x0000,0x0020,0x18C3,0x2965,0x2945,0x2104,0x0020,0x0861,0x1082,0x0000,0x0841,0x2124,0x2104,0x0841,
0x0000,0x18C3,0x2945,0x2945,0x2945,0x2945,0x2925,0x2925,0x2104,0x2945,0x2945,0x2104,0x0841,0x2966,0x3166,0x2945,
0x18C3,0x0841,0x0000,0x0020,0x0020,0x0020,0x0020,0x0000,0x0020,0x1082,0x2103,0x2923,0x2923,0x2923,0x2923,0x2923,
0x0841,0x0841,0x0841,0x0841,0x0841,0x0841,0x0841,0x0841,0x0841,0x0841,0x18C3,0x1081,0x0862,0x0862,0x0862,0x0862,
0x0862,0x0842,0x0862,0x0862,0x0862,0x0862,0x0861,0x1082,0x18C2,0x18C2,0x18C2,0x18C2,0x18C3,0x10A2,0x0862,0x0862,
0x0842,0x0862,0x0862,0x0841,0x0861,0x10A2,0x18C3,0x18E3,0x20E3,0x20E3,0x20E3,0x20E3,0x20E3,0x18A2,0x0862,0x0862,
0x0862,0x0862,0x0862,0x0862,0x0841,0x1082,0x18C2,0x18C2,0x18C2,0x18C2,0x18C2,0x18C2,0x18E2,0x18E2,0x20E3,0x20E3,
0x18E3,0x18A2,0x0861,0x0862,0x0862,0x0862,0x0862,0x0862,0x0861,0x10A2,0x18C2,0x18E3,0x18C2,0x18C2,0x18C2,0x18C2,
0x18A3,0x1082,0x0862,0x0861,0x0842,0x0862,0x0862,0x0861,0x0841,0x0862,0x18A2,0x1061,0x0841,0x0861,0x0841,0x0841,
0x0841,0x0841,0x0841,0x0841,0x0841,0x0841,0x0841,0x0841,0x0841,0x0841,0x0021,0x0021,0x0821,0x0841,0x0821,0x0020,
0x0020,0x0020,0x0020,0x0020,0x0020,0x0020,0x0020,0x0020,0x0020,0x0020,0x0021,0x0021,0x0020,0x0020,0x0020,0x0021,
0x0021,0x0020,0x0020,0x0020,0x0020,0x0021,0x0841,0x0841,0x0841,0x0021,0x0020,0x0821,0x0841,0x0841,0x0841,0x0841,
0x0841,0x0841,0x0841,0x0861,0x0862,0x1082,0x1082,0x1082,0x0861,0x0841,0x0841,0x0841,0x0021,0x0020,0x0821,0x0821,
0x0841,0x0841,0x0861,0x1082,0x18C3,0x18A3,0x1082,0x1082,0x18C3,0x18C3,0x10A3,0x1082,0x1082,0x0861,0x1062,0x1062,
0x1082,0x1082,0x0821,0x0861,0x0862,0x0861,0x0841,0x0861,0x0841,0x0841,0x0841,0x0841,0x0841,0x0841,0x0841,0x0821,
0x0841,0x0841,0x0841,0x0861,0x0861,0x0861,0x0841,0x0841,0x0841,0x0841,0x0841,0x0841,0x0841,0x0841,0x0841,0x0841,
0x0861,0x0861,0x0861,0x1082,0x10A2,0x18A3,0x1082,0x1062,0x18E3,0x2104,0x2945,0x2965,0x2945,0x2945,0x2945,0x2945,
0x2945,0x2925,0x2124,0x2124,0x2945,0x2945,0x2965,0x2945,0x2945,0x2925,0x2925,0x1082,0x0841,0x1082,0x1062,0x0020,
0x0000,0x0020,0x0000,0x0020,0x0841,0x18E3,0x2945,0x0861,0x0820,0x18A3,0x3166,0x1082,0x0000,0x0000,0x0020,0x0000,
0x0020,0x0000,0x0020,0x0841,0x1082,0x1082,0x0020,0x2104,0x2965,0x10A2,0x0841,0x1062,0x0020,0x0020,0x0000,0x0841,
0x20E4,0x18A3,0x0000,0x0020,0x0841,0x2945,0x2925,0x2945,0x1062,0x0821,0x1082,0x0000,0x0861,0x2124,0x18E3,0x0841,
0x0000,0x20E4,0x2965,0x2945,0x2925,0x2925,0x2925,0x2945,0x2945,0x2945,0x2945,0x2104,0x0841,0x2945,0x2965,0x2966,
0x10A2,0x0861,0x18C3,0x20E4,0x18C3,0x1061,0x0020,0x0000,0x0000,0x1082,0x2103,0x2923,0x2923,0x2923,0x2923,0x2923,
0x0841,0x0841,0x0841,0x0841,0x0841,0x0841,0x0841,0x0841,0x0841,0x0841,0x18E3,0x1081,0x0862,0x0862,0x0862,0x0862,
0x0842,0x0842,0x0862,0x0862,0x0862,0x0862,0x0861,0x1082,0x18C2,0x18C2,0x18C2,0x18C2,0x18C3,0x10A2,0x0862,0x0862,
0x0862,0x0842,0x0861,0x0862,0x10A2,0x18C2,0x18E3,0x20E3,0x2103,0x20E3,0x20E3,0x20E3,0x18E3,0x18A2,0x0862,0x0862,
0x0862,0x0862,0x0862,0x0862,0x0861,0x18A2,0x18E2,0x18C2,0x18C2,0x18C2,0x18C3,0x18C2,0x18C2,0x18C2,0x20E3,0x20E3,
0x18E3,0x18C2,0x0861,0x0861,0x0862,0x0862,0x0862,0x0862,0x0861,0x10A2,0x18C2,0x18C2,0x18A2,0x18A2,0x18C2,0x18C2,
0x18C2,0x18C2,0x10A2,0x1081,0x0861,0x0861,0x0862,0x0861,0x0841,0x0862,0x10A2,0x0861,0x0841,0x0861,0x0862,0x0862,
0x0861,0x0862,0x0862,0x0861,0x0841,0x0841,0x0841,0x0841,0x0841,0x0841,0x0841,0x0821,0x0821,0x0841,0x0821,0x0020,
0x0020,0x0020,0x0020,0x0020,0x0020,0x0020,0x0020,0x0020,0x0020,0x0021,0x0021,0x0021,0x0021,0x0020,0x0021,0x0021,
0x0021,0x0021,0x0021,0x0021,0x0021,0x0021,0x0021,0x0021,0x0020,0x0020,0x0020,0x0021,0x0841,0x0841,0x0841,0x0841,
0x0841,0x0841,0x0841,0x0841,0x0841,0x1082,0x10A2,0x0862,0x0841,0x0821,0x0861,0x1062,0x0861,0x0021,0x0020,0x0020,
0x0841,0x0841,0x0841,0x0861,0x10A2,0x10A2,0x1082,0x10A2,0x1082,0x18C3,0x18C3,0x18C3,0x1082,0x0861,0x0861,0x1082,
0x1082,0x1082,0x0821,0x0862,0x0862,0x0861,0x0841,0x0841,0x0841,0x0841,0x0841,0x0841,0x0841,0x0841,0x0841,0x0841,
0x0841,0x0841,0x0861,0x0861,0x0841,0x0841,0x0841,0x0841,0x0841,0x0841,0x0841,0x0841,0x0841,0x0841,0x0841,0x0841,
0x0862,0x0862,0x1082,0x1062,0x10A2,0x1082,0x18A3,0x18C3,0x2104,0x18E3,0x2104,0x2945,0x2945,0x2945,0x2945,0x2945,
0x2945,0x2945,0x2945,0x2945,0x2925,0x2945,0x2945,0x2945,0x2945,0x2945,0x2945,0x2945,0x18E3,0x1082,0x1062,0x0020,
0x0020,0x0000,0x0020,0x18A2,0x2124,0x20E3,0x0841,0x0000,0x0820,0x2124,0x2925,0x0841,0x0000,0x0000,0x0000,0x0020,
0x0000,0x0020,0x0841,0x1062,0x0861,0x1062,0x2104,0x2945,0x3165,0x2965,0x1082,0x0861,0x0861,0x0821,0x0000,0x0000,
0x0861,0x2104,0x0821,0x0020,0x0020,0x18C3,0x2945,0x2945,0x2104,0x1062,0x0841,0x0000,0x1062,0x2925,0x18C3,0x0020,
0x0000,0x2104,0x2945,0x2925,0x2945,0x2965,0x2945,0x2945,0x2925,0x2945,0x2945,0x18C3,0x0862,0x2965,0x2965,0x2965,
0x2965,0x2966,0x3186,0x3166,0x3166,0x2945,0x0821,0x0020,0x0000,0x10A2,0x2103,0x2923,0x2923,0x2923,0x2923,0x2923,
0x0841,0x0841,0x0841,0x0841,0x0841,0x0841,0x0841,0x0841,0x0841,0x0841,0x18E3,0x1081,0x0862,0x0862,0x0862,0x0862,
0x0842,0x0842,0x0862,0x0862,0x0862,0x0862,0x0862,0x10A2,0x18C2,0x18C2,0x18C2,0x18C2,0x18C3,0x10A2,0x0862,0x0862,
0x0862,0x0841,0x0862,0x10A2,0x18C2,0x18E2,0x18C2,0x18C3,0x20E3,0x20E3,0x20E3,0x20E3,0x18E3,0x18C2,0x0862,0x0862,
0x0862,0x0862,0x0862,0x0862,0x1082,0x18C3,0x18C2,0x18C2,0x18C2,0x18C2,0x18C3,0x10A2,0x18C2,0x18C2,0x18C2,0x18C2,
0x18E3,0x18C2,0x1082,0x0861,0x0862,0x0862,0x0862,0x0862,0x0841,0x10A2,0x18C2,0x18C3,0x18C2,0x18C2,0x18C2,0x18C2,
0x18C2,0x18E3,0x18E3,0x18A2,0x0882,0x0841,0x0861,0x0861,0x0841,0x0862,0x10A2,0x0841,0x0841,0x0861,0x0861,0x0862,
0x1082,0x1082,0x1082,0x0862,0x0841,0x0841,0x0841,0x0841,0x0841,0x0841,0x0841,0x0841,0x0841,0x0841,0x0841,0x0821,
0x0020,0x0020,0x0020,0x0020,0x0020,0x0020,0x0020,0x0020,0x0020,0x0021,0x0021,0x0021,0x0021,0x0021,0x0021,0x0821,
0x0021,0x0021,0x0021,0x0021,0x0021,0x0021,0x0020,0x0020,0x0020,0x0020,0x0020,0x0020,0x0021,0x0841,0x0841,0x0841,
0x0841,0x0841,0x0841,0x0841,0x0841,0x0862,0x1082,0x1082,0x1062,0x0841,0x0841,0x1082,0x1082,0x0841,0x0841,0x0841,
0x0841,0x0841,0x0841,0x0841,0x0861,0x1082,0x1082,0x1082,0x10A2,0x10A2,0x18A3,0x18E3,0x18C3,0x10A2,0x1082,0x1082,
0x1082,0x1082,0x0841,0x0861,0x0861,0x0841,0x0841,0x0841,0x0841,0x0841,0x0841,0x0021,0x0841,0x0021,0x0841,0x0841,
0x0861,0x0862,0x0861,0x0841,0x0841,0x0841,0x0841,0x0841,0x0841,0x0841,0x0841,0x0841,0x0841,0x0861,0x0861,0x0862,
0x0862,0x1082,0x1082,0x10A3,0x10A2,0x18C3,0x18E3,0x2124,0x2124,0x18E3,0x18C3,0x2124,0x2945,0x2945,0x2945,0x2945,
0x2945,0x2945,0x2945,0x2945,0x2945,0x2945,0x2945,0x2945,0x2945,0x2965,0x2945,0x2965,0x2965,0x2104,0x0841,0x0821,
0x0020,0x1062,0x2104,0x2945,0x0861,0x0020,0x0820,0x0000,0x0841,0x2945,0x2104,0x0020,0x0020,0x0000,0x0000,0x0020,
0x0020,0x0821,0x0841,0x0841,0x10A2,0x2104,0x0861,0x0861,0x18C3,0x2965,0x18E3,0x0821,0x1082,0x0861,0x0020,0x0000,
0x0000,0x20E4,0x18C3,0x0000,0x0000,0x0861,0x2945,0x2945,0x2965,0x18E3,0x0020,0x0020,0x1082,0x2945,0x18C3,0x0000,
0x0821,0x2104,0x2945,0x2925,0x2945,0x2945,0x2945,0x2945,0x2945,0x2965,0x2945,0x10A2,0x10A2,0x2966,0x2966,0x2965,
0x2965,0x3186,0x2965,0x2945,0x2945,0x2965,0x0000,0x0000,0x0000,0x18A2,0x2103,0x2103,0x2903,0x2923,0x2923,0x2923,
0x0841,0x0841,0x0841,0x0841,0x0841,0x0841,0x0841,0x0841,0x0841,0x0841,0x18C3,0x1081,0x0862,0x0862,0x0862,0x0862,
0x0862,0x0862,0x0862,0x0862,0x0862,0x0862,0x0862,0x10A2,0x20E2,0x18C2,0x18C2,0x18C2,0x18C2,0x10A2,0x0862,0x0862,
0x0862,0x0862,0x10A2,0x18C3,0x18E2,0x18C2,0x18C2,0x18C2,0x20E3,0x20E3,0x20E3,0x20E3,0x18E3,0x18C2,0x0862,0x0862,
0x0862,0x0862,0x0862,0x0862,0x10A2,0x18E3,0x18C2,0x18C2,0x18C2,0x18C2,0x18A2,0x1061,0x18C2,0x18C2,0x18C2,0x18C2,
0x18C2,0x18C2,0x10A3,0x0861,0x0862,0x0862,0x0841,0x0862,0x0861,0x10A2,0x18C2,0x18C2,0x18E3,0x18E3,0x18C2,0x18C2,
0x18C2,0x20E2,0x18E3,0x18E2,0x10A2,0x0861,0x0841,0x0841,0x0862,0x0862,0x1082,0x0841,0x0841,0x0841,0x0841,0x0841,
0x0861,0x0861,0x0861,0x0841,0x0841,0x0841,0x0841,0x0021,0x0821,0x0841,0x0841,0x0841,0x0841,0x0841,0x0841,0x0841,
0x0021,0x0020,0x0020,0x0020,0x0020,0x0020,0x0020,0x0020,0x0021,0x0021,0x0020,0x0021,0x0021,0x0821,0x0821,0x0821,
0x0021,0x0021,0x0021,0x0021,0x0821,0x0021,0x0021,0x0020,0x0021,0x0020,0x0020,0x0020,0x0021,0x0821,0x0841,0x0841,
0x0841,0x0841,0x0841,0x0841,0x0841,0x0821,0x0841,0x1082,0x1082,0x0862,0x0841,0x1082,0x10A2,0x0862,0x0861,0x0861,
0x0841,0x0841,0x0841,0x0841,0x0861,0x1082,0x1082,0x1082,0x10A2,0x1082,0x1082,0x18A3,0x18C3,0x18C3,0x10A2,0x1062,
0x1082,0x1082,0x0841,0x0861,0x0861,0x0821,0x0841,0x0021,0x0021,0x0021,0x0841,0x0021,0x0821,0x0821,0x0841,0x0841,
0x0861,0x0861,0x0841,0x0841,0x0841,0x0841,0x0841,0x0841,0x0841,0x0841,0x0841,0x0841,0x0861,0x0861,0x0861,0x0862,
0x0862,0x0862,0x1062,0x1062,0x1062,0x1082,0x10A3,0x18C3,0x2124,0x20E4,0x18C3,0x2124,0x2945,0x2945,0x2945,0x2945,
0x2945,0x2965,0x2925,0x2945,0x2945,0x2945,0x2124,0x2925,0x2945,0x2945,0x2945,0x2965,0x2945,0x2945,0x2104,0x1082,
0x18A3,0x2104,0x20E3,0x1062,0x0000,0x0000,0x0020,0x0000,0x0861,0x2965,0x18C3,0x0000,0x0000,0x0000,0x0020,0x0000,
0x0000,0x0020,0x1082,0x18E3,0x18C3,0x1082,0x0020,0x0000,0x0841,0x3186,0x2945,0x0821,0x1082,0x1082,0x0000,0x0020,
0x0000,0x1062,0x2104,0x0841,0x0000,0x0821,0x18C3,0x2965,0x2965,0x2925,0x1062,0x0821,0x18C3,0x3166,0x1082,0x0000,
0x0841,0x2945,0x2965,0x2925,0x2124,0x2945,0x2945,0x2945,0x2945,0x2945,0x2124,0x1082,0x18C3,0x2945,0x2965,0x3186,
0x2965,0x2966,0x2965,0x2965,0x2124,0x2124,0x0020,0x0000,0x0820,0x18C3,0x2103,0x2103,0x2903,0x2923,0x2923,0x2923,
0x0841,0x0841,0x0841,0x0841,0x0841,0x0841,0x0841,0x0841,0x0841,0x0841,0x18C3,0x1061,0x0862,0x0862,0x0862,0x0862,
0x0862,0x0862,0x0862,0x0862,0x0862,0x0862,0x0862,0x10A2,0x20E2,0x18C2,0x18C2,0x18C2,0x18C2,0x10A2,0x0862,0x0862,
0x0841,0x0882,0x18C3,0x18C3,0x18C2,0x18C2,0x18C2,0x18C2,0x18C2,0x18C2,0x18C2,0x18A2,0x10A2,0x10A2,0x0841,0x0862,
0x0862,0x0862,0x0862,0x0862,0x18A2,0x18E3,0x18C2,0x18E2,0x18C2,0x18E2,0x10A2,0x0841,0x18C2,0x18C2,0x18C2,0x18C2,
0x18C2,0x18C2,0x18C3,0x0861,0x0862,0x0862,0x0841,0x0862,0x0861,0x1082,0x1081,0x1061,0x10A2,0x18C2,0x18C2,0x18E3,
0x20E2,0x18C2,0x18C2,0x18E3,0x18C3,0x0861,0x0861,0x0841,0x0842,0x0862,0x1062,0x0821,0x0841,0x0841,0x0841,0x0841,
0x0841,0x0841,0x0841,0x0841,0x0841,0x0841,0x0841,0x0821,0x0021,0x0021,0x0021,0x0821,0x0821,0x0821,0x0821,0x0821,
0x0821,0x0821,0x0821,0x0821,0x0821,0x0020,0x0020,0x0021,0x0021,0x0020,0x0020,0x0020,0x0021,0x0821,0x0841,0x0821,
0x0841,0x0841,0x0021,0x0021,0x0821,0x0821,0x0821,0x0821,0x0821,0x0020,0x0020,0x0020,0x0020,0x0020,0x0021,0x0841,
0x0821,0x0841,0x0821,0x0021,0x0821,0x0841,0x0841,0x0861,0x1062,0x1082,0x0841,0x0861,0x1082,0x0862,0x0841,0x0841,
0x0861,0x0841,0x0861,0x0861,0x0841,0x0841,0x0861,0x0861,0x1062,0x1082,0x10A2,0x10A2,0x1082,0x10A2,0x18C3,0x1082,
0x1082,0x1082,0x0841,0x0861,0x0861,0x0821,0x0841,0x0841,0x0021,0x0841,0x0841,0x0021,0x0841,0x0841,0x0841,0x0862,
0x0861,0x0841,0x0841,0x0841,0x0841,0x0841,0x0861,0x0841,0x0862,0x0861,0x0861,0x0862,0x0862,0x0861,0x0861,0x0861,
0x0861,0x0841,0x0841,0x0841,0x0841,0x0841,0x1082,0x10A2,0x2104,0x2104,0x2104,0x2945,0x2965,0x2925,0x2945,0x2945,
0x2925,0x2965,0x2925,0x2945,0x2945,0x2945,0x2945,0x2945,0x2945,0x2925,0x2945,0x2945,0x2965,0x2965,0x2965,0x2965,
0x2945,0x1082,0x0821,0x0000,0x0020,0x0020,0x0000,0x0020,0x10A2,0x3186,0x1062,0x0000,0x0000,0x0861,0x20E4,0x10A2,
0x1082,0x18C3,0x18C3,0x1062,0x0020,0x0000,0x0020,0x0000,0x0000,0x2104,0x2945,0x18A3,0x0861,0x1082,0x0841,0x0000,
0x0020,0x0000,0x18C3,0x10A2,0x0020,0x0000,0x0861,0x2925,0x2965,0x2965,0x2104,0x0841,0x2104,0x3186,0x0020,0x0020,
0x0841,0x2925,0x2945,0x2945,0x2945,0x2945,0x2945,0x2945,0x2945,0x2945,0x2104,0x0861,0x2104,0x2966,0x2965,0x2965,
0x3186,0x3186,0x2965,0x2924,0x2945,0x18E3,0x0000,0x0020,0x0820,0x18C3,0x2103,0x2103,0x2103,0x2923,0x2903,0x2923,
0x0841,0x0841,0x0841,0x0841,0x0841,0x0841,0x0841,0x0841,0x0841,0x0841,0x18C3,0x1081,0x0862,0x0862,0x0862,0x0862,
0x0862,0x0862,0x0862,0x0862,0x0862,0x0862,0x0861,0x1082,0x18E2,0x18C2,0x18C2,0x18C2,0x18C2,0x1082,0x0862,0x0841,
0x0841,0x10A2,0x18E2,0x18E2,0x18C2,0x18C2,0x18C3,0x18C3,0x1082,0x0862,0x0862,0x0862,0x0862,0x0862,0x0862,0x0841,
0x0841,0x0862,0x0841,0x0862,0x18C2,0x18A2,0x20C3,0x18C2,0x18C2,0x18E2,0x0862,0x0862,0x1081,0x18E3,0x18E2,0x18C2,
0x18C2,0x18C2,0x18E3,0x1061,0x0841,0x0861,0x0862,0x0862,0x0862,0x0862,0x0842,0x0862,0x0861,0x0861,0x1082,0x18E3,
0x18C2,0x18C2,0x18E2,0x18E2,0x18C2,0x1082,0x0842,0x0841,0x0862,0x0841,0x0841,0x0841,0x0841,0x0841,0x0862,0x1062,
0x0861,0x0841,0x0841,0x0841,0x0841,0x0841,0x0841,0x0861,0x0861,0x0841,0x0821,0x0020,0x0021,0x0021,0x0021,0x0861,
0x1062,0x1062,0x0861,0x1082,0x1082,0x1062,0x0841,0x0841,0x0841,0x0841,0x0821,0x0821,0x0821,0x0821,0x0841,0x0861,
0x0861,0x0841,0x0020,0x0020,0x0821,0x0821,0x0821,0x0821,0x0821,0x0021,0x0020,0x0020,0x0020,0x0020,0x0020,0x0020,
0x0841,0x0841,0x0841,0x0841,0x0821,0x0841,0x0821,0x0021,0x0841,0x0862,0x1062,0x0841,0x0841,0x0862,0x0862,0x0841,
0x0841,0x0821,0x0841,0x0861,0x0841,0x0841,0x0861,0x1062,0x0861,0x1082,0x1082,0x1082,0x1082,0x1082,0x1062,0x10A2,
0x1082,0x1062,0x1082,0x10A2,0x1082,0x0821,0x0821,0x0821,0x0821,0x0821,0x0821,0x0021,0x0021,0x0841,0x0841,0x0841,
0x0841,0x0841,0x0841,0x0841,0x0841,0x0841,0x0862,0x0861,0x0862,0x0862,0x1082,0x1062,0x0861,0x0841,0x0841,0x0861,
0x0862,0x0861,0x0841,0x0841,0x0841,0x0861,0x1062,0x0861,0x18C3,0x10A2,0x20E4,0x2925,0x2945,0x2945,0x2945,0x2925,
0x2945,0x2945,0x2925,0x2945,0x2945,0x2945,0x2945,0x2925,0x2945,0x2965,0x2945,0x2945,0x2945,0x2945,0x2945,0x2124,
0x2945,0x18A3,0x0020,0x0000,0x0020,0x0000,0x0000,0x0841,0x18C3,0x3186,0x0841,0x0000,0x0000,0x10A2,0x2965,0x2945,
0x18E3,0x0861,0x0020,0x0020,0x0000,0x0000,0x0020,0x0000,0x0000,0x0861,0x2925,0x2945,0x0020,0x0861,0x1082,0x0000,
0x0000,0x0020,0x1082,0x2124,0x0841,0x0000,0x0821,0x20E4,0x2965,0x2965,0x2945,0x18C3,0x2945,0x2945,0x0821,0x0000,
0x0020,0x2925,0x2965,0x2965,0x2965,0x2945,0x2945,0x2945,0x2945,0x2945,0x10A2,0x0861,0x2925,0x2965,0x2965,0x3166,
0x3186,0x2965,0x2945,0x2945,0x2945,0x18C3,0x0000,0x0000,0x0841,0x20E3,0x2103,0x2103,0x2103,0x2103,0x2903,0x2103,
0x0841,0x0841,0x0841,0x0841,0x0841,0x0841,0x0841,0x0841,0x0841,0x0841,0x18C3,0x1081,0x0862,0x0862,0x0862,0x0862,
0x0862,0x0862,0x0862,0x0862,0x0862,0x0862,0x0861,0x1082,0x20E2,0x18E2,0x18C2,0x18C2,0x18C2,0x10A2,0x0862,0x0861,
0x0862,0x10A3,0x18C2,0x18E2,0x18C2,0x20E2,0x18C3,0x18A2,0x0862,0x0862,0x0862,0x0862,0x0862,0x0862,0x0862,0x0862,
0x0862,0x0862,0x0841,0x1082,0x18C2,0x18C2,0x18C2,0x18C2,0x18C2,0x18C2,0x0862,0x0841,0x0861,0x18C2,0x18E2,0x18C2,
0x18C2,0x18C2,0x18E3,0x1082,0x0862,0x0861,0x0862,0x0862,0x0862,0x0862,0x0862,0x0862,0x0861,0x0841,0x1081,0x10A2,
0x18C2,0x18C2,0x18E2,0x18E2,0x18C3,0x10A2,0x0862,0x0862,0x0841,0x0841,0x0861,0x0861,0x0861,0x0861,0x0841,0x0841,
0x0841,0x0841,0x0841,0x0861,0x0862,0x0862,0x0862,0x1082,0x1082,0x1062,0x0862,0x0861,0x0861,0x0861,0x0862,0x1082,
0x1082,0x1082,0x1082,0x1082,0x1082,0x1082,0x1062,0x1082,0x10A2,0x1082,0x1082,0x1062,0x1062,0x1062,0x1062,0x1062,
0x1082,0x1082,0x1062,0x0861,0x0821,0x0020,0x0021,0x0841,0x0821,0x0021,0x0020,0x0020,0x0020,0x0020,0x0021,0x0021,
0x0841,0x0841,0x0841,0x0841,0x0841,0x0841,0x0841,0x0841,0x0821,0x0841,0x0862,0x0861,0x0841,0x0841,0x0841,0x0841,
0x0841,0x0841,0x0021,0x0021,0x0821,0x0841,0x0841,0x0841,0x0861,0x1082,0x1082,0x1082,0x1062,0x1062,0x1062,0x1062,
0x1082,0x1082,0x0861,0x1082,0x1082,0x0841,0x0021,0x0821,0x0821,0x0821,0x0821,0x0021,0x0021,0x0821,0x0841,0x0841,
0x0841,0x0841,0x0841,0x0841,0x0861,0x0861,0x0861,0x0861,0x0862,0x1082,0x0862,0x0841,0x0841,0x0862,0x1082,0x1082,
0x1062,0x0862,0x0861,0x1082,0x1082,0x10A2,0x10A2,0x10A3,0x1062,0x0841,0x18C3,0x2124,0x2925,0x2925,0x2945,0x2945,
0x2945,0x2945,0x2925,0x2945,0x2945,0x2945,0x2945,0x2945,0x2945,0x2945,0x2945,0x2945,0x2945,0x2945,0x2925,0x10A2,
0x18C3,0x2124,0x1082,0x0020,0x0000,0x0000,0x0000,0x1062,0x2104,0x2965,0x0821,0x0000,0x0020,0x1082,0x2124,0x2965,
0x1062,0x0020,0x0020,0x0000,0x0000,0x0000,0x0000,0x0020,0x0020,0x0841,0x20E4,0x2945,0x0841,0x0841,0x1062,0x0841,
0x0000,0x0000,0x0841,0x2104,0x18A2,0x0000,0x0020,0x18A3,0x2965,0x2965,0x3166,0x2925,0x2965,0x20E4,0x0000,0x0000,
0x0020,0x2104,0x3166,0x2965,0x2945,0x2945,0x2945,0x2945,0x2945,0x2965,0x0861,0x0861,0x2945,0x2965,0x2965,0x3166,
0x2965,0x3186,0x2945,0x2124,0x2966,0x10A2,0x0000,0x0000,0x1061,0x20E3,0x2103,0x2103,0x2103,0x2103,0x2903,0x2903,
0x0841,0x0841,0x0841,0x0841,0x0841,0x0841,0x0841,0x0841,0x0841,0x0841,0x18C3,0x1081,0x0862,0x0862,0x0862,0x0862,
0x0862,0x0862,0x0862,0x0862,0x0862,0x0862,0x0861,0x10A2,0x18E2,0x18E2,0x18C2,0x18C2,0x18C2,0x18C2,0x10A2,0x10A2,
0x18A2,0x18C2,0x18C2,0x18C2,0x18C2,0x18E2,0x18C3,0x1082,0x0861,0x0841,0x0862,0x0862,0x0861,0x0861,0x0862,0x0862,
0x0862,0x0862,0x0861,0x18C3,0x18C2,0x20E3,0x18C2,0x18C2,0x18C3,0x10A2,0x0862,0x0841,0x0862,0x1082,0x18C2,0x18E3,
0x18C2,0x18C2,0x18E3,0x18A2,0x0882,0x0861,0x0862,0x0862,0x0862,0x0862,0x0862,0x0862,0x0842,0x0841,0x0862,0x0862,
0x18C2,0x18C2,0x18E2,0x18E2,0x18C2,0x18C2,0x1082,0x1082,0x0861,0x0861,0x0861,0x0861,0x0861,0x0861,0x0861,0x0861,
0x0841,0x0861,0x0862,0x1082,0x1082,0x1082,0x1082,0x1082,0x1082,0x1082,0x1082,0x1062,0x0862,0x1082,0x1082,0x10A2,
0x1082,0x10A2,0x1082,0x1082,0x1082,0x1082,0x1082,0x10A2,0x1082,0x1082,0x1082,0x1082,0x1062,0x1062,0x1062,0x1082,
0x1082,0x1082,0x10A2,0x10A2,0x10A3,0x1082,0x0861,0x0021,0x0821,0x0021,0x0021,0x0020,0x0020,0x0020,0x0020,0x0020,
0x0020,0x0021,0x0821,0x0841,0x0841,0x0841,0x0841,0x0841,0x0841,0x0841,0x0841,0x0861,0x0841,0x0841,0x0841,0x0841,
0x0841,0x0841,0x0841,0x0821,0x0821,0x0841,0x0841,0x0841,0x0861,0x0861,0x0862,0x0861,0x0841,0x0861,0x0861,0x0841,
0x0861,0x1082,0x0841,0x0861,0x10A2,0x0841,0x0821,0x0821,0x0821,0x0821,0x0821,0x0021,0x0021,0x0021,0x0821,0x0841,
0x0821,0x0841,0x0841,0x0841,0x0861,0x0861,0x0861,0x0861,0x0862,0x0841,0x0841,0x0841,0x0841,0x0861,0x1082,0x10A2,
0x1062,0x0861,0x0861,0x0862,0x0862,0x10A3,0x18C3,0x18C3,0x10A3,0x1082,0x18E3,0x2945,0x2945,0x2925,0x2945,0x2945,
0x2945,0x2945,0x2945,0x2945,0x2945,0x2945,0x2945,0x2945,0x2965,0x2945,0x2945,0x2945,0x2945,0x2945,0x2124,0x0861,
0x0821,0x18C3,0x2925,0x18E3,0x0000,0x0020,0x0020,0x1082,0x2945,0x2104,0x0020,0x0000,0x0000,0x0020,0x0020,0x1062,
0x10A2,0x0841,0x0861,0x0000,0x0020,0x0020,0x0000,0x0000,0x0000,0x0821,0x10A2,0x2965,0x1082,0x0841,0x0861,0x0861,
0x0020,0x0000,0x0020,0x18C3,0x18E3,0x0000,0x0000,0x1061,0x2965,0x2945,0x2965,0x2945,0x2965,0x1082,0x0000,0x0020,
0x0000,0x10A2,0x2945,0x2965,0x2965,0x3166,0x2965,0x2965,0x2965,0x2945,0x0020,0x1082,0x2965,0x2965,0x2945,0x2965,
0x2965,0x2965,0x2924,0x2945,0x2965,0x0861,0x0000,0x0000,0x1081,0x20E3,0x2103,0x2103,0x2103,0x2103,0x2903,0x2923,
0x0841,0x0841,0x0841,0x0841,0x0841,0x0841,0x0841,0x0841,0x0841,0x0841,0x18C3,0x1081,0x0862,0x0862,0x0862,0x0862,
0x0862,0x0862,0x0862,0x0862,0x0862,0x0862,0x0861,0x10A2,0x18C2,0x18E2,0x18C2,0x18C2,0x18E2,0x18E2,0x18E3,0x18E3,
0x18C3,0x18C3,0x18C2,0x18C2,0x18C2,0x18C2,0x18A2,0x0861,0x0841,0x0861,0x0862,0x0862,0x0861,0x0861,0x0862,0x0862,
0x0862,0x0862,0x1082,0x18C3,0x18C2,0x20E3,0x18C2,0x18C2,0x18C3,0x1082,0x0862,0x0862,0x0862,0x0882,0x18C2,0x18E3,
0x18C2,0x18C2,0x18C2,0x18C2,0x1082,0x0841,0x0862,0x0862,0x0862,0x0862,0x0862,0x0861,0x0862,0x0842,0x0861,0x0862,
0x18A2,0x18C2,0x18C2,0x18C2,0x18C2,0x18C2,0x18C2,0x18C2,0x1082,0x0861,0x0861,0x0861,0x0861,0x0861,0x0862,0x1082,
0x0862,0x1082,0x1082,0x1082,0x1082,0x1062,0x0862,0x1082,0x0862,0x0862,0x1082,0x1062,0x0861,0x1082,0x1082,0x1082,
0x10A2,0x10A2,0x1082,0x1062,0x0862,0x1082,0x1062,0x0862,0x0841,0x0861,0x0862,0x0862,0x0861,0x0861,0x0862,0x1082,
0x1082,0x10A2,0x10A2,0x1082,0x1062,0x0861,0x0841,0x0841,0x0841,0x0841,0x0841,0x0021,0x0020,0x0020,0x0020,0x0020,
0x0020,0x0020,0x0021,0x0021,0x0841,0x0841,0x0841,0x0841,0x0841,0x0021,0x0021,0x0841,0x0841,0x0841,0x0841,0x0841,
0x0841,0x0841,0x0841,0x0821,0x0841,0x0861,0x0861,0x0821,0x0861,0x0861,0x0861,0x0841,0x0841,0x0841,0x0841,0x0821,
0x1062,0x10A3,0x0841,0x0861,0x1082,0x0841,0x0021,0x0020,0x0021,0x0021,0x0021,0x0021,0x0021,0x0021,0x0821,0x0821,
0x0841,0x0861,0x0841,0x0841,0x0841,0x0841,0x0821,0x0841,0x0841,0x0862,0x1082,0x0862,0x0862,0x10A2,0x18C3,0x18C3,
0x18C3,0x18C3,0x1082,0x0841,0x0861,0x0862,0x1082,0x18C3,0x18C3,0x18A3,0x2104,0x2945,0x2945,0x2945,0x2945,0x2945,
0x2945,0x2945,0x2945,0x2945,0x2945,0x2945,0x2945,0x2945,0x2945,0x2945,0x2945,0x2945,0x2945,0x2945,0x18E3,0x1062,
0x0841,0x0841,0x0861,0x2104,0x18A3,0x0020,0x0000,0x20E4,0x2965,0x18C3,0x0000,0x0020,0x0020,0x0020,0x0000,0x0861,
0x18C3,0x0841,0x1062,0x0000,0x0000,0x0020,0x0000,0x0000,0x0000,0x0020,0x0861,0x2945,0x20E4,0x0821,0x1082,0x0861,
0x0020,0x0000,0x0000,0x0861,0x18C3,0x0000,0x0000,0x0841,0x3166,0x2945,0x2945,0x2965,0x2945,0x0861,0x0000,0x0020,
0x0020,0x0841,0x18E3,0x2945,0x2965,0x2965,0x2965,0x3166,0x2965,0x2124,0x0020,0x18C3,0x2965,0x2945,0x2945,0x2965,
0x3186,0x2925,0x2124,0x2965,0x2104,0x0821,0x0000,0x0000,0x18A2,0x2103,0x2103,0x2103,0x2103,0x2903,0x2903,0x2923,
0x0841,0x0841,0x0841,0x0841,0x0841,0x0841,0x0841,0x0841,0x0841,0x0841,0x18E3,0x1081,0x0862,0x0862,0x0862,0x0862,
0x0842,0x0842,0x0862,0x0862,0x0862,0x0862,0x0861,0x10A2,0x18C2,0x18E2,0x18C2,0x18C2,0x18C2,0x18C2,0x18E2,0x18E2,
0x18C2,0x18C2,0x18C2,0x18C2,0x18C2,0x18E2,0x18C3,0x0861,0x0862,0x0862,0x0862,0x0862,0x0861,0x0861,0x0862,0x0862,
0x0862,0x0862,0x10A2,0x18C2,0x18C2,0x18C2,0x18C2,0x18C2,0x10C3,0x0862,0x0862,0x0862,0x0862,0x0862,0x10A2,0x18C3,
0x18C2,0x18C2,0x18C2,0x18C2,0x10A2,0x0861,0x0862,0x0861,0x0842,0x0862,0x0862,0x0862,0x0862,0x0862,0x0862,0x0862,
0x18A2,0x18C2,0x18C2,0x18C2,0x18C2,0x18C2,0x18C2,0x18C2,0x1062,0x0861,0x0841,0x0841,0x0861,0x0862,0x1082,0x1082,
0x1082,0x1082,0x1082,0x1082,0x0862,0x0841,0x0841,0x0861,0x0861,0x0861,0x0862,0x0862,0x0862,0x1082,0x10A2,0x1082,
0x10A2,0x10A2,0x1082,0x0862,0x0861,0x0862,0x0861,0x0841,0x0861,0x0861,0x0862,0x0861,0x0841,0x0841,0x0861,0x1082,
0x1082,0x1082,0x1082,0x0841,0x0021,0x0021,0x0841,0x0841,0x0841,0x0841,0x0841,0x0841,0x0841,0x0841,0x0841,0x0821,
0x0821,0x0021,0x0021,0x0021,0x0841,0x0841,0x0841,0x0021,0x0841,0x0841,0x0021,0x0021,0x0841,0x0841,0x0841,0x0021,
0x0841,0x0841,0x0841,0x0841,0x0841,0x0841,0x0841,0x0821,0x0841,0x0861,0x0841,0x0841,0x0841,0x0841,0x0021,0x0841,
0x1062,0x10A3,0x0862,0x1082,0x1082,0x0841,0x0841,0x0821,0x0821,0x0021,0x0021,0x0021,0x0821,0x0821,0x0021,0x0821,
0x0841,0x0841,0x0021,0x0821,0x0021,0x0821,0x0021,0x0841,0x0862,0x1082,0x1082,0x1082,0x1082,0x10A2,0x18A3,0x18A3,
0x18C3,0x18C3,0x18C3,0x18A3,0x1082,0x0861,0x0861,0x0862,0x1082,0x10A3,0x2124,0x2945,0x2945,0x2925,0x2945,0x2945,
0x2945,0x2945,0x2945,0x2945,0x2945,0x2945,0x2945,0x2945,0x2945,0x2945,0x2965,0x2945,0x2945,0x2945,0x1082,0x1082,
0x0841,0x0000,0x0821,0x18C3,0x2925,0x18A3,0x0000,0x2104,0x2965,0x1082,0x0000,0x0000,0x0000,0x0000,0x0000,0x0821,
0x18C3,0x0841,0x1082,0x0841,0x0000,0x0000,0x0000,0x0000,0x0000,0x0000,0x0841,0x2945,0x2925,0x0861,0x0861,0x1082,
0x0841,0x0020,0x0000,0x0000,0x18A3,0x0820,0x0000,0x0821,0x2965,0x2945,0x2945,0x2965,0x2124,0x0821,0x0000,0x0000,
0x0000,0x0000,0x1062,0x2945,0x3166,0x2965,0x2965,0x3186,0x3186,0x18C3,0x0841,0x2104,0x2945,0x2965,0x2965,0x2965,
0x2945,0x2124,0x2945,0x2945,0x1082,0x0000,0x0020,0x0820,0x18A2,0x2103,0x2903,0x2923,0x2103,0x2903,0x2903,0x2903,
0x0841,0x0841,0x0841,0x0841,0x0841,0x0841,0x0841,0x0841,0x0841,0x0841,0x18E3,0x1081,0x0862,0x0862,0x0862,0x0862,
0x0862,0x0842,0x0862,0x0862,0x0862,0x0862,0x0861,0x10A2,0x18E2,0x18E2,0x18C2,0x18C2,0x18C2,0x18C2,0x18C2,0x18C2,
0x18C2,0x18C2,0x18C2,0x18C2,0x18C2,0x18E2,0x18C3,0x0861,0x0862,0x0862,0x0862,0x0862,0x0861,0x0862,0x0862,0x0862,
0x0862,0x1082,0x18C2,0x18C2,0x18C2,0x18C2,0x18C2,0x18C2,0x1082,0x0861,0x0862,0x0862,0x0862,0x0842,0x1081,0x10A2,
0x18C2,0x18C2,0x18E2,0x18E2,0x18C2,0x10A2,0x0862,0x0841,0x0842,0x0862,0x0862,0x0841,0x0862,0x0862,0x0862,0x0862,
0x10A2,0x18C2,0x18C2,0x18C2,0x18C2,0x18C2,0x18C2,0x10A2,0x0861,0x0841,0x0841,0x0841,0x0861,0x0862,0x1082,0x1082,
0x1082,0x1082,0x1082,0x0862,0x0861,0x0841,0x0841,0x0861,0x0861,0x0841,0x0862,0x0862,0x1082,0x1082,0x1082,0x1082,
0x1082,0x1082,0x1082,0x0862,0x0861,0x0861,0x0861,0x0841,0x0862,0x0861,0x0841,0x0841,0x0841,0x0861,0x0861,0x0861,
0x0862,0x0841,0x0821,0x0841,0x0861,0x0862,0x0861,0x0841,0x0841,0x0841,0x0841,0x0841,0x0841,0x0861,0x0841,0x0841,
0x0841,0x0841,0x0821,0x0021,0x0021,0x0841,0x0841,0x0841,0x0021,0x0841,0x0841,0x0021,0x0021,0x0841,0x0841,0x0841,
0x0021,0x0841,0x0841,0x0861,0x0861,0x0861,0x0841,0x0821,0x0841,0x0861,0x0841,0x0841,0x0841,0x0821,0x0020,0x0841,
0x0841,0x1082,0x1082,0x1082,0x1082,0x0841,0x1062,0x0841,0x0841,0x0821,0x0821,0x0821,0x0821,0x0021,0x0021,0x0021,
0x0020,0x0021,0x0021,0x0021,0x0821,0x0841,0x0841,0x0862,0x1082,0x0862,0x0861,0x0861,0x0862,0x1062,0x10A2,0x18A3,
0x18C3,0x18C3,0x10A2,0x1082,0x18C3,0x18C3,0x1082,0x0841,0x0861,0x1082,0x2104,0x2945,0x2945,0x2925,0x2945,0x2945,
0x2945,0x2945,0x2945,0x2945,0x2945,0x2945,0x2945,0x2945,0x2945,0x2945,0x2945,0x2945,0x2945,0x2945,0x0841,0x1082,
0x0841,0x0020,0x0000,0x0020,0x18C3,0x2945,0x2965,0x2945,0x2124,0x0841,0x0000,0x0020,0x0020,0x0000,0x0821,0x0020,
0x18C3,0x0861,0x0861,0x1082,0x0861,0x0861,0x1082,0x1062,0x1082,0x0821,0x0020,0x2104,0x2945,0x2104,0x0841,0x1082,
0x1062,0x0020,0x0000,0x0000,0x10A2,0x0841,0x0000,0x0020,0x2945,0x2945,0x2945,0x2945,0x18C3,0x0000,0x0020,0x0861,
0x0841,0x0000,0x0020,0x18C3,0x2945,0x2965,0x2945,0x2945,0x2945,0x0861,0x1082,0x2925,0x2945,0x2965,0x2945,0x2945,
0x2124,0x2945,0x2945,0x10A2,0x0021,0x0000,0x0820,0x0841,0x18C2,0x2103,0x2903,0x2923,0x2903,0x2923,0x2103,0x2903,
0x0841,0x0841,0x0841,0x0841,0x0841,0x0841,0x0841,0x0841,0x0841,0x0841,0x18E3,0x1081,0x0862,0x0862,0x0862,0x0862,
0x0862,0x0842,0x0862,0x0862,0x0862,0x0862,0x0861,0x10A2,0x18E3,0x18E2,0x18C2,0x18C2,0x18C2,0x18C2,0x18C2,0x18E2,
0x18E3,0x18C2,0x18C2,0x18C2,0x18C2,0x18C2,0x18C3,0x0861,0x0842,0x0862,0x0862,0x0862,0x0862,0x0862,0x0862,0x0862,
0x0861,0x18C3,0x18C2,0x18C2,0x18C2,0x18C2,0x18C2,0x10A2,0x0862,0x0841,0x0862,0x0861,0x0842,0x0842,0x0861,0x1082,
0x18C2,0x18E2,0x18E2,0x18E2,0x18C2,0x18C2,0x0862,0x0841,0x0842,0x0862,0x0862,0x0862,0x0862,0x0862,0x0861,0x0862,
0x18A2,0x18C2,0x18C2,0x18C2,0x18C2,0x18C2,0x18A2,0x1081,0x0861,0x0841,0x0841,0x0841,0x0841,0x0861,0x0862,0x1082,
0x1062,0x0862,0x0861,0x0861,0x0862,0x0862,0x0861,0x0861,0x0841,0x0841,0x0861,0x0862,0x1082,0x1082,0x1082,0x1082,
0x1082,0x1082,0x1082,0x0861,0x0841,0x0841,0x1082,0x0862,0x1062,0x0861,0x0841,0x0841,0x0861,0x0861,0x0861,0x0861,
0x0841,0x0841,0x0841,0x0841,0x0841,0x0841,0x0841,0x0841,0x0841,0x0841,0x0841,0x0841,0x0861,0x0861,0x0861,0x0841,
0x0841,0x0841,0x0841,0x0021,0x0021,0x0021,0x0841,0x0841,0x0021,0x0841,0x0841,0x0841,0x0841,0x0021,0x0841,0x0841,
0x0841,0x0841,0x0021,0x0841,0x1082,0x10A2,0x1082,0x0841,0x0821,0x0841,0x0841,0x0821,0x0841,0x0841,0x0841,0x0841,
0x0841,0x1082,0x1082,0x1082,0x1062,0x0841,0x0861,0x0841,0x0841,0x0841,0x0821,0x0821,0x0821,0x0821,0x0021,0x0821,
0x0841,0x0021,0x0841,0x0841,0x0821,0x0821,0x0861,0x1062,0x0862,0x1082,0x1082,0x0862,0x1082,0x10A2,0x18C3,0x18E3,
0x2104,0x2124,0x2124,0x18C3,0x0862,0x1082,0x18C3,0x18C3,0x0861,0x0841,0x10A3,0x2104,0x2945,0x2125,0x2925,0x2945,
0x2945,0x2945,0x2945,0x2945,0x2945,0x2945,0x2945,0x2945,0x2945,0x2945,0x2945,0x2945,0x2945,0x2104,0x0841,0x1082,
0x0020,0x0020,0x0821,0x0000,0x0841,0x18E3,0x2945,0x2945,0x2104,0x0821,0x0020,0x0000,0x0000,0x0000,0x0821,0x0821,
0x18C3,0x18C3,0x0841,0x1082,0x1082,0x1082,0x1062,0x0861,0x0841,0x1082,0x18C3,0x2945,0x2945,0x2945,0x0841,0x1062,
0x1082,0x0821,0x0000,0x0000,0x1082,0x0841,0x0000,0x0020,0x2945,0x2945,0x2945,0x2104,0x1062,0x0000,0x1061,0x2104,
0x2925,0x18E3,0x1082,0x0861,0x2104,0x3166,0x2965,0x2965,0x2104,0x0020,0x20E4,0x2965,0x2965,0x2945,0x2945,0x2124,
0x2925,0x2925,0x18E3,0x0020,0x0000,0x0020,0x0020,0x0861,0x20E3,0x2103,0x2903,0x2923,0x2903,0x2923,0x2103,0x2903,
0x0841,0x0841,0x0841,0x0841,0x0841,0x0841,0x0841,0x0841,0x0841,0x0841,0x18E3,0x1081,0x0862,0x0862,0x0862,0x0862,
0x0862,0x0862,0x0862,0x0862,0x0862,0x0862,0x0861,0x10A2,0x18E3,0x18E2,0x18C2,0x18C2,0x18C2,0x18C2,0x18C2,0x18E2,
0x18E3,0x18C2,0x18C2,0x18C2,0x18C2,0x18C2,0x18C3,0x0861,0x0842,0x0862,0x0862,0x0862,0x0841,0x0862,0x0862,0x0862,
0x0861,0x18C3,0x18C2,0x18C2,0x18C2,0x18C2,0x18C2,0x10A2,0x0861,0x0841,0x0862,0x0861,0x0842,0x0842,0x0841,0x1082,
0x18C2,0x18E3,0x18E2,0x18C2,0x18E3,0x18E3,0x0862,0x0862,0x0842,0x0862,0x0862,0x0862,0x0862,0x0862,0x0862,0x0862,
0x18A2,0x18C3,0x18C2,0x18A2,0x18C2,0x18C2,0x10A2,0x1081,0x0841,0x0841,0x0841,0x0841,0x0841,0x0861,0x0861,0x1062,
0x0862,0x0862,0x0841,0x0861,0x1082,0x1082,0x0861,0x0841,0x0841,0x0841,0x0861,0x0861,0x1082,0x1082,0x0862,0x1082,
0x1082,0x0862,0x0862,0x0841,0x0841,0x0841,0x1082,0x1082,0x0861,0x0861,0x0841,0x0841,0x0841,0x0841,0x0841,0x0841,
0x0841,0x0841,0x0841,0x0841,0x0841,0x0841,0x0841,0x0841,0x0841,0x0841,0x0841,0x0841,0x0861,0x0861,0x0861,0x0841,
0x0841,0x0841,0x0841,0x0841,0x0021,0x0021,0x0021,0x0021,0x0841,0x0841,0x0841,0x0841,0x0841,0x0021,0x0021,0x0841,
0x0841,0x0841,0x0841,0x0021,0x0841,0x1082,0x10A2,0x10A2,0x0841,0x0841,0x0841,0x0821,0x0821,0x0841,0x0861,0x0841,
0x0821,0x1082,0x1082,0x1082,0x1082,0x0861,0x0841,0x0841,0x0841,0x0841,0x0821,0x0841,0x0841,0x0821,0x0821,0x0841,
0x0021,0x0020,0x0841,0x0841,0x0841,0x0841,0x1082,0x10A2,0x10A2,0x18A3,0x18C3,0x18C3,0x18C3,0x10A2,0x10A2,0x18E3,
0x18E3,0x2104,0x2945,0x2124,0x18C3,0x0861,0x10A2,0x18C3,0x18C3,0x0841,0x0861,0x18C3,0x2945,0x2925,0x2124,0x2945,
0x2925,0x2925,0x2945,0x2945,0x2945,0x2945,0x2945,0x2945,0x2945,0x2945,0x2945,0x2945,0x2945,0x18E3,0x0841,0x1082,
0x0841,0x0000,0x0000,0x0000,0x0000,0x1082,0x2945,0x2945,0x20E4,0x0000,0x0020,0x0000,0x0020,0x0000,0x0020,0x0841,
0x10A2,0x20E4,0x0841,0x1082,0x1062,0x0861,0x0821,0x0821,0x1082,0x2124,0x2104,0x2104,0x2945,0x2945,0x1082,0x0861,
0x1082,0x0841,0x0000,0x0000,0x0841,0x0821,0x0000,0x0821,0x2925,0x2945,0x2945,0x18C3,0x0020,0x0020,0x1082,0x2965,
0x2965,0x2965,0x2104,0x0841,0x20E4,0x3166,0x2965,0x2965,0x18E3,0x0020,0x2124,0x3166,0x2945,0x2124,0x2925,0x2945,
0x3166,0x2104,0x0861,0x0000,0x0000,0x0020,0x0000,0x1061,0x20E3,0x2103,0x2903,0x2923,0x2903,0x2923,0x2103,0x2903,
0x0841,0x0841,0x0861,0x0861,0x0841,0x0841,0x0841,0x0841,0x0841,0x0841,0x18C3,0x1081,0x0862,0x0862,0x0862,0x0862,
0x0862,0x0862,0x0862,0x0862,0x0862,0x0862,0x0861,0x10A2,0x18E2,0x18E2,0x18C2,0x18C2,0x18C3,0x18A2,0x0862,0x1082,
0x10A2,0x18C3,0x18E2,0x18C2,0x18C2,0x18C2,0x18C2,0x10A2,0x0841,0x0861,0x0862,0x0862,0x0862,0x0862,0x0862,0x0861,
0x18C2,0x18C2,0x18C2,0x18C2,0x18C2,0x18E3,0x18C3,0x0861,0x0862,0x0862,0x0862,0x0842,0x0842,0x0842,0x0862,0x0862,
0x18C2,0x18E3,0x18E2,0x18C2,0x18C2,0x18E2,0x10A2,0x1061,0x0862,0x0841,0x0841,0x0862,0x0861,0x0841,0x0861,0x1082,
0x18C2,0x18C2,0x18C2,0x18C2,0x18C2,0x18A2,0x1082,0x0861,0x0841,0x0841,0x0841,0x0841,0x0862,0x0862,0x0862,0x0862,
0x0862,0x0862,0x0861,0x0861,0x0862,0x0862,0x0841,0x0841,0x0841,0x0841,0x0861,0x0861,0x1062,0x1082,0x1062,0x0862,
0x0861,0x0862,0x0841,0x0841,0x0841,0x0841,0x0861,0x0861,0x0841,0x0841,0x0841,0x0841,0x0841,0x0841,0x0841,0x0841,
0x0841,0x0841,0x0841,0x0841,0x0841,0x0841,0x0841,0x0841,0x0841,0x0841,0x0841,0x0841,0x0841,0x0862,0x1062,0x0862,
0x0862,0x0841,0x0841,0x0841,0x0021,0x0020,0x0020,0x0021,0x0021,0x0021,0x0841,0x0841,0x0861,0x0861,0x0841,0x0841,
0x0841,0x0021,0x0821,0x0841,0x0841,0x0841,0x0862,0x18C3,0x18C3,0x0841,0x0841,0x0861,0x1082,0x0841,0x0861,0x1082,
0x0861,0x1062,0x10A2,0x1082,0x1082,0x0862,0x0841,0x0861,0x0841,0x0841,0x0841,0x0821,0x0021,0x0841,0x0841,0x0021,
0x0821,0x0841,0x0861,0x0862,0x1082,0x10A2,0x1082,0x1082,0x1082,0x1082,0x1082,0x1082,0x1082,0x18C3,0x18C3,0x18C3,
0x18A3,0x18E3,0x18E3,0x2104,0x2124,0x18E3,0x1082,0x1062,0x10A2,0x10A3,0x1062,0x1082,0x18E4,0x2125,0x2124,0x2925,
0x2925,0x2925,0x2925,0x2945,0x2945,0x2945,0x2945,0x2945,0x2945,0x2945,0x2945,0x2945,0x2945,0x2104,0x0821,0x1082,
0x0861,0x0000,0x0000,0x0000,0x0000,0x0841,0x2945,0x2124,0x18C3,0x0000,0x0020,0x0000,0x0000,0x0821,0x0841,0x0861,
0x10A2,0x2945,0x1062,0x0821,0x0841,0x1082,0x18E3,0x2924,0x2945,0x0861,0x0000,0x0000,0x2925,0x2945,0x18C3,0x0841,
0x1082,0x1062,0x0000,0x0000,0x0020,0x0020,0x0000,0x0841,0x2945,0x2945,0x2945,0x0841,0x0000,0x0000,0x18C3,0x2965,
0x2945,0x2965,0x2965,0x2925,0x2124,0x2965,0x2965,0x2925,0x0861,0x0841,0x3186,0x2965,0x2945,0x2945,0x2945,0x2104,
0x0841,0x0000,0x0000,0x0020,0x0000,0x0020,0x0820,0x18A2,0x2103,0x2103,0x2903,0x2903,0x2903,0x2903,0x2903,0x2903,
0x0841,0x0861,0x0861,0x0861,0x0841,0x0841,0x0841,0x0841,0x0841,0x0841,0x18C3,0x1081,0x0862,0x0862,0x0862,0x0862,
0x0862,0x0862,0x0862,0x0862,0x0862,0x0862,0x0861,0x10A2,0x18E2,0x18E2,0x18C2,0x18C2,0x18C3,0x10A2,0x0861,0x0861,
0x0861,0x10A2,0x18C2,0x18C2,0x18C2,0x18E2,0x18E3,0x18C3,0x1082,0x0861,0x0861,0x0862,0x0862,0x0841,0x0861,0x1082,
0x18C2,0x18C2,0x18C2,0x18C2,0x18C2,0x18C2,0x1082,0x0841,0x0862,0x0862,0x0862,0x0862,0x0862,0x0862,0x0862,0x0841,
0x1082,0x18C2,0x18E2,0x18E2,0x18C2,0x18E2,0x18C3,0x10A2,0x0862,0x0841,0x0862,0x0862,0x0862,0x0862,0x1082,0x18C3,
0x18C2,0x18C2,0x18C2,0x18C2,0x18C2,0x1082,0x0861,0x0841,0x0841,0x0841,0x0841,0x0841,0x0842,0x0862,0x0862,0x0861,
0x0861,0x0862,0x0861,0x0861,0x0861,0x0841,0x0841,0x0841,0x0841,0x0841,0x0861,0x0862,0x1062,0x1062,0x1062,0x1062,
0x0862,0x1082,0x0862,0x0841,0x0841,0x0862,0x0861,0x0861,0x0841,0x0841,0x0841,0x0841,0x0841,0x0841,0x0841,0x0841,
0x0841,0x0841,0x0841,0x0841,0x0841,0x0841,0x0841,0x0841,0x0841,0x0841,0x0841,0x1082,0x1082,0x0861,0x0861,0x0861,
0x1062,0x0861,0x0841,0x0841,0x0841,0x0021,0x0020,0x0020,0x0021,0x0021,0x0021,0x0021,0x0841,0x0841,0x0861,0x0841,
0x0020,0x0020,0x0841,0x0841,0x0841,0x0841,0x0841,0x0861,0x10A2,0x1082,0x0841,0x0021,0x1082,0x0861,0x0020,0x1082,
0x0861,0x0861,0x1082,0x1082,0x1082,0x1082,0x0861,0x0841,0x0841,0x0841,0x0841,0x0841,0x0821,0x0021,0x0821,0x0841,
0x0841,0x1082,0x1082,0x1062,0x0841,0x0841,0x0861,0x1062,0x0862,0x1062,0x1062,0x1082,0x10A2,0x18C3,0x18E3,0x18E3,
0x18E3,0x10A2,0x10A2,0x18E3,0x18E3,0x2124,0x18E3,0x10A2,0x1082,0x1082,0x0861,0x1082,0x18C3,0x2125,0x2945,0x2125,
0x2925,0x2945,0x2945,0x2945,0x2945,0x2945,0x2945,0x2945,0x2945,0x2945,0x2945,0x2925,0x2925,0x2925,0x1082,0x0861,
0x1082,0x0821,0x0000,0x0000,0x0000,0x0861,0x2104,0x2124,0x0861,0x0000,0x0000,0x0000,0x0020,0x0841,0x1062,0x0841,
0x1082,0x2945,0x2104,0x20E4,0x18E3,0x18C3,0x1062,0x0841,0x18E3,0x1082,0x0000,0x0000,0x18E3,0x3166,0x2124,0x0821,
0x1062,0x1082,0x0820,0x0000,0x0020,0x0000,0x0000,0x0861,0x2945,0x2925,0x2104,0x0020,0x0020,0x0000,0x20E4,0x2965,
0x2945,0x2965,0x2965,0x2965,0x2945,0x3166,0x3186,0x18C3,0x0821,0x1082,0x2965,0x3166,0x2945,0x18C3,0x1062,0x0020,
0x0020,0x0000,0x0000,0x0000,0x0000,0x0020,0x0841,0x18C3,0x2103,0x2103,0x2903,0x2903,0x2903,0x2903,0x2903,0x2103,
0x0861,0x0861,0x0861,0x0861,0x0841,0x0841,0x0841,0x0841,0x0841,0x0841,0x18C3,0x0861,0x0842,0x0862,0x0862,0x0862,
0x0841,0x0862,0x0862,0x0862,0x0862,0x0862,0x0861,0x10A2,0x18E2,0x18C2,0x18C2,0x18C2,0x18C3,0x10A2,0x0862,0x0862,
0x0861,0x10A2,0x18C2,0x18C3,0x18C2,0x18C2,0x18C2,0x18C2,0x18C2,0x1081,0x0861,0x0861,0x0861,0x0841,0x0861,0x10A2,
0x18E2,0x18C2,0x18C2,0x18C2,0x18C3,0x18C2,0x0882,0x0842,0x0862,0x0862,0x0842,0x0862,0x0862,0x0862,0x0862,0x0862,
0x0862,0x10A2,0x18C2,0x18C2,0x18C2,0x18C2,0x18C3,0x18C3,0x1061,0x0861,0x0861,0x0861,0x0861,0x1081,0x18A2,0x18C2,
0x18C2,0x18C2,0x18C2,0x18C2,0x18C2,0x1082,0x0841,0x0841,0x0841,0x0841,0x0841,0x0841,0x0841,0x0861,0x0861,0x0861,
0x0841,0x0861,0x0841,0x0841,0x0841,0x0841,0x0841,0x0841,0x0841,0x0841,0x0862,0x0862,0x0862,0x0861,0x0862,0x1062,
0x0862,0x1082,0x1082,0x0841,0x0841,0x1082,0x0861,0x0841,0x0841,0x0841,0x0841,0x0841,0x0841,0x0841,0x0841,0x0821,
0x0841,0x0841,0x0841,0x0841,0x0841,0x0841,0x0841,0x0841,0x0841,0x0841,0x0841,0x0862,0x0862,0x0861,0x0862,0x1082,
0x1082,0x1082,0x1062,0x0861,0x0841,0x0841,0x0821,0x0020,0x0020,0x0821,0x0841,0x0021,0x0821,0x0841,0x0841,0x0841,
0x0021,0x0821,0x0821,0x0021,0x0841,0x0841,0x0841,0x0841,0x1082,0x10A2,0x10A3,0x0841,0x1082,0x0841,0x0841,0x0861,
0x0861,0x0841,0x1082,0x1082,0x1082,0x10A2,0x10A2,0x1082,0x0861,0x0841,0x0821,0x0841,0x0821,0x0020,0x0821,0x0861,
0x1062,0x1082,0x1082,0x1082,0x1082,0x1082,0x10A2,0x1082,0x10A2,0x10A2,0x1082,0x0861,0x1082,0x10A2,0x18C3,0x18E3,
0x18E3,0x18E3,0x18C3,0x10A2,0x18C3,0x2124,0x18E4,0x18E3,0x1082,0x1082,0x0861,0x0861,0x10A2,0x2124,0x2925,0x2125,
0x2925,0x2925,0x2945,0x2945,0x2945,0x2945,0x2945,0x2945,0x2945,0x2945,0x2965,0x2945,0x2945,0x2945,0x18E3,0x0841,
0x0861,0x1062,0x0020,0x0000,0x0000,0x1062,0x2124,0x18E3,0x0861,0x0000,0x0000,0x0020,0x0841,0x0841,0x0841,0x0841,
0x2104,0x2965,0x2124,0x1082,0x0861,0x0841,0x0020,0x0000,0x1082,0x18C3,0x0821,0x0000,0x1082,0x2965,0x2965,0x0841,
0x0841,0x1082,0x0841,0x0000,0x0020,0x0000,0x0000,0x10A2,0x2945,0x2945,0x18C3,0x0000,0x0020,0x0000,0x2104,0x2945,
0x2945,0x2945,0x2965,0x2965,0x2965,0x2965,0x2965,0x0861,0x0000,0x20E4,0x3166,0x2945,0x18C3,0x0020,0x0000,0x0000,
0x0000,0x0020,0x0000,0x0000,0x0020,0x0000,0x1061,0x20E3,0x2103,0x2903,0x2903,0x2903,0x2903,0x2903,0x2103,0x2103,
0x0841,0x0841,0x0861,0x0861,0x0841,0x0841,0x0841,0x0841,0x0841,0x0841,0x18C3,0x0861,0x0842,0x0862,0x0862,0x0862,
0x0841,0x0862,0x0862,0x0862,0x0862,0x0862,0x0861,0x10A2,0x18E2,0x18C2,0x18C2,0x18C2,0x18C3,0x10A2,0x0862,0x0862,
0x0861,0x0862,0x10A2,0x18C2,0x18C2,0x18A2,0x18A2,0x18C2,0x18E3,0x18E3,0x18C3,0x10C2,0x10A2,0x10A2,0x18C2,0x18E3,
0x18E2,0x18C2,0x18C2,0x18C2,0x18C2,0x10A2,0x0862,0x0862,0x0862,0x0862,0x0842,0x0842,0x0862,0x0862,0x0862,0x0862,
0x0841,0x0862,0x18A2,0x18C2,0x18C2,0x18C2,0x18C3,0x18C3,0x18C2,0x10A2,0x10A2,0x18C3,0x18E3,0x18E3,0x18C2,0x18C2,
0x18C2,0x18C2,0x18C2,0x18C2,0x10A2,0x0861,0x0841,0x0841,0x0841,0x0841,0x0841,0x0841,0x0841,0x0861,0x0861,0x0841,
0x0841,0x0841,0x0841,0x0841,0x0841,0x0841,0x0841,0x0841,0x0841,0x0861,0x0861,0x0861,0x0861,0x0861,0x0861,0x1062,
0x0862,0x1082,0x1062,0x0841,0x0861,0x1082,0x0861,0x0841,0x0841,0x0841,0x0841,0x0841,0x0841,0x0841,0x0841,0x0021,
0x0841,0x0841,0x0841,0x0841,0x0821,0x0841,0x0841,0x0841,0x0841,0x0841,0x0861,0x0861,0x0841,0x0861,0x0861,0x0862,
0x1082,0x1082,0x1082,0x0861,0x0861,0x0841,0x0841,0x0841,0x0021,0x0021,0x0841,0x0821,0x0841,0x0841,0x0841,0x0021,
0x0861,0x0841,0x0821,0x0821,0x0841,0x0841,0x0841,0x0841,0x0821,0x0841,0x10A2,0x10A2,0x0861,0x0861,0x0862,0x1062,
0x0841,0x0841,0x1082,0x0861,0x0861,0x1062,0x1082,0x1082,0x1082,0x1082,0x1062,0x0861,0x0841,0x0841,0x0862,0x1082,
0x1082,0x10A2,0x1062,0x0862,0x1062,0x1062,0x10A3,0x18C3,0x10A2,0x18A3,0x18C3,0x10A3,0x1082,0x0861,0x1082,0x18C3,
0x2104,0x2925,0x2124,0x18E3,0x18C3,0x10A2,0x18E3,0x10A2,0x18A3,0x18C3,0x0861,0x0841,0x18A3,0x2124,0x2104,0x2125,
0x2124,0x2925,0x2925,0x2945,0x2945,0x2945,0x2945,0x2945,0x2945,0x2945,0x2945,0x2945,0x2945,0x2945,0x2124,0x10A2,
0x0841,0x1082,0x0861,0x0020,0x0020,0x1062,0x2945,0x10A2,0x0000,0x0000,0x1082,0x1082,0x1082,0x18E3,0x2104,0x20E4,
0x2104,0x2945,0x2104,0x0020,0x0020,0x0000,0x0000,0x0000,0x0841,0x2124,0x0861,0x0020,0x0841,0x2104,0x2965,0x1082,
0x0841,0x1082,0x0841,0x0000,0x0020,0x0000,0x0821,0x18E3,0x2925,0x2104,0x0841,0x0020,0x0020,0x0020,0x2124,0x2945,
0x2945,0x2945,0x2945,0x2945,0x2945,0x2945,0x2124,0x0020,0x0861,0x2945,0x2945,0x2945,0x2965,0x2945,0x2945,0x2925,
0x1082,0x0861,0x0000,0x0000,0x0820,0x0020,0x18A2,0x20E3,0x2103,0x2903,0x2903,0x2903,0x2903,0x2903,0x2103,0x2103,
0x0862,0x0841,0x0861,0x0861,0x0841,0x0841,0x0841,0x0841,0x0821,0x0841,0x18C3,0x1061,0x0842,0x0862,0x0862,0x0862,
0x0841,0x0862,0x0862,0x0862,0x0862,0x0862,0x0861,0x10A2,0x20E2,0x18E2,0x18C2,0x18C2,0x18C3,0x10A2,0x0862,0x0862,
0x0862,0x0841,0x0861,0x10A2,0x18C3,0x18C2,0x18A2,0x18C2,0x18C2,0x18C2,0x18E3,0x18C2,0x18C2,0x18C2,0x18C2,0x18C2,
0x18C2,0x18C2,0x18C2,0x18C2,0x10A2,0x0861,0x0841,0x0861,0x0862,0x0861,0x0862,0x0862,0x0862,0x0862,0x0862,0x0862,
0x0841,0x1062,0x10A2,0x18C2,0x18C2,0x18C2,0x18C2,0x18C2,0x18E2,0x18C2,0x18C2,0x18C2,0x18E3,0x18E3,0x18C2,0x18C2,
0x18C2,0x18C2,0x18C3,0x18A2,0x1082,0x0841,0x0841,0x0841,0x0841,0x0841,0x0841,0x0841,0x0841,0x0861,0x0861,0x0841,
0x0841,0x0841,0x0841,0x0841,0x0841,0x0841,0x0841,0x0841,0x0861,0x0861,0x0861,0x0861,0x0861,0x0861,0x0862,0x1062,
0x0862,0x0862,0x0861,0x0862,0x1062,0x0861,0x0841,0x0841,0x0841,0x0841,0x0841,0x0841,0x0841,0x0841,0x0841,0x0021,
0x0841,0x0841,0x0841,0x0821,0x0021,0x0841,0x0841,0x0841,0x0841,0x0861,0x0861,0x0841,0x0821,0x0841,0x0841,0x0021,
0x0841,0x0841,0x0841,0x0841,0x0841,0x0841,0x0841,0x0841,0x0841,0x0841,0x0021,0x0021,0x0821,0x0841,0x0841,0x0841,
0x0861,0x0841,0x0841,0x0841,0x0841,0x0841,0x0841,0x0841,0x0841,0x0841,0x1082,0x1062,0x10A2,0x0821,0x0821,0x0861,
0x1062,0x0861,0x1082,0x0861,0x0861,0x0841,0x0841,0x0861,0x1062,0x1082,0x1082,0x0861,0x0861,0x1062,0x1082,0x1082,
0x1082,0x1082,0x1082,0x1082,0x10A2,0x18A3,0x18E3,0x20E4,0x18A3,0x1082,0x1082,0x18C3,0x18E3,0x10A2,0x1082,0x1082,
0x18E3,0x2104,0x2104,0x2104,0x2104,0x18C3,0x18E3,0x18E3,0x10A2,0x18C3,0x1082,0x0862,0x18E3,0x2124,0x2124,0x2124,
0x2925,0x2925,0x2925,0x2945,0x2945,0x2945,0x2945,0x2945,0x2965,0x2945,0x2945,0x2925,0x2945,0x2925,0x2945,0x2124,
0x18A3,0x0841,0x1062,0x0841,0x0821,0x10A2,0x2945,0x1082,0x0020,0x0000,0x2124,0x2924,0x18C3,0x1082,0x0841,0x0841,
0x10A2,0x2945,0x2104,0x0841,0x0861,0x0020,0x0000,0x0000,0x0000,0x2925,0x10A2,0x0020,0x0841,0x18A3,0x2945,0x18E3,
0x0841,0x0861,0x0841,0x0000,0x0000,0x0000,0x0861,0x2924,0x2945,0x18C3,0x0000,0x0020,0x0000,0x0000,0x2104,0x2945,
0x2945,0x2965,0x2945,0x2945,0x2945,0x2965,0x18C3,0x0000,0x1082,0x2965,0x3166,0x2965,0x2965,0x3186,0x3166,0x2965,
0x2945,0x18C3,0x0020,0x0000,0x0820,0x0821,0x20E2,0x2103,0x2103,0x2903,0x2903,0x2903,0x2903,0x2903,0x2103,0x2103,
0x0862,0x0862,0x0862,0x0861,0x0841,0x0841,0x0841,0x0841,0x0021,0x0841,0x18E3,0x1081,0x0842,0x0862,0x0862,0x0862,
0x0862,0x0862,0x0862,0x0862,0x0862,0x0862,0x0861,0x10A2,0x20E2,0x18E2,0x18C2,0x18C2,0x18C3,0x10A2,0x0862,0x0862,
0x0862,0x0862,0x0861,0x1082,0x18A2,0x18C3,0x18C2,0x18A2,0x18C2,0x18C2,0x18C2,0x18E3,0x18E3,0x18C2,0x18C2,0x18E2,
0x18C2,0x18C2,0x18C2,0x18C2,0x18C2,0x10A2,0x0862,0x0861,0x0841,0x0841,0x0862,0x0862,0x0862,0x0841,0x0841,0x0861,
0x1062,0x1082,0x18A2,0x18C2,0x18C2,0x18C2,0x18C2,0x18C2,0x18E2,0x18E2,0x18C2,0x18C2,0x18C2,0x18C2,0x18E2,0x18E2,
0x18C2,0x18C2,0x18A2,0x1082,0x0861,0x0841,0x0841,0x0841,0x0841,0x0841,0x0841,0x0841,0x0841,0x0841,0x0841,0x0841,
0x0841,0x0841,0x0841,0x0841,0x0841,0x0841,0x0841,0x0841,0x0861,0x0861,0x0841,0x0841,0x0841,0x0861,0x0861,0x0862,
0x0861,0x0862,0x0841,0x1062,0x1062,0x0841,0x0841,0x0841,0x0841,0x0841,0x0841,0x0841,0x0841,0x0841,0x0841,0x0821,
0x0841,0x0841,0x0841,0x0821,0x0821,0x0841,0x0841,0x0841,0x0861,0x0841,0x0841,0x0841,0x0841,0x0821,0x0821,0x0821,
0x0020,0x0021,0x0841,0x0841,0x0841,0x0841,0x0841,0x0841,0x0861,0x0841,0x0021,0x0841,0x0841,0x0841,0x0841,0x0841,
0x0841,0x0861,0x0861,0x0841,0x0841,0x0841,0x0841,0x0841,0x0821,0x0841,0x0021,0x0861,0x1082,0x10A2,0x0841,0x0861,
0x1062,0x0861,0x0861,0x0841,0x1062,0x0841,0x0020,0x0821,0x0841,0x0861,0x1062,0x1062,0x1082,0x10A2,0x10A2,0x10A2,
0x10A2,0x1082,0x0861,0x0841,0x1062,0x10A2,0x18E3,0x2124,0x2104,0x10A2,0x0841,0x0861,0x10A2,0x18C3,0x18C3,0x10A2,
0x18E3,0x2124,0x2104,0x10A2,0x18E3,0x2124,0x18C3,0x18E3,0x1082,0x1082,0x10A2,0x18C3,0x2104,0x2124,0x2925,0x2124,
0x2925,0x2925,0x2925,0x2925,0x2945,0x2945,0x2945,0x2945,0x2945,0x2945,0x2945,0x2925,0x2945,0x2124,0x2945,0x2945,
0x2124,0x1082,0x0841,0x0841,0x0841,0x18E3,0x2945,0x0841,0x0000,0x0020,0x2945,0x18A3,0x0841,0x0821,0x0020,0x0020,
0x1082,0x2965,0x2124,0x0821,0x1082,0x0821,0x0000,0x0020,0x0000,0x2124,0x18C3,0x0000,0x0821,0x1082,0x2945,0x2104,
0x0861,0x0841,0x0861,0x0000,0x0000,0x0820,0x10A2,0x2945,0x2104,0x1062,0x0000,0x0020,0x0020,0x0000,0x20E4,0x2945,
0x2945,0x2965,0x2965,0x2965,0x2965,0x2945,0x0861,0x0841,0x2104,0x2945,0x3166,0x3166,0x3166,0x3166,0x2945,0x2945,
0x2965,0x10A2,0x0020,0x0000,0x0020,0x1061,0x2103,0x2103,0x2903,0x2903,0x2903,0x2903,0x2903,0x2903,0x2103,0x2103,
0x0862,0x0862,0x0862,0x0862,0x0841,0x0841,0x0841,0x0841,0x0841,0x0841,0x18E3,0x1081,0x0862,0x0862,0x0862,0x0862,
0x0862,0x0862,0x0862,0x0862,0x0862,0x0862,0x0861,0x10A2,0x18E2,0x18E2,0x18C2,0x18C2,0x18C3,0x10A2,0x0861,0x0862,
0x0842,0x0862,0x0862,0x0862,0x1082,0x18C3,0x18E3,0x18E3,0x18C2,0x18C2,0x18C2,0x18C2,0x18C2,0x18C2,0x18C2,0x18E2,
0x20E2,0x18C2,0x18C2,0x18C2,0x18E2,0x18C2,0x18A2,0x1082,0x1082,0x0861,0x0861,0x0861,0x0841,0x0861,0x0861,0x1082,
0x18A2,0x18C2,0x18C2,0x18C2,0x18C2,0x18C2,0x18C2,0x18C2,0x18A2,0x18C2,0x18C2,0x20C3,0x18C3,0x18C2,0x18C2,0x18C2,
0x18C2,0x10A2,0x1082,0x0862,0x0842,0x0842,0x0861,0x0841,0x0841,0x0841,0x0841,0x0841,0x0841,0x0841,0x0841,0x0841,
0x0841,0x0841,0x0841,0x0841,0x0841,0x0841,0x0841,0x0841,0x0841,0x0841,0x0841,0x0841,0x0841,0x0861,0x0861,0x0862,
0x0841,0x0861,0x0861,0x0841,0x0841,0x0841,0x0841,0x0841,0x0841,0x0841,0x0841,0x0841,0x0841,0x0841,0x0841,0x0821,
0x0841,0x0841,0x0841,0x0821,0x0841,0x0841,0x0841,0x0841,0x0841,0x0841,0x0841,0x0861,0x1062,0x0861,0x0841,0x0821,
0x0821,0x0021,0x0821,0x0841,0x0821,0x0021,0x0841,0x0841,0x0841,0x0841,0x0841,0x0841,0x0841,0x0021,0x0021,0x0841,
0x0841,0x0861,0x0861,0x0841,0x0841,0x0841,0x0841,0x0841,0x0841,0x0841,0x0861,0x0841,0x1062,0x10A2,0x1082,0x0861,
0x0861,0x0020,0x0821,0x0821,0x0841,0x0861,0x0841,0x0841,0x0841,0x0821,0x0841,0x0861,0x1062,0x1082,0x1082,0x1082,
0x1082,0x10A2,0x18C3,0x1082,0x1082,0x1082,0x1082,0x18E3,0x2124,0x20E4,0x18A3,0x0862,0x0841,0x1082,0x18C3,0x18E3,
0x18C3,0x18E3,0x2104,0x1082,0x1082,0x2124,0x2104,0x2104,0x18C3,0x1062,0x1082,0x18E3,0x2124,0x2124,0x2124,0x2124,
0x2124,0x2124,0x2925,0x2925,0x2945,0x2945,0x2945,0x2945,0x2925,0x2945,0x2945,0x2945,0x2945,0x2925,0x2925,0x2925,
0x2124,0x2104,0x1082,0x0841,0x1082,0x2124,0x2124,0x0000,0x0020,0x0841,0x2124,0x0841,0x0000,0x0000,0x0020,0x0861,
0x1082,0x2965,0x2945,0x0841,0x1082,0x0841,0x0000,0x0000,0x0000,0x18E3,0x20E4,0x0000,0x0020,0x0841,0x2124,0x2124,
0x10A2,0x0841,0x0861,0x0000,0x0000,0x1082,0x2104,0x2925,0x1082,0x0000,0x0000,0x0000,0x0020,0x0020,0x18C3,0x2945,
0x2945,0x2945,0x2965,0x2965,0x2945,0x18C3,0x0020,0x18C3,0x2945,0x2965,0x2965,0x2965,0x2965,0x2925,0x2925,0x2945,
0x18C3,0x0821,0x0000,0x0000,0x0820,0x10A2,0x2103,0x2103,0x2903,0x2903,0x2903,0x2903,0x2903,0x2903,0x2103,0x2103,
0x0862,0x0862,0x0862,0x0862,0x0841,0x0841,0x0841,0x0841,0x0841,0x0841,0x18E3,0x1081,0x0862,0x0862,0x0862,0x0862,
0x0862,0x0862,0x0862,0x0862,0x0862,0x0862,0x0862,0x10A2,0x18E2,0x18E2,0x18C2,0x18C2,0x18C3,0x10A2,0x0861,0x0861,
0x0862,0x0862,0x0862,0x0842,0x0861,0x1082,0x18A2,0x18E3,0x18E3,0x18E2,0x18C2,0x18C2,0x18C2,0x18C2,0x18C2,0x18C2,
0x18C2,0x18C2,0x20E2,0x18E2,0x18C2,0x18C2,0x18C3,0x18C3,0x18C3,0x1082,0x0861,0x0861,0x0861,0x1082,0x18A2,0x18E3,
0x18C2,0x18C2,0x18C2,0x18C2,0x18E2,0x18E2,0x18E2,0x18C2,0x20E2,0x18C2,0x18C2,0x18C2,0x18C2,0x18C2,0x18E2,0x18C2,
0x10A2,0x1081,0x0841,0x0841,0x0842,0x0842,0x0861,0x0841,0x0841,0x0841,0x0841,0x0841,0x0841,0x0841,0x0841,0x0841,
0x0841,0x0841,0x0841,0x0821,0x0821,0x0821,0x0841,0x0841,0x0841,0x0841,0x0841,0x0861,0x0861,0x0861,0x0861,0x0862,
0x0841,0x0861,0x0862,0x0841,0x0841,0x0841,0x0841,0x0841,0x0841,0x0841,0x0821,0x0821,0x0841,0x0841,0x0841,0x0821,
0x0841,0x0841,0x0821,0x0821,0x0841,0x0841,0x0841,0x0841,0x0861,0x0841,0x0841,0x0841,0x0861,0x0861,0x0841,0x0841,
0x0841,0x0021,0x0021,0x0021,0x0021,0x0021,0x0021,0x0841,0x0021,0x0841,0x0841,0x0841,0x0021,0x0021,0x0021,0x0021,
0x0841,0x0841,0x0841,0x0862,0x0862,0x0841,0x0841,0x0841,0x0841,0x0841,0x0841,0x0841,0x0841,0x0861,0x1082,0x18C3,
0x1082,0x0821,0x0821,0x0020,0x0821,0x1082,0x1082,0x1082,0x1082,0x0841,0x0841,0x0861,0x1062,0x0861,0x0861,0x1082,
0x0841,0x0861,0x18C3,0x18C3,0x18C3,0x18C3,0x1082,0x18A3,0x18C3,0x10A2,0x18A3,0x18C3,0x0861,0x0841,0x0862,0x1082,
0x10A2,0x18E3,0x2104,0x1062,0x1082,0x18A3,0x20E4,0x2125,0x2925,0x18A3,0x0861,0x18A3,0x2104,0x2124,0x2104,0x2124,
0x2124,0x2124,0x2925,0x2945,0x2945,0x2945,0x2945,0x2945,0x2945,0x2945,0x2945,0x2945,0x2945,0x2945,0x2945,0x2945,
0x2924,0x2945,0x2124,0x1062,0x20E4,0x2945,0x20E4,0x0000,0x0000,0x1062,0x2124,0x0020,0x0020,0x0000,0x0841,0x1062,
0x1082,0x2945,0x2945,0x0020,0x1062,0x1062,0x0000,0x0000,0x0000,0x10A2,0x2104,0x0020,0x0000,0x0821,0x2104,0x2945,
0x20E3,0x0861,0x0841,0x0000,0x0820,0x18C3,0x2945,0x2104,0x0020,0x0000,0x0000,0x0020,0x0000,0x0020,0x0861,0x2104,
0x2965,0x2945,0x2965,0x2945,0x2104,0x0821,0x0000,0x2925,0x2965,0x2965,0x3166,0x2965,0x2965,0x2124,0x2925,0x3166,
0x0841,0x0000,0x0000,0x0000,0x0820,0x18C3,0x2103,0x2923,0x2923,0x2923,0x2903,0x2903,0x2903,0x2903,0x2103,0x2103,
0x0862,0x0862,0x0862,0x0862,0x0862,0x0861,0x0841,0x0841,0x0841,0x0861,0x18E3,0x1081,0x0862,0x0862,0x0862,0x0842,
0x0862,0x0862,0x0862,0x0862,0x0862,0x0862,0x0861,0x10A2,0x18C2,0x18C2,0x18C2,0x18C2,0x18C3,0x10A2,0x0862,0x0862,
0x0862,0x0862,0x0862,0x0862,0x0861,0x0862,0x0862,0x1082,0x10C3,0x18C3,0x18E3,0x18E3,0x18E2,0x18E2,0x18C2,0x20C2,
0x18E2,0x18C2,0x18C2,0x18C2,0x18C2,0x18C2,0x18C2,0x18C2,0x18C2,0x18C2,0x1082,0x0841,0x1081,0x18A2,0x18C2,0x18C2,
0x18C2,0x18C2,0x18C2,0x18C2,0x18E2,0x18E2,0x18C2,0x18C2,0x18C2,0x18C2,0x18E3,0x18C2,0x18E3,0x18C2,0x10A3,0x1082,
0x0862,0x0862,0x0841,0x0841,0x0841,0x0842,0x0841,0x0841,0x0841,0x0841,0x0841,0x0861,0x0841,0x0861,0x0841,0x0841,
0x0841,0x0841,0x0841,0x0841,0x0841,0x0841,0x0841,0x0841,0x0841,0x0841,0x0841,0x0841,0x0861,0x0841,0x0841,0x0861,
0x0862,0x0861,0x0861,0x0841,0x0841,0x0841,0x0841,0x0841,0x0821,0x0821,0x0821,0x0821,0x0841,0x0841,0x0841,0x0021,
0x0841,0x0841,0x0841,0x0021,0x0841,0x0841,0x0841,0x0841,0x0841,0x0841,0x0021,0x0841,0x0841,0x0841,0x0841,0x0841,
0x0021,0x0821,0x0841,0x0021,0x0021,0x0020,0x0020,0x0020,0x0021,0x0821,0x0821,0x0821,0x0021,0x0021,0x0821,0x0841,
0x0021,0x0841,0x0841,0x0861,0x0861,0x0841,0x0841,0x0841,0x0841,0x0841,0x0841,0x0841,0x0841,0x0841,0x0862,0x10A3,
0x18C3,0x0862,0x0020,0x0821,0x0841,0x1082,0x1082,0x18A3,0x18C3,0x18C3,0x1082,0x1082,0x1062,0x0861,0x0861,0x0861,
0x10A2,0x0861,0x1082,0x18C3,0x18A3,0x18A3,0x18E3,0x18E3,0x18E3,0x18C3,0x1082,0x18C3,0x18C3,0x0841,0x0841,0x0861,
0x1062,0x18C3,0x2124,0x1082,0x0861,0x10A2,0x10A2,0x18E3,0x2945,0x2104,0x1082,0x10A2,0x2104,0x2104,0x2925,0x2104,
0x2124,0x2124,0x2925,0x2945,0x2945,0x2945,0x2945,0x2945,0x2945,0x2945,0x2945,0x2945,0x2945,0x2945,0x2945,0x2945,
0x2945,0x2925,0x2925,0x2104,0x2925,0x2945,0x18C3,0x0020,0x0000,0x18C3,0x18E3,0x0020,0x0000,0x0020,0x0841,0x1062,
0x1082,0x2945,0x2965,0x0821,0x0861,0x1082,0x0000,0x0000,0x0000,0x1062,0x20E4,0x0841,0x0000,0x0020,0x18E3,0x2945,
0x2124,0x0841,0x0841,0x0000,0x0841,0x2924,0x2945,0x10A2,0x0000,0x0000,0x0000,0x0000,0x0000,0x0020,0x0020,0x10A2,
0x2945,0x2945,0x2945,0x2965,0x1082,0x0821,0x0821,0x2966,0x2965,0x2945,0x2965,0x2966,0x2925,0x2925,0x2945,0x20E4,
0x0020,0x0000,0x0000,0x0020,0x0841,0x20E3,0x2103,0x2903,0x2923,0x2923,0x2903,0x2903,0x2903,0x2103,0x2103,0x2103,
0x0862,0x0862,0x0882,0x0862,0x0862,0x0862,0x0862,0x0862,0x0861,0x0862,0x18E3,0x1081,0x0862,0x0862,0x0862,0x0842,
0x0862,0x0862,0x0862,0x0862,0x0862,0x0862,0x0861,0x10A2,0x18E2,0x18E2,0x18C2,0x18C2,0x18C3,0x10A2,0x0862,0x0862,
0x0862,0x0862,0x0862,0x0862,0x0861,0x0861,0x0862,0x0862,0x0862,0x0862,0x1081,0x10A2,0x18C2,0x20E2,0x18C2,0x18C2,
0x18C2,0x18C2,0x18C2,0x18C2,0x18C2,0x18C2,0x18C2,0x18E2,0x18C2,0x18E2,0x18A2,0x10A2,0x18C2,0x18C3,0x18C2,0x18C2,
0x18C2,0x18C2,0x18E2,0x18C2,0x18C2,0x18C2,0x18C2,0x18C2,0x18C2,0x18C2,0x18C2,0x10A2,0x1082,0x0861,0x0861,0x0861,
0x0862,0x0862,0x0862,0x0841,0x0842,0x0842,0x0841,0x0841,0x0841,0x0841,0x0841,0x0861,0x0841,0x0861,0x0841,0x0841,
0x0841,0x0841,0x0841,0x0841,0x0841,0x0841,0x0841,0x0841,0x0841,0x0841,0x0841,0x0841,0x0861,0x0861,0x0861,0x0862,
0x0862,0x0862,0x0861,0x0841,0x0841,0x0841,0x0841,0x0841,0x0841,0x0841,0x0841,0x0821,0x0841,0x0841,0x0841,0x0821,
0x0021,0x0841,0x0821,0x0021,0x0821,0x0841,0x0841,0x0841,0x0841,0x0841,0x0841,0x0821,0x0021,0x0021,0x0021,0x0021,
0x0021,0x0821,0x0821,0x0021,0x0021,0x0020,0x0020,0x0020,0x0020,0x0021,0x0821,0x0021,0x0021,0x0021,0x0821,0x0821,
0x0021,0x0841,0x0841,0x0841,0x0841,0x0841,0x0841,0x0841,0x0841,0x0841,0x0841,0x0841,0x0841,0x0841,0x0841,0x1082,
0x10A2,0x18C3,0x0861,0x0020,0x0841,0x1062,0x0861,0x0861,0x18C3,0x18E3,0x18A3,0x18A3,0x18C3,0x10A2,0x0862,0x0861,
0x0861,0x10A2,0x1062,0x1082,0x10A2,0x1082,0x1062,0x10A2,0x18C3,0x18E3,0x1082,0x0861,0x18A3,0x10A2,0x0841,0x0841,
0x0861,0x1082,0x2104,0x18A3,0x1062,0x1082,0x0861,0x0861,0x18C3,0x2125,0x18E4,0x18A3,0x2104,0x2104,0x2104,0x2104,
0x2124,0x2124,0x2124,0x2925,0x2945,0x2925,0x2945,0x2945,0x2945,0x2945,0x2945,0x2945,0x2945,0x2945,0x2945,0x2945,
0x2945,0x2925,0x2945,0x2104,0x2945,0x2124,0x1082,0x0000,0x0020,0x2104,0x10A2,0x0000,0x0020,0x0020,0x0861,0x0861,
0x1082,0x2945,0x2965,0x0841,0x0861,0x1082,0x0000,0x0000,0x0000,0x0841,0x18C3,0x0841,0x0000,0x0020,0x18E3,0x2945,
0x2925,0x1062,0x0020,0x0841,0x18E3,0x2924,0x20E3,0x0820,0x0000,0x0020,0x0000,0x0020,0x0000,0x0000,0x0000,0x0820,
0x18E3,0x2945,0x2965,0x20E4,0x0020,0x0000,0x18E3,0x2945,0x2965,0x3166,0x2965,0x2945,0x2945,0x2965,0x2104,0x0841,
0x0020,0x0000,0x0820,0x0820,0x18A2,0x20E3,0x2923,0x2923,0x2923,0x2923,0x2923,0x2903,0x2903,0x2103,0x2103,0x2103,
0x0862,0x0862,0x0862,0x0862,0x0862,0x0862,0x0862,0x0862,0x0861,0x0862,0x20E3,0x1081,0x0862,0x0862,0x0862,0x0862,
0x0842,0x0842,0x0862,0x0862,0x0862,0x0862,0x0861,0x10A2,0x20E2,0x18E2,0x18C2,0x18C2,0x18C3,0x10A2,0x0862,0x0862,
0x0862,0x0862,0x0862,0x0862,0x0862,0x0862,0x0862,0x0862,0x0882,0x0862,0x0861,0x1082,0x18E3,0x20E3,0x18C3,0x18C2,
0x18C2,0x18C2,0x18C2,0x18C3,0x18E3,0x18E3,0x18E2,0x18E2,0x18E2,0x20E2,0x18C2,0x18C2,0x18C2,0x18C2,0x18C2,0x18E2,
0x18E2,0x18E2,0x18E2,0x18C2,0x18A2,0x18C2,0x18C2,0x18C2,0x18C2,0x18C2,0x18C3,0x1082,0x0861,0x0841,0x0862,0x0862,
0x0861,0x0861,0x0862,0x0841,0x0842,0x0841,0x0841,0x0841,0x0841,0x0841,0x0841,0x0861,0x0841,0x0841,0x0841,0x0841,
0x0841,0x0841,0x0841,0x0841,0x0841,0x0841,0x0841,0x0861,0x0861,0x0841,0x0841,0x0841,0x0861,0x0861,0x0861,0x0862,
0x0862,0x0862,0x0861,0x0841,0x0841,0x0841,0x0841,0x0841,0x0841,0x0841,0x0841,0x0841,0x0841,0x0841,0x0841,0x0021,
0x0021,0x0021,0x0020,0x0021,0x0841,0x0841,0x0841,0x0841,0x0841,0x0862,0x0862,0x0841,0x0020,0x0020,0x0021,0x0021,
0x0021,0x0021,0x0821,0x0821,0x0821,0x0020,0x0020,0x0020,0x0020,0x0020,0x0020,0x0020,0x0020,0x0021,0x0821,0x0841,
0x0841,0x0841,0x0841,0x0841,0x0841,0x0841,0x0841,0x0841,0x0841,0x0841,0x0841,0x0841,0x0841,0x0841,0x0841,0x0841,
0x1062,0x18C3,0x18E3,0x18C3,0x0841,0x0841,0x0862,0x1082,0x18E3,0x18E3,0x10A2,0x10A2,0x18E3,0x18C3,0x10A2,0x10A2,
0x0841,0x10A2,0x1082,0x1062,0x18C3,0x18A3,0x1062,0x10A2,0x10A2,0x20E4,0x18C3,0x0841,0x1082,0x20E4,0x1082,0x1062,
0x1082,0x0841,0x18C3,0x18E3,0x1082,0x10A2,0x1082,0x0841,0x0862,0x2104,0x2125,0x18C3,0x20E4,0x2104,0x2104,0x2124,
0x2124,0x2124,0x2124,0x2925,0x2945,0x2945,0x2945,0x2945,0x2945,0x2945,0x2945,0x2945,0x2945,0x2945,0x2945,0x2945,
0x2945,0x2925,0x2945,0x2925,0x2945,0x2104,0x0841,0x0000,0x0841,0x2925,0x0861,0x0000,0x0020,0x0020,0x1082,0x0861,
0x1082,0x2945,0x3165,0x0841,0x1062,0x1082,0x0000,0x0000,0x0000,0x0841,0x18C3,0x0841,0x0000,0x0020,0x18E3,0x2124,
0x2124,0x18C3,0x0020,0x18E3,0x2925,0x2104,0x0841,0x0000,0x0000,0x0020,0x0000,0x0000,0x0000,0x0000,0x0020,0x0000,
0x0861,0x2124,0x2925,0x0861,0x0000,0x0861,0x2945,0x2965,0x3166,0x2965,0x2945,0x2945,0x2945,0x18E3,0x0861,0x0000,
0x0020,0x0000,0x0820,0x1061,0x2103,0x2103,0x2923,0x2923,0x2923,0x2923,0x2923,0x2903,0x2903,0x2103,0x2103,0x2103,
0x0862,0x0862,0x0862,0x0862,0x0862,0x0862,0x0862,0x0862,0x0861,0x0862,0x2103,0x1082,0x0862,0x0862,0x0862,0x0862,
0x0862,0x0842,0x0862,0x0862,0x0862,0x0862,0x0861,0x10A2,0x18E2,0x18C2,0x18C2,0x18C2,0x18C3,0x10A2,0x0862,0x0862,
0x0862,0x0862,0x0862,0x0862,0x0862,0x0862,0x0862,0x0862,0x0862,0x0862,0x0861,0x10A2,0x20E3,0x20E3,0x18E3,0x20E3,
0x20E3,0x18E2,0x18A2,0x10A2,0x18A2,0x18C3,0x20E3,0x18E2,0x20E2,0x18E2,0x18C2,0x18C2,0x18C2,0x18C2,0x18C2,0x20E2,
0x18E2,0x18C2,0x10A2,0x1081,0x1081,0x18C2,0x18E2,0x18C2,0x18C2,0x18C2,0x18A2,0x1081,0x0841,0x0841,0x0862,0x0862,
0x0861,0x0861,0x0861,0x0841,0x0841,0x0841,0x0841,0x0841,0x0841,0x0841,0x0841,0x0841,0x0841,0x0841,0x0841,0x0841,
0x0841,0x0841,0x0841,0x0841,0x0841,0x0841,0x0841,0x0861,0x0861,0x0861,0x0841,0x0841,0x0841,0x0841,0x0861,0x0861,
0x0861,0x0861,0x0861,0x0841,0x0841,0x0841,0x0841,0x0841,0x0841,0x0841,0x0841,0x0841,0x0821,0x0821,0x0021,0x0021,
0x0021,0x0020,0x0020,0x0020,0x0841,0x0841,0x0841,0x0841,0x0841,0x0861,0x0862,0x0841,0x0021,0x0021,0x0021,0x0021,
0x0021,0x0021,0x0020,0x0021,0x0021,0x0020,0x0020,0x0020,0x0020,0x0020,0x0020,0x0000,0x0020,0x0021,0x0841,0x0841,
0x0841,0x0841,0x0841,0x0841,0x0841,0x0841,0x0841,0x0841,0x0841,0x0841,0x0841,0x0821,0x0841,0x0841,0x0841,0x0841,
0x0841,0x1082,0x10A2,0x10A2,0x1082,0x0841,0x0821,0x0861,0x10A2,0x10A2,0x1082,0x1082,0x18C3,0x18C3,0x10A2,0x1082,
0x1082,0x0841,0x10A2,0x1082,0x18A3,0x18C3,0x1082,0x1062,0x1082,0x18C3,0x18E3,0x1082,0x1062,0x18E3,0x20E4,0x18C3,
0x1082,0x0861,0x1082,0x2104,0x10A2,0x10A2,0x1082,0x0841,0x0841,0x10A2,0x2104,0x18E4,0x20E4,0x2104,0x2124,0x2104,
0x2124,0x2124,0x2925,0x2925,0x2945,0x2945,0x2945,0x2945,0x2945,0x2945,0x2945,0x2945,0x2945,0x2945,0x2945,0x2945,
0x2945,0x2945,0x2945,0x2925,0x2945,0x2104,0x0020,0x0000,0x0861,0x2945,0x0020,0x0000,0x0020,0x0821,0x1082,0x0861,
0x1062,0x2945,0x2965,0x0861,0x0861,0x1082,0x0020,0x0000,0x0020,0x0821,0x10A2,0x0861,0x0000,0x0000,0x18E3,0x2124,
0x2945,0x18E3,0x1062,0x2124,0x2945,0x10A2,0x0020,0x0000,0x0000,0x0020,0x0000,0x0020,0x0020,0x0000,0x0020,0x0000,
0x0020,0x18C3,0x18C3,0x0821,0x0841,0x18C3,0x2925,0x3166,0x2945,0x2965,0x2945,0x2945,0x2104,0x0861,0x0000,0x0020,
0x0020,0x0000,0x0000,0x18A2,0x2103,0x2103,0x2903,0x2923,0x2923,0x2923,0x2923,0x2903,0x2903,0x2103,0x2103,0x2103,
0x0862,0x0862,0x0862,0x0862,0x0862,0x0862,0x0862,0x0862,0x0861,0x0862,0x2103,0x1082,0x0862,0x0862,0x0862,0x0862,
0x0862,0x0862,0x0862,0x0862,0x0862,0x0862,0x0861,0x10A2,0x20E2,0x18E2,0x18C2,0x18C2,0x18E3,0x10A2,0x0862,0x0862,
0x0862,0x0862,0x0862,0x0862,0x0862,0x0862,0x0862,0x0862,0x0862,0x0862,0x0861,0x10A2,0x18E3,0x18E2,0x20E2,0x20E3,
0x2103,0x18C2,0x0862,0x0861,0x0862,0x1082,0x18A2,0x18E3,0x18E2,0x18C2,0x18C2,0x20E2,0x18C2,0x18C2,0x18C2,0x18C2,
0x10A3,0x10A2,0x0862,0x0861,0x0861,0x10A2,0x18E2,0x18C2,0x18C2,0x18C2,0x18C3,0x10A2,0x0862,0x0842,0x0862,0x0862,
0x0862,0x0862,0x0862,0x0862,0x0842,0x0842,0x0841,0x0841,0x0841,0x0841,0x0841,0x0841,0x0841,0x0841,0x0841,0x0841,
0x0841,0x0841,0x0841,0x0841,0x0841,0x0841,0x0841,0x0841,0x0861,0x0861,0x0861,0x0861,0x0841,0x0841,0x0841,0x0841,
0x0861,0x0861,0x0861,0x0841,0x0841,0x0841,0x0841,0x0841,0x0841,0x0861,0x0841,0x0841,0x0841,0x0841,0x0821,0x0021,
0x0020,0x0020,0x0020,0x0020,0x0841,0x0841,0x0841,0x0841,0x0841,0x0821,0x0821,0x0021,0x0021,0x0021,0x0021,0x0021,
0x0020,0x0020,0x0020,0x0020,0x0020,0x0020,0x0020,0x0020,0x0020,0x0020,0x0020,0x0020,0x0020,0x0821,0x0841,0x0841,
0x0841,0x0841,0x0841,0x0841,0x0841,0x0841,0x0841,0x0841,0x0841,0x0841,0x0841,0x0821,0x0021,0x0841,0x0841,0x0841,
0x0861,0x0862,0x1062,0x1082,0x18A3,0x10A2,0x0862,0x0841,0x0861,0x0841,0x0841,0x0861,0x1062,0x1082,0x10A2,0x10A2,
0x18C3,0x0841,0x10A2,0x10A2,0x0861,0x10A2,0x10A2,0x0861,0x1062,0x1082,0x18C3,0x18C3,0x1082,0x10A2,0x2104,0x2104,
0x18C3,0x18A3,0x10A2,0x2124,0x2104,0x18C3,0x10A2,0x0841,0x0861,0x0861,0x18C3,0x18E3,0x2104,0x2104,0x2104,0x2104,
0x2124,0x2124,0x2925,0x2925,0x2925,0x2945,0x2945,0x2945,0x2945,0x2945,0x2945,0x2945,0x2945,0x2945,0x2945,0x2945,
0x2945,0x2945,0x2945,0x2945,0x2945,0x18E3,0x0020,0x0020,0x1082,0x2124,0x0020,0x0000,0x0020,0x0841,0x1082,0x0861,
0x0861,0x2924,0x2965,0x0861,0x0861,0x1082,0x0020,0x0000,0x0000,0x0020,0x1082,0x0861,0x0000,0x0000,0x18E3,0x2124,
0x2925,0x2104,0x2104,0x2924,0x18C3,0x0020,0x0000,0x0020,0x0000,0x0000,0x0000,0x0020,0x0000,0x0000,0x0000,0x0000,
0x0020,0x0020,0x0021,0x0000,0x1082,0x3166,0x2965,0x2965,0x2965,0x2925,0x18C3,0x1082,0x0020,0x0000,0x0000,0x0020,
0x0020,0x0000,0x0820,0x20E3,0x2103,0x2923,0x2923,0x2923,0x2923,0x2923,0x2903,0x2903,0x2903,0x2903,0x2103,0x2103,
0x0862,0x0862,0x0862,0x0862,0x0862,0x0862,0x0862,0x0862,0x0861,0x0862,0x2103,0x1082,0x0862,0x0862,0x0862,0x0862,
0x0862,0x0862,0x0862,0x0862,0x0862,0x0862,0x0862,0x10A3,0x20E3,0x20E2,0x20E2,0x20E2,0x18E3,0x18A2,0x0862,0x0862,
0x0862,0x0862,0x0862,0x0862,0x0862,0x0862,0x0862,0x0862,0x0862,0x0862,0x0861,0x18C3,0x18E2,0x18E2,0x18E2,0x20E2,
0x18E3,0x1082,0x0861,0x0862,0x0862,0x0841,0x1082,0x18C3,0x18E2,0x18C2,0x18C2,0x20E2,0x18C2,0x20E2,0x18E2,0x18C2,
0x0862,0x0861,0x0861,0x0861,0x0841,0x1082,0x18E2,0x18E2,0x18C2,0x18C2,0x18E3,0x18C3,0x0862,0x0842,0x0862,0x0862,
0x0862,0x0862,0x0862,0x0862,0x0842,0x0842,0x0842,0x0841,0x0841,0x0841,0x0841,0x0841,0x0841,0x0841,0x0841,0x0841,
0x0841,0x0841,0x0841,0x0841,0x0841,0x0841,0x0841,0x0841,0x0841,0x0841,0x0861,0x0841,0x0841,0x0841,0x0841,0x0841,
0x0861,0x0861,0x0861,0x0861,0x0841,0x0841,0x0841,0x0841,0x0841,0x0841,0x0861,0x0841,0x0841,0x0841,0x0021,0x0021,
0x0020,0x0021,0x0020,0x0020,0x0020,0x0020,0x0821,0x0841,0x0841,0x0821,0x0020,0x0020,0x0021,0x0021,0x0021,0x0021,
0x0021,0x0021,0x0020,0x0020,0x0020,0x0020,0x0020,0x0020,0x0020,0x0020,0x0020,0x0821,0x0841,0x0841,0x0841,0x0821,
0x0841,0x0841,0x0841,0x0841,0x0821,0x0821,0x0841,0x0841,0x0841,0x0821,0x0821,0x0841,0x0821,0x0021,0x0841,0x0861,
0x0841,0x0821,0x0861,0x1082,0x1082,0x10A2,0x18C3,0x1062,0x0821,0x0020,0x0821,0x0841,0x0821,0x0841,0x10A2,0x18C3,
0x1082,0x1082,0x1082,0x18C3,0x0861,0x10A2,0x18C3,0x0861,0x0861,0x0861,0x1082,0x18C3,0x10A2,0x1082,0x18C3,0x2104,
0x2104,0x18E3,0x18A3,0x18E3,0x2124,0x18C3,0x18E3,0x1082,0x0841,0x0841,0x1082,0x10A3,0x2104,0x2104,0x2104,0x2124,
0x2104,0x2124,0x2124,0x2124,0x2925,0x2945,0x2945,0x2945,0x2945,0x2945,0x2945,0x2945,0x2945,0x2945,0x2945,0x2945,
0x2945,0x2945,0x2945,0x2945,0x2925,0x18A3,0x0000,0x0020,0x18C3,0x18E3,0x0020,0x0020,0x0000,0x0841,0x1082,0x0861,
0x0861,0x2124,0x2965,0x1062,0x0841,0x1082,0x0020,0x0000,0x0000,0x0020,0x1082,0x0841,0x0000,0x0020,0x18C3,0x2104,
0x2124,0x2924,0x2124,0x18E3,0x0841,0x0000,0x0020,0x0000,0x0020,0x0000,0x0000,0x0000,0x0000,0x0020,0x0861,0x1082,
0x18C3,0x2104,0x18C3,0x0821,0x0861,0x10A2,0x1082,0x1082,0x0861,0x0841,0x0000,0x0020,0x0000,0x0000,0x0020,0x0000,
0x0000,0x0000,0x1081,0x2103,0x2103,0x2103,0x2923,0x2903,0x2903,0x2903,0x2903,0x2903,0x2903,0x2903,0x2903,0x2903,
0x0862,0x0862,0x0862,0x0862,0x0862,0x0862,0x0862,0x0862,0x0861,0x0861,0x18E3,0x1082,0x0862,0x0862,0x0862,0x0862,
0x0862,0x0862,0x0862,0x0862,0x0862,0x0862,0x0861,0x10A3,0x2103,0x20E2,0x20E3,0x20E3,0x20E3,0x18C2,0x0862,0x0862,
0x0862,0x0862,0x0862,0x0862,0x0862,0x0862,0x0862,0x0862,0x0862,0x0862,0x0841,0x18C3,0x18E2,0x20E3,0x20E2,0x18C2,
0x18E3,0x0881,0x0862,0x0862,0x0862,0x0862,0x0861,0x10A3,0x18E2,0x18E2,0x18E2,0x18C2,0x18C2,0x18E3,0x18E3,0x18A2,
0x0842,0x0862,0x0862,0x0862,0x0841,0x0862,0x18E2,0x18E2,0x18C2,0x18C2,0x18E2,0x18C2,0x0862,0x0841,0x0862,0x0862,
0x0862,0x0862,0x0862,0x0862,0x0862,0x0862,0x0861,0x0861,0x0861,0x0862,0x0861,0x0841,0x0841,0x0841,0x0861,0x0841,
0x0841,0x0841,0x0841,0x0841,0x0841,0x0841,0x0841,0x0841,0x0841,0x0841,0x0841,0x0841,0x0841,0x0841,0x0841,0x0841,
0x0861,0x0841,0x0841,0x0841,0x0841,0x0841,0x0841,0x0841,0x0841,0x0841,0x0841,0x0841,0x0841,0x0021,0x0020,0x0020,
0x0020,0x0020,0x0021,0x0020,0x0020,0x0020,0x0021,0x0841,0x0861,0x0841,0x0021,0x0021,0x0821,0x0021,0x0020,0x0020,
0x0821,0x0821,0x0821,0x0021,0x0020,0x0020,0x0020,0x0021,0x0020,0x0020,0x0020,0x0821,0x0841,0x0841,0x0841,0x0841,
0x0841,0x0841,0x0841,0x0841,0x0841,0x0841,0x0841,0x0841,0x0841,0x0021,0x0841,0x0841,0x0841,0x0841,0x0841,0x0841,
0x0821,0x0841,0x0821,0x0841,0x1082,0x10A2,0x18A3,0x18C3,0x0841,0x0841,0x0841,0x0841,0x0841,0x0841,0x1062,0x1082,
0x1082,0x10A3,0x0861,0x10A2,0x0861,0x1062,0x18C3,0x0821,0x0841,0x0841,0x0861,0x1082,0x10A2,0x1062,0x1082,0x18A3,
0x2124,0x2104,0x18E3,0x18A3,0x18E4,0x18E3,0x20E4,0x18C3,0x0861,0x0841,0x1062,0x18C3,0x2104,0x2104,0x2104,0x2124,
0x2104,0x2124,0x2124,0x2124,0x2925,0x2945,0x2945,0x2945,0x2945,0x2945,0x2945,0x2945,0x2945,0x2945,0x2945,0x2945,
0x2945,0x2945,0x2945,0x2945,0x2124,0x0861,0x0000,0x0841,0x2104,0x10A2,0x0000,0x0020,0x0000,0x0841,0x1082,0x0841,
0x0861,0x2124,0x2965,0x1062,0x0841,0x1082,0x0821,0x0000,0x0000,0x0821,0x0861,0x0821,0x0000,0x0821,0x18E3,0x2104,
0x2104,0x2924,0x2104,0x0861,0x0020,0x0000,0x0820,0x0020,0x0000,0x0841,0x0841,0x0020,0x0000,0x0020,0x18C3,0x2104,
0x2104,0x2945,0x2104,0x0841,0x0820,0x0020,0x0000,0x0000,0x0000,0x0020,0x0000,0x0000,0x0000,0x0020,0x0020,0x0000,
0x0000,0x0821,0x18C2,0x2103,0x2103,0x2103,0x2923,0x2903,0x2903,0x2903,0x2903,0x2103,0x2903,0x2903,0x2903,0x2903,
0x0862,0x0862,0x0862,0x0862,0x0862,0x0862,0x0862,0x0862,0x0861,0x0861,0x18E3,0x1081,0x0862,0x0862,0x0862,0x0862,
0x0861,0x0861,0x0862,0x0862,0x0862,0x0862,0x0861,0x10A3,0x2103,0x20E2,0x20E3,0x20E3,0x18E3,0x18C2,0x0862,0x0862,
0x0862,0x0862,0x0862,0x0862,0x0862,0x0862,0x0862,0x0862,0x0862,0x0862,0x0861,0x2103,0x18E2,0x20E3,0x20E2,0x18C2,
0x18E3,0x0881,0x0862,0x0841,0x0862,0x0862,0x0841,0x1082,0x18C2,0x18C2,0x20E2,0x18C2,0x18C2,0x18E2,0x18C2,0x1081,
0x0842,0x0842,0x0842,0x0862,0x0841,0x0862,0x18E2,0x18E2,0x18E2,0x18C2,0x18E2,0x18E2,0x0862,0x0861,0x0862,0x0862,
0x0862,0x0862,0x0862,0x0842,0x0862,0x0862,0x0861,0x0861,0x0861,0x0882,0x1082,0x0841,0x0841,0x0841,0x0861,0x0841,
0x0841,0x0841,0x0841,0x0841,0x0841,0x0841,0x0841,0x0841,0x0841,0x0841,0x0841,0x0841,0x0841,0x0841,0x0841,0x0841,
0x0841,0x0841,0x0841,0x0841,0x0841,0x0841,0x0841,0x0841,0x0841,0x0841,0x0841,0x0841,0x0841,0x0821,0x0021,0x0020,
0x0020,0x0020,0x0020,0x0020,0x0021,0x0020,0x0020,0x0821,0x0841,0x0821,0x0821,0x0821,0x0821,0x0021,0x0020,0x0021,
0x0020,0x0020,0x0020,0x0020,0x0020,0x0020,0x0020,0x0020,0x0020,0x0020,0x0020,0x0020,0x0821,0x0841,0x0841,0x0841,
0x0841,0x0841,0x0841,0x0841,0x0841,0x0841,0x0841,0x0821,0x0021,0x0841,0x0841,0x0841,0x0841,0x0862,0x0862,0x0821,
0x0821,0x0020,0x0841,0x0821,0x0841,0x1062,0x18C3,0x10A2,0x18C3,0x1082,0x0841,0x0841,0x0841,0x0821,0x0841,0x1082,
0x18C3,0x1082,0x0841,0x0861,0x0862,0x0841,0x18C3,0x0841,0x0841,0x0841,0x0841,0x0861,0x0862,0x1082,0x1082,0x1082,
0x1082,0x18C3,0x18E3,0x10A2,0x10A2,0x20E4,0x18C3,0x18E3,0x1082,0x0841,0x1082,0x18E3,0x2104,0x2104,0x2124,0x2104,
0x2124,0x2124,0x2124,0x2124,0x2124,0x2925,0x2925,0x2925,0x2925,0x2945,0x2945,0x2945,0x2945,0x2945,0x2945,0x2965,
0x2965,0x2945,0x2945,0x2945,0x2104,0x0821,0x0020,0x1082,0x2124,0x1062,0x0000,0x0020,0x0000,0x0841,0x1082,0x0841,
0x0861,0x2124,0x2965,0x1082,0x0841,0x1082,0x0821,0x0020,0x0000,0x0821,0x0841,0x0000,0x0000,0x0841,0x2104,0x2945,
0x2925,0x2925,0x1062,0x0000,0x0020,0x0020,0x0000,0x0000,0x0841,0x20E4,0x2924,0x20E4,0x1082,0x1062,0x2124,0x2925,
0x2945,0x2945,0x2945,0x10A2,0x0000,0x0000,0x0000,0x0000,0x0000,0x0020,0x0000,0x0020,0x0020,0x0000,0x0000,0x0020,
0x0820,0x1061,0x20E3,0x20E3,0x2103,0x2923,0x2903,0x2903,0x2903,0x2903,0x2103,0x2103,0x2903,0x2903,0x2903,0x2923,
0x0862,0x0862,0x0862,0x0862,0x0862,0x0862,0x0862,0x0861,0x0861,0x0861,0x18E3,0x1082,0x0862,0x0862,0x0862,0x0862,
0x0861,0x0861,0x0862,0x0862,0x0862,0x0862,0x0861,0x10A2,0x20E2,0x20E2,0x20E2,0x20E3,0x20E3,0x18C2,0x0862,0x0862,
0x0862,0x0862,0x0862,0x0862,0x0862,0x0862,0x0862,0x0862,0x0862,0x0862,0x0861,0x18E3,0x18E3,0x2103,0x18E2,0x18E2,
0x18E3,0x0861,0x0861,0x0862,0x0862,0x0862,0x0861,0x0882,0x10A2,0x18E3,0x20E3,0x18C2,0x18C3,0x18C3,0x18C2,0x0861,
0x0862,0x0862,0x0841,0x0862,0x0841,0x0862,0x18C2,0x18C2,0x18C3,0x18C2,0x18E3,0x18E3,0x0862,0x0841,0x0862,0x0862,
0x0842,0x0862,0x0862,0x0842,0x0841,0x0841,0x0841,0x0841,0x0841,0x0862,0x10A2,0x0862,0x0821,0x0841,0x0841,0x0841,
0x0841,0x0841,0x0841,0x0841,0x0841,0x0841,0x0841,0x0841,0x0841,0x0841,0x0841,0x0841,0x0841,0x0841,0x0841,0x0841,
0x0841,0x0841,0x0841,0x0841,0x0841,0x0841,0x0841,0x0841,0x0841,0x0841,0x0821,0x0821,0x0021,0x0021,0x0020,0x0020,
0x0020,0x0020,0x0021,0x0020,0x0020,0x0020,0x0021,0x0021,0x0021,0x0020,0x0020,0x0021,0x0021,0x0021,0x0020,0x0021,
0x0020,0x0020,0x0020,0x0020,0x0020,0x0020,0x0020,0x0020,0x0020,0x0020,0x0020,0x0020,0x0020,0x0821,0x0841,0x0841,
0x0841,0x0841,0x0841,0x0841,0x0841,0x0841,0x0841,0x0841,0x0021,0x0841,0x0841,0x0841,0x0841,0x0861,0x0841,0x0821,
0x0841,0x0821,0x0821,0x0841,0x0841,0x0841,0x1062,0x10A2,0x10A2,0x18C3,0x18E3,0x1082,0x0841,0x0821,0x0821,0x1062,
0x18C3,0x1062,0x0021,0x0841,0x1082,0x0841,0x18A3,0x0841,0x0841,0x0821,0x0841,0x0841,0x0861,0x1062,0x1082,0x1062,
0x0841,0x0861,0x1082,0x1082,0x1082,0x18C3,0x18E3,0x18E3,0x18C3,0x1082,0x18E3,0x2104,0x20E4,0x2104,0x2104,0x2104,
0x2124,0x2124,0x2124,0x2925,0x2925,0x2925,0x2925,0x2945,0x2945,0x2945,0x2945,0x2945,0x2945,0x2945,0x2945,0x2965,
0x2965,0x2945,0x2965,0x2965,0x18C3,0x0000,0x0821,0x18C3,0x2945,0x0821,0x0020,0x0000,0x0000,0x0841,0x1082,0x0841,
0x0861,0x2124,0x2965,0x1082,0x0841,0x1082,0x0841,0x0000,0x0000,0x0020,0x0020,0x0000,0x0020,0x1082,0x2124,0x2124,
0x2925,0x18A3,0x0020,0x0020,0x0020,0x0000,0x0000,0x0000,0x18C3,0x2124,0x2124,0x2124,0x18E3,0x18A3,0x2945,0x2945,
0x2945,0x2945,0x2945,0x20E4,0x0000,0x0020,0x0000,0x0000,0x0000,0x0000,0x0020,0x0000,0x0000,0x0000,0x0000,0x0000,
0x0841,0x18C2,0x2103,0x2103,0x2903,0x2903,0x2903,0x2903,0x2903,0x2103,0x2903,0x2903,0x2903,0x2903,0x2903,0x2903,
0x0862,0x0862,0x0862,0x0862,0x0862,0x0862,0x0862,0x0861,0x0861,0x0861,0x18E3,0x1082,0x0862,0x0862,0x0862,0x0862,
0x0861,0x0861,0x0862,0x0862,0x0862,0x0862,0x0861,0x10A2,0x20E2,0x20E2,0x20E3,0x20E3,0x18E3,0x10A2,0x0862,0x0862,
0x0862,0x0862,0x0862,0x0862,0x0862,0x0862,0x0862,0x0862,0x0862,0x0862,0x1082,0x18C3,0x18E3,0x2103,0x20E2,0x20E2,
0x18C3,0x0861,0x0861,0x0862,0x0862,0x0862,0x0861,0x0861,0x10A2,0x18C3,0x18E3,0x18C2,0x18C3,0x18C3,0x18A2,0x1061,
0x0841,0x0841,0x0841,0x0862,0x0841,0x0862,0x18C2,0x18C2,0x18C3,0x18C2,0x18C2,0x18C2,0x1062,0x0862,0x0862,0x0842,
0x0841,0x0841,0x0841,0x0841,0x0842,0x0842,0x0841,0x0841,0x0841,0x0862,0x10A2,0x1082,0x0841,0x0841,0x0021,0x0841,
0x0841,0x0841,0x0841,0x0841,0x0841,0x0841,0x0841,0x0841,0x0841,0x0841,0x0841,0x0841,0x0841,0x0841,0x0841,0x0841,
0x0841,0x0841,0x0841,0x0841,0x0841,0x0841,0x0841,0x0841,0x0841,0x0821,0x0021,0x0021,0x0021,0x0021,0x0020,0x0020,
0x0020,0x0020,0x0021,0x0020,0x0020,0x0020,0x0020,0x0020,0x0021,0x0020,0x0020,0x0020,0x0021,0x0020,0x0020,0x0021,
0x0020,0x0020,0x0020,0x0020,0x0020,0x0020,0x0020,0x0021,0x0020,0x0020,0x0020,0x0020,0x0020,0x0821,0x0841,0x0841,
0x0841,0x0841,0x0841,0x0841,0x0841,0x0841,0x0021,0x0021,0x0020,0x0821,0x0841,0x0841,0x0861,0x0841,0x0841,0x0841,
0x0861,0x0841,0x0841,0x0841,0x0821,0x0020,0x0841,0x1082,0x1082,0x1082,0x18E3,0x2104,0x18E3,0x1082,0x0841,0x1062,
0x1082,0x1082,0x0821,0x0021,0x1082,0x0861,0x1082,0x0841,0x0841,0x0821,0x0841,0x0841,0x0841,0x0862,0x1062,0x0861,
0x0841,0x0861,0x0862,0x1062,0x1062,0x10A2,0x18C3,0x18A3,0x18C3,0x10A3,0x18E4,0x2104,0x20E4,0x2104,0x2104,0x2104,
0x2124,0x2124,0x2124,0x2925,0x2925,0x2925,0x2945,0x2945,0x2945,0x2945,0x2945,0x2965,0x2945,0x2945,0x2945,0x2965,
0x2965,0x2945,0x2965,0x2965,0x1082,0x0000,0x0020,0x18E3,0x2104,0x0020,0x0000,0x0000,0x0000,0x0841,0x1082,0x0841,
0x0861,0x2124,0x2945,0x1082,0x0841,0x1082,0x0841,0x0000,0x0000,0x0000,0x0020,0x0000,0x0821,0x18C3,0x2945,0x2924,
0x2104,0x0861,0x0000,0x0000,0x0000,0x0020,0x0020,0x0020,0x20E4,0x2945,0x2104,0x2925,0x2104,0x2104,0x2945,0x2925,
0x2945,0x2124,0x2965,0x2104,0x0020,0x0000,0x0020,0x0020,0x0000,0x0000,0x0000,0x0000,0x0000,0x0000,0x0000,0x0000,
0x1081,0x20C3,0x2103,0x20E3,0x2903,0x2903,0x2103,0x2903,0x2103,0x2103,0x2103,0x2903,0x2903,0x2903,0x2903,0x2903,
0x0862,0x0862,0x0862,0x0862,0x0862,0x0862,0x0862,0x0861,0x0861,0x0861,0x18E3,0x1082,0x0862,0x0862,0x0862,0x0862,
0x0862,0x0862,0x0862,0x0862,0x0862,0x0862,0x0861,0x10A2,0x20E2,0x20E3,0x20E3,0x2103,0x2103,0x18E2,0x18E3,0x18E3,
0x20E3,0x18E2,0x18E3,0x18E3,0x18E2,0x18E2,0x18E3,0x18C2,0x18C3,0x18C3,0x18E3,0x20E3,0x20E2,0x20E2,0x20E2,0x18E2,
0x20E3,0x18A2,0x18C2,0x18C2,0x18C2,0x18C2,0x18C2,0x18C2,0x18C2,0x18C2,0x18C2,0x18E2,0x18E3,0x18E2,0x18E2,0x18C2,
0x18C2,0x18C2,0x18C2,0x18C2,0x10A2,0x10A2,0x18E2,0x18C2,0x18C2,0x18C2,0x18C2,0x18E2,0x18A2,0x18A2,0x18A2,0x18A2,
0x18A2,0x18A2,0x10A2,0x10A2,0x18A2,0x18A2,0x10A2,0x10A2,0x1081,0x1082,0x18A2,0x18A2,0x1061,0x0841,0x0841,0x0841,
0x0841,0x0841,0x0841,0x0841,0x0841,0x0841,0x0841,0x0841,0x0841,0x0841,0x0841,0x0841,0x0841,0x0821,0x0821,0x0841,
0x0841,0x0841,0x0821,0x0841,0x0841,0x0841,0x0841,0x0841,0x0821,0x0021,0x0021,0x0020,0x0020,0x0020,0x0020,0x0020,
0x0020,0x0021,0x0821,0x0821,0x0020,0x0020,0x0021,0x0021,0x0021,0x0020,0x0020,0x0020,0x0020,0x0020,0x0020,0x0020,
0x0020,0x0020,0x0020,0x0020,0x0020,0x0020,0x0021,0x0021,0x0821,0x0020,0x0020,0x0020,0x0021,0x0021,0x0021,0x0021,
0x0841,0x0841,0x0841,0x0841,0x0841,0x0841,0x0841,0x0841,0x0841,0x0841,0x0841,0x0861,0x0861,0x0841,0x0021,0x0841,
0x0841,0x0861,0x0862,0x0841,0x0821,0x0020,0x0841,0x0841,0x1082,0x1082,0x1082,0x18C3,0x20E4,0x2124,0x18C3,0x0861,
0x1062,0x1062,0x0841,0x0020,0x1082,0x0862,0x0861,0x0821,0x0841,0x0841,0x0841,0x0841,0x0841,0x0841,0x0861,0x0841,
0x0841,0x0821,0x0841,0x1062,0x0862,0x0861,0x0861,0x1062,0x18C3,0x18E3,0x2104,0x2104,0x20E4,0x2104,0x2104,0x2104,
0x2104,0x2124,0x2124,0x2925,0x2925,0x2945,0x2945,0x2945,0x2945,0x2945,0x2945,0x2945,0x2945,0x2945,0x2945,0x2965,
0x2945,0x2965,0x2965,0x2945,0x0841,0x0000,0x0020,0x2104,0x18E3,0x0020,0x0000,0x0000,0x0000,0x0861,0x1082,0x0841,
0x0861,0x2124,0x2945,0x10A2,0x0841,0x1082,0x0841,0x0000,0x0020,0x0000,0x0000,0x0000,0x18A3,0x2924,0x2945,0x18C3,
0x0841,0x0000,0x0020,0x0020,0x0000,0x0000,0x0000,0x0821,0x2925,0x2104,0x2945,0x2104,0x2124,0x2924,0x2924,0x2124,
0x2945,0x2945,0x2965,0x18C3,0x0020,0x0000,0x0000,0x0000,0x0000,0x0000,0x0000,0x0000,0x0020,0x0000,0x0000,0x0841,
0x18C2,0x20E3,0x20E3,0x20E3,0x2103,0x2103,0x2103,0x2103,0x2103,0x2103,0x2103,0x2103,0x2903,0x2903,0x2903,0x2903,
0x0862,0x0862,0x0862,0x0862,0x0862,0x0862,0x0862,0x0862,0x0841,0x0861,0x18E3,0x1081,0x0862,0x0862,0x0862,0x0862,
0x0862,0x0862,0x0862,0x0862,0x0862,0x0862,0x0861,0x10A3,0x2103,0x2103,0x2103,0x2103,0x2103,0x2103,0x2103,0x2124,
0x2123,0x2123,0x2123,0x2123,0x2103,0x20E3,0x20E3,0x2103,0x2103,0x20E3,0x2103,0x18E3,0x18E2,0x18E2,0x20E3,0x20E2,
0x18E2,0x18E2,0x20E3,0x18E3,0x18E3,0x18E3,0x2103,0x2103,0x20E3,0x20E3,0x18C2,0x18C2,0x18C2,0x18C2,0x18E3,0x18E3,
0x18C2,0x18C2,0x18E2,0x18E3,0x18C3,0x18C3,0x20E2,0x18C2,0x18C2,0x18C2,0x18C2,0x18C2,0x18C2,0x18C2,0x18C2,0x18C2,
0x18C2,0x18C2,0x18C2,0x18C2,0x18C2,0x18C2,0x18C2,0x18A2,0x18C2,0x18A2,0x18A2,0x18A2,0x10A2,0x1082,0x0861,0x0841,
0x0841,0x0841,0x0841,0x0841,0x0841,0x0841,0x0841,0x0841,0x0841,0x0841,0x0841,0x0841,0x0841,0x0021,0x0021,0x0021,
0x0021,0x0021,0x0021,0x0021,0x0021,0x0021,0x0021,0x0021,0x0021,0x0021,0x0020,0x0020,0x0020,0x0020,0x0020,0x0020,
0x0020,0x0821,0x0821,0x0821,0x0821,0x0821,0x0821,0x0821,0x0021,0x0020,0x0020,0x0020,0x0020,0x0020,0x0020,0x0020,
0x0020,0x0020,0x0020,0x0020,0x0020,0x0021,0x0021,0x0021,0x0821,0x0020,0x0020,0x0020,0x0021,0x0021,0x0021,0x0021,
0x0021,0x0021,0x0841,0x0841,0x0841,0x0841,0x0841,0x0841,0x0862,0x0862,0x0862,0x0862,0x0861,0x0021,0x0020,0x0841,
0x0841,0x0861,0x1082,0x1062,0x0841,0x0821,0x0821,0x0841,0x0841,0x0861,0x0861,0x10A2,0x10A2,0x18C3,0x18C3,0x1082,
0x1082,0x1082,0x1082,0x0861,0x1082,0x0862,0x0841,0x0841,0x0821,0x0841,0x0841,0x0841,0x0841,0x0841,0x0841,0x0841,
0x0841,0x0841,0x0841,0x0841,0x0841,0x0862,0x10A2,0x18E3,0x18E3,0x2104,0x20E4,0x20E4,0x2104,0x2104,0x2104,0x2104,
0x2104,0x2104,0x2124,0x2124,0x2925,0x2925,0x2945,0x2945,0x2124,0x2124,0x2945,0x2945,0x2945,0x2945,0x2945,0x2965,
0x2945,0x2965,0x3166,0x2925,0x0020,0x0000,0x0020,0x2924,0x10A2,0x0020,0x0000,0x0020,0x0000,0x0861,0x1082,0x0841,
0x1062,0x2925,0x2945,0x10A2,0x0841,0x1082,0x0821,0x0000,0x0000,0x0000,0x0020,0x0821,0x2124,0x2945,0x18E3,0x0841,
0x0000,0x0841,0x18E3,0x18C3,0x1062,0x0020,0x0000,0x0841,0x2924,0x2104,0x2124,0x2925,0x2925,0x2925,0x2104,0x2925,
0x2925,0x2925,0x20E3,0x0861,0x0000,0x0020,0x0000,0x0000,0x0000,0x0000,0x0000,0x0000,0x0000,0x0000,0x0020,0x1082,
0x20E2,0x20E3,0x20E2,0x20E3,0x2103,0x2103,0x2103,0x2103,0x2103,0x2103,0x2103,0x2103,0x2903,0x2903,0x2903,0x2903,
0x0862,0x0862,0x0862,0x0862,0x0862,0x0862,0x0862,0x0862,0x0841,0x0861,0x18E3,0x1081,0x0862,0x0862,0x0862,0x0862,
0x0862,0x0862,0x0862,0x0862,0x0862,0x0862,0x0862,0x10A3,0x2103,0x2103,0x2103,0x2103,0x2103,0x2103,0x2103,0x2123,
0x2923,0x2923,0x2923,0x2903,0x2103,0x2103,0x2103,0x2103,0x20E3,0x20E3,0x20E3,0x18C2,0x20E2,0x18C2,0x20E3,0x20E2,
0x18C2,0x20E2,0x20E3,0x20E3,0x18E2,0x18C2,0x20E3,0x2103,0x2103,0x20E3,0x18C2,0x18C2,0x18C2,0x18C2,0x18C2,0x18C2,
0x18C2,0x18C2,0x18E2,0x18E2,0x18E3,0x18E3,0x20E3,0x18E2,0x18C2,0x20E2,0x18C2,0x18C2,0x18C2,0x18C2,0x18C2,0x18C2,
0x18E2,0x18C2,0x18C2,0x18C2,0x18C2,0x18C2,0x18C2,0x18C2,0x18C2,0x18A2,0x18A2,0x18A2,0x18A2,0x18A2,0x1082,0x0861,
0x0841,0x0841,0x0841,0x0841,0x0841,0x0841,0x0841,0x0841,0x0841,0x0841,0x0841,0x0841,0x0841,0x0021,0x0020,0x0021,
0x0020,0x0020,0x0020,0x0021,0x0020,0x0020,0x0020,0x0020,0x0020,0x0020,0x0020,0x0020,0x0020,0x0021,0x0020,0x0020,
0x0020,0x0821,0x0821,0x0821,0x0821,0x0821,0x0821,0x0821,0x0821,0x0020,0x0020,0x0020,0x0020,0x0020,0x0020,0x0021,
0x0020,0x0020,0x0020,0x0020,0x0020,0x0020,0x0020,0x0020,0x0020,0x0020,0x0020,0x0020,0x0021,0x0021,0x0021,0x0021,
0x0021,0x0021,0x0021,0x0821,0x0841,0x0841,0x0841,0x0861,0x1062,0x1082,0x0862,0x0861,0x0841,0x0021,0x0821,0x0841,
0x0861,0x0861,0x0862,0x1082,0x0862,0x0841,0x0821,0x0821,0x0841,0x0020,0x0821,0x1082,0x10A2,0x1082,0x10A3,0x1082,
0x1082,0x1082,0x18A3,0x10A2,0x1082,0x0861,0x0821,0x0841,0x0821,0x0841,0x0841,0x0821,0x0841,0x0841,0x0841,0x0841,
0x0021,0x0841,0x0821,0x0821,0x0841,0x10A2,0x18C3,0x20E4,0x18E3,0x2104,0x18E3,0x20E4,0x2104,0x20E4,0x2104,0x2104,
0x2104,0x2104,0x2124,0x2124,0x2124,0x2925,0x2945,0x2945,0x2124,0x2124,0x2945,0x2945,0x2945,0x2945,0x2945,0x2965,
0x2965,0x2965,0x3186,0x2104,0x0000,0x0000,0x0841,0x2124,0x0861,0x0000,0x0000,0x0020,0x0000,0x0861,0x1082,0x0841,
0x1082,0x2925,0x2945,0x18A3,0x0841,0x1082,0x0020,0x0000,0x0000,0x0000,0x0821,0x10A2,0x2925,0x2104,0x1062,0x0000,
0x0020,0x18C3,0x2124,0x2124,0x18E3,0x0841,0x0000,0x0841,0x2124,0x2124,0x2124,0x2124,0x2945,0x2124,0x18C3,0x2945,
0x2945,0x18E3,0x0861,0x0841,0x0000,0x0020,0x0000,0x0000,0x0000,0x0000,0x0000,0x0000,0x0000,0x0020,0x0841,0x18A2,
0x20E2,0x20E2,0x20E2,0x20E3,0x2103,0x20E3,0x20E3,0x2103,0x2103,0x2103,0x2103,0x2103,0x2103,0x2103,0x2103,0x2103,
0x0862,0x0862,0x0862,0x0862,0x0862,0x0862,0x0862,0x0862,0x0841,0x0861,0x18E3,0x1081,0x0862,0x0862,0x0862,0x0862,
0x0862,0x0862,0x0862,0x0862,0x0862,0x0862,0x0862,0x10A3,0x20E2,0x20E3,0x20E3,0x2103,0x2103,0x2103,0x2103,0x2123,
0x2103,0x2103,0x2103,0x2103,0x2103,0x2903,0x2103,0x2103,0x2103,0x20E3,0x2103,0x20E3,0x20E2,0x20E2,0x20E3,0x18C2,
0x20E3,0x20E3,0x20E3,0x2103,0x20E3,0x20E3,0x20E3,0x20E3,0x20E3,0x20E3,0x20E3,0x20E3,0x20E2,0x18C2,0x18C2,0x18C2,
0x18C2,0x18C2,0x18C2,0x18C2,0x18C2,0x18C2,0x18C2,0x18C2,0x18C2,0x18C2,0x18E2,0x18C2,0x18E2,0x18E2,0x18E2,0x18C2,
0x18C2,0x18C2,0x18C2,0x18C2,0x18A2,0x18A2,0x18A2,0x18C2,0x18A2,0x18C2,0x18A2,0x18A2,0x10A2,0x18A2,0x10A2,0x1082,
0x0841,0x0841,0x0841,0x0841,0x0841,0x0841,0x0841,0x0841,0x0021,0x0021,0x0021,0x0841,0x0841,0x0021,0x0020,0x0020,
0x0020,0x0020,0x0020,0x0821,0x0021,0x0020,0x0020,0x0021,0x0020,0x0021,0x0021,0x0020,0x0020,0x0021,0x0021,0x0020,
0x0020,0x0021,0x0821,0x0821,0x0821,0x0821,0x0821,0x0821,0x0821,0x0020,0x0020,0x0020,0x0020,0x0020,0x0020,0x0821,
0x0020,0x0020,0x0020,0x0020,0x0020,0x0020,0x0020,0x0020,0x0020,0x0020,0x0020,0x0021,0x0841,0x0021,0x0021,0x0021,
0x0841,0x0021,0x0021,0x0021,0x0021,0x0821,0x0841,0x0841,0x0841,0x0861,0x0841,0x0841,0x0821,0x0821,0x0841,0x0861,
0x0861,0x0841,0x0841,0x0861,0x0862,0x0841,0x0841,0x0841,0x0841,0x0861,0x0841,0x0841,0x0861,0x1062,0x18C3,0x10A2,
0x1082,0x0861,0x1082,0x10A2,0x1082,0x1082,0x0841,0x0841,0x0861,0x0861,0x0841,0x0841,0x0821,0x0821,0x0021,0x0021,
0x0841,0x0821,0x0841,0x1082,0x18C3,0x18E3,0x18E3,0x18E3,0x18E3,0x20E4,0x18E3,0x20E4,0x2104,0x2104,0x2104,0x2104,
0x2104,0x2124,0x2124,0x2124,0x2124,0x2925,0x2945,0x2945,0x2945,0x2945,0x2945,0x2965,0x2945,0x2945,0x2945,0x2965,
0x2945,0x2965,0x3166,0x18C3,0x0020,0x0000,0x1082,0x18E3,0x0020,0x0000,0x0000,0x0020,0x0000,0x0861,0x1082,0x0841,
0x1082,0x2925,0x2945,0x18C3,0x0841,0x1062,0x0000,0x0000,0x0000,0x0821,0x10A2,0x2945,0x18C3,0x1082,0x0000,0x0841,
0x18C3,0x2124,0x2124,0x2124,0x2925,0x18A3,0x0841,0x0841,0x2124,0x2945,0x2124,0x2925,0x2104,0x10A2,0x2125,0x2945,
0x2104,0x2124,0x2925,0x2945,0x18C3,0x0861,0x0000,0x0020,0x0000,0x0000,0x0000,0x0000,0x0000,0x0841,0x1081,0x18C3,
0x20E2,0x20E2,0x20E3,0x20E3,0x20E3,0x20E3,0x20E3,0x20E3,0x2103,0x2103,0x2103,0x2103,0x2103,0x2103,0x2103,0x2103,
0x0862,0x0862,0x0862,0x0862,0x0862,0x0862,0x0862,0x0862,0x0861,0x0861,0x18E3,0x1082,0x0862,0x0862,0x0862,0x0862,
0x0862,0x0862,0x0862,0x0862,0x0862,0x0862,0x0862,0x10C3,0x2103,0x20E3,0x20E3,0x20E3,0x2103,0x2103,0x2103,0x2103,
0x2123,0x2123,0x2103,0x2123,0x2923,0x2923,0x2923,0x2123,0x2103,0x2103,0x2103,0x2103,0x2103,0x2103,0x20E3,0x20E3,
0x18E2,0x20E3,0x20E2,0x2103,0x2103,0x20E3,0x20E3,0x20E2,0x18E2,0x20E3,0x18E2,0x18E2,0x18E2,0x18C2,0x18C2,0x18C2,
0x18C2,0x18C2,0x18C2,0x18C2,0x18E2,0x18E2,0x18C2,0x18E2,0x18E2,0x18C2,0x18E3,0x18C2,0x18C3,0x18C2,0x18C2,0x18A2,
0x18C2,0x18C2,0x18C2,0x18C2,0x18C2,0x18C2,0x18C2,0x18C2,0x18A2,0x18C2,0x18C2,0x18A2,0x10A2,0x10A2,0x10A2,0x1081,
0x0841,0x0841,0x0841,0x0841,0x0841,0x0841,0x0841,0x0841,0x0021,0x0021,0x0021,0x0841,0x0841,0x0021,0x0020,0x0020,
0x0020,0x0020,0x0020,0x0821,0x0821,0x0021,0x0020,0x0021,0x0021,0x0821,0x0021,0x0020,0x0020,0x0821,0x0821,0x0020,
0x0020,0x0821,0x0821,0x0821,0x0821,0x0821,0x0821,0x0821,0x0821,0x0020,0x0020,0x0020,0x0020,0x0020,0x0021,0x0821,
0x0021,0x0021,0x0821,0x0821,0x0021,0x0021,0x0020,0x0020,0x0020,0x0020,0x0020,0x0021,0x0821,0x0021,0x0021,0x0821,
0x0841,0x0021,0x0021,0x0821,0x0021,0x0021,0x0021,0x0841,0x0021,0x0841,0x0841,0x0821,0x0821,0x0821,0x0841,0x0861,
0x0841,0x0841,0x0841,0x0861,0x0861,0x0861,0x0861,0x0861,0x0861,0x0862,0x0861,0x0841,0x0841,0x0841,0x0861,0x0862,
0x1082,0x0861,0x0861,0x1082,0x10A2,0x18C3,0x1082,0x0861,0x0862,0x1082,0x0861,0x0841,0x0821,0x0821,0x0021,0x0841,
0x0021,0x0000,0x0000,0x0861,0x18C3,0x18E3,0x18C3,0x18E3,0x18E3,0x20E4,0x20E4,0x2104,0x2104,0x2104,0x2104,0x2104,
0x2104,0x2124,0x2124,0x2124,0x2124,0x2925,0x2945,0x2945,0x2945,0x2945,0x2965,0x2965,0x2965,0x2965,0x2965,0x2965,
0x2945,0x2965,0x2965,0x1082,0x0000,0x0020,0x18E3,0x1082,0x0000,0x0000,0x0000,0x0020,0x0020,0x1062,0x1082,0x0841,
0x10A2,0x2945,0x2945,0x18C3,0x0841,0x0861,0x0000,0x0020,0x0020,0x18C3,0x2124,0x2124,0x0841,0x0000,0x0000,0x18C3,
0x2925,0x2945,0x2124,0x2104,0x2125,0x18E3,0x0861,0x0861,0x2925,0x2125,0x2925,0x2104,0x1082,0x18E3,0x2925,0x2945,
0x2124,0x2945,0x2124,0x2124,0x2924,0x10A2,0x0000,0x0020,0x0000,0x0000,0x0000,0x0000,0x0000,0x1082,0x18C2,0x18C2,
0x20E2,0x20E2,0x20E3,0x20E3,0x20E3,0x20E3,0x20E3,0x20E2,0x20E3,0x20E3,0x20E3,0x20E3,0x20E3,0x2103,0x20E3,0x20E3,
0x0862,0x0862,0x0862,0x0862,0x0862,0x0862,0x0862,0x0862,0x0861,0x0861,0x18E3,0x1082,0x0862,0x0862,0x0862,0x0862,
0x0862,0x0862,0x0862,0x0862,0x0862,0x0862,0x0882,0x18C3,0x2103,0x2103,0x20E3,0x20E3,0x2103,0x2103,0x2103,0x2923,
0x2123,0x2123,0x2923,0x2923,0x2923,0x2123,0x2923,0x2923,0x2923,0x2123,0x2123,0x2103,0x2103,0x20E2,0x20E3,0x20E3,
0x20E2,0x2103,0x2103,0x2103,0x2103,0x2103,0x2103,0x20E3,0x2103,0x2103,0x20E3,0x18E2,0x18E2,0x18E2,0x20E3,0x20E2,
0x18C2,0x18C2,0x18E3,0x18C2,0x18E2,0x18E2,0x18C2,0x18C2,0x20E3,0x18C2,0x18C3,0x18C2,0x18C3,0x18C2,0x18C2,0x18C2,
0x18C2,0x18C2,0x18C2,0x18C2,0x18C2,0x18C2,0x18C2,0x18A2,0x18A2,0x18C2,0x18A2,0x18A2,0x18A2,0x10A2,0x10A2,0x1081,
0x0841,0x0841,0x0841,0x0841,0x0841,0x0841,0x0841,0x0841,0x0841,0x0021,0x0021,0x0841,0x0841,0x0021,0x0020,0x0020,
0x0020,0x0020,0x0020,0x0821,0x0821,0x0021,0x0020,0x0021,0x0021,0x0821,0x0821,0x0020,0x0020,0x0821,0x0841,0x0021,
0x0020,0x0821,0x0841,0x0821,0x0821,0x0841,0x0841,0x0841,0x0841,0x0021,0x0020,0x0020,0x0020,0x0020,0x0821,0x0821,
0x0821,0x0821,0x0821,0x0821,0x0821,0x0021,0x0020,0x0020,0x0021,0x0020,0x0021,0x0821,0x0821,0x0021,0x0021,0x0821,
0x0021,0x0021,0x0021,0x0841,0x0821,0x0021,0x0021,0x0841,0x0021,0x0821,0x0821,0x0841,0x0841,0x0821,0x0821,0x0841,
0x0841,0x0841,0x0861,0x0861,0x0861,0x0861,0x0861,0x0861,0x0861,0x1082,0x0861,0x0861,0x0861,0x1062,0x0861,0x0861,
0x1082,0x1082,0x0841,0x0861,0x1082,0x10A2,0x0861,0x0841,0x0841,0x0861,0x0841,0x0021,0x0821,0x0841,0x0841,0x0841,
0x0021,0x0021,0x0000,0x0000,0x1062,0x18C3,0x18E3,0x18C3,0x18E3,0x20E3,0x2104,0x20E4,0x18E4,0x2104,0x2104,0x2104,
0x2104,0x2104,0x2124,0x2124,0x2124,0x2124,0x2925,0x2945,0x2945,0x2945,0x2945,0x2945,0x2965,0x2965,0x2965,0x2965,
0x2945,0x3166,0x2945,0x0861,0x0000,0x0841,0x2104,0x0861,0x0000,0x0020,0x0000,0x0020,0x0020,0x1082,0x1082,0x0821,
0x18A3,0x2945,0x2945,0x18C3,0x0841,0x0841,0x0000,0x0821,0x1082,0x2945,0x2124,0x0861,0x0000,0x0020,0x0861,0x2924,
0x2125,0x2124,0x2124,0x2124,0x2124,0x2104,0x10A2,0x18C3,0x2945,0x2945,0x2124,0x0841,0x1082,0x2925,0x2124,0x2945,
0x2925,0x2104,0x2104,0x2124,0x2104,0x0861,0x0000,0x0000,0x0000,0x0000,0x0000,0x0020,0x0820,0x18C2,0x20E3,0x18C2,
0x20E2,0x20E2,0x20E2,0x20E2,0x20E2,0x20E3,0x20E3,0x20E2,0x20E3,0x20E3,0x20E3,0x20E3,0x20E2,0x20E2,0x20E2,0x20E2,
0x0862,0x0862,0x0862,0x0862,0x0862,0x0862,0x0862,0x0841,0x0841,0x0841,0x18E3,0x1081,0x0842,0x0842,0x0862,0x0882,
0x0862,0x0862,0x0862,0x0862,0x0862,0x0862,0x0862,0x0882,0x10A3,0x10A3,0x10A2,0x10A3,0x10A3,0x10A3,0x10A3,0x10A3,
0x10A3,0x10C3,0x10C3,0x10C3,0x10A3,0x10A3,0x10C3,0x18C3,0x10C3,0x10C3,0x10A2,0x18E3,0x2103,0x2103,0x2103,0x2103,
0x20E3,0x20E3,0x10A3,0x10A2,0x10A3,0x10A3,0x10A2,0x10A3,0x18C2,0x2103,0x2103,0x20E3,0x18E3,0x20E3,0x18C3,0x1082,
0x1082,0x1082,0x1082,0x1082,0x1082,0x18C2,0x18C2,0x18C2,0x18C2,0x18C2,0x18E3,0x18A2,0x1082,0x1082,0x1082,0x1082,
0x1082,0x1082,0x1082,0x0882,0x0882,0x0882,0x0882,0x0882,0x0862,0x0862,0x0862,0x0862,0x0862,0x0862,0x0862,0x0861,
0x0841,0x0841,0x0841,0x0841,0x0841,0x0841,0x0841,0x0841,0x0841,0x0021,0x0021,0x0841,0x0861,0x0020,0x0020,0x0020,
0x0021,0x0021,0x0020,0x0021,0x0821,0x0021,0x0021,0x0021,0x0021,0x0821,0x0821,0x0021,0x0021,0x0821,0x0821,0x0821,
0x0020,0x0821,0x0841,0x0841,0x0841,0x0841,0x0841,0x0841,0x0841,0x0821,0x0020,0x0020,0x0020,0x0020,0x0021,0x0020,
0x0821,0x0821,0x0821,0x0821,0x0021,0x0021,0x0021,0x0021,0x0020,0x0021,0x0021,0x0821,0x0821,0x0021,0x0021,0x0841,
0x0021,0x0021,0x0821,0x0821,0x0821,0x0021,0x0021,0x0021,0x0821,0x0821,0x0841,0x0841,0x0821,0x0821,0x0821,0x0841,
0x0821,0x0841,0x0841,0x0861,0x0861,0x0841,0x0861,0x0841,0x0862,0x0861,0x0862,0x1062,0x0861,0x0861,0x0861,0x0861,
0x0841,0x1062,0x1082,0x0861,0x0861,0x0861,0x0841,0x0841,0x0841,0x0821,0x0841,0x0841,0x0841,0x1061,0x1082,0x1082,
0x1061,0x0841,0x0000,0x0000,0x0020,0x1082,0x18E4,0x18C3,0x18E3,0x18E4,0x20E4,0x20E4,0x20E4,0x2104,0x2104,0x2104,
0x2104,0x2104,0x2124,0x2124,0x2925,0x2925,0x2945,0x2945,0x2945,0x2945,0x2945,0x2945,0x2965,0x2965,0x2945,0x2945,
0x2965,0x3165,0x2104,0x0020,0x0821,0x0861,0x2124,0x0020,0x0000,0x0000,0x0020,0x0000,0x0841,0x1082,0x0861,0x0821,
0x2104,0x2945,0x2945,0x18C3,0x0841,0x0020,0x0841,0x2104,0x2925,0x18C3,0x0861,0x0020,0x0000,0x0861,0x2104,0x2925,
0x2104,0x2124,0x2124,0x2124,0x2104,0x2925,0x2945,0x2945,0x2945,0x2924,0x0861,0x18C3,0x2925,0x2945,0x2945,0x2945,
0x2925,0x20E4,0x2104,0x2124,0x1082,0x0020,0x0000,0x0020,0x0000,0x0020,0x0000,0x0821,0x1882,0x18C2,0x20C2,0x20E2,
0x20E2,0x20E2,0x20E2,0x20E2,0x20E2,0x20E2,0x20E2,0x20E2,0x20E2,0x20E2,0x20E2,0x20E2,0x20E2,0x20E2,0x20E2,0x20E2,
0x0862,0x0862,0x0862,0x0862,0x0862,0x0862,0x0862,0x0861,0x0841,0x0841,0x18E3,0x1081,0x0842,0x0862,0x0862,0x0862,
0x0862,0x0862,0x0862,0x0862,0x0862,0x0862,0x0862,0x0882,0x0862,0x0862,0x0862,0x0862,0x0862,0x0862,0x0862,0x0862,
0x0882,0x0882,0x0882,0x0862,0x0862,0x0862,0x0882,0x0882,0x0882,0x0882,0x1082,0x18A3,0x2103,0x2103,0x2103,0x2103,
0x2103,0x20E2,0x1082,0x0862,0x0882,0x0862,0x0861,0x0862,0x10A2,0x2103,0x2103,0x2103,0x20E3,0x20E3,0x10A2,0x0861,
0x0862,0x0862,0x0861,0x0862,0x1081,0x18C2,0x18E2,0x18C2,0x18C2,0x18C2,0x18C2,0x10A2,0x0862,0x0841,0x0862,0x0841,
0x0861,0x0841,0x0841,0x0841,0x0841,0x0841,0x0841,0x0841,0x0861,0x0861,0x0861,0x0861,0x0861,0x0841,0x0841,0x0841,
0x0841,0x0841,0x0841,0x0841,0x0841,0x0841,0x0841,0x0841,0x0841,0x0021,0x0021,0x0841,0x0861,0x0020,0x0020,0x0020,
0x0021,0x0021,0x0020,0x0021,0x0821,0x0021,0x0021,0x0021,0x0841,0x0841,0x0841,0x0821,0x0821,0x0841,0x0841,0x0821,
0x0821,0x0841,0x0841,0x0841,0x0841,0x0841,0x0841,0x0841,0x0841,0x0821,0x0020,0x0020,0x0020,0x0020,0x0821,0x0821,
0x0020,0x0020,0x0821,0x0020,0x0021,0x0020,0x0021,0x0020,0x0020,0x0021,0x0021,0x0841,0x0821,0x0021,0x0021,0x0841,
0x0021,0x0021,0x0821,0x0821,0x0821,0x0021,0x0021,0x0021,0x0021,0x0021,0x0821,0x0821,0x0821,0x0821,0x0021,0x0021,
0x0021,0x0021,0x0841,0x0841,0x0841,0x0841,0x0841,0x0841,0x0841,0x0841,0x0861,0x1062,0x0861,0x0861,0x0861,0x0841,
0x0861,0x0841,0x1082,0x1082,0x0841,0x0861,0x0841,0x0841,0x0841,0x0841,0x1061,0x1081,0x1081,0x1081,0x1082,0x1082,
0x1082,0x1061,0x0000,0x0000,0x0000,0x0020,0x18C3,0x18C3,0x18E3,0x20E4,0x18E3,0x18E3,0x2104,0x2104,0x20E4,0x2104,
0x2104,0x2104,0x2104,0x2124,0x2925,0x2925,0x2945,0x2945,0x2945,0x2945,0x2945,0x2945,0x2945,0x2945,0x2965,0x2965,
0x2945,0x2965,0x20E4,0x0000,0x0000,0x1082,0x2104,0x0000,0x0000,0x0020,0x0000,0x0020,0x0841,0x1062,0x1062,0x0020,
0x2925,0x2945,0x2945,0x18E3,0x0000,0x0841,0x2104,0x2124,0x18E3,0x0020,0x0000,0x0000,0x0841,0x18E3,0x2925,0x2925,
0x2125,0x2124,0x2104,0x2125,0x2945,0x2945,0x2945,0x3165,0x2104,0x0841,0x1062,0x2965,0x3166,0x2965,0x2945,0x2125,
0x2104,0x20E4,0x2104,0x18E3,0x0020,0x0000,0x0020,0x0000,0x0000,0x0000,0x0000,0x1061,0x18C2,0x20C2,0x20E2,0x20E2,
0x20E2,0x20E2,0x20E2,0x20E2,0x20E2,0x20E2,0x20E2,0x20E2,0x20E2,0x20E2,0x20E2,0x20E2,0x20E2,0x20E2,0x20E2,0x20E2,
0x0862,0x0862,0x0862,0x0861,0x0862,0x0862,0x0862,0x0861,0x0841,0x0841,0x18E3,0x10A2,0x0842,0x0862,0x0862,0x0862,
0x0862,0x0862,0x0862,0x0862,0x0862,0x0862,0x0862,0x0862,0x0862,0x0862,0x0862,0x0862,0x0862,0x0862,0x0862,0x0882,
0x0882,0x0862,0x0862,0x0862,0x0862,0x0862,0x0862,0x0862,0x0862,0x0862,0x0862,0x1082,0x18E3,0x2104,0x2103,0x2103,
0x2103,0x2103,0x10A2,0x0861,0x0862,0x0862,0x0862,0x0882,0x10A2,0x2103,0x2103,0x2103,0x2103,0x2103,0x10A2,0x0861,
0x0862,0x0862,0x0841,0x0841,0x1082,0x18C2,0x18E2,0x18C2,0x18C2,0x20E2,0x18C2,0x1082,0x0862,0x0861,0x0862,0x0861,
0x0862,0x0841,0x0841,0x0841,0x0862,0x0841,0x0861,0x0841,0x0841,0x0841,0x0841,0x0841,0x0841,0x0841,0x0841,0x0841,
0x0841,0x0841,0x0841,0x0841,0x0841,0x0841,0x0841,0x0841,0x0841,0x0841,0x0021,0x0841,0x0841,0x0020,0x0020,0x0021,
0x0021,0x0021,0x0021,0x0021,0x0821,0x0021,0x0021,0x0021,0x0841,0x0841,0x0841,0x0821,0x0821,0x0841,0x0821,0x0021,
0x0821,0x0841,0x0841,0x0841,0x0841,0x0841,0x0841,0x0841,0x0841,0x0021,0x0020,0x0020,0x0020,0x0020,0x0821,0x0821,
0x0821,0x0821,0x0821,0x0821,0x0821,0x0821,0x0021,0x0021,0x0021,0x0021,0x0821,0x0841,0x0821,0x0821,0x0821,0x0841,
0x0021,0x0021,0x0821,0x0821,0x0821,0x0021,0x0021,0x0021,0x0021,0x0021,0x0021,0x0021,0x0021,0x0021,0x0021,0x0021,
0x0021,0x0021,0x0841,0x0841,0x0841,0x0841,0x0841,0x0841,0x0841,0x0841,0x0861,0x1062,0x1082,0x1062,0x0861,0x0861,
0x0861,0x0821,0x0841,0x0861,0x0841,0x0841,0x0861,0x0841,0x0841,0x0861,0x1081,0x18A2,0x18A2,0x10A2,0x1082,0x1082,
0x1081,0x1061,0x0841,0x0020,0x0000,0x0000,0x1082,0x18C3,0x18E4,0x18E3,0x18E4,0x2104,0x20E4,0x20E4,0x2104,0x2104,
0x2124,0x2124,0x2124,0x2124,0x2124,0x2925,0x2945,0x2945,0x2945,0x2945,0x2945,0x2945,0x2945,0x2945,0x2965,0x2965,
0x2945,0x2924,0x10A2,0x0000,0x0020,0x1082,0x18C3,0x0020,0x0000,0x0000,0x0020,0x0020,0x0861,0x1062,0x0841,0x1062,
0x2945,0x2945,0x2945,0x18E3,0x0841,0x18E3,0x2965,0x10A2,0x0821,0x0000,0x0020,0x0020,0x1082,0x2945,0x2965,0x2925,
0x2945,0x2124,0x2945,0x2945,0x2925,0x2945,0x2945,0x2124,0x0841,0x0841,0x2104,0x2965,0x2945,0x2945,0x2124,0x2104,
0x2104,0x2124,0x2104,0x1082,0x0000,0x0000,0x0020,0x0000,0x0000,0x0000,0x1061,0x18A2,0x20C2,0x20E2,0x20E2,0x20E2,
0x20E2,0x20C2,0x20C2,0x20C2,0x20C2,0x20C2,0x20E2,0x20E2,0x20C2,0x20E2,0x20E2,0x20E2,0x20E2,0x20E2,0x20E2,0x20E2,
0x0861,0x0861,0x0861,0x0861,0x0861,0x0862,0x0862,0x0861,0x0841,0x0841,0x18E3,0x10A2,0x0842,0x0862,0x0862,0x0862,
0x0862,0x0862,0x0862,0x0862,0x0862,0x0862,0x0862,0x0862,0x0862,0x0862,0x0862,0x0862,0x0862,0x0862,0x0862,0x0862,
0x0882,0x0882,0x0862,0x0882,0x0882,0x0882,0x0882,0x0882,0x0882,0x0882,0x0882,0x1082,0x18C3,0x2124,0x2103,0x2103,
0x2103,0x2103,0x18E3,0x0861,0x0882,0x0862,0x0882,0x0882,0x18C2,0x2103,0x2103,0x2103,0x2103,0x2103,0x18C3,0x0861,
0x0862,0x0862,0x0862,0x0862,0x18C2,0x18E3,0x18E2,0x18C2,0x18C2,0x18C2,0x10A2,0x0861,0x0862,0x0862,0x0862,0x0862,
0x0862,0x0862,0x0862,0x0862,0x0862,0x0862,0x0841,0x0841,0x0841,0x0841,0x0841,0x0841,0x0841,0x0841,0x0841,0x0841,
0x0841,0x0841,0x0841,0x0841,0x0841,0x0841,0x0841,0x0841,0x0021,0x0841,0x0021,0x0841,0x0841,0x0021,0x0020,0x0021,
0x0021,0x0021,0x0020,0x0021,0x0821,0x0821,0x0021,0x0021,0x0841,0x0841,0x0821,0x0021,0x0821,0x0841,0x0821,0x0021,
0x0821,0x0841,0x0841,0x0841,0x0841,0x0841,0x0841,0x0841,0x0841,0x0021,0x0020,0x0020,0x0020,0x0020,0x0821,0x0821,
0x0821,0x0821,0x0821,0x0821,0x0821,0x0821,0x0821,0x0821,0x0021,0x0021,0x0821,0x0821,0x0821,0x0821,0x0821,0x0841,
0x0021,0x0021,0x0821,0x0821,0x0821,0x0021,0x0021,0x0021,0x0021,0x0020,0x0020,0x0021,0x0021,0x0821,0x0021,0x0021,
0x0021,0x0021,0x0841,0x0841,0x0821,0x0841,0x0841,0x0861,0x0841,0x0841,0x0841,0x0861,0x0861,0x1062,0x1062,0x0861,
0x0841,0x0841,0x0841,0x0841,0x0861,0x0861,0x0841,0x0841,0x0841,0x1062,0x1082,0x1082,0x1082,0x1082,0x1081,0x1082,
0x1082,0x1082,0x1082,0x0821,0x0000,0x0000,0x0020,0x0861,0x18E3,0x18E3,0x2104,0x2104,0x20E4,0x2104,0x2104,0x2104,
0x2124,0x2124,0x2124,0x2124,0x2124,0x2124,0x2925,0x2945,0x2945,0x2945,0x2945,0x2945,0x2945,0x2965,0x2965,0x2965,
0x2965,0x2104,0x0841,0x0020,0x0841,0x18C3,0x0861,0x0000,0x0020,0x0000,0x0000,0x0841,0x1082,0x0841,0x0020,0x18E3,
0x2965,0x2945,0x2945,0x2104,0x2925,0x2124,0x0821,0x0000,0x0000,0x0020,0x0000,0x0000,0x18E3,0x2945,0x2945,0x2945,
0x2925,0x2925,0x2945,0x2945,0x2945,0x2945,0x20E4,0x0841,0x10A2,0x2124,0x2945,0x2945,0x2965,0x2124,0x2945,0x2925,
0x2104,0x18C3,0x0861,0x0000,0x0000,0x0020,0x0000,0x0000,0x0000,0x0841,0x18A2,0x18C2,0x18C2,0x20C2,0x20E2,0x20C2,
0x20C2,0x20C2,0x20C2,0x20C2,0x20C2,0x20C2,0x20C2,0x20C2,0x20C2,0x20C2,0x20C2,0x20C2,0x20C2,0x20C2,0x20C2,0x20E2,
0x0861,0x0861,0x0841,0x0841,0x0861,0x0861,0x0861,0x0861,0x0841,0x0841,0x18C3,0x18C2,0x0862,0x0862,0x0862,0x0862,
0x0862,0x0862,0x0862,0x0862,0x0862,0x0862,0x0862,0x0862,0x0862,0x0862,0x0862,0x0862,0x0862,0x0862,0x0862,0x0862,
0x0862,0x0862,0x0862,0x0862,0x0862,0x0862,0x0862,0x0882,0x0882,0x0882,0x0882,0x0882,0x18C3,0x2104,0x2103,0x2103,
0x2103,0x2123,0x2103,0x1082,0x0862,0x0862,0x0882,0x0862,0x10A2,0x2103,0x20E3,0x20E3,0x2103,0x2103,0x18C3,0x0861,
0x0862,0x0862,0x0861,0x0862,0x18C2,0x18E3,0x20E2,0x18C2,0x18E3,0x18C2,0x1082,0x0861,0x0862,0x0862,0x0862,0x0862,
0x0862,0x0862,0x0862,0x0862,0x0862,0x0842,0x0841,0x0841,0x0841,0x0841,0x0841,0x0841,0x0841,0x0841,0x0841,0x0841,
0x0841,0x0841,0x0841,0x0841,0x0841,0x0841,0x0021,0x0841,0x0821,0x0821,0x0020,0x0841,0x0841,0x0021,0x0020,0x0021,
0x0020,0x0021,0x0020,0x0020,0x0821,0x0821,0x0021,0x0021,0x0821,0x0821,0x0821,0x0821,0x0841,0x0841,0x0841,0x0821,
0x0020,0x0821,0x0841,0x0841,0x0841,0x0841,0x0841,0x0841,0x0841,0x0021,0x0020,0x0020,0x0020,0x0020,0x0021,0x0821,
0x0821,0x0821,0x0821,0x0021,0x0021,0x0021,0x0021,0x0021,0x0021,0x0021,0x0821,0x0821,0x0821,0x0841,0x0841,0x0841,
0x0021,0x0021,0x0821,0x0821,0x0021,0x0021,0x0020,0x0020,0x0021,0x0020,0x0020,0x0021,0x0021,0x0021,0x0021,0x0021,
0x0821,0x0021,0x0021,0x0821,0x0821,0x0821,0x0841,0x0841,0x0841,0x0841,0x0841,0x0841,0x0861,0x0861,0x1062,0x0861,
0x0861,0x1082,0x1082,0x1062,0x1082,0x10A2,0x0861,0x0020,0x0841,0x1082,0x10A2,0x1081,0x1081,0x1082,0x1082,0x18A2,
0x1081,0x18A2,0x1081,0x1061,0x0841,0x0000,0x0000,0x0000,0x1082,0x2104,0x2104,0x18E3,0x2104,0x2104,0x2104,0x2124,
0x2104,0x2104,0x2124,0x2124,0x2124,0x2925,0x2925,0x2945,0x2945,0x2945,0x2945,0x2945,0x2965,0x2965,0x2965,0x2965,
0x2965,0x2104,0x0000,0x0020,0x0861,0x20E4,0x0020,0x0000,0x0000,0x0020,0x0020,0x1062,0x1082,0x0020,0x0861,0x2124,
0x2945,0x2945,0x2925,0x2925,0x20E4,0x0841,0x0020,0x0020,0x0000,0x0000,0x0000,0x0000,0x2945,0x2965,0x2945,0x2965,
0x2965,0x2945,0x2945,0x2945,0x2945,0x1082,0x0821,0x1082,0x2945,0x3165,0x2965,0x2945,0x20E4,0x0861,0x0862,0x0841,
0x0841,0x0020,0x0020,0x0020,0x0000,0x0000,0x0000,0x0000,0x0820,0x1082,0x18C2,0x18C2,0x20C2,0x20E2,0x20C2,0x20C2,
0x20C2,0x20C2,0x20C2,0x20C2,0x20C2,0x20C2,0x20C2,0x20C2,0x20C2,0x20C2,0x20C2,0x20C2,0x20C2,0x20C2,0x20C2,0x20C2,
0x0861,0x0861,0x0841,0x0841,0x0861,0x0861,0x0861,0x0861,0x0841,0x0841,0x10A2,0x18E3,0x1082,0x0862,0x0882,0x0862,
0x0842,0x0862,0x0862,0x0862,0x0862,0x0862,0x0862,0x0862,0x0862,0x0862,0x0862,0x0862,0x0862,0x0862,0x0862,0x0862,
0x0862,0x0862,0x0862,0x0862,0x0862,0x0862,0x0862,0x0882,0x0882,0x0882,0x0882,0x0882,0x10A2,0x2103,0x2123,0x2123,
0x2103,0x2123,0x2124,0x18C3,0x0882,0x0862,0x0882,0x0882,0x10A2,0x2103,0x20E3,0x20E2,0x20E2,0x2103,0x18C3,0x0861,
0x0862,0x0842,0x0861,0x1082,0x18C2,0x18E3,0x20E2,0x20E2,0x20E3,0x18C2,0x1082,0x0862,0x0862,0x0862,0x0862,0x0862,
0x0862,0x0862,0x0862,0x0862,0x0862,0x0862,0x0862,0x0862,0x0841,0x0841,0x0841,0x0841,0x0841,0x0841,0x0841,0x0841,
0x0841,0x0841,0x0841,0x0841,0x0841,0x0841,0x0021,0x0021,0x0821,0x0821,0x0821,0x0841,0x0841,0x0821,0x0021,0x0021,
0x0021,0x0021,0x0020,0x0020,0x0821,0x0841,0x0021,0x0021,0x0821,0x0841,0x0841,0x0841,0x0841,0x0841,0x0841,0x0841,
0x0020,0x0821,0x0841,0x0841,0x0841,0x0841,0x0821,0x0821,0x0821,0x0020,0x0020,0x0020,0x0020,0x0020,0x0021,0x0821,
0x0821,0x0821,0x0821,0x0821,0x0021,0x0021,0x0021,0x0021,0x0021,0x0821,0x0821,0x0821,0x0821,0x0841,0x0841,0x0821,
0x0021,0x0021,0x0821,0x0821,0x0821,0x0021,0x0020,0x0020,0x0020,0x0020,0x0020,0x0020,0x0021,0x0021,0x0021,0x0021,
0x0821,0x0021,0x0021,0x0821,0x0821,0x0821,0x0841,0x0821,0x0841,0x0841,0x0841,0x0841,0x0861,0x0861,0x0861,0x0861,
0x0861,0x0861,0x1082,0x1082,0x1082,0x18A3,0x18A3,0x0861,0x0841,0x1082,0x1082,0x1082,0x1082,0x1882,0x1082,0x1082,
0x1081,0x1081,0x1081,0x1081,0x1061,0x0820,0x0000,0x0020,0x0821,0x18C3,0x2104,0x20E4,0x2104,0x2104,0x2104,0x2124,
0x2104,0x2104,0x2124,0x2124,0x2124,0x2124,0x2925,0x2925,0x2945,0x2945,0x2945,0x2945,0x2945,0x2965,0x2965,0x3166,
0x3166,0x18C3,0x0000,0x0000,0x10A2,0x18A3,0x0000,0x0000,0x0020,0x0000,0x0841,0x1082,0x0841,0x0841,0x18C3,0x2965,
0x2965,0x2945,0x2965,0x18C3,0x0841,0x0000,0x0000,0x0841,0x0861,0x0000,0x0020,0x0000,0x2124,0x2965,0x2945,0x2945,
0x2925,0x2965,0x2965,0x2945,0x18C3,0x0020,0x0841,0x2104,0x2945,0x2945,0x2965,0x2104,0x1082,0x0000,0x0000,0x0020,
0x0020,0x0000,0x0000,0x0000,0x0000,0x0000,0x0020,0x0820,0x1061,0x18C2,0x18C2,0x18C2,0x20E2,0x20E2,0x18C2,0x20C2,
0x20C2,0x20C2,0x20C2,0x20C2,0x20C2,0x20C2,0x20C2,0x20C2,0x20C2,0x20C2,0x20C2,0x20C2,0x20C2,0x20C2,0x20C2,0x20C2,
0x0861,0x0861,0x0861,0x0841,0x0861,0x0861,0x0862,0x0861,0x0842,0x0842,0x1081,0x18E3,0x10C3,0x0861,0x0862,0x0862,
0x0862,0x0862,0x0862,0x0862,0x0862,0x0862,0x0862,0x0862,0x0862,0x0862,0x0862,0x0862,0x0862,0x0882,0x0862,0x0862,
0x0862,0x0862,0x0862,0x0862,0x0862,0x0862,0x0862,0x0862,0x0882,0x0882,0x0882,0x0882,0x1082,0x18C3,0x2123,0x2123,
0x2103,0x2103,0x2103,0x20E3,0x1082,0x0861,0x0862,0x0862,0x18C2,0x2103,0x2103,0x20E2,0x20E2,0x2103,0x18C3,0x0862,
0x0862,0x0862,0x1081,0x18C3,0x18E2,0x18E2,0x18C2,0x20E2,0x18E3,0x10A2,0x0862,0x0862,0x0862,0x0862,0x0862,0x0862,
0x0862,0x0842,0x0842,0x0842,0x0842,0x0842,0x0842,0x0842,0x0842,0x0842,0x0841,0x0841,0x0841,0x0841,0x0841,0x0841,
0x0841,0x0841,0x0841,0x0841,0x0841,0x0021,0x0021,0x0021,0x0841,0x0841,0x0841,0x0861,0x0841,0x0021,0x0021,0x0021,
0x0821,0x0821,0x0021,0x0021,0x0841,0x0841,0x0821,0x0021,0x0021,0x0841,0x0841,0x0841,0x0841,0x0841,0x0841,0x0841,
0x0021,0x0021,0x0821,0x0841,0x0841,0x0841,0x0841,0x0821,0x0821,0x0020,0x0020,0x0020,0x0020,0x0020,0x0821,0x0821,
0x0821,0x0821,0x0821,0x0821,0x0821,0x0821,0x0021,0x0021,0x0021,0x0821,0x0821,0x0821,0x0821,0x0841,0x0841,0x0821,
0x0021,0x0821,0x0841,0x0841,0x0821,0x0021,0x0020,0x0020,0x0020,0x0020,0x0021,0x0020,0x0020,0x0020,0x0021,0x0021,
0x0821,0x0021,0x0821,0x0841,0x0821,0x0841,0x0841,0x0821,0x0821,0x0821,0x0841,0x0841,0x0841,0x0841,0x0841,0x0841,
0x0841,0x0841,0x0841,0x0861,0x0861,0x1082,0x18C3,0x18A3,0x10A2,0x1082,0x1082,0x1082,0x1882,0x1082,0x1081,0x1081,
0x18A2,0x1081,0x18A2,0x1081,0x1061,0x1061,0x0000,0x0020,0x0000,0x0841,0x18A3,0x20E4,0x20E4,0x2104,0x2104,0x2104,
0x2104,0x2124,0x2124,0x2124,0x2124,0x2124,0x2124,0x2124,0x2945,0x2945,0x2945,0x2945,0x2945,0x2965,0x2965,0x2965,
0x3165,0x1062,0x0020,0x0000,0x10A2,0x0821,0x0000,0x0020,0x0000,0x0841,0x1082,0x0020,0x0841,0x2124,0x2965,0x2945,
0x2945,0x2124,0x1082,0x0000,0x0821,0x0020,0x1082,0x2945,0x2965,0x18A3,0x0841,0x0000,0x2925,0x2965,0x2945,0x2965,
0x2965,0x2965,0x18E3,0x0841,0x0020,0x18C3,0x2945,0x2945,0x2965,0x2945,0x2965,0x2965,0x2925,0x18C3,0x0821,0x0000,
0x0000,0x0821,0x0020,0x0000,0x0020,0x0000,0x0000,0x1061,0x18A2,0x18C2,0x20C2,0x20C2,0x20E2,0x20E2,0x18C2,0x20C2,
0x18C2,0x18C2,0x18C2,0x20C2,0x18C2,0x18C2,0x20C2,0x20C2,0x20C3,0x20C3,0x20C2,0x20C2,0x20C2,0x20C2,0x20C2,0x20C2,
0x0861,0x0861,0x0861,0x0861,0x0861,0x0861,0x0862,0x0861,0x0862,0x0842,0x0861,0x18E3,0x18C3,0x0861,0x0862,0x0862,
0x0862,0x0862,0x0862,0x0862,0x0862,0x0862,0x0862,0x0862,0x0862,0x0862,0x0862,0x0862,0x0862,0x0862,0x0862,0x0862,
0x0862,0x0862,0x0862,0x0862,0x0862,0x0882,0x0862,0x0862,0x0882,0x0882,0x0882,0x0882,0x0862,0x10A3,0x2103,0x2103,
0x2123,0x20E2,0x2103,0x2124,0x10A2,0x0862,0x0862,0x0882,0x10A2,0x2103,0x2103,0x20E3,0x20E3,0x2103,0x18C3,0x0861,
0x0862,0x0862,0x1082,0x18E3,0x20E3,0x20E3,0x18E2,0x20E2,0x18E3,0x1082,0x0862,0x0862,0x0862,0x0862,0x0862,0x0862,
0x0862,0x0862,0x0862,0x0862,0x0862,0x0862,0x0842,0x0842,0x0842,0x0842,0x0841,0x0841,0x0841,0x0841,0x0841,0x0841,
0x0841,0x0841,0x0841,0x0841,0x0841,0x0021,0x0021,0x0021,0x0841,0x0841,0x0841,0x1082,0x0821,0x0020,0x0841,0x0021,
0x0821,0x0821,0x0821,0x0821,0x0841,0x0841,0x0841,0x0821,0x0021,0x0821,0x0841,0x0841,0x0841,0x0841,0x0841,0x0841,
0x0821,0x0021,0x0821,0x0841,0x0841,0x0841,0x0841,0x0821,0x0821,0x0020,0x0020,0x0020,0x0020,0x0020,0x0821,0x0841,
0x0821,0x0821,0x0821,0x0821,0x0821,0x0021,0x0021,0x0021,0x0021,0x0821,0x0821,0x0021,0x0821,0x0841,0x0841,0x0821,
0x0821,0x0841,0x0841,0x0841,0x0821,0x0021,0x0021,0x0020,0x0020,0x0021,0x0021,0x0021,0x0020,0x0020,0x0021,0x0021,
0x0021,0x0021,0x0841,0x0841,0x0821,0x0821,0x0841,0x0841,0x0821,0x0841,0x0841,0x0841,0x0841,0x0841,0x0841,0x0841,
0x0841,0x0841,0x0841,0x0841,0x0861,0x0841,0x1082,0x18C3,0x20E3,0x10A2,0x1081,0x1082,0x1082,0x1081,0x1081,0x1882,
0x1081,0x1082,0x1081,0x1081,0x1082,0x1081,0x0841,0x0000,0x0000,0x0000,0x0841,0x18C3,0x2104,0x2104,0x2104,0x2104,
0x2104,0x2104,0x2124,0x2124,0x2124,0x2124,0x2124,0x2925,0x2925,0x2925,0x2945,0x2945,0x2945,0x2945,0x2945,0x2945,
0x2925,0x0841,0x0000,0x0821,0x0841,0x0000,0x0000,0x0000,0x0020,0x0841,0x0821,0x0861,0x2104,0x2965,0x2965,0x2945,
0x18C3,0x0861,0x0000,0x0821,0x0000,0x0841,0x2945,0x2945,0x2124,0x2945,0x1082,0x0000,0x2925,0x2945,0x2945,0x2945,
0x2965,0x18E3,0x0841,0x0841,0x18C3,0x2945,0x2965,0x2945,0x2965,0x2945,0x2965,0x2945,0x2945,0x2945,0x18C3,0x0020,
0x0020,0x0000,0x0000,0x0020,0x0000,0x0000,0x0861,0x18A2,0x18C2,0x18C2,0x20E2,0x20E2,0x18C2,0x20C2,0x20C2,0x18C2,
0x18C2,0x18C2,0x18C2,0x20C2,0x20C2,0x20C2,0x20C2,0x20C2,0x20C3,0x20C3,0x20C2,0x20C2,0x18C2,0x18C2,0x18C2,0x18C2,
0x0862,0x0862,0x0841,0x0841,0x0861,0x0861,0x0862,0x0862,0x0862,0x0841,0x0861,0x10A2,0x18E3,0x1082,0x0841,0x0882,
0x0862,0x0862,0x0862,0x0862,0x0882,0x0862,0x0862,0x0862,0x0862,0x0862,0x0862,0x0862,0x0862,0x0862,0x0862,0x0862,
0x0862,0x0862,0x0862,0x0862,0x0862,0x0882,0x0862,0x0862,0x0882,0x0882,0x0882,0x0882,0x0862,0x0882,0x2103,0x2103,
0x2923,0x20E3,0x2103,0x20E3,0x18E3,0x1082,0x0861,0x0862,0x18A2,0x2103,0x2103,0x2103,0x20E3,0x2103,0x18C3,0x0861,
0x0861,0x0861,0x18C2,0x2103,0x20E3,0x20E2,0x18E2,0x20E2,0x18C3,0x0861,0x0842,0x0862,0x0862,0x0862,0x0862,0x0862,
0x0862,0x0862,0x0862,0x0862,0x0862,0x0842,0x0842,0x0842,0x0841,0x0841,0x0841,0x0841,0x0841,0x0841,0x0841,0x0841,
0x0841,0x0841,0x0841,0x0841,0x0841,0x0841,0x0021,0x0021,0x0841,0x0821,0x0861,0x0861,0x0821,0x0021,0x0841,0x0821,
0x0821,0x0821,0x0821,0x0021,0x0021,0x0841,0x0841,0x0841,0x0021,0x0021,0x0821,0x0841,0x0841,0x0841,0x0841,0x0841,
0x0821,0x0021,0x0021,0x0021,0x0821,0x0841,0x0841,0x0821,0x0021,0x0021,0x0020,0x0020,0x0020,0x0020,0x0821,0x0841,
0x0821,0x0821,0x0821,0x0021,0x0021,0x0021,0x0021,0x0021,0x0021,0x0021,0x0821,0x0821,0x0821,0x0841,0x0841,0x0821,
0x0021,0x0841,0x0841,0x0021,0x0841,0x0020,0x0020,0x0021,0x0020,0x0020,0x0021,0x0021,0x0021,0x0021,0x0021,0x0021,
0x0021,0x0021,0x0021,0x0821,0x0821,0x0821,0x0821,0x0841,0x0821,0x0821,0x0841,0x0841,0x0841,0x0861,0x0861,0x0841,
0x0841,0x0841,0x0841,0x0841,0x0841,0x0841,0x0861,0x1082,0x18A3,0x18C3,0x18A2,0x1082,0x1081,0x18A2,0x1081,0x1082,
0x1082,0x1082,0x1082,0x1082,0x1081,0x1081,0x1061,0x0841,0x0000,0x0020,0x0000,0x0841,0x18E3,0x2104,0x2104,0x2104,
0x2104,0x2104,0x2104,0x2104,0x2104,0x2124,0x2925,0x2124,0x2925,0x2925,0x2945,0x2945,0x2945,0x2945,0x2945,0x2965,
0x2124,0x0821,0x0000,0x0000,0x0020,0x0000,0x0020,0x0020,0x0841,0x0020,0x0861,0x2104,0x2945,0x2965,0x2945,0x18C3,
0x0841,0x0000,0x0020,0x0000,0x0020,0x20E4,0x2945,0x2945,0x2945,0x2124,0x18C3,0x0020,0x2945,0x2945,0x2945,0x2945,
0x2104,0x0841,0x0841,0x18E3,0x2945,0x2945,0x2945,0x2965,0x2945,0x2965,0x2925,0x2925,0x2945,0x2945,0x2104,0x0841,
0x0000,0x0000,0x0000,0x0000,0x0820,0x0820,0x1081,0x18C2,0x18C2,0x20C2,0x20C2,0x20C2,0x18C2,0x18C2,0x18C2,0x18C2,
0x18C2,0x20C2,0x20C2,0x20C2,0x20C2,0x20C2,0x20C3,0x20C3,0x20C3,0x20C2,0x18C2,0x18C2,0x18C2,0x18C2,0x18C2,0x18C2,
0x0862,0x0862,0x0841,0x0841,0x0861,0x0861,0x0862,0x0862,0x0862,0x0841,0x0841,0x0861,0x10A2,0x18C2,0x1082,0x0841,
0x0862,0x0862,0x0862,0x0862,0x0862,0x0862,0x0862,0x0882,0x0862,0x0862,0x0862,0x0862,0x0862,0x0862,0x0862,0x0862,
0x0862,0x0862,0x0862,0x0862,0x0862,0x0882,0x0862,0x0862,0x0882,0x0882,0x0882,0x0882,0x0862,0x0882,0x18C2,0x2103,
0x2103,0x2103,0x20E3,0x2103,0x2103,0x20E3,0x1082,0x0882,0x10A2,0x2103,0x2103,0x2103,0x20E3,0x2103,0x18C3,0x0862,
0x0862,0x18C3,0x18E3,0x20E3,0x20E3,0x20E2,0x18C2,0x18E2,0x10A2,0x0861,0x0842,0x0862,0x0862,0x0862,0x0862,0x0862,
0x0862,0x0862,0x0862,0x0862,0x0862,0x0842,0x0842,0x0842,0x0841,0x0841,0x0841,0x0841,0x0841,0x0841,0x0841,0x0841,
0x0841,0x0841,0x0841,0x0841,0x0841,0x0021,0x0841,0x0841,0x0821,0x0841,0x0861,0x0841,0x0821,0x0021,0x0821,0x0821,
0x0821,0x0821,0x0821,0x0021,0x0021,0x0821,0x0821,0x0021,0x0021,0x0021,0x0821,0x0821,0x0841,0x0841,0x0841,0x0821,
0x0821,0x0021,0x0021,0x0021,0x0021,0x0821,0x0821,0x0021,0x0021,0x0021,0x0020,0x0020,0x0020,0x0020,0x0821,0x0841,
0x0821,0x0021,0x0021,0x0021,0x0021,0x0021,0x0021,0x0021,0x0021,0x0821,0x0841,0x0841,0x0821,0x0841,0x0841,0x0821,
0x0021,0x0841,0x0841,0x0821,0x0841,0x0020,0x0020,0x0021,0x0020,0x0021,0x0021,0x0021,0x0021,0x0021,0x0021,0x0021,
0x0021,0x0021,0x0021,0x0021,0x0821,0x0021,0x0821,0x0821,0x0841,0x0841,0x0841,0x0841,0x0821,0x0841,0x0861,0x0861,
0x0821,0x0821,0x0841,0x0841,0x0841,0x0821,0x0841,0x0841,0x0841,0x10A2,0x18C3,0x18A2,0x1081,0x1081,0x1082,0x1882,
0x1081,0x1082,0x1882,0x18A2,0x18A2,0x18A2,0x1082,0x1081,0x0841,0x0000,0x0000,0x0020,0x0841,0x18C3,0x2124,0x2104,
0x2104,0x2104,0x2124,0x2124,0x2124,0x2124,0x2124,0x2124,0x2124,0x2945,0x2945,0x2945,0x2945,0x2945,0x2945,0x2945,
0x18E3,0x0000,0x0020,0x0000,0x0000,0x0000,0x0000,0x0020,0x0841,0x18C3,0x2965,0x3166,0x2925,0x18C3,0x0821,0x0000,
0x0000,0x0000,0x0000,0x0841,0x20E4,0x2945,0x2945,0x2945,0x2124,0x2945,0x2124,0x18E3,0x2945,0x2965,0x2925,0x1062,
0x0000,0x1082,0x2104,0x2945,0x2945,0x2945,0x2965,0x2945,0x2945,0x2925,0x2945,0x2945,0x2925,0x2925,0x20E4,0x1062,
0x0000,0x0021,0x0000,0x0000,0x0841,0x1082,0x18C2,0x18C2,0x18C2,0x20C2,0x20C2,0x20C2,0x18C2,0x18C2,0x20C2,0x20C2,
0x20C2,0x20C2,0x20C2,0x20E2,0x20C3,0x20C3,0x20C3,0x20C3,0x20C3,0x20C2,0x18C2,0x18C2,0x18C2,0x18C2,0x18C2,0x18C2,
0x0861,0x0861,0x0861,0x0861,0x0861,0x0862,0x0862,0x0862,0x0841,0x0862,0x0841,0x0841,0x0861,0x18C3,0x18C3,0x0841,
0x0862,0x0862,0x0862,0x0862,0x0862,0x0862,0x0862,0x0862,0x0862,0x0862,0x0862,0x0862,0x0862,0x0862,0x0862,0x0862,
0x0862,0x0862,0x0862,0x0862,0x0862,0x0862,0x0862,0x0862,0x0862,0x0882,0x0862,0x0862,0x0882,0x0862,0x1082,0x18C3,
0x2103,0x2923,0x2103,0x2103,0x2123,0x2103,0x18C3,0x1061,0x10A2,0x20E3,0x2103,0x2103,0x20E3,0x20E3,0x18C3,0x0861,
0x10A2,0x2103,0x2103,0x20E2,0x20E3,0x20E2,0x18E3,0x18E3,0x0882,0x0861,0x0862,0x0862,0x0862,0x0862,0x0862,0x0862,
0x0862,0x0862,0x0862,0x0862,0x0862,0x0842,0x0842,0x0842,0x0841,0x0841,0x0841,0x0841,0x0841,0x0841,0x0841,0x0841,
0x0841,0x0841,0x0841,0x0841,0x0841,0x0841,0x0841,0x0841,0x0841,0x0861,0x0841,0x0021,0x0021,0x0021,0x0021,0x0841,
0x0821,0x0841,0x0821,0x0021,0x0021,0x0021,0x0021,0x0021,0x0821,0x0821,0x0021,0x0821,0x0821,0x0821,0x0821,0x0821,
0x0821,0x0821,0x0021,0x0021,0x0021,0x0021,0x0021,0x0021,0x0021,0x0021,0x0021,0x0020,0x0020,0x0020,0x0021,0x0821,
0x0021,0x0021,0x0021,0x0021,0x0021,0x0021,0x0021,0x0021,0x0021,0x0821,0x0841,0x0841,0x0821,0x0841,0x0821,0x0821,
0x0021,0x0841,0x0821,0x0841,0x0841,0x0020,0x0020,0x0021,0x0021,0x0021,0x0021,0x0021,0x0021,0x0021,0x0021,0x0021,
0x0021,0x0021,0x0021,0x0021,0x0021,0x0020,0x0021,0x0821,0x0841,0x0821,0x0841,0x0841,0x0020,0x0821,0x0841,0x0861,
0x0841,0x0841,0x0841,0x0841,0x0841,0x0841,0x0841,0x0821,0x0841,0x0841,0x10A2,0x18C3,0x18A2,0x1082,0x1082,0x1081,
0x1881,0x1882,0x18A2,0x18A2,0x18A2,0x18A2,0x18A2,0x1082,0x1082,0x0841,0x0000,0x0000,0x0000,0x0821,0x10A2,0x2104,
0x2124,0x2104,0x2104,0x2124,0x2124,0x2104,0x2104,0x2124,0x2124,0x2925,0x2925,0x2945,0x2945,0x2945,0x2945,0x2945,
0x18A3,0x0000,0x0020,0x0000,0x0020,0x0000,0x0821,0x18C3,0x2104,0x2965,0x2945,0x18C3,0x0841,0x0020,0x0020,0x0000,
0x0000,0x0020,0x0000,0x1082,0x2945,0x2945,0x2124,0x2945,0x2945,0x2945,0x2945,0x2945,0x2945,0x20E4,0x0861,0x0020,
0x10A2,0x2104,0x2965,0x2945,0x2124,0x2945,0x2945,0x2925,0x2945,0x2945,0x2925,0x20E4,0x2104,0x2945,0x10A2,0x0000,
0x0000,0x0000,0x0000,0x0841,0x1082,0x18C2,0x18C2,0x18C2,0x20C2,0x20C2,0x18C2,0x18C2,0x18C2,0x18C2,0x20C2,0x20C2,
0x20C2,0x20E2,0x20E3,0x20E3,0x20E3,0x20E3,0x20C3,0x20C3,0x20C3,0x20C2,0x18C2,0x18C2,0x18C2,0x18C2,0x18C2,0x18C2,
0x0861,0x0861,0x0861,0x0861,0x0861,0x0861,0x0862,0x0862,0x0841,0x0841,0x0841,0x0841,0x0841,0x10A2,0x18C3,0x1082,
0x0862,0x0862,0x0862,0x0862,0x0862,0x0862,0x0862,0x0862,0x0862,0x0862,0x0862,0x0862,0x0862,0x0862,0x0862,0x0862,
0x0862,0x0862,0x0862,0x0862,0x0862,0x0862,0x0862,0x0862,0x0862,0x0862,0x0862,0x0862,0x0882,0x0862,0x0861,0x10A2,
0x2123,0x2103,0x2103,0x2103,0x2103,0x20E3,0x2104,0x10A2,0x18A2,0x20E3,0x2103,0x2103,0x2103,0x20E3,0x18C3,0x1082,
0x18E3,0x2103,0x2103,0x20E2,0x18C2,0x20E3,0x20E3,0x10A2,0x0862,0x0861,0x0862,0x0862,0x0862,0x0862,0x0862,0x0862,
0x0862,0x0862,0x0862,0x0862,0x0842,0x0842,0x0841,0x0841,0x0841,0x0841,0x0841,0x0841,0x0841,0x0841,0x0841,0x0841,
0x0841,0x0841,0x0841,0x0841,0x0841,0x0841,0x0841,0x0841,0x0841,0x0861,0x0841,0x0021,0x0841,0x0841,0x0021,0x0841,
0x0841,0x0841,0x0821,0x0021,0x0021,0x0021,0x0021,0x0021,0x0841,0x0821,0x0821,0x0021,0x0821,0x0821,0x0821,0x0821,
0x0821,0x0821,0x0821,0x0821,0x0021,0x0021,0x0021,0x0021,0x0021,0x0021,0x0021,0x0021,0x0021,0x0021,0x0021,0x0021,
0x0021,0x0021,0x0020,0x0020,0x0021,0x0021,0x0021,0x0021,0x0021,0x0821,0x0841,0x0821,0x0821,0x0821,0x0821,0x0021,
0x0821,0x0841,0x0821,0x0841,0x0841,0x0020,0x0020,0x0021,0x0021,0x0021,0x0021,0x0021,0x0021,0x0021,0x0021,0x0021,
0x0021,0x0021,0x0021,0x0021,0x0020,0x0020,0x0821,0x0821,0x0821,0x0021,0x0821,0x0841,0x0020,0x0020,0x0841,0x0841,
0x0841,0x0841,0x0841,0x0841,0x0841,0x0841,0x0841,0x0841,0x0861,0x0841,0x0841,0x1082,0x18A2,0x10A2,0x1081,0x1081,
0x1881,0x1882,0x18A2,0x18A2,0x1082,0x18A2,0x1082,0x1082,0x1061,0x1061,0x0820,0x0000,0x0000,0x0000,0x0841,0x2104,
0x2104,0x2124,0x2104,0x2104,0x2104,0x2104,0x2104,0x2925,0x2124,0x2124,0x2124,0x2945,0x2945,0x2945,0x2945,0x2945,
0x1082,0x0000,0x0000,0x0020,0x0000,0x0821,0x18C3,0x2945,0x2965,0x3166,0x18C3,0x0821,0x0821,0x0000,0x0000,0x0000,
0x0000,0x0000,0x0000,0x18C3,0x2925,0x2124,0x2945,0x2945,0x2925,0x2925,0x2945,0x2945,0x18C3,0x0861,0x0000,0x1082,
0x2945,0x2945,0x2945,0x2945,0x2945,0x2945,0x2945,0x2945,0x2925,0x2124,0x2104,0x2104,0x2124,0x20E4,0x0841,0x0000,
0x0000,0x0000,0x0820,0x1082,0x18C2,0x18A2,0x18C2,0x20C2,0x18C2,0x18C2,0x18C2,0x18C2,0x18C2,0x18C2,0x20C2,0x20E2,
0x20E2,0x20E3,0x20E3,0x20E3,0x20E3,0x20E3,0x20C3,0x20C3,0x20C3,0x20C2,0x18C2,0x18C2,0x18C2,0x18C2,0x18C2,0x18C2,
0x0861,0x0861,0x0841,0x0841,0x0841,0x0841,0x0861,0x0861,0x0861,0x0861,0x0841,0x0841,0x0821,0x0861,0x10A2,0x18E3,
0x0862,0x0861,0x0861,0x0862,0x0862,0x0862,0x0862,0x0862,0x0862,0x0862,0x0862,0x0862,0x0862,0x0862,0x0862,0x0862,
0x0862,0x0862,0x0862,0x0862,0x0862,0x0862,0x0882,0x0882,0x0882,0x0862,0x0882,0x0862,0x0862,0x0862,0x0862,0x0882,
0x18C2,0x2104,0x2103,0x2103,0x20E2,0x2103,0x2103,0x20E3,0x18C2,0x20E3,0x2103,0x2103,0x2103,0x2103,0x20E3,0x18C2,
0x2103,0x20E2,0x20E3,0x20E3,0x18E3,0x18E3,0x10C3,0x0862,0x0862,0x0862,0x0862,0x0862,0x0862,0x0862,0x0862,0x0862,
0x0862,0x0862,0x0862,0x0862,0x0842,0x0842,0x0842,0x0841,0x0862,0x0842,0x0841,0x0841,0x0841,0x0841,0x0841,0x0841,
0x0841,0x0841,0x0841,0x0841,0x0841,0x0821,0x0841,0x0861,0x0862,0x0841,0x0821,0x0021,0x0841,0x0841,0x0841,0x0841,
0x0841,0x0841,0x0841,0x0821,0x0821,0x0021,0x0021,0x0821,0x0841,0x0841,0x0821,0x0821,0x0821,0x0821,0x0821,0x0821,
0x0821,0x0821,0x0841,0x0841,0x0821,0x0821,0x0821,0x0821,0x0021,0x0021,0x0021,0x0021,0x0021,0x0021,0x0021,0x0021,
0x0021,0x0021,0x0021,0x0020,0x0020,0x0021,0x0021,0x0021,0x0021,0x0821,0x0841,0x0821,0x0821,0x0821,0x0821,0x0821,
0x0821,0x0841,0x0021,0x0841,0x0821,0x0020,0x0021,0x0021,0x0021,0x0021,0x0021,0x0021,0x0021,0x0021,0x0021,0x0021,
0x0821,0x0021,0x0021,0x0021,0x0021,0x0021,0x0821,0x0841,0x0821,0x0021,0x0821,0x0841,0x0821,0x0020,0x0821,0x0821,
0x0841,0x0841,0x0841,0x0841,0x0841,0x0841,0x0841,0x0841,0x0841,0x0862,0x0841,0x0841,0x1061,0x1082,0x1081,0x1081,
0x1081,0x1882,0x18A2,0x18A2,0x18A2,0x18A2,0x18A2,0x18A2,0x18A2,0x18A2,0x1061,0x0841,0x0000,0x0000,0x0000,0x0821,
0x10A2,0x20E4,0x2124,0x2104,0x2104,0x2104,0x2104,0x2124,0x2925,0x2124,0x2124,0x2945,0x2945,0x2945,0x2945,0x2104,
0x0841,0x0821,0x0000,0x0861,0x2104,0x2945,0x2945,0x2124,0x18C3,0x0841,0x0020,0x0000,0x0000,0x0000,0x0000,0x0020,
0x0000,0x0000,0x0000,0x2104,0x2925,0x2124,0x2925,0x2104,0x2945,0x2945,0x2104,0x1082,0x0821,0x0821,0x20E4,0x2945,
0x2945,0x2945,0x2945,0x2945,0x2945,0x2925,0x2124,0x2104,0x2104,0x2104,0x2124,0x2124,0x18C3,0x0821,0x0000,0x0000,
0x0000,0x0841,0x1081,0x18A2,0x18C2,0x18C2,0x20C2,0x18C2,0x18C2,0x18C2,0x18C2,0x18A2,0x18C2,0x18C2,0x20E2,0x20E3,
0x20C3,0x20E3,0x20E3,0x20E3,0x20E3,0x20C3,0x20C3,0x20C3,0x20C3,0x18C3,0x18C3,0x18C3,0x18C2,0x18C2,0x18C2,0x18C2,
0x0841,0x0861,0x0841,0x0841,0x0841,0x0841,0x0861,0x0861,0x0861,0x0861,0x0841,0x0841,0x0841,0x0841,0x0861,0x10A2,
0x18C3,0x1082,0x0862,0x0862,0x0862,0x0862,0x0862,0x0862,0x0862,0x0862,0x0862,0x0862,0x0862,0x0862,0x0862,0x0862,
0x0862,0x0862,0x0862,0x0862,0x0862,0x0862,0x0882,0x0882,0x0882,0x0862,0x0882,0x0862,0x0862,0x0862,0x0882,0x0862,
0x1061,0x2103,0x2103,0x20E3,0x2103,0x2103,0x20E3,0x2103,0x2103,0x2103,0x2103,0x2103,0x2103,0x2103,0x2103,0x20E3,
0x20E3,0x20E2,0x20E3,0x20E2,0x2103,0x18E3,0x0882,0x0861,0x0862,0x0862,0x0862,0x0862,0x0862,0x0862,0x0862,0x0862,
0x0862,0x0862,0x0862,0x0862,0x0842,0x0842,0x0841,0x0841,0x0862,0x0842,0x0841,0x0841,0x0841,0x0841,0x0841,0x0841,
0x0841,0x0841,0x0841,0x0841,0x0841,0x0821,0x0841,0x1082,0x0861,0x0821,0x0021,0x0821,0x0021,0x0021,0x0841,0x0841,
0x0841,0x0841,0x0841,0x0841,0x0821,0x0821,0x0841,0x0841,0x0841,0x0841,0x0841,0x0841,0x0821,0x0841,0x0821,0x0821,
0x0841,0x0841,0x0841,0x0841,0x0841,0x0841,0x0841,0x0841,0x0021,0x0821,0x0821,0x0021,0x0021,0x0021,0x0021,0x0021,
0x0021,0x0021,0x0021,0x0021,0x0020,0x0021,0x0021,0x0021,0x0021,0x0821,0x0841,0x0841,0x0841,0x0841,0x0841,0x0821,
0x0821,0x0821,0x0021,0x0841,0x0021,0x0020,0x0021,0x0021,0x0021,0x0021,0x0021,0x0021,0x0021,0x0021,0x0021,0x0021,
0x0841,0x0841,0x0821,0x0821,0x0021,0x0021,0x0021,0x0821,0x0841,0x0821,0x0020,0x0821,0x0821,0x0821,0x0821,0x0821,
0x0020,0x0861,0x0861,0x0841,0x0861,0x0861,0x0841,0x0841,0x0841,0x0861,0x0841,0x0821,0x0841,0x1061,0x1061,0x1082,
0x1081,0x1082,0x18A2,0x18A2,0x18A2,0x18A2,0x18A2,0x18A2,0x1882,0x1081,0x1082,0x1081,0x0821,0x0820,0x0000,0x0000,
0x0020,0x10A2,0x2104,0x2104,0x2104,0x2104,0x2104,0x2104,0x2124,0x2925,0x2124,0x2124,0x2925,0x2945,0x2925,0x18C3,
0x0821,0x1062,0x18C3,0x2945,0x2945,0x2124,0x20E4,0x0861,0x0020,0x0000,0x0000,0x0020,0x0020,0x0020,0x0000,0x0000,
0x0000,0x0020,0x0000,0x2124,0x2925,0x2124,0x2124,0x2925,0x2124,0x18C3,0x0861,0x0000,0x1082,0x20E4,0x2945,0x2945,
0x2925,0x2925,0x2124,0x2104,0x2104,0x2104,0x2124,0x2104,0x2104,0x2125,0x2104,0x1082,0x0821,0x0000,0x0020,0x0000,
0x0821,0x1082,0x18C2,0x18C2,0x18C2,0x20C2,0x20E2,0x18C2,0x18C2,0x18C2,0x18A2,0x18C2,0x18C2,0x18C2,0x20E2,0x20E3,
0x20E3,0x20E3,0x20E3,0x20E3,0x20E3,0x20E3,0x20E3,0x20E3,0x20E3,0x20E3,0x20C3,0x20C3,0x20C3,0x20C2,0x20C2,0x20C2,
0x0841,0x0841,0x0841,0x0841,0x0841,0x0841,0x0861,0x0861,0x0861,0x0861,0x0842,0x0842,0x0841,0x0021,0x0841,0x0861,
0x18E3,0x18C2,0x1082,0x0861,0x0861,0x0862,0x0862,0x0862,0x0862,0x0862,0x0862,0x0862,0x0862,0x0862,0x0862,0x0862,
0x0862,0x0862,0x0862,0x0862,0x0862,0x0862,0x0882,0x0882,0x0882,0x0882,0x0862,0x0862,0x0862,0x0862,0x0882,0x0882,
0x0862,0x10C3,0x2103,0x18E3,0x2123,0x2103,0x20E2,0x20E3,0x2103,0x2103,0x2103,0x2103,0x2103,0x2103,0x2103,0x20E3,
0x20E3,0x2103,0x20E3,0x20E3,0x18E3,0x10A2,0x0862,0x0862,0x0882,0x0882,0x0862,0x0862,0x0862,0x0862,0x0862,0x0862,
0x0862,0x0862,0x0862,0x0862,0x0862,0x0862,0x0862,0x0842,0x0862,0x0862,0x0842,0x0842,0x0842,0x0841,0x0841,0x0841,
0x0841,0x0841,0x0841,0x0841,0x0841,0x0861,0x0861,0x0861,0x0841,0x0021,0x0021,0x0841,0x0021,0x0841,0x0841,0x0841,
0x0841,0x0841,0x0841,0x0841,0x0841,0x0021,0x0841,0x0841,0x0841,0x0841,0x0841,0x0841,0x0841,0x0841,0x0821,0x0821,
0x0841,0x0841,0x0841,0x0841,0x0841,0x0841,0x0841,0x0821,0x0821,0x0821,0x0821,0x0821,0x0821,0x0821,0x0821,0x0021,
0x0021,0x0021,0x0021,0x0021,0x0021,0x0021,0x0021,0x0021,0x0021,0x0841,0x0841,0x0841,0x0821,0x0841,0x0821,0x0821,
0x0821,0x0821,0x0021,0x0841,0x0020,0x0020,0x0021,0x0021,0x0021,0x0021,0x0021,0x0021,0x0021,0x0021,0x0021,0x0021,
0x0841,0x0821,0x0821,0x0821,0x0021,0x0020,0x0020,0x0821,0x0821,0x0821,0x0821,0x0821,0x0821,0x0821,0x0821,0x0821,
0x0020,0x1062,0x0861,0x0841,0x1062,0x1082,0x0841,0x0841,0x0841,0x0841,0x0821,0x0841,0x0841,0x0861,0x1061,0x1082,
0x1082,0x1882,0x1882,0x1882,0x1882,0x18A2,0x18A2,0x18A2,0x18A2,0x18A2,0x18A2,0x1082,0x1081,0x0820,0x0000,0x0000,
0x0000,0x0841,0x10A2,0x20E4,0x2104,0x2104,0x2124,0x2104,0x2104,0x2124,0x2104,0x2124,0x2124,0x2945,0x2945,0x18C3,
0x18C3,0x2104,0x2924,0x2945,0x2104,0x1082,0x0841,0x0000,0x0000,0x0020,0x0000,0x0000,0x0000,0x0000,0x0841,0x0000,
0x0000,0x0020,0x0000,0x2104,0x2925,0x2925,0x2124,0x2124,0x18C3,0x0841,0x0020,0x0841,0x2124,0x2945,0x2925,0x2945,
0x2965,0x2945,0x2945,0x2945,0x2124,0x2104,0x2124,0x2124,0x2925,0x2124,0x1082,0x0020,0x0000,0x0000,0x0000,0x0820,
0x1081,0x18A2,0x18A2,0x18C2,0x20C2,0x18C2,0x20C2,0x18C2,0x18C2,0x18C2,0x18C2,0x18C2,0x18C2,0x20E2,0x20E3,0x20E3,
0x20E3,0x20E3,0x20E3,0x20E3,0x20E3,0x20E3,0x20E3,0x20E3,0x20E3,0x20E3,0x20E3,0x20C3,0x20C3,0x20C3,0x20C3,0x20C3,
0x0841,0x0841,0x0841,0x0841,0x0841,0x0841,0x0861,0x0861,0x0861,0x0861,0x0842,0x0841,0x0841,0x0841,0x0861,0x0841,
0x0861,0x10A2,0x18E3,0x18C3,0x0882,0x0862,0x0862,0x0862,0x0862,0x0862,0x0862,0x0862,0x0862,0x0862,0x0862,0x0862,
0x0862,0x0862,0x0862,0x0862,0x0862,0x0862,0x0882,0x0882,0x0882,0x0882,0x0862,0x0862,0x0882,0x0862,0x0882,0x0882,
0x0862,0x0861,0x18A2,0x2103,0x20E2,0x2123,0x2103,0x2103,0x20E2,0x2103,0x2103,0x2103,0x2103,0x2103,0x2103,0x2103,
0x2103,0x2103,0x20E3,0x20E3,0x10A2,0x0861,0x0862,0x0862,0x0862,0x0862,0x0862,0x0862,0x0862,0x0862,0x0862,0x0862,
0x0862,0x0862,0x0862,0x0862,0x0862,0x0862,0x0862,0x0862,0x0862,0x0862,0x0842,0x0842,0x0842,0x0842,0x0841,0x0841,
0x0841,0x0841,0x0841,0x0841,0x0861,0x1082,0x0861,0x0840,0x0021,0x0821,0x0821,0x0021,0x0841,0x0841,0x0841,0x0841,
0x0841,0x0841,0x0841,0x0841,0x0841,0x0021,0x0841,0x0841,0x0841,0x0841,0x0841,0x0841,0x0841,0x0841,0x0841,0x0821,
0x0841,0x0841,0x0841,0x0841,0x0841,0x0841,0x0821,0x0021,0x0821,0x0841,0x0841,0x0821,0x0821,0x0841,0x0821,0x0021,
0x0021,0x0021,0x0021,0x0021,0x0021,0x0021,0x0021,0x0021,0x0021,0x0841,0x0841,0x0821,0x0821,0x0821,0x0821,0x0021,
0x0821,0x0821,0x0021,0x0841,0x0020,0x0020,0x0021,0x0021,0x0021,0x0021,0x0021,0x0021,0x0021,0x0021,0x0021,0x0021,
0x0021,0x0021,0x0021,0x0821,0x0821,0x0021,0x0020,0x0021,0x0020,0x0821,0x0821,0x0821,0x0841,0x0841,0x0821,0x0821,
0x0820,0x1082,0x0841,0x0000,0x0861,0x1082,0x0861,0x0861,0x0841,0x0841,0x0841,0x0841,0x0841,0x1061,0x1082,0x1082,
0x1082,0x1882,0x1882,0x1882,0x18A2,0x18A2,0x18A2,0x18A2,0x18A2,0x18A2,0x18A2,0x1081,0x18A2,0x1082,0x0841,0x0820,
0x0020,0x0000,0x0821,0x1082,0x18E3,0x2104,0x2104,0x2104,0x2104,0x2124,0x2104,0x2945,0x2925,0x2124,0x2945,0x2925,
0x2925,0x2124,0x18E3,0x1082,0x0020,0x0841,0x1062,0x0861,0x0841,0x0821,0x0020,0x0000,0x0020,0x0020,0x0000,0x0020,
0x0020,0x0000,0x0000,0x2104,0x2124,0x2925,0x18E3,0x0841,0x0000,0x0841,0x18A3,0x2925,0x2945,0x2124,0x2945,0x2104,
0x18A3,0x1062,0x1082,0x18C3,0x18C3,0x18E3,0x18E3,0x18C3,0x0862,0x0821,0x0000,0x0020,0x0000,0x0820,0x0861,0x10A2,
0x18A2,0x18C2,0x18C2,0x18C2,0x20C2,0x18C2,0x20C2,0x20C2,0x18C2,0x18C2,0x18C2,0x18C2,0x20C2,0x20E3,0x20E3,0x20E3,
0x20E3,0x20E3,0x20E3,0x20E3,0x20E3,0x20E3,0x20E3,0x20E3,0x20E3,0x20E3,0x20E3,0x20E3,0x20E3,0x20C3,0x20C3,0x20C3,
0x0841,0x0841,0x0841,0x0841,0x0841,0x0841,0x0861,0x0861,0x0841,0x0861,0x0861,0x0861,0x0862,0x0841,0x0841,0x0841,
0x0041,0x0861,0x10A2,0x18C3,0x18E3,0x18C2,0x1082,0x0861,0x0862,0x0862,0x0862,0x0862,0x0862,0x0862,0x0862,0x0862,
0x0862,0x0862,0x0862,0x0862,0x0862,0x0862,0x0862,0x0882,0x0882,0x0882,0x0862,0x0862,0x0882,0x0882,0x0882,0x0882,
0x0882,0x0862,0x0882,0x18C3,0x2103,0x2103,0x2103,0x2103,0x2103,0x20E3,0x2103,0x2103,0x2103,0x2103,0x2103,0x2103,
0x20E3,0x2103,0x18E3,0x10A2,0x0862,0x0862,0x0862,0x0862,0x0862,0x0862,0x0862,0x0862,0x0862,0x0862,0x0862,0x0862,
0x0882,0x0862,0x0862,0x0862,0x0862,0x0862,0x0862,0x0862,0x0862,0x0842,0x0841,0x0841,0x0841,0x0841,0x0841,0x0841,
0x0841,0x0841,0x0861,0x1082,0x1082,0x0861,0x0841,0x0021,0x0021,0x0841,0x0841,0x0841,0x0841,0x0841,0x0841,0x0841,
0x0841,0x0841,0x0841,0x0841,0x0841,0x0841,0x0841,0x0841,0x0841,0x0841,0x0841,0x0841,0x0841,0x0841,0x0841,0x0841,
0x0841,0x0841,0x0841,0x0841,0x0841,0x0841,0x0841,0x0821,0x0841,0x0841,0x0841,0x0841,0x0841,0x0841,0x0821,0x0821,
0x0821,0x0821,0x0821,0x0821,0x0021,0x0021,0x0021,0x0021,0x0021,0x0021,0x0841,0x0841,0x0841,0x0021,0x0821,0x0841,
0x0821,0x0841,0x0841,0x0821,0x0021,0x0020,0x0021,0x0021,0x0021,0x0021,0x0021,0x0020,0x0020,0x0020,0x0020,0x0021,
0x0021,0x0021,0x0020,0x0020,0x0020,0x0020,0x0020,0x0020,0x0821,0x0841,0x0841,0x0841,0x0841,0x0841,0x0021,0x0821,
0x0041,0x18C3,0x0861,0x0000,0x0861,0x0841,0x1061,0x1082,0x0841,0x0841,0x0841,0x0861,0x0861,0x1082,0x1082,0x1082,
0x1081,0x1882,0x1882,0x1082,0x18A2,0x18A2,0x18A2,0x18A2,0x18A2,0x18A2,0x18A2,0x18A2,0x1082,0x1082,0x1061,0x1041,
0x0020,0x0000,0x0020,0x0000,0x0841,0x18C3,0x2124,0x20E4,0x2124,0x2104,0x2124,0x2124,0x2124,0x2124,0x2925,0x2124,
0x18E3,0x1082,0x0020,0x0020,0x18C3,0x2104,0x2925,0x2925,0x2925,0x18C3,0x0861,0x0000,0x0000,0x0020,0x0000,0x0020,
0x0000,0x0000,0x0000,0x20E4,0x2925,0x20E4,0x0000,0x0020,0x0841,0x20E4,0x2124,0x2124,0x2925,0x2925,0x2945,0x2104,
0x1082,0x0841,0x0000,0x0020,0x0000,0x0000,0x0020,0x0000,0x0000,0x0000,0x0000,0x0000,0x0820,0x1061,0x18A2,0x18A2,
0x18C2,0x18C2,0x18C2,0x20C2,0x20C2,0x20C2,0x20C2,0x20C2,0x18C2,0x18C2,0x18C2,0x18C2,0x20E3,0x20E3,0x20E3,0x20E3,
0x20E3,0x20E3,0x20E3,0x20E3,0x20E3,0x20E3,0x20E3,0x20E3,0x20E3,0x20E3,0x20E3,0x20E3,0x20E3,0x20E3,0x20E3,0x20E3,
0x0841,0x0841,0x0841,0x0841,0x0841,0x0841,0x0861,0x0861,0x0841,0x0861,0x0861,0x0862,0x0862,0x0862,0x0841,0x0841,
0x0861,0x0841,0x0841,0x0882,0x18C2,0x18C3,0x18C3,0x18C3,0x0862,0x0862,0x0862,0x0862,0x0862,0x0862,0x0862,0x0862,
0x0862,0x0862,0x0862,0x0862,0x0862,0x0862,0x0862,0x0862,0x0862,0x0862,0x0862,0x0862,0x0882,0x0882,0x0882,0x0882,
0x0882,0x0862,0x0861,0x1082,0x18C2,0x2103,0x2103,0x20E2,0x2103,0x20E3,0x20E3,0x2103,0x2103,0x2103,0x2103,0x20E2,
0x2103,0x2103,0x18C3,0x1081,0x0862,0x0862,0x0862,0x0862,0x0862,0x0862,0x0862,0x0862,0x0862,0x0862,0x0862,0x0862,
0x0861,0x0862,0x0862,0x0862,0x0862,0x0862,0x0862,0x0862,0x0862,0x0862,0x0862,0x0862,0x0861,0x0841,0x0841,0x0841,
0x0861,0x1082,0x1082,0x1082,0x0861,0x0821,0x0021,0x0021,0x0841,0x0841,0x0841,0x0841,0x0841,0x0841,0x0841,0x0841,
0x0841,0x0841,0x0841,0x0841,0x0841,0x0841,0x0841,0x0841,0x0841,0x0841,0x0841,0x0841,0x0841,0x0841,0x0841,0x0841,
0x0841,0x0841,0x0841,0x0841,0x0841,0x0841,0x0841,0x0841,0x0841,0x0841,0x0841,0x0841,0x0841,0x0841,0x0841,0x0841,
0x0841,0x0841,0x0841,0x0821,0x0021,0x0021,0x0021,0x0021,0x0021,0x0021,0x0021,0x0821,0x0021,0x0021,0x0021,0x0821,
0x0021,0x0021,0x0821,0x0021,0x0020,0x0020,0x0020,0x0021,0x0020,0x0020,0x0021,0x0021,0x0021,0x0020,0x0021,0x0021,
0x0021,0x0021,0x0021,0x0020,0x0020,0x0021,0x0020,0x0821,0x0841,0x0841,0x0841,0x0841,0x0841,0x0821,0x0021,0x0821,
0x0841,0x10A3,0x1082,0x0841,0x0821,0x0821,0x1061,0x18A2,0x1082,0x1061,0x0841,0x0841,0x0861,0x1082,0x1082,0x1082,
0x1881,0x1882,0x1882,0x1082,0x1882,0x1882,0x18A2,0x18A2,0x18A2,0x18A2,0x18A2,0x18A2,0x18A2,0x1882,0x1081,0x1061,
0x0861,0x0000,0x0000,0x0000,0x0000,0x0841,0x18C3,0x2104,0x2104,0x2104,0x2124,0x2924,0x2945,0x2124,0x18E3,0x1082,
0x0841,0x0000,0x0021,0x10A2,0x2124,0x2945,0x2945,0x2945,0x2945,0x2945,0x18E3,0x1082,0x0821,0x0020,0x0000,0x0020,
0x0000,0x0000,0x0000,0x18C3,0x18E3,0x0861,0x0841,0x0861,0x18C3,0x2925,0x2925,0x2925,0x2925,0x2125,0x2945,0x2925,
0x2945,0x18C3,0x0820,0x0000,0x0020,0x0000,0x0000,0x0000,0x0020,0x0000,0x0000,0x0820,0x0841,0x1081,0x18A2,0x18C2,
0x18C2,0x18C2,0x20C2,0x20C2,0x20C2,0x20C2,0x20C2,0x20C2,0x20C2,0x18C2,0x18C2,0x18C2,0x20E3,0x20E3,0x20E3,0x20E3,
0x20E3,0x20E3,0x20E3,0x20E3,0x20E3,0x20E3,0x20E3,0x20E3,0x20E3,0x20E3,0x20E3,0x20E3,0x20E3,0x20E3,0x20E3,0x20E3,
0x0841,0x0841,0x0841,0x0841,0x0841,0x0841,0x0841,0x0841,0x0841,0x0861,0x0861,0x0862,0x0862,0x0862,0x0861,0x0861,
0x0841,0x0841,0x0841,0x0841,0x0861,0x0862,0x10A2,0x18E3,0x2103,0x18C3,0x10A2,0x0861,0x0862,0x0882,0x0862,0x0862,
0x0882,0x0882,0x0862,0x0862,0x0862,0x0862,0x0862,0x0862,0x0862,0x0862,0x0882,0x0882,0x0882,0x0882,0x0862,0x0862,
0x0862,0x0862,0x0862,0x0862,0x1082,0x10C3,0x18E3,0x2103,0x2103,0x2103,0x2103,0x2103,0x2103,0x2103,0x2103,0x2103,
0x18E3,0x18C3,0x1082,0x0862,0x0862,0x0862,0x0862,0x0862,0x0862,0x0862,0x0862,0x0862,0x0862,0x0862,0x0862,0x0862,
0x0862,0x0862,0x0862,0x0862,0x0862,0x0862,0x0862,0x0862,0x0862,0x0862,0x0862,0x0862,0x0841,0x0861,0x1081,0x1082,
0x10A2,0x1082,0x0861,0x0841,0x0021,0x0021,0x0021,0x0841,0x0841,0x0841,0x0841,0x0841,0x0841,0x0841,0x0841,0x0841,
0x0841,0x0841,0x0841,0x0841,0x0841,0x0841,0x0841,0x0841,0x0841,0x0841,0x0841,0x0841,0x0841,0x0841,0x0841,0x0841,
0x0841,0x0841,0x0841,0x0841,0x0841,0x0841,0x0841,0x0841,0x0841,0x0841,0x0841,0x0841,0x0841,0x0841,0x0841,0x0841,
0x0841,0x0841,0x0841,0x0841,0x0821,0x0021,0x0021,0x0021,0x0021,0x0021,0x0021,0x0021,0x0021,0x0021,0x0021,0x0021,
0x0020,0x0021,0x0021,0x0021,0x0020,0x0020,0x0021,0x0021,0x0020,0x0021,0x0021,0x0821,0x0021,0x0020,0x0020,0x0020,
0x0020,0x0020,0x0021,0x0021,0x0021,0x0821,0x0821,0x0821,0x0821,0x0841,0x0841,0x0841,0x0841,0x0821,0x0021,0x0841,
0x0841,0x1062,0x1062,0x1062,0x0021,0x0841,0x1082,0x18A2,0x18A2,0x10A2,0x1061,0x1061,0x0841,0x1061,0x1082,0x18A2,
0x1082,0x1082,0x1081,0x1882,0x18A2,0x1881,0x1082,0x18A2,0x18A2,0x18A2,0x18A2,0x18A2,0x18A2,0x18A2,0x1882,0x1081,
0x1081,0x0841,0x0820,0x0020,0x0000,0x0000,0x0821,0x1062,0x2104,0x2124,0x2124,0x2104,0x18C3,0x1082,0x0820,0x0000,
0x0000,0x0820,0x18A2,0x2924,0x2925,0x2924,0x2925,0x2924,0x2925,0x2945,0x2945,0x2125,0x10A2,0x1082,0x10A2,0x0020,
0x0020,0x0020,0x0000,0x0841,0x0821,0x0000,0x18C3,0x2945,0x2124,0x2945,0x2104,0x2104,0x2124,0x2124,0x2124,0x2124,
0x2104,0x2124,0x10A2,0x0020,0x0000,0x0020,0x0000,0x0000,0x0000,0x0000,0x0841,0x1061,0x1882,0x18A2,0x18C2,0x18C2,
0x18C2,0x20C2,0x20C2,0x20E2,0x20E2,0x20E2,0x20C2,0x20C2,0x20E2,0x20C2,0x20C2,0x20E3,0x20E3,0x20E3,0x20E3,0x20E3,
0x20E3,0x20E3,0x20E3,0x20E3,0x20E3,0x20E3,0x20E3,0x20E3,0x20E3,0x20E3,0x20E3,0x20E3,0x20E3,0x20E3,0x20E3,0x20E3,
0x0841,0x0841,0x0841,0x0841,0x0841,0x0841,0x0841,0x0841,0x0841,0x0841,0x0861,0x0861,0x0862,0x0862,0x0862,0x0862,
0x0861,0x0861,0x0841,0x0841,0x0841,0x0841,0x0861,0x0861,0x1081,0x18C3,0x2124,0x1903,0x10A2,0x0862,0x0862,0x0862,
0x0882,0x0882,0x0882,0x0882,0x0862,0x0862,0x0862,0x0862,0x0882,0x0882,0x0882,0x0882,0x0882,0x0882,0x0862,0x0862,
0x0862,0x0862,0x0882,0x0862,0x0862,0x0862,0x10A2,0x2103,0x20E3,0x2103,0x2103,0x2103,0x2103,0x2103,0x2103,0x2103,
0x10A2,0x1082,0x0862,0x0862,0x0862,0x0862,0x0862,0x0862,0x0862,0x0862,0x0862,0x0862,0x0862,0x0862,0x0862,0x0862,
0x0862,0x0862,0x0862,0x0862,0x0862,0x0862,0x0862,0x0862,0x0862,0x0841,0x0841,0x0862,0x10A2,0x18C3,0x18A2,0x10A2,
0x0861,0x0841,0x0020,0x0021,0x0841,0x0841,0x0841,0x0021,0x0841,0x0841,0x0841,0x0841,0x0841,0x0841,0x0841,0x0841,
0x0841,0x0841,0x0841,0x0841,0x0841,0x0841,0x0841,0x0841,0x0841,0x0841,0x0841,0x0841,0x0841,0x0841,0x0841,0x0841,
0x0841,0x0841,0x0841,0x0841,0x0841,0x0841,0x0841,0x0841,0x0841,0x0841,0x0841,0x0841,0x0841,0x0841,0x0841,0x0841,
0x0841,0x0841,0x0841,0x0841,0x0821,0x0821,0x0821,0x0821,0x0841,0x0021,0x0021,0x0021,0x0021,0x0021,0x0021,0x0021,
0x0020,0x0021,0x0021,0x0021,0x0021,0x0021,0x0021,0x0021,0x0021,0x0021,0x0821,0x0021,0x0020,0x0020,0x0020,0x0020,
0x0020,0x0020,0x0021,0x0021,0x0821,0x0821,0x0821,0x0821,0x0841,0x0841,0x0841,0x0841,0x0841,0x0821,0x0021,0x0821,
0x0821,0x0821,0x0841,0x0862,0x0841,0x0841,0x10A2,0x18C2,0x18A2,0x18A2,0x18A2,0x1082,0x0861,0x0841,0x1082,0x18A2,
0x18A2,0x1082,0x1081,0x1881,0x18A2,0x18A2,0x1082,0x1082,0x18A2,0x18A2,0x18A2,0x18A2,0x18A2,0x18A2,0x1882,0x1082,
0x1081,0x1082,0x0861,0x0820,0x0000,0x0000,0x0000,0x0000,0x0841,0x1082,0x1082,0x0841,0x0020,0x0000,0x0000,0x0020,
0x0000,0x1061,0x2104,0x2945,0x2104,0x2124,0x2925,0x2945,0x2945,0x2925,0x2925,0x2945,0x18E3,0x18C3,0x2124,0x10A2,
0x0000,0x0000,0x0000,0x0000,0x0821,0x18C3,0x2104,0x2124,0x2124,0x2925,0x2124,0x2925,0x2925,0x2104,0x2104,0x2104,
0x2104,0x2945,0x18C3,0x0020,0x0000,0x0000,0x0000,0x0000,0x0000,0x0820,0x1081,0x18A2,0x18C2,0x18C2,0x18C2,0x18C2,
0x20C2,0x20C2,0x20C2,0x20E2,0x20E2,0x20E2,0x20E3,0x20E3,0x20E3,0x20E3,0x20E3,0x20E3,0x20E3,0x20E3,0x20E3,0x20E3,
0x20E3,0x20E3,0x20E3,0x20E3,0x20E3,0x20E3,0x20E3,0x20E3,0x20E3,0x20E3,0x20E3,0x20E3,0x20E3,0x20E3,0x20E3,0x20E3,
0x0841,0x0841,0x0841,0x0841,0x0841,0x0841,0x0841,0x0841,0x0841,0x0841,0x0861,0x0861,0x0861,0x0862,0x0862,0x0862,
0x0861,0x0861,0x0841,0x0841,0x0862,0x0862,0x0841,0x0841,0x0861,0x1082,0x10A2,0x18E3,0x18E3,0x18E3,0x10A2,0x0861,
0x0862,0x0862,0x0862,0x0862,0x0882,0x0882,0x0882,0x0882,0x0882,0x0882,0x0862,0x0862,0x0862,0x0862,0x0862,0x0862,
0x0862,0x0862,0x0862,0x0882,0x0882,0x0862,0x0882,0x10A3,0x18C3,0x20E3,0x2103,0x2103,0x2103,0x2103,0x18E3,0x18C3,
0x0862,0x0862,0x0862,0x0862,0x0882,0x0862,0x0862,0x0862,0x0862,0x0862,0x0862,0x0862,0x0862,0x0862,0x0862,0x0862,
0x0862,0x0862,0x0862,0x0862,0x0862,0x0842,0x0841,0x0841,0x0861,0x1061,0x10A2,0x18C2,0x18C3,0x10A2,0x0861,0x0821,
0x0021,0x0021,0x0021,0x0041,0x0841,0x0841,0x0841,0x0841,0x0841,0x0841,0x0841,0x0841,0x0841,0x0841,0x0841,0x0841,
0x0841,0x0841,0x0841,0x0841,0x0841,0x0841,0x0841,0x0841,0x0841,0x0841,0x0841,0x0841,0x0841,0x0841,0x0841,0x0841,
0x0841,0x0841,0x0841,0x0841,0x0841,0x0841,0x0841,0x0821,0x0841,0x0841,0x0841,0x0841,0x0841,0x0841,0x0841,0x0841,
0x0841,0x0841,0x0841,0x0841,0x0841,0x0821,0x0841,0x0841,0x0841,0x0021,0x0021,0x0021,0x0021,0x0021,0x0020,0x0020,
0x0021,0x0021,0x0021,0x0021,0x0021,0x0021,0x0021,0x0021,0x0021,0x0021,0x0021,0x0020,0x0020,0x0020,0x0020,0x0021,
0x0020,0x0020,0x0021,0x0821,0x0821,0x0021,0x0021,0x0021,0x0841,0x0841,0x0841,0x0841,0x0841,0x0821,0x0020,0x0821,
0x0020,0x0000,0x0841,0x0841,0x0841,0x0821,0x1082,0x18A2,0x18A2,0x18A2,0x18C2,0x18A2,0x1061,0x0841,0x0841,0x1062,
0x18C3,0x18A2,0x18A2,0x1082,0x1881,0x1881,0x18A2,0x18A2,0x18A2,0x18A2,0x1882,0x1882,0x1882,0x18A2,0x1882,0x1881,
0x1081,0x1081,0x1061,0x1061,0x0841,0x0020,0x0000,0x0020,0x0000,0x0020,0x0020,0x0000,0x0000,0x0000,0x0000,0x0000,
0x0000,0x0861,0x2104,0x2104,0x2124,0x2124,0x2945,0x2945,0x2945,0x2945,0x2925,0x2925,0x18E3,0x1082,0x2124,0x2124,
0x0821,0x0000,0x0020,0x0000,0x1062,0x2104,0x2104,0x2124,0x2124,0x2925,0x2124,0x2104,0x2104,0x2104,0x2104,0x2104,
0x2104,0x18C3,0x0861,0x0000,0x0000,0x0000,0x0000,0x0000,0x0841,0x1081,0x18A2,0x18C2,0x18A2,0x18A2,0x20C2,0x20C2,
0x18C2,0x20C2,0x20C2,0x20C2,0x20E3,0x20E3,0x20E3,0x20E3,0x20E3,0x20E3,0x20E3,0x20E3,0x20E3,0x20E3,0x20E3,0x20E3,
0x20E3,0x20E3,0x20E3,0x20E3,0x20E3,0x20E3,0x20E3,0x20E3,0x20E3,0x20E3,0x20E3,0x20E3,0x20E3,0x20E3,0x20E3,0x20E3,
0x0841,0x0841,0x0841,0x0841,0x0841,0x0861,0x0861,0x0861,0x0841,0x0841,0x0841,0x0861,0x0861,0x0861,0x0861,0x0861,
0x0861,0x0861,0x0862,0x0862,0x0862,0x0842,0x0862,0x0862,0x0841,0x0841,0x0841,0x0861,0x1082,0x18C3,0x18E3,0x2104,
0x18C3,0x10A3,0x0882,0x0862,0x0862,0x0882,0x0882,0x0882,0x0882,0x0882,0x0862,0x0862,0x0862,0x0862,0x0882,0x0882,
0x0862,0x0862,0x0862,0x0862,0x0882,0x0882,0x0862,0x0862,0x1082,0x18A2,0x2103,0x2103,0x2103,0x18E2,0x10A2,0x0862,
0x0862,0x0862,0x0862,0x0862,0x0862,0x0862,0x0862,0x0862,0x0862,0x0862,0x0862,0x0862,0x0862,0x0862,0x0862,0x0862,
0x0862,0x0862,0x0862,0x0862,0x0842,0x0862,0x1082,0x1082,0x18C3,0x18C3,0x10A2,0x0861,0x0820,0x0020,0x0021,0x0841,
0x0841,0x0841,0x0841,0x0041,0x0021,0x0021,0x0841,0x0841,0x0841,0x0841,0x0841,0x0841,0x0841,0x0841,0x0841,0x0841,
0x0841,0x0841,0x0841,0x0841,0x0841,0x0841,0x0841,0x0841,0x0841,0x0841,0x0841,0x0841,0x0041,0x0041,0x0841,0x0841,
0x0841,0x0841,0x0841,0x0821,0x0821,0x0021,0x0821,0x0821,0x0841,0x0841,0x0821,0x0841,0x0841,0x0841,0x0841,0x0841,
0x0841,0x0841,0x0841,0x0841,0x0841,0x0841,0x0841,0x0841,0x0841,0x0841,0x0021,0x0021,0x0021,0x0021,0x0021,0x0021,
0x0021,0x0021,0x0021,0x0021,0x0021,0x0021,0x0021,0x0021,0x0021,0x0021,0x0020,0x0020,0x0020,0x0020,0x0821,0x0821,
0x0020,0x0020,0x0021,0x0821,0x0821,0x0021,0x0021,0x0021,0x0841,0x0821,0x0020,0x0020,0x0821,0x0020,0x0821,0x0841,
0x0841,0x0821,0x0821,0x0020,0x1062,0x0841,0x1061,0x10A2,0x18A2,0x18A2,0x18A2,0x18A2,0x18A2,0x1082,0x0861,0x0841,
0x1082,0x1082,0x18A2,0x18A2,0x1882,0x1881,0x1082,0x1882,0x18A2,0x1082,0x1881,0x1881,0x1882,0x1882,0x1881,0x1881,
0x1081,0x1081,0x1082,0x1082,0x1082,0x0841,0x0020,0x0000,0x0000,0x0000,0x0000,0x0000,0x0020,0x0020,0x0000,0x0000,
0x0000,0x0841,0x20E3,0x2104,0x2124,0x2104,0x2104,0x2124,0x2124,0x2945,0x2965,0x2945,0x18C3,0x1082,0x2124,0x2925,
0x1082,0x0000,0x0000,0x1082,0x2124,0x2924,0x2124,0x2124,0x2124,0x2104,0x20E4,0x20E4,0x2104,0x2124,0x2104,0x18E3,
0x0861,0x0020,0x0000,0x0000,0x0000,0x0000,0x0820,0x0861,0x18A2,0x18A2,0x18C2,0x18C2,0x18A2,0x18C2,0x20C2,0x20C2,
0x20C2,0x20C2,0x20C2,0x20C2,0x20E3,0x20E3,0x20E3,0x20E3,0x20E3,0x20E3,0x20E3,0x20E3,0x20E3,0x20E3,0x20E3,0x20E3,
0x20E3,0x20E3,0x20E3,0x20E3,0x20E3,0x20E3,0x20E3,0x20E3,0x20E3,0x20E3,0x20E3,0x20E3,0x20E3,0x20E3,0x20E3,0x20E3,
0x0861,0x0861,0x0861,0x0861,0x0861,0x0861,0x0861,0x0861,0x0841,0x0841,0x0841,0x0861,0x0861,0x0861,0x0861,0x0861,
0x0862,0x0862,0x0862,0x0862,0x0862,0x0862,0x0862,0x0862,0x0842,0x0862,0x0862,0x0862,0x0841,0x0841,0x0862,0x10A2,
0x2103,0x2103,0x18E3,0x10A2,0x1082,0x0862,0x0862,0x0862,0x0862,0x0862,0x0882,0x0882,0x0882,0x0882,0x0882,0x0882,
0x0862,0x0882,0x0882,0x0862,0x0882,0x0882,0x0862,0x0862,0x0862,0x1082,0x18E3,0x2103,0x18C3,0x1082,0x0862,0x0842,
0x0862,0x0862,0x0882,0x0862,0x0882,0x0862,0x0862,0x0862,0x0862,0x0862,0x0862,0x0862,0x0862,0x0862,0x0862,0x0862,
0x0841,0x0841,0x0861,0x0861,0x1082,0x10A2,0x18C3,0x18C3,0x1082,0x0861,0x0841,0x0021,0x0841,0x0841,0x0841,0x0841,
0x0841,0x0841,0x0841,0x0841,0x0841,0x0841,0x0841,0x0841,0x0841,0x0841,0x0841,0x0841,0x0841,0x0841,0x0841,0x0841,
0x0841,0x0841,0x0841,0x0841,0x0841,0x0841,0x0841,0x0841,0x0841,0x0841,0x0841,0x0841,0x0841,0x0841,0x0841,0x0841,
0x0841,0x0841,0x0841,0x0021,0x0021,0x0021,0x0021,0x0021,0x0821,0x0821,0x0821,0x0821,0x0841,0x0841,0x0841,0x0841,
0x0841,0x0841,0x0841,0x0841,0x0841,0x0841,0x0841,0x0841,0x0841,0x0841,0x0841,0x0841,0x0841,0x0021,0x0021,0x0821,
0x0021,0x0021,0x0021,0x0021,0x0021,0x0021,0x0021,0x0021,0x0021,0x0021,0x0021,0x0020,0x0020,0x0020,0x0021,0x0821,
0x0020,0x0821,0x0821,0x0821,0x0821,0x0021,0x0021,0x0021,0x0020,0x0020,0x0020,0x0821,0x0841,0x0820,0x0820,0x0841,
0x1062,0x0841,0x0841,0x0841,0x1082,0x1081,0x1081,0x1082,0x18A2,0x18A2,0x1882,0x18A2,0x18A2,0x18A2,0x1082,0x1061,
0x0841,0x0861,0x1082,0x10A2,0x18A2,0x10A2,0x1081,0x1881,0x1882,0x1882,0x1882,0x1882,0x1082,0x1082,0x1081,0x1081,
0x1081,0x1881,0x1081,0x1061,0x1081,0x1081,0x1061,0x0841,0x0020,0x0000,0x0000,0x0000,0x0000,0x0000,0x0000,0x0000,
0x0020,0x0821,0x18C3,0x2104,0x2104,0x20E4,0x2104,0x2124,0x2925,0x2124,0x2945,0x2945,0x1082,0x18E3,0x2945,0x2945,
0x18A3,0x0020,0x0020,0x2104,0x2945,0x18A3,0x18E3,0x2124,0x2925,0x2124,0x2124,0x2124,0x2104,0x18E3,0x1062,0x0020,
0x0000,0x0000,0x0020,0x0000,0x0000,0x0841,0x1061,0x18A2,0x18C2,0x18A2,0x18C2,0x20C2,0x20C2,0x20C2,0x20C2,0x18C2,
0x20C2,0x20C2,0x20C2,0x20C2,0x20E3,0x20E3,0x20E3,0x20E3,0x20E3,0x20E3,0x20E3,0x20E3,0x20E3,0x20E3,0x20E3,0x20E3,
0x20E3,0x20E3,0x20E3,0x20E3,0x20E3,0x20E3,0x20E3,0x20E3,0x20E3,0x20E3,0x20E3,0x20E3,0x20E3,0x20E3,0x20E3,0x20E3,
0x0862,0x0862,0x0861,0x0861,0x0861,0x0861,0x0841,0x0841,0x0841,0x0841,0x0861,0x0861,0x0861,0x0861,0x0861,0x0861,
0x0862,0x0862,0x0862,0x0862,0x0862,0x0862,0x0862,0x0862,0x0862,0x0862,0x0842,0x0862,0x0861,0x0841,0x0861,0x0861,
0x1081,0x18C2,0x2103,0x2103,0x18C3,0x1082,0x0862,0x0882,0x0862,0x0862,0x0882,0x0882,0x0882,0x0882,0x0882,0x0882,
0x0882,0x0862,0x0862,0x0862,0x0882,0x0882,0x0862,0x0862,0x0882,0x0862,0x18C2,0x1903,0x10A2,0x0861,0x0862,0x0862,
0x0862,0x0862,0x0862,0x0862,0x0882,0x0882,0x0862,0x0862,0x0862,0x0862,0x0862,0x0862,0x0862,0x0862,0x0862,0x0862,
0x0862,0x0862,0x0862,0x10A2,0x18C3,0x18C3,0x10A2,0x1061,0x0841,0x0841,0x0841,0x0821,0x0841,0x0841,0x0841,0x0841,
0x0841,0x0841,0x0841,0x0841,0x0841,0x0841,0x0841,0x0841,0x0841,0x0841,0x0841,0x0841,0x0841,0x0841,0x0841,0x0841,
0x0841,0x0841,0x0841,0x0841,0x0841,0x0841,0x0841,0x0841,0x0841,0x0841,0x0841,0x0841,0x0841,0x0841,0x0841,0x0841,
0x0841,0x0841,0x0841,0x0021,0x0021,0x0021,0x0021,0x0021,0x0821,0x0821,0x0821,0x0821,0x0841,0x0841,0x0841,0x0841,
0x0841,0x0841,0x0841,0x0841,0x0841,0x0841,0x0841,0x0841,0x0841,0x0841,0x0841,0x0841,0x0841,0x0021,0x0021,0x0021,
0x0021,0x0021,0x0021,0x0021,0x0021,0x0021,0x0821,0x0021,0x0021,0x0021,0x0021,0x0021,0x0020,0x0020,0x0020,0x0020,
0x0821,0x0821,0x0821,0x0821,0x0821,0x0821,0x0821,0x0021,0x0020,0x0841,0x0841,0x0861,0x0841,0x0821,0x0820,0x0841,
0x0861,0x0841,0x0861,0x1061,0x1082,0x1082,0x1082,0x18A2,0x18A2,0x18A2,0x18A2,0x18A2,0x18A2,0x18A2,0x18A2,0x18A2,
0x0861,0x0841,0x0861,0x1082,0x18A2,0x10A2,0x1881,0x1882,0x1882,0x1882,0x1882,0x1882,0x1082,0x1082,0x1081,0x1081,
0x1881,0x1081,0x1081,0x1081,0x1081,0x1081,0x1061,0x1061,0x0841,0x0020,0x0020,0x0020,0x0000,0x0000,0x0000,0x0000,
0x0020,0x0000,0x10A2,0x2104,0x20E4,0x2104,0x2104,0x20E4,0x2104,0x2124,0x2124,0x2104,0x0841,0x2124,0x2945,0x2925,
0x18C3,0x0000,0x0821,0x2945,0x20E4,0x0841,0x0841,0x1082,0x1082,0x10A2,0x18C3,0x10A3,0x1062,0x0841,0x0020,0x0000,
0x0000,0x0020,0x0000,0x0000,0x0841,0x1082,0x1082,0x18A2,0x18C2,0x18A2,0x18C2,0x20E2,0x20C2,0x18C2,0x20C2,0x20C2,
0x20E2,0x20E2,0x20E3,0x20E3,0x20E3,0x20E3,0x20E3,0x20E3,0x20E3,0x20E3,0x20E3,0x20E3,0x20E3,0x20E3,0x20E3,0x20E3,
0x20E3,0x20E3,0x20E3,0x20E3,0x20E3,0x20E3,0x20E3,0x20E3,0x20E3,0x20E3,0x20E3,0x20E3,0x20E3,0x20E3,0x20E3,0x20E3,
0x0862,0x0862,0x0861,0x0861,0x0861,0x0861,0x0861,0x0861,0x0862,0x0862,0x0862,0x0841,0x0861,0x0861,0x0862,0x0861,
0x0862,0x0862,0x0862,0x0862,0x0862,0x0862,0x0862,0x0862,0x0862,0x0862,0x0862,0x0862,0x0862,0x0862,0x0862,0x0862,
0x0841,0x0841,0x0861,0x10A2,0x20E3,0x2103,0x18C3,0x18C2,0x1082,0x1082,0x0862,0x0862,0x0862,0x0862,0x0882,0x0882,
0x0882,0x0882,0x0882,0x0882,0x0882,0x0882,0x0882,0x0882,0x0882,0x0862,0x0882,0x1082,0x1082,0x0862,0x0862,0x0882,
0x0882,0x0862,0x0862,0x0862,0x0882,0x0882,0x0882,0x0882,0x0862,0x0862,0x0862,0x0862,0x0861,0x0861,0x0862,0x1082,
0x10A2,0x18C2,0x18C3,0x18C3,0x1082,0x0841,0x0021,0x0841,0x0841,0x0841,0x0841,0x0841,0x0841,0x0841,0x0841,0x0841,
0x0841,0x0841,0x0841,0x0841,0x0841,0x0841,0x0841,0x0841,0x0841,0x0841,0x0841,0x0841,0x0841,0x0841,0x0841,0x0841,
0x0841,0x0841,0x0841,0x0841,0x0841,0x0841,0x0841,0x0841,0x0841,0x0841,0x0841,0x0841,0x0841,0x0841,0x0841,0x0841,
0x0841,0x0841,0x0841,0x0021,0x0021,0x0021,0x0021,0x0021,0x0021,0x0841,0x0841,0x0841,0x0821,0x0841,0x0841,0x0841,
0x0841,0x0841,0x0841,0x0841,0x0841,0x0841,0x0841,0x0841,0x0841,0x0841,0x0841,0x0841,0x0841,0x0821,0x0021,0x0021,
0x0021,0x0021,0x0021,0x0021,0x0021,0x0021,0x0021,0x0021,0x0821,0x0821,0x0821,0x0021,0x0021,0x0020,0x0020,0x0020,
0x0020,0x0021,0x0821,0x0841,0x0841,0x0821,0x0821,0x0821,0x0841,0x0861,0x1061,0x1082,0x1082,0x1082,0x1061,0x1061,
0x1082,0x1082,0x1061,0x1081,0x1081,0x1882,0x1882,0x1882,0x1882,0x1882,0x18A2,0x18A2,0x18A2,0x18A2,0x18A2,0x18A2,
0x1882,0x1061,0x0841,0x0841,0x1082,0x10A2,0x18A2,0x10A2,0x1081,0x18A2,0x1882,0x1081,0x18A2,0x18A2,0x1081,0x1081,
0x1081,0x1081,0x1882,0x1882,0x1882,0x1081,0x1081,0x1081,0x1082,0x1061,0x0841,0x0820,0x0000,0x0000,0x0000,0x0000,
0x0020,0x0000,0x0841,0x18C3,0x2124,0x2124,0x2104,0x18E4,0x2104,0x20E4,0x2125,0x0861,0x1082,0x2124,0x2124,0x2925,
0x18C3,0x0841,0x10A2,0x2124,0x1082,0x0000,0x0020,0x0000,0x0000,0x0000,0x0000,0x0000,0x0000,0x0000,0x0000,0x0000,
0x0000,0x0000,0x0841,0x1081,0x18A2,0x18A2,0x18A2,0x18A2,0x18C2,0x18C2,0x20C2,0x20C2,0x20C2,0x20C2,0x20E2,0x20E2,
0x20C2,0x20E3,0x20E3,0x20E3,0x20E3,0x20E3,0x20E3,0x20E3,0x20E3,0x20E3,0x20E3,0x20E3,0x20E3,0x20E3,0x20E3,0x20E3,
0x20E3,0x20E3,0x20E3,0x20E3,0x20E3,0x20E3,0x20E3,0x20E3,0x20E3,0x20E3,0x20E3,0x20E3,0x20E3,0x20E3,0x20E3,0x20E3,
0x0862,0x0862,0x0861,0x0861,0x0861,0x0861,0x0861,0x0861,0x0861,0x0861,0x0861,0x0841,0x0841,0x0861,0x0861,0x0861,
0x0862,0x0862,0x0862,0x0862,0x0862,0x0862,0x0862,0x0862,0x0862,0x0862,0x0862,0x0862,0x0862,0x0862,0x0862,0x0862,
0x0862,0x0862,0x0841,0x0841,0x0861,0x1082,0x18C2,0x2103,0x2124,0x18E3,0x10A3,0x0882,0x0862,0x0862,0x0882,0x0882,
0x0882,0x0882,0x0882,0x0882,0x0882,0x0882,0x0882,0x0882,0x0862,0x0862,0x0882,0x0882,0x0882,0x0862,0x0862,0x0862,
0x0882,0x0882,0x0882,0x0882,0x0882,0x0862,0x0862,0x0882,0x0862,0x0882,0x0882,0x0862,0x0862,0x1082,0x10A3,0x18C3,
0x18C3,0x10A2,0x0861,0x0841,0x0841,0x0841,0x0841,0x0841,0x0841,0x0841,0x0841,0x0841,0x0841,0x0841,0x0841,0x0841,
0x0841,0x0841,0x0841,0x0841,0x0841,0x0841,0x0841,0x0841,0x0841,0x0841,0x0841,0x0841,0x0841,0x0841,0x0841,0x0841,
0x0841,0x0841,0x0841,0x0841,0x0841,0x0841,0x0841,0x0841,0x0841,0x0841,0x0841,0x0841,0x0841,0x0841,0x0841,0x0841,
0x0841,0x0841,0x0841,0x0021,0x0021,0x0021,0x0021,0x0021,0x0021,0x0821,0x0841,0x0841,0x0841,0x0841,0x0841,0x0841,
0x0841,0x0841,0x0841,0x0841,0x0841,0x0841,0x0841,0x0841,0x0841,0x0841,0x0841,0x0841,0x0841,0x0841,0x0821,0x0021,
0x0021,0x0021,0x0021,0x0021,0x0021,0x0021,0x0021,0x0021,0x0821,0x0821,0x0021,0x0021,0x0021,0x0020,0x0021,0x0021,
0x0821,0x0841,0x0841,0x0841,0x0841,0x0821,0x0020,0x0020,0x0841,0x1082,0x1082,0x1082,0x1082,0x1082,0x1081,0x1082,
0x1082,0x1082,0x1081,0x1081,0x1881,0x1882,0x1882,0x1882,0x1882,0x1882,0x1882,0x18A2,0x18A2,0x18A2,0x18A2,0x18A2,
0x1882,0x1082,0x1062,0x0841,0x0841,0x1062,0x10A2,0x18A2,0x18A2,0x1081,0x1881,0x18A2,0x1081,0x1081,0x18A2,0x1082,
0x1081,0x1081,0x1081,0x1081,0x1081,0x1081,0x1081,0x1081,0x1081,0x1081,0x1081,0x0861,0x0820,0x0000,0x0000,0x0000,
0x0020,0x0000,0x0000,0x0821,0x1082,0x18E3,0x2124,0x2125,0x2104,0x2925,0x0862,0x1082,0x2124,0x2925,0x2104,0x2124,
0x2124,0x2104,0x2124,0x2104,0x1082,0x0020,0x0000,0x0000,0x0020,0x0000,0x0000,0x0000,0x0000,0x0000,0x0000,0x0000,
0x0820,0x0841,0x1081,0x18A2,0x18A2,0x18A2,0x18A2,0x18C2,0x18C2,0x20C2,0x20C2,0x20C2,0x20C2,0x20E2,0x20E2,0x20E2,
0x20E3,0x20E3,0x20E3,0x20E3,0x20E3,0x20E3,0x20E3,0x20E3,0x20E3,0x20E3,0x20E3,0x20E3,0x20E3,0x20E3,0x20E3,0x20E3,
0x20E3,0x20E3,0x20E3,0x20E3,0x20E3,0x20E3,0x20E3,0x20E3,0x20E3,0x20E3,0x20E3,0x20E3,0x20E3,0x20E3,0x20E3,0x20E3,
0x0861,0x0861,0x0862,0x0862,0x0861,0x0861,0x0862,0x0862,0x0862,0x0862,0x0862,0x0862,0x0861,0x0862,0x0862,0x0861,
0x0862,0x0862,0x0862,0x0862,0x0862,0x0862,0x0862,0x0862,0x0862,0x0862,0x0862,0x0882,0x0882,0x0882,0x0882,0x0882,
0x0862,0x0862,0x0862,0x0862,0x0862,0x0862,0x0862,0x10A2,0x2104,0x2104,0x2104,0x18E3,0x10A2,0x1082,0x0862,0x0862,
0x1082,0x0862,0x0882,0x0882,0x0882,0x0882,0x0882,0x0882,0x0862,0x0862,0x0862,0x0862,0x0882,0x0882,0x0882,0x0882,
0x0882,0x0882,0x0862,0x0862,0x0862,0x0862,0x0862,0x0882,0x0862,0x0862,0x1081,0x1082,0x18A2,0x18E3,0x18C3,0x18A2,
0x0882,0x0861,0x0841,0x0841,0x0841,0x0841,0x0841,0x0841,0x0841,0x0841,0x0841,0x0841,0x0841,0x0841,0x0841,0x0841,
0x0841,0x0841,0x0841,0x0841,0x0841,0x0841,0x0841,0x0841,0x0841,0x0841,0x0841,0x0841,0x0841,0x0841,0x0841,0x0841,
0x0841,0x0841,0x0841,0x0841,0x0841,0x0841,0x0841,0x0841,0x0841,0x0841,0x0841,0x0841,0x0841,0x0841,0x0841,0x0841,
0x0841,0x0841,0x0841,0x0841,0x0021,0x0021,0x0021,0x0021,0x0021,0x0821,0x0821,0x0821,0x0841,0x0841,0x0841,0x0841,
0x0841,0x0841,0x0841,0x0841,0x0841,0x0841,0x0841,0x0841,0x0841,0x0841,0x0841,0x0841,0x0841,0x0821,0x0821,0x0821,
0x0821,0x0021,0x0021,0x0021,0x0821,0x0821,0x0021,0x0021,0x0021,0x0021,0x0821,0x0021,0x0021,0x0020,0x0020,0x0020,
0x0020,0x0821,0x0841,0x0841,0x0841,0x0841,0x0821,0x0021,0x0841,0x1062,0x1082,0x1082,0x1082,0x1082,0x1081,0x1882,
0x1082,0x1082,0x1081,0x1081,0x1082,0x1082,0x1882,0x1081,0x1881,0x1882,0x1881,0x1882,0x1882,0x1882,0x1882,0x1882,
0x1882,0x18A2,0x1082,0x1061,0x0841,0x0841,0x1082,0x10A2,0x18C3,0x18A2,0x1882,0x1882,0x1882,0x1881,0x1081,0x1081,
0x1081,0x1081,0x1081,0x1081,0x1081,0x1081,0x1881,0x1881,0x1881,0x1882,0x1082,0x1081,0x1061,0x0841,0x0020,0x0000,
0x0000,0x0020,0x0020,0x0000,0x0821,0x0862,0x18A3,0x18C3,0x20E4,0x10A3,0x0861,0x2104,0x2104,0x2104,0x2104,0x18E3,
0x20E4,0x2124,0x2945,0x2104,0x1082,0x0000,0x0000,0x0020,0x0000,0x0000,0x0000,0x0000,0x0000,0x0000,0x0020,0x0820,
0x1061,0x1082,0x18A2,0x18A2,0x18A2,0x18A2,0x18C2,0x18C2,0x18C2,0x20C2,0x20C2,0x20E3,0x20E3,0x20E3,0x20E3,0x20E3,
0x20E3,0x20E3,0x20E3,0x20E3,0x20E3,0x20E3,0x20E3,0x20E3,0x20E3,0x20E3,0x20E3,0x20E3,0x20E3,0x20E3,0x20E3,0x20E3,
0x20E3,0x20E3,0x20E3,0x20E3,0x20E3,0x20E3,0x20E3,0x20E3,0x20E3,0x20E3,0x20E3,0x20E3,0x20E3,0x20E3,0x20E3,0x20E3,
0x0861,0x0861,0x0861,0x0861,0x0861,0x0862,0x0862,0x0862,0x0862,0x0862,0x0862,0x0862,0x0862,0x0862,0x0862,0x0862,
0x0862,0x0862,0x0862,0x0862,0x0862,0x0862,0x0862,0x0862,0x0862,0x0862,0x0862,0x0882,0x0882,0x0882,0x0882,0x0882,
0x0862,0x0882,0x0882,0x0882,0x0882,0x0862,0x0861,0x0862,0x0841,0x1082,0x18C2,0x2103,0x2124,0x2124,0x18E3,0x10A3,
0x0862,0x0862,0x1082,0x1082,0x0882,0x0862,0x0882,0x0882,0x0882,0x0882,0x0882,0x0862,0x0882,0x0882,0x0882,0x0882,
0x0882,0x0882,0x0882,0x0882,0x0882,0x0862,0x0862,0x0862,0x1082,0x10A3,0x18E3,0x18E3,0x18C3,0x10A2,0x0861,0x0820,
0x0841,0x0841,0x0841,0x0841,0x0841,0x0841,0x0841,0x0861,0x0841,0x0841,0x0841,0x0841,0x0841,0x0841,0x0841,0x0841,
0x0841,0x0841,0x0841,0x0841,0x0841,0x0841,0x0841,0x0841,0x0841,0x0841,0x0841,0x0841,0x0841,0x0841,0x0841,0x0841,
0x0841,0x0841,0x0841,0x0841,0x0841,0x0841,0x0841,0x0841,0x0841,0x0841,0x0841,0x0841,0x0841,0x0841,0x0841,0x0841,
0x0841,0x0841,0x0841,0x0841,0x0021,0x0021,0x0021,0x0021,0x0821,0x0821,0x0021,0x0021,0x0841,0x0841,0x0841,0x0841,
0x0841,0x0841,0x0841,0x0841,0x0841,0x0841,0x0841,0x0841,0x0841,0x0841,0x0841,0x0841,0x0841,0x0821,0x0821,0x0821,
0x0841,0x0821,0x0821,0x0021,0x0821,0x0821,0x0021,0x0021,0x0821,0x0821,0x0821,0x0021,0x0021,0x0020,0x0020,0x0020,
0x0020,0x0821,0x0821,0x0021,0x0021,0x0821,0x0021,0x0020,0x0020,0x0841,0x1061,0x1082,0x1082,0x1082,0x1081,0x1081,
0x1081,0x1081,0x1081,0x1081,0x1082,0x1082,0x1081,0x1081,0x1081,0x1881,0x1081,0x1881,0x1882,0x1882,0x1882,0x1882,
0x1882,0x1881,0x1082,0x1082,0x1082,0x0861,0x0841,0x0862,0x1082,0x18A2,0x18A2,0x1081,0x1881,0x1882,0x1081,0x1882,
0x1081,0x1081,0x1081,0x1081,0x1081,0x1081,0x1881,0x1881,0x18A2,0x1882,0x1081,0x1082,0x1082,0x1081,0x0841,0x0820,
0x0000,0x0000,0x0000,0x0020,0x0000,0x0000,0x0000,0x0020,0x0821,0x10A2,0x2925,0x2925,0x2104,0x2104,0x10A2,0x0820,
0x0821,0x1062,0x2104,0x2124,0x1082,0x0020,0x0000,0x0000,0x0000,0x0000,0x0000,0x0000,0x0020,0x0820,0x0861,0x1082,
0x1882,0x18A2,0x18A2,0x18A2,0x18A2,0x18C2,0x18C2,0x18C2,0x18C2,0x20C2,0x20E3,0x20E3,0x20E3,0x20E3,0x20E3,0x20E3,
0x20E3,0x20E3,0x20E3,0x20E3,0x20E3,0x20E3,0x20E3,0x20E3,0x20E3,0x20E3,0x20E3,0x20E3,0x20E3,0x20E3,0x20E3,0x20E3,
0x20E3,0x20E3,0x20E3,0x20E3,0x20E3,0x20E3,0x20E3,0x20E3,0x20E3,0x20E3,0x20E3,0x20E3,0x20E3,0x20E3,0x20E3,0x20E3,
0x0861,0x0861,0x0861,0x0861,0x0861,0x0862,0x0862,0x0862,0x0862,0x0862,0x0862,0x0862,0x0862,0x0862,0x0862,0x0862,
0x0862,0x0862,0x0862,0x0862,0x0862,0x0862,0x0862,0x0862,0x0862,0x0862,0x0862,0x0862,0x0882,0x0882,0x0882,0x0882,
0x0882,0x0882,0x0882,0x0882,0x0882,0x0882,0x0882,0x0882,0x10A3,0x0882,0x0882,0x0882,0x10A2,0x18E3,0x2103,0x2103,
0x18E3,0x10C2,0x0882,0x0862,0x0862,0x0862,0x0882,0x0882,0x0882,0x0882,0x0882,0x0882,0x0882,0x0882,0x0882,0x0882,
0x08A3,0x0882,0x0882,0x0862,0x0861,0x1082,0x18A2,0x18E3,0x2103,0x18E3,0x10A2,0x1082,0x0861,0x0841,0x0841,0x0861,
0x0862,0x0841,0x0841,0x0841,0x0841,0x0841,0x0841,0x0841,0x0841,0x0841,0x0841,0x0841,0x0841,0x0841,0x0841,0x0841,
0x0841,0x0841,0x0841,0x0841,0x0841,0x0841,0x0841,0x0841,0x0841,0x0841,0x0841,0x0841,0x0841,0x0841,0x0841,0x0841,
0x0841,0x0841,0x0841,0x0841,0x0841,0x0841,0x0841,0x0841,0x0841,0x0841,0x0841,0x0841,0x0841,0x0841,0x0841,0x0841,
0x0841,0x0841,0x0841,0x0841,0x0841,0x0021,0x0021,0x0021,0x0821,0x0021,0x0021,0x0021,0x0841,0x0841,0x0841,0x0841,
0x0841,0x0841,0x0841,0x0841,0x0841,0x0841,0x0841,0x0841,0x0841,0x0841,0x0841,0x0841,0x0841,0x0841,0x0821,0x0821,
0x0841,0x0841,0x0821,0x0821,0x0821,0x0821,0x0021,0x0021,0x0821,0x0821,0x0821,0x0021,0x0021,0x0021,0x0021,0x0021,
0x0020,0x0821,0x0821,0x0821,0x0841,0x0841,0x0861,0x0841,0x0821,0x0020,0x0841,0x1061,0x1082,0x1082,0x1081,0x1081,
0x1081,0x1081,0x1081,0x1081,0x1082,0x1082,0x1082,0x1082,0x1081,0x1081,0x1081,0x1081,0x1082,0x1082,0x1082,0x1082,
0x1881,0x1081,0x1081,0x18A2,0x18A2,0x1061,0x0841,0x0841,0x0841,0x1082,0x18C3,0x18C2,0x1081,0x1081,0x18A2,0x1081,
0x1082,0x1081,0x1081,0x1081,0x1081,0x1081,0x1081,0x1081,0x1882,0x1882,0x18A2,0x18A2,0x18A2,0x1081,0x1081,0x1081,
0x1061,0x0821,0x0000,0x0020,0x0820,0x0000,0x0000,0x0000,0x0000,0x0841,0x1082,0x1082,0x1082,0x0821,0x0020,0x0000,
0x0000,0x0000,0x1082,0x10A2,0x0841,0x0000,0x0020,0x0000,0x0020,0x0000,0x0000,0x0820,0x1061,0x1081,0x18A2,0x18A2,
0x18A2,0x18A2,0x18A2,0x18A2,0x18C2,0x18C2,0x18C2,0x18C2,0x18C2,0x20C2,0x20E3,0x20E3,0x20E3,0x20E3,0x20E3,0x20E3,
0x2103,0x2103,0x20E3,0x20E3,0x20E3,0x20E3,0x20E3,0x20E3,0x20E3,0x20E3,0x20E3,0x20E3,0x20E3,0x20E3,0x20E3,0x20E3,
0x20E3,0x20E3,0x20E3,0x20E3,0x20E3,0x20E3,0x20E3,0x20E3,0x20E3,0x20E3,0x20E3,0x20E3,0x20E3,0x20E3,0x20E3,0x20E3,
0x0861,0x0861,0x0861,0x0861,0x0861,0x0861,0x0862,0x0862,0x0862,0x0862,0x0862,0x0862,0x0862,0x0862,0x0862,0x0862,
0x0862,0x0862,0x0862,0x0862,0x0862,0x0862,0x0862,0x0862,0x0862,0x0862,0x0862,0x0862,0x0882,0x0882,0x0882,0x0882,
0x0882,0x0882,0x0882,0x0882,0x1082,0x0882,0x0882,0x0882,0x0882,0x0882,0x1082,0x0882,0x1082,0x1082,0x18C2,0x18E3,
0x2124,0x18E3,0x10C3,0x10A2,0x1082,0x0882,0x0882,0x0862,0x0882,0x0882,0x0882,0x0882,0x0882,0x0882,0x0882,0x0882,
0x0882,0x0882,0x0882,0x0882,0x10A3,0x18C3,0x20E3,0x2103,0x18A2,0x1061,0x0841,0x0841,0x0862,0x0861,0x0861,0x0861,
0x0841,0x0841,0x0861,0x0862,0x0861,0x0861,0x0841,0x0841,0x0841,0x0841,0x0841,0x0841,0x0841,0x0841,0x0841,0x0841,
0x0841,0x0841,0x0841,0x0841,0x0841,0x0841,0x0841,0x0841,0x0841,0x0841,0x0841,0x0841,0x0841,0x0841,0x0841,0x0841,
0x0841,0x0841,0x0841,0x0841,0x0841,0x0841,0x0841,0x0841,0x0841,0x0841,0x0841,0x0841,0x0841,0x0841,0x0841,0x0841,
0x0841,0x0841,0x0841,0x0841,0x0841,0x0841,0x0021,0x0021,0x0021,0x0021,0x0021,0x0821,0x0841,0x0841,0x0841,0x0841,
0x0841,0x0841,0x0841,0x0841,0x0841,0x0841,0x0841,0x0841,0x0841,0x0841,0x0841,0x0841,0x0841,0x0841,0x0841,0x0841,
0x0841,0x0841,0x0841,0x0821,0x0821,0x0821,0x0821,0x0821,0x0821,0x0821,0x0821,0x0021,0x0821,0x0021,0x0821,0x0821,
0x0821,0x0821,0x0841,0x0841,0x0841,0x0861,0x1062,0x1082,0x0861,0x0841,0x0841,0x1061,0x1081,0x1082,0x1081,0x1081,
0x1081,0x1081,0x1081,0x1081,0x1082,0x1082,0x1082,0x1082,0x1081,0x1081,0x1081,0x1081,0x1082,0x1082,0x1082,0x1082,
0x1081,0x1881,0x1882,0x1881,0x1082,0x1082,0x1061,0x0841,0x0841,0x0861,0x1082,0x18A2,0x18A2,0x18A2,0x1081,0x1081,
0x1082,0x1081,0x1081,0x1081,0x1081,0x1081,0x1081,0x1081,0x1081,0x1882,0x18A2,0x18A2,0x18A2,0x1082,0x1082,0x1082,
0x1081,0x1061,0x0841,0x0020,0x0000,0x0000,0x0000,0x0000,0x0000,0x0000,0x0020,0x0021,0x0000,0x0000,0x0841,0x0000,
0x0020,0x0020,0x0020,0x0020,0x0000,0x0000,0x0000,0x0000,0x0000,0x0020,0x0841,0x1061,0x1082,0x18A2,0x18A2,0x18A2,
0x18A2,0x18A2,0x18A2,0x18C2,0x18C2,0x18A2,0x18C2,0x20C2,0x18C2,0x20C2,0x20E3,0x20E3,0x20E3,0x20E3,0x2103,0x2103,
0x2103,0x2103,0x2103,0x20E3,0x20E3,0x20E3,0x20E3,0x20E3,0x20E3,0x20E3,0x20E3,0x20E3,0x20E3,0x20E3,0x20E3,0x20E3,
0x20E3,0x20E3,0x20E3,0x20E3,0x20E3,0x20E3,0x20E3,0x20E3,0x20E3,0x20E3,0x20E3,0x20E3,0x20E3,0x20E3,0x20E3,0x20E3,
0x0861,0x0861,0x0861,0x0861,0x0861,0x0861,0x0862,0x0862,0x0862,0x0862,0x0862,0x0862,0x0862,0x0862,0x0862,0x0862,
0x0862,0x0862,0x0862,0x0862,0x0862,0x0862,0x0862,0x0862,0x0862,0x0862,0x0862,0x0862,0x0862,0x0882,0x0882,0x0882,
0x0882,0x0882,0x0882,0x0882,0x08A2,0x10A3,0x10A3,0x10A3,0x10A2,0x0882,0x0882,0x0882,0x1082,0x0882,0x0882,0x0862,
0x1082,0x18C3,0x2103,0x2103,0x18C2,0x10A2,0x1082,0x1082,0x0882,0x0862,0x0882,0x0882,0x0882,0x0882,0x0882,0x1082,
0x1081,0x10A2,0x18E3,0x2103,0x2104,0x18E3,0x10A2,0x0861,0x0862,0x0862,0x0862,0x0862,0x0862,0x0842,0x0842,0x0862,
0x0841,0x0842,0x0861,0x0841,0x0841,0x0841,0x0862,0x0862,0x0861,0x0861,0x0861,0x0861,0x0841,0x0841,0x0841,0x0841,
0x0841,0x0841,0x0841,0x0841,0x0841,0x0841,0x0841,0x0841,0x0841,0x0841,0x0841,0x0841,0x0841,0x0841,0x0841,0x0841,
0x0841,0x0841,0x0841,0x0841,0x0841,0x0841,0x0841,0x0841,0x0841,0x0841,0x0841,0x0841,0x0841,0x0841,0x0841,0x0841,
0x0841,0x0841,0x0841,0x0841,0x0841,0x0841,0x0841,0x0021,0x0021,0x0021,0x0821,0x0841,0x0841,0x0841,0x0841,0x0841,
0x0841,0x0841,0x0841,0x0841,0x0841,0x0841,0x0841,0x0841,0x0841,0x0841,0x0841,0x0841,0x0841,0x0841,0x0841,0x0841,
0x0841,0x0841,0x0841,0x0841,0x0841,0x0841,0x0821,0x0821,0x0821,0x0821,0x0821,0x0821,0x0021,0x0021,0x0821,0x0821,
0x0821,0x0821,0x0821,0x0020,0x0021,0x0821,0x0841,0x0841,0x0861,0x0841,0x0861,0x1062,0x1061,0x1082,0x1081,0x1081,
0x1081,0x1081,0x1081,0x1081,0x1082,0x1082,0x1081,0x1081,0x1081,0x1081,0x1082,0x1082,0x1082,0x1082,0x1082,0x1082,
0x1081,0x10A2,0x18A2,0x1081,0x1081,0x1882,0x1881,0x1061,0x0841,0x0841,0x0841,0x1062,0x18C3,0x18C3,0x1082,0x18A2,
0x1081,0x1081,0x1081,0x1081,0x1081,0x1081,0x1082,0x1082,0x1081,0x1881,0x1882,0x18A2,0x18A2,0x18A2,0x1882,0x1882,
0x1881,0x18A2,0x1882,0x1061,0x0841,0x0820,0x0020,0x0000,0x0020,0x0000,0x0000,0x0000,0x0000,0x0020,0x0000,0x0020,
0x0000,0x0000,0x0000,0x0000,0x0020,0x0000,0x0000,0x0820,0x0841,0x1061,0x1082,0x18A2,0x18A2,0x18C2,0x18C2,0x18A2,
0x18A2,0x18C2,0x18C2,0x18C2,0x18A2,0x18A2,0x18C2,0x18C2,0x18C2,0x20E2,0x20E2,0x20E3,0x20E3,0x20E3,0x20E3,0x2103,
0x2103,0x2103,0x2103,0x2103,0x2103,0x20E3,0x20E3,0x20E3,0x20E3,0x20E3,0x20E3,0x20E3,0x20E3,0x20E3,0x20E3,0x20E3,
0x20E3,0x20E3,0x20E3,0x20E3,0x20E3,0x20E3,0x20E3,0x20E3,0x20E3,0x20E3,0x20E3,0x20E3,0x20E3,0x20E3,0x20E3,0x20E3,
0x0861,0x0861,0x0861,0x0861,0x0841,0x0861,0x0862,0x0862,0x0862,0x0862,0x0862,0x0862,0x0862,0x0862,0x0862,0x0862,
0x0862,0x0862,0x0862,0x0862,0x0862,0x0862,0x0862,0x0862,0x0862,0x0862,0x0882,0x0882,0x0862,0x0882,0x0882,0x0882,
0x0882,0x0882,0x0882,0x0882,0x0882,0x08A2,0x10A3,0x10A3,0x10A3,0x10A3,0x10A3,0x10A2,0x0882,0x0882,0x0882,0x0882,
0x0862,0x0862,0x1081,0x10A2,0x2103,0x2124,0x2104,0x10C3,0x0883,0x0882,0x0882,0x0883,0x0882,0x0882,0x1082,0x10A3,
0x2103,0x2104,0x20E3,0x18C2,0x1081,0x0861,0x0861,0x0862,0x0862,0x0862,0x0862,0x0862,0x0862,0x0862,0x0862,0x0862,
0x0862,0x0862,0x0861,0x0861,0x0862,0x0862,0x0861,0x0841,0x0861,0x0861,0x0861,0x0861,0x0841,0x0841,0x0841,0x0841,
0x0841,0x0841,0x0841,0x0841,0x0841,0x0841,0x0841,0x0841,0x0841,0x0841,0x0841,0x0841,0x0841,0x0841,0x0841,0x0841,
0x0841,0x0841,0x0841,0x0841,0x0841,0x0841,0x0841,0x0841,0x0841,0x0841,0x0841,0x0841,0x0841,0x0841,0x0841,0x0841,
0x0841,0x0841,0x0841,0x0841,0x0841,0x0841,0x0841,0x0821,0x0821,0x0821,0x0841,0x0841,0x0841,0x0841,0x0841,0x0841,
0x0841,0x0841,0x0841,0x0841,0x0841,0x0841,0x0841,0x0841,0x0841,0x0841,0x0841,0x0841,0x0841,0x0841,0x0841,0x0841,
0x0841,0x0841,0x0841,0x0841,0x0841,0x0841,0x0841,0x0841,0x0841,0x0841,0x0841,0x0821,0x0021,0x0021,0x0021,0x0021,
0x0020,0x0020,0x0020,0x0020,0x0020,0x0021,0x0841,0x0841,0x0841,0x0841,0x1062,0x1062,0x0861,0x1061,0x1081,0x1081,
0x1081,0x1081,0x1081,0x1081,0x1082,0x1082,0x1081,0x1081,0x1081,0x1081,0x1081,0x1081,0x1082,0x1082,0x1082,0x1082,
0x1082,0x1082,0x1081,0x1082,0x1882,0x18A2,0x1882,0x1881,0x1082,0x0861,0x0841,0x0861,0x0861,0x1061,0x1082,0x1081,
0x1081,0x1081,0x1081,0x1081,0x1081,0x1081,0x1082,0x1082,0x1081,0x1882,0x18A2,0x18A2,0x18A2,0x18A2,0x18A2,0x18A2,
0x18A2,0x18A2,0x1882,0x1082,0x1082,0x1061,0x0841,0x0020,0x0000,0x0000,0x0000,0x0000,0x0020,0x0020,0x0000,0x0020,
0x0000,0x0000,0x0000,0x0000,0x0000,0x0000,0x0841,0x1082,0x1082,0x18A2,0x18A2,0x18A2,0x18A2,0x18C2,0x18C2,0x18A2,
0x18C2,0x18C2,0x18C2,0x18A2,0x18A2,0x18C2,0x18C2,0x18C2,0x18C2,0x20E2,0x20E3,0x20E3,0x20E3,0x2103,0x2103,0x2103,
0x2103,0x2103,0x2103,0x2103,0x2103,0x2103,0x20E3,0x20E3,0x20E3,0x20E3,0x20E3,0x20E3,0x20E3,0x20E3,0x20E3,0x20E3,
0x20E3,0x20E3,0x20E3,0x20E3,0x20E3,0x20E3,0x20E3,0x20E3,0x20E3,0x20E3,0x20E3,0x20E3,0x20E3,0x20E3,0x20E3,0x20E3,
0x0861,0x0861,0x0861,0x0841,0x0861,0x0861,0x0861,0x0861,0x0862,0x0862,0x0862,0x0862,0x0862,0x0862,0x0862,0x0862,
0x0862,0x0862,0x0862,0x0862,0x0862,0x0862,0x0862,0x0862,0x0862,0x0862,0x0862,0x0862,0x0862,0x0862,0x0882,0x0882,
0x0882,0x0882,0x0882,0x0882,0x0882,0x0882,0x10A3,0x10A3,0x10A3,0x10A3,0x10A3,0x10A3,0x10A3,0x08A2,0x0882,0x0882,
0x0882,0x0882,0x0862,0x0882,0x1082,0x10C3,0x18E3,0x2124,0x2103,0x18C2,0x1081,0x1081,0x1082,0x18A2,0x18E3,0x2104,
0x1904,0x18E3,0x10A3,0x0882,0x0862,0x0862,0x0862,0x0862,0x0882,0x0862,0x0862,0x0862,0x0862,0x0862,0x0862,0x0862,
0x0862,0x0862,0x0862,0x0862,0x0862,0x0862,0x0862,0x0862,0x0861,0x0862,0x0862,0x0862,0x0841,0x0841,0x0841,0x0841,
0x0841,0x0841,0x0841,0x0841,0x0841,0x0841,0x0841,0x0841,0x0841,0x0841,0x0841,0x0841,0x0841,0x0841,0x0841,0x0841,
0x0841,0x0841,0x0841,0x0841,0x0841,0x0841,0x0841,0x0841,0x0841,0x0841,0x0841,0x0841,0x0841,0x0841,0x0841,0x0841,
0x0841,0x0841,0x0841,0x0841,0x0841,0x0841,0x0841,0x0841,0x0841,0x0841,0x0841,0x0041,0x0021,0x0841,0x0841,0x0841,
0x0841,0x0841,0x0841,0x0841,0x0841,0x0841,0x0841,0x0841,0x0841,0x0841,0x0841,0x0841,0x0841,0x0841,0x0841,0x0841,
0x0841,0x0841,0x0841,0x0841,0x0841,0x0841,0x0841,0x0841,0x0841,0x0841,0x0841,0x0821,0x0821,0x0821,0x0821,0x0021,
0x0021,0x0021,0x0821,0x0821,0x0821,0x0841,0x0861,0x0861,0x0861,0x1062,0x1082,0x1082,0x0861,0x0841,0x1082,0x1082,
0x1081,0x1081,0x1081,0x1081,0x1081,0x1081,0x1082,0x1082,0x1082,0x1082,0x1082,0x1082,0x1081,0x1081,0x1082,0x1082,
0x1081,0x1081,0x1081,0x1082,0x1082,0x1082,0x1082,0x1082,0x1082,0x1081,0x1061,0x0841,0x0841,0x0841,0x1061,0x1082,
0x1081,0x1081,0x1081,0x1081,0x1081,0x1081,0x1081,0x1081,0x1081,0x1881,0x1882,0x18A2,0x18A2,0x18A2,0x18A2,0x18A2,
0x18A2,0x18A2,0x18A2,0x18A2,0x18A2,0x1882,0x1081,0x1061,0x0821,0x0820,0x0000,0x0000,0x0020,0x0000,0x0000,0x0000,
0x0000,0x0000,0x0000,0x0020,0x0841,0x1061,0x1081,0x18A2,0x18A2,0x18A2,0x18A2,0x18A2,0x18C2,0x18C2,0x18C2,0x18C2,
0x18C2,0x18C2,0x18C2,0x18C2,0x18C2,0x18C2,0x20C2,0x20C2,0x20C2,0x20E2,0x20E3,0x20E3,0x20E3,0x2103,0x2103,0x2103,
0x2103,0x2103,0x2103,0x2103,0x2103,0x2103,0x20E3,0x20E3,0x20E3,0x20E3,0x20E3,0x20E3,0x20E3,0x20E3,0x20E3,0x20E3,
0x20E3,0x20E3,0x20E3,0x20E3,0x20E3,0x20E3,0x20E3,0x20E3,0x20E3,0x20E3,0x20E3,0x20E3,0x20E3,0x20E3,0x20E3,0x20E3,
0x0862,0x0861,0x0861,0x0861,0x0861,0x0861,0x0861,0x0861,0x0862,0x0862,0x0862,0x0862,0x0862,0x0862,0x0862,0x0862,
0x0862,0x0862,0x0862,0x0862,0x0862,0x0862,0x0862,0x0862,0x0862,0x0862,0x0862,0x0862,0x0862,0x0862,0x0862,0x0882,
0x0882,0x0882,0x0882,0x0882,0x0882,0x0882,0x0882,0x10A3,0x10A3,0x10A3,0x10A3,0x10A3,0x10A3,0x08A2,0x08A2,0x0882,
0x0882,0x0862,0x0862,0x0862,0x0882,0x0882,0x1082,0x10A2,0x18C3,0x2104,0x2124,0x2103,0x2103,0x2104,0x18E3,0x10A2,
0x1082,0x0882,0x0882,0x0882,0x0882,0x0882,0x0882,0x0882,0x0882,0x0882,0x0862,0x0862,0x0862,0x0862,0x0862,0x0862,
0x0862,0x0862,0x0862,0x0862,0x0862,0x0862,0x0862,0x0862,0x0862,0x0862,0x0862,0x0862,0x0862,0x0862,0x0862,0x0862,
0x0861,0x0861,0x0841,0x0841,0x0841,0x0841,0x0841,0x0841,0x0841,0x0841,0x0841,0x0841,0x0841,0x0841,0x0841,0x0841,
0x0841,0x0841,0x0841,0x0841,0x0841,0x0841,0x0841,0x0841,0x0841,0x0841,0x0861,0x0841,0x0841,0x0841,0x0841,0x0841,
0x0841,0x0841,0x0841,0x0841,0x0841,0x0841,0x0841,0x0841,0x0841,0x0841,0x0841,0x0841,0x0841,0x0841,0x0841,0x0841,
0x0841,0x0841,0x0841,0x0841,0x0841,0x0841,0x0841,0x0841,0x0841,0x0841,0x0841,0x0841,0x0841,0x0841,0x0841,0x0841,
0x0841,0x0841,0x0841,0x0841,0x0841,0x0841,0x0841,0x0841,0x0841,0x0841,0x0841,0x0841,0x0841,0x0841,0x0841,0x0841,
0x0821,0x0841,0x0841,0x0841,0x0841,0x0861,0x1082,0x1082,0x1082,0x1082,0x1082,0x1082,0x0861,0x0841,0x1061,0x1082,
0x1081,0x1081,0x1081,0x1081,0x1081,0x1081,0x1082,0x1082,0x1082,0x1082,0x1082,0x1082,0x1081,0x1081,0x1081,0x1081,
0x1081,0x1081,0x1081,0x1081,0x1082,0x1082,0x1082,0x1082,0x1082,0x1082,0x1081,0x1061,0x1061,0x1061,0x1082,0x1082,
0x1081,0x1081,0x1081,0x1081,0x1081,0x1081,0x1081,0x1081,0x1081,0x1881,0x1882,0x18A2,0x18A2,0x18A2,0x18A2,0x18A2,
0x18A2,0x18A2,0x18A2,0x18A2,0x18A2,0x18A2,0x1882,0x1081,0x1082,0x1061,0x0841,0x0820,0x0000,0x0000,0x0000,0x0020,
0x0020,0x0821,0x0841,0x1061,0x1082,0x18A2,0x18A2,0x18A2,0x18A2,0x18A2,0x18C2,0x18C2,0x18C2,0x18C2,0x18C2,0x18C2,
0x18C2,0x18C2,0x18C2,0x18C2,0x18C2,0x20C2,0x20C2,0x20C2,0x20C2,0x20E2,0x20E3,0x20E3,0x2103,0x2103,0x2103,0x2103,
0x2103,0x2103,0x2103,0x2103,0x2103,0x2103,0x20E3,0x20E3,0x20E3,0x20E3,0x20E3,0x20E3,0x20E3,0x20E3,0x20E3,0x20E3,
0x2103,0x2103,0x2103,0x2103,0x2103,0x20E3,0x20E3,0x20E3,0x20E3,0x20E3,0x20E3,0x20E3,0x20E3,0x20E3,0x20E3,0x20E3,
0x0862,0x0861,0x0861,0x0861,0x0861,0x0861,0x0861,0x0861,0x0861,0x0861,0x0862,0x0862,0x0862,0x0862,0x0862,0x0862,
0x0862,0x0862,0x0862,0x0862,0x0862,0x0862,0x0862,0x0862,0x0862,0x0862,0x0862,0x0862,0x0862,0x0862,0x0862,0x0862,
0x0882,0x0882,0x0882,0x0882,0x0882,0x0882,0x0882,0x0882,0x10A3,0x10A3,0x10A3,0x08A2,0x08A2,0x08A2,0x08A2,0x08A2,
0x1083,0x0883,0x0882,0x0882,0x0882,0x0862,0x0862,0x0862,0x1082,0x1082,0x18C3,0x1904,0x18E4,0x10A2,0x0862,0x0862,
0x0882,0x0882,0x0882,0x1082,0x0882,0x0882,0x0882,0x0882,0x0882,0x0882,0x0882,0x0882,0x0862,0x0862,0x0862,0x0862,
0x0862,0x0862,0x0862,0x0862,0x0862,0x0862,0x0862,0x0862,0x0862,0x0862,0x0862,0x0862,0x0862,0x0862,0x0862,0x0862,
0x0861,0x0861,0x0861,0x0841,0x0841,0x0841,0x0841,0x0841,0x0841,0x0841,0x0841,0x0841,0x0841,0x0841,0x0841,0x0841,
0x0841,0x0841,0x0841,0x0841,0x0841,0x0841,0x0841,0x0861,0x0861,0x0861,0x0861,0x0861,0x0861,0x0861,0x0841,0x0841,
0x0841,0x0841,0x0841,0x0841,0x0841,0x0841,0x0841,0x0841,0x0841,0x0841,0x0841,0x0841,0x0841,0x0841,0x0841,0x0841,
0x0841,0x0841,0x0841,0x0841,0x0841,0x0841,0x0841,0x0841,0x0861,0x0861,0x0841,0x0841,0x0841,0x0841,0x0841,0x0841,
0x0841,0x0841,0x0841,0x0841,0x0841,0x0841,0x0841,0x0841,0x0841,0x0841,0x0841,0x0841,0x0841,0x0841,0x0841,0x0841,
0x0841,0x0841,0x0841,0x0841,0x0841,0x0841,0x0861,0x1062,0x10A2,0x1082,0x1082,0x10A2,0x1061,0x0841,0x1061,0x1082,
0x1082,0x1082,0x1082,0x1082,0x1081,0x1082,0x1082,0x1082,0x1082,0x1082,0x1082,0x1082,0x1082,0x1082,0x1081,0x1081,
0x1081,0x1081,0x1081,0x1081,0x1081,0x1081,0x1081,0x1082,0x1082,0x1082,0x1082,0x1082,0x1082,0x1082,0x1082,0x1082,
0x1081,0x1081,0x1081,0x1081,0x1081,0x1081,0x1081,0x1081,0x1881,0x1881,0x1881,0x1882,0x18A2,0x18A2,0x18A2,0x18A2,
0x18A2,0x18A2,0x18A2,0x18A2,0x18A2,0x18A2,0x18A2,0x18A2,0x18A2,0x1882,0x1882,0x1082,0x1061,0x0841,0x0820,0x0820,
0x1061,0x1081,0x1082,0x18A2,0x18A2,0x18C2,0x18C2,0x18C2,0x18C2,0x18C2,0x18C2,0x18C2,0x18C2,0x18C2,0x18C2,0x18C2,
0x18C2,0x20C2,0x20C2,0x20C2,0x20E2,0x20C2,0x20C2,0x20C2,0x20C2,0x20E2,0x20E3,0x20E3,0x2103,0x2103,0x2103,0x2103,
0x2103,0x2103,0x2103,0x2103,0x20E3,0x20E3,0x20E3,0x20E3,0x20E3,0x20E3,0x20E3,0x20E3,0x20E3,0x20E3,0x20E3,0x20E3,
0x2103,0x2103,0x2103,0x2103,0x2103,0x2103,0x2103,0x2103,0x20E3,0x20E3,0x20E3,0x20E3,0x20E3,0x20E3,0x20E3,0x20E3,
0x0862,0x0861,0x0861,0x0861,0x0861,0x0861,0x0861,0x0861,0x0861,0x0861,0x0861,0x0862,0x0862,0x0862,0x0862,0x0862,
0x0862,0x0862,0x0862,0x0862,0x0862,0x0862,0x0862,0x0862,0x0862,0x0862,0x0882,0x0862,0x0862,0x0862,0x0862,0x0862,
0x0862,0x0882,0x0882,0x0882,0x0882,0x0882,0x0882,0x0882,0x08A2,0x08A2,0x08A2,0x08A2,0x08A2,0x08A2,0x08A2,0x08A2,
0x1083,0x0883,0x1083,0x1083,0x1082,0x0882,0x0882,0x0882,0x0882,0x0882,0x1082,0x10A2,0x1082,0x0862,0x0882,0x1082,
0x1082,0x1082,0x10A3,0x10A3,0x10A3,0x10A3,0x10A3,0x10A3,0x0882,0x0882,0x0882,0x0882,0x0882,0x0882,0x0862,0x0862,
0x0862,0x0862,0x0862,0x0862,0x0862,0x0862,0x0862,0x0862,0x0862,0x0862,0x0862,0x0862,0x0862,0x0862,0x0862,0x0862,
0x0861,0x0861,0x0861,0x0861,0x0841,0x0841,0x0841,0x0841,0x0841,0x0841,0x0841,0x0841,0x0841,0x0841,0x0841,0x0841,
0x0841,0x0841,0x0841,0x0841,0x0841,0x0841,0x0861,0x0861,0x0861,0x0861,0x0861,0x0861,0x0861,0x0861,0x0861,0x0861,
0x0861,0x0861,0x0841,0x0861,0x0841,0x0841,0x0841,0x0841,0x0841,0x0841,0x0841,0x0841,0x0841,0x0841,0x0841,0x0841,
0x0841,0x0841,0x0841,0x0841,0x0841,0x0841,0x0841,0x0841,0x0861,0x0861,0x0841,0x0841,0x0841,0x0841,0x0841,0x0841,
0x0841,0x0841,0x0841,0x0841,0x0841,0x0841,0x0841,0x0841,0x0841,0x0841,0x0861,0x0841,0x0841,0x0841,0x0841,0x0821,
0x0841,0x0841,0x0841,0x0841,0x0841,0x0861,0x0861,0x0862,0x1082,0x1082,0x1082,0x18A3,0x1082,0x1061,0x1061,0x1061,
0x1082,0x1082,0x1082,0x1082,0x1082,0x1082,0x1082,0x1082,0x1082,0x1082,0x1081,0x1081,0x1082,0x1082,0x1082,0x1081,
0x1081,0x1081,0x1081,0x1081,0x1081,0x1081,0x1081,0x1081,0x1082,0x1082,0x1082,0x1081,0x1081,0x1081,0x1082,0x1082,
0x1081,0x1081,0x1081,0x1081,0x1081,0x1081,0x1081,0x1881,0x1081,0x1081,0x1881,0x1882,0x18A2,0x18A2,0x18A2,0x18A2,
0x18C2,0x18C2,0x18A2,0x18A2,0x18A2,0x18A2,0x18A2,0x18A2,0x18A2,0x18A2,0x18A2,0x18A2,0x10A2,0x1081,0x1061,0x1081,
0x18A2,0x18A2,0x18A2,0x18A2,0x18A2,0x18A2,0x18C2,0x20C2,0x20C2,0x20C2,0x18C2,0x18C2,0x18C2,0x18C2,0x20C2,0x20C2,
0x18C2,0x20C2,0x20E3,0x20E3,0x20E2,0x20E2,0x20C2,0x20C2,0x20C2,0x20E2,0x20E3,0x2103,0x2103,0x2103,0x2103,0x20E3,
0x2103,0x20E3,0x20E3,0x20E3,0x20E3,0x20E3,0x20E3,0x20E3,0x20E3,0x20E3,0x20E3,0x20E3,0x20E3,0x20E3,0x20E3,0x2103,
0x2103,0x2103,0x2103,0x2103,0x2103,0x2103,0x2103,0x2103,0x20E3,0x20E3,0x20E3,0x20E3,0x20E3,0x20E3,0x20E3,0x20E3,
0x0861,0x0861,0x0861,0x0861,0x0861,0x0861,0x0841,0x0841,0x0841,0x0841,0x0861,0x0861,0x0862,0x0862,0x0862,0x0862,
0x0862,0x0862,0x0862,0x0862,0x0862,0x0862,0x0862,0x0862,0x0862,0x0882,0x0882,0x0862,0x0862,0x0862,0x0862,0x0862,
0x0862,0x0862,0x0882,0x0882,0x0882,0x0882,0x0882,0x0882,0x10A3,0x0882,0x0882,0x0882,0x0882,0x0882,0x0882,0x0882,
0x08A3,0x08A3,0x08A3,0x08A3,0x0883,0x0882,0x0882,0x0882,0x0882,0x0882,0x0882,0x0882,0x0882,0x0882,0x1083,0x1083,
0x10A3,0x10A3,0x10A3,0x10A3,0x10A3,0x10A3,0x10A3,0x10A3,0x08A3,0x08A3,0x0882,0x0882,0x0882,0x0882,0x0882,0x0862,
0x0862,0x0862,0x0862,0x0862,0x0862,0x0862,0x0862,0x0862,0x0862,0x0862,0x0862,0x0862,0x0862,0x0862,0x0862,0x0862,
0x0861,0x0861,0x0861,0x0861,0x0861,0x0861,0x0861,0x0861,0x0841,0x0841,0x0841,0x0841,0x0841,0x0841,0x0841,0x0841,
0x0841,0x0841,0x0841,0x0841,0x0841,0x0841,0x0861,0x0862,0x0861,0x0861,0x0861,0x0861,0x0861,0x0861,0x0861,0x0861,
0x0861,0x0861,0x0861,0x0861,0x0841,0x0841,0x0841,0x0841,0x0841,0x0841,0x0841,0x0841,0x0841,0x0841,0x0841,0x0841,
0x0841,0x0841,0x0841,0x0841,0x0841,0x0841,0x0841,0x0841,0x0841,0x0841,0x0841,0x0841,0x0841,0x0841,0x0841,0x0841,
0x0841,0x0841,0x0841,0x0841,0x0841,0x0841,0x0841,0x0861,0x0861,0x0861,0x0841,0x0841,0x0841,0x0841,0x0841,0x0841,
0x0841,0x0841,0x0841,0x0841,0x0841,0x0861,0x0861,0x0862,0x0862,0x1082,0x1082,0x10A2,0x10A2,0x1082,0x1082,0x1061,
0x1082,0x1082,0x1082,0x1082,0x1082,0x1082,0x1082,0x1082,0x1082,0x1082,0x1081,0x1082,0x1082,0x1082,0x1082,0x1082,
0x1081,0x1081,0x1081,0x1081,0x1081,0x1081,0x1081,0x1881,0x1881,0x1081,0x1081,0x1081,0x1081,0x1081,0x1081,0x1082,
0x1081,0x1081,0x1881,0x1881,0x1081,0x1081,0x1881,0x1881,0x1081,0x1081,0x1881,0x1882,0x18A2,0x18A2,0x18A2,0x18A2,
0x18C2,0x18C2,0x18A2,0x18A2,0x18A2,0x18A2,0x18A2,0x18A2,0x18A2,0x18A2,0x18A2,0x18A2,0x18A2,0x18A2,0x18A2,0x18A2,
0x18A2,0x18A2,0x18A2,0x18C2,0x18C2,0x18C2,0x20C2,0x20C2,0x20C2,0x20C2,0x20E2,0x20E2,0x20E3,0x20E3,0x20E3,0x20E3,
0x20E2,0x20E3,0x20E3,0x20E3,0x20E2,0x20E2,0x20C2,0x20C2,0x20E2,0x20E3,0x20E3,0x20E3,0x2103,0x2103,0x20E3,0x20E3,
0x20E3,0x20E3,0x20E3,0x20E3,0x20E3,0x20E3,0x20E3,0x20E3,0x20E3,0x20E3,0x20E3,0x20E3,0x20E3,0x20E3,0x2103,0x2103,
0x2103,0x2103,0x2103,0x2103,0x2103,0x2103,0x2103,0x2103,0x2103,0x20E3,0x20E3,0x20E3,0x20E3,0x20E3,0x20E3,0x20E3,
0x0861,0x0861,0x0861,0x0861,0x0861,0x0861,0x0841,0x0841,0x0841,0x0841,0x0841,0x0841,0x0861,0x0861,0x0861,0x0861,
0x0862,0x0862,0x0862,0x0862,0x0862,0x0862,0x0862,0x0862,0x0862,0x0862,0x0882,0x0882,0x0862,0x0862,0x0862,0x0862,
0x0862,0x0862,0x0862,0x0882,0x0882,0x0882,0x0882,0x0882,0x0882,0x0882,0x0882,0x0882,0x0882,0x0882,0x0882,0x0882,
0x08A3,0x08A3,0x10A3,0x10A3,0x10A3,0x08A3,0x0882,0x0882,0x10A3,0x0882,0x0882,0x10A3,0x10A3,0x0882,0x0883,0x10A3,
0x10A3,0x10A3,0x10A3,0x10A3,0x10A3,0x10A3,0x10A3,0x10A3,0x10A3,0x10A3,0x0882,0x0882,0x0882,0x0882,0x0882,0x0862,
0x0862,0x0862,0x0862,0x0862,0x0862,0x0862,0x0862,0x0862,0x0862,0x0862,0x0862,0x0862,0x0862,0x0862,0x0862,0x0862,
0x0861,0x0861,0x0861,0x0861,0x0861,0x0861,0x0861,0x0861,0x0861,0x0861,0x0841,0x0841,0x0841,0x0841,0x0841,0x0841,
0x0841,0x0841,0x0841,0x0841,0x0841,0x0841,0x0861,0x0862,0x0861,0x0861,0x0861,0x0861,0x0861,0x0861,0x0861,0x0861,
0x0861,0x0861,0x0861,0x0841,0x0841,0x0841,0x0841,0x0841,0x0841,0x0841,0x0841,0x0841,0x0841,0x0841,0x0841,0x0841,
0x0841,0x0841,0x0841,0x0841,0x0841,0x0841,0x0841,0x0841,0x0841,0x0841,0x0841,0x0841,0x0841,0x0841,0x0841,0x0841,
0x0841,0x0841,0x0841,0x0841,0x0841,0x0841,0x0841,0x0861,0x0841,0x0841,0x0841,0x0841,0x0841,0x0841,0x0841,0x0841,
0x0841,0x0841,0x0841,0x0841,0x0841,0x0841,0x0861,0x0862,0x1082,0x1082,0x1082,0x1082,0x1082,0x1082,0x1082,0x1082,
0x1082,0x1082,0x1082,0x1082,0x1082,0x1082,0x1082,0x1082,0x1082,0x1082,0x1082,0x1082,0x1082,0x1082,0x1082,0x1082,
0x1081,0x1081,0x1081,0x1081,0x1081,0x1081,0x1081,0x1081,0x1081,0x1081,0x1082,0x1082,0x1082,0x1081,0x1082,0x1082,
0x1081,0x1881,0x1881,0x1881,0x1881,0x1881,0x1881,0x1881,0x1881,0x1881,0x1881,0x1882,0x18A2,0x18A2,0x18A2,0x18A2,
0x18A2,0x18A2,0x18A2,0x18A2,0x18A2,0x18A2,0x18A2,0x18A2,0x18A2,0x18A2,0x18A2,0x18C2,0x18C2,0x18C2,0x18A2,0x18A2,
0x18A2,0x18A2,0x18C2,0x20C2,0x20C2,0x20C2,0x20C2,0x20C2,0x18C2,0x20C2,0x20E3,0x2103,0x2103,0x2103,0x2103,0x2103,
0x2103,0x2103,0x20E3,0x20E3,0x20E2,0x20C2,0x20E2,0x20E2,0x20E3,0x20E3,0x20E3,0x20E3,0x20E3,0x20E3,0x20E3,0x20E3,
0x20E3,0x20E3,0x20E3,0x20E3,0x20E3,0x20E3,0x20E3,0x20E3,0x20E3,0x20E3,0x20E3,0x20E3,0x20E3,0x20E3,0x2103,0x2103,
0x2103,0x2103,0x2103,0x2103,0x2103,0x2103,0x2103,0x2103,0x2103,0x2103,0x20E3,0x20E3,0x20E3,0x20E3,0x20E3,0x20E3,
0x0861,0x0861,0x0861,0x0861,0x0861,0x0861,0x0861,0x0841,0x0841,0x0841,0x0841,0x0841,0x0841,0x0841,0x0841,0x0841,
0x0862,0x0862,0x0862,0x0862,0x0862,0x0862,0x0862,0x0862,0x0862,0x0862,0x0862,0x0862,0x0862,0x0862,0x0862,0x0862,
0x0862,0x0862,0x0862,0x0862,0x0882,0x0882,0x0882,0x0882,0x0882,0x0882,0x0882,0x0882,0x0882,0x0882,0x0882,0x0882,
0x0882,0x0882,0x08A2,0x08A2,0x10A3,0x10A3,0x08A3,0x0882,0x08A3,0x08A3,0x08A2,0x08A2,0x10A3,0x10A3,0x10A3,0x10A3,
0x10A3,0x10A3,0x10A3,0x10A3,0x10A3,0x10A3,0x10A3,0x10A3,0x10A3,0x10A3,0x08A3,0x0882,0x0882,0x0882,0x0882,0x0882,
0x0862,0x0862,0x0862,0x0862,0x0862,0x0862,0x0862,0x0862,0x0862,0x0862,0x0861,0x0862,0x0862,0x0862,0x0862,0x0862,
0x0862,0x0862,0x0862,0x0861,0x0861,0x0861,0x0861,0x0861,0x0861,0x0861,0x0841,0x0841,0x0841,0x0841,0x0841,0x0841,
0x0841,0x0841,0x0841,0x0841,0x0841,0x0861,0x0861,0x0862,0x0861,0x0861,0x0861,0x0861,0x0861,0x0861,0x0861,0x0861,
0x0861,0x0861,0x0841,0x0841,0x0861,0x0861,0x0861,0x0861,0x0841,0x0841,0x0841,0x0841,0x0841,0x0841,0x0841,0x0841,
0x0841,0x0841,0x0861,0x0861,0x0861,0x0841,0x0841,0x0841,0x0841,0x0841,0x0861,0x0841,0x0841,0x0841,0x0841,0x0841,
0x0841,0x0841,0x0841,0x0841,0x0841,0x0841,0x0841,0x0841,0x0841,0x0841,0x0841,0x0841,0x0841,0x0841,0x0841,0x0861,
0x0861,0x0861,0x0861,0x0861,0x0861,0x0861,0x0862,0x1082,0x1082,0x10A2,0x1082,0x1082,0x10A2,0x1082,0x1082,0x1082,
0x1082,0x1082,0x1082,0x1082,0x1082,0x1082,0x1082,0x1082,0x1082,0x1082,0x1082,0x1082,0x1082,0x1082,0x1082,0x1082,
0x1082,0x1082,0x1082,0x1082,0x1081,0x1081,0x1081,0x1081,0x1081,0x1081,0x1081,0x1081,0x1081,0x1081,0x1081,0x1081,
0x1881,0x1881,0x1881,0x1881,0x1881,0x1881,0x1881,0x1882,0x1882,0x1882,0x1882,0x18A2,0x18A2,0x18A2,0x18A2,0x18A2,
0x18A2,0x18A2,0x18A2,0x18A2,0x18A2,0x18A2,0x18A2,0x18A2,0x18A2,0x18A2,0x18A2,0x18C2,0x18C2,0x18C2,0x18C2,0x18C2,
0x18C2,0x18C2,0x18C2,0x20C2,0x20C2,0x20C2,0x20C2,0x20C2,0x20C2,0x20E3,0x20E3,0x2103,0x2103,0x2103,0x2103,0x2103,
0x2103,0x2103,0x2103,0x20E3,0x20E2,0x20E2,0x20E3,0x20E3,0x20E3,0x20E3,0x20E3,0x20E3,0x20E3,0x20E3,0x20E3,0x20E3,
0x20E3,0x20E3,0x20C3,0x20C3,0x20E3,0x20E3,0x20E3,0x20E3,0x20E3,0x20E3,0x20E3,0x20E3,0x2103,0x2103,0x2103,0x2103,
0x2103,0x2103,0x2103,0x2103,0x2103,0x2103,0x2103,0x2103,0x2103,0x2103,0x20E3,0x20E3,0x20E3,0x20E3,0x20E3,0x20E3,
0x0861,0x0861,0x0861,0x0861,0x0861,0x0861,0x0861,0x0841,0x0841,0x0841,0x0841,0x0841,0x0841,0x0841,0x0841,0x0841,
0x0862,0x0862,0x0862,0x0862,0x0862,0x0862,0x0862,0x0862,0x0862,0x0862,0x0862,0x0862,0x0862,0x0862,0x0862,0x0862,
0x0862,0x0862,0x0862,0x0862,0x0862,0x0862,0x0882,0x0882,0x0882,0x0882,0x0882,0x0882,0x0882,0x0882,0x0882,0x0882,
0x08A2,0x08A2,0x10A3,0x08A2,0x10A3,0x08A2,0x08A3,0x08A3,0x08A3,0x10A3,0x10A3,0x08A3,0x10A3,0x10A3,0x10A3,0x10A3,
0x10A3,0x10A3,0x10A3,0x10A3,0x10A3,0x10A3,0x10A3,0x10A3,0x10A3,0x10A3,0x0882,0x0882,0x0882,0x0882,0x0882,0x0882,
0x0862,0x0862,0x0862,0x0862,0x0862,0x0862,0x0862,0x0862,0x0862,0x0862,0x0862,0x0862,0x0862,0x0862,0x0862,0x0862,
0x0862,0x0862,0x0862,0x0862,0x0862,0x0862,0x0862,0x0862,0x0862,0x0861,0x0861,0x0841,0x0841,0x0841,0x0841,0x0841,
0x0841,0x0841,0x0841,0x0841,0x0841,0x0861,0x0861,0x0862,0x0862,0x0862,0x0862,0x0861,0x0861,0x0861,0x0861,0x0861,
0x0861,0x0861,0x0841,0x0841,0x0861,0x0861,0x0862,0x0862,0x0862,0x0861,0x0841,0x0841,0x0841,0x0841,0x0841,0x0841,
0x0841,0x0861,0x0861,0x0861,0x0861,0x0861,0x0841,0x0841,0x0841,0x0861,0x0861,0x0841,0x0841,0x0841,0x0841,0x0841,
0x0841,0x0841,0x0841,0x0841,0x0841,0x0841,0x0841,0x0841,0x0841,0x0841,0x0861,0x0841,0x0841,0x0841,0x0841,0x0841,
0x0861,0x1062,0x1082,0x0862,0x0841,0x0841,0x0841,0x0841,0x1082,0x10A2,0x10A2,0x10A3,0x10A2,0x1082,0x1082,0x1082,
0x1082,0x1082,0x1082,0x1082,0x1082,0x1082,0x1082,0x1082,0x1082,0x1082,0x1082,0x1082,0x1082,0x1082,0x1082,0x1082,
0x1081,0x1081,0x1082,0x1082,0x1081,0x1081,0x1081,0x1081,0x1081,0x1081,0x1081,0x1081,0x1081,0x1081,0x1081,0x1881,
0x1881,0x1881,0x1881,0x1881,0x1881,0x1881,0x1882,0x1882,0x1882,0x18A2,0x18A2,0x18A2,0x18A2,0x18A2,0x18A2,0x18A2,
0x18A2,0x18A2,0x18A2,0x18A2,0x18A2,0x18A2,0x18A2,0x18A2,0x18A2,0x18A2,0x18C2,0x20C2,0x20C2,0x18C2,0x18C2,0x18C2,
0x18C2,0x18C2,0x20C2,0x20C2,0x20E2,0x20E2,0x20E2,0x20C2,0x20E3,0x20E3,0x2103,0x2103,0x2103,0x2103,0x2103,0x2103,
0x2103,0x2103,0x2103,0x2103,0x20E3,0x20E3,0x20E3,0x20E3,0x20E3,0x20E3,0x20E3,0x20E3,0x20E3,0x20E3,0x20E3,0x20E3,
0x20E3,0x20E3,0x20C3,0x18C2,0x20C3,0x20E3,0x20E3,0x20E3,0x20E3,0x20E3,0x20E3,0x20E3,0x2103,0x2103,0x2103,0x2103,
0x2103,0x2103,0x2103,0x2103,0x2103,0x2103,0x2103,0x2103,0x2103,0x2103,0x2103,0x20E3,0x20E3,0x20E3,0x20E3,0x20E3,
0x0861,0x0861,0x0861,0x0861,0x0861,0x0861,0x0841,0x0841,0x0841,0x0841,0x0841,0x0841,0x0841,0x0841,0x0861,0x0861,
0x0862,0x0862,0x0862,0x0862,0x0862,0x0862,0x0862,0x0862,0x0862,0x0862,0x0862,0x0862,0x0862,0x0862,0x0862,0x0862,
0x0862,0x0862,0x0862,0x0862,0x0862,0x0862,0x0862,0x0882,0x0882,0x0882,0x0882,0x0882,0x0882,0x0882,0x0882,0x0882,
0x0882,0x0882,0x0882,0x10A2,0x08A2,0x08A2,0x08A2,0x08A2,0x08A2,0x0882,0x0882,0x0882,0x10A3,0x10A3,0x10A3,0x10A3,
0x10A3,0x10A3,0x10A3,0x10A3,0x10A3,0x08A3,0x0882,0x0882,0x0882,0x08A3,0x10A3,0x0882,0x0882,0x0882,0x0882,0x0882,
0x0862,0x0862,0x0862,0x0862,0x0862,0x0862,0x0862,0x0862,0x0862,0x0862,0x0861,0x0862,0x0882,0x0882,0x0862,0x0862,
0x0882,0x0882,0x0862,0x0862,0x0862,0x0862,0x0862,0x0862,0x0862,0x0861,0x0841,0x0841,0x0841,0x0841,0x0841,0x0841,
0x0841,0x0841,0x0841,0x0841,0x0861,0x0862,0x0862,0x0862,0x0862,0x0862,0x0861,0x0861,0x0861,0x0861,0x0861,0x0861,
0x0861,0x0862,0x0862,0x0862,0x0861,0x0862,0x0862,0x0862,0x0862,0x0861,0x0861,0x0861,0x0861,0x0841,0x0841,0x0841,
0x0841,0x0861,0x0861,0x0841,0x0841,0x0861,0x0861,0x0861,0x0861,0x0861,0x0861,0x0861,0x0861,0x0861,0x0861,0x0861,
0x0841,0x0841,0x0841,0x0841,0x0841,0x0861,0x0861,0x0861,0x0841,0x0841,0x0841,0x0861,0x0861,0x0861,0x0841,0x0841,
0x0861,0x1062,0x1082,0x0862,0x0861,0x0861,0x0861,0x0861,0x0861,0x0861,0x0861,0x1082,0x10A2,0x18A3,0x10A2,0x1082,
0x1082,0x1082,0x1082,0x1082,0x1082,0x1082,0x1082,0x1082,0x1082,0x1082,0x1082,0x1082,0x1082,0x1082,0x1082,0x1082,
0x1082,0x1082,0x1082,0x1082,0x1082,0x1082,0x1081,0x1081,0x1081,0x1081,0x1081,0x1081,0x1081,0x1081,0x1881,0x1882,
0x1881,0x1881,0x1882,0x1882,0x1882,0x1882,0x1882,0x1882,0x1882,0x18A2,0x18A2,0x18A2,0x18A2,0x18A2,0x18A2,0x18A2,
0x18A2,0x18A2,0x18A2,0x18A2,0x18A2,0x18A2,0x18A2,0x18A2,0x18A2,0x18A2,0x18A2,0x18A2,0x18C2,0x18C2,0x18C2,0x18C2,
0x18C2,0x18C2,0x18C2,0x20C2,0x18C2,0x20C2,0x20E3,0x2103,0x2103,0x2103,0x2103,0x2103,0x2103,0x2103,0x2103,0x2103,
0x2103,0x2103,0x2103,0x20E3,0x20E3,0x2103,0x20E3,0x20E3,0x20E3,0x20E3,0x20E3,0x20E3,0x20E3,0x20E3,0x20E3,0x20E3,
0x20E3,0x20C2,0x18C2,0x18C2,0x20C2,0x20E3,0x20E3,0x20E3,0x20E3,0x20E3,0x20E3,0x20E3,0x20E3,0x2103,0x2103,0x2103,
0x2103,0x2103,0x2103,0x2103,0x2103,0x2103,0x2103,0x2103,0x2103,0x2103,0x2103,0x20E3,0x20E3,0x20E3,0x20E3,0x20E3,
0x0841,0x0861,0x0861,0x0861,0x0861,0x0861,0x0841,0x0841,0x0841,0x0841,0x0841,0x0841,0x0841,0x0841,0x0861,0x0861,
0x0862,0x0862,0x0862,0x0862,0x0862,0x0862,0x0862,0x0862,0x0862,0x0862,0x0862,0x0862,0x0862,0x0862,0x0862,0x0862,
0x0862,0x0862,0x0862,0x0862,0x0862,0x0862,0x0862,0x0862,0x0882,0x0882,0x0882,0x0882,0x0882,0x0882,0x0882,0x0882,
0x0882,0x0882,0x0882,0x0882,0x08A2,0x10A3,0x08A2,0x08A2,0x08A2,0x0882,0x0882,0x0882,0x10A3,0x10A3,0x10A3,0x10A3,
0x10A3,0x10A3,0x10A3,0x10A3,0x10A3,0x08A3,0x0882,0x0882,0x0882,0x08A3,0x10A3,0x0882,0x0882,0x0882,0x0882,0x0882,
0x0862,0x0862,0x0862,0x0862,0x0862,0x0862,0x0862,0x0862,0x0862,0x0862,0x0862,0x0862,0x0882,0x0882,0x0882,0x0882,
0x0882,0x0882,0x0882,0x0862,0x0862,0x0862,0x0862,0x0862,0x0862,0x0861,0x0841,0x0841,0x0841,0x0841,0x0841,0x0841,
0x0841,0x0841,0x0841,0x0861,0x0861,0x0862,0x0862,0x0862,0x0862,0x0862,0x0862,0x0861,0x0861,0x0861,0x0861,0x0861,
0x0861,0x0862,0x0862,0x0862,0x0861,0x0862,0x0862,0x0862,0x0862,0x0861,0x0861,0x0861,0x0861,0x0841,0x0841,0x0841,
0x0861,0x0861,0x0861,0x0861,0x0841,0x0861,0x0861,0x0861,0x0861,0x0861,0x0861,0x0861,0x0861,0x0861,0x0861,0x0861,
0x0841,0x0841,0x0841,0x0841,0x0841,0x0861,0x0861,0x0861,0x0841,0x0841,0x0861,0x0861,0x0861,0x0861,0x0841,0x0841,
0x0841,0x0861,0x0861,0x0861,0x0862,0x1082,0x1082,0x0861,0x0862,0x1082,0x0862,0x1082,0x1062,0x1082,0x1082,0x10A2,
0x1082,0x1082,0x1082,0x1082,0x1082,0x1082,0x1082,0x1082,0x1082,0x1082,0x1082,0x1082,0x1082,0x1082,0x1082,0x1082,
0x1082,0x1082,0x1082,0x1082,0x1082,0x1082,0x1081,0x1081,0x1081,0x1081,0x1081,0x1081,0x1081,0x1081,0x1081,0x1881,
0x1881,0x1881,0x1882,0x1882,0x1882,0x1882,0x1882,0x1882,0x18A2,0x18A2,0x18A2,0x18A2,0x18A2,0x18A2,0x18A2,0x18A2,
0x18A2,0x18A2,0x18A2,0x18A2,0x18C2,0x18A2,0x18A2,0x18A2,0x18A2,0x18A2,0x18A2,0x18A2,0x18C2,0x18C2,0x18C2,0x18C2,
0x18C2,0x18C2,0x20E2,0x20E3,0x20E3,0x20E3,0x2103,0x2924,0x2103,0x2103,0x2103,0x2103,0x2103,0x2103,0x2103,0x2103,
0x2103,0x2103,0x2103,0x20E3,0x20E3,0x2103,0x20E3,0x20E3,0x20E3,0x20E3,0x20E3,0x20E3,0x20E3,0x20E3,0x20E3,0x20E3,
0x20C2,0x20C2,0x18C2,0x18C2,0x18C2,0x20E3,0x20E3,0x20E3,0x20E3,0x20E3,0x20E3,0x20E3,0x20E3,0x20E3,0x2103,0x2103,
0x2103,0x2103,0x2103,0x2103,0x2103,0x2103,0x2103,0x2103,0x2103,0x2103,0x2103,0x20E3,0x20E3,0x20E3,0x20E3,0x20E3,
0x0841,0x0841,0x0841,0x0861,0x0861,0x0861,0x0841,0x0841,0x0841,0x0841,0x0841,0x0841,0x0841,0x0861,0x0861,0x0861,
0x0862,0x0862,0x0862,0x0862,0x0862,0x0862,0x0862,0x0862,0x0862,0x0862,0x0862,0x0862,0x0862,0x0862,0x0862,0x0862,
0x0862,0x0862,0x0862,0x0862,0x0862,0x0862,0x0862,0x0882,0x0882,0x0882,0x0882,0x0882,0x0882,0x0882,0x0882,0x0882,
0x0882,0x0882,0x0882,0x0882,0x1083,0x1083,0x10A3,0x10A3,0x0882,0x0882,0x0882,0x0882,0x0882,0x10A3,0x10A3,0x10A3,
0x10A3,0x10A3,0x10A3,0x10A3,0x08A2,0x08A2,0x0882,0x0882,0x0882,0x0882,0x0882,0x0882,0x0882,0x0882,0x0882,0x0862,
0x0862,0x0862,0x0862,0x0862,0x0862,0x0862,0x0862,0x0862,0x0862,0x0862,0x0862,0x0862,0x0882,0x0882,0x0882,0x1082,
0x1082,0x1082,0x1082,0x0882,0x0882,0x0882,0x0862,0x0862,0x0862,0x0862,0x0861,0x0841,0x0841,0x0841,0x0841,0x0841,
0x0841,0x0841,0x0841,0x0861,0x0862,0x0862,0x0862,0x0862,0x0862,0x0862,0x0862,0x0862,0x0862,0x0862,0x0861,0x0861,
0x0861,0x0862,0x0862,0x0862,0x0862,0x0862,0x0862,0x0862,0x0862,0x0861,0x0861,0x0861,0x0861,0x0841,0x0841,0x0861,
0x0861,0x0861,0x0861,0x0861,0x0841,0x0861,0x0861,0x0861,0x0861,0x0861,0x0861,0x0861,0x0861,0x0861,0x0861,0x0861,
0x0841,0x0841,0x0841,0x0841,0x0861,0x0861,0x0861,0x0861,0x0841,0x0861,0x0861,0x0861,0x0861,0x0861,0x0861,0x0861,
0x0861,0x1062,0x1062,0x1082,0x1082,0x1082,0x1082,0x1082,0x1082,0x1082,0x1082,0x1082,0x1082,0x1082,0x1082,0x10A2,
0x1082,0x1082,0x1082,0x1082,0x1082,0x1082,0x1082,0x1082,0x1082,0x1082,0x1082,0x1082,0x1082,0x1082,0x1082,0x1082,
0x1082,0x1082,0x1082,0x1082,0x1082,0x1082,0x1082,0x1082,0x1082,0x1082,0x1081,0x1082,0x1081,0x1082,0x1081,0x1081,
0x1881,0x1881,0x1882,0x1882,0x1882,0x18A2,0x18A2,0x18A2,0x18A2,0x18A2,0x18A2,0x18A2,0x18A2,0x18A2,0x18A2,0x18A2,
0x18A2,0x18A2,0x18A2,0x18A2,0x18C2,0x18C2,0x18A2,0x18A2,0x18A2,0x18A2,0x18A2,0x18A2,0x18A2,0x18C2,0x18C2,0x18C2,
0x20E3,0x20E3,0x20E3,0x2103,0x2103,0x2103,0x2104,0x2124,0x2104,0x2104,0x2103,0x2103,0x2103,0x2103,0x2103,0x2103,
0x2103,0x2103,0x2103,0x2103,0x2103,0x2103,0x20E3,0x20E3,0x20E3,0x20E3,0x20E3,0x20E3,0x20E3,0x20E3,0x20E3,0x20E3,
0x20C2,0x20C2,0x18C2,0x18C2,0x18C2,0x20C2,0x20E3,0x20E3,0x20E3,0x20E3,0x20E3,0x20E3,0x20E3,0x20E3,0x20E3,0x2103,
0x2103,0x2103,0x2103,0x2103,0x2103,0x2103,0x2103,0x2103,0x2103,0x2103,0x2103,0x20E3,0x20E3,0x20E3,0x20E3,0x20E3,
0x0841,0x0841,0x0841,0x0861,0x0861,0x0861,0x0861,0x0841,0x0841,0x0841,0x0841,0x0841,0x0841,0x0861,0x0861,0x0861,
0x0862,0x0862,0x0862,0x0862,0x0862,0x0862,0x0862,0x0862,0x0862,0x0862,0x0862,0x0862,0x0862,0x0862,0x0862,0x0862,
0x0862,0x0862,0x0862,0x0862,0x0862,0x0862,0x0862,0x0862,0x0862,0x0862,0x0862,0x0882,0x0882,0x0882,0x0882,0x0882,
0x0882,0x0882,0x0882,0x0882,0x1083,0x10A3,0x10A3,0x10A3,0x0882,0x0882,0x0882,0x0882,0x0882,0x10A3,0x10A3,0x10A3,
0x10A3,0x10A3,0x10A3,0x10A3,0x08A2,0x08A2,0x0882,0x0882,0x0882,0x0882,0x0882,0x0882,0x0882,0x0882,0x0882,0x0862,
0x0862,0x0862,0x0862,0x0862,0x0862,0x0862,0x0862,0x0862,0x0862,0x0862,0x0862,0x0862,0x0882,0x0882,0x0882,0x1082,
0x1082,0x1082,0x1082,0x1082,0x0882,0x0882,0x0882,0x0862,0x0862,0x0862,0x0861,0x0841,0x0841,0x0841,0x0841,0x0841,
0x0841,0x0841,0x0841,0x0861,0x0862,0x0862,0x0862,0x0862,0x0862,0x0862,0x0862,0x0862,0x0862,0x0862,0x0861,0x0861,
0x0861,0x0862,0x0862,0x0862,0x0862,0x0862,0x0862,0x0862,0x0862,0x0861,0x0861,0x0861,0x0861,0x0861,0x0861,0x0861,
0x0861,0x0861,0x0861,0x0861,0x0861,0x0861,0x0861,0x0861,0x0861,0x0861,0x0861,0x0862,0x0861,0x0861,0x0861,0x0861,
0x0861,0x0861,0x0841,0x0841,0x0861,0x0861,0x0861,0x0861,0x0861,0x0861,0x0862,0x0862,0x0861,0x0861,0x0861,0x0862,
0x1062,0x10A2,0x10A2,0x10A2,0x1082,0x1082,0x1082,0x1082,0x10A2,0x10A2,0x10A2,0x10A3,0x10A2,0x10A2,0x1082,0x1082,
0x1082,0x1082,0x1082,0x1082,0x1082,0x1082,0x1082,0x1082,0x1082,0x1082,0x1082,0x1082,0x1082,0x1082,0x1082,0x1082,
0x1082,0x1082,0x1082,0x1082,0x1082,0x1082,0x1082,0x1082,0x1082,0x1082,0x1082,0x1082,0x1081,0x1081,0x1081,0x1081,
0x1881,0x1881,0x1882,0x1882,0x18A2,0x18A2,0x18A2,0x18A2,0x18A2,0x18A2,0x18A2,0x18A2,0x18A2,0x18A2,0x18A2,0x18A2,
0x18A2,0x18A2,0x18A2,0x18A2,0x18C2,0x18C2,0x18A2,0x18A2,0x18A2,0x18A2,0x18A2,0x18A2,0x18A2,0x18A2,0x18C2,0x18C2,
0x20E3,0x20E3,0x2103,0x2103,0x2103,0x2103,0x2103,0x2104,0x2104,0x2104,0x2103,0x2103,0x2103,0x2103,0x2103,0x2103,
0x2103,0x2103,0x2103,0x2103,0x2103,0x20E3,0x20E3,0x20E3,0x20E3,0x20E3,0x20E3,0x20E3,0x20E3,0x20E3,0x20E3,0x20E3,
0x20C2,0x18C2,0x18C2,0x18C2,0x18C2,0x18C2,0x20E3,0x20E3,0x20E3,0x20E3,0x20E3,0x20E3,0x20E3,0x20E3,0x20E3,0x20E3,
0x2103,0x2103,0x2103,0x2103,0x2103,0x2103,0x2103,0x2103,0x2103,0x2103,0x2103,0x20E3,0x20E3,0x20E3,0x20E3,0x20E3,

};
