#pragma once
#include <pgmspace.h>

const uint16_t background_01[76800] PROGMEM = {
0x19E8,0x19E9,0x21E8,0x29E8,0x19E8,0x01E9,0x01EA,0x01EA,0x020A,0x020B,0x022B,0x0A2C,0x022C,0x0A2B,0x020A,0x01A9,
0x01A8,0x01A8,0x01A9,0x01A9,0x01A9,0x01A9,0x01A9,0x01A9,0x01A9,0x01AA,0x01CA,0x01A9,0x01C9,0x01C9,0x01C9,0x09C9,
0x09E9,0x09C8,0x09E9,0x09E9,0x1A29,0x2249,0x09C9,0x09E9,0x09E9,0x11E9,0x11C8,0x11C8,0x11C8,0x11C8,0x11C8,0x09E8,
0x09E8,0x11E8,0x09C9,0x11C8,0x11E8,0x19E8,0x19E8,0x19C8,0x11C8,0x11C9,0x19E9,0x19E9,0x19C8,0x19E8,0x19E9,0x19E8,
0x19E8,0x19E8,0x19E8,0x19E8,0x19E8,0x19E9,0x2209,0x2209,0x2A08,0x2A08,0x2A09,0x3229,0x3228,0x3A28,0x4227,0x4A47,
0x4227,0x4A47,0x5A86,0x6266,0x6286,0x72A4,0x72A4,0x7285,0x6A86,0x6A85,0x72C6,0x6286,0x5A87,0x6287,0x5287,0x3A49,
0x3229,0x3249,0x324A,0x2A4A,0x3249,0x3249,0x3A69,0x4A68,0x5288,0x5A87,0x6287,0x6A86,0x7AA5,0x8AE3,0x9B02,0xA321,
0x9B01,0x9B01,0x9B21,0xA320,0xA320,0xAB41,0xAB60,0xC3E0,0xD440,0xD440,0xD440,0xD440,0xD440,0xD440,0xCC40,0xCC40,
0xCC20,0xCC20,0xCC00,0xC400,0xC3E0,0xC3E0,0xC3E0,0xC3E0,0xC3E0,0xC3E0,0xC3E0,0xC3E0,0xC3E0,0xBBC0,0xBBC0,0xBBC0,
0xBBC0,0xBBC0,0xBBC0,0xBBC0,0xBBC0,0xBBC0,0xBBA0,0xBBC0,0xBBC0,0xBBC0,0xC3E0,0xC3E0,0xC3E0,0xC3E0,0xC3E0,0xC3E0,
0xBBE0,0xBBE0,0xBBC0,0xB3C0,0xB3A0,0xAB60,0xA340,0x9B20,0x9B20,0x9B21,0x9B21,0x9B21,0x9B20,0x9B20,0x9B20,0xA340,
0xA340,0xAB60,0xAB60,0xAB80,0xB3A0,0xAB80,0xB3A0,0xB3A0,0xB3A0,0xB3A0,0xBBA0,0xBBC0,0xC3C0,0xBBC0,0xBBC0,0xBBC0,
0xBBC0,0xBBC0,0xC3C0,0xC3C0,0xC3E0,0xC3E0,0xC3E0,0xC3E0,0xC3E0,0xCC20,0xD460,0xD460,0xD460,0xD460,0xD460,0xD460,
0xD460,0xD460,0xD460,0xD440,0xD460,0xD460,0xD440,0xD440,0xD440,0xD440,0xD460,0xD460,0xD480,0xD480,0xD480,0xD480,
0xD480,0xDCA0,0xD480,0xDCA0,0xDCA0,0xDCA0,0xDCA0,0xDCC0,0xDCC0,0xDCC0,0xDCE0,0xE4E0,0xE500,0xE500,0xE520,0xED40,
0xED60,0xED60,0xF580,0xF5A0,0xF580,0xF580,0xF5A0,0xF580,0xED80,0xED80,0xED80,0xED80,0xED81,0xED82,0xED83,0xEDA3,
0xEDA4,0xEDA4,0xF5C5,0xEDA5,0xF5C6,0xEDC6,0xF5E6,0xF5E6,0xF5E6,0xF5E7,0xF5E7,0xF5E7,0xF5C7,0xF5C7,0xF5E7,0xF5E7,
0xF608,0xF608,0xF608,0xF629,0xF628,0xF629,0xF629,0xF629,0xF629,0xF629,0xF629,0xF629,0xF609,0xEE0A,0xEE0A,0xEE0A,
0xEE0A,0xEDEA,0xEDEA,0xEDEA,0xEDEB,0xEDEB,0xEDEA,0xEDEB,0xEDEB,0xEDEC,0xEE0C,0xEE2C,0xEE2D,0xEE2D,0xEE2D,0xEE4D,
0xEE4D,0xEE4D,0xEE4D,0xEE4D,0xEE4D,0xEE4D,0xEE4D,0xEE6E,0xF66E,0xF66E,0xEE4E,0xF66E,0xF68F,0xF66F,0xF66F,0xF66F,
0x1A09,0x19E8,0x21E8,0x2A08,0x19E8,0x01E9,0x020A,0x0A0A,0x0A2B,0x0A2B,0x0A4C,0x022C,0x024C,0x022B,0x0A0B,0x01C9,
0x01A8,0x01A9,0x01A9,0x01A9,0x01A9,0x01A9,0x01A9,0x01A9,0x01A9,0x01A9,0x09C9,0x01A9,0x01C9,0x01C9,0x09C9,0x09E9,
0x11E9,0x1209,0x11E9,0x09E9,0x11E8,0x11E8,0x09C9,0x09E9,0x11E9,0x11E9,0x11E9,0x11E9,0x11E9,0x11E9,0x11E9,0x11C8,
0x11E8,0x09C8,0x09C8,0x11C8,0x11C8,0x19E8,0x19E8,0x19C8,0x11E8,0x11E8,0x11C8,0x19E8,0x19E8,0x19E8,0x21E8,0x21E8,
0x21E8,0x19E8,0x19E8,0x19E8,0x19E9,0x1A09,0x1A09,0x2209,0x2A08,0x2A09,0x2A09,0x2A29,0x3208,0x3A48,0x4247,0x4228,
0x4248,0x4A47,0x5A87,0x6266,0x6285,0x72A5,0x7AA5,0x7AA4,0x72A4,0x7AA5,0x7AA4,0x72A5,0x6286,0x5AA7,0x4268,0x3249,
0x3249,0x3A8A,0x2A29,0x2A4A,0x324A,0x324A,0x3A69,0x4A88,0x5287,0x6286,0x6AA6,0x6AA6,0x7AC5,0x8AC4,0x8AC3,0x9302,
0x9302,0x9301,0x9B01,0xA321,0xA321,0xA320,0xB3A0,0xC400,0xD440,0xD440,0xD440,0xD440,0xD440,0xD440,0xCC40,0xCC40,
0xCC20,0xCC20,0xCC00,0xCC00,0xC3E0,0xC3E0,0xC3E0,0xC3E0,0xC3E0,0xC3E0,0xC3E0,0xC3E0,0xC3E0,0xBBC0,0xBBC0,0xBBC0,
0xBBC0,0xBBC0,0xBBC0,0xBBC0,0xBBC0,0xBBC0,0xBBC0,0xBBC0,0xC3C0,0xC3E0,0xC3E0,0xC3E0,0xC3E0,0xC3E0,0xC3E0,0xC3E0,
0xBBE0,0xBBE0,0xBBE0,0xBBE0,0xB3C0,0xB380,0xAB60,0xA340,0x9B20,0x9B20,0x9B21,0x9B21,0x9B21,0x9B20,0x9B20,0xA320,
0xA340,0xAB60,0xAB60,0xAB80,0xB380,0xABA0,0xB3A0,0xB3A0,0xB3A0,0xB3A0,0xBBA0,0xBBC0,0xBBC0,0xBBC0,0xBBC0,0xBBC0,
0xBBC0,0xBBC0,0xC3C0,0xC3C0,0xC3E0,0xC3E0,0xC3E0,0xC3E0,0xC3E0,0xCC00,0xCC40,0xD460,0xD460,0xD460,0xD460,0xD460,
0xD460,0xD460,0xD460,0xD460,0xD460,0xD460,0xCC40,0xD440,0xCC40,0xCC40,0xD460,0xD460,0xD460,0xD480,0xD480,0xD480,
0xD480,0xD480,0xD480,0xDCA0,0xDCA0,0xDCA0,0xDCA0,0xDCA0,0xDCC0,0xDCC0,0xDCC0,0xE500,0xE500,0xE500,0xE520,0xED40,
0xED40,0xED60,0xED80,0xF580,0xF5A0,0xF580,0xF5A0,0xF580,0xED80,0xED80,0xED80,0xED81,0xED81,0xED82,0xEDA3,0xEDA3,
0xEDA4,0xEDA4,0xF5A5,0xF5C5,0xEDC6,0xEDC6,0xF5E6,0xF5E6,0xF5E7,0xF5E7,0xF5E7,0xF5E7,0xF5C7,0xF5C7,0xF5E7,0xF5E7,
0xF608,0xF608,0xF608,0xF608,0xF628,0xF628,0xF629,0xF629,0xF629,0xF629,0xF629,0xF629,0xF609,0xEE0A,0xEE0A,0xEE0A,
0xEDEA,0xEDEA,0xEDEA,0xEDEA,0xEDEB,0xEDEA,0xEDEB,0xEDEB,0xEDEB,0xEDEC,0xEE0C,0xEE0C,0xEE2D,0xEE2D,0xEE2D,0xEE4D,
0xEE4D,0xEE4D,0xEE4D,0xEE4D,0xEE4D,0xEE4D,0xEE6E,0xEE6E,0xF66E,0xF66E,0xEE4E,0xF66E,0xF66F,0xF66F,0xF66F,0xF66F,
0x1A09,0x19E9,0x21E8,0x2A08,0x1A09,0x0A0A,0x022A,0x0A2B,0x0A2B,0x0A4C,0x024C,0x024C,0x024C,0x0A2B,0x0A2B,0x01EA,
0x01A9,0x01A8,0x01A9,0x01A9,0x01A9,0x01A9,0x01A9,0x01A9,0x01A9,0x09A9,0x01C9,0x01C9,0x01A9,0x01C9,0x09C9,0x11E9,
0x11E9,0x1A09,0x19E9,0x11E9,0x11E9,0x11E9,0x09E9,0x11E9,0x11E9,0x11C8,0x11C8,0x11E9,0x09E9,0x09E9,0x09E8,0x11E8,
0x11E9,0x11E8,0x11E8,0x11C8,0x11C8,0x11C9,0x19E8,0x19E8,0x19E8,0x11C8,0x19E9,0x19E9,0x19C8,0x21E8,0x21E8,0x21E8,
0x21E8,0x21E8,0x19E8,0x19E8,0x2209,0x2209,0x1A08,0x2209,0x2A08,0x2A09,0x2A29,0x3229,0x3228,0x3A48,0x4248,0x3A48,
0x4248,0x4A47,0x5A67,0x5A66,0x6286,0x6A85,0x7A84,0x7AA4,0x7AC4,0x82A4,0x82A4,0x72C5,0x5A87,0x5AA7,0x4248,0x3249,
0x3249,0x3AAA,0x2A4A,0x2A4A,0x324A,0x324A,0x3A6A,0x4A68,0x5287,0x62A6,0x6AA6,0x6AA6,0x7AC5,0x82C4,0x82C4,0x8AE3,
0x9302,0x9302,0x9B01,0xA321,0xA321,0xA320,0xBBC0,0xCC00,0xD440,0xD440,0xD460,0xD440,0xD440,0xD440,0xCC40,0xCC40,
0xCC20,0xCC20,0xCC00,0xC400,0xC3E0,0xC3E0,0xC3E0,0xC3E0,0xC3C0,0xC3C0,0xC3C0,0xC3E0,0xC3E0,0xBBC0,0xBBC0,0xBBC0,
0xBBC0,0xBBC0,0xBBC0,0xBBC0,0xBBC0,0xBBC0,0xBBC0,0xC3E0,0xC3E0,0xC3E0,0xC3E0,0xC3E0,0xC3E0,0xC3E0,0xC3E0,0xC3E0,
0xBBE0,0xBBE0,0xBBE0,0xBBE0,0xBBC0,0xB3A0,0xAB80,0xA340,0xA340,0xA340,0x9B20,0x9B21,0x9B21,0x9B20,0x9B20,0xA320,
0xA340,0xAB40,0xAB60,0xAB60,0xB380,0xB3A0,0xB3A0,0xB3A0,0xB3A0,0xB3A0,0xBBA0,0xC3C0,0xBBC0,0xBBC0,0xBBC0,0xBBC0,
0xBBC0,0xBBC0,0xC3C0,0xC3C0,0xC3E0,0xC3E0,0xC3E0,0xC3E0,0xC3E0,0xC400,0xCC40,0xD440,0xD460,0xD460,0xD460,0xD460,
0xD460,0xD460,0xD460,0xD460,0xD460,0xD460,0xD440,0xD440,0xCC40,0xCC40,0xD460,0xD460,0xD460,0xD460,0xD480,0xD480,
0xD480,0xD480,0xD480,0xDCA0,0xDCA0,0xDCA0,0xDCA0,0xDCA0,0xDCC0,0xDCC0,0xDCC0,0xE500,0xE500,0xE500,0xE520,0xED60,
0xED40,0xED60,0xED60,0xF580,0xF5A0,0xF5A0,0xF5A0,0xF580,0xED80,0xED80,0xED80,0xED81,0xED81,0xED82,0xEDA3,0xEDA3,
0xEDA4,0xF5A4,0xEDC5,0xEDA5,0xEDC6,0xF5C6,0xEDC6,0xF5E6,0xF5C7,0xF5E7,0xF5E7,0xF5E7,0xF5C7,0xF5C7,0xF5E7,0xF5E7,
0xF608,0xF608,0xF608,0xF608,0xF608,0xF629,0xF629,0xF629,0xF629,0xF629,0xF629,0xF609,0xF609,0xEE0A,0xEE0A,0xEE0A,
0xEDEA,0xEDEA,0xEDEA,0xEDEB,0xEDEB,0xEDEB,0xEDEB,0xEDCB,0xEDEB,0xEE0C,0xEE0C,0xEE0C,0xEE2D,0xEE2D,0xEE2D,0xEE4D,
0xEE4D,0xEE4D,0xEE4D,0xEE4D,0xEE4D,0xEE6E,0xEE6E,0xEE6E,0xF66E,0xF66E,0xEE4E,0xF66E,0xF66F,0xF66F,0xF66F,0xF66F,
0x19E9,0x11E9,0x21E9,0x2208,0x1A09,0x0A2B,0x024B,0x0A4B,0x0A2B,0x0A4C,0x0A4C,0x0A6C,0x0A4C,0x0A4C,0x022B,0x01EA,
0x01CA,0x01CA,0x01A9,0x01A9,0x01A9,0x01A9,0x01A9,0x01A9,0x01A9,0x09A8,0x09C9,0x09EA,0x09C9,0x09C9,0x11C9,0x19E9,
0x19E9,0x21E9,0x21E9,0x19E8,0x11E9,0x11EA,0x11E9,0x11E9,0x11E8,0x11E8,0x11E9,0x11E9,0x09C9,0x11C9,0x11C9,0x09C9,
0x09C9,0x11C8,0x11C8,0x11C9,0x11C9,0x11C8,0x19E8,0x19E8,0x19C8,0x11E8,0x19E9,0x19E9,0x19E8,0x21E8,0x21E8,0x29E8,
0x3229,0x21E8,0x21E8,0x21E8,0x21E8,0x21E8,0x21E8,0x21E8,0x2209,0x2209,0x2A29,0x2A29,0x3228,0x3A48,0x3A47,0x4A47,
0x5247,0x5247,0x5A67,0x5A67,0x5A86,0x6A86,0x7285,0x7285,0x82E3,0x8AE3,0x82E3,0x72C6,0x5287,0x5A87,0x5288,0x4269,
0x3A49,0x3249,0x324A,0x2A4A,0x324A,0x324A,0x3A69,0x4A68,0x5288,0x5AA7,0x62A7,0x6AA6,0x72A6,0x72C5,0x7AC5,0x7AE5,
0x8AE4,0x9302,0x9B02,0xA302,0xA322,0xA341,0xC3E0,0xCC20,0xD440,0xD440,0xD440,0xD460,0xD440,0xD440,0xCC40,0xCC40,
0xCC20,0xCC20,0xC400,0xC3E0,0xC3E0,0xC3E0,0xC3E0,0xC3C0,0xC3C0,0xC3C0,0xC3C0,0xC3C0,0xC3E0,0xC3E0,0xBBC0,0xBBC0,
0xBBC0,0xBBC0,0xBBC0,0xC400,0xC3E0,0xC3E0,0xC3E0,0xC400,0xCC20,0xC400,0xC400,0xC400,0xC3E0,0xC3E0,0xC3E0,0xC3E0,
0xBBE0,0xC3E0,0xBBE0,0xBBE0,0xBBE0,0xB3C0,0xB3A0,0xABA0,0xAB80,0xA360,0x9B20,0x9B20,0x9B21,0x9B00,0x9B00,0x9B20,
0xA320,0xA340,0xAB60,0xAB60,0xAB80,0xAB80,0xB3A0,0xB3A0,0xB3A0,0xB3A0,0xBBA0,0xBBC0,0xBBC0,0xBBC0,0xBBC0,0xBBC0,
0xBBC0,0xBBC0,0xC3C0,0xC3E0,0xC3E0,0xC3E0,0xC3E0,0xC3E0,0xC400,0xC400,0xCC20,0xCC20,0xCC40,0xCC40,0xD440,0xD440,
0xD440,0xD460,0xD440,0xD460,0xD460,0xD440,0xD440,0xD440,0xCC40,0xCC40,0xD460,0xD460,0xD460,0xD460,0xD460,0xD480,
0xD480,0xD480,0xD480,0xDCA0,0xD480,0xDCA0,0xDCA0,0xDCA0,0xDCC0,0xDCC0,0xDCC0,0xE4E0,0xE500,0xE500,0xE520,0xED40,
0xED40,0xED60,0xED60,0xF580,0xF580,0xF580,0xF580,0xED60,0xED60,0xED80,0xED81,0xF581,0xED82,0xED83,0xED83,0xEDA3,
0xEDA4,0xEDA4,0xF5A5,0xF5C5,0xEDC6,0xF5C6,0xEDC6,0xF5C6,0xF5C7,0xF5E7,0xF5E7,0xF5E7,0xF5E7,0xF5C7,0xF5E7,0xF5E7,
0xF608,0xF608,0xF608,0xF608,0xF608,0xF609,0xF629,0xF629,0xF629,0xF629,0xF609,0xF609,0xF609,0xEE0A,0xEE0A,0xEE0A,
0xEDEA,0xEDEA,0xEDEB,0xEDEB,0xEDEB,0xEDEB,0xEDEB,0xE5CB,0xE5EB,0xEDEB,0xEE0C,0xEE0C,0xEE0C,0xEE2D,0xEE2D,0xEE4D,
0xEE4D,0xEE4D,0xEE4D,0xEE4D,0xEE4D,0xEE6E,0xEE6E,0xEE6E,0xF66E,0xF66E,0xF66E,0xF66F,0xF66F,0xF66F,0xF66F,0xF66F,
0x11E9,0x11E9,0x19E9,0x21E8,0x1A09,0x0A2B,0x024B,0x0A2B,0x0A4C,0x0A4C,0x0A4C,0x0A4C,0x0A4C,0x0A4C,0x022C,0x022B,
0x01EA,0x0A0B,0x01CA,0x01A9,0x01A9,0x01A9,0x01A9,0x09A9,0x01A8,0x01A9,0x01C9,0x09C9,0x09C9,0x11C9,0x19C8,0x21E8,
0x21E8,0x21E8,0x2208,0x21E8,0x11C9,0x11E9,0x11E9,0x11E9,0x11E8,0x11C8,0x11E9,0x09C9,0x09C9,0x09C9,0x09C9,0x09C9,
0x11C9,0x11C9,0x11C9,0x11E9,0x11C9,0x11C9,0x19C8,0x19E8,0x19E8,0x19E8,0x19C8,0x19C8,0x19E8,0x21E8,0x21E8,0x21E8,
0x2A09,0x21E8,0x21E8,0x21E8,0x21E8,0x2208,0x21E8,0x2208,0x21E9,0x2209,0x2A09,0x3229,0x3228,0x3A28,0x3A48,0x5287,
0x5246,0x5A66,0x5A67,0x5A87,0x5A67,0x6286,0x6A86,0x6A86,0x82C4,0x82E2,0x82E3,0x72C6,0x6287,0x6287,0x5268,0x4249,
0x428A,0x3A6A,0x3229,0x2A49,0x3A8A,0x3249,0x3A49,0x4A68,0x5288,0x5A87,0x62A7,0x6AA6,0x72A6,0x72C6,0x72C6,0x72E6,
0x82E4,0x9303,0x9B22,0xA302,0xA321,0xA321,0xC3E0,0xCC20,0xCC20,0xD440,0xD440,0xD440,0xD460,0xD440,0xCC40,0xCC40,
0xCC20,0xCC20,0xC400,0xC3E0,0xC3E0,0xC3E0,0xC3E0,0xC3C0,0xC3C0,0xC3C0,0xC3C0,0xC3C0,0xC3E0,0xC3E0,0xC3E0,0xC3E0,
0xC3E0,0xC3E0,0xC3E0,0xC3E0,0xC3E0,0xC400,0xC420,0xCC20,0xCC20,0xCC20,0xCC20,0xC400,0xC400,0xC400,0xC3E0,0xC3E0,
0xC3E0,0xC3E0,0xC3E0,0xC400,0xBBE0,0xBBE0,0xB3C0,0xABA0,0xAB80,0xA360,0xA340,0x9B20,0x9B20,0x9B21,0x9B20,0x9B20,
0xA320,0xA340,0xAB40,0xAB60,0xAB60,0xAB80,0xB380,0xB380,0xB3A0,0xB3A0,0xBBA0,0xBBC0,0xBBC0,0xBBC0,0xBBC0,0xBBC0,
0xBBC0,0xBBC0,0xC3C0,0xC3C0,0xC3C0,0xC3C0,0xC3E0,0xC3E0,0xC400,0xC3E0,0xCC00,0xCC20,0xCC40,0xD440,0xCC40,0xCC40,
0xCC40,0xD440,0xD440,0xD460,0xD440,0xCC40,0xD440,0xD440,0xCC40,0xCC40,0xCC40,0xD480,0xD460,0xD460,0xD460,0xD480,
0xD480,0xD480,0xD480,0xDCA0,0xDCA0,0xDCA0,0xDCA0,0xDCA0,0xDCA0,0xDCA0,0xDCC0,0xDCE0,0xE4E0,0xE500,0xE520,0xED20,
0xED40,0xED40,0xED60,0xED60,0xED80,0xED80,0xED60,0xED60,0xED60,0xED80,0xED81,0xED81,0xED82,0xED83,0xED83,0xEDA3,
0xEDA4,0xEDA4,0xEDC5,0xF5C5,0xEDC6,0xEDC6,0xEDC6,0xF5C7,0xF5C7,0xF5E7,0xF5E7,0xF5C7,0xF5E7,0xF5C7,0xF5E7,0xF5E7,
0xF608,0xF608,0xF608,0xF608,0xF608,0xF608,0xF609,0xF629,0xF629,0xF629,0xF629,0xF609,0xF609,0xEE0A,0xEE0A,0xEE0A,
0xEE0A,0xEDEA,0xEDEA,0xEDCB,0xEDEB,0xEDEB,0xEDEB,0xE5CB,0xEDCB,0xEDEB,0xEE0C,0xEE0C,0xEE0C,0xEE2D,0xEE4D,0xEE4D,
0xEE4D,0xEE4D,0xEE4D,0xEE4D,0xF66D,0xEE6E,0xF66E,0xF66E,0xF66E,0xF66E,0xF66E,0xF66F,0xF66F,0xF66F,0xF66F,0xF66F,
0x120A,0x11E9,0x1A09,0x2208,0x1A09,0x0A2B,0x024B,0x0A4B,0x0A4C,0x0A4C,0x0A4C,0x0A4C,0x0A4C,0x0A4C,0x0A4C,0x022C,
0x020B,0x0A2C,0x0A0B,0x01AA,0x0189,0x01A9,0x09A8,0x0188,0x09A8,0x01C9,0x01C9,0x09C9,0x09A8,0x19C8,0x21E8,0x2A07,
0x21E8,0x2208,0x2208,0x2209,0x19E9,0x11E9,0x11E9,0x11E8,0x11E8,0x11E8,0x11C8,0x09C9,0x09C9,0x09C9,0x09C9,0x09C9,
0x11C9,0x11C9,0x11C9,0x11C9,0x11C9,0x11E9,0x19E8,0x19E8,0x19E8,0x19E8,0x19E8,0x19E8,0x19C9,0x19E9,0x21E8,0x21E8,
0x21E8,0x21E8,0x2229,0x21E8,0x21E8,0x2208,0x21E8,0x2208,0x2209,0x2A09,0x2A29,0x3229,0x3229,0x3228,0x3A27,0x4A67,
0x5246,0x5A66,0x5A67,0x5A87,0x5A67,0x5A86,0x6286,0x6286,0x82C4,0x82C2,0x82E3,0x7AC5,0x6286,0x6287,0x5287,0x4268,
0x426A,0x3A6A,0x3249,0x2A29,0x324A,0x324A,0x3A69,0x4A88,0x5288,0x5AA7,0x62A7,0x6AA6,0x72C6,0x6AC6,0x6AC7,0x72C6,
0x7AE4,0x8AE4,0x9B02,0xA322,0x9B21,0xA341,0xC3E0,0xCC00,0xCC20,0xD440,0xD440,0xD460,0xD460,0xD440,0xCC40,0xCC40,
0xCC20,0xCC20,0xCC00,0xC3E0,0xC3E0,0xC3E0,0xC3E0,0xC3C0,0xC3C0,0xC3C0,0xC3C0,0xC3C0,0xC3E0,0xC3E0,0xC3E0,0xC3E0,
0xC3E0,0xC3E0,0xC3E0,0xC3E0,0xC400,0xCC20,0xCC20,0xCC20,0xCC20,0xCC20,0xC400,0xC400,0xC400,0xC400,0xC400,0xC3E0,
0xC400,0xC400,0xC400,0xC400,0xC400,0xBBE0,0xB3C0,0xB3A0,0xAB80,0xA360,0xA360,0xA340,0x9B20,0x9B20,0x9B20,0x9B20,
0xA320,0xA340,0xA340,0xAB40,0xAB80,0xAB80,0xAB80,0xB380,0xB3A0,0xB3A0,0xBBA0,0xBBC0,0xBBC0,0xBBC0,0xBBC0,0xBBC0,
0xBBC0,0xBBC0,0xC3C0,0xC3C0,0xC3C0,0xC3C0,0xC3E0,0xC3E0,0xC400,0xC3E0,0xC400,0xCC20,0xCC20,0xCC40,0xCC40,0xCC40,
0xCC40,0xCC40,0xCC40,0xCC40,0xCC40,0xCC40,0xCC40,0xCC40,0xCC40,0xD440,0xCC40,0xD480,0xD460,0xD460,0xD460,0xD480,
0xD480,0xD480,0xD480,0xDCA0,0xDCA0,0xD480,0xDCA0,0xDCA0,0xDCA0,0xDCA0,0xDCC0,0xDCC0,0xDCE0,0xE500,0xE500,0xE520,
0xED40,0xED40,0xED40,0xED40,0xED60,0xED60,0xED40,0xED60,0xED60,0xED60,0xED80,0xED81,0xED82,0xED82,0xEDA3,0xEDA3,
0xEDA4,0xEDA4,0xF5A5,0xF5C5,0xEDC5,0xEDC6,0xEDC6,0xEDC7,0xF5C7,0xEDE7,0xF5C7,0xF5E8,0xF5C7,0xF5C7,0xF5C7,0xF5E7,
0xF5E8,0xF608,0xF608,0xF608,0xF608,0xF608,0xF629,0xF629,0xF629,0xF629,0xF609,0xF609,0xF609,0xEE0A,0xEE0A,0xEE0A,
0xEE0A,0xEDEB,0xEDEB,0xEDEB,0xEDEB,0xEDEC,0xEDEC,0xEDEB,0xEDCB,0xEDEB,0xEDEC,0xEE0C,0xEE0C,0xEE2D,0xEE2D,0xEE4D,
0xEE4D,0xEE4D,0xEE4D,0xEE4D,0xF66D,0xF66E,0xF66E,0xF66E,0xF66E,0xF66E,0xF66F,0xF68F,0xF66F,0xF66F,0xF66F,0xF66F,
0x11EA,0x120A,0x1A0A,0x19E9,0x120A,0x0A2B,0x024B,0x0A2B,0x0A2B,0x0A4C,0x0A2C,0x0A2C,0x0A4C,0x0A4C,0x0A4C,0x0A4C,
0x022B,0x022B,0x0A2B,0x01CA,0x01A9,0x01A9,0x09A8,0x11C9,0x09C9,0x01A9,0x01C9,0x09C9,0x11E8,0x21E8,0x29E7,0x3208,
0x29E7,0x21E8,0x2209,0x2208,0x19E8,0x11E9,0x11E8,0x11E8,0x11E8,0x11E8,0x11C9,0x09C9,0x11C9,0x11C9,0x11C9,0x11C9,
0x09C9,0x11C9,0x09C9,0x09C9,0x11E9,0x11E9,0x19C8,0x19E8,0x19E8,0x19E8,0x19E8,0x19E8,0x19C8,0x19E9,0x19E9,0x21E9,
0x21E8,0x21E8,0x19E8,0x21E8,0x21E8,0x21E8,0x21E8,0x21E8,0x2208,0x2209,0x2A09,0x2A09,0x3208,0x3228,0x3A28,0x4247,
0x5267,0x5A67,0x5247,0x5267,0x5A67,0x5AA7,0x5A86,0x6286,0x82C4,0x82C3,0x82E3,0x82E5,0x6AA6,0x62A6,0x5A87,0x4A89,
0x3A69,0x3A69,0x3249,0x2A4A,0x2A4A,0x326A,0x3A69,0x4A88,0x5287,0x62A6,0x62A6,0x6AA6,0x6AA6,0x62A6,0x62C7,0x6AC7,
0x72C5,0x82E4,0x9302,0x9B22,0x9B21,0xA341,0xC3E0,0xCC00,0xCC20,0xD440,0xD440,0xD460,0xD460,0xD460,0xCC40,0xCC40,
0xCC20,0xCC20,0xCC00,0xC3E0,0xC3E0,0xC3E0,0xC3E0,0xC3C0,0xC3C0,0xC3C0,0xC3C0,0xC3C0,0xC3E0,0xC3E0,0xC3E0,0xC3E0,
0xC3E0,0xC3E0,0xC3E0,0xC400,0xCC41,0xCC40,0xCC40,0xCC40,0xCC40,0xCC20,0xCC20,0xCC20,0xCC40,0xCC20,0xCC20,0xC420,
0xC400,0xC400,0xC400,0xC400,0xC400,0xC400,0xBBE0,0xB3C0,0xB3A0,0xAB80,0xA360,0xA340,0x9B40,0x9B20,0x9B20,0x9B20,
0xA320,0xA340,0xA340,0xAB40,0xAB80,0xAB80,0xAB80,0xB380,0xB3A0,0xB3A0,0xBBA0,0xBBC0,0xBBC0,0xBBC0,0xBBC0,0xBBC0,
0xBBC0,0xBBC0,0xBBC0,0xBBC0,0xC3C0,0xC3C0,0xC3C0,0xC3E0,0xC3E0,0xC3E0,0xC3E0,0xC400,0xCC20,0xCC40,0xCC20,0xCC20,
0xCC20,0xCC20,0xCC20,0xCC20,0xCC40,0xCC40,0xCC40,0xCC40,0xCC40,0xCC40,0xCC40,0xCC40,0xCC60,0xD460,0xD460,0xD460,
0xD480,0xD480,0xD480,0xD480,0xD480,0xD480,0xD480,0xD480,0xDCA0,0xDCA0,0xDCA0,0xDCC0,0xDCC0,0xE500,0xE500,0xE520,
0xED40,0xED40,0xED40,0xED20,0xED40,0xED40,0xED40,0xED40,0xED60,0xED60,0xED80,0xED81,0xED81,0xED82,0xEDA3,0xEDA3,
0xEDA4,0xEDA4,0xEDA5,0xEDA5,0xEDC6,0xEDC6,0xEDC6,0xF5C7,0xF5C7,0xF5E7,0xF5C7,0xF5C7,0xF5C7,0xF5C7,0xEDE7,0xF5E8,
0xF5E8,0xF5E8,0xF5E8,0xF608,0xF5E8,0xF608,0xF609,0xF629,0xF629,0xF629,0xF629,0xF609,0xF60A,0xEE0A,0xEE0A,0xEE0A,
0xEE0A,0xEDEB,0xEDEB,0xEE0B,0xEE0B,0xEE0C,0xEDEC,0xEDEC,0xEDEB,0xEDEB,0xE5EB,0xE5EC,0xEE0C,0xEE2D,0xEE4D,0xEE4D,
0xEE4D,0xEE4D,0xEE4D,0xEE6E,0xF66E,0xF66E,0xF66E,0xF66E,0xF66F,0xF68F,0xF68F,0xF68F,0xF68F,0xF66F,0xF66F,0xF66F,
0x120A,0x120A,0x120A,0x1A0A,0x122B,0x0A4B,0x0A4B,0x122A,0x0A2A,0x0A4B,0x0A4C,0x0A4C,0x0A4C,0x0A6C,0x0A4C,0x0A4C,
0x022C,0x022B,0x022B,0x020B,0x01C9,0x09C9,0x09A9,0x09A9,0x09A9,0x01A9,0x01C9,0x09C9,0x19C8,0x29E8,0x29E7,0x2A08,
0x2A08,0x29E8,0x2A09,0x21E9,0x11E8,0x11E8,0x19E8,0x19E8,0x11C8,0x11C8,0x11C9,0x11E9,0x11C8,0x11C8,0x09C9,0x09C9,
0x09C9,0x11E9,0x09C8,0x11C9,0x11C9,0x11C9,0x19E9,0x19E8,0x19E8,0x19E9,0x19E9,0x19E8,0x19E9,0x19E8,0x19E8,0x19E8,
0x21E8,0x19E8,0x19E9,0x19E8,0x21E9,0x21E8,0x21E8,0x2208,0x2208,0x2A29,0x2A09,0x3229,0x3208,0x3228,0x3228,0x4268,
0x4A67,0x5A66,0x5267,0x5267,0x5A66,0x6287,0x6286,0x6AA5,0x7AC5,0x82C3,0x8AE2,0x7AC4,0x72A5,0x6AA6,0x52A8,0x4289,
0x4289,0x3A69,0x3269,0x324A,0x324A,0x326A,0x3A6A,0x4A68,0x5288,0x6287,0x6A87,0x6A86,0x6AA7,0x62A7,0x62A7,0x6AC7,
0x72C6,0x8305,0x9303,0x9B22,0x9B22,0xA341,0xC3E0,0xCC00,0xCC20,0xD440,0xD440,0xD440,0xD460,0xD440,0xCC40,0xCC40,
0xCC20,0xCC20,0xC400,0xC3E0,0xC3E0,0xC3C0,0xC3C0,0xC3C0,0xC3C0,0xC3C0,0xC3C0,0xC3E0,0xC3C0,0xC3C0,0xC3C0,0xC3E0,
0xC3E0,0xC3E0,0xC400,0xCC40,0xCC60,0xCC40,0xCC40,0xCC40,0xCC40,0xCC40,0xCC40,0xCC40,0xCC20,0xCC20,0xCC20,0xCC20,
0xC420,0xC400,0xC400,0xC400,0xC400,0xC400,0xBBE0,0xBBE0,0xB3C0,0xAB80,0xAB60,0xA360,0xA340,0x9B20,0x9B21,0x9B20,
0x9B20,0xA340,0xA340,0xA340,0xA360,0xAB80,0xAB80,0xAB80,0xB380,0xB3A0,0xB3A0,0xB3A0,0xBBA0,0xBBC0,0xBBC0,0xBBC0,
0xBBC0,0xBBC0,0xBBC0,0xBBC0,0xBBC0,0xC3C0,0xC3C0,0xC3E0,0xC3E0,0xC3E0,0xC3E0,0xC400,0xCC00,0xCC20,0xCC40,0xCC40,
0xCC20,0xCC20,0xCC20,0xCC20,0xCC20,0xCC20,0xCC40,0xCC40,0xCC40,0xCC40,0xCC40,0xCC40,0xCC40,0xCC60,0xD460,0xD460,
0xD460,0xD480,0xD480,0xD480,0xD480,0xD480,0xD480,0xDCA0,0xDCC0,0xDCA0,0xDCA0,0xDCA0,0xDCC0,0xE500,0xE500,0xE500,
0xED20,0xED40,0xE520,0xED20,0xE520,0xE520,0xED20,0xED40,0xED60,0xED60,0xED80,0xED80,0xED81,0xED82,0xEDA3,0xEDA3,
0xEDA4,0xEDA4,0xEDA5,0xEDA5,0xEDA6,0xEDC6,0xF5C6,0xF5C6,0xF5C7,0xF5C7,0xEDC7,0xEDC7,0xEDC8,0xEDE8,0xEDE8,0xEDE8,
0xEDE8,0xF5E8,0xF5E8,0xF5E8,0xF608,0xF608,0xF609,0xF608,0xF628,0xF608,0xF609,0xF609,0xF609,0xEE0A,0xEE0A,0xEE0A,
0xEE0A,0xEE0B,0xEE0B,0xEE0B,0xEE0B,0xEE0C,0xE60C,0xE60B,0xE5EB,0xE5EB,0xE5EB,0xE5EC,0xEE0C,0xEE2C,0xEE2D,0xEE4D,
0xEE4D,0xEE4E,0xEE4E,0xEE6E,0xEE6E,0xF66E,0xEE6F,0xF66F,0xF68F,0xF68F,0xF68F,0xF68F,0xF68F,0xF66F,0xF66E,0xF66E,
0x120A,0x122B,0x122B,0x122A,0x124B,0x0A4B,0x0A4B,0x122A,0x0A2A,0x0A4B,0x0A4C,0x0A4C,0x0A4C,0x0A4C,0x0A4C,0x0A4C,
0x0A4C,0x0A4C,0x0A2B,0x020B,0x01EA,0x09A9,0x09C9,0x09C9,0x09A9,0x01C9,0x01C9,0x09C9,0x19C8,0x2A08,0x29E7,0x29E7,
0x29E8,0x29E8,0x21E8,0x21E8,0x19E8,0x11E8,0x19E8,0x19C8,0x11C8,0x11C9,0x11E9,0x11E9,0x11C8,0x09C8,0x11C9,0x11C8,
0x09C8,0x11C9,0x19E8,0x21E7,0x11C9,0x11E9,0x11E8,0x19E8,0x19E8,0x19E9,0x19E9,0x19E8,0x19C8,0x19E8,0x19E8,0x19E8,
0x21E8,0x21E8,0x19E8,0x19E8,0x21E9,0x21E9,0x21E9,0x21E9,0x2208,0x2A28,0x3248,0x3228,0x3228,0x3228,0x3229,0x3A48,
0x4A67,0x5A66,0x5267,0x5287,0x6266,0x6286,0x6286,0x6AA5,0x7AA5,0x82C3,0x8AE3,0x72C5,0x6AC6,0x62A7,0x5288,0x4A89,
0x4289,0x3A69,0x3A69,0x324A,0x324A,0x326A,0x3A6A,0x4269,0x4A88,0x5A87,0x6287,0x6AA6,0x6AA7,0x62A7,0x62A7,0x6AC7,
0x72E6,0x8305,0x9B03,0x9B22,0x9B02,0x9B21,0xC3E0,0xCC00,0xCC20,0xD440,0xD440,0xD440,0xD440,0xD440,0xCC40,0xCC40,
0xCC20,0xCC20,0xC400,0xC3E0,0xC3E0,0xC3C0,0xC3C0,0xC3C0,0xC3C0,0xC3C0,0xC3C0,0xC3C0,0xC3E0,0xC3E0,0xC3E0,0xC3E0,
0xC3E0,0xC400,0xCC20,0xCC40,0xCC60,0xCC40,0xCC40,0xCC40,0xCC40,0xCC40,0xCC40,0xCC40,0xCC40,0xCC20,0xCC20,0xCC20,
0xC420,0xC400,0xC400,0xC420,0xC400,0xC400,0xBBE0,0xBBE0,0xB3C0,0xB3A0,0xAB80,0xAB60,0xA340,0x9B40,0x9B20,0x9B20,
0x9B20,0xA340,0xA340,0xA340,0xA360,0xAB80,0xAB80,0xAB80,0xAB80,0xB380,0xB3A0,0xB3A0,0xBBA0,0xBBC0,0xBBC0,0xBBC0,
0xBBC0,0xBBC0,0xBBC0,0xBBC0,0xBBC0,0xBBC0,0xC3C0,0xC3E0,0xC3E0,0xC3E0,0xC3E0,0xC3E0,0xC400,0xCC20,0xCC40,0xCC20,
0xCC20,0xCC20,0xCC20,0xCC20,0xCC20,0xCC20,0xCC40,0xCC20,0xCC20,0xCC20,0xCC20,0xCC40,0xCC40,0xD440,0xD460,0xD460,
0xD460,0xD480,0xD480,0xD480,0xD480,0xD480,0xD480,0xDCA0,0xDCC0,0xD480,0xDCA0,0xDCC0,0xDCC0,0xE500,0xE500,0xE520,
0xE520,0xE520,0xE520,0xE520,0xE520,0xE520,0xE520,0xED40,0xED40,0xED60,0xED80,0xED80,0xED81,0xEDA2,0xF5A3,0xEDA3,
0xEDA4,0xEDA4,0xEDA4,0xEDC5,0xEDC5,0xEDA6,0xF5C6,0xF5C7,0xF5C7,0xEDC7,0xEDC7,0xEDC7,0xEDC8,0xEDE8,0xEDE8,0xEDE8,
0xEDE8,0xF5E8,0xF5E8,0xEDE8,0xF5E8,0xF608,0xF608,0xF608,0xF628,0xF628,0xF609,0xF609,0xF609,0xEE09,0xEE0A,0xEE2A,
0xEE0A,0xEE0B,0xEE0B,0xEE0B,0xE60B,0xEE0C,0xEE0C,0xE60C,0xE5EC,0xE5EC,0xE5EC,0xEE0C,0xEE0C,0xEE0C,0xEE2C,0xEE2D,
0xEE4D,0xEE4E,0xEE4E,0xEE6E,0xF66E,0xF68E,0xF68F,0xF68F,0xF68F,0xF68F,0xF68F,0xF68F,0xF66F,0xF66F,0xF66E,0xF66E,
0x0A2B,0x0A4B,0x0A4B,0x0A4B,0x0A4C,0x0A4C,0x124C,0x122B,0x122B,0x0A2B,0x0A4C,0x0A4C,0x0A4C,0x0A4C,0x0A4C,0x0A4C,
0x0A4C,0x0A4C,0x0A4C,0x022B,0x022A,0x01C9,0x09A8,0x09C9,0x01C9,0x09A9,0x09C9,0x11C9,0x19E8,0x2A08,0x29E7,0x2A08,
0x29E8,0x29E8,0x21E8,0x21E8,0x19C8,0x19E8,0x19C8,0x19C8,0x11C8,0x11C8,0x11C9,0x11E9,0x09C8,0x09C9,0x11C8,0x11C8,
0x11E9,0x11C9,0x2209,0x2A29,0x11C8,0x11E8,0x19C8,0x19E8,0x19E8,0x19E9,0x19C9,0x19C8,0x19C8,0x19E8,0x19E8,0x19E8,
0x21E8,0x19E8,0x19E8,0x19E8,0x21E8,0x21E9,0x21E9,0x21E9,0x2209,0x2A08,0x3207,0x3228,0x3228,0x3229,0x3249,0x3A48,
0x4A47,0x5247,0x5287,0x5A86,0x6287,0x6A86,0x6A86,0x6AA6,0x6AA5,0x82A4,0x8AE4,0x6AA5,0x6AA6,0x6AA6,0x5A87,0x5288,
0x4AA9,0x3A69,0x3A69,0x3A6A,0x3249,0x3249,0x324A,0x4269,0x4A68,0x5AA8,0x6287,0x6A86,0x6AC7,0x62A7,0x62A7,0x6AC7,
0x72C6,0x7AE5,0x9302,0x9B22,0x9323,0x9B22,0xC3C1,0xCBE0,0xCC20,0xD440,0xD440,0xD440,0xD440,0xD440,0xCC40,0xCC40,
0xCC20,0xCC20,0xC400,0xC3E0,0xC3E0,0xC3C0,0xC3C0,0xC3C0,0xC3C0,0xC3C0,0xC3C0,0xC3E0,0xC3E0,0xC3E0,0xC3E0,0xC3E0,
0xC3E0,0xCC00,0xCC20,0xCC60,0xD460,0xD460,0xD460,0xCC60,0xCC40,0xCC40,0xCC40,0xCC40,0xCC40,0xCC20,0xCC20,0xCC20,
0xC420,0xC420,0xC420,0xC420,0xC420,0xC400,0xC400,0xBC00,0xBBE0,0xB3C0,0xABA0,0xAB80,0xA360,0xA340,0x9B20,0x9B20,
0x9B20,0xA320,0xA320,0xA320,0xA340,0xAB60,0xAB80,0xAB60,0xAB80,0xB380,0xB3A0,0xB3A0,0xBBA0,0xBBC0,0xBBC0,0xBBC0,
0xBBC0,0xBBC0,0xBBC0,0xBBC0,0xBBC0,0xBBC0,0xC3C0,0xC3C0,0xC3E0,0xC3E0,0xC3E0,0xC3E0,0xC400,0xCC20,0xCC20,0xCC40,
0xCC40,0xCC40,0xCC20,0xCC20,0xCC20,0xCC20,0xCC20,0xCC20,0xCC20,0xCC20,0xCC20,0xCC20,0xCC40,0xCC40,0xD440,0xD460,
0xD460,0xD480,0xD480,0xDCA0,0xDCA0,0xD480,0xD480,0xD480,0xD480,0xD480,0xDCC0,0xDCC0,0xDCC0,0xE500,0xE500,0xE500,
0xE500,0xE500,0xE500,0xE500,0xE500,0xE500,0xE520,0xED40,0xED60,0xED60,0xED60,0xED80,0xED81,0xEDA1,0xEDA2,0xEDA3,
0xEDA3,0xEDA3,0xEDA4,0xEDC4,0xEDC5,0xF5C6,0xF5C6,0xF5C6,0xF5C7,0xF5C7,0xEDC7,0xEDC7,0xEDC8,0xEDE8,0xEDE8,0xEDE8,
0xEDC8,0xEDE8,0xEDC8,0xEDC8,0xEDE8,0xF5E8,0xF608,0xF608,0xF608,0xF608,0xF608,0xF628,0xF629,0xF629,0xEE09,0xEE0A,
0xEE0A,0xEE0B,0xEE0B,0xEE2B,0xEE0B,0xEE0C,0xEE0C,0xEE0C,0xEE0C,0xEE0C,0xEE0C,0xEE0C,0xEE0C,0xEE0C,0xEE2C,0xEE4D,
0xEE6D,0xEE6E,0xEE6E,0xF66E,0xF66E,0xF68F,0xF68F,0xF68F,0xF68F,0xF68F,0xF68F,0xF68F,0xF66F,0xF66F,0xF66E,0xF66E,
0x0A4B,0x0A4C,0x026C,0x0A6C,0x0A6C,0x0A4C,0x0A4C,0x122B,0x122B,0x0A2B,0x024B,0x0A4C,0x0A4C,0x0A4C,0x0A4C,0x0A4C,
0x0A4C,0x024C,0x024C,0x022C,0x022B,0x01C9,0x09C9,0x01C9,0x09C9,0x09A8,0x09A9,0x11C9,0x19E9,0x21E8,0x29E7,0x29E8,
0x29E8,0x29E8,0x21C8,0x21E8,0x19C8,0x19E9,0x19E8,0x19E8,0x11C8,0x11C8,0x11E9,0x11E9,0x09E9,0x11E9,0x2A28,0x2208,
0x11C9,0x11C9,0x11C9,0x11C9,0x11C9,0x11C8,0x19E8,0x21E9,0x19E8,0x19E8,0x19E8,0x19E9,0x19C8,0x19E8,0x19E8,0x19E8,
0x21E8,0x19E8,0x19E8,0x19E8,0x2208,0x21E8,0x2A49,0x2208,0x29E8,0x2208,0x3248,0x3A48,0x4268,0x3208,0x3229,0x3A48,
0x4A47,0x5248,0x5267,0x6266,0x6A86,0x6A86,0x6A86,0x6A86,0x72A6,0x82A4,0x8AC4,0x72C5,0x7AC4,0x7AC5,0x6AA6,0x62A7,
0x5288,0x4269,0x3A6A,0x3A6A,0x3249,0x3249,0x3249,0x3A69,0x4269,0x5288,0x62A7,0x62A7,0x6AA7,0x62A7,0x62A7,0x6AC7,
0x72C6,0x7AE5,0x9303,0x9302,0x9322,0x9322,0xBBC1,0xCBE0,0xCC20,0xCC20,0xD440,0xD440,0xD440,0xD440,0xCC40,0xCC40,
0xCC20,0xCC20,0xCC00,0xC3E0,0xC3E0,0xC3C0,0xC3C0,0xC3C0,0xC3C0,0xC3C0,0xC3C0,0xC3C0,0xC3E0,0xC3E0,0xC3E0,0xC400,
0xC400,0xCC40,0xCC60,0xD460,0xD460,0xD480,0xD480,0xD460,0xCC60,0xCC60,0xCC40,0xCC40,0xCC40,0xCC40,0xCC40,0xCC40,
0xCC40,0xCC40,0xC420,0xC420,0xC400,0xC400,0xC400,0xBC00,0xBBE0,0xB3A0,0xB3A0,0xB380,0xAB80,0xA340,0xA340,0x9B20,
0x9B20,0xA320,0xA320,0xA340,0xA340,0xAB60,0xAB80,0xAB80,0xAB80,0xB380,0xB3A0,0xB3A0,0xBBA0,0xBBC0,0xBBC0,0xBBC0,
0xBBC0,0xBBC0,0xBBA0,0xBBC0,0xBBC0,0xBBC0,0xC3C0,0xC3C0,0xC3C0,0xC3E0,0xC3C0,0xC3C0,0xC3E0,0xC400,0xCC20,0xCC40,
0xCC40,0xCC40,0xCC20,0xCC20,0xCC20,0xCC20,0xCC00,0xCC20,0xCC20,0xCC20,0xCC40,0xCC40,0xCC20,0xCC20,0xCC60,0xD460,
0xD460,0xD460,0xD480,0xDCA1,0xD480,0xD460,0xD480,0xD480,0xD480,0xDCA0,0xDCA0,0xDCC0,0xDCE0,0xE500,0xE520,0xE4E0,
0xDCE0,0xE500,0xE520,0xE500,0xE500,0xE500,0xE520,0xED40,0xED60,0xED60,0xED80,0xED80,0xED80,0xED81,0xEDA1,0xEDA2,
0xEDA2,0xF5A2,0xEDA3,0xEDA4,0xEDA4,0xF5C5,0xEDC6,0xF5C6,0xEDC7,0xEDC7,0xEDC7,0xEDC7,0xEDC8,0xEDC8,0xEDC8,0xEDC8,
0xEDC8,0xEDC8,0xEDC8,0xEDC8,0xEDC8,0xEDC8,0xEDE7,0xF5E7,0xF607,0xF608,0xF608,0xF608,0xF628,0xF628,0xF609,0xEE09,
0xEE0A,0xEE0B,0xEE0B,0xEE0B,0xEE0C,0xEE0C,0xEE0C,0xEE0C,0xEE0C,0xEDEC,0xEDEC,0xEE0C,0xEE0C,0xEE0C,0xEE0C,0xEE2D,
0xEE6D,0xEE6E,0xEE6E,0xF66E,0xF66E,0xF68F,0xF68F,0xF68F,0xF68F,0xF68F,0xF68F,0xF68F,0xF66F,0xF66F,0xF66E,0xF66E,
0x0A4C,0x0A4C,0x026C,0x026C,0x0A6C,0x0A6C,0x0A4C,0x0A4C,0x122B,0x0A2B,0x024B,0x0A4C,0x0A4C,0x0A4C,0x0A4C,0x0A6C,
0x0A4C,0x024C,0x024C,0x024C,0x0A2B,0x01C9,0x09C9,0x09C9,0x01A9,0x09C9,0x11C8,0x11C9,0x19E9,0x21E8,0x29E8,0x31E8,
0x29E8,0x29E8,0x21E8,0x21E8,0x19C8,0x19C9,0x19C8,0x19E8,0x11C8,0x11C8,0x11C9,0x11E9,0x11C9,0x11C8,0x4AA9,0x42A9,
0x11C9,0x11C9,0x11C8,0x11C9,0x11C8,0x11E8,0x19C8,0x21E8,0x19E8,0x19E8,0x19C8,0x19C8,0x19C8,0x19E8,0x19E8,0x19E8,
0x21E8,0x19E9,0x19E8,0x19E8,0x21E8,0x21E8,0x328A,0x21E7,0x2A28,0x2208,0x2A29,0x3A48,0x4268,0x3A28,0x3228,0x4248,
0x5246,0x5A46,0x5A68,0x6266,0x6286,0x6A86,0x6A85,0x6A86,0x72A5,0x82C5,0x82C4,0x7AC4,0x82C4,0x82C4,0x72A5,0x6AA6,
0x5A87,0x4269,0x3A69,0x3A69,0x3249,0x3249,0x324A,0x3A69,0x4269,0x5288,0x6287,0x62A7,0x6AA6,0x62A7,0x62A7,0x6AC7,
0x72C6,0x7AE5,0x8B03,0x9322,0x9322,0x9321,0xBBA1,0xC3C1,0xCC00,0xCC20,0xCC20,0xD440,0xD440,0xD440,0xCC40,0xCC40,
0xCC20,0xCC20,0xC400,0xC3E0,0xC3E0,0xC3C0,0xC3C0,0xC3C0,0xC3C0,0xC3C0,0xC3E0,0xC3E0,0xC3E0,0xC3E0,0xC400,0xC400,
0xCC00,0xCC40,0xD460,0xD480,0xD480,0xD480,0xD480,0xD480,0xCC60,0xCC60,0xCC60,0xCC60,0xCC40,0xCC40,0xCC40,0xCC40,
0xCC40,0xCC40,0xC420,0xC400,0xC400,0xC400,0xC400,0xBC00,0xBC00,0xB3A0,0xB3A0,0xAB80,0xAB60,0xA360,0xA360,0x9B20,
0x9B20,0xA320,0xA320,0xA340,0xAB40,0xAB60,0xAB80,0xAB80,0xAB80,0xB380,0xB380,0xB3A0,0xBBA0,0xBBC0,0xBBC0,0xBBC0,
0xBBC0,0xBBC0,0xBBC0,0xBBC0,0xBBC0,0xBBC0,0xBBC0,0xC3C0,0xC3C0,0xC3C0,0xC3C0,0xC3C0,0xC3E0,0xC400,0xCC20,0xCC20,
0xCC40,0xCC40,0xCC20,0xCC20,0xCC20,0xCC00,0xCC00,0xCC00,0xCC20,0xCC20,0xCC40,0xCC40,0xCC20,0xCC20,0xCC40,0xD460,
0xD460,0xD460,0xD480,0xD480,0xD460,0xD460,0xD480,0xD480,0xD480,0xDCA0,0xDCA0,0xDCE0,0xE4E0,0xE500,0xE500,0xDCE0,
0xE4E0,0xE500,0xE520,0xE500,0xE500,0xE500,0xE520,0xED40,0xED40,0xED60,0xED80,0xED80,0xEDA0,0xEDA1,0xEDA1,0xEDA1,
0xEDA1,0xF5A2,0xEDA2,0xEDC4,0xF5C4,0xF5A5,0xEDC6,0xF5C6,0xF5C7,0xEDC7,0xEDC7,0xEDC7,0xEDC8,0xEDC8,0xEDC8,0xEDC8,
0xEDC8,0xEDC8,0xEDC8,0xEDA8,0xEDC8,0xEDC7,0xEDC7,0xEDE7,0xF607,0xF607,0xF607,0xF607,0xF627,0xF628,0xF629,0xEE0A,
0xEE0B,0xEE0B,0xEE0B,0xEE2B,0xEE0B,0xEE2C,0xEE2C,0xEE2C,0xEE0C,0xEE0C,0xE5EC,0xEE0C,0xEE0C,0xEE0C,0xEE0C,0xEE2D,
0xEE4D,0xF64E,0xF66E,0xF68E,0xF68E,0xF68F,0xF68F,0xF68F,0xF68F,0xF68F,0xF68F,0xF68F,0xF66F,0xF66E,0xF66E,0xEE4E,
0x0A4C,0x0A4C,0x026C,0x0A4D,0x0A6D,0x0A4D,0x0A6D,0x0A6C,0x0A2B,0x122B,0x0A4B,0x0A4C,0x0A4C,0x0A4C,0x0A4C,0x0A4C,
0x0A4C,0x0A4C,0x0A4C,0x0A4C,0x0A2C,0x09EA,0x09CA,0x09EA,0x09C9,0x11C9,0x11C9,0x19E9,0x19E9,0x21E9,0x29E8,0x31E8,
0x31E8,0x29E8,0x21E8,0x19E8,0x19C8,0x19E9,0x19E8,0x19C8,0x11C8,0x11C9,0x11C9,0x11E9,0x09E9,0x11E8,0x11A7,0x11C8,
0x09C9,0x09E8,0x09E8,0x11C9,0x11C8,0x19E8,0x19C8,0x21E8,0x21E8,0x19C8,0x19C9,0x19C8,0x19C8,0x19E8,0x19E8,0x19E8,
0x21E8,0x21E9,0x19E8,0x19E8,0x21E8,0x21E8,0x21E8,0x21E8,0x2208,0x2209,0x2A09,0x3228,0x3A27,0x4247,0x3A28,0x3A48,
0x8B67,0x7AE5,0x5247,0x5A67,0x6286,0x6A85,0x6A85,0x7285,0x7AA4,0x82A4,0x82A4,0x8AC3,0x8AC3,0x82E4,0x7AC5,0x72A5,
0x6287,0x4A68,0x4269,0x3A69,0x3269,0x2A49,0x324A,0x3A6A,0x4269,0x5288,0x5A87,0x6287,0x6AA7,0x6AA7,0x6AC7,0x6AC6,
0x72C6,0x7AC6,0x82E4,0x9343,0x9322,0x9B41,0xAB60,0xB360,0xC3C0,0xCC20,0xCC20,0xD440,0xD440,0xD440,0xCC40,0xCC40,
0xCC40,0xCC20,0xCC20,0xC400,0xC3E0,0xC3C0,0xC3C0,0xC3C0,0xC3E0,0xC3E0,0xC3E0,0xC400,0xC400,0xC400,0xCC00,0xCC00,
0xCC20,0xCC40,0xD460,0xD480,0xD480,0xD480,0xD480,0xD480,0xD480,0xD480,0xD460,0xCC60,0xCC60,0xCC40,0xCC40,0xCC40,
0xCC40,0xCC40,0xC420,0xC420,0xC400,0xC400,0xC400,0xC400,0xBC00,0xBBC0,0xB3A0,0xB3A0,0xAB80,0xAB80,0xA360,0xA340,
0x9B21,0xA321,0xA320,0xA320,0xA340,0xAB60,0xAB60,0xAB80,0xAB60,0xB380,0xB380,0xB3A0,0xB3A0,0xBBA0,0xBBC0,0xBBC0,
0xBBC0,0xBBC0,0xBBC0,0xBBC0,0xBBC0,0xBBC0,0xBBC0,0xBBC0,0xBBC0,0xC3C0,0xC3E0,0xC3C0,0xC3E0,0xC3C0,0xC400,0xCC20,
0xCC20,0xCC20,0xCC20,0xCC20,0xCC20,0xCC00,0xCC00,0xCC00,0xCC20,0xCC20,0xCC20,0xCC20,0xCC20,0xCC20,0xCC20,0xCC40,
0xD460,0xD460,0xD460,0xD460,0xD460,0xD460,0xD480,0xD480,0xD480,0xDCA0,0xDCC0,0xE500,0xE500,0xE500,0xE4E0,0xDCE0,
0xE4E0,0xE520,0xE500,0xE500,0xE500,0xE500,0xED40,0xED40,0xED60,0xED60,0xED60,0xED80,0xED80,0xEDA0,0xEDA0,0xEDA1,
0xEDA1,0xF5C1,0xF5C2,0xEDA3,0xEDA4,0xF5A5,0xEDC6,0xEDC6,0xEDC6,0xEDC7,0xEDC7,0xEDC7,0xEDC8,0xEDC8,0xEDA8,0xEDA8,
0xEDC8,0xEDA8,0xEDA8,0xEDA8,0xEDA8,0xEDC8,0xEDC7,0xEDE7,0xF607,0xF607,0xF607,0xF627,0xF627,0xF627,0xF629,0xEE0A,
0xEE0B,0xEE2B,0xEE2C,0xEE2C,0xEE2C,0xEE2C,0xEE2C,0xEE2C,0xEE0C,0xEE0C,0xEE0C,0xEE0C,0xEE0C,0xEE0C,0xEE0C,0xEE2C,
0xEE4D,0xEE4D,0xF66E,0xF68E,0xF68F,0xF68F,0xF68F,0xF68F,0xF68F,0xF68F,0xF68F,0xF68F,0xF66F,0xF66F,0xF66E,0xEE4E,
0x0A4C,0x0A4C,0x0A4C,0x0A6C,0x0A6C,0x0A6C,0x0A6C,0x0A6C,0x0A4B,0x124B,0x0A4C,0x0A4C,0x0A4C,0x024C,0x0A6C,0x0A4C,
0x0A4C,0x0A4B,0x122A,0x0A4C,0x022C,0x09CA,0x09EA,0x0A0B,0x0A0A,0x11C9,0x19E9,0x19C8,0x21C8,0x21E8,0x29E8,0x31E8,
0x31E8,0x2A08,0x21E8,0x19E8,0x19E8,0x19E8,0x19E8,0x19C8,0x11E8,0x11E8,0x11C9,0x11C9,0x11C9,0x11C9,0x11C8,0x09E9,
0x09E9,0x11C8,0x19E8,0x11C8,0x11E9,0x11C8,0x19E8,0x21E9,0x19E8,0x19C9,0x19C8,0x11C8,0x19E8,0x19E8,0x19E9,0x19E8,
0x19E9,0x19E9,0x21E8,0x21E8,0x21E9,0x21E9,0x21E9,0x2209,0x2209,0x2A09,0x2A08,0x3208,0x4248,0x52A8,0x4267,0x4246,
0x6B07,0x7B47,0x5247,0x5267,0x6286,0x6A86,0x72A5,0x7285,0x7AA4,0x82A3,0x82C4,0x82C4,0x82E4,0x7AC5,0x72C5,0x72A5,
0x6AA6,0x5287,0x4268,0x3A69,0x3269,0x3249,0x3A49,0x3A6A,0x4269,0x5288,0x5A87,0x62A7,0x6AA7,0x62A7,0x6AA6,0x6AC7,
0x6AC7,0x6AC7,0x6AE7,0x7B05,0x8B04,0x9B23,0xAB41,0xB360,0xBB80,0xCC00,0xCC20,0xCC20,0xCC20,0xCC40,0xCC40,0xD440,
0xCC40,0xCC20,0xCC20,0xC400,0xC400,0xC3E0,0xC3C0,0xC3E0,0xC3E0,0xC3E0,0xC3E0,0xC400,0xC400,0xC400,0xCC20,0xCC20,
0xCC40,0xD460,0xD480,0xD480,0xD480,0xD480,0xD480,0xD480,0xD480,0xD480,0xD480,0xD480,0xD480,0xD460,0xCC40,0xCC40,
0xCC40,0xCC40,0xC420,0xC420,0xC400,0xC400,0xC400,0xC400,0xC400,0xBBE0,0xB3C0,0xB3A0,0xB380,0xAB80,0xA360,0xA340,
0xA340,0xA320,0xA340,0xA340,0xA340,0xA360,0xAB60,0xAB60,0xAB60,0xAB80,0xB3A0,0xB3A0,0xB3A0,0xBBA0,0xBBC0,0xBBC0,
0xBBC0,0xBBC0,0xBBC0,0xBBC0,0xBBC0,0xBBC0,0xBBC0,0xBBC0,0xBBC0,0xC3C0,0xC3C0,0xC3E0,0xC3C0,0xC3E0,0xC3E0,0xCC00,
0xCC20,0xCC20,0xCC20,0xCC20,0xCC20,0xCC00,0xCC00,0xCC00,0xCC20,0xCC20,0xCC00,0xCC00,0xCC20,0xCC20,0xCC20,0xCC40,
0xCC40,0xD460,0xD460,0xD460,0xD460,0xD460,0xD480,0xD480,0xD4A0,0xDCC0,0xDCC0,0xDCC0,0xDCE0,0xE4E0,0xE500,0xE4E0,
0xE4E0,0xE4E0,0xE500,0xE500,0xE500,0xE500,0xED41,0xED60,0xED60,0xED60,0xED60,0xED60,0xF5A0,0xF5A0,0xF5A0,0xF5A1,
0xF5A1,0xF5A1,0xF5C1,0xEDC2,0xEDC3,0xEDA5,0xEDC5,0xF5C6,0xF5C6,0xEDC7,0xEDC7,0xEDC7,0xEDC8,0xEDC8,0xEDC8,0xEDA8,
0xEDA8,0xEDC8,0xEDA7,0xEDA7,0xEDA7,0xEDC7,0xEDC7,0xF5E7,0xF607,0xF626,0xF606,0xF626,0xF626,0xF627,0xF629,0xF62A,
0xF62B,0xF62B,0xEE0C,0xF62C,0xEE2C,0xEE2C,0xEE2C,0xEE2C,0xEE0C,0xEE0C,0xEE0C,0xEE0C,0xEE0C,0xEE0C,0xEE0C,0xEE0C,
0xEE2D,0xEE4D,0xF66E,0xF68F,0xF68F,0xF68F,0xF68F,0xF68F,0xF68F,0xF68F,0xF68F,0xF68F,0xF66E,0xF66E,0xEE4E,0xEE4E,
0x0A6C,0x0A6C,0x0A6C,0x0A6C,0x0A6C,0x0A6C,0x0A6C,0x0A6C,0x0A4C,0x0A4C,0x0A4C,0x0A4C,0x0A4C,0x026C,0x024C,0x0A4C,
0x0A2C,0x122A,0x1209,0x024C,0x022B,0x01EA,0x09EA,0x0A4C,0x0A2B,0x11C9,0x19E9,0x19C8,0x29C8,0x29E8,0x3208,0x31E7,
0x3208,0x2A08,0x21E8,0x21E8,0x19E8,0x19E8,0x19E8,0x19C8,0x11E8,0x11E8,0x11E9,0x11C9,0x11C9,0x11C8,0x11E8,0x09E9,
0x09E9,0x11C8,0x19C7,0x19C8,0x11E9,0x19E9,0x19E8,0x21E9,0x19E9,0x19E9,0x11C9,0x11C9,0x19E8,0x11C8,0x19E9,0x19E8,
0x19E9,0x19E8,0x21E8,0x19E8,0x19E8,0x21E8,0x21E8,0x21E9,0x2209,0x2A08,0x3228,0x3228,0x3A28,0x5267,0x4A47,0x4A67,
0x4A46,0x5A86,0x5247,0x5287,0x5A86,0x6A86,0x6A86,0x6A86,0x7AA4,0x8AA3,0x82C3,0x7AC4,0x7AC5,0x72C5,0x72A5,0x72C6,
0x6AA6,0x5A87,0x4A68,0x3A69,0x3249,0x3A69,0x3A69,0x3A4A,0x4269,0x5288,0x62A7,0x62C7,0x62A7,0x62A7,0x6AA6,0x6AC7,
0x5AC8,0x5AC8,0x62C8,0x6AC7,0x7AE6,0x8B03,0xA321,0xAB41,0xB380,0xCC00,0xCC00,0xCC20,0xCC20,0xCC40,0xCC40,0xD440,
0xD440,0xCC40,0xCC20,0xCC00,0xC400,0xC3E0,0xC3C0,0xC3E0,0xC3E0,0xC3E0,0xC400,0xC400,0xC400,0xC400,0xCC20,0xCC20,
0xCC40,0xD480,0xD480,0xD4A0,0xD480,0xD480,0xD480,0xD480,0xD480,0xD480,0xD480,0xD480,0xD480,0xD480,0xCC60,0xCC40,
0xCC40,0xCC40,0xC420,0xC420,0xC400,0xC400,0xC400,0xC400,0xC400,0xBBE0,0xB3C0,0xB3A0,0xB3A0,0xAB80,0xAB60,0xA340,
0xA340,0xA340,0xA340,0xA340,0xA340,0xA340,0xA340,0xA360,0xAB60,0xAB80,0xAB80,0xB380,0xB3A0,0xBBA0,0xBBC0,0xBBC0,
0xBBC0,0xBBC0,0xBBC0,0xBBC0,0xBBC0,0xBBC0,0xBBC0,0xBBC0,0xBBC0,0xC3C0,0xC3C0,0xC3C0,0xC3C0,0xC3E0,0xC3E0,0xC3E0,
0xCC20,0xCC20,0xCC20,0xCC00,0xCC00,0xC400,0xC400,0xC400,0xCC00,0xCC00,0xCC00,0xCC00,0xCC00,0xCC00,0xCC00,0xCC20,
0xCC40,0xD460,0xD460,0xD460,0xD460,0xD460,0xD460,0xD480,0xDCA0,0xE501,0xDCC0,0xDCC0,0xDCE0,0xE4C0,0xE500,0xE4E0,
0xE4E0,0xE4E0,0xE500,0xE500,0xE500,0xE500,0xED20,0xED40,0xED40,0xED60,0xED60,0xED80,0xF5A0,0xF5A0,0xF5A0,0xF5A0,
0xF5A1,0xF5A1,0xF5C1,0xEDC2,0xF5C3,0xF5C4,0xEDC6,0xF5C6,0xF5C6,0xF5C7,0xEDC7,0xEDC7,0xEDC8,0xEDC8,0xEDC8,0xEDC8,
0xEDA8,0xEDC8,0xEDC7,0xEDC7,0xEDC7,0xEDC7,0xEDC7,0xF607,0xF606,0xF626,0xF626,0xF626,0xF626,0xF647,0xF649,0xF64A,
0xF62B,0xF62C,0xF62C,0xF62C,0xEE2C,0xEE2C,0xEE2D,0xEE2C,0xEE2C,0xEE0C,0xE60C,0xE60C,0xEE0C,0xEE0C,0xEE0C,0xEE0C,
0xEE2D,0xEE4D,0xF66E,0xF68F,0xF68F,0xF68F,0xF68F,0xF68F,0xF68F,0xF68F,0xF68F,0xF68F,0xF66E,0xF66E,0xEE4E,0xEE4E,
0x0A4C,0x0A6C,0x0A6C,0x0A6C,0x0A6C,0x0A6D,0x0A6C,0x0A6C,0x0A4C,0x0A4B,0x0A4C,0x0A4C,0x0A4C,0x0A4C,0x0A4C,0x0A4B,
0x1A2A,0x2209,0x19E9,0x0A2B,0x0A4C,0x01EA,0x0A2B,0x0A6C,0x0A4B,0x11E9,0x19E9,0x21E8,0x3207,0x39E7,0x3A07,0x3A08,
0x3208,0x2A08,0x29E8,0x29E8,0x29E8,0x21E8,0x21E8,0x19E8,0x11E8,0x11E8,0x11E9,0x11E9,0x11C9,0x11E8,0x11E8,0x09E9,
0x09E9,0x19E9,0x2209,0x19E9,0x19E8,0x19E8,0x21E8,0x21E8,0x21E9,0x21E9,0x19E9,0x19C8,0x19C8,0x19E8,0x21E8,0x21E8,
0x2209,0x19E9,0x19E8,0x19E8,0x21E8,0x21E8,0x2A08,0x2A28,0x21E8,0x2209,0x3A68,0x3249,0x3228,0x3A27,0x4A48,0x4A47,
0x4A48,0x4A47,0x4A69,0x4A48,0x5248,0x5A88,0x5A86,0x6286,0x82A4,0x8AC3,0x82C3,0x7AC5,0x72A5,0x6A86,0x6286,0x62A6,
0x6287,0x5288,0x4A69,0x3A49,0x3A49,0x4269,0x4249,0x4269,0x4A68,0x5A88,0x62A7,0x5AA7,0x62A7,0x62A8,0x62A7,0x62C7,
0x52A8,0x5AA8,0x5AC8,0x62C7,0x6AC7,0x7AC5,0x8B03,0x9B22,0xAB61,0xC3E0,0xCC00,0xCC20,0xCC20,0xCC20,0xCC40,0xD440,
0xD440,0xCC40,0xCC40,0xCC20,0xC400,0xC3E0,0xC3E0,0xC3C0,0xC3E0,0xC3E0,0xC400,0xCC00,0xCC00,0xC400,0xCC20,0xCC40,
0xCC60,0xD480,0xD4A0,0xD4A0,0xD4A0,0xD4A0,0xD4A0,0xD4A0,0xD4A0,0xD4A0,0xD480,0xD480,0xD480,0xD480,0xD460,0xCC60,
0xCC40,0xCC40,0xC420,0xC420,0xC400,0xC400,0xC400,0xC400,0xC400,0xC400,0xBBE0,0xBBE0,0xB3C0,0xB3A0,0xAB80,0xA360,
0xA340,0xA340,0xA340,0xA340,0xA340,0xA340,0xA340,0xA340,0xA340,0xAB60,0xAB80,0xB380,0xB3A0,0xB3A0,0xB3C0,0xB3C0,
0xB3C0,0xB3C0,0xB3C0,0xB3C0,0xBBA0,0xBBC0,0xBBC0,0xBBC0,0xBBC0,0xBBC0,0xC3C0,0xC3C0,0xC3C0,0xC3E0,0xC3E0,0xC3E0,
0xC400,0xCC00,0xC400,0xC400,0xCC00,0xC400,0xC3E0,0xC400,0xC400,0xC400,0xC400,0xC400,0xC400,0xC400,0xC400,0xCC20,
0xCC20,0xCC40,0xD460,0xD460,0xD460,0xD460,0xD460,0xD460,0xE501,0xED42,0xDCA0,0xDCC0,0xE4C0,0xE4C0,0xE4E0,0xE4E0,
0xE4E0,0xE4E0,0xE4E0,0xE4E0,0xE500,0xE500,0xE500,0xE520,0xED60,0xED60,0xED60,0xF5A0,0xF5A0,0xF5A0,0xF5A0,0xF5A0,
0xF5A1,0xF5A1,0xF5C1,0xEDC2,0xEDC3,0xF5C4,0xEDC6,0xF5E6,0xF5E6,0xF5E7,0xEDE7,0xEDC7,0xEDC8,0xEDC8,0xE5C8,0xEDC8,
0xEDA8,0xEDA7,0xEDC7,0xEDC7,0xEDC7,0xEDE6,0xEDE6,0xF606,0xF606,0xF626,0xF605,0xF626,0xF647,0xFE48,0xF64A,0xF64A,
0xF64B,0xF64C,0xF64C,0xF64D,0xF64D,0xEE2C,0xEE2D,0xEE2D,0xEE2C,0xEE2C,0xEE0C,0xEE0C,0xEE0C,0xEE0C,0xEE0C,0xEE2C,
0xEE2C,0xEE4D,0xF66E,0xF68F,0xF68F,0xF68F,0xF6AF,0xF6AF,0xF68F,0xF68F,0xF68F,0xF68F,0xF66E,0xF66E,0xEE4E,0xEE4D,
0x0A4B,0x0A4C,0x0A4C,0x0A6C,0x026C,0x026C,0x0A6C,0x0A6C,0x0A6C,0x0A4C,0x0A6C,0x0A4C,0x0A4B,0x0A2B,0x0A2B,0x0A2A,
0x21E8,0x29E8,0x21E8,0x0A2B,0x0A4C,0x020A,0x0A4B,0x0A6C,0x0A4B,0x11E9,0x19E8,0x29E7,0x3A06,0x4206,0x4206,0x3A07,
0x31E8,0x2A08,0x29E8,0x31E8,0x29E8,0x29E8,0x21E8,0x19E8,0x19C8,0x11C8,0x11E9,0x11C9,0x09E9,0x09E9,0x09E9,0x09E9,
0x11C8,0x19E9,0x19E8,0x19E8,0x2229,0x21E8,0x21E8,0x21E8,0x2209,0x21E8,0x2208,0x3249,0x21E7,0x19E8,0x19C8,0x19E8,
0x19E9,0x19E9,0x19E8,0x19E8,0x2209,0x2208,0x21E8,0x2208,0x21E9,0x2209,0x2A08,0x2A09,0x3229,0x3A47,0x4A67,0x5247,
0x5247,0x4A68,0x4A48,0x4A68,0x5247,0x6287,0x6286,0x6AA6,0x82C4,0x8AC4,0x72A5,0x6AC6,0x6AA6,0x6A86,0x6287,0x62A6,
0x6287,0x5268,0x4249,0x3A49,0x3A49,0x4249,0x4249,0x4A68,0x5268,0x5A87,0x5AA7,0x5AA7,0x62A7,0x62A7,0x62A7,0x62A7,
0x5AA8,0x5AA8,0x5AC7,0x62E7,0x6AC7,0x6AC7,0x7AE5,0x8B03,0xAB62,0xC3E0,0xC400,0xCC20,0xCC20,0xCC40,0xD420,0xD440,
0xD440,0xCC40,0xCC20,0xC400,0xC3E0,0xC3E0,0xC3E0,0xC3E0,0xC3E0,0xC3E0,0xC400,0xC400,0xCC20,0xCC00,0xCC20,0xCC40,
0xD460,0xD480,0xD480,0xD4A0,0xD4A0,0xD4A0,0xD4A0,0xD4A0,0xD4A0,0xD4A0,0xD4A0,0xD4A0,0xD480,0xD480,0xD460,0xD460,
0xCC40,0xCC40,0xCC20,0xC420,0xC400,0xC400,0xBBE0,0xC3E0,0xC400,0xC400,0xBC00,0xBBE0,0xBBC0,0xB3C0,0xB3A0,0xAB60,
0xA340,0xA340,0xA340,0xAB40,0xA340,0xA340,0xA340,0xA340,0xA340,0xAB60,0xAB80,0xB380,0xB380,0xB3A0,0xB3A0,0xB3A0,
0xB3A0,0xB3A0,0xB3A0,0xB3A0,0xB3A0,0xBBA0,0xBBC0,0xBBC0,0xBBC0,0xBBC0,0xBBC0,0xC3C0,0xC3C0,0xC3E0,0xC3E0,0xC3E0,
0xC3E0,0xC3E0,0xCC00,0xC400,0xC400,0xC3E0,0xC3E0,0xC3E0,0xC3E0,0xC3E0,0xC400,0xC400,0xC400,0xC400,0xC400,0xCC00,
0xCC20,0xCC40,0xCC40,0xD460,0xD440,0xD460,0xD460,0xD460,0xE521,0xDCC0,0xDCA0,0xDCC0,0xDCC0,0xE4E0,0xE4E0,0xDCE0,
0xE4E0,0xE4E0,0xE4E0,0xE4E0,0xE500,0xE500,0xE500,0xED40,0xED60,0xED40,0xED60,0xF5A1,0xF580,0xF5A0,0xF5A0,0xF5A0,
0xF5C0,0xEDA0,0xF5A1,0xEDC2,0xF5C3,0xF5C4,0xF5C5,0xF5E6,0xF5E6,0xF5E7,0xEDE7,0xEDC7,0xEDC8,0xEDC8,0xEDC8,0xEDC8,
0xEDC8,0xEDA7,0xEDC7,0xEDC7,0xF5E7,0xF5E6,0xF5E6,0xF606,0xF606,0xF626,0xFE25,0xFE26,0xFE47,0xFE49,0xF64A,0xF66B,
0xF64B,0xF66C,0xF66D,0xF66D,0xF64D,0xEE4D,0xEE4D,0xEE2D,0xEE2C,0xEE2C,0xEE0C,0xEE0C,0xEE0C,0xEE0C,0xEE0C,0xEE2C,
0xEE2D,0xEE4D,0xF66E,0xF68F,0xF68F,0xF6AF,0xF6B0,0xF6B0,0xF6AF,0xF68F,0xF68F,0xF66E,0xF66E,0xF66E,0xEE4E,0xEE4E,
0x0A4C,0x0A4C,0x024C,0x0A4C,0x026C,0x026C,0x0A6C,0x0A6C,0x0A6C,0x0A6C,0x0A6C,0x0A6C,0x0A4B,0x0A2B,0x0A2A,0x1229,
0x29E7,0x29E7,0x21E8,0x0A2B,0x0A4C,0x0A2B,0x0A4C,0x0A4C,0x0A4B,0x11E9,0x21E8,0x3208,0x3A05,0x4A25,0x4206,0x3A07,
0x3208,0x3208,0x29E8,0x3208,0x31E8,0x29E7,0x29E8,0x21E8,0x19C8,0x19E9,0x19E9,0x11C8,0x09E9,0x09E9,0x09E9,0x11E8,
0x2A08,0x21E8,0x2208,0x19E8,0x2208,0x21E8,0x21E8,0x21E8,0x21E8,0x21E9,0x21E9,0x3229,0x21E8,0x19E8,0x19C8,0x19E9,
0x19E9,0x19E9,0x19E8,0x19E8,0x2209,0x2209,0x19E8,0x19E8,0x1A09,0x21E9,0x2A29,0x2A09,0x3228,0x3A47,0x4A47,0x5247,
0x5267,0x4A47,0x4A68,0x4A68,0x5267,0x6286,0x6A85,0x72A5,0x82C4,0x82C4,0x72A5,0x62A6,0x6AA6,0x62A6,0x62A7,0x62A7,
0x6287,0x5268,0x4248,0x4249,0x4269,0x4249,0x4269,0x5268,0x5268,0x5A87,0x62A7,0x5AA7,0x62A7,0x6AA7,0x62A7,0x62C7,
0x62A8,0x5AC8,0x62C7,0x6B07,0x6AE7,0x6AC7,0x72E6,0x82E4,0xA342,0xC3E0,0xC400,0xCC00,0xCC20,0xCC20,0xCC20,0xD440,
0xD440,0xCC40,0xCC20,0xC400,0xC3E0,0xC3E0,0xC3E0,0xC3E0,0xC3E0,0xC3E0,0xC3E0,0xC400,0xCC20,0xCC00,0xCC20,0xCC40,
0xD480,0xD480,0xD480,0xD480,0xD480,0xD480,0xD480,0xD4A0,0xD4A0,0xD4A0,0xD480,0xD480,0xD4A0,0xD480,0xD480,0xD460,
0xCC40,0xCC40,0xC420,0xC420,0xC420,0xC400,0xBBE0,0xBBE0,0xC400,0xC400,0xBC00,0xBC00,0xBBE0,0xB3C0,0xB3A0,0xAB60,
0xA360,0xA320,0xA340,0xAB40,0xAB40,0xA340,0xA340,0xA320,0xA340,0xAB60,0xAB80,0xAB80,0xB3A0,0xB3A0,0xB3A0,0xB3A0,
0xB3A0,0xAB80,0xAB80,0xAB80,0xB3A0,0xB3A0,0xBBC0,0xBBC0,0xBBC0,0xBBC0,0xBBC0,0xC3C0,0xC3C0,0xC3C0,0xC3C0,0xC3E0,
0xC3C0,0xC3E0,0xC3E0,0xC3E0,0xC3E0,0xC3C0,0xC3C0,0xC3C0,0xC3E0,0xC3E0,0xC3E0,0xC400,0xC400,0xC400,0xC400,0xCC20,
0xC400,0xCC20,0xCC40,0xCC40,0xD440,0xD460,0xD460,0xD460,0xDCE0,0xDCA0,0xDCA0,0xDCC0,0xDCC0,0xE4E0,0xE4E0,0xE4E0,
0xE4E0,0xE4E0,0xE4E0,0xE500,0xE500,0xE500,0xE500,0xE520,0xED40,0xED40,0xED80,0xF5A1,0xED60,0xF580,0xF5A0,0xF5A0,
0xF5A0,0xEDC0,0xF5C1,0xEDC3,0xF5C3,0xF5C4,0xF5E5,0xF5E6,0xF5E6,0xF5E7,0xF5E7,0xEDC7,0xEDC8,0xEDC8,0xEDC8,0xEDC8,
0xEDC8,0xEDC7,0xEDC7,0xF5C6,0xF5E7,0xF5E6,0xF5E5,0xF606,0xF606,0xFE06,0xFE25,0xF626,0xFE47,0xFE49,0xFE4A,0xF66B,
0xF64B,0xF66C,0xF66D,0xF66D,0xF66D,0xF66D,0xEE4D,0xEE2D,0xEE4D,0xEE2C,0xEE0C,0xEE0C,0xEE0C,0xEE0C,0xEE0C,0xEE2C,
0xEE2D,0xEE4D,0xEE6E,0xF68F,0xF68F,0xF6AF,0xF6B0,0xF6B0,0xF6AF,0xF68F,0xF68F,0xF66E,0xF66E,0xF66E,0xEE4E,0xEE4E,
0x0A4C,0x0A4C,0x026C,0x0A4C,0x0A4C,0x026D,0x026C,0x0A6C,0x026C,0x026C,0x026C,0x0A6C,0x0A4C,0x120A,0x1209,0x1A09,
0x29E7,0x29E7,0x21E8,0x0A0A,0x0A4C,0x0A4C,0x0A6C,0x0A6C,0x122B,0x19E8,0x29E8,0x31E7,0x4A27,0x5287,0x3A07,0x3A07,
0x3A27,0x3228,0x3208,0x3208,0x3208,0x29E7,0x2A08,0x29E8,0x29E9,0x29E9,0x21E9,0x11E8,0x11E8,0x11C8,0x11E8,0x2A08,
0x52C8,0x31E6,0x3227,0x21E7,0x2208,0x21E8,0x21E8,0x21E8,0x21E9,0x19E9,0x19E9,0x19C9,0x19E8,0x19E8,0x19E8,0x21E8,
0x19E8,0x19E8,0x19C8,0x19E8,0x19E8,0x19E8,0x19E9,0x19E9,0x19E9,0x2208,0x2228,0x2A28,0x3A28,0x4248,0x4A47,0x4A48,
0x5268,0x5267,0x5268,0x4A88,0x5287,0x6A86,0x72A5,0x7AA5,0x82A4,0x82C4,0x6AA6,0x6AA6,0x62A6,0x62A7,0x6287,0x6287,
0x6287,0x5268,0x4248,0x3A69,0x3A49,0x4269,0x4269,0x5268,0x5A67,0x5A87,0x5AA7,0x52A8,0x62A7,0x6AA7,0x6AC7,0x6AC7,
0x6AA7,0x62C7,0x62C7,0x62C7,0x6AE7,0x6AC7,0x6AE7,0x7AE6,0x9323,0xBBC0,0xC400,0xCC00,0xCC00,0xCC20,0xD420,0xD440,
0xD440,0xCC20,0xCC00,0xC3E0,0xC3E0,0xC3E0,0xC3E0,0xC3E0,0xC400,0xC3E0,0xC400,0xCC00,0xCC20,0xCC20,0xCC40,0xD460,
0xD480,0xD4A0,0xD4A0,0xD480,0xD4A0,0xD4A0,0xD4A0,0xD4A0,0xD4A0,0xD4A0,0xD4A0,0xD4A0,0xD4A0,0xD4A0,0xD480,0xD480,
0xCC60,0xCC40,0xC420,0xC420,0xC420,0xC400,0xC400,0xC3E0,0xBBE0,0xC400,0xBC00,0xBC00,0xBC00,0xB3C0,0xB3A0,0xAB80,
0xA360,0xA340,0xA340,0xAB60,0xAB40,0xA340,0xA320,0xA320,0xA320,0xA340,0xAB60,0xAB80,0xAB80,0xB380,0xAB80,0xAB80,
0xAB40,0xAB40,0xAB60,0xAB60,0xAB60,0xB380,0xB3A0,0xBBC0,0xBBA0,0xBBA0,0xBBC0,0xBBC0,0xC3C0,0xC3C0,0xC3C0,0xC3C0,
0xBBC0,0xBBC0,0xBBC0,0xBBC0,0xBBC0,0xBBA0,0xBBC0,0xC3C0,0xC3C0,0xC3C0,0xC3E0,0xC3E0,0xC3E0,0xC3E0,0xC400,0xC400,
0xC400,0xCC00,0xCC20,0xCC40,0xCC40,0xCC60,0xD460,0xD460,0xDCC0,0xDCC0,0xDCA0,0xDCC0,0xDCC0,0xE4C0,0xE4C0,0xE4C0,
0xE500,0xE4E0,0xE4E0,0xE4E0,0xE520,0xE500,0xE500,0xE520,0xE540,0xED60,0xED40,0xED40,0xED60,0xF580,0xF5A0,0xF5A0,
0xF5A1,0xF5A1,0xF5A2,0xEDC3,0xF5C3,0xF5E4,0xF5E5,0xF5E6,0xF5E6,0xF5E7,0xF5E7,0xF5E7,0xEDE8,0xEDE8,0xEDE8,0xEDC8,
0xEDC8,0xEDE7,0xEDE7,0xF5E6,0xF5E6,0xF5E6,0xF606,0xF606,0xF606,0xF626,0xF625,0xFE46,0xFE47,0xFE49,0xFE6B,0xFE6B,
0xF66C,0xF68C,0xF68D,0xF68D,0xF68D,0xF68D,0xF66E,0xEE4D,0xEE2D,0xEE2D,0xEE2C,0xEE0C,0xEE0C,0xEE0C,0xEE0C,0xEE2C,
0xEE2D,0xEE4D,0xEE6E,0xF68F,0xF68F,0xF6AF,0xF6B0,0xF6B0,0xF6AF,0xF68F,0xF68F,0xEE6F,0xF66E,0xEE6E,0xEE4E,0xEE4E,
0x0A4C,0x0A4C,0x0A4C,0x0A4C,0x0A4C,0x026D,0x0A6D,0x0A6D,0x0A6C,0x0A6C,0x026C,0x0A6C,0x0A4B,0x1209,0x1A09,0x21E8,
0x29C8,0x29E8,0x19E8,0x0A0A,0x0A4B,0x0A4C,0x0A4C,0x0A4C,0x0A2A,0x21E8,0x31E8,0x31E7,0x4206,0x4206,0x31E7,0x3A07,
0x3A27,0x3227,0x3228,0x3208,0x3208,0x2A08,0x2A08,0x2A08,0x29E8,0x2A08,0x2208,0x19E8,0x1A08,0x1209,0x11E8,0x2A07,
0x4246,0x31E7,0x29E7,0x2208,0x21E8,0x2208,0x2208,0x1A08,0x19E9,0x19E9,0x11E9,0x19E9,0x19C8,0x19E9,0x19E9,0x19E8,
0x19E8,0x19E9,0x19E8,0x19E8,0x19E8,0x19E8,0x2208,0x2208,0x21E9,0x2209,0x2209,0x3228,0x3A48,0x4247,0x5A66,0x4A68,
0x4A47,0x5A86,0x5A67,0x5267,0x5286,0x72A5,0x7AA4,0x7AA4,0x7AA4,0x7AA5,0x6AA6,0x6AA6,0x6A86,0x62A7,0x5A87,0x6267,
0x6287,0x5268,0x4248,0x3A49,0x3A68,0x3A69,0x4269,0x5267,0x5A87,0x5A87,0x52A8,0x52A8,0x62A7,0x6AA7,0x6AC7,0x6AC7,
0x6AC6,0x62C6,0x62C7,0x62A8,0x6AA8,0x62C7,0x6AE7,0x72E6,0x9323,0xBBC0,0xC400,0xC400,0xCC20,0xCC20,0xD440,0xD440,
0xD440,0xCC20,0xC400,0xC3E0,0xC3E0,0xC400,0xC3E0,0xC3E0,0xC400,0xC400,0xC400,0xCC00,0xCC20,0xCC20,0xCC40,0xD460,
0xD480,0xD4A0,0xD4A0,0xD4A0,0xDCA0,0xDCC0,0xDCC0,0xD4A0,0xD4A0,0xD4A0,0xD4A0,0xDCA0,0xD4A0,0xD4A0,0xD480,0xD480,
0xD460,0xCC40,0xCC20,0xC420,0xC420,0xC400,0xC400,0xC3E0,0xBBE0,0xBC00,0xBC00,0xBC00,0xBC00,0xB3C0,0xB3A0,0xAB80,
0xAB60,0xA340,0xAB40,0xAB60,0xAB40,0xA340,0xA320,0xA320,0xA320,0xA340,0xA360,0xAB60,0xAB80,0xAB80,0xAB60,0xAB60,
0xAB40,0xAB40,0xAB60,0xAB60,0xAB80,0xAB80,0xB380,0xBBA0,0xBBA0,0xBBA0,0xBBC0,0xBBC0,0xC3C0,0xC3E0,0xC3C0,0xC3C0,
0xBBC0,0xBBC0,0xBBA0,0xBBA0,0xBBA0,0xBBA0,0xBBA0,0xBBC0,0xC3C0,0xC3C0,0xC3E0,0xC3E0,0xC3E0,0xC3E0,0xCC41,0xC400,
0xC3E0,0xC400,0xCC20,0xCC40,0xCC40,0xCC60,0xCC60,0xD460,0xDCA0,0xDCA0,0xDCA0,0xDCA0,0xDCA0,0xE500,0xE4C0,0xDCC0,
0xE500,0xDCE0,0xE4E0,0xE500,0xED41,0xE500,0xE500,0xE520,0xE520,0xED40,0xE540,0xED40,0xED60,0xED80,0xF580,0xF580,
0xF5A1,0xF5A1,0xF5A2,0xEDA3,0xF5C4,0xF5C4,0xF5C5,0xF5E6,0xF5E6,0xF5E7,0xF5E7,0xF5E7,0xEDE8,0xEDE8,0xEDE8,0xEDE8,
0xF5E8,0xF5E7,0xF5E7,0xF5E6,0xF5E5,0xF5E6,0xFE06,0xFE06,0xF606,0xFE05,0xF624,0xFE46,0xFE67,0xFE69,0xFE8B,0xFE8C,
0xFE8C,0xF68D,0xFE8D,0xF68D,0xF68E,0xF68E,0xF66E,0xF66D,0xF64D,0xEE2D,0xEE2C,0xEE0C,0xEE0C,0xEE0C,0xEE0C,0xEE2C,
0xEE4D,0xEE4D,0xEE6E,0xF68F,0xF68F,0xF6AF,0xF6B0,0xF6B0,0xF6AF,0xF68F,0xF68F,0xF66F,0xF66E,0xEE6E,0xEE4E,0xEE4E,
0x0A4C,0x026C,0x0A4C,0x0A4C,0x0A6C,0x026C,0x026C,0x026C,0x0A6C,0x0A6C,0x0A6C,0x0A6C,0x0A4B,0x122A,0x1209,0x19C8,
0x29C7,0x29E7,0x19E8,0x0A09,0x0A2B,0x0A4C,0x0A4C,0x0A4B,0x122A,0x2208,0x3208,0x3207,0x3A06,0x39E7,0x3207,0x3A27,
0x4227,0x3A07,0x3228,0x3A28,0x3A07,0x2A08,0x3208,0x3208,0x2A08,0x2A08,0x2A08,0x21E8,0x21E8,0x19E8,0x21E8,0x3208,
0x4A47,0x31E7,0x29E7,0x29E8,0x2208,0x2208,0x2209,0x21E9,0x19E9,0x19E9,0x11C8,0x19C8,0x19E8,0x19E8,0x19E9,0x19C8,
0x19E8,0x11C8,0x19E8,0x19C8,0x19C8,0x19E8,0x2209,0x2209,0x2209,0x2209,0x2229,0x2A09,0x4228,0x5266,0x6286,0x4A68,
0x4A47,0x5267,0x5A86,0x5A86,0x6266,0x72A5,0x7AA5,0x72A5,0x7AA5,0x7AA5,0x7286,0x72C5,0x6AA6,0x62A7,0x5A87,0x6267,
0x6287,0x5268,0x4248,0x4248,0x3A68,0x4268,0x4268,0x5A87,0x5A87,0x5A87,0x5AA8,0x5AA8,0x62A7,0x6AA7,0x6AA7,0x72C7,
0x6AC6,0x62C6,0x62C7,0x62A8,0x62A8,0x62C7,0x6AC7,0x72E6,0x8B03,0xC3C1,0xC3E0,0xC3E0,0xCC00,0xCC20,0xD420,0xD420,
0xD440,0xCC20,0xC400,0xC3E0,0xC3E0,0xC400,0xC400,0xC3E0,0xC3E0,0xC400,0xC400,0xCC20,0xCC20,0xCC20,0xCC60,0xD460,
0xD480,0xD4A0,0xD4A0,0xD4A0,0xD4A0,0xDCC0,0xDCA0,0xDCC0,0xDCA0,0xDCA0,0xDCA0,0xD4A0,0xD4A0,0xD4A0,0xD4A0,0xD480,
0xD460,0xCC40,0xCC20,0xC420,0xC420,0xC400,0xC400,0xBBE0,0xBBE0,0xBBE0,0xC400,0xC400,0xBC00,0xBBC0,0xB3A0,0xAB80,
0xAB80,0xAB40,0xA340,0xAB60,0xAB60,0xA340,0xA320,0xA320,0xA320,0xA340,0xA320,0xA340,0xAB60,0xAB80,0xA360,0xAB40,
0xAB40,0xAB40,0xAB60,0xAB60,0xAB60,0xAB80,0xB380,0xB3A0,0xB3A0,0xBBA0,0xBBC0,0xBBC0,0xBBC0,0xC3E0,0xC3E0,0xBBC0,
0xBBC0,0xBBC0,0xBBC0,0xBBC0,0xBBC0,0xBBA0,0xBBC0,0xBBC0,0xBBC0,0xBBC0,0xBBC0,0xC3E0,0xC3E0,0xC3E0,0xD442,0xC3E0,
0xC3E0,0xC400,0xCC20,0xCC20,0xCC40,0xCC40,0xCC60,0xD480,0xDCA0,0xDCA0,0xDCA0,0xDCA0,0xDCA0,0xE501,0xDCC0,0xE4C0,
0xE4E0,0xDCE0,0xE4E0,0xE500,0xE500,0xE4E0,0xE4E0,0xE500,0xE500,0xED60,0xE540,0xE560,0xED80,0xF581,0xED80,0xF5A1,
0xF5A1,0xEDC2,0xEDA3,0xEDA3,0xEDC4,0xF5C4,0xF5E5,0xF5E6,0xF5E6,0xF5E7,0xF5E7,0xF5E8,0xF5E8,0xF5E8,0xEDE8,0xF5E8,
0xF5E8,0xF5E7,0xF606,0xF606,0xF5E5,0xF606,0xF5E6,0xFE06,0xFE05,0xFE05,0xFE24,0xFE46,0xFE68,0xFE69,0xFE8B,0xFE8C,
0xFE8C,0xF68D,0xF68E,0xF6AE,0xF6AE,0xF68E,0xF68E,0xF66E,0xF66E,0xEE4D,0xEE2D,0xEE2C,0xEE0C,0xEE0C,0xEE0C,0xEE2D,
0xEE4D,0xEE4D,0xEE6E,0xF68F,0xF68F,0xF6AF,0xF6B0,0xF6B0,0xF6AF,0xF68F,0xF68F,0xF66F,0xF66E,0xEE6E,0xEE4E,0xEE4D,
0x0A4C,0x0A4C,0x0A4B,0x124B,0x0A4B,0x0A4C,0x0A4C,0x0A4C,0x0A6C,0x0A4C,0x0A6C,0x0A6C,0x0A4C,0x0A4B,0x122A,0x19EA,
0x29C8,0x29E7,0x19E8,0x11E9,0x0A2B,0x0A4C,0x0A4B,0x0A2A,0x1209,0x2208,0x2A08,0x3A07,0x3227,0x3A07,0x3A27,0x4207,
0x4207,0x3A07,0x3A28,0x3A28,0x3207,0x2A08,0x3208,0x3A28,0x2A08,0x2A08,0x2A08,0x2A08,0x2A08,0x3208,0x29E8,0x3208,
0x4A68,0x29E7,0x2A08,0x21E8,0x2208,0x2208,0x2209,0x19E8,0x19E9,0x19E9,0x19E8,0x19E8,0x19E8,0x19E8,0x19E8,0x19E8,
0x19C8,0x19E8,0x19E8,0x19C8,0x2209,0x2209,0x2209,0x2209,0x1A09,0x2209,0x2A29,0x3208,0x4248,0x4A46,0x5266,0x4A47,
0x4268,0x4A47,0x7AA5,0x6A85,0x6A86,0x7AA5,0x72A5,0x6A85,0x72A5,0x7AA4,0x7A63,0x9B25,0x6A84,0x5A87,0x5268,0x5A67,
0x5A88,0x5288,0x4A68,0x4268,0x4248,0x4268,0x4A68,0x5A87,0x5AA7,0x5A87,0x6287,0x6AA6,0x6AA6,0x6AA7,0x6AA6,0x6AC7,
0x6AC6,0x6AC7,0x6AC7,0x62C7,0x62C7,0x6AC7,0x6AC7,0x72E6,0x8AE3,0xBBA1,0xC3E0,0xC400,0xCC00,0xCC20,0xD420,0xCC20,
0xCC00,0xCC00,0xC400,0xC400,0xC400,0xC400,0xC400,0xC3E0,0xC3E0,0xC400,0xC400,0xCC20,0xCC20,0xCC20,0xD460,0xD480,
0xD480,0xD4A0,0xD4A0,0xD4A0,0xD4A0,0xDCA0,0xDCC0,0xDCA0,0xDCA0,0xDCA0,0xDCA0,0xD4A0,0xD4A0,0xD4A0,0xD480,0xD4A0,
0xD460,0xCC60,0xCC40,0xCC20,0xC420,0xC400,0xC400,0xBC00,0xBBE0,0xBBE0,0xBBE0,0xC400,0xBC00,0xBBE0,0xB3C0,0xB380,
0xAB60,0xAB60,0xA340,0xA340,0xAB40,0xA340,0xA320,0xA320,0xA320,0xA320,0xA340,0xA340,0xAB40,0xAB40,0xA340,0xAB40,
0xA340,0xAB40,0xA340,0xA360,0xAB80,0xAB80,0xB380,0xB3A0,0xB380,0xBBA0,0xBBC0,0xBBC0,0xC3C0,0xBBC0,0xC3E0,0xBBC0,
0xBBC0,0xBBC0,0xBBC0,0xBBC0,0xBBC0,0xBBC0,0xBBC0,0xBBC0,0xBBC0,0xBBC0,0xBBC0,0xBBC0,0xC3E0,0xC3E0,0xC3E0,0xC3E0,
0xC400,0xC400,0xCC20,0xCC20,0xCC20,0xCC40,0xD460,0xD460,0xE4E1,0xDCA0,0xDCA0,0xDCA0,0xDCC0,0xE4C0,0xDCC0,0xE4C0,
0xE4E0,0xDCE0,0xE4E0,0xE4E0,0xE4E0,0xDCE0,0xDCE0,0xE4E0,0xE500,0xED60,0xE540,0xED60,0xF5C1,0xED80,0xED80,0xEDA0,
0xED82,0xEDA3,0xF5A3,0xEDC4,0xF5C5,0xF5C5,0xF5E5,0xF5E6,0xF5E7,0xF5E7,0xF608,0xF608,0xF5E8,0xF608,0xF5E8,0xF5E8,
0xF607,0xF607,0xF626,0xF606,0xF606,0xF626,0xF606,0xFE06,0xFE05,0xFE05,0xFE24,0xFE67,0xFE69,0xFE6A,0xFE8B,0xFE8C,
0xFE8D,0xF6AE,0xF6AE,0xFEAE,0xF6AF,0xF6AF,0xF6AE,0xF68F,0xF68E,0xF66E,0xEE4D,0xEE2D,0xEE2C,0xEE0C,0xE60C,0xEE2C,
0xEE4D,0xEE6D,0xEE6E,0xF68E,0xF68F,0xEEAF,0xF6B0,0xF6B0,0xF6AF,0xF68F,0xF68F,0xF66F,0xF66E,0xF66E,0xEE4E,0xEE4D,
0x0A4C,0x0A4B,0x124B,0x124B,0x124B,0x0A4C,0x0A4C,0x0A4C,0x0A6C,0x0A6C,0x0A6C,0x0A4C,0x0A4C,0x0A6B,0x0A4A,0x19E9,
0x29E8,0x29C7,0x21E8,0x11E9,0x0A0A,0x0A2B,0x0A0A,0x0A09,0x1A09,0x2208,0x2A08,0x3207,0x3A07,0x3A08,0x3A07,0x4207,
0x4207,0x4227,0x4227,0x3A27,0x3A28,0x3228,0x3A27,0x4227,0x3228,0x3228,0x2A08,0x3A28,0x3207,0x3A07,0x2A08,0x29E8,
0x3207,0x2A08,0x21E8,0x21E9,0x21E8,0x21E9,0x21E9,0x19E8,0x19E9,0x19E9,0x19E8,0x19E8,0x19E8,0x19E8,0x19E8,0x19E8,
0x19C8,0x19E8,0x19E9,0x19E8,0x19E8,0x1A09,0x2209,0x2209,0x2209,0x2209,0x3228,0x3A27,0x4A47,0x4A67,0x4A67,0x4A48,
0x4269,0x4A47,0x82E6,0x8AE5,0x7AA4,0x7284,0x72A5,0x7285,0x7A84,0x82A4,0x8282,0xAB85,0x7284,0x5A87,0x4A88,0x5288,
0x5288,0x5288,0x4A88,0x4269,0x4249,0x4269,0x4A68,0x5A87,0x5AA7,0x62A7,0x6287,0x6AA7,0x6AA6,0x6AC6,0x6AC6,0x6AC6,
0x6AC7,0x72C7,0x6AC7,0x62A7,0x62C6,0x7AE6,0x72E7,0x72E6,0x8303,0xB380,0xBBC0,0xC3E0,0xCC00,0xCC20,0xCC20,0xCC00,
0xCC00,0xC400,0xC400,0xC400,0xC400,0xC400,0xC400,0xC3E0,0xC3E0,0xC400,0xC400,0xCC20,0xCC20,0xCC40,0xD460,0xD480,
0xD480,0xD4A0,0xD4A0,0xD4A0,0xD4A0,0xDCA0,0xDCC0,0xDCC0,0xDCC0,0xDCA0,0xDCA0,0xD4A0,0xD4A0,0xD4A0,0xD4A0,0xD4A0,
0xD480,0xD460,0xCC40,0xCC20,0xC420,0xC400,0xC400,0xBC00,0xBBE0,0xBBE0,0xBBE0,0xBBE0,0xC400,0xBBE0,0xBBE0,0xB3A0,
0xAB80,0xAB60,0xAB40,0xA340,0xAB40,0xA340,0xA320,0xA320,0x9B20,0xA320,0xA320,0xA340,0xA340,0xA340,0xA340,0xA340,
0xAB40,0xA340,0xA340,0xAB40,0xAB60,0xAB80,0xB380,0xB3A0,0xB380,0xBBA0,0xBBA0,0xBBC0,0xBBC0,0xCC21,0xBBC0,0xBBC0,
0xBBC0,0xBBC0,0xBBC0,0xBBC0,0xBBC0,0xBBC0,0xBBC0,0xBBA0,0xBBC0,0xBBC0,0xBBC0,0xBBC0,0xBBC0,0xC3E0,0xC3E0,0xC3E0,
0xC3E0,0xC400,0xCC00,0xCC00,0xCC20,0xCC40,0xCC60,0xDCC1,0xE521,0xDC80,0xDCA0,0xDCA0,0xDCC0,0xDCC0,0xDCC0,0xE4C0,
0xE4E0,0xDCE0,0xE4E0,0xE4E0,0xDCE0,0xDCE0,0xDCC0,0xE4E0,0xE500,0xE500,0xE520,0xED80,0xED60,0xED60,0xED80,0xEDA1,
0xED82,0xEDA3,0xEDC3,0xF5C4,0xEDC5,0xF5C5,0xF5E6,0xF5E6,0xF5E6,0xF607,0xF607,0xF608,0xF609,0xF608,0xF608,0xF608,
0xF608,0xF607,0xF627,0xF626,0xF626,0xF606,0xF606,0xFE07,0xFE26,0xFE05,0xFE25,0xFE67,0xFE69,0xFE8B,0xFEAC,0xFEAD,
0xFEAD,0xFECE,0xFEAE,0xFEAF,0xFEAF,0xFEAF,0xFEAE,0xF68E,0xF68E,0xF66E,0xEE4D,0xEE2C,0xEE2D,0xEE2C,0xEE0C,0xEE2C,
0xEE4D,0xEE4D,0xF66E,0xF68F,0xF6AF,0xF6AF,0xF6B0,0xF6B0,0xF6AF,0xF68F,0xF68F,0xF66F,0xF66E,0xEE6E,0xEE4E,0xEE4D,
0x0A4C,0x124B,0x124B,0x124B,0x122B,0x122C,0x0A4C,0x0A4C,0x026C,0x026C,0x0A6C,0x0A6D,0x0A6C,0x0A6B,0x0A4A,0x19E9,
0x21C8,0x21C8,0x21E8,0x11E9,0x09EA,0x09EA,0x11EA,0x11E9,0x1A09,0x2A08,0x3208,0x3207,0x3208,0x3207,0x3A07,0x4227,
0x4227,0x4A27,0x4227,0x4227,0x3A27,0x3A27,0x4227,0x4227,0x3A28,0x3228,0x3228,0x3A07,0x3A27,0x4227,0x3208,0x2A08,
0x3208,0x3208,0x2A08,0x21E9,0x21E8,0x21E8,0x21E9,0x19E8,0x19E9,0x19E9,0x19E9,0x11C8,0x11C8,0x11C8,0x11C8,0x11C8,
0x11C8,0x19E9,0x19E9,0x19E8,0x19E9,0x19E8,0x19E9,0x2209,0x1A09,0x2209,0x3228,0x3A27,0x4A47,0x4A67,0x4A67,0x4A48,
0x4A48,0x5268,0x6A86,0x82C4,0x8AE4,0x6AA5,0x6AA5,0x6AA5,0x7AA4,0x82C4,0x8283,0xA365,0x7285,0x62A7,0x4A88,0x4A69,
0x4A68,0x5288,0x5268,0x4268,0x4248,0x4268,0x5268,0x5A86,0x5AA7,0x5AA7,0x62A7,0x6AA7,0x72A7,0x72A6,0x6AC6,0x72C6,
0x72C6,0x72C6,0x6AC7,0x62C7,0x6AC7,0x7AC5,0x6AE6,0x7306,0x8B03,0xB380,0xBBA0,0xC3E0,0xCC00,0xCC20,0xCC20,0xCC00,
0xC3E0,0xC400,0xC400,0xC400,0xCC00,0xC400,0xC400,0xC3E0,0xC3E0,0xC400,0xC400,0xCC20,0xCC20,0xCC40,0xD460,0xD480,
0xD4A0,0xD4A0,0xD4A0,0xD4A0,0xDCA0,0xDCC0,0xDCC0,0xDCC0,0xDCC0,0xDCC0,0xDCA0,0xD4A0,0xD4A0,0xD4A0,0xD4A0,0xD4A0,
0xD480,0xD480,0xCC40,0xCC20,0xC420,0xC400,0xC400,0xC400,0xBBE0,0xBBE0,0xBBE0,0xBBE0,0xC400,0xBC00,0xBBE0,0xB3A0,
0xB3A0,0xAB60,0xA340,0xA360,0xAB40,0xAB40,0xA340,0xA320,0xA320,0xA320,0x9B20,0xA340,0xA340,0xA340,0xA340,0xA340,
0xAB40,0xA340,0xA340,0xAB40,0xAB60,0xAB80,0xB380,0xB380,0xB380,0xBB80,0xBBA0,0xBBC0,0xBBC0,0xC401,0xBBC0,0xBBC0,
0xBBC0,0xBBC0,0xBBC0,0xBBC0,0xBBC0,0xBBC0,0xBBC0,0xBBC0,0xBBC0,0xBBC0,0xBBC0,0xBBC0,0xBBC0,0xC3C0,0xC3C0,0xC3E0,
0xC400,0xC400,0xCC00,0xCC00,0xCC20,0xCC40,0xD460,0xE501,0xDCA0,0xDCA0,0xE4A0,0xDCA0,0xDCA0,0xDCC0,0xDCC0,0xDCC0,
0xE4E0,0xDCE0,0xE4E0,0xDCE0,0xDCC0,0xDCC0,0xDCC0,0xDCE0,0xDCE0,0xE500,0xE540,0xED60,0xED40,0xED60,0xED60,0xED80,
0xED82,0xF5A3,0xEDC4,0xF5C4,0xEDC5,0xF5C5,0xF5E6,0xF5E6,0xF607,0xF607,0xF607,0xF608,0xF608,0xF608,0xF608,0xF608,
0xF608,0xF607,0xF627,0xFE26,0xFE26,0xF626,0xF606,0xFE06,0xFE06,0xFE05,0xFE25,0xFE68,0xFE69,0xFE8B,0xFEAC,0xFEAD,
0xFEAE,0xFECE,0xFEAE,0xFECF,0xFEAF,0xFEAF,0xFEAE,0xF68E,0xF68E,0xF68E,0xEE4D,0xEE4D,0xEE2D,0xEE2C,0xEE2C,0xEE2D,
0xEE4D,0xEE4D,0xF66E,0xF68F,0xF6AF,0xF6AF,0xF6B0,0xF6AF,0xF6AF,0xF68F,0xF68F,0xF66F,0xEE6E,0xEE4E,0xEE4D,0xEE4D,
0x0A4B,0x124B,0x124B,0x124A,0x124B,0x122B,0x0A4C,0x0A4C,0x0A6C,0x0A6C,0x0A6C,0x0A4C,0x0A4C,0x0A4C,0x0A4A,0x1A09,
0x21E8,0x21E8,0x21E8,0x11C8,0x09E9,0x09E9,0x11E8,0x19E9,0x2209,0x2A08,0x3208,0x3208,0x3208,0x3A07,0x4207,0x4227,
0x4227,0x4227,0x4A26,0x4226,0x4227,0x4A47,0x5246,0x4A46,0x4227,0x4227,0x4227,0x4247,0x4A47,0x4227,0x3A07,0x3208,
0x3228,0x3228,0x3208,0x21E8,0x2208,0x21E8,0x21E9,0x19E9,0x19E9,0x19E9,0x19E9,0x19E9,0x11C8,0x11C8,0x11C8,0x11C8,
0x19E9,0x11E9,0x11E9,0x19E9,0x19E8,0x19C8,0x19E9,0x19E9,0x1A09,0x2209,0x2A49,0x3A28,0x4A47,0x4A47,0x4A47,0x4A48,
0x4A68,0x5267,0x5A67,0x6265,0x6AA6,0x6AA6,0x6AA5,0x6AA6,0x6AA5,0x72A5,0x72A4,0x82C5,0x6AA6,0x5A87,0x4A88,0x4289,
0x4A68,0x5287,0x5267,0x4A48,0x4A68,0x4A68,0x5287,0x5A87,0x5A87,0x5A87,0x6287,0x62A7,0x6AA6,0x72C6,0x72C6,0x72C5,
0x72C6,0x72C6,0x6AC7,0x62C7,0x6AC7,0x72C6,0x6AC7,0x6AE7,0x8304,0xAB80,0xBBA0,0xC3E0,0xC400,0xBC01,0xC401,0xC400,
0xC3E0,0xC3E0,0xC400,0xCC20,0xCC00,0xC400,0xC400,0xC3E0,0xC3E0,0xC400,0xC400,0xCC20,0xCC20,0xCC40,0xCC60,0xD480,
0xD4A0,0xDCA0,0xDCA0,0xDCC0,0xDCC0,0xDCC0,0xDCC0,0xDCC0,0xDCC0,0xDCC0,0xDCC0,0xDCA0,0xD4A0,0xD4A0,0xD480,0xD480,
0xD480,0xD480,0xD460,0xCC40,0xCC40,0xC420,0xC400,0xC400,0xBBE0,0xBBE0,0xBBE0,0xBBE0,0xBBE0,0xBC00,0xBBE0,0xB3A0,
0xB380,0xAB80,0xA360,0xA360,0xAB60,0xAB60,0xA340,0xA320,0xA320,0x9B20,0x9B00,0x9B20,0xA340,0xA340,0xA340,0xA340,
0xAB40,0xA340,0xA340,0xA340,0xAB60,0xAB60,0xAB80,0xB380,0xB380,0xBB80,0xBBA0,0xBBA0,0xBBC0,0xBBC0,0xBBC0,0xBBC0,
0xBBC0,0xBBC0,0xBBC0,0xBBC0,0xBBC0,0xBBC0,0xBBC0,0xBBC0,0xBBC0,0xBBC0,0xBBC0,0xBBC0,0xBBC0,0xC3C0,0xC3C0,0xC3E0,
0xC3E0,0xC400,0xCC00,0xCC20,0xCC20,0xCC40,0xD460,0xD480,0xD480,0xDCA0,0xDCA0,0xDCC0,0xDCA0,0xE4E1,0xE4C0,0xDCC0,
0xE500,0xDCE0,0xDCC0,0xDCC0,0xDCC0,0xDCC0,0xDCC0,0xDCC0,0xE4E0,0xE500,0xE520,0xED40,0xED60,0xED60,0xED60,0xED80,
0xED82,0xEDA3,0xEDC4,0xEDC4,0xEDC5,0xF5C5,0xF5E6,0xF5E7,0xF607,0xF607,0xF608,0xF608,0xF608,0xF608,0xF608,0xF628,
0xF628,0xF628,0xF627,0xFE27,0xFE26,0xFE26,0xFE26,0xFE06,0xFE06,0xFE25,0xFE45,0xFE68,0xFE8A,0xFE8C,0xFEAD,0xFEAD,
0xFEAD,0xFECE,0xFECF,0xFEAF,0xFEAF,0xFEAF,0xFEAF,0xF6AE,0xF68E,0xF68D,0xF66D,0xEE4D,0xEE2D,0xEE2C,0xEE2C,0xEE2D,
0xEE4D,0xEE4E,0xF66E,0xF6AF,0xF6AF,0xF6B0,0xF6AF,0xF6AF,0xF6AF,0xF68F,0xF66F,0xF66F,0xEE6E,0xEE4E,0xEE4D,0xEE4D,
0x0A4B,0x124B,0x124B,0x124B,0x124B,0x122B,0x0A4C,0x0A6C,0x0A6C,0x0A6C,0x0A6C,0x0A4C,0x0A4C,0x0A4B,0x122A,0x2209,
0x21E8,0x21E8,0x21E8,0x11E8,0x11E8,0x11E9,0x11E9,0x21E9,0x2A08,0x2A08,0x3208,0x3208,0x3208,0x3A07,0x4227,0x4A27,
0x4227,0x4227,0x4227,0x4227,0x4247,0x5246,0x5246,0x5266,0x5267,0x5246,0x4A47,0x4247,0x4A27,0x4A27,0x4247,0x4247,
0x3A28,0x3228,0x3208,0x2A08,0x2208,0x21E8,0x21E9,0x19E9,0x19E9,0x19E9,0x19E9,0x11E9,0x11E9,0x11E9,0x11E9,0x11C8,
0x11E8,0x11E9,0x11E9,0x11E9,0x1A09,0x19E9,0x19E9,0x1A09,0x1A09,0x2208,0x3229,0x3A49,0x4248,0x4A68,0x4A67,0x4A47,
0x4A68,0x5287,0x5A87,0x4A47,0x5288,0x7AC6,0x7285,0x6A86,0x6286,0x6286,0x6286,0x6AA5,0x62A6,0x5A87,0x5268,0x4A68,
0x5268,0x5A87,0x5267,0x4A68,0x5AA9,0x4A48,0x5A87,0x5A87,0x5A87,0x5A87,0x62A7,0x62A7,0x72A5,0x72C6,0x72C6,0x72C6,
0x7AE6,0x72C6,0x72C6,0x6AC6,0x6AC6,0x6AC6,0x6AC7,0x6AC7,0x82E4,0xAB80,0xBBA0,0xC3E0,0xBC01,0xB3C1,0xB3C1,0xBBE0,
0xBBC0,0xC3E0,0xC400,0xCC00,0xCC00,0xC400,0xC400,0xC3E0,0xC3E0,0xC400,0xC400,0xCC00,0xCC20,0xCC40,0xD460,0xD480,
0xD4A0,0xDCA0,0xDCA0,0xDCC0,0xDCC0,0xDCC0,0xDCC0,0xDCC0,0xDCA0,0xDCC0,0xDCC0,0xDCA0,0xD4A0,0xD4A0,0xD480,0xD480,
0xD4A0,0xD480,0xD460,0xCC40,0xC420,0xC420,0xC420,0xC400,0xBBE0,0xBBE0,0xBBE0,0xBBE0,0xBBE0,0xBC00,0xBC00,0xBBC0,
0xABA0,0xAB80,0xA360,0xAB60,0xAB60,0xAB60,0xA340,0xA340,0xA320,0x9B20,0x9B01,0x9B20,0xA341,0xA340,0xA340,0xA340,
0xA340,0xA340,0xA340,0xA340,0xAB60,0xAB60,0xAB80,0xB380,0xB380,0xBB80,0xBBA0,0xBBA0,0xBBC0,0xBBC0,0xBBC0,0xBBC0,
0xBBC0,0xBBC0,0xBBC0,0xBBC0,0xBBC0,0xBBC0,0xBBC0,0xBBC0,0xBBC0,0xBBC0,0xBBC0,0xC3C0,0xC3C0,0xC3C0,0xC3C0,0xC3E0,
0xC400,0xC400,0xCC00,0xCC20,0xCC20,0xCC40,0xCC60,0xD460,0xDC80,0xDC80,0xDCA0,0xDCA0,0xDCA0,0xE4C0,0xDCC0,0xE4E0,
0xE4E0,0xDCC0,0xDCC0,0xDCC0,0xDCC0,0xDCC0,0xDCC0,0xDCC0,0xE500,0xE500,0xE520,0xED40,0xED40,0xED60,0xED60,0xED60,
0xED82,0xEDA3,0xEDA4,0xF5C5,0xEDC5,0xF5C6,0xF5E6,0xF5E7,0xF607,0xF607,0xF607,0xF608,0xF628,0xF628,0xF628,0xF628,
0xF628,0xF628,0xF628,0xFE27,0xFE27,0xFE26,0xFE26,0xFE26,0xFE25,0xFE44,0xFE44,0xFE88,0xFE8A,0xFEAC,0xFEAC,0xFECD,
0xFECD,0xFECF,0xFECF,0xFECF,0xFEAF,0xFEAF,0xFEAF,0xFEAE,0xF6AD,0xF68D,0xF66D,0xF66D,0xF64D,0xEE2D,0xEE2D,0xEE4D,
0xEE4D,0xEE6E,0xF66E,0xF68F,0xF6AF,0xF6AF,0xF6AF,0xF6B0,0xF68F,0xEE6F,0xF66F,0xF66F,0xF66E,0xEE6E,0xEE4E,0xEE4D,
0x0A4B,0x0A4B,0x124B,0x124B,0x124B,0x122B,0x124B,0x0A4C,0x0A4C,0x0A6C,0x0A6C,0x0A4C,0x0A4C,0x0A4B,0x122A,0x2209,
0x2208,0x2208,0x21E8,0x11E8,0x11E9,0x11E8,0x19E8,0x21E9,0x29E8,0x3208,0x3208,0x3208,0x3208,0x3A07,0x4207,0x4A27,
0x4227,0x4227,0x3A27,0x3228,0x3A27,0x4A47,0x5247,0x5246,0x5246,0x5A66,0x5247,0x4A47,0x4A27,0x4A27,0x5246,0x4A47,
0x3A28,0x3228,0x2A08,0x2208,0x2208,0x21E8,0x21E8,0x1A09,0x19E9,0x11E9,0x11E9,0x11E9,0x11E9,0x11E9,0x11E8,0x11E8,
0x11E9,0x11E9,0x19E9,0x11E9,0x19E9,0x19E9,0x19E8,0x19E9,0x19E9,0x2A08,0x3228,0x3228,0x3A48,0x4268,0x4A67,0x4247,
0x4267,0x4A67,0x4A68,0x4A67,0x5267,0x6AA6,0x6A85,0x6A86,0x6286,0x6286,0x6287,0x6286,0x62A6,0x5A86,0x5287,0x5288,
0x5288,0x5A87,0x5287,0x4A68,0x5287,0x4A88,0x5A67,0x5A87,0x5A87,0x5A87,0x6AA6,0x6AA6,0x72C5,0x72C6,0x6AC6,0x72C6,
0x7AC5,0x72C5,0x7AC5,0x7AC6,0x72E6,0x6AE7,0x6AC7,0x72C7,0x8AE5,0xB380,0xBBC0,0xC3E0,0xBC01,0xABC2,0xB3C1,0xC3C0,
0xBBC0,0xC3E0,0xC400,0xCC00,0xCC00,0xC400,0xC400,0xC3E0,0xC3E0,0xC400,0xC400,0xCC00,0xCC20,0xCC40,0xCC60,0xD480,
0xD480,0xDCA0,0xDCA0,0xDCA0,0xDCC0,0xDCC0,0xDCA0,0xDCC0,0xDCC0,0xDCC0,0xDCA0,0xDCA0,0xDCA0,0xD4A0,0xD480,0xD4A0,
0xD4A0,0xD480,0xD480,0xCC40,0xC420,0xC420,0xC420,0xC400,0xBBE0,0xBBE0,0xBBE0,0xBBC0,0xBBC0,0xBC00,0xBC00,0xB3C0,
0xB3A0,0xAB80,0xAB60,0xAB60,0xAB60,0xAB60,0xA340,0xA320,0xA320,0x9B20,0x9B01,0x9B21,0x9B21,0xA340,0xA340,0xA340,
0xA340,0xA340,0xA340,0xA340,0xAB60,0xAB60,0xAB80,0xB380,0xB380,0xBB80,0xBBA0,0xBBA0,0xBBA0,0xBBA0,0xBBA0,0xBBA0,
0xBBC0,0xBBC0,0xBBC0,0xBBC0,0xBBC0,0xBBC0,0xBBC0,0xBBC0,0xBBC0,0xBBC0,0xBBC0,0xC3C0,0xC3C0,0xBBC0,0xBBC0,0xC3E0,
0xC400,0xC400,0xC400,0xCC00,0xCC20,0xCC40,0xD460,0xD460,0xDC80,0xDC80,0xDCA0,0xDCA0,0xDCC0,0xDCC0,0xE4C0,0xE4E0,
0xE4E0,0xDCC0,0xDCC0,0xDCC0,0xDCC0,0xDCC0,0xDCC0,0xDCC0,0xDCE0,0xE4E0,0xE540,0xED40,0xED60,0xED60,0xED60,0xED81,
0xED82,0xEDA3,0xEDA4,0xF5C5,0xEDC5,0xF5E6,0xF5E6,0xF5E7,0xF607,0xF607,0xF607,0xF607,0xF628,0xF628,0xF628,0xFE28,
0xFE28,0xFE28,0xF628,0xFE27,0xFE27,0xFE26,0xFE25,0xFE25,0xFE44,0xFE44,0xFE64,0xFE87,0xFE8A,0xFEAC,0xFECD,0xFECD,
0xFECD,0xFECF,0xFECF,0xFEAF,0xFEAF,0xFEAF,0xFEAF,0xFEAE,0xF6AD,0xF68D,0xF66D,0xF66D,0xF64D,0xEE4D,0xEE4D,0xEE4D,
0xEE4D,0xEE6E,0xF66E,0xF68F,0xF6AF,0xF6AF,0xF6D0,0xF6AF,0xF68F,0xF68F,0xF66F,0xF66F,0xF66E,0xEE6E,0xEE4E,0xEE4D,
0x1A4B,0x124B,0x124B,0x124B,0x122B,0x124B,0x124B,0x0A4C,0x0A4C,0x0A6C,0x0A6C,0x0A4C,0x124C,0x124B,0x122B,0x1A0A,
0x2208,0x2207,0x21E8,0x19E8,0x11E8,0x11E8,0x21E8,0x29E8,0x3208,0x3207,0x3208,0x3207,0x3A08,0x3A07,0x3A07,0x4227,
0x4227,0x3208,0x3228,0x3228,0x3A28,0x4A47,0x4A67,0x4A47,0x5267,0x5A66,0x5A66,0x5A46,0x5A46,0x5A66,0x5A65,0x4A46,
0x3A28,0x3208,0x2A08,0x2208,0x29E8,0x2A09,0x21E9,0x19E8,0x19E9,0x19E9,0x19E9,0x19E9,0x19E9,0x11E9,0x11C9,0x19C8,
0x19C9,0x19E9,0x19E9,0x19E8,0x1A09,0x19E9,0x19E9,0x19E9,0x1A09,0x2229,0x2A29,0x3228,0x3A48,0x4268,0x4A67,0x4A67,
0x4248,0x4A48,0x4A47,0x5267,0x5A87,0x6287,0x6A86,0x6A86,0x6AA6,0x6A86,0x6AA6,0x6A86,0x6A86,0x6A86,0x6287,0x5A67,
0x5A87,0x6287,0x5A67,0x4A48,0x4A68,0x4A68,0x5A87,0x5A87,0x5A87,0x5A87,0x6AA6,0x6AC5,0x72C5,0x7AC5,0x72A6,0x6AC6,
0x6AC6,0x72E6,0x82E5,0x8AE4,0x82E6,0x72C7,0x72C7,0x72C6,0x8304,0xB380,0xBBA0,0xC3C0,0xC3E0,0xBBE0,0xC400,0xC3C0,
0xC3C0,0xC3E0,0xCC00,0xC420,0xC400,0xC400,0xC400,0xC400,0xCC00,0xC400,0xC400,0xCC20,0xCC40,0xCC40,0xD460,0xCC80,
0xD4A0,0xDCC0,0xDCA0,0xDCA0,0xDCA0,0xDCC0,0xDCC0,0xDCC0,0xDCC0,0xDCC0,0xD4C0,0xDCC0,0xDCC0,0xDCA0,0xD480,0xD4A0,
0xD480,0xD4A0,0xD480,0xCC60,0xCC40,0xC420,0xC400,0xC400,0xC3E0,0xBBE0,0xBBE0,0xBBE0,0xBBC0,0xBBE0,0xBBE0,0xBBE0,
0xB3C0,0xAB80,0xAB60,0xAB60,0xAB80,0xAB80,0xAB40,0xA320,0x9B40,0x9B20,0x9B00,0x9B01,0x9B20,0xA340,0xA320,0xA320,
0xA320,0xA340,0xA340,0xA340,0xAB60,0xAB60,0xAB80,0xB380,0xB380,0xB380,0xBBA0,0xBBA0,0xBBA0,0xBBC0,0xBBC0,0xBBC0,
0xBBC0,0xBBC0,0xBBC0,0xBBC0,0xBBC0,0xBBC0,0xBBC0,0xBBC0,0xBBC0,0xBBC0,0xC3C0,0xC3C0,0xC3C0,0xBBC0,0xBBC0,0xC3E0,
0xC3E0,0xC3E0,0xC400,0xCC00,0xCC20,0xCC40,0xD460,0xD460,0xDC80,0xDC80,0xDCA0,0xDCA0,0xDCA0,0xDCC0,0xE4C0,0xE4E0,
0xE4C0,0xE501,0xDCC0,0xDCC0,0xDCC0,0xDCC0,0xDCC0,0xDCC0,0xDCC0,0xE500,0xE540,0xE540,0xED60,0xED80,0xED61,0xED82,
0xED82,0xED83,0xEDA4,0xEDC5,0xF5C5,0xF5C6,0xEDE7,0xF5E7,0xF607,0xF607,0xF627,0xF627,0xF628,0xF648,0xF648,0xFE48,
0xF648,0xF648,0xFE48,0xFE47,0xFE27,0xF646,0xFE25,0xFE24,0xFE23,0xFE44,0xFE65,0xFE67,0xFE89,0xFEAB,0xFEAD,0xFECD,
0xFECE,0xFECF,0xFECF,0xFEF0,0xFEF0,0xFED0,0xFECF,0xFEAE,0xFEAD,0xFE8D,0xFE6C,0xF66C,0xF66D,0xEE4D,0xEE4D,0xEE2D,
0xEE4D,0xF66E,0xF66E,0xF68F,0xF6AF,0xF6AF,0xF6B0,0xF6B0,0xF68F,0xF68F,0xF66F,0xF66F,0xF66E,0xF66E,0xEE4E,0xEE4D,
0x1A4A,0x1A4B,0x1A4B,0x124B,0x124B,0x124B,0x0A4B,0x0A4C,0x0A4C,0x0A6C,0x0A6D,0x0A6C,0x0A6C,0x0A4B,0x124A,0x1A0A,
0x2208,0x21E8,0x21E8,0x21E8,0x19E8,0x19E8,0x29E8,0x31E8,0x3208,0x3A07,0x3A08,0x31E7,0x3A07,0x3A07,0x4227,0x4227,
0x3A07,0x3A07,0x3A08,0x3A08,0x4228,0x4248,0x4248,0x4247,0x4A67,0x5266,0x6265,0x6265,0x6266,0x5A66,0x5266,0x4A66,
0x4227,0x3208,0x3209,0x2A09,0x2A09,0x2A09,0x21E9,0x19E9,0x19E9,0x19E9,0x19E8,0x19E8,0x19C8,0x19E9,0x19E9,0x19E8,
0x19E8,0x19E8,0x1A08,0x2209,0x1A09,0x19E9,0x19E9,0x21E9,0x2209,0x2A09,0x3228,0x3A08,0x4248,0x4A68,0x4247,0x4248,
0x4248,0x4A48,0x4A68,0x5267,0x5287,0x5A87,0x6287,0x6286,0x6A86,0x6A86,0x6A86,0x6286,0x6286,0x6A86,0x6266,0x6286,
0x6286,0x6287,0x5A68,0x5268,0x5267,0x5267,0x5A88,0x5A87,0x6287,0x6285,0x7AC5,0x72A5,0x7AC5,0x7AC6,0x72C6,0x6AC7,
0x6AC7,0x72A6,0x7AC5,0x82C5,0x7AC6,0x72C7,0x7AE6,0x7AE5,0x8B03,0xB380,0xBBA0,0xC3C0,0xC3E0,0xC400,0xC3E0,0xC3C0,
0xC3E0,0xC3E0,0xC400,0xCC00,0xCC20,0xC400,0xC400,0xC400,0xC400,0xC3E0,0xC400,0xCC20,0xCC40,0xCC60,0xCC60,0xD461,
0xDC80,0xDCC0,0xDCC0,0xDCA0,0xDCA0,0xDCA0,0xDCC0,0xDCC0,0xDCC0,0xDCC0,0xDCC0,0xDCC0,0xD4C0,0xDCA0,0xDC80,0xDC80,
0xD4A0,0xD480,0xD480,0xCC60,0xC460,0xC420,0xCC00,0xC400,0xC400,0xBBE0,0xBBE0,0xBBE0,0xBBC0,0xBBE0,0xBBE0,0xBBE0,
0xB3C0,0xAB80,0xAB80,0xAB60,0xAB80,0xAB60,0xA340,0xA320,0x9B40,0x9B20,0x9320,0x9B21,0x9B21,0xA340,0xA320,0xA320,
0xA320,0xA340,0xA320,0xA340,0xAB60,0xAB80,0xB380,0xB380,0xB380,0xB380,0xB3A0,0xBBA0,0xBBA0,0xBBC0,0xBBC0,0xBBC0,
0xBBC0,0xBBC0,0xBBC0,0xBBC0,0xBBC0,0xBBC0,0xBBC0,0xBBC0,0xBBC0,0xBBC0,0xC3C0,0xC3C0,0xC3C0,0xBBC0,0xBBC0,0xC3C0,
0xC3E0,0xC3E0,0xC400,0xCC20,0xCC00,0xCC40,0xDCC1,0xDCA0,0xDC80,0xDC80,0xDCA0,0xDCA0,0xDCC0,0xDCC0,0xDCC0,0xE4E0,
0xDCC0,0xE4E0,0xDCC0,0xDCC0,0xDCC0,0xDCC0,0xE4E0,0xDCE0,0xDCE0,0xED41,0xE540,0xE560,0xED60,0xED80,0xED81,0xED82,
0xED83,0xED83,0xEDA4,0xEDA5,0xF5C5,0xF5C6,0xEDE6,0xEE06,0xF607,0xF627,0xFE27,0xF627,0xF628,0xF628,0xFE48,0xFE47,
0xFE47,0xFE47,0xFE47,0xFE47,0xFE46,0xFE45,0xFE45,0xFE44,0xFE23,0xFE43,0xFE64,0xFE67,0xFE89,0xFEAB,0xFECD,0xFECD,
0xFECF,0xFECF,0xFEEF,0xFEF0,0xFEF0,0xFEF0,0xFECF,0xFEAE,0xFEAD,0xFE8D,0xF66C,0xF68C,0xF66C,0xEE4D,0xF64D,0xF64D,
0xEE6E,0xF66E,0xF68E,0xF6AF,0xF6AF,0xF6AF,0xF6B0,0xF6AF,0xF68F,0xF68F,0xF66F,0xF66F,0xF66E,0xF66E,0xEE4E,0xEE4D,
0x1A4B,0x1A4B,0x1A4B,0x124A,0x124B,0x124B,0x0A4B,0x0A4C,0x0A4C,0x0A6C,0x0A6C,0x0A6C,0x0A6B,0x124A,0x122A,0x1A0A,
0x2208,0x21E8,0x21E8,0x21E8,0x19E8,0x19E8,0x29E7,0x39E7,0x3A07,0x3A08,0x3A07,0x3A08,0x3A07,0x3A07,0x4227,0x4227,
0x4227,0x4227,0x4207,0x4227,0x4248,0x4248,0x4248,0x4248,0x4A47,0x5247,0x6265,0x6AA5,0x6A85,0x5A66,0x4A46,0x4A47,
0x4227,0x3208,0x3229,0x2A09,0x2209,0x2A09,0x21E9,0x19E9,0x1A09,0x19E9,0x19E9,0x19E8,0x19E8,0x19E9,0x19E9,0x19E8,
0x19E8,0x19E8,0x19E8,0x21E8,0x19E9,0x19E9,0x19E9,0x21E9,0x21E8,0x3228,0x3A28,0x3A28,0x3A28,0x4248,0x4247,0x4268,
0x4A48,0x4A47,0x4A68,0x5267,0x5A87,0x5A87,0x5A67,0x6286,0x6A86,0x6AA5,0x6A86,0x6287,0x5A87,0x6267,0x6287,0x6286,
0x62A6,0x6286,0x5A87,0x5287,0x5A67,0x6267,0x6287,0x5A87,0x6286,0x72C6,0x72A5,0x7285,0x7AA5,0x7AC5,0x7AC6,0x6AC7,
0x6AA7,0x72C7,0x72C6,0x72C6,0x6AC6,0x6AC7,0x7AE5,0x7B05,0x8B23,0xB3A0,0xBBA0,0xC3C0,0xC3C0,0xC3E0,0xC3E0,0xC3E0,
0xC3E0,0xC3E0,0xC3E0,0xCC00,0xCC00,0xC400,0xCC00,0xC400,0xC400,0xC400,0xC400,0xCC20,0xCC20,0xCC40,0xCC60,0xCC80,
0xD4A0,0xDCC0,0xDCC0,0xDCC0,0xDCC0,0xDCC0,0xDCC0,0xDCC0,0xDCC0,0xDCC0,0xDCC0,0xDCC0,0xDCA0,0xDCA0,0xDC80,0xDC80,
0xD480,0xD480,0xD480,0xCC80,0xCC60,0xC440,0xCC20,0xC400,0xC400,0xC3E0,0xBBE0,0xBBE0,0xBBC0,0xBBC0,0xBBE0,0xBC00,
0xBBC0,0xB380,0xAB60,0xAB80,0xAB80,0xAB60,0xA340,0xA340,0x9B20,0x9B20,0x9B20,0x9B21,0x9B21,0xA340,0xA321,0xA321,
0xA321,0xA321,0xA320,0xA320,0xAB60,0xAB80,0xAB80,0xB380,0xB380,0xB380,0xB3A0,0xBBA0,0xBBA0,0xBBC0,0xBBC0,0xBBC0,
0xBBC0,0xBBC0,0xBBC0,0xBBC0,0xBBC0,0xBBC0,0xBBC0,0xBBC0,0xBBC0,0xBBC0,0xC3C0,0xC3C0,0xC3C0,0xBBC0,0xBBC0,0xBBC0,
0xC3C0,0xC3E0,0xC400,0xC400,0xCC00,0xCC40,0xDC80,0xDC80,0xDC80,0xDC80,0xDCA0,0xDCA0,0xDCA0,0xDCC0,0xDCC0,0xDCC0,
0xDCC0,0xDCC0,0xDCA0,0xDCC0,0xDCE0,0xDCE0,0xE4E0,0xDCE0,0xDCE0,0xE520,0xE520,0xED60,0xED60,0xED80,0xED81,0xED82,
0xEDA3,0xEDA3,0xEDA4,0xEDA5,0xF5C5,0xEDC6,0xEDE6,0xF5E6,0xF607,0xF627,0xF627,0xF627,0xF627,0xFE27,0xFE47,0xFE47,
0xFE46,0xFE46,0xFE46,0xFE46,0xFE46,0xFE46,0xFE45,0xFE45,0xFE44,0xFE43,0xFE85,0xFE87,0xFE89,0xFEAB,0xFECD,0xFECE,
0xFECF,0xFEEF,0xFEEF,0xFEF0,0xFEF0,0xFEF0,0xFECF,0xFEAE,0xFEAE,0xFEAD,0xFE8C,0xFE8C,0xF68C,0xF66C,0xF66D,0xF64D,
0xF66E,0xF66E,0xF66E,0xF6AF,0xF6AF,0xF6AF,0xF6B0,0xF6AF,0xF68F,0xF68F,0xF66F,0xF66F,0xF66E,0xF66E,0xEE6E,0xEE4D,
0x1A2A,0x1A4B,0x1A2A,0x122B,0x124B,0x0A4B,0x0A4B,0x0A4B,0x0A6C,0x026C,0x0A6C,0x0A6C,0x124B,0x122A,0x1A2A,0x2209,
0x29E8,0x29E8,0x21E8,0x19E9,0x19E9,0x21E8,0x3A07,0x4207,0x4207,0x3A07,0x3A07,0x3A07,0x3A08,0x3A08,0x3A28,0x4207,
0x4227,0x4A27,0x4A46,0x4A46,0x4A47,0x4A47,0x4A47,0x4A47,0x5247,0x5247,0x6266,0x6A85,0x7285,0x6246,0x4A47,0x4A67,
0x4A47,0x3A28,0x3228,0x2A08,0x2209,0x21E8,0x2209,0x1A09,0x1A09,0x19E9,0x19E9,0x19C8,0x19E8,0x19E9,0x19E8,0x19E8,
0x21E8,0x21E8,0x2A08,0x21E8,0x19E9,0x19EA,0x19E9,0x19E8,0x21E8,0x3A28,0x3A48,0x3A48,0x3249,0x4248,0x4A68,0x4A47,
0x4A68,0x5247,0x4A68,0x5A67,0x6AA6,0x5A66,0x5A87,0x6286,0x7285,0x7285,0x6286,0x5A87,0x5268,0x5268,0x5268,0x5A87,
0x5A87,0x6286,0x6286,0x6287,0x6A86,0x6A86,0x6287,0x5A87,0x6286,0x6285,0x6AA6,0x6AC7,0x7AC5,0x82C4,0x82C4,0x72C6,
0x6AC7,0x6AC7,0x72C6,0x6AC7,0x6AC7,0x72C7,0x7AE5,0x8304,0x9323,0xBBA1,0xBBA0,0xC3C0,0xC3C0,0xC3C0,0xC3C0,0xC3E0,
0xC3E0,0xC3E0,0xC3E0,0xCC00,0xCC20,0xCC00,0xCC00,0xC400,0xC400,0xC400,0xC400,0xC400,0xCC21,0xCC41,0xD460,0xD480,
0xD4A0,0xDCA0,0xDCC0,0xD4C0,0xD4A2,0xCCA4,0xCCC7,0xCD0A,0xCD0A,0xD528,0xD506,0xD4E5,0xD4C3,0xD4A1,0xD4A0,0xD4A0,
0xDCA0,0xD4A0,0xD4A0,0xD460,0xCC60,0xCC40,0xC440,0xC420,0xC400,0xC400,0xBBE0,0xBBE0,0xBBC0,0xBBC0,0xBBC0,0xBBE0,
0xBBC0,0xB3A0,0xAB80,0xAB80,0xAB60,0xA340,0xA340,0x9B20,0x9B20,0x9B20,0x9B20,0x9B20,0x9B40,0x9B40,0xA320,0xA321,
0xA321,0xA321,0xA320,0xA320,0xAB60,0xAB80,0xAB80,0xB380,0xB380,0xB3A0,0xBBA0,0xBBA0,0xBBA0,0xBBC0,0xBBC0,0xBBC0,
0xBBC0,0xBBC0,0xBBC0,0xBBC0,0xBBC0,0xBBC0,0xBBC0,0xBBC0,0xBBC0,0xBBC0,0xC3C0,0xC3C0,0xC3E0,0xBBC0,0xBBC0,0xC3C0,
0xC3E0,0xC3C0,0xC400,0xCC20,0xCC20,0xCC40,0xD460,0xD460,0xDC80,0xDC80,0xDCA0,0xDCA0,0xDCA0,0xDCC0,0xDCC0,0xDCC0,
0xDCC0,0xDCE0,0xDCC0,0xDCC0,0xDCE0,0xDCC0,0xDCE0,0xE500,0xE500,0xE520,0xE540,0xED60,0xED60,0xED61,0xED81,0xED82,
0xED83,0xEDA4,0xEDA4,0xEDA5,0xF5C6,0xEDC6,0xF5E6,0xF5E6,0xF607,0xF607,0xFE27,0xFE27,0xFE47,0xFE27,0xFE46,0xFE45,
0xFE44,0xFE44,0xFE64,0xFE44,0xFE65,0xFE65,0xFE65,0xFE45,0xFE45,0xFE44,0xFE65,0xFE68,0xFE89,0xFEAB,0xFECD,0xFECD,
0xFECF,0xFECF,0xFEF0,0xFEF0,0xFEF0,0xFEF0,0xFECF,0xFECE,0xFEAE,0xFEAD,0xFE8B,0xFE8B,0xF66B,0xF66C,0xF66C,0xF66D,
0xF66E,0xF66F,0xF68F,0xF68F,0xF6AF,0xF6AF,0xF6B0,0xF6AF,0xF68F,0xF68F,0xF66F,0xF66F,0xF66E,0xEE6E,0xEE4E,0xEE4D,
0x124A,0x124A,0x124B,0x124B,0x0A4B,0x0A4B,0x0A4B,0x0A4B,0x0A6C,0x0A6C,0x0A6C,0x124B,0x1A4B,0x1A09,0x1A29,0x2209,
0x29E8,0x29E8,0x21E8,0x21E8,0x21E8,0x29E7,0x4227,0x4227,0x3A07,0x3A07,0x3A07,0x3A28,0x3208,0x3208,0x3A07,0x4207,
0x4227,0x4A27,0x4A26,0x5246,0x5A46,0x5A66,0x6266,0x5A66,0x5A66,0x5A87,0x6286,0x6A85,0x6A85,0x6A85,0x5A66,0x5246,
0x4A47,0x3A28,0x3228,0x3229,0x2A09,0x2A08,0x2208,0x1A09,0x19E8,0x19E9,0x19E9,0x19C8,0x19E8,0x21E8,0x21E8,0x21E8,
0x2A08,0x3208,0x2A08,0x21E8,0x19E9,0x19E9,0x19E9,0x21E9,0x2209,0x2A08,0x3A28,0x3A28,0x4248,0x4248,0x4A67,0x4247,
0x4A48,0x4248,0x4268,0x5288,0x6A86,0x62A7,0x5A86,0x6286,0x7285,0x72A5,0x6286,0x5287,0x4A68,0x4A68,0x4A68,0x5287,
0x5A87,0x6A86,0x6AA5,0x6A86,0x6AA6,0x6A85,0x6286,0x5A87,0x6287,0x6286,0x62A6,0x6AC6,0x7AC5,0x8AC3,0x82C4,0x72C5,
0x72C6,0x72E6,0x72E6,0x72E6,0x72C6,0x72C6,0x7AE6,0x8304,0xA342,0xBBA0,0xBBA0,0xBBC0,0xC3A0,0xC3C0,0xC3E0,0xC3E0,
0xC3E0,0xC3E0,0xC3E0,0xC400,0xCC20,0xCC20,0xCC20,0xCC00,0xCC00,0xCC00,0xC400,0xC420,0xCC20,0xCC20,0xD460,0xDC80,
0xD480,0xD4C2,0xD4C3,0xC485,0xB4AB,0xACF0,0xA4F3,0x83EE,0x6B2B,0x6B6B,0x8C2D,0xA4AE,0xC54F,0xDD8C,0xDD47,0xD4E4,
0xCC82,0xD480,0xDCA0,0xD460,0xD480,0xCC60,0xC420,0xC420,0xC400,0xC400,0xC3E0,0xC3E0,0xBBC0,0xBBC0,0xBBC0,0xBC00,
0xBBE0,0xB3A0,0xAB80,0xAB80,0xAB60,0xA340,0x9B20,0x9B20,0x9B01,0x9321,0x9B21,0x9B21,0x9B40,0x9B40,0xA320,0xA320,
0x9B20,0x9B40,0xA320,0xA340,0xAB60,0xAB80,0xAB80,0xB380,0xB380,0xB3A0,0xB3A0,0xBBA0,0xBBA0,0xBBA0,0xBBC0,0xBBC0,
0xBBC0,0xBBC0,0xBBC0,0xBBC0,0xBBC0,0xBBC0,0xBBC0,0xBBC0,0xBBC0,0xBBC0,0xBBC0,0xBBC0,0xC3C0,0xBBC0,0xBBC0,0xC3C0,
0xC3C0,0xC3C0,0xC400,0xCC20,0xCC20,0xCC40,0xD460,0xD480,0xDC80,0xDC80,0xDCA0,0xDCA0,0xDCA0,0xDCA0,0xDCC0,0xDCC0,
0xDCC0,0xDCC0,0xDCC0,0xDCC0,0xDCE0,0xDCE0,0xDCE0,0xE4E0,0xE500,0xE520,0xE520,0xED80,0xED80,0xED61,0xED82,0xED83,
0xED83,0xEDA4,0xED84,0xF5C6,0xF5C6,0xEDA6,0xF5C6,0xF5E6,0xF5E6,0xF606,0xFE27,0xFE26,0xFE47,0xFE26,0xFE46,0xFE45,
0xFE43,0xFE63,0xFE63,0xFE63,0xFE64,0xFE64,0xFE45,0xFE65,0xFE65,0xFE65,0xFE66,0xFE68,0xFE8A,0xFEAB,0xFECD,0xFECD,
0xFECF,0xFECF,0xFEF0,0xFEF0,0xFEF0,0xFEF0,0xFECF,0xFEAE,0xFEAE,0xFEAC,0xFE8B,0xFE8B,0xFE8A,0xFE8B,0xFE8B,0xF66D,
0xF66E,0xF68F,0xF68F,0xF6AF,0xF6AF,0xF6AF,0xF6AF,0xF6AF,0xF68F,0xF68F,0xF66F,0xF66F,0xF66E,0xEE6E,0xEE4E,0xEE4D,
0x124B,0x124B,0x124B,0x0A4B,0x0A4B,0x0A4B,0x0A4B,0x0A4B,0x0A4C,0x0A6C,0x0A4C,0x124B,0x1A2A,0x2229,0x1A29,0x2209,
0x29E8,0x29E8,0x21E8,0x21E8,0x21E8,0x3207,0x4A26,0x4227,0x3A07,0x3A07,0x3A07,0x3A28,0x2A09,0x3208,0x3A08,0x4227,
0x4A27,0x4A27,0x5226,0x5A66,0x6265,0x6A85,0x6A85,0x6265,0x5A86,0x5A86,0x6286,0x6286,0x6265,0x6A85,0x6285,0x6266,
0x5246,0x4227,0x3A28,0x3229,0x2A08,0x2A09,0x2A08,0x2209,0x19E9,0x19E9,0x21E9,0x21E8,0x2208,0x29E8,0x2A08,0x3A28,
0x3A27,0x3A28,0x3208,0x29E8,0x21E9,0x19E9,0x21E9,0x21E8,0x2A09,0x2A08,0x3A28,0x3A28,0x4248,0x4227,0x4A47,0x4247,
0x4248,0x4248,0x4248,0x5267,0x6286,0x6287,0x6286,0x62A6,0x6A86,0x6A86,0x5A86,0x5268,0x4A68,0x4A68,0x4A68,0x5A67,
0x6287,0x72C5,0x72A4,0x72A5,0x6AA5,0x6A85,0x6286,0x6287,0x6287,0x6287,0x62A6,0x62A6,0x7AC5,0x82C4,0x7AC5,0x72E6,
0x72C5,0x72C5,0x7AC5,0x72E6,0x72E6,0x7AE6,0x7AC5,0x8AE4,0xAB61,0xC3A0,0xBBC0,0xBBC0,0xC3C0,0xC3C0,0xC3E0,0xC3E0,
0xC3E0,0xC3E0,0xC3E0,0xC400,0xCC00,0xCC20,0xCC20,0xCC20,0xCC20,0xCC00,0xCC00,0xCC00,0xCC20,0xCC20,0xD460,0xD481,
0xC462,0xAC46,0xB4CA,0x8C2B,0x6B4B,0x634D,0x6B8F,0x73CF,0x73CE,0x7BCF,0x7BCF,0x7BEF,0x842F,0x83CC,0x83CA,0x8BA9,
0xB468,0xCCE7,0xD4C3,0xD480,0xD480,0xCC60,0xCC40,0xCC20,0xC420,0xC400,0xC400,0xBBE0,0xBBE0,0xBBC0,0xBBC0,0xBBE0,
0xBC00,0xB3C0,0xAB80,0xAB60,0xAB60,0xA340,0x9B20,0x9B21,0x9301,0x9302,0x9B02,0x9B21,0x9B21,0x9B40,0xA320,0xA341,
0x9B21,0x9B40,0xA320,0xA320,0xAB60,0xAB80,0xAB80,0xB380,0xB380,0xB380,0xB380,0xB3A0,0xBBA0,0xBBA0,0xBBC0,0xBBC0,
0xBBC0,0xBBC0,0xBBC0,0xBBC0,0xBBC0,0xBBC0,0xBBC0,0xBBC0,0xBBC0,0xBBC0,0xBBC0,0xBBC0,0xBBC0,0xBBC0,0xBBC0,0xBBC0,
0xBBC0,0xC3E0,0xC3E0,0xCC00,0xCC20,0xCC40,0xD460,0xDC60,0xDC80,0xDCA0,0xDCA0,0xDCA0,0xDCA0,0xDCA0,0xDCC0,0xDCC0,
0xDCC0,0xDCC0,0xDCC0,0xDCC0,0xDCE0,0xDCE0,0xDCE0,0xE4E0,0xE500,0xE520,0xE520,0xED81,0xED81,0xED61,0xED82,0xED83,
0xED83,0xED84,0xEDA5,0xEDA5,0xEDA6,0xEDA6,0xEDC6,0xF5E6,0xF5E6,0xF606,0xFE26,0xFE25,0xFE46,0xFE45,0xFE45,0xFE44,
0xFE43,0xFE63,0xFE62,0xFE63,0xFE64,0xFE64,0xFE64,0xFE64,0xFE65,0xFE66,0xFE66,0xFE88,0xFE8A,0xFEAC,0xFEAD,0xFECD,
0xFEEF,0xFECF,0xFEF0,0xFEF0,0xFEF0,0xFEF0,0xFECF,0xFEAE,0xFEAE,0xFEAD,0xFE8B,0xFE8A,0xFE8A,0xFE8A,0xFE8B,0xF68C,
0xF68E,0xF68F,0xF68F,0xF6AF,0xF6AF,0xF6AF,0xF6AF,0xF68F,0xF68F,0xF68F,0xF66F,0xF66F,0xF66E,0xF66E,0xEE4E,0xEE4D,
0x0A4B,0x0A4B,0x0A4B,0x0A4B,0x0A2B,0x122B,0x122B,0x0A2B,0x0A2B,0x0A4C,0x0A4B,0x124B,0x1A2A,0x2229,0x1A29,0x2209,
0x21E8,0x2208,0x2208,0x29E8,0x2A08,0x4207,0x4A26,0x4206,0x3A27,0x3A27,0x3A28,0x3A28,0x2A08,0x3229,0x3A28,0x4208,
0x4228,0x5247,0x5A66,0x6265,0x6285,0x6A65,0x6A65,0x6266,0x5A86,0x5A86,0x6266,0x6287,0x6266,0x6286,0x7A85,0x7285,
0x6A85,0x5A66,0x5247,0x4248,0x3228,0x3228,0x3228,0x2A08,0x2208,0x2209,0x2A08,0x3228,0x3228,0x3A28,0x3A27,0x4227,
0x4226,0x4227,0x3A27,0x3228,0x2A09,0x2A09,0x31E8,0x3A28,0x3A27,0x4228,0x4228,0x4227,0x4248,0x4248,0x4A48,0x4247,
0x4248,0x5268,0x5248,0x5267,0x5A86,0x5A67,0x6287,0x6286,0x5A87,0x5A66,0x5267,0x4A88,0x4A68,0x4A68,0x5267,0x6A86,
0x6A86,0x72A5,0x7AC5,0x7AC4,0x72A5,0x6A86,0x6266,0x6287,0x6287,0x62A6,0x6286,0x62A7,0x72A7,0x7AA6,0x7AA6,0x7AC5,
0x82E5,0x82E4,0x82E4,0x7B06,0x7B06,0x7AE5,0x8B03,0x9B42,0xC3E1,0xC3C0,0xC3C0,0xBBC0,0xC3C0,0xC3C0,0xC3E0,0xC3E0,
0xC3E0,0xC3E0,0xC400,0xC400,0xCC20,0xCC20,0xCC20,0xCC20,0xCC20,0xCC00,0xCC00,0xC400,0xCC00,0xCC21,0xB3E5,0x8B67,
0x83ED,0x8430,0x7C10,0xA533,0xCE57,0xD698,0xDED9,0xE71A,0xE71A,0xE71A,0xE73B,0xE73B,0xE71A,0xDED9,0xDEFA,0xD6D9,
0x9D14,0x7BCE,0x836B,0xB466,0xCC83,0xD460,0xCC20,0xCC20,0xC420,0xC400,0xC400,0xC400,0xBBE0,0xBBE0,0xBBC0,0xBBC0,
0xBC00,0xBBE0,0xB380,0xAB80,0xAB60,0xA340,0x9B20,0x9B21,0x9301,0x92E2,0x92E2,0x9302,0x9322,0x9B22,0x9B21,0x9B21,
0x9B21,0xA340,0xA320,0xA320,0xAB60,0xAB60,0xAB80,0xB380,0xB380,0xAB80,0xB380,0xB3A0,0xBBA0,0xBBA0,0xBBA0,0xBBC0,
0xBBC0,0xBBC0,0xBBC0,0xBBC0,0xBBC0,0xBBC0,0xBBC0,0xBBC0,0xC3C0,0xBBC0,0xBBC0,0xBBC0,0xBBC0,0xBBC0,0xBBC0,0xBBC0,
0xBBC0,0xC3E0,0xC400,0xCC20,0xCC20,0xD440,0xD460,0xDC80,0xDCA0,0xDCA0,0xDCA0,0xDCA0,0xDCA0,0xDCA0,0xDCA0,0xDCC0,
0xDCC0,0xDCC0,0xDCC0,0xDCC0,0xDCE0,0xDCC0,0xDCE0,0xE4E0,0xE4E0,0xE500,0xE540,0xE540,0xE540,0xED61,0xED82,0xED82,
0xED83,0xEDA3,0xEDA4,0xED85,0xEDA5,0xEDA5,0xF5C5,0xF5E5,0xF604,0xFE24,0xFE24,0xFE44,0xFE43,0xFE63,0xFE63,0xFE63,
0xFE62,0xFE62,0xFE62,0xFE63,0xFE63,0xFE63,0xFE64,0xFE64,0xFE65,0xFE66,0xFE66,0xFE88,0xFE8A,0xFEAC,0xFECD,0xFECE,
0xFECE,0xFEEF,0xFEF0,0xFEF0,0xFEF0,0xFEF0,0xFEF0,0xFECF,0xFECE,0xFEAD,0xFEAC,0xFE8B,0xFE8A,0xFE8A,0xFE8B,0xF68B,
0xF68D,0xF68E,0xF68F,0xF6AF,0xF6AF,0xEEAF,0xF6AF,0xF68F,0xF68F,0xF68F,0xF66F,0xF66F,0xF66E,0xF66E,0xEE4E,0xEE4D,
0x0A2C,0x0A4B,0x0A4B,0x0A2B,0x0A4A,0x122B,0x122B,0x122B,0x0A2B,0x0A4B,0x0A4B,0x124B,0x124B,0x124A,0x1A2A,0x2209,
0x21E8,0x21E8,0x2A08,0x2A08,0x3228,0x4207,0x4A06,0x4226,0x4227,0x4227,0x3A28,0x3208,0x3228,0x3A28,0x3A28,0x4227,
0x4A27,0x5267,0x5266,0x5A66,0x6266,0x6A85,0x6A84,0x6AA5,0x6A85,0x6A85,0x6286,0x6AA6,0x72A5,0x72A5,0x82A4,0x7A84,
0x7285,0x72A5,0x6A86,0x5A66,0x4A47,0x4247,0x4248,0x3A28,0x3228,0x3A28,0x3A28,0x3A28,0x3A48,0x3A28,0x3A28,0x4227,
0x4228,0x3A27,0x3A27,0x3207,0x3208,0x3208,0x4227,0x4A47,0x4247,0x4227,0x4A48,0x4227,0x4248,0x4248,0x4A48,0x4248,
0x4248,0x5A87,0x5247,0x4A47,0x5286,0x5A67,0x6267,0x5A87,0x5287,0x5267,0x5267,0x5267,0x5268,0x4A68,0x5287,0x5A67,
0x6266,0x6A86,0x72A5,0x7AA5,0x7AA5,0x7286,0x6AA6,0x5AA7,0x5A87,0x6286,0x62A6,0x62A7,0x6AC7,0x72C6,0x72C5,0x72E5,
0x82E5,0x82E5,0x8304,0x82E4,0x8B04,0x8B04,0xAB61,0xBBC1,0xC400,0xC400,0xC3E0,0xC3E0,0xC3C0,0xC3C0,0xC3E0,0xCC00,
0xC400,0xC3E0,0xC3E0,0xC400,0xCC00,0xCC20,0xCC20,0xCC40,0xCC20,0xCC00,0xCC20,0xC420,0xC422,0xA3A5,0x8BCB,0x9490,
0x94B1,0x94D2,0x9D13,0xAD53,0xBDD5,0xC616,0xCE98,0xE71A,0xEF3A,0xEF5B,0xE71B,0xEF3B,0xEF3B,0xE6FA,0xDEF9,0xE71A,
0xDEFA,0xD6B9,0xC617,0x944F,0x8368,0xBC45,0xCC40,0xCC40,0xC440,0xC420,0xC400,0xBC00,0xBBE0,0xBBE0,0xBBE0,0xBBE0,
0xBBE0,0xBC00,0xB3C0,0xAB80,0xAB40,0xA340,0x9B20,0x9321,0x9302,0x9302,0x9302,0x9301,0x9302,0x9302,0x9302,0x9302,
0x9321,0x9B40,0xA340,0xA340,0xAB60,0xAB60,0xAB80,0xAB80,0xAB80,0xAB60,0xB380,0xB380,0xB3A0,0xBBA0,0xBBC0,0xBBC0,
0xBBC0,0xBBC0,0xBBC0,0xBBC0,0xBBC0,0xBBC0,0xBBC0,0xC3C0,0xBBC0,0xBBC0,0xBBC0,0xBBC0,0xBBA0,0xBBC0,0xBBC0,0xBBC0,
0xC3C0,0xC3E0,0xCC00,0xCC20,0xD440,0xD460,0xD480,0xDC80,0xE501,0xDCA0,0xDCA0,0xDCA0,0xDCA0,0xDCA0,0xDCA0,0xDCA0,
0xDCC0,0xDCC0,0xDCC0,0xDCC0,0xDCC0,0xDCC0,0xDCE0,0xE4E0,0xDCE0,0xDD00,0xE520,0xE520,0xE540,0xED61,0xED62,0xED82,
0xEDA2,0xEDA3,0xEDA4,0xEDA4,0xEDA4,0xF5C5,0xF5E4,0xF5E4,0xFE04,0xFE43,0xFE43,0xFE42,0xFE61,0xFE61,0xFE61,0xFE61,
0xFE81,0xFE81,0xFE61,0xFE62,0xFE62,0xFE63,0xFE63,0xFE64,0xFE64,0xFE65,0xFE85,0xFE88,0xFEAA,0xFEAB,0xFECE,0xFECF,
0xFEEF,0xFEEF,0xFEF0,0xFEF0,0xFEF0,0xFEF0,0xFEF0,0xFECF,0xFECF,0xFEAD,0xFEAD,0xFEAC,0xFEAC,0xFE8B,0xFE8B,0xFE8B,
0xFE8C,0xFE8D,0xF68E,0xF6AF,0xF6AF,0xF6AF,0xF6AF,0xF68F,0xF68F,0xF68F,0xF68F,0xF68F,0xF66E,0xF66E,0xEE4E,0xEE4D,
0x0A2C,0x0A2B,0x122B,0x122B,0x0A2B,0x122A,0x122B,0x0A2B,0x0A4B,0x0A4B,0x124B,0x124B,0x0A4B,0x124B,0x122A,0x19E9,
0x2209,0x2208,0x2A08,0x3208,0x3A28,0x4A27,0x4A26,0x4A26,0x4A26,0x4227,0x3A07,0x3A28,0x3A28,0x3A28,0x4227,0x4A47,
0x4A46,0x5267,0x5266,0x5267,0x5A67,0x6A85,0x72A4,0x72A4,0x72A4,0x72A5,0x62A6,0x6AC6,0x72C6,0x7AC4,0x82A4,0x7AA4,
0x72A4,0x82A4,0x7AA5,0x6A86,0x5A66,0x5267,0x4A68,0x4248,0x4247,0x4A47,0x4A47,0x4227,0x3A27,0x3A48,0x4227,0x4227,
0x4228,0x4228,0x3228,0x3228,0x4207,0x4227,0x5246,0x5A66,0x4A67,0x4227,0x4227,0x4227,0x4A48,0x4A47,0x4248,0x3A48,
0x4248,0x4A47,0x4A47,0x4A47,0x5267,0x6266,0x5A67,0x5267,0x4A67,0x4A68,0x5267,0x5267,0x5267,0x4A68,0x4A68,0x5267,
0x6266,0x6A85,0x72A5,0x7AA4,0x72A5,0x7286,0x6AA7,0x5A87,0x5A87,0x6286,0x6AA6,0x62A7,0x62A7,0x6AC6,0x72C6,0x72E5,
0x7AE5,0x7AE6,0x72E6,0x8304,0x8B04,0x9303,0xC3C1,0xCBE0,0xCC00,0xCC00,0xC400,0xC400,0xC3E0,0xC3E0,0xC3E0,0xCC00,
0xCC00,0xC400,0xC400,0xCC00,0xCC00,0xCC20,0xC440,0xCC40,0xCC20,0xCC20,0xCC20,0xC463,0xA3E5,0x838A,0xA513,0x9D12,
0x94F2,0x9D12,0x9D12,0xAD53,0xB5B4,0xC616,0xCE77,0xD6B8,0xDED9,0xE6FA,0xDEB9,0xDED9,0xE6FA,0xE71A,0xDEF9,0xDEF9,
0xD6B8,0xCE98,0xDF1A,0xCE78,0x9491,0x93C8,0xCC82,0xCC40,0xC440,0xC420,0xC401,0xC400,0xBBE0,0xBBE0,0xBBE0,0xBBE0,
0xBBE0,0xBBE0,0xB3C0,0xAB80,0xA340,0xA340,0xA320,0x9B21,0x9302,0x9302,0x9322,0x9302,0x9302,0x8B22,0x9302,0x9322,
0x9322,0x9B40,0xA340,0xA340,0xAB60,0xAB60,0xAB60,0xAB60,0xAB80,0xAB80,0xAB80,0xB380,0xB380,0xBBC0,0xBBC0,0xBBC0,
0xBBC0,0xBBC0,0xBBC0,0xBBC0,0xBBC0,0xC3C0,0xC3C0,0xBBC0,0xBBC0,0xBBC0,0xC3C0,0xBBA0,0xBBA0,0xB3C0,0xB3C0,0xBBC0,
0xC3C0,0xC3E0,0xCC00,0xD440,0xD440,0xD460,0xD480,0xDC80,0xE4E1,0xDCA0,0xDCA0,0xDCA0,0xDCA0,0xDCA0,0xDCA0,0xDCA0,
0xDCC0,0xDCC0,0xDCA0,0xDCC0,0xDCC0,0xDCC0,0xDCC0,0xDCE0,0xDCE0,0xDCE0,0xDD00,0xE520,0xE540,0xED41,0xED61,0xED82,
0xED82,0xEDA2,0xEDA3,0xF5A4,0xEDC4,0xF5C4,0xF5E4,0xF604,0xFE24,0xFE43,0xFE42,0xFE61,0xFE61,0xFE61,0xFE61,0xFE61,
0xFE81,0xFE61,0xFE81,0xFE81,0xFE81,0xFE62,0xFE62,0xFE63,0xFE83,0xFE83,0xFE84,0xFE87,0xFEA9,0xFEAB,0xFECE,0xFECF,
0xFEEF,0xFEEF,0xFEF0,0xFEF0,0xFEF0,0xFEF0,0xFEF0,0xFECF,0xFECF,0xFECE,0xFEAD,0xFEAC,0xFEAC,0xFEAB,0xFEAB,0xFEAC,
0xFEAC,0xFEAD,0xF68E,0xF6AF,0xF6CF,0xF6AF,0xEEAF,0xF68F,0xF68F,0xF68F,0xF68F,0xF66F,0xF66E,0xF66E,0xEE4E,0xEE4D,
0x0A0B,0x0A0B,0x120A,0x120A,0x120A,0x120A,0x122A,0x0A2B,0x0A2B,0x122B,0x122B,0x0A4C,0x0A4C,0x124B,0x1A2A,0x2209,
0x2A09,0x2A29,0x3228,0x3228,0x3A28,0x5226,0x5225,0x4A26,0x4227,0x4227,0x3A27,0x4228,0x4247,0x4247,0x4A47,0x5267,
0x5246,0x6286,0x5A86,0x5A87,0x5A87,0x6286,0x62A6,0x72A5,0x72C6,0x62C8,0x4AEA,0x52EA,0x62C9,0x6AC7,0x7AC4,0x7AC4,
0x82E5,0x7AA5,0x72A5,0x6A85,0x6286,0x5A66,0x5A87,0x5A87,0x6286,0x6A85,0x6286,0x5267,0x4A47,0x4A47,0x4227,0x4A27,
0x4A27,0x4228,0x3A28,0x3A28,0x4A47,0x4A47,0x4A46,0x5267,0x5246,0x4247,0x4248,0x4248,0x4A47,0x4227,0x4248,0x4248,
0x4A48,0x4A48,0x4A47,0x5267,0x4A67,0x5267,0x5267,0x5267,0x4A47,0x4268,0x4A68,0x4A48,0x4268,0x4268,0x5267,0x72A5,
0x82E3,0x8AE2,0x8AC3,0x82C3,0x7AA4,0x72A5,0x6A86,0x6288,0x5A87,0x62A6,0x6A87,0x62A7,0x62A7,0x62A7,0x6AC6,0x72E6,
0x7AC5,0x72C6,0x6AE7,0x8325,0x8B03,0xAB62,0xC3E0,0xCBE0,0xCC20,0xCC20,0xCC20,0xCC20,0xCC00,0xCC00,0xCC20,0xCC20,
0xCC00,0xCC00,0xCC00,0xCC00,0xCC20,0xCC20,0xCC21,0xD420,0xCC40,0xD461,0xBC02,0x83A9,0x842F,0x94D2,0x8C71,0x8CB1,
0x94F1,0xAD33,0xA513,0xA553,0xAD74,0xA533,0xA533,0xA554,0xAD75,0xBE17,0xBE17,0xC617,0xCE57,0xBE16,0xC637,0xBE16,
0xCE58,0xCE98,0xC657,0xDF1A,0xDF1B,0xB595,0x940A,0xBC25,0xCC20,0xCC20,0xCC20,0xC420,0xBC20,0xC400,0xC400,0xBBE0,
0xBBE0,0xBBE0,0xB3C0,0xAB80,0xAB40,0xA340,0xA340,0x9B41,0x9B21,0x9301,0x9322,0x9301,0x9322,0x9302,0x9342,0x9322,
0x9B21,0x9B40,0xA340,0xA340,0xAB60,0xAB60,0xAB60,0xAB60,0xAB60,0xAB60,0xAB60,0xAB60,0xAB60,0xBBA0,0xBBA0,0xBBC0,
0xBBC0,0xBBC0,0xBBC0,0xBBC0,0xBBC0,0xBBC0,0xBBC0,0xBBC0,0xBBC0,0xBBC0,0xBBC0,0xBBC0,0xBBC0,0xBBC0,0xBBA0,0xBBC0,
0xC3E0,0xC400,0xCC40,0xD440,0xD460,0xDC80,0xDC80,0xDCA0,0xDCA0,0xDCA0,0xDCA0,0xE4A0,0xDCA0,0xDCA0,0xE4C0,0xDCA0,
0xDCA0,0xDCE0,0xE501,0xDCC0,0xDCC0,0xDCC0,0xDCC0,0xDCC0,0xD4C1,0xD4C1,0xD4C1,0xDD00,0xE520,0xE540,0xED40,0xED60,
0xED81,0xEDA2,0xEDA2,0xEDC3,0xF5C3,0xF5E4,0xF5E3,0xF603,0xFE23,0xFE42,0xFE61,0xFE60,0xFE80,0xFE80,0xFE80,0xFE60,
0xFE80,0xFE80,0xFE80,0xFE80,0xFE80,0xFE81,0xFE81,0xFE81,0xFE81,0xFE62,0xFE83,0xFE87,0xFE89,0xFEAB,0xFECD,0xFECE,
0xFEEF,0xFEEF,0xFEF0,0xFEF0,0xFEF0,0xFEF0,0xFEF0,0xFECF,0xFECF,0xFEEF,0xFECE,0xFECD,0xFECD,0xFEAC,0xFEAC,0xFEAC,
0xFEAD,0xFEAE,0xFEAF,0xF6B0,0xF6AF,0xF6B0,0xF6AF,0xF690,0xF6AF,0xF68F,0xF68F,0xF68F,0xF66E,0xF66E,0xEE4E,0xEE4D,
0x0A2B,0x0A0A,0x120A,0x120A,0x120A,0x120A,0x120A,0x0A2A,0x0A2B,0x120B,0x1A0B,0x124B,0x124B,0x1A4A,0x1A2A,0x2209,
0x2A09,0x3229,0x3A28,0x3A28,0x4227,0x5A45,0x6245,0x4A26,0x4228,0x3A28,0x3A48,0x4248,0x4247,0x4A47,0x4A67,0x5A66,
0x6A66,0x7284,0x72A4,0x62A6,0x5A88,0x5AA8,0x5AA8,0x52C8,0x52EA,0x4AEB,0x4AEB,0x52EA,0x5AEA,0x52EA,0x6AE8,0x7AE6,
0x82C4,0x72A6,0x6AA6,0x6285,0x6A86,0x6266,0x6286,0x6286,0x6287,0x6286,0x6266,0x5A87,0x5A67,0x5247,0x5246,0x5247,
0x4248,0x4248,0x3A48,0x4248,0x4A47,0x4A47,0x4268,0x4A68,0x5247,0x4248,0x4248,0x4248,0x4247,0x3A27,0x3A28,0x4248,
0x4A47,0x4A47,0x4A47,0x5247,0x4A47,0x5267,0x5A66,0x5A87,0x4A68,0x4268,0x4269,0x4248,0x4248,0x5267,0x7AA4,0x8AC2,
0x9B01,0xA301,0x9AE1,0x92E2,0x8B02,0x8AE3,0x7AC4,0x6AA5,0x6AA6,0x6286,0x6A87,0x6AA7,0x6AA6,0x72C7,0x72C6,0x72C6,
0x7AE5,0x82E5,0x8305,0x8B24,0x9323,0xAB61,0xBBC0,0xC400,0xCC20,0xCC40,0xCC40,0xCC20,0xCC20,0xCC20,0xCC20,0xCC00,
0xCC20,0xCC00,0xCC20,0xCC20,0xCC20,0xCC40,0xD420,0xD440,0xCC40,0xB3E3,0x8B66,0x7C0F,0x8430,0x7BEE,0x7C10,0x8451,
0x9CD2,0x9CD2,0x8C71,0x73EF,0x634C,0x4ACA,0x4249,0x3A28,0x3A49,0x428A,0x52EC,0x636D,0x8471,0xAD75,0xB5B6,0xAD94,
0xAD54,0xB595,0xB5D5,0xCE78,0xCEB9,0xDEFA,0xB5D5,0x9C2B,0xBC24,0xCC20,0xCC20,0xC420,0xC441,0xC400,0xC400,0xBC00,
0xBC00,0xBBE0,0xB3E0,0xB3A0,0xAB60,0xA340,0xA340,0xA340,0x9B21,0x9B21,0x9B21,0x9B21,0x9322,0x9302,0x9321,0x9B21,
0x9B21,0xA340,0xA340,0xA340,0xAB40,0xAB60,0xAB60,0xAB60,0xAB40,0xAB40,0xAB60,0xAB80,0xAB60,0xB380,0xB3A0,0xBBA0,
0xBBC0,0xBBC0,0xBBC0,0xC3E0,0xC3C0,0xC3C0,0xC3E0,0xBBC0,0xBBC0,0xBBC0,0xBBC0,0xBBC0,0xBBA0,0xBBA0,0xBBC0,0xC3E0,
0xC400,0xCC20,0xD440,0xD460,0xD460,0xDC80,0xDC80,0xDCA0,0xDCA0,0xDCA0,0xDCA0,0xDCA0,0xDCA0,0xDCA0,0xDCC0,0xDCA0,
0xDCA0,0xDCC0,0xDCE0,0xDCC0,0xDCC0,0xDCA0,0xDCA0,0xD4A0,0xD4C1,0xD4C2,0xD4C1,0xE501,0xE540,0xE520,0xE520,0xE560,
0xE581,0xED81,0xEDA2,0xEDC3,0xEDC3,0xF5C4,0xF5E4,0xF604,0xFE24,0xFE42,0xFE61,0xFE60,0xFE80,0xFE80,0xFE80,0xFE80,
0xFE80,0xFE80,0xFE80,0xFE80,0xFE80,0xFE81,0xFE81,0xFE81,0xFE81,0xFE81,0xFE82,0xFE86,0xFE88,0xFEAA,0xFECD,0xFECE,
0xFECF,0xFEEF,0xFEF0,0xFEF0,0xFEF0,0xFEF0,0xFEF0,0xFEF0,0xFEEF,0xFEEF,0xFECE,0xFECE,0xFECD,0xFEAD,0xFEAD,0xFEAD,
0xFEAD,0xFEAE,0xFEAF,0xF6B0,0xF6B0,0xF6B0,0xF6B0,0xF6B0,0xF6AF,0xF68F,0xF68F,0xF68F,0xF66E,0xF66E,0xEE4E,0xEE4D,
0x0A2B,0x0A2A,0x0A0A,0x09E9,0x1209,0x120A,0x120A,0x0A0A,0x0A0A,0x0A0A,0x1A0B,0x122A,0x122A,0x1A29,0x2229,0x2A09,
0x3229,0x3229,0x3A28,0x3A28,0x4247,0x5A45,0x5A45,0x4A47,0x4228,0x3A48,0x3A48,0x4247,0x4A47,0x5267,0x5A66,0x6A85,
0x7284,0x82A3,0x7AC5,0x6AC6,0x5AA8,0x52A9,0x4ACA,0x3AEB,0x330C,0x3B0C,0x430C,0x530A,0x5AEA,0x52EA,0x5AC9,0x6AC7,
0x82C4,0x72A5,0x72A5,0x6AA5,0x6A86,0x6A86,0x6A86,0x6287,0x6287,0x5A66,0x5A67,0x5A67,0x5A87,0x5A86,0x5A66,0x5266,
0x4248,0x4248,0x3A27,0x4A27,0x5246,0x4A67,0x4A68,0x4A48,0x4A27,0x4248,0x4228,0x4A48,0x4248,0x4248,0x4248,0x4248,
0x4227,0x4A48,0x4A48,0x4A47,0x4A67,0x5A87,0x8348,0x7B07,0x4A47,0x4247,0x4248,0x4A67,0x5A85,0x72C4,0x9B22,0xA301,
0xA320,0xAB21,0xA301,0xA2E1,0x9B01,0x9301,0x8AE1,0x82E4,0x7AC4,0x7285,0x6AA6,0x72A6,0x72C5,0x72A6,0x72A6,0x72C6,
0x7AE6,0x82E5,0x8B04,0x8B04,0x9323,0xAB61,0xBBC0,0xC3E0,0xCC20,0xCC40,0xCC40,0xCC40,0xCC20,0xCC20,0xCC20,0xCC20,
0xCC20,0xCC20,0xCC20,0xCC20,0xCC40,0xD440,0xD440,0xCC40,0xCC41,0x8B85,0x738B,0x73CF,0x73AE,0x7BCE,0x73CE,0x73AE,
0x8430,0x73CF,0x5B4C,0x3208,0x29A6,0x29A7,0x21A6,0x4269,0x3A49,0x5B2D,0x52CB,0x4249,0x31E7,0x4249,0x638D,0x8CB2,
0xA535,0xA4F3,0xBDD5,0xBE16,0xC637,0xD6B8,0xCE78,0xAD73,0xA408,0xCC22,0xCC20,0xC420,0xCC20,0xC420,0xC400,0xC420,
0xC420,0xBC00,0xB3E0,0xB3A0,0xAB80,0xAB60,0xAB40,0xA340,0xA340,0xA341,0x9B41,0x9B41,0x9B22,0x9302,0x9B41,0x9B41,
0x9B41,0xA340,0xA340,0xA340,0xA340,0xAB60,0xAB60,0xAB60,0xAB40,0xA340,0xAB60,0xAB60,0xAB60,0xAB80,0xB3A0,0xB3A0,
0xBBC0,0xBBC0,0xBBC0,0xC3C0,0xC3C0,0xC3C0,0xC3E0,0xBBE0,0xBBC0,0xBBC0,0xBBC0,0xBBC0,0xBBA0,0xBBA0,0xBBC0,0xC400,
0xCC00,0xCC20,0xD440,0xD460,0xD460,0xDC80,0xDCA0,0xDCA0,0xDCA0,0xDCA0,0xDCA0,0xDCA0,0xDC80,0xDCA0,0xDCA0,0xDCA0,
0xDCA0,0xDCC0,0xDCC0,0xDCC0,0xDCC0,0xE501,0xDCC0,0xD4A0,0xD4A1,0xD4A1,0xD4C1,0xDD00,0xDD00,0xE540,0xE540,0xE560,
0xE561,0xE582,0xED82,0xEDA3,0xEDC4,0xEDC5,0xF5E5,0xF604,0xFE24,0xFE63,0xFE62,0xFE61,0xFE80,0xFE80,0xFE80,0xFE80,
0xFE80,0xFE80,0xFE80,0xFE81,0xFE81,0xFE81,0xFE81,0xFE82,0xFE81,0xFE81,0xFE82,0xFE86,0xFE87,0xFEAA,0xFECC,0xFECE,
0xFEEF,0xFEEF,0xFEF0,0xFEF0,0xFEF0,0xFEF0,0xFEF0,0xFEF0,0xFEEF,0xFEEF,0xFECF,0xFECE,0xFECE,0xFECE,0xFEAE,0xFEAE,
0xFEAE,0xFEAF,0xF6B0,0xFEB0,0xF6B0,0xF6B0,0xF6B0,0xF6B0,0xF6AF,0xF68F,0xF68F,0xF66F,0xF66E,0xF66E,0xEE4E,0xEE4D,
0x0A2B,0x120A,0x19E9,0x19E9,0x11E9,0x120A,0x11EA,0x09EA,0x0A0A,0x0A0A,0x120A,0x1A09,0x1A29,0x1A29,0x2229,0x2A29,
0x3229,0x3229,0x3A28,0x3A48,0x3A49,0x4A48,0x4A48,0x4248,0x4248,0x4247,0x4267,0x4A67,0x5267,0x5A66,0x6A84,0x7AC4,
0x72C4,0x6AC7,0x5AA8,0x52A9,0x42CB,0x32CC,0x32ED,0x230E,0x230E,0x2B0D,0x330C,0x430B,0x530B,0x5B0A,0x62E9,0x6AE7,
0x82E5,0x82E3,0x82C4,0x7AC5,0x7AA5,0x72A5,0x6A86,0x6286,0x6286,0x6A86,0x6A86,0x6286,0x5A67,0x5A67,0x5A86,0x5A67,
0x4248,0x4248,0x4247,0x5A67,0x5A66,0x5267,0x4A67,0x4228,0x4A69,0x4A47,0x4A47,0x5267,0x4A68,0x4248,0x4A68,0x4A27,
0x4A47,0x6267,0x5267,0x4A48,0x5267,0x4A47,0x5247,0x4A26,0x4248,0x4248,0x5A46,0x8AE3,0x92E2,0xA321,0xB360,0xB360,
0xB361,0xB340,0xAB20,0xA301,0x9AE1,0x9AE1,0x9AE1,0x92E1,0x92E2,0x82C4,0x82C4,0x7AE4,0x7AE4,0x7AC5,0x7AC6,0x82C5,
0x82E5,0x82E4,0x8B03,0xA343,0xA362,0xAB81,0xB3A0,0xC3E0,0xCC00,0xCC20,0xCC20,0xCC20,0xCC20,0xCC20,0xCC20,0xCC20,
0xCC20,0xCC20,0xCC20,0xCC40,0xCC40,0xD440,0xD440,0xCC41,0x9BC6,0x6B6C,0x5B8E,0x638D,0x6BCF,0x6BAE,0x5B2C,0x4ACB,
0x3A49,0x29A7,0x31C7,0x4A8A,0x52CB,0x4ACB,0x530C,0x634D,0x52EB,0x632C,0x8C91,0xA554,0xB5D6,0x94D2,0x6BAE,0x5AEB,
0x5ACB,0x6B8D,0x842F,0xB5B5,0xC637,0xC657,0xC637,0xCE37,0xB553,0xAC28,0xCC42,0xBC42,0xB423,0xC440,0xC420,0xC420,
0xC420,0xBC00,0xBC00,0xBBE0,0xABA0,0xAB80,0xAB80,0xAB60,0xAB60,0xA360,0xA340,0xA340,0x9B21,0x9B22,0x9B40,0xA340,
0xA340,0xA340,0xAB60,0xAB60,0xAB60,0xAB60,0xAB60,0xAB60,0xAB40,0xA340,0xA360,0xAB60,0xAB60,0xAB60,0xB380,0xB3A0,
0xBBA0,0xBBC0,0xBBC0,0xBBC0,0xBBC0,0xC3C0,0xBBE0,0xBBE0,0xBBC0,0xBBC0,0xBBC0,0xBBC0,0xBBC0,0xBBC0,0xC3E0,0xCC20,
0xD440,0xD440,0xDC60,0xDC60,0xDC80,0xDC80,0xDC80,0xDCA0,0xDC80,0xDC80,0xDCA0,0xDCA0,0xDCA0,0xDCA0,0xDCA0,0xDCA0,
0xDCA0,0xDCE0,0xED41,0xDD00,0xDCC0,0xDCE0,0xDCC0,0xD4C0,0xD4C0,0xD4C1,0xDCE1,0xD4E0,0xDD00,0xE520,0xE540,0xE560,
0xE562,0xE562,0xED83,0xEDA3,0xEDA4,0xEDC5,0xF5E5,0xF605,0xFE24,0xF622,0xFE41,0xFE60,0xFE80,0xFE80,0xFE80,0xFE80,
0xFE80,0xFE80,0xFE80,0xFE81,0xFE81,0xFE81,0xFE81,0xFE82,0xFE82,0xFE82,0xFE82,0xFE85,0xFE87,0xFEA9,0xFEAC,0xFECE,
0xFECF,0xFEEF,0xFEF0,0xFEF0,0xFEF0,0xFEF0,0xFEF0,0xFED0,0xFEF0,0xFEEF,0xFECF,0xFECF,0xFECF,0xFECE,0xFECF,0xFECF,
0xFECF,0xFECF,0xF6B0,0xF6B0,0xF6B0,0xF6B0,0xF6D0,0xF6B0,0xF6B0,0xF68F,0xF68F,0xF66F,0xF66E,0xF66E,0xEE4E,0xEE4D,
0x120A,0x1A09,0x1A09,0x2209,0x19E8,0x19E9,0x19E9,0x11EA,0x120A,0x120A,0x1A0A,0x1A0A,0x1A2A,0x222A,0x2A2A,0x3209,
0x3229,0x3229,0x3A29,0x3249,0x3A49,0x3A4A,0x3249,0x3A49,0x4A48,0x4A67,0x4A67,0x4A67,0x5A66,0x6265,0x7283,0x72C5,
0x62C7,0x4AA9,0x42AA,0x3AAA,0x32CC,0x22ED,0x22ED,0x230E,0x230E,0x2AEE,0x330D,0x430C,0x4AEB,0x52EB,0x6309,0x6B08,
0x7B06,0x82E4,0x82E3,0x82C4,0x7AA4,0x7AA5,0x72A5,0x72A5,0x7285,0x72A5,0x72A5,0x6AA6,0x6286,0x5A66,0x5A66,0x5267,
0x4248,0x4247,0x5267,0x6266,0x5267,0x5268,0x4268,0x4248,0x4248,0x5267,0x5267,0x5267,0x5267,0x4A48,0x4A68,0x5247,
0x5247,0x7286,0x4A47,0x4A68,0x5267,0x4A48,0x4269,0x4248,0x4248,0x4A67,0x72A4,0x9B01,0xA300,0xAB00,0xB360,0xBB80,
0xBB80,0xBB80,0xB360,0xA320,0x9B01,0x9AE2,0x9AE2,0x92E1,0x92E2,0x8AC3,0x8AC4,0x82E4,0x8304,0x82E5,0x8AE5,0x8AE3,
0x92E2,0x9B02,0xA342,0xB361,0xB361,0xBBA0,0xBBA0,0xC3E0,0xC3E0,0xC400,0xCC20,0xCC20,0xCC20,0xCC20,0xCC20,0xCC20,
0xCC20,0xCC40,0xCC40,0xCC40,0xCC40,0xCC41,0xD440,0xBC43,0x6309,0x532D,0x532C,0x5B2C,0x5B2C,0x4AAA,0x31E8,0x31E8,
0x4269,0x5B2C,0x5B0C,0x52CB,0x52EB,0x52CB,0x52EB,0x4249,0x52CB,0x4A8A,0x6B8E,0x73CE,0x94B2,0xBDF6,0xC617,0xB595,
0x9CD2,0x7BEE,0x630B,0x73AE,0xA4F3,0xCE38,0xC636,0xBE15,0xBE17,0xA4F0,0xB488,0x9BE7,0x6AA4,0xBC42,0xC440,0xC420,
0xC420,0xC420,0xBC00,0xBBE0,0xB3C0,0xB3A0,0xB3A0,0xB380,0xAB80,0xAB60,0xA360,0xA340,0xA341,0x9B41,0xA340,0xA340,
0xA340,0xAB60,0xAB60,0xAB60,0xAB60,0xAB60,0xAB60,0xAB60,0xAB40,0xA340,0xAB40,0xA340,0xA340,0xAB60,0xAB60,0xB380,
0xB3A0,0xBBC0,0xBBC0,0xBBC0,0xBBC0,0xC3C0,0xBBE0,0xBBC0,0xBBC0,0xBBC0,0xBBC0,0xBBC0,0xC3C0,0xC400,0xCC00,0xD460,
0xD460,0xD460,0xDC80,0xDC80,0xDC80,0xDC80,0xDC80,0xDC80,0xDC80,0xDC80,0xDC80,0xDCA0,0xDCA0,0xDCA0,0xDCA0,0xDCA0,
0xDCA0,0xDCE0,0xE501,0xDCC0,0xD4A0,0xDCC0,0xDCE0,0xDCC0,0xDCC0,0xDCE0,0xD4E1,0xD500,0xDD01,0xDD21,0xE541,0xE542,
0xED43,0xE563,0xED82,0xEDA3,0xEDA4,0xEDA5,0xF5E5,0xF605,0xFE04,0xFE22,0xFE41,0xFE60,0xFE60,0xFE81,0xFE81,0xFE81,
0xFE81,0xFE81,0xFE81,0xFE82,0xFE82,0xFE82,0xFE62,0xFE82,0xFE82,0xFE82,0xFE82,0xFE85,0xFE86,0xFEA8,0xFEAB,0xFECD,
0xFECF,0xFEF0,0xFEF0,0xFEF0,0xFEF0,0xFEF0,0xFEF0,0xFEF0,0xFEF0,0xFEF0,0xFEF0,0xFEEF,0xFECF,0xFECF,0xFED0,0xFED0,
0xFEF0,0xFED0,0xF6B0,0xF6B0,0xF6B0,0xF6B0,0xF6B0,0xF6AF,0xF6AF,0xF68F,0xF68F,0xF66F,0xF66E,0xEE6E,0xEE4D,0xEE4E,
0x122A,0x1A09,0x1A09,0x2209,0x21E8,0x21E9,0x21E9,0x19EA,0x11EA,0x19EA,0x19EA,0x220A,0x1A0A,0x222A,0x2A29,0x3229,
0x3228,0x3228,0x3A49,0x3268,0x3249,0x3249,0x2A49,0x3A69,0x4A68,0x5266,0x5267,0x5246,0x6265,0x6A85,0x7285,0x62A7,
0x52A8,0x42A9,0x42AA,0x3AAB,0x2ACC,0x1AED,0x1AEE,0x1B0E,0x1B0E,0x230E,0x32ED,0x430C,0x4B0B,0x4AEB,0x530A,0x530A,
0x6308,0x7AE5,0x82E3,0x8AE3,0x82E3,0x82C4,0x7AA4,0x72A5,0x72A5,0x6AA5,0x6A86,0x6AA6,0x6286,0x6266,0x6266,0x5267,
0x4268,0x4A68,0x5A87,0x5A66,0x5A67,0x5267,0x4A48,0x4248,0x4248,0x5267,0x4A67,0x5267,0x5267,0x4A68,0x4A68,0x4A47,
0x4A67,0x5A86,0x4249,0x4248,0x5A87,0x5247,0x4A48,0x4A48,0x4A67,0x5A66,0x8AE3,0xA320,0xAB40,0xAB40,0xB360,0xBB80,
0xBBA0,0xBBA0,0xB380,0xA340,0x9B01,0x9B02,0x9AE2,0x92E1,0x92E2,0x92C3,0x8AE4,0x8AE4,0x8AE4,0x8AE4,0x8AE3,0x9B02,
0xA321,0xAB41,0xAB60,0xB360,0xB381,0xBB81,0xBBA0,0xC3C0,0xC3C0,0xC3E0,0xCC00,0xCC20,0xCC20,0xCC20,0xCC40,0xCC20,
0xCC20,0xCC40,0xCC40,0xCC40,0xCC40,0xCC40,0xCC41,0x93A4,0x530B,0x4B0C,0x4AEC,0x4ACC,0x428A,0x31E8,0x4A6A,0x4A8A,
0x5B2C,0x5B0C,0x52CB,0x4AAA,0x4ACB,0x4ACB,0x428A,0x4AAA,0x428A,0x2166,0x4A6A,0x6B8E,0x842F,0xA513,0xAD54,0xA513,
0xC616,0xAD74,0x9CF2,0x73AE,0x632C,0xAD34,0xBDD5,0xAD93,0xB5D6,0xAD33,0xA4AE,0x942B,0x49E5,0xB444,0xC440,0xC440,
0xC440,0xC440,0xC400,0xC3E0,0xBBC0,0xBBC0,0xB3C0,0xB3A0,0xABA0,0xAB80,0xA380,0xA360,0xA341,0xA341,0xA360,0xA360,
0xA360,0xAB60,0xAB60,0xAB60,0xAB60,0xAB60,0xAB60,0xAB60,0xA340,0xA320,0xA340,0xA340,0xA340,0xAB40,0xAB60,0xAB80,
0xB3A0,0xB3A0,0xBBC0,0xBBC0,0xBBC0,0xBBC0,0xBBE0,0xBBC0,0xBBC0,0xBBC0,0xBBC0,0xC3C0,0xC3E0,0xCC20,0xD440,0xD460,
0xD460,0xDC80,0xDC80,0xDC80,0xDC80,0xDC80,0xDC80,0xDC80,0xDC80,0xDC80,0xDC80,0xDC80,0xDCA0,0xDCA0,0xDCA0,0xDCA0,
0xDCA0,0xDCC0,0xDCC0,0xDCC0,0xDCA0,0xDCC0,0xDCE0,0xDCC0,0xDCE0,0xDD00,0xD4E1,0xDD01,0xDD02,0xDD02,0xDD22,0xE543,
0xE564,0xE563,0xED82,0xEDA3,0xEDA4,0xEDA6,0xF5E6,0xF5E5,0xF604,0xFE42,0xFE41,0xFE40,0xFE81,0xFE81,0xFE81,0xFE82,
0xFE82,0xFE83,0xFEA3,0xFE83,0xFE83,0xFE83,0xFE83,0xFE82,0xFE82,0xFE62,0xFE83,0xFE85,0xFE86,0xFEA9,0xFEAB,0xFECD,
0xFECE,0xFEF0,0xFEF0,0xFEF0,0xFEF0,0xFEF0,0xFEF0,0xFEF0,0xFEF0,0xFEF0,0xFEF0,0xFED0,0xFED0,0xFED0,0xFED0,0xF6D0,
0xF6D0,0xF6D0,0xF6D0,0xF6B0,0xF6B0,0xF6B0,0xF6B0,0xF6B0,0xF6AF,0xF68F,0xF68F,0xF66E,0xF66E,0xEE6E,0xEE4E,0xEE4D,
0x122A,0x120A,0x120A,0x1A0A,0x19E9,0x21E8,0x21E8,0x21E9,0x2209,0x1A09,0x2209,0x2208,0x2209,0x2A29,0x2A29,0x2A29,
0x3229,0x3229,0x3229,0x3249,0x3229,0x3249,0x2A69,0x3A49,0x4A47,0x5267,0x5267,0x5267,0x5A87,0x5A67,0x5267,0x4A89,
0x428A,0x328B,0x32AB,0x32AB,0x22CD,0x1AED,0x130E,0x0B0F,0x130F,0x1B0E,0x330D,0x42EC,0x4AEB,0x52EB,0x4B0C,0x4B0C,
0x530A,0x72E6,0x8304,0x9303,0x8AE4,0x82E3,0x7AC4,0x72A4,0x72A5,0x6AA5,0x6A86,0x62A6,0x62A7,0x6286,0x6287,0x5268,
0x4268,0x4248,0x5247,0x6286,0x6286,0x6286,0x5A67,0x5267,0x5267,0x5267,0x4A88,0x5267,0x5267,0x4A68,0x4A68,0x4A48,
0x4268,0x4A67,0x4248,0x4A68,0x5A87,0x4A46,0x5268,0x5267,0x5267,0x6AA5,0x9B42,0xB360,0xB340,0xB360,0xB380,0xBBA0,
0xBBA0,0xBBA0,0xBBA0,0xAB60,0xA321,0x9B02,0x9B01,0x9AE1,0x9AE2,0x92E3,0x8AE4,0x8AE4,0x9303,0x92E3,0x9302,0xA321,
0xAB40,0xAB60,0xB380,0xAB61,0xB361,0xB361,0xB3A0,0xBBC0,0xC3E0,0xCC00,0xCC00,0xCC20,0xCC20,0xCC20,0xCC20,0xCC40,
0xCC40,0xCC40,0xCC40,0xD440,0xD420,0xC443,0x9BC6,0x52A8,0x4AEC,0x42AB,0x42AA,0x3228,0x29E8,0x4AAA,0x4AAA,0x5B2C,
0x5AEB,0x4AAA,0x4AAA,0x52EC,0x4AAA,0x4AAA,0x3A49,0x4AEB,0x530C,0x39E8,0x4A6A,0x5AEC,0x73AE,0x9491,0x9CB2,0xA513,
0xAD74,0xB594,0xB5B4,0xAD54,0x9CD2,0x7BAE,0x94B1,0x9D13,0x9D32,0xAD54,0x9CF2,0x7BEE,0x630C,0xA426,0xC461,0xCC60,
0xCC60,0xCC40,0xC420,0xC420,0xC400,0xC400,0xBBE0,0xBBE0,0xB3C0,0xABA0,0xAB80,0x9B61,0xA361,0xA341,0xA360,0xA360,
0xAB60,0xAB80,0xAB80,0xAB60,0xAB60,0xAB80,0xAB80,0xAB60,0xA340,0xA340,0xA340,0xA340,0xA340,0xAB40,0xAB60,0xAB80,
0xB3A0,0xB3A0,0xBBC0,0xBBC0,0xBBC0,0xC3C0,0xC3E0,0xBBE0,0xBBE0,0xC3E0,0xC400,0xCC20,0xCC40,0xD460,0xD460,0xDC60,
0xDC60,0xDC80,0xDC80,0xDC80,0xD460,0xD460,0xD460,0xDC80,0xDC80,0xDC80,0xDC80,0xDCA0,0xE4C0,0xDCA0,0xDCA0,0xDCA0,
0xDCA0,0xDCE0,0xDCC0,0xDCC0,0xDCC0,0xDCC0,0xD4A0,0xDCC0,0xDCE0,0xDD01,0xDD02,0xDD03,0xDD03,0xDD23,0xDD24,0xDD25,
0xE545,0xE564,0xED83,0xEDA4,0xED86,0xED87,0xEDC7,0xF5E6,0xF5E5,0xFE23,0xFE42,0xFE41,0xFE82,0xFE82,0xFE83,0xFE85,
0xFE86,0xFE86,0xFE86,0xFE85,0xFE84,0xFE84,0xFE63,0xFE64,0xFE84,0xFE85,0xFE86,0xFE88,0xFEA9,0xFEAB,0xFECD,0xFECE,
0xFEEF,0xFEF0,0xFEF0,0xFEF0,0xFEF0,0xFEF0,0xFEF0,0xFEF0,0xFEF0,0xFEF0,0xFEF1,0xFEF1,0xFEF1,0xFED1,0xFEF1,0xFEF1,
0xF6D0,0xF6D0,0xF6B0,0xF6B0,0xF6B0,0xF6B0,0xF6B0,0xF6B0,0xF6AF,0xF68F,0xF68F,0xF66E,0xEE6E,0xEE4E,0xEE4D,0xEE4D,
0x0A2B,0x0A2B,0x0A2B,0x122B,0x122A,0x1A09,0x1A09,0x2209,0x21E8,0x2209,0x2209,0x2A28,0x2A08,0x3209,0x2A09,0x2A29,
0x2A09,0x2A08,0x2A29,0x3249,0x3249,0x3249,0x3249,0x3A48,0x4A47,0x5A67,0x5A66,0x5267,0x4A69,0x4269,0x4269,0x3A8A,
0x2A8A,0x228B,0x22AB,0x22AC,0x1ACD,0x12EE,0x0AEF,0x0B0F,0x130F,0x1B0F,0x330D,0x430C,0x4AEC,0x52EB,0x4B0B,0x4B0B,
0x530B,0x6AE7,0x82E4,0x8B03,0x82E4,0x82C4,0x7AA5,0x7AC5,0x72C5,0x72A4,0x72A5,0x6286,0x5A87,0x6286,0x6287,0x4A68,
0x4268,0x4A67,0x5266,0x6286,0x6A86,0x6A86,0x6286,0x5A66,0x5267,0x5267,0x4A88,0x5267,0x5287,0x5267,0x5267,0x4A67,
0x5267,0x5A87,0x4A88,0x4A68,0x4A47,0x5267,0x5267,0x5287,0x6286,0x7AC3,0xAB41,0xB380,0xB360,0xB360,0xB380,0xBBA0,
0xBBA0,0xBBA0,0xBBA0,0xB3A0,0xA340,0xA300,0xA301,0x9B01,0x9B01,0x9B02,0x9302,0x9B01,0x9B01,0x9B22,0xA321,0xAB41,
0xB360,0xB360,0xBBA0,0xB381,0xB361,0xB381,0xBBC1,0xC3E0,0xC400,0xCC00,0xCC00,0xCC00,0xCC20,0xCC20,0xCC20,0xCC41,
0xCC41,0xCC40,0xD420,0xCC40,0xC443,0x8B88,0x4A68,0x42AB,0x428A,0x3A4A,0x324A,0x29C7,0x3A69,0x4AAA,0x52CB,0x52EB,
0x4AAB,0x4269,0x426A,0x4AAA,0x4269,0x3A28,0x52EB,0x3A29,0x530C,0x52ED,0x632D,0x5B0C,0x5AEB,0x94B2,0x8C50,0x94B1,
0xA533,0xA512,0xA532,0xA532,0xA513,0x9CF3,0x738E,0x7BAF,0x9CF2,0x9D12,0xA533,0x73AE,0x73EF,0xA448,0xC483,0xCC60,
0xD460,0xCC60,0xC440,0xC440,0xC420,0xC400,0xC400,0xBC00,0xB3C0,0xB3A0,0xAB80,0xA361,0x9B61,0xA381,0xA380,0xA360,
0xAB60,0xAB60,0xAB60,0xAB60,0xAB80,0xAB80,0xAB80,0xAB60,0xA340,0xAB40,0xAB60,0xAB60,0xAB60,0xAB60,0xAB60,0xAB60,
0xB380,0xB3A0,0xBBC0,0xBBC0,0xBBC0,0xC3C0,0xC3E0,0xBBE0,0xC3E0,0xC400,0xCC20,0xCC40,0xD440,0xD460,0xDC60,0xDC60,
0xDC60,0xDC80,0xDC80,0xDC80,0xDC80,0xDC80,0xDC80,0xD460,0xDC80,0xDC80,0xDC80,0xDC80,0xDC80,0xDC80,0xDCA0,0xDCA0,
0xDCA0,0xDCC0,0xDCC0,0xDCC0,0xDCA0,0xDCC0,0xDCE0,0xD4C0,0xDCC0,0xDD01,0xDD21,0xDD22,0xE523,0xE524,0xE525,0xE525,
0xE546,0xE565,0xE585,0xEDA6,0xED87,0xED88,0xEDA8,0xEDC7,0xEDE6,0xF625,0xFE44,0xFE44,0xFE64,0xFE85,0xFE87,0xFEA9,
0xFE89,0xFE89,0xFE88,0xFE86,0xFE65,0xFE64,0xFE64,0xFE65,0xFE86,0xFE87,0xFEA9,0xFEAB,0xFEAC,0xFEAE,0xFECF,0xFEEF,
0xFEEF,0xFEF0,0xFEF0,0xFEF0,0xFEF0,0xFEF0,0xFEF0,0xFEF1,0xFEF1,0xFEF1,0xFEF1,0xFEF1,0xFEF1,0xFED1,0xFEF1,0xFEF1,
0xF6D0,0xF6D0,0xF6D0,0xF6B0,0xF6B0,0xF6B0,0xF6B0,0xF6B0,0xF68F,0xF68F,0xF68E,0xF66E,0xF66E,0xEE6E,0xEE4E,0xEE4D,
0x0A2B,0x0A2B,0x0A2B,0x0A2B,0x122B,0x122A,0x1209,0x21E8,0x21E8,0x2A09,0x2A08,0x3228,0x3228,0x3209,0x2A09,0x2A29,
0x2A09,0x2A29,0x2A29,0x3249,0x3249,0x3249,0x3A69,0x3A49,0x4A68,0x5A67,0x6286,0x5A87,0x4269,0x3A6A,0x3A6A,0x326A,
0x226A,0x1A8B,0x22AC,0x1AAC,0x12CE,0x12EE,0x0B0E,0x130F,0x1B0E,0x230E,0x330D,0x42EC,0x4AEB,0x52EB,0x530B,0x530B,
0x52EA,0x6AE7,0x8305,0x8AE3,0x82E3,0x7AC4,0x7AA5,0x7AC5,0x7AC5,0x7AC5,0x72A5,0x6286,0x5A87,0x6286,0x6286,0x4A67,
0x4A67,0x4A67,0x5267,0x62A6,0x6A85,0x6A85,0x6286,0x6287,0x5A87,0x5A87,0x5287,0x5A67,0x5A67,0x5267,0x5267,0x4A67,
0x5A87,0x5267,0x4A68,0x4A68,0x5267,0x5267,0x4A67,0x4A87,0x6AA5,0x9303,0xB361,0xB380,0xAB60,0xB360,0xB380,0xBB80,
0xBBA0,0xBBA0,0xBB80,0xB380,0xAB40,0xAB40,0xA320,0xA320,0xA320,0xA321,0xA320,0xA320,0xA340,0xAB40,0xAB40,0xB340,
0xB360,0xBB80,0xBBA0,0xBBA0,0xBB80,0xBBA0,0xC3C0,0xC3E0,0xC400,0xCC00,0xC400,0xC400,0xCC20,0xCC20,0xCC20,0xCC21,
0xCC41,0xCC40,0xCC20,0xC442,0xAC27,0x52A9,0x3228,0x42CB,0x3A69,0x3229,0x29E8,0x3208,0x426A,0x428A,0x4AAA,0x4AAA,
0x4AAA,0x3228,0x3A49,0x4269,0x3A49,0x3A28,0x52EB,0x29C7,0x3229,0x3229,0x3208,0x31E8,0x3A08,0xB5D6,0x9491,0x8C91,
0xA513,0xA512,0xA533,0xA512,0xA533,0xA513,0x8C71,0x73AE,0x7C0E,0x9CF2,0x9CF2,0x8430,0x52AA,0x9C6B,0xC4A5,0xCC60,
0xCC60,0xCC60,0xC440,0xC440,0xC420,0xC420,0xC400,0xBC00,0xBBE0,0xB3A0,0xABA0,0xA381,0x9B61,0xABE2,0xA380,0xA360,
0xA341,0xAB60,0xAB60,0xAB60,0xAB80,0xB3A0,0xAB60,0xAB60,0xAB60,0xAB60,0xAB60,0xAB60,0xAB60,0xAB80,0xAB60,0xAB60,
0xB380,0xB3A0,0xBBC0,0xBBC0,0xC3E0,0xC3E0,0xC3E0,0xC3E0,0xC400,0xCC20,0xCC40,0xD440,0xD460,0xD460,0xD460,0xD460,
0xDC80,0xDC80,0xDC80,0xDC80,0xDC80,0xDC80,0xDC80,0xDC80,0xD480,0xD460,0xDC80,0xDC80,0xDC80,0xDC80,0xDCA0,0xDCA0,
0xDCA0,0xDCC0,0xDCC0,0xDCC0,0xDCC0,0xDCC0,0xDCE0,0xDCC0,0xDCE0,0xE520,0xE540,0xE541,0xE562,0xE544,0xE544,0xE565,
0xE566,0xE566,0xE587,0xED87,0xE588,0xE589,0xEDA8,0xEDC8,0xEDE8,0xF627,0xFE27,0xFE66,0xFE67,0xFE88,0xFE89,0xFE8B,
0xFE8B,0xFE8A,0xFE89,0xFE66,0xFE66,0xFE85,0xFE65,0xFE65,0xFE87,0xFEA9,0xFEAA,0xFEAC,0xFEAD,0xFECF,0xFECF,0xFED0,
0xFEEF,0xFEF0,0xFEF0,0xFEF0,0xFEF0,0xFEF0,0xFEF0,0xFEF1,0xFEF1,0xFEF1,0xFEF1,0xFEF1,0xFEF2,0xFEF1,0xFED1,0xF6D1,
0xF6D0,0xF6D0,0xF6D0,0xF6B0,0xF6B0,0xF6D0,0xF6B0,0xF6AF,0xF6AF,0xF68F,0xF68E,0xF66E,0xF66E,0xF66E,0xEE4E,0xEE4D,
0x0A2B,0x0A2B,0x0A4B,0x0A4B,0x0A2B,0x122B,0x122A,0x220A,0x322A,0x2A09,0x3209,0x3208,0x3208,0x2A09,0x2A09,0x2A29,
0x3209,0x3209,0x3229,0x3229,0x3229,0x3249,0x3249,0x2A6A,0x2A6A,0x326A,0x3A89,0x3A69,0x2A4A,0x2A6A,0x3269,0x324A,
0x2A4B,0x226B,0x1A8C,0x12AD,0x0ACF,0x0AEF,0x0AEF,0x1B0E,0x22ED,0x2AED,0x2B0D,0x3B0C,0x430B,0x530B,0x5B0B,0x530B,
0x52EA,0x7307,0x8304,0x92E2,0x8AE3,0x82E4,0x82C4,0x82E5,0x82C4,0x82C4,0x7AC5,0x6AA6,0x6287,0x6287,0x6286,0x5267,
0x5288,0x5A87,0x5A87,0x5A86,0x6A86,0x6A86,0x6286,0x6286,0x6287,0x6286,0x6286,0x6A86,0x6286,0x5A67,0x5A86,0x5267,
0x5247,0x5A67,0x4A67,0x5267,0x4A68,0x5267,0x5287,0x5286,0x7AE4,0xA342,0xB380,0xB380,0xB380,0xB380,0xB380,0xBBA0,
0xBB80,0xBB80,0xBB80,0xB380,0xB360,0xAB40,0xAB40,0xAB40,0xAB40,0xAB40,0xAB40,0xAB40,0xAB40,0xAB40,0xB360,0xB340,
0xBB60,0xBB80,0xC380,0xC3A0,0xC3A0,0xC3C0,0xCBE0,0xC3E0,0xC3E0,0xC400,0xC400,0xCC00,0xCC00,0xCC20,0xC420,0xCC00,
0xCC20,0xC420,0xCC21,0xB448,0x8BCC,0x3228,0x3228,0x42AA,0x326A,0x2208,0x21C7,0x3208,0x3A49,0x4269,0x426A,0x428A,
0x3A49,0x29C8,0x3209,0x3A29,0x3A49,0x3A29,0x3A09,0x08C4,0x1125,0x1925,0x2166,0x2145,0x1924,0xC658,0xAD95,0x8CB1,
0x9490,0x9490,0x9CD1,0x9CF2,0x9CD2,0xA513,0x9CD2,0x9CD2,0x840F,0x840F,0x9CF2,0x9CB2,0x4229,0xAD52,0xC54C,0xCC60,
0xCC60,0xCC60,0xCC60,0xCC60,0xCC40,0xCC20,0xC420,0xC420,0xBBE0,0xB3C0,0xABA0,0xA380,0xA381,0xA381,0xA361,0xA361,
0xA362,0xA360,0xA340,0xAB60,0xAB80,0xAB80,0xAB80,0xAB80,0xAB80,0xAB80,0xAB80,0xAB80,0xAB80,0xAB80,0xAB80,0xAB60,
0xABA0,0xB3A0,0xBBC0,0xC3E0,0xC3E0,0xC3E0,0xC3E0,0xC400,0xCC20,0xCC40,0xD440,0xD440,0xD460,0xD460,0xD460,0xDC60,
0xDC60,0xD460,0xD460,0xDC80,0xDC80,0xDC80,0xDC80,0xDC80,0xDC80,0xDC80,0xD460,0xDC80,0xDC80,0xDC80,0xDCA0,0xDCA0,
0xDCA0,0xDCC0,0xDCC0,0xDCC0,0xDCC0,0xDCC0,0xDCC0,0xDCE0,0xDD00,0xED40,0xED40,0xED60,0xED60,0xED62,0xED83,0xE585,
0xED86,0xED87,0xE588,0xE589,0xE589,0xE589,0xEDAA,0xEDC9,0xEDEA,0xF60A,0xF60A,0xFE4A,0xFE6B,0xF66B,0xFE6B,0xFE6B,
0xFE8B,0xFE6A,0xFE69,0xFE68,0xFE67,0xFE86,0xFE85,0xFE86,0xFEA9,0xFEAB,0xFEAC,0xFEAD,0xFEAE,0xFECF,0xFED0,0xFED0,
0xFEF0,0xFEF1,0xFEF1,0xFEF1,0xFEF1,0xFEF0,0xFEF0,0xFEF1,0xFEF1,0xFEF1,0xFEF1,0xFEF1,0xFEF1,0xFED1,0xF6D1,0xF6D1,
0xF6D0,0xF6D0,0xF6D0,0xF6D0,0xF6B0,0xF6B0,0xF6B0,0xF6AF,0xF68F,0xF68F,0xF68E,0xF66E,0xF66E,0xF66E,0xEE4E,0xEE4D,
0x0A2B,0x0A4B,0x0A2B,0x0A2B,0x0A2B,0x0A2B,0x0A2B,0x1A2A,0x222A,0x2209,0x2A29,0x2A09,0x2209,0x2229,0x2229,0x2A29,
0x3208,0x3228,0x3209,0x3209,0x3229,0x2A2A,0x224A,0x1A6B,0x126C,0x126C,0x1A4C,0x1A4B,0x1A6B,0x1A6B,0x226A,0x1A4B,
0x1A4B,0x126C,0x128D,0x128E,0x0ACF,0x0AEF,0x12EF,0x22EE,0x2AED,0x22ED,0x230E,0x330D,0x430C,0x4B0C,0x530B,0x530B,
0x5AEB,0x72E7,0x8B04,0xA301,0x9B02,0x92E2,0x8AE3,0x82E4,0x82E4,0x82E3,0x7AC4,0x72A6,0x6A87,0x6287,0x6286,0x5A66,
0x5267,0x5A66,0x5A86,0x5A86,0x6286,0x6AA6,0x62A6,0x6286,0x6286,0x6286,0x6A86,0x7285,0x6A86,0x6266,0x5A86,0x4A67,
0x5247,0x6A85,0x5267,0x5266,0x5A87,0x5A66,0x6286,0x6285,0x9B42,0xAB61,0xB380,0xB380,0xBBA0,0xBBA1,0xBBA0,0xBBA0,
0xBB80,0xBB80,0xBB80,0xB360,0xB340,0xB340,0xB340,0xAB40,0xAB40,0xAB40,0xAB40,0xAB40,0xAB60,0xAB60,0xAB80,0xB360,
0xBB80,0xBB80,0xBBA0,0xBBA0,0xC3C0,0xC3E0,0xCBE0,0xCBE0,0xCC00,0xCC00,0xCC00,0xCC00,0xCC00,0xCC00,0xCC20,0xCC20,
0xCC20,0xCC20,0xC403,0xA44B,0x7BEE,0x3A2A,0x29E7,0x3A8A,0x3229,0x1987,0x1986,0x29E8,0x3A69,0x4249,0x3A49,0x3A49,
0x3208,0x29E8,0x29C8,0x3A08,0x3A29,0x3A09,0x29C7,0x1105,0x29A7,0x31E8,0x3208,0x3208,0x31C7,0x5B0C,0xA575,0x9D13,
0x8C4F,0x9490,0x94B1,0x94B2,0x9CD2,0x94B1,0x9CD1,0x9491,0x9CD3,0x73AE,0x8C50,0x9491,0x4A89,0xBDF6,0xCDD1,0xC460,
0xC460,0xCC60,0xCC60,0xCC60,0xCC40,0xCC20,0xC420,0xC400,0xBC00,0xBBE0,0xB3C0,0xABA0,0xAB80,0xA380,0xA381,0x9B62,
0x9B42,0xA362,0xAB61,0xAB60,0xAB80,0xAB80,0xAB80,0xABA0,0xB3A0,0xB3A0,0xAB80,0xAB80,0xB3A0,0xAB80,0xAB80,0xAB80,
0xB3A0,0xB3A0,0xBBC0,0xC3E0,0xC3E0,0xC3E0,0xCC00,0xCC20,0xCC40,0xD440,0xD460,0xD460,0xD460,0xD460,0xD460,0xDC60,
0xDC80,0xD460,0xD460,0xDC80,0xDC80,0xDC80,0xDC80,0xDC80,0xDC80,0xD460,0xDC80,0xDC80,0xDCA0,0xDCA0,0xDCA0,0xDCC0,
0xDCA0,0xDCC0,0xDCC0,0xDCC0,0xDCC0,0xDCC0,0xE521,0xDCE0,0xDD00,0xE540,0xE540,0xED60,0xED61,0xED81,0xE582,0xE584,
0xED85,0xEDA6,0xE5A8,0xE589,0xE58A,0xE58A,0xE58A,0xEDCB,0xEDEB,0xEDEB,0xEE0B,0xF62C,0xF64C,0xF66C,0xFE8C,0xFE8A,
0xFE8A,0xFE69,0xFE89,0xFE68,0xFE68,0xFE87,0xFE87,0xFE88,0xFE8B,0xFEAC,0xFEAD,0xFEAD,0xFEAE,0xFECF,0xFED0,0xFED0,
0xFED0,0xFEF1,0xFEF1,0xFEF1,0xFEF0,0xFEF0,0xFEF0,0xFEF1,0xFEF1,0xFEF1,0xFEF1,0xFEF1,0xFEF1,0xF6D1,0xF6F0,0xF6D1,
0xF6D0,0xF6D0,0xF6D0,0xF6D0,0xF6B0,0xF6B0,0xF6B0,0xF6AF,0xF68F,0xF68F,0xF68E,0xF66E,0xF66E,0xF66E,0xEE4E,0xEE4E,
0x0A2B,0x0A2B,0x0A2B,0x0A2B,0x0A4B,0x0A4C,0x0A4C,0x124B,0x1A4B,0x1A4A,0x2229,0x2209,0x2209,0x2228,0x2228,0x2A29,
0x3228,0x3A28,0x3208,0x3209,0x2A29,0x2229,0x124A,0x0A4B,0x0A6C,0x0A6C,0x126C,0x126C,0x126B,0x126B,0x124B,0x0A6C,
0x0A6C,0x0A8D,0x0AAE,0x0AAE,0x0ACF,0x0AEF,0x12EF,0x1AEE,0x22EE,0x1B0E,0x1B0F,0x2B0D,0x3B0C,0x4B0B,0x530A,0x530B,
0x530B,0x72E7,0x8B04,0xA342,0xA361,0x9B02,0x92E3,0x82C4,0x82C4,0x82E4,0x7AE4,0x7AC5,0x6AA6,0x6AA6,0x6AA6,0x6287,
0x5A67,0x5A67,0x5A67,0x5A87,0x6286,0x6AA6,0x6A86,0x6286,0x6A86,0x6286,0x6A86,0x6A86,0x7285,0x72A4,0x72C4,0x5A67,
0x5A67,0x6266,0x5267,0x5A86,0x62C7,0x6286,0x6285,0x72C5,0xAB81,0xB380,0xB380,0xB3A0,0xBBC1,0xBBC1,0xBBC0,0xBBC0,
0xBBA0,0xBB80,0xBB80,0xB360,0xB340,0xAB40,0xAB40,0xAB40,0xAB40,0xAB40,0xAB60,0xB360,0xAB60,0xAB60,0xB360,0xB360,
0xB380,0xBB80,0xBB80,0xBBA0,0xC3C0,0xC3E0,0xCBE0,0xCC00,0xCC00,0xCC20,0xCC00,0xCC00,0xCC00,0xCC00,0xCC00,0xCC20,
0xCC00,0xCC01,0xBBE3,0x9C6D,0x7C30,0x426B,0x2187,0x3A4A,0x21A8,0x21A8,0x21E8,0x2A08,0x3A49,0x3A49,0x3A49,0x3A29,
0x29E8,0x29C8,0x29C7,0x31E8,0x3209,0x2167,0x2187,0x1925,0x31E8,0x3A29,0x4269,0x3A29,0x2186,0x4249,0x5B0C,0x9D13,
0x7BCD,0x842F,0x9CB2,0x8C30,0x9CB2,0x8C71,0x94B1,0x94B2,0x9CF2,0x8450,0x6B8D,0x7BEF,0x52CA,0xADB5,0xBD91,0xC441,
0xCC60,0xCC60,0xC460,0xC440,0xCC20,0xC440,0xC400,0xBC00,0xBBE0,0xBBE0,0xBBE0,0xB3A0,0xABA0,0xABA0,0xA361,0xA362,
0x9B62,0xA362,0xAB61,0xAB60,0xAB80,0xAB80,0xAB80,0xAB80,0xB380,0xB3A0,0xAB80,0xAB80,0xB3A0,0xB3A0,0xAB80,0xAB80,
0xB3A0,0xB3C0,0xBBE0,0xC400,0xC400,0xCC00,0xCC20,0xCC20,0xCC40,0xD440,0xD460,0xD460,0xD460,0xD460,0xD460,0xD460,
0xD460,0xD460,0xD460,0xD480,0xD480,0xD480,0xDC80,0xDC80,0xD480,0xD480,0xDC80,0xDC80,0xDCA0,0xDCA0,0xDCA0,0xDCA0,
0xDCA0,0xDCC0,0xDCC0,0xDCA0,0xDCC0,0xDCC0,0xDCE0,0xDCE0,0xE500,0xE520,0xE540,0xED60,0xED81,0xEDA2,0xEDA2,0xED83,
0xEDA5,0xEDA6,0xE5A7,0xE589,0xE58A,0xE56B,0xE58A,0xE5CB,0xEDCB,0xEDEC,0xEE0C,0xF62C,0xF64C,0xFE6B,0xFE6A,0xFE69,
0xFE69,0xFE68,0xFE68,0xFE68,0xFE68,0xFE67,0xFE87,0xFE89,0xFEAB,0xFEAC,0xFEAD,0xFEAE,0xFEAE,0xFECF,0xFED0,0xFED0,
0xFEF0,0xFEF0,0xFED0,0xFED0,0xFEF0,0xFEF0,0xFEF0,0xFEF0,0xFEF0,0xFEF0,0xFEF1,0xFEF1,0xF6F1,0xF6D0,0xF6F0,0xF6D0,
0xF6D0,0xF6D0,0xFED0,0xF6B0,0xF6B0,0xF6B0,0xF6AF,0xF68F,0xF68F,0xF66F,0xF66F,0xF66F,0xF66E,0xF66E,0xEE4E,0xEE4E,
0x0A2B,0x0A2B,0x0A2B,0x0A2B,0x0A6B,0x0A4C,0x0A6C,0x0A6C,0x0A6C,0x124B,0x1A4B,0x222A,0x2A09,0x2A28,0x2A09,0x3208,
0x4207,0x4208,0x3209,0x2229,0x1A2A,0x122A,0x0A4B,0x0A4B,0x024B,0x0A4B,0x0A4C,0x0A4C,0x024C,0x0A4C,0x0A4C,0x026D,
0x026D,0x028D,0x0AAE,0x0AAE,0x02CE,0x02EF,0x0AEF,0x0AEE,0x0AEF,0x0B0F,0x0B0F,0x1B0E,0x332D,0x4B0B,0x5B0B,0x530B,
0x5B0A,0x7306,0x82E4,0x9302,0x9301,0x9302,0x9303,0x82E4,0x82E4,0x82E4,0x82E4,0x82C4,0x7AC5,0x72C6,0x6AA6,0x6286,
0x6287,0x6287,0x5A87,0x5A87,0x6286,0x7286,0x6A66,0x6A86,0x6A86,0x6A86,0x7285,0x7AC4,0x8B03,0x9B22,0x9AE2,0x72A4,
0x5A66,0x5A46,0x6287,0x5A67,0x5266,0x6286,0x62A6,0x72A5,0xB3A1,0xB3A0,0xB3A0,0xBBC1,0xBBE1,0xBBE1,0xC3E1,0xC3E0,
0xC3E0,0xBBC0,0xBBA0,0xB380,0xB360,0xAB40,0xAB40,0xAB40,0xB340,0xAB40,0xB340,0xB360,0xB360,0xB360,0xB380,0xBB80,
0xBB80,0xBB80,0xBBA0,0xC3C0,0xC3E0,0xC400,0xC400,0xCC00,0xCC20,0xCC20,0xCC20,0xCC00,0xC400,0xC400,0xC400,0xC400,
0xC400,0xCC01,0xB3E2,0x83ED,0x73CF,0x4AAB,0x1946,0x2A09,0x1146,0x1967,0x1987,0x3228,0x3A48,0x3208,0x3A29,0x2A09,
0x29C8,0x21E8,0x29C7,0x29A7,0x2167,0x1126,0x29C8,0x1966,0x3A28,0x3A49,0x426A,0x3208,0x2166,0x426A,0x2186,0x31C7,
0x94B2,0x6B8D,0x840F,0x8C30,0x8C50,0x8C50,0x94B1,0x9CF2,0xA513,0x94B1,0x73CE,0x52AA,0x7BCF,0x8C92,0x9470,0xBC64,
0xCC60,0xCC60,0xCC80,0xCC60,0xCC40,0xC440,0xC420,0xC400,0xBBE0,0xBBE0,0xBBE0,0xB3C0,0xB3C0,0xB3C0,0xABA0,0xABA0,
0xA381,0xAB81,0xAB80,0xAB80,0xAB80,0xAB80,0xAB80,0xAB80,0xB380,0xAB80,0xAB80,0xAB80,0xB3A0,0xB3A0,0xB380,0xB3A0,
0xB3A0,0xBBC0,0xBBE0,0xC400,0xCC20,0xCC20,0xCC20,0xCC20,0xCC40,0xD460,0xD460,0xD460,0xD460,0xD460,0xD460,0xD460,
0xD460,0xD460,0xD460,0xD460,0xDC80,0xD480,0xD480,0xD480,0xD480,0xDC80,0xDC80,0xDC80,0xDC80,0xDCA0,0xDCA0,0xDCA0,
0xDCA0,0xDCA0,0xDCA0,0xDCC0,0xDCC0,0xDCC0,0xDCC0,0xE4E0,0xE4E0,0xE520,0xED60,0xED60,0xED80,0xED81,0xEDA1,0xED83,
0xE585,0xE586,0xE588,0xE588,0xE589,0xE58A,0xE58A,0xE5CB,0xEDEC,0xEE0C,0xEE0C,0xF62C,0xFE4B,0xFE6A,0xFE69,0xFE68,
0xFE88,0xFE67,0xFE67,0xFE67,0xFE67,0xFE89,0xFE8A,0xFEAC,0xFEAD,0xFEAD,0xFEAE,0xFECF,0xFECF,0xFECF,0xFEEF,0xFED0,
0xFEF0,0xFEF0,0xFEF0,0xFEF0,0xFEF0,0xFEF0,0xFEF0,0xFED0,0xFEF0,0xFEF0,0xFEF1,0xFEF1,0xF6F1,0xF6F0,0xF6F0,0xF6F1,
0xF6D0,0xF6D0,0xF6D0,0xFEB0,0xF6B0,0xF6B0,0xF6AF,0xF68F,0xF68F,0xF68F,0xF66E,0xF66E,0xF66F,0xF66F,0xEE4F,0xEE4E,
0x022B,0x0A4C,0x0A4C,0x0A4C,0x0A6C,0x0A6C,0x0A6C,0x0A6C,0x0A6C,0x0A6C,0x124B,0x222A,0x2A29,0x2A29,0x2A29,0x3A08,
0x4207,0x3A08,0x2209,0x120A,0x0A2B,0x0A2B,0x0A0C,0x0A2B,0x022B,0x022B,0x022B,0x022B,0x022B,0x022B,0x022C,0x024C,
0x024C,0x0A6D,0x02AD,0x02AE,0x0ACE,0x02CE,0x02CF,0x0AEF,0x0AEF,0x0AF0,0x0B10,0x130F,0x1B2E,0x2B0E,0x430C,0x4B0B,
0x6308,0x8304,0x8B03,0x9303,0x9301,0x9B01,0x9B01,0x9302,0x8AE3,0x8AE3,0x8AE3,0x8AE3,0x82E4,0x7AE5,0x72C5,0x6AA6,
0x62A6,0x6AA6,0x62A6,0x5AA7,0x62A6,0x7286,0x72A5,0x72A6,0x72A5,0x82E3,0x9322,0x9301,0x9B20,0x9B00,0x92E1,0x82C4,
0x6A86,0x6AC7,0x6287,0x5A67,0x5A86,0x62A6,0x62A6,0x6AA5,0xB3C2,0xBBC0,0xBBC0,0xBBC1,0xBBE1,0xBC01,0xC401,0xC421,
0xC401,0xBBE0,0xBBC0,0xBBA0,0xB360,0xB360,0xB360,0xB360,0xB360,0xB360,0xB360,0xB380,0xB380,0xB380,0xBB80,0xBBA0,
0xBBA0,0xBBA0,0xBBC0,0xC3E0,0xC3E0,0xC400,0xCC20,0xCC20,0xCC20,0xCC20,0xCC20,0xC400,0xC400,0xBC00,0xBBE0,0xBBE1,
0xBC00,0xC401,0xB3C1,0x73AC,0x632D,0x3A4A,0x21A7,0x1146,0x1966,0x21E8,0x21C8,0x3208,0x3A08,0x3A08,0x31E9,0x1987,
0x1988,0x1987,0x21A7,0x3A49,0x1925,0x1946,0x29A8,0x2167,0x3A29,0x3A28,0x3A28,0x3A28,0x29A7,0x4249,0x3208,0x2145,
0x7C10,0x94D3,0x7BCF,0x840F,0x840F,0x8C50,0x8C91,0x94B1,0x9CD2,0x9491,0x9D13,0x73AE,0x73CF,0x7C10,0x7C10,0xBCA6,
0xCC81,0xCC80,0xD460,0xCC60,0xCC40,0xC440,0xC420,0xC400,0xC400,0xC400,0xBBE0,0xBBE0,0xBBE0,0xBBE0,0xBBE0,0xB3E0,
0xB3E0,0xB3C0,0xB3A0,0xB3A0,0xAB80,0xAB80,0xAB80,0xAB80,0xAB80,0xAB80,0xAB80,0xB3A0,0xB3C0,0xB3A0,0xB3C0,0xB3C0,
0xBBE0,0xBBE0,0xBC00,0xC420,0xCC20,0xCC20,0xCC40,0xCC40,0xD460,0xD460,0xD460,0xD460,0xD460,0xD460,0xD460,0xD460,
0xD460,0xD460,0xD460,0xD460,0xD460,0xD460,0xD460,0xD480,0xD480,0xD480,0xDC80,0xDC80,0xD480,0xDCA0,0xDCA0,0xDCA0,
0xDCA0,0xDCA0,0xDCA0,0xDCC0,0xDCC0,0xDCC0,0xDCC0,0xDCE0,0xE4E0,0xE520,0xED40,0xED80,0xED80,0xED81,0xED81,0xED82,
0xE585,0xE587,0xE588,0xE588,0xE5A8,0xE5A9,0xE5AB,0xEDCB,0xEE0C,0xEE0C,0xF62C,0xF64D,0xFE6C,0xFE6B,0xFE8A,0xFE89,
0xFE88,0xFE88,0xFE88,0xFE88,0xFE89,0xFE8B,0xFE8C,0xFE8D,0xFEAE,0xFEAE,0xF6AE,0xFECF,0xFECF,0xFECF,0xFEEF,0xFEEF,
0xFEF0,0xFEF0,0xFEF0,0xFED0,0xFECF,0xFEEF,0xFEF0,0xFEF0,0xFEF0,0xFEF1,0xFEF1,0xFEF1,0xF6F1,0xF6F0,0xF6F0,0xF6F0,
0xF6D0,0xF6D0,0xF6B0,0xF6B0,0xF6B0,0xF6AF,0xF68F,0xF66E,0xF68E,0xF66D,0xEE4D,0xF66D,0xF66F,0xF66F,0xEE6F,0xEE4E,
0x022B,0x024C,0x026C,0x026C,0x0A6C,0x0A6C,0x0A6C,0x0A6D,0x0A6C,0x126C,0x1A4B,0x222A,0x2A28,0x2A28,0x3229,0x3A28,
0x3A07,0x3208,0x2209,0x0A0A,0x022B,0x0A0C,0x0A0B,0x0A0B,0x022B,0x020A,0x020A,0x020B,0x022B,0x020B,0x020B,0x022C,
0x024C,0x026D,0x028D,0x0AAD,0x02AE,0x02CE,0x02CF,0x0ACF,0x0AEF,0x0AEF,0x0B10,0x130F,0x130F,0x1B0F,0x32ED,0x430B,
0x6308,0x8B24,0x9324,0x8B03,0x9323,0x9B02,0x9B01,0x9B22,0x9302,0x9302,0x9302,0x8AE2,0x8AE3,0x82E4,0x7AE5,0x72C5,
0x72A5,0x6AA6,0x6A86,0x62A6,0x6AA6,0x72A5,0x72A4,0x7AA4,0x82E3,0xA382,0xAB81,0xAB60,0xAB60,0xA340,0x9B01,0x8AC3,
0x72A5,0x6AA6,0x6287,0x5A87,0x62A6,0x6AA5,0x62C6,0x72E6,0xB3C2,0xBBE0,0xBC01,0xB3E1,0xBBE1,0xC401,0xC401,0xCC21,
0xCC21,0xC400,0xC3E0,0xBBC0,0xB380,0xB380,0xB360,0xB360,0xB360,0xB360,0xB380,0xBB80,0xBB80,0xBB80,0xBBA0,0xBBA0,
0xBBA0,0xBBA0,0xC3C0,0xC3E0,0xC3E0,0xC400,0xCC20,0xCC21,0xCC21,0xCC20,0xCC00,0xC400,0xC400,0xBBE0,0xBBC0,0xBBE1,
0xBC00,0xC401,0xB3E1,0x634B,0x4A8B,0x29C8,0x29C8,0x1105,0x21C8,0x29E9,0x21C8,0x29E8,0x31E7,0x3208,0x29C8,0x1987,
0x19A8,0x1167,0x1987,0x42AB,0x1925,0x1946,0x2187,0x2187,0x3A29,0x3A28,0x3208,0x3208,0x29A7,0x3A29,0x3208,0x2186,
0x5AEC,0x8411,0x7C0F,0x7BCE,0x73AD,0x840F,0x8C71,0x94B1,0x9CD2,0x9491,0x9CF3,0x8430,0x5B0C,0x632D,0x73AF,0xB486,
0xCC81,0xD480,0xD480,0xD460,0xCC40,0xCC40,0xC440,0xC420,0xC400,0xC420,0xC400,0xC400,0xC400,0xC420,0xC420,0xBC00,
0xBC00,0xBC00,0xB3C0,0xB3C0,0xABA0,0xAB80,0xAB80,0xAB80,0xAB80,0xAB80,0xB3A0,0xB3A0,0xB3C0,0xB3C0,0xB3E0,0xBBE0,
0xBC00,0xBC00,0xC400,0xCC20,0xCC40,0xCC40,0xD460,0xD460,0xD460,0xD460,0xD460,0xD460,0xD460,0xD460,0xD460,0xD460,
0xD460,0xD460,0xD460,0xD460,0xD460,0xD460,0xD460,0xD460,0xD460,0xD460,0xD480,0xD480,0xD480,0xDC80,0xDC80,0xDCA0,
0xDCA0,0xDCA0,0xDCC0,0xDCC0,0xE4E0,0xDCE0,0xDCC0,0xDCE0,0xE500,0xE520,0xED60,0xED60,0xED80,0xEDA1,0xEDA1,0xED81,
0xE585,0xE566,0xE587,0xE5A8,0xE5A8,0xE5A9,0xEDAB,0xEDEB,0xEDEC,0xEE2C,0xF64D,0xFE6D,0xFE6C,0xFE6B,0xFE8B,0xFE89,
0xFE89,0xFE88,0xFE88,0xFE8A,0xFE6A,0xFE8C,0xFE8C,0xFEAD,0xFEAE,0xFEAD,0xF6AD,0xFECF,0xFED0,0xFECF,0xFECF,0xFEEF,
0xFEEF,0xFEF0,0xFEF0,0xFEF0,0xFECF,0xFECF,0xFEF0,0xFEF0,0xFEF0,0xFEF1,0xFEF1,0xFEF1,0xF6F1,0xF6F0,0xF6F0,0xF6F0,
0xF6D0,0xF6D0,0xF6B0,0xF6B0,0xF6B0,0xF68F,0xF66E,0xEE4D,0xF68E,0xEE4D,0xF64C,0xF64D,0xEE4E,0xEE6F,0xEE6F,0xEE4E,
0x022B,0x0A4C,0x026C,0x026C,0x0A6C,0x0A6C,0x026C,0x0A6C,0x0A6C,0x128C,0x1A4B,0x2A2A,0x3229,0x3A08,0x3A08,0x3A08,
0x3A28,0x3228,0x19E9,0x020A,0x020A,0x0A0B,0x09EA,0x09EA,0x09EA,0x020A,0x020A,0x020A,0x020A,0x020B,0x020B,0x022B,
0x022C,0x024C,0x026D,0x028D,0x02AD,0x02AD,0x02CE,0x0ACE,0x12EE,0x12EE,0x12EF,0x12EE,0x1AEE,0x230E,0x230E,0x330D,
0x530B,0x7307,0x7B27,0x7328,0x7327,0x8325,0x9322,0x9B00,0x9B21,0x9B22,0x9323,0x9303,0x9303,0x8AE3,0x8AE3,0x8AC4,
0x82E5,0x7AC5,0x6AA6,0x6AA6,0x7AC5,0x8B03,0xA362,0xAB82,0xB381,0xB3A1,0xB3A1,0xB3A1,0xB3C1,0xB3C1,0xAB81,0xA321,
0x8B03,0x72A5,0x5A66,0x5AA6,0x62A7,0x6AA6,0x6AC7,0x6AA5,0xAB81,0xBBE1,0xBBE1,0xBBE1,0xBC02,0xC402,0xC421,0xC421,
0xCC41,0xCC41,0xC401,0xC400,0xBBC0,0xBBC0,0xBBA0,0xB380,0xB380,0xB380,0xB380,0xBB80,0xBBA0,0xBBA0,0xBBA0,0xBBA0,
0xBBC0,0xC3C0,0xC3E0,0xC400,0xC400,0xCC20,0xCC20,0xCC20,0xCC20,0xCC20,0xCC20,0xCC00,0xBBC0,0xBBC0,0xBBC1,0xBBE1,
0xC400,0xC421,0xABC1,0x39E5,0x2166,0x2167,0x21A7,0x21A7,0x21C8,0x1987,0x1987,0x29C8,0x31E8,0x29E8,0x19A8,0x1987,
0x1987,0x1987,0x1966,0x0905,0x1925,0x1946,0x1946,0x2187,0x2A08,0x3A29,0x3A08,0x31E8,0x31E8,0x31E8,0x3A08,0x29C7,
0x3A08,0x4249,0x6B6D,0x5B0B,0x52CA,0x7BEE,0x9471,0x9491,0x94B1,0x9491,0x94D2,0x8430,0x4A49,0x632D,0x8430,0xB464,
0xCC81,0xCC80,0xD460,0xD460,0xCC60,0xCC60,0xCC40,0xC420,0xCC20,0xC420,0xCC40,0xCC40,0xCC40,0xCC40,0xCC40,0xC420,
0xC420,0xC400,0xBBE0,0xBBE0,0xB3A0,0xB3A0,0xAB80,0xAB80,0xAB80,0xB3A0,0xB3A0,0xB3C0,0xBBE0,0xBBE0,0xBC00,0xBC00,
0xBC20,0xC420,0xC440,0xCC40,0xCC60,0xD480,0xD480,0xD480,0xD460,0xD460,0xD460,0xD460,0xD460,0xD460,0xD460,0xD460,
0xD460,0xD460,0xD460,0xD460,0xD460,0xD480,0xDC80,0xDC80,0xD480,0xD460,0xD460,0xDC80,0xD480,0xDC80,0xDCA0,0xDCA0,
0xDC80,0xDCA0,0xDCC0,0xDCE0,0xE4E0,0xE4E0,0xE500,0xE500,0xE500,0xED40,0xED40,0xED80,0xED80,0xED80,0xED81,0xED81,
0xED64,0xE565,0xEDA6,0xEDA8,0xE5A9,0xE5AA,0xE5AB,0xEDEB,0xEE0C,0xEE4C,0xF64D,0xFE6D,0xFE8C,0xFE8C,0xFE8B,0xFE8A,
0xFE6A,0xFE6A,0xFE6A,0xFE8B,0xFE6B,0xFE6C,0xFE8D,0xFE8D,0xFE8D,0xFEAD,0xFEAD,0xFEAE,0xFEAF,0xFED0,0xFEAE,0xFEAD,
0xFECE,0xFEEF,0xFEF0,0xFEF0,0xFEEF,0xFEEF,0xFEF0,0xFED0,0xFEF0,0xFEF1,0xFED1,0xFEF1,0xF6F0,0xF6D0,0xF6D0,0xF6F0,
0xF6D0,0xF6D0,0xF6B0,0xF6B0,0xF690,0xF68F,0xF68F,0xF68E,0xF68E,0xF66D,0xF64D,0xF64D,0xEE6F,0xEE4E,0xEE6F,0xEE4E,
0x024C,0x0A6C,0x026D,0x026D,0x026C,0x026C,0x026C,0x0A6D,0x0A6C,0x0A8C,0x1A6C,0x226A,0x2A49,0x3A28,0x3228,0x3209,
0x3229,0x2209,0x11E9,0x0A0A,0x020A,0x09EA,0x09EA,0x01EA,0x01EA,0x09EA,0x01EA,0x01EA,0x01EA,0x01EA,0x0A0B,0x020B,
0x020B,0x024C,0x026C,0x026D,0x028D,0x02AD,0x0AAD,0x0AAE,0x12CE,0x12CD,0x1AED,0x1AEE,0x22EE,0x230D,0x2B0D,0x330D,
0x4B0C,0x630A,0x5B0A,0x532B,0x6329,0x7B27,0x9323,0x9B21,0x9B21,0x9B21,0x9322,0x9323,0x9302,0x9303,0x9303,0x8AE4,
0x82E4,0x82E5,0x72C6,0x72A5,0x9303,0xA341,0xB360,0xB381,0xB3A2,0xB3A1,0xB3A1,0xB3A1,0xB3C1,0xB3C1,0xB3A1,0xAB62,
0x9B42,0x82C3,0x6AA6,0x6286,0x62A7,0x6A65,0x6AC6,0x72A5,0xAB81,0xBBE2,0xBC02,0xC401,0xBBE2,0xBC01,0xC421,0xC421,
0xCC61,0xCC61,0xCC20,0xC420,0xC420,0xC400,0xBBE0,0xBBC0,0xBBA0,0xB380,0xBBA0,0xBBA0,0xBBA0,0xBBA0,0xBBC0,0xBBA0,
0xC3E0,0xC3E0,0xC3E0,0xCC00,0xCC00,0xCC20,0xCC20,0xC420,0xC421,0xCC20,0xCC20,0xC400,0xBBC1,0xB3C1,0xB3A1,0xC3E1,
0xC3E0,0xC421,0xB3E1,0x49E3,0x2986,0x1926,0x1946,0x21A7,0x21A7,0x21A8,0x19A7,0x29C8,0x29C8,0x21A8,0x1187,0x1187,
0x19A8,0x1987,0x1966,0x0905,0x08E5,0x1926,0x1966,0x2187,0x29C8,0x3A49,0x31E8,0x29C7,0x3A28,0x2186,0x31E8,0x2186,
0x4A69,0x4AAA,0x52CA,0x4A89,0x52CA,0x7BCE,0x8C30,0x9491,0x94B1,0x94B1,0x8C71,0x8C71,0x632D,0x636D,0x842D,0xC4A2,
0xCC80,0xD460,0xCC80,0xD480,0xD460,0xCC60,0xCC40,0xCC40,0xCC20,0xCC20,0xCC40,0xD460,0xCC60,0xCC60,0xCC40,0xCC40,
0xCC20,0xCC20,0xC420,0xC400,0xBBE0,0xB3C0,0xABA0,0xABA0,0xABA0,0xB3A0,0xB3C0,0xB3C0,0xBBE0,0xBC00,0xBC00,0xBC20,
0xC420,0xC440,0xCC40,0xCC60,0xD480,0xD4A0,0xD480,0xD480,0xD480,0xD480,0xD480,0xD460,0xD460,0xD480,0xD460,0xD460,
0xD460,0xD460,0xD460,0xD460,0xDC80,0xDC80,0xDC80,0xDC80,0xD480,0xD480,0xD480,0xD480,0xD480,0xD480,0xDC80,0xDCA0,
0xDCA0,0xDCC0,0xDCC0,0xDCE0,0xE500,0xE500,0xE500,0xE500,0xE520,0xED40,0xED60,0xED80,0xED80,0xED80,0xED80,0xEDA1,
0xEDA2,0xF5A3,0xF5C3,0xEDC5,0xEDC8,0xEDAA,0xEDCB,0xEE0C,0xEE2C,0xEE4D,0xF66D,0xFE8D,0xFE8D,0xFE8C,0xFE8C,0xFE8B,
0xFE6C,0xFE6B,0xFE6C,0xFE8B,0xFE6B,0xFE6B,0xFE8B,0xFE8B,0xFE8B,0xFEAC,0xFEAC,0xFEAD,0xFEAD,0xFEAD,0xFEAC,0xFEAC,
0xFECD,0xFECF,0xFEF0,0xFEF0,0xFEEF,0xFEEF,0xFEEF,0xFEF0,0xFED0,0xFEF0,0xFED1,0xFEF1,0xF6F0,0xF6D0,0xF6D0,0xF6D0,
0xF6D0,0xF6D0,0xF6B0,0xF6B0,0xF6B0,0xF68F,0xF6AF,0xF68F,0xF68F,0xF68E,0xF66E,0xF66E,0xF66F,0xF66E,0xEE4E,0xEE4E,
0x0A4C,0x026C,0x0A8D,0x0A8D,0x0A8D,0x0A8D,0x0A8D,0x0A6D,0x0A6D,0x126C,0x126C,0x224A,0x3249,0x3249,0x3249,0x3249,
0x224A,0x1A2A,0x0A0A,0x0A0A,0x09EA,0x01EA,0x01EA,0x01EA,0x01EA,0x01EA,0x01EA,0x01EA,0x01EA,0x01EA,0x01EA,0x020B,
0x020B,0x024C,0x026C,0x026C,0x028D,0x028D,0x0AAE,0x0AAE,0x12CE,0x1ACE,0x1AED,0x22ED,0x22ED,0x1B0D,0x2B0E,0x330E,
0x430C,0x530B,0x4B0C,0x430D,0x532B,0x6B29,0x8B25,0x9B42,0x9B21,0x9B21,0x9B22,0x9B22,0x9B22,0x9302,0x9303,0x8AE4,
0x82E4,0x82E5,0x82E4,0x9323,0xA341,0xAB40,0xB360,0xAB61,0xB3A1,0xB3A1,0xB3A1,0xB3A1,0xB3C1,0xB3C1,0xB3C2,0xA341,
0x9B02,0x8AC3,0x6AA6,0x6286,0x72C7,0x72A5,0x72A5,0x7AC4,0xB3C1,0xBBE1,0xBC01,0xBC01,0xBC01,0xBC02,0xC421,0xC421,
0xCC61,0xCC61,0xC440,0xCC40,0xCC40,0xCC41,0xC420,0xBBE0,0xBBE0,0xBBC0,0xBBA0,0xBBC0,0xBBC0,0xBBC0,0xBBC0,0xBBC0,
0xC3E0,0xC3E0,0xC3E0,0xCC00,0xCC20,0xCC20,0xC400,0xBBE1,0xBBE2,0xBBE1,0xC401,0xBBE0,0xB3C1,0xABC1,0xABC2,0xBBE1,
0xC400,0xC420,0xC402,0x62A4,0x2965,0x2187,0x1926,0x1987,0x21C8,0x21A8,0x19A7,0x2188,0x1987,0x1167,0x1187,0x1187,
0x1967,0x1987,0x1987,0x1966,0x08E5,0x08A4,0x1926,0x1966,0x1946,0x29A7,0x21A6,0x31C7,0x3A29,0x2186,0x3A28,0x31E8,
0x5AEB,0x52EA,0x4AA9,0x4289,0x5B0B,0x6B6C,0x73AD,0x840F,0x9491,0x9491,0x840F,0x8C71,0x6B6D,0x632C,0x8C2C,0xC481,
0xD480,0xD460,0xCC80,0xCC80,0xD460,0xCC60,0xCC40,0xCC40,0xCC40,0xCC40,0xCC40,0xCC60,0xCC60,0xCC60,0xCC60,0xCC60,
0xCC60,0xCC40,0xC420,0xC420,0xBC00,0xBBE0,0xB3C0,0xABA0,0xB3C1,0xB3C1,0xB3C0,0xB3E1,0xBC00,0xBC00,0xBC00,0xBC20,
0xC440,0xC440,0xCC60,0xCC60,0xD460,0xD480,0xD4A0,0xD480,0xD480,0xD480,0xD480,0xD480,0xD480,0xD480,0xD460,0xD460,
0xD460,0xD460,0xD460,0xDC80,0xDC80,0xDC80,0xDC80,0xDC80,0xDC80,0xD480,0xD480,0xD460,0xD480,0xD480,0xDCA0,0xDCA0,
0xDCC0,0xE4E1,0xE4E0,0xE4E0,0xE4E0,0xE500,0xE500,0xE520,0xE520,0xED60,0xED60,0xED80,0xED80,0xEDA0,0xEDA0,0xF5C0,
0xF5E1,0xFDE1,0xF601,0xF603,0xF5E5,0xEDE9,0xEDEC,0xEE2C,0xF62D,0xF66D,0xF66D,0xF68D,0xFE8D,0xFE8C,0xF68C,0xF68C,
0xFE8C,0xFE6C,0xFE6D,0xFE6B,0xFE8A,0xFE69,0xFE89,0xFE88,0xFE89,0xFEAA,0xFE8C,0xFE8C,0xFEAC,0xFEAB,0xFEAB,0xFEAB,
0xFEAD,0xFECF,0xFEEF,0xFEEF,0xFEEF,0xFEEF,0xFECF,0xFEF0,0xFEF0,0xFED1,0xFEF1,0xFEF1,0xF6F0,0xF6D0,0xF6D0,0xF6D0,
0xF6D0,0xF6D0,0xF6B0,0xF6B0,0xF6B0,0xEEAF,0xF6AF,0xF68F,0xF68F,0xF68F,0xF66F,0xF66F,0xF66F,0xF66F,0xEE6F,0xEE4E,
0x026C,0x0A6D,0x0A6D,0x0A6D,0x028C,0x028D,0x0A8D,0x0A6D,0x0A6D,0x126C,0x224A,0x2A49,0x2A69,0x2A49,0x2A4A,0x2A6A,
0x124B,0x0A4C,0x0A2B,0x09EA,0x09E9,0x09EA,0x020A,0x01EA,0x01EA,0x01EA,0x01EA,0x01EA,0x01EA,0x01CA,0x01EA,0x020B,
0x020B,0x022C,0x024C,0x026D,0x028D,0x0A8D,0x0AAD,0x12CD,0x12CD,0x1ACD,0x1ACD,0x1AEE,0x1AED,0x1AEE,0x230E,0x2AEE,
0x32ED,0x330D,0x330D,0x332E,0x332D,0x4B2C,0x7328,0x9324,0x9B41,0x9B21,0x9B22,0xA341,0xA341,0x9B22,0x9B22,0x9303,
0x8B04,0x8AE4,0x9303,0xA362,0xA360,0xAB60,0xAB60,0xB380,0xB3C1,0xB3C1,0xB3C1,0xB3C1,0xB3C1,0xB3C1,0xABA2,0x9B41,
0x9302,0x82C2,0x7AE6,0x72A6,0x7AC6,0x82C4,0x82C2,0x9302,0xB3C2,0xBBC1,0xBC02,0xBC01,0xBC02,0xBC01,0xBC01,0xC421,
0xC441,0xCC61,0xC441,0xCC61,0xCC41,0xCC41,0xCC41,0xCC41,0xCC41,0xCC20,0xC3E0,0xC3E0,0xC3C0,0xC3E0,0xC3E0,0xC400,
0xC400,0xC3E0,0xC400,0xCC00,0xCC00,0xCC21,0xBBC1,0xB3C2,0xABA2,0xABA3,0xABC2,0xABC2,0xABA3,0xABA3,0xB3C2,0xBC00,
0xC401,0xC400,0xABC4,0x5A86,0x29A6,0x2187,0x1125,0x2187,0x29E8,0x29E8,0x21A7,0x1987,0x1987,0x1967,0x1167,0x1987,
0x21A8,0x2187,0x2187,0x2167,0x2146,0x1905,0x1946,0x3A09,0x424A,0x426A,0x426A,0x426A,0x31E7,0x3A28,0x52CB,0x530C,
0x52CB,0x3208,0x3208,0x4A89,0x52AA,0x632B,0x5B2B,0x6B8D,0x8430,0x8C50,0x8C51,0x9492,0x94B2,0x7C0F,0x7BED,0xC4C5,
0xD480,0xD480,0xD480,0xD480,0xD480,0xD460,0xCC60,0xCC60,0xCC60,0xCC40,0xCC40,0xD460,0xD460,0xD480,0xD480,0xD480,
0xD480,0xCC60,0xD460,0xCC60,0xC420,0xC400,0xBBE0,0xB3C0,0xB3C0,0xB3C0,0xBBE0,0xBBE0,0xBC00,0xBC00,0xBC20,0xC421,
0xC421,0xC440,0xC440,0xCC60,0xD480,0xDCA0,0xDCA0,0xD4A0,0xD4A0,0xD4A0,0xD480,0xD480,0xD480,0xDC80,0xDC60,0xD460,
0xD460,0xD480,0xDCA0,0xDC80,0xDC80,0xDC80,0xDC80,0xDC80,0xDC80,0xD480,0xD460,0xD460,0xD460,0xDC80,0xDCA0,0xDCA0,
0xE4C0,0xE501,0xDCE0,0xDCE0,0xDCE0,0xDCE0,0xE4E0,0xE500,0xE520,0xED80,0xF5A0,0xF5A0,0xF5A0,0xF5C0,0xF5C0,0xF5C0,
0xFDE0,0xFDE0,0xF600,0xF621,0xF622,0xF625,0xF60B,0xF62D,0xF64E,0xF68E,0xF68E,0xFE8E,0xFEAD,0xFE8E,0xFE8D,0xFE8D,
0xFE8D,0xFE6D,0xFE6D,0xFE6C,0xFE6B,0xFE88,0xFE87,0xFE87,0xFE87,0xFE88,0xFEAB,0xFE8B,0xFEAA,0xFE89,0xFE89,0xFEAA,
0xFEAB,0xFECD,0xFECF,0xFECE,0xFECC,0xFECB,0xF6CA,0xFEED,0xFEEF,0xFED0,0xFED1,0xFED1,0xFED1,0xFED0,0xFED0,0xF6B0,
0xFEB0,0xF6B0,0xFEAF,0xFEAF,0xF6AF,0xF6AF,0xF6AF,0xF68F,0xF68F,0xF68F,0xF66E,0xF66F,0xF66F,0xEE6F,0xEE6F,0xEE4F,
0x0A6C,0x0A6C,0x0A4C,0x0A6D,0x0A6C,0x0A8C,0x0A8C,0x0A6C,0x126C,0x1A6A,0x2A49,0x2A4A,0x2A4A,0x3249,0x3249,0x2A49,
0x1A2A,0x122B,0x122A,0x11E9,0x11E9,0x09C9,0x01EA,0x01CA,0x01C9,0x01C9,0x01C9,0x01CA,0x01CA,0x01CB,0x01EA,0x020B,
0x020B,0x0A2C,0x024C,0x0A4C,0x026C,0x0AAD,0x0AAD,0x12CD,0x12CD,0x12CD,0x12CD,0x12EE,0x12EE,0x12EF,0x1AEF,0x1AEF,
0x1AEF,0x1B0F,0x130F,0x1B0F,0x2B0E,0x3B2D,0x530B,0x7B27,0x8B23,0x9322,0xA321,0xA341,0xA341,0x9B22,0x9322,0x9322,
0x8B03,0x8AE4,0x8AE3,0x9302,0xA341,0xA360,0xAB60,0xAB60,0xABA1,0xABA1,0xABA1,0xABA1,0xABA1,0xABA1,0xAB81,0xA341,
0x9301,0x92E2,0x8AE3,0x8AC3,0x9303,0x9323,0x9B21,0x9B41,0xABA1,0xB3A1,0xB3E1,0xB402,0xBC02,0xBC01,0xBC01,0xBC21,
0xC441,0xC441,0xC462,0xC461,0xC441,0xC441,0xC441,0xC440,0xC440,0xCC60,0xC421,0xC401,0xC420,0xC420,0xC420,0xC3E0,
0xC3E1,0xC400,0xC400,0xCC00,0xCC00,0xCC21,0xBBE2,0xB3E2,0xB3E1,0xABC2,0xABA2,0xABC1,0xABC3,0xABC3,0xB3C2,0xBBE1,
0xC401,0xABE3,0x5266,0x428A,0x3229,0x21A7,0x29C8,0x3209,0x21A7,0x21C8,0x21A7,0x21A8,0x2188,0x1966,0x1146,0x1146,
0x21C8,0x21A8,0x21A8,0x2167,0x2166,0x1926,0x1925,0x10E5,0x10E4,0x1925,0x1925,0x1104,0x10E4,0x1104,0x2987,0x2186,
0x424A,0x4ACB,0x3228,0x4A89,0x52AA,0x632B,0x634C,0x73AD,0x7BEF,0x840F,0x840F,0x8C71,0x94B2,0x94B2,0x6BAD,0xB4A9,
0xCCC3,0xD4A0,0xD4A0,0xD4A0,0xD480,0xD480,0xD480,0xD460,0xD460,0xCC60,0xD460,0xCC40,0xCC60,0xD480,0xD480,0xD480,
0xD460,0xD480,0xD460,0xD460,0xCC40,0xC440,0xBC20,0xB400,0xB3E0,0xB3C0,0xBBE0,0xBC00,0xBC00,0xBC00,0xC421,0xC421,
0xC421,0xC441,0xCC40,0xD460,0xD480,0xDCA0,0xDCA0,0xDCA0,0xDCA0,0xDCA0,0xD4A0,0xD4A0,0xD480,0xD480,0xD460,0xD480,
0xD480,0xDCA0,0xDCA0,0xDC80,0xDC80,0xD480,0xD480,0xD480,0xDC80,0xD480,0xD460,0xD460,0xD460,0xDC80,0xDCA0,0xE4C0,
0xDCA0,0xDCC0,0xDCE0,0xDCC0,0xDCC0,0xE4E0,0xE4E0,0xE500,0xE520,0xF580,0xF5A0,0xF5C0,0xF5C0,0xF5A0,0xF5A0,0xF5C0,
0xFDC1,0xFDE1,0xF5E1,0xF601,0xF621,0xF644,0xF62B,0xF62D,0xF66E,0xFE8E,0xFE8E,0xFE8F,0xFE8E,0xFE8E,0xFE8E,0xF68E,
0xFE8E,0xF68E,0xF66D,0xFE6B,0xFE4A,0xFE69,0xFE68,0xFE68,0xFE87,0xFE88,0xFE8A,0xFE8B,0xFE8A,0xFEA9,0xFE88,0xFEA8,
0xFEA9,0xFEAC,0xFECD,0xFECD,0xFECB,0xFECA,0xFEA9,0xFEED,0xFEEE,0xFECF,0xFEF0,0xFEF1,0xFED1,0xFED1,0xFED1,0xFED0,
0xFED0,0xF6B0,0xF6AF,0xF68F,0xF6AF,0xF6B0,0xF68F,0xF6AF,0xF690,0xF68F,0xF68F,0xF68F,0xEE6F,0xEE4F,0xEE4F,0xEE4F,
0x026C,0x0A6C,0x0A4C,0x0A4C,0x0A6C,0x0A6C,0x0A6C,0x126B,0x126B,0x126B,0x224A,0x2A4A,0x322A,0x3A08,0x3228,0x2A29,
0x1A2A,0x120A,0x0A0A,0x09EA,0x09C9,0x09C9,0x01C9,0x01C9,0x09C9,0x09C9,0x09C9,0x01A9,0x01CA,0x01AA,0x01CA,0x01EB,
0x0A0B,0x0A2B,0x022C,0x024C,0x026C,0x0A8D,0x0AAD,0x12AD,0x12AE,0x12AE,0x12AD,0x12CD,0x12CE,0x12EE,0x12EE,0x12EE,
0x12EE,0x0AEF,0x0B0F,0x130F,0x1B0F,0x230D,0x430C,0x6B08,0x8305,0x9302,0x9B22,0xA341,0x9322,0x8304,0x8B04,0x8B02,
0x8AC3,0x82E4,0x82E4,0x8AE3,0x9B21,0xA360,0xA340,0xAB61,0xAB81,0xAB81,0xAB82,0xAB82,0xAB82,0xAB82,0xA361,0x9B61,
0x9B41,0x9B62,0x9322,0x9B42,0x9B42,0xA362,0xA361,0xA361,0xAB81,0xABA2,0xABA1,0xABC2,0xB3E1,0xB402,0xB3E2,0xB402,
0xB402,0xBC21,0xBC42,0xBC42,0xBC22,0xBC42,0xBC21,0xC441,0xBC40,0xC461,0xC421,0xC421,0xBC21,0xC420,0xC400,0xC400,
0xCC01,0xC400,0xCC20,0xCC20,0xCC21,0xC421,0xC402,0xBC02,0xB401,0xABC1,0xABA2,0xABC2,0xABA2,0xABA2,0xABA1,0xBBE1,
0xBBE1,0x8364,0x29E8,0x2A0A,0x1967,0x3209,0x3209,0x29A7,0x21A7,0x21A7,0x21A7,0x21A7,0x1946,0x1146,0x1146,0x1146,
0x1966,0x21A8,0x2187,0x1105,0x08E4,0x08C4,0x08C4,0x08C4,0x08C3,0x08A3,0x08C3,0x08C4,0x08E4,0x08C3,0x1946,0x1104,
0x1945,0x3208,0x4A8A,0x4249,0x5AEB,0x630B,0x6B6C,0x6BAD,0x73CE,0x7BEF,0x8450,0x8430,0x7C30,0xA555,0x7C51,0xA44A,
0xD4E5,0xD4C0,0xD4A0,0xD4A0,0xD480,0xD480,0xD480,0xD480,0xD480,0xD480,0xD480,0xCC60,0xD460,0xD480,0xD480,0xD480,
0xD480,0xD480,0xD480,0xCC80,0xCC60,0xC440,0xC420,0xBC00,0xBBE0,0xBBC0,0xBBC0,0xBBE0,0xBBE0,0xC400,0xC401,0xC421,
0xBC21,0xC441,0xCC40,0xD460,0xD480,0xDCA0,0xDCA0,0xD4A0,0xD4A0,0xDCA0,0xD4A0,0xD480,0xD480,0xD460,0xD460,0xD480,
0xDC80,0xDCA0,0xDC80,0xDC80,0xDC80,0xD460,0xDC60,0xDC60,0xD460,0xD460,0xD460,0xD440,0xD460,0xD460,0xDCA0,0xDCA0,
0xDC80,0xDCC0,0xDCC0,0xDCC0,0xDCC0,0xDCE0,0xDCE0,0xE500,0xE520,0xF580,0xF5A0,0xF5A0,0xF5A0,0xF5A0,0xF5A0,0xF5A0,
0xF5A0,0xF5C0,0xF5E1,0xF5E1,0xFE02,0xFE44,0xF62A,0xF62D,0xF66E,0xF68E,0xF68E,0xFE8F,0xFE8E,0xF68E,0xF68E,0xF68E,
0xF68E,0xF66D,0xF66D,0xFE4B,0xFE6A,0xFE49,0xFE68,0xFE68,0xFE68,0xFE88,0xFE8A,0xFE6A,0xFE8A,0xFE89,0xFE88,0xFE88,
0xFEA9,0xFEAB,0xFEAD,0xFEAD,0xFEAA,0xFEAA,0xFECA,0xFECB,0xFECD,0xFEEE,0xFED0,0xF6D1,0xF6D1,0xF6F0,0xFED0,0xF6D0,
0xF6AF,0xF6AF,0xF6AF,0xF6AE,0xF6AF,0xF690,0xF68F,0xF68F,0xF690,0xF68F,0xF68E,0xF66F,0xEE4F,0xEE4F,0xEE4F,0xEE4E,
0x026C,0x0A6C,0x0A6C,0x0A6C,0x0A6C,0x126D,0x126D,0x126C,0x126C,0x0A6C,0x1A2A,0x1A09,0x29E8,0x31E7,0x21C7,0x11C8,
0x09C9,0x09EA,0x01EA,0x01E9,0x09C9,0x01A8,0x0188,0x0188,0x0968,0x0968,0x0969,0x0968,0x0188,0x0188,0x01A8,0x09A9,
0x09A9,0x09CA,0x01EA,0x01EB,0x020B,0x022C,0x0A4C,0x0A4C,0x0A6C,0x0A6C,0x0A6C,0x0A6C,0x0A6C,0x128C,0x0A8C,0x0A8C,
0x0A8C,0x128D,0x128D,0x0A8C,0x12AD,0x1AAD,0x32CC,0x4A8A,0x5AA7,0x6AC5,0x72C3,0x72C4,0x6AA5,0x6AA6,0x6AA6,0x72A4,
0x7283,0x7283,0x7284,0x7A83,0x82A1,0x8AE1,0x9300,0x9301,0x9321,0x9321,0x9321,0x9321,0x9321,0x9321,0x9321,0x8B01,
0x8B21,0x8B21,0x8B22,0x8B22,0x8321,0x8B21,0x8B21,0x8B41,0x8B21,0x8B21,0x9342,0x9361,0x9381,0x9361,0x9B81,0x9B81,
0x9BA1,0xA3A1,0x9BC1,0xA3C1,0xA3C1,0xA3C1,0xA3C1,0xABC1,0xABC1,0xABC1,0xB3E1,0xAC00,0xB421,0xBC20,0xBC20,0xC420,
0xCC40,0xCC40,0xCC40,0xD441,0xCC41,0xCC41,0xC402,0xBC01,0xBBE1,0xB3C2,0xB3A3,0xABA3,0xABA3,0xABC2,0xABC2,0xABC2,
0xABC2,0x5263,0x3A28,0x2166,0x0906,0x1125,0x1966,0x2187,0x2187,0x2187,0x21A7,0x1966,0x2187,0x1987,0x1966,0x1967,
0x1967,0x1946,0x08E5,0x08E4,0x08E4,0x0905,0x0905,0x0904,0x0905,0x1125,0x1125,0x1125,0x1125,0x1946,0x1966,0x1966,
0x2187,0x2186,0x3A29,0x52CB,0x5B0C,0x5B0B,0x5B0B,0x5B2C,0x4AAA,0x4A69,0x4229,0x4249,0x29A7,0x7BEF,0x8C92,0x8BAA,
0xCD07,0xD4C0,0xDCC0,0xD4C0,0xD4A0,0xD4A0,0xD4A0,0xD4A0,0xD480,0xD480,0xD480,0xD480,0xD480,0xD480,0xD480,0xD4A0,
0xD480,0xD480,0xD4A0,0xCC80,0xCC81,0xCC61,0xC421,0xBBE1,0xBBE1,0xBBE1,0xB3E1,0xBC01,0xBC01,0xBC21,0xBC22,0xBC22,
0xBC22,0xBC42,0xC442,0xCC81,0xD481,0xD4A1,0xD481,0xDC81,0xD481,0xD481,0xD480,0xD481,0xD481,0xD461,0xD461,0xDC81,
0xDCA1,0xDCA1,0xD480,0xD481,0xD481,0xD461,0xD461,0xD461,0xD461,0xD461,0xD461,0xD461,0xD441,0xD461,0xD461,0xD461,
0xD481,0xDCA1,0xDCA1,0xDCA1,0xDCC1,0xDCC1,0xDCC1,0xDCE1,0xE501,0xE541,0xED61,0xED61,0xED61,0xED81,0xED81,0xEDC1,
0xEDE1,0xEDC2,0xEDC3,0xEDE4,0xF5E5,0xF627,0xEE2B,0xEE4E,0xEE6E,0xF68E,0xF68F,0xF66F,0xF66E,0xF66D,0xF66D,0xF66D,
0xF66D,0xF64D,0xF66D,0xF66B,0xF66A,0xF66B,0xF66A,0xF66A,0xF689,0xF689,0xF668,0xF669,0xF689,0xFE69,0xF689,0xFE89,
0xFEAA,0xF6AC,0xF6AD,0xFEAD,0xF6AB,0xF6AA,0xF6AA,0xF6AA,0xF6AB,0xF6CD,0xF6D0,0xF6D1,0xEED1,0xF6D0,0xF6D0,0xF6B0,
0xF6AF,0xF6AF,0xF6AF,0xEEAF,0xEE8F,0xEE8F,0xEE8F,0xEE8F,0xF690,0xEE6F,0xEE4E,0xEE4E,0xEE4F,0xEE4F,0xEE4E,0xEE4E,
0x028D,0x0A8D,0x0A8D,0x0A8D,0x0A8D,0x0A8E,0x0AAD,0x0AAD,0x0A6D,0x1A8C,0x7428,0x73E6,0x7BE6,0x7BE5,0x73A6,0x6BA7,
0x6BA6,0x6B87,0x6346,0x5B26,0x6347,0x6346,0x6347,0x5B27,0x5B06,0x6326,0x6326,0x6346,0x6B66,0x6386,0x6BA6,0x6BA7,
0x6BA7,0x6BC7,0x73C7,0x73E7,0x73E7,0x73E7,0x73E7,0x7407,0x7407,0x7407,0x7407,0x7407,0x7407,0x7C27,0x7C48,0x7C48,
0x7C68,0x7C28,0x7C28,0x7C68,0x7C89,0x8489,0x8468,0x8C48,0x8C27,0x9C86,0xACC6,0xACE6,0xACE6,0xB4A5,0xAC85,0xAC65,
0xB484,0xB484,0xB485,0xAC85,0xB485,0xBCC4,0xBCC4,0xC4C4,0xBCE4,0xBCE4,0xBCE4,0xBCE5,0xBCE4,0xBCC4,0xBCA4,0xB484,
0xAC83,0xAC84,0xAC63,0xAC64,0xB4A4,0xBCC4,0xBCE5,0xBCE5,0xBCE5,0xBCE5,0xB4E4,0xBD25,0xC544,0xC524,0xC545,0xC544,
0xC564,0xC544,0xC544,0xC544,0xCD64,0xCD85,0xCD84,0xCD64,0xCD64,0xCD64,0xCD44,0xC524,0xCD24,0xB482,0xB440,0xC440,
0xCC61,0xCC60,0xD480,0xD481,0xD481,0xCC81,0xC421,0xBC22,0xBC01,0xB3E2,0xB3C2,0xABA3,0xABC3,0xABC2,0xABC3,0xABC3,
0xABA3,0x51E3,0x4A69,0x1105,0x08E6,0x08A4,0x08E4,0x10E4,0x1125,0x1966,0x1966,0x1946,0x1966,0x1987,0x1966,0x1966,
0x1966,0x1946,0x1926,0x1125,0x1125,0x1146,0x1146,0x1146,0x1966,0x1966,0x1966,0x1986,0x2187,0x29C8,0x29E8,0x29E8,
0x29E8,0x21A7,0x29E7,0x3A28,0x3A08,0x3A28,0x3208,0x31E8,0x2145,0x31E8,0x31C8,0x31E8,0x29C8,0x636D,0x8450,0x7BAA,
0xC527,0xDCE0,0xDCE0,0xDCE0,0xDCC0,0xDCE0,0xDCC0,0xD4A0,0xD4A0,0xD4A0,0xD480,0xD480,0xD480,0xD4A0,0xDCC0,0xD4A0,
0xD480,0xD480,0xCC81,0xBC22,0x7282,0x6A62,0x6A42,0x6A22,0x6A22,0x6222,0x6222,0x6222,0x6222,0x6242,0x6A42,0x6A42,
0x6242,0x6A42,0x6A42,0x7282,0x7282,0x7282,0x7282,0x7282,0x6A62,0x7282,0x7282,0x7282,0x7282,0x6A62,0x7262,0x7282,
0x7282,0x7282,0x7282,0x7262,0x7262,0x7262,0x7262,0x7262,0x7262,0x7262,0x7262,0x7262,0x6A62,0x6A62,0x7262,0x6A62,
0x6A62,0x7262,0x7262,0x7282,0x72A2,0x72A2,0x72A2,0x7AA2,0x7AC2,0x7AC2,0x7AC2,0x8302,0x7AE2,0x7AE2,0x8302,0x7B02,
0x8302,0x8303,0x8303,0x8324,0x8325,0x8326,0x8347,0x8348,0x8348,0x8368,0x8368,0x8348,0x8368,0x8347,0x8347,0x8368,
0x8347,0x8368,0x8367,0x8367,0x8367,0x8368,0x8367,0x8367,0x8B67,0x8366,0x8365,0x8366,0x8366,0x8366,0x8365,0x8366,
0x8366,0x8387,0x8387,0x8367,0x8386,0x8386,0x8386,0x8386,0x8367,0x8388,0x8389,0x8389,0x838A,0x8389,0x8389,0x8389,
0x8368,0x8368,0x8389,0x8389,0x8388,0x8388,0x7B68,0x7B68,0x8369,0xB50C,0xE64F,0xEE4E,0xEE4F,0xEE4F,0xEE4E,0xEE4E,
0x028D,0x02AD,0x0AAE,0x0AAE,0x0AAE,0x0AAF,0x02AE,0x02AE,0x0A8D,0x228A,0xB525,0xAD06,0xA4E7,0x9CC6,0x9CA6,0x9CA7,
0x9C86,0x9466,0x9447,0x8C26,0x8C26,0x8C26,0x8C06,0x7BE6,0x7BE6,0x8C06,0x8C06,0x8C26,0x8C46,0x9466,0x9466,0x9466,
0x9486,0x9486,0x9CC7,0xA4E7,0xA4E7,0xA4C7,0xA4C6,0xA4E7,0xA508,0xA507,0xA4E7,0xA4E7,0xA4E7,0xAD07,0xAD28,0xA527,
0xAD07,0xAD07,0xAD07,0xB527,0xB548,0xB548,0xAD27,0xAD28,0xAD28,0xB547,0xBD87,0xC5C8,0xC5C8,0xC5C8,0xBD88,0xBD67,
0xBD67,0xBD87,0xBD67,0xB548,0xB547,0xBD68,0xC567,0xC587,0xCE08,0xD629,0xD629,0xCE29,0xCDE8,0xC5C8,0xC5C8,0xC5A8,
0xC5A8,0xC5A8,0xBD67,0xBD67,0xCD87,0xCDA8,0xCDC8,0xCDC8,0xCDC7,0xCDE7,0xCDE7,0xC608,0xCE28,0xCE28,0xCE28,0xCE28,
0xCE28,0xD648,0xCE28,0xCE07,0xCE27,0xCE48,0xD668,0xD648,0xD648,0xCE28,0xC608,0xCE07,0xD5A4,0xB442,0xAC01,0xBC21,
0xCC61,0xD480,0xD4A0,0xD481,0xD4A1,0xD4A1,0xC421,0xC421,0xBC01,0xB3E1,0xB3C2,0xABA3,0xABC3,0xA3C3,0xABA3,0xA3C3,
0xA3A4,0x49C3,0x52AA,0x08E5,0x08E5,0x08C4,0x08C4,0x08E4,0x08C4,0x1146,0x1966,0x0905,0x08E4,0x0904,0x1125,0x1125,
0x1125,0x1125,0x1125,0x1125,0x1925,0x1946,0x1946,0x1925,0x1946,0x1946,0x1946,0x1946,0x1145,0x1946,0x1946,0x1145,
0x1125,0x1145,0x1145,0x29A7,0x3A08,0x31E8,0x29E7,0x29C7,0x2166,0x3A08,0x424A,0x3A49,0x29C8,0x5B2C,0x7BEF,0x842D,
0xBCE7,0xDD00,0xDD00,0xDCE0,0xDCE0,0xDCE0,0xDCC0,0xDCC0,0xDCC0,0xD4A0,0xD4A0,0xD480,0xD480,0xE521,0xE500,0xD4C0,
0xD4A0,0xD480,0xC481,0x8301,0x1880,0x1880,0x1880,0x1880,0x1880,0x1880,0x1880,0x1880,0x1880,0x1880,0x1860,0x1880,
0x1880,0x18A0,0x1880,0x1880,0x1880,0x18A0,0x18A0,0x1880,0x1880,0x1880,0x1880,0x18A1,0x18A1,0x18A1,0x1881,0x1880,
0x1880,0x1880,0x1880,0x1880,0x1880,0x1880,0x1880,0x1880,0x1880,0x1880,0x1880,0x18A1,0x1881,0x1880,0x1880,0x1880,
0x1880,0x1880,0x2080,0x1880,0x1880,0x1880,0x1880,0x1880,0x2080,0x1880,0x20A0,0x2080,0x20A0,0x20A0,0x20C0,0x20C0,
0x18A0,0x18A0,0x20A1,0x20A1,0x20A1,0x20A1,0x20C1,0x18A1,0x18A1,0x18A1,0x18A1,0x20A1,0x18A1,0x18C1,0x18C1,0x18C1,
0x18C1,0x20C1,0x20C1,0x20C1,0x20C1,0x20C1,0x20A1,0x20A1,0x20A1,0x20A1,0x18C1,0x20C1,0x20C1,0x20C1,0x18C1,0x18C1,
0x18C1,0x18C1,0x20C1,0x20C1,0x20C1,0x20C1,0x20C1,0x20A1,0x20A1,0x20C1,0x20C1,0x18C1,0x20C1,0x20C2,0x20A1,0x18A1,
0x20A1,0x20A1,0x20C1,0x20C1,0x20C1,0x20A2,0x18A2,0x18A2,0x20C2,0x6AC7,0xDE30,0xE64E,0xEE4E,0xEE4F,0xEE4F,0xEE4E,
0x02AE,0x0AAE,0x0AAE,0x0AAE,0x0AAE,0x0AAE,0x02AE,0x028E,0x026D,0x226A,0xACE5,0x4B29,0x22AD,0x1AAE,0x1ACD,0x1A8D,
0x1A8D,0x1A6D,0x1A6C,0x1A4C,0x1A4B,0x1A4B,0x1A4B,0x1A4C,0x1A2C,0x1A2B,0x1A2B,0x1A2B,0x122B,0x1A0B,0x1A0B,0x120A,
0x1A2B,0x122A,0x1A4C,0x1A6C,0x1A6D,0x1A8D,0x1A6D,0x1A6D,0x1A8E,0x1A8E,0x22AE,0x22AE,0x228E,0x228D,0x228D,0x22AE,
0x22AE,0x22AD,0x228D,0x226C,0x228E,0x22AF,0x22F0,0x1AF0,0x22F0,0x22CF,0x22AE,0x22AD,0x22AD,0x22CE,0x22CE,0x22CF,
0x22F0,0x1AF0,0x2310,0x2331,0x2331,0x2311,0x22F0,0x22CF,0x2310,0x2330,0x2330,0x2B31,0x2B51,0x2331,0x2331,0x2330,
0x1B10,0x2330,0x2351,0x2331,0x2311,0x2310,0x1AEF,0x22EF,0x22AE,0x22AD,0x22CE,0x230F,0x2330,0x2330,0x2330,0x2330,
0x2330,0x2330,0x2330,0x2331,0x2310,0x1B10,0x1AEF,0x230F,0x2310,0x2310,0x22CE,0x5BAA,0xC5A5,0x9BE1,0x9BC0,0xB421,
0xC461,0xCC81,0xD4A1,0xD4A1,0xD4A1,0xD4C1,0xC441,0xBC21,0xBC01,0xB3E1,0xB3E2,0xABC3,0xA3C3,0xA3C3,0xA3C4,0xA3C4,
0x9BA4,0x4183,0x62EA,0x10E4,0x08E5,0x08E4,0x08A4,0x08E4,0x08C4,0x1966,0x1987,0x08C4,0x08C4,0x08C4,0x08E4,0x08E4,
0x08C4,0x08A4,0x08C4,0x08C4,0x08C4,0x08A4,0x08A4,0x08C4,0x08C4,0x08C4,0x08C4,0x08A4,0x08C4,0x08C4,0x08C4,0x08C4,
0x0904,0x0925,0x0945,0x31E8,0x52EC,0x5B2C,0x3228,0x29E7,0x29E7,0x31E7,0x52EB,0x4ACB,0x21A7,0x428A,0x5B2D,0x7C4E,
0xAC87,0xDD21,0xDD20,0xDD00,0xE500,0xE500,0xDCE0,0xDCE0,0xDCC0,0xDCC0,0xDCC0,0xD480,0xD480,0xDCC0,0xDCE0,0xDCC0,
0xDCC0,0xD480,0xBC41,0x7261,0x0820,0x0840,0x0840,0x0840,0x0841,0x0840,0x0841,0x0840,0x0840,0x0841,0x0841,0x0841,
0x0840,0x0840,0x0840,0x0860,0x0861,0x0861,0x0841,0x0840,0x0840,0x0840,0x0840,0x0840,0x0840,0x0841,0x0840,0x0840,
0x0840,0x0840,0x0840,0x0840,0x0840,0x0840,0x0840,0x0840,0x0840,0x0840,0x0840,0x0840,0x0840,0x0840,0x0840,0x0840,
0x0840,0x0840,0x0840,0x0820,0x0840,0x0820,0x0840,0x1040,0x0840,0x0840,0x0841,0x0840,0x0841,0x0840,0x0840,0x0861,
0x1061,0x0861,0x0841,0x0840,0x1041,0x1040,0x0840,0x0841,0x0840,0x0841,0x1041,0x1061,0x1041,0x0841,0x0841,0x0841,
0x0841,0x1061,0x1061,0x0840,0x0860,0x0840,0x1040,0x1061,0x0820,0x0820,0x1040,0x1061,0x1061,0x1040,0x1041,0x0840,
0x0820,0x0820,0x0820,0x0840,0x0820,0x0820,0x0840,0x0820,0x0820,0x0840,0x0840,0x0820,0x0820,0x0840,0x0840,0x0840,
0x0840,0x0840,0x0820,0x0820,0x0820,0x0840,0x0820,0x0820,0x0820,0x5205,0xD5CE,0xE60D,0xEE2E,0xEE4E,0xEE4E,0xEE4E,
0x02AE,0x02AE,0x02AE,0x02AE,0x0A8E,0x0A8E,0x0A8D,0x026D,0x0A2C,0x224A,0xA4C6,0x32EC,0x0A70,0x0270,0x0270,0x0271,
0x0271,0x0270,0x0250,0x024F,0x024F,0x022E,0x020E,0x022E,0x0A2E,0x022E,0x0A2E,0x0A2F,0x022F,0x0A4F,0x022F,0x024F,
0x026F,0x026F,0x0270,0x0270,0x0290,0x0270,0x0250,0x0250,0x0250,0x0250,0x0250,0x0270,0x0271,0x0292,0x0AB2,0x0A71,
0x0A71,0x0A91,0x0A91,0x0A91,0x0A91,0x0AB2,0x0AB3,0x02B3,0x0293,0x0292,0x02D3,0x02D3,0x02B1,0x02B2,0x0AB2,0x02B2,
0x02D3,0x02D3,0x0AD3,0x02D3,0x02B3,0x02D4,0x02F4,0x02F4,0x02D3,0x02B2,0x0272,0x0292,0x02D3,0x02F4,0x02F4,0x02F4,
0x02F3,0x02D3,0x02F4,0x0314,0x0314,0x02D4,0x02D4,0x02D3,0x02D3,0x02B3,0x02D3,0x02B3,0x0293,0x02B3,0x02D3,0x02D3,
0x02D3,0x02D3,0x02D2,0x02D3,0x02B4,0x02D4,0x02D4,0x0B14,0x0AF4,0x02D4,0x0AB2,0x438D,0xCDA6,0x93A1,0x9BA1,0xB401,
0xC462,0xCC81,0xCCA2,0xD4A1,0xD4C1,0xDCC1,0xD4A1,0xCC61,0xBC21,0xB3E1,0xB3E2,0xB3C3,0xABC2,0xABC2,0xA3C2,0xABC3,
0x9B84,0x4183,0x736A,0x1925,0x08E5,0x08E5,0x08C4,0x08C4,0x1105,0x1946,0x1986,0x00C3,0x08C4,0x08E5,0x08E4,0x08E4,
0x08C4,0x08C4,0x08C4,0x08C4,0x08C4,0x08C4,0x08C4,0x08C4,0x08C4,0x08C4,0x08C4,0x08C4,0x08C4,0x08E4,0x08E4,0x08E5,
0x0905,0x1125,0x1146,0x3A28,0x6B8D,0x636D,0x3A28,0x29A7,0x29C6,0x31E7,0x52EB,0x52EB,0x1966,0x29E8,0x3A29,0x6BCE,
0xA489,0xDD22,0xDD21,0xDD20,0xE520,0xDD00,0xDD00,0xDD00,0xDD00,0xDCE0,0xDCE0,0xDCC0,0xD4A0,0xD4A0,0xDCC0,0xDCC0,
0xDCC0,0xD480,0xBC21,0x7261,0x0820,0x0840,0x1061,0x4A6A,0x52AA,0x52AA,0x528A,0x52AA,0x528A,0x528A,0x52AA,0x52AA,
0x528A,0x52AA,0x5ACB,0x5AEB,0x5AEB,0x5AEB,0x630B,0x62EB,0x630C,0x630C,0x630B,0x630B,0x632C,0x630C,0x630C,0x5AEB,
0x5ACA,0x52AA,0x5289,0x5AEB,0x632C,0x630C,0x630B,0x5AEB,0x5AEB,0x52AA,0x4A69,0x52AA,0x5AEB,0x5AEB,0x630B,0x630C,
0x630C,0x630C,0x632C,0x5AEB,0x5AEB,0x5AEB,0x5AEB,0x5ACB,0x5ACB,0x630C,0x6B4D,0x6B4D,0x632C,0x5AEB,0x5ACB,0x632C,
0x6B4C,0x632C,0x6B6D,0x738E,0x738D,0x6B4D,0x6B6D,0x6B6D,0x6B6D,0x6B2C,0x632C,0x6B6D,0x6B6D,0x6B6D,0x6B2D,0x6B6D,
0x6B4D,0x6B4C,0x6B6D,0x6B6D,0x6B6D,0x736D,0x6B6D,0x6B4C,0x5ACA,0x630B,0x6B6D,0x6B4C,0x6B4C,0x736D,0x6B6D,0x5ACA,
0x18A2,0x0840,0x0840,0x0820,0x0820,0x0840,0x0820,0x0820,0x0820,0x0820,0x0820,0x1081,0x41E7,0x0861,0x0820,0x0840,
0x0840,0x0820,0x0840,0x0840,0x1040,0x0820,0x0840,0x1020,0x0840,0x49E4,0xCD8E,0xE5CD,0xEE2E,0xEE4E,0xEE2E,0xEE2E,
0x028D,0x028D,0x028D,0x028D,0x0A8E,0x0A8D,0x0A8D,0x024D,0x020C,0x2229,0x9CA6,0x32CB,0x0A70,0x0290,0x0290,0x0271,
0x0270,0x0270,0x0270,0x024F,0x022F,0x022E,0x0A4E,0x022E,0x020D,0x020E,0x022E,0x020E,0x022E,0x022E,0x022E,0x024F,
0x022F,0x022F,0x022F,0x024F,0x024F,0x0270,0x0A70,0x0291,0x0291,0x0271,0x0270,0x0270,0x0291,0x02B2,0x0291,0x0A91,
0x0A91,0x0250,0x0270,0x0270,0x0270,0x0271,0x02B2,0x0AD3,0x02D3,0x02D4,0x02D3,0x02D3,0x02D2,0x02F3,0x0AD3,0x02B2,
0x02B2,0x0AD3,0x02D3,0x0AF3,0x02B3,0x02B3,0x02D4,0x02F3,0x0AD3,0x02B2,0x0292,0x0292,0x0292,0x0292,0x02B3,0x02B2,
0x02D3,0x02F3,0x02F4,0x02F4,0x0314,0x0B35,0x0B34,0x0314,0x02F4,0x02D3,0x02F4,0x0AF4,0x0AB3,0x0292,0x02B3,0x02F4,
0x02D3,0x02D3,0x02B3,0x0AF3,0x02D3,0x02B3,0x02B3,0x02D3,0x02D3,0x02D3,0x0AD3,0x438D,0xCDA6,0x8B81,0x9381,0xABE2,
0xC442,0xCC81,0xCC81,0xD4A1,0xD4A1,0xD4C1,0xD4C2,0xD4C2,0xCCA1,0xC441,0xBC22,0xB3E2,0xB3C2,0xABC2,0xABC1,0xA3A2,
0x9BA3,0x7263,0x83CA,0x1946,0x0905,0x1105,0x08E4,0x08E4,0x1125,0x1125,0x1966,0x00C3,0x08E4,0x08E5,0x08E4,0x08E4,
0x08C4,0x08C4,0x08A4,0x08C4,0x08C4,0x08C4,0x08C4,0x08C4,0x08C4,0x08C4,0x08C4,0x00C3,0x08C3,0x08C4,0x08E4,0x08E5,
0x1106,0x1146,0x1166,0x3A49,0x73AD,0x5B2C,0x3A28,0x29A7,0x21A6,0x31E7,0x5B0B,0x52CB,0x1946,0x3229,0x3249,0x532D,
0x9CAB,0xDD22,0xDD20,0xE500,0xE520,0xDD00,0xDD00,0xDD00,0xDD00,0xDCE0,0xDCE0,0xDCE0,0xDCC0,0xDCC0,0xDCE0,0xDCC0,
0xDCC0,0xD480,0xC441,0x7261,0x0840,0x0840,0x4228,0xA534,0x94D2,0xA514,0xAD55,0xA534,0xA534,0x9CD3,0xA514,0xA514,
0xA514,0x9CF3,0xAD55,0xBDD7,0xBDF7,0xBDF7,0xBDF7,0xBDD7,0xB5B6,0xBDD7,0xBDF8,0xBDF7,0xBDF7,0xBDD7,0xB5B7,0xBDF7,
0xBDF7,0xBDD7,0xB596,0xAD55,0xA534,0xA534,0xB596,0xB5B6,0xB596,0xB596,0xB596,0xB596,0xAD76,0xAD76,0xB596,0xBDF8,
0xC618,0xC638,0xC618,0xB5B6,0xAD75,0xB596,0xC617,0xC618,0xBDF8,0xBDD7,0xC618,0xC638,0xCE59,0xCE7A,0xCE59,0xC618,
0xCE59,0xCE9A,0xCE7A,0xCE59,0xCE7A,0xD6BB,0xD69A,0xCE79,0xD69A,0xDEDB,0xDEDB,0xD6BB,0xCE79,0xD69A,0xD6BA,0xDEDB,
0xDEDB,0xD69A,0xDEDB,0xD6BA,0xCE59,0xC617,0xC618,0xCE59,0xD69A,0xD6BA,0xD699,0xD699,0xD6BA,0xDEDA,0xDEDB,0xCE59,
0x39E7,0x0820,0x0820,0x0820,0x0840,0x0820,0x0820,0x0820,0x0820,0x0820,0x3986,0x8410,0xC638,0x8C51,0x4228,0x0840,
0x0840,0x0840,0x1040,0x1040,0x1040,0x0820,0x0820,0x0820,0x0820,0x49E4,0xD56D,0xE5CD,0xEE2E,0xEE2E,0xEE2E,0xEE2E,
0x026D,0x028D,0x028D,0x028D,0x028D,0x0A8D,0x0A6D,0x024C,0x01EC,0x1A29,0xA4C6,0x32EB,0x0A6F,0x0250,0x0270,0x0270,
0x0291,0x0291,0x0270,0x0A70,0x026F,0x022F,0x020E,0x020E,0x01ED,0x020D,0x01ED,0x01ED,0x01ED,0x01ED,0x01ED,0x01ED,
0x020D,0x020E,0x022E,0x0A2F,0x0A2F,0x022F,0x0270,0x0291,0x0AB1,0x0AB1,0x0A91,0x0271,0x0291,0x0270,0x0A91,0x0A91,
0x0271,0x0250,0x0271,0x0290,0x0290,0x0290,0x0270,0x02B2,0x02B2,0x02B3,0x0AB3,0x02B3,0x02B2,0x02B2,0x0AB3,0x02B3,
0x02B2,0x02B2,0x02B3,0x02D3,0x02D3,0x02B2,0x02D3,0x02D3,0x02D3,0x02B3,0x0AD3,0x0AD3,0x0AD3,0x0AD3,0x0AD3,0x02B2,
0x02B2,0x02B2,0x02D3,0x02D3,0x02D3,0x02F4,0x02F4,0x0314,0x0AF3,0x0AF4,0x02D4,0x02F4,0x02D3,0x0AD3,0x02B3,0x02F4,
0x02F4,0x02F4,0x02F4,0x02D3,0x02F3,0x02F3,0x02D3,0x02D3,0x02D3,0x0AF3,0x0AD3,0x43AE,0xCDE7,0x8B82,0x8B41,0xA3E2,
0xBC42,0xC462,0xCC82,0xCCA1,0xD4A1,0xD4C2,0xD4C2,0xD4C1,0xD4C1,0xD4E1,0xCCA1,0xC461,0xBC01,0xBBE2,0xBBE1,0xB401,
0xBC01,0xBC22,0x9C2A,0x21A7,0x1105,0x1125,0x08E4,0x1946,0x1946,0x0904,0x1125,0x08A3,0x1105,0x08E5,0x08E4,0x08E5,
0x08E4,0x08C4,0x08C4,0x08C4,0x08C4,0x08C4,0x08C4,0x08C4,0x08C4,0x08C4,0x10E5,0x1925,0x1104,0x08C3,0x08E4,0x08E5,
0x1146,0x1966,0x1166,0x428A,0x73CE,0x5B0C,0x3228,0x1986,0x08E4,0x3208,0x52EA,0x4269,0x2186,0x3229,0x29C8,0x536F,
0x9CF0,0xDD43,0xDD21,0xDD01,0xE521,0xE520,0xE520,0xE520,0xDD00,0xDD00,0xDD00,0xDD00,0xDD00,0xDD00,0xDD00,0xDCE0,
0xDCE0,0xD4A0,0xC441,0x7261,0x0800,0x0820,0x630C,0xBE18,0xBDF7,0xB596,0xBDD7,0xBDD7,0xBDF7,0xBDF7,0xBDF7,0xC618,
0xCE58,0xCE79,0xC638,0xC618,0xC618,0xC638,0xCE59,0xCE59,0xC639,0xC618,0xC639,0xC618,0xC618,0xBDF8,0xC618,0xC618,
0xBDF8,0xC618,0xCE59,0xCE59,0xCE59,0xCE59,0xC638,0xC618,0xC638,0xC618,0xBDF7,0xBDF7,0xC618,0xC639,0xC639,0xC618,
0xC618,0xC618,0xC638,0xCE59,0xCE59,0xCE59,0xCE59,0xBDD7,0xBDF7,0xC638,0xCE79,0xD6BA,0xDEDB,0xDEDB,0xE73C,0xE73C,
0xDEFB,0xDEDB,0xDEFC,0xDEDB,0xD6BA,0xDEDB,0xDEDB,0xD6BB,0xDEDB,0xD6BB,0xD6BB,0xDEFC,0xDEFC,0xDEFB,0xD6BB,0xDEDB,
0xDEFC,0xDEDB,0xDEDB,0xE71C,0xE73C,0xE73C,0xE73C,0xE71C,0xE71C,0xE71C,0xE6FB,0xE6FB,0xE6FB,0xD6BA,0xE71B,0xEF5D,
0x5289,0x0820,0x0840,0x0840,0x0820,0x0820,0x0820,0x0840,0x1061,0x5269,0xEF5C,0xEF5D,0xEF5C,0xF7BE,0xEF5D,0x8C50,
0x18A2,0x0820,0x0840,0x0820,0x0820,0x0820,0x0820,0x1020,0x0820,0x49E4,0xCD4D,0xDDCC,0xEE2D,0xEE2E,0xEE2D,0xEE2E,
0x026D,0x026D,0x026D,0x026D,0x026D,0x0A6D,0x026C,0x022C,0x020B,0x2209,0xA4C5,0x32CA,0x0A4F,0x0270,0x0270,0x0250,
0x0291,0x0291,0x0270,0x0270,0x0A70,0x024F,0x022E,0x022E,0x020D,0x09ED,0x0A0E,0x01ED,0x0A0E,0x020D,0x01ED,0x01ED,
0x020D,0x020D,0x020D,0x022E,0x022E,0x024F,0x024F,0x026F,0x0250,0x0A70,0x0A70,0x0250,0x0270,0x0A71,0x0271,0x0291,
0x0291,0x0271,0x0270,0x0271,0x0270,0x0270,0x0290,0x0291,0x0291,0x02B1,0x0AD2,0x0AD1,0x0AB1,0x02B2,0x0291,0x02B2,
0x0291,0x02D2,0x02B2,0x02D3,0x0AD3,0x02B1,0x02B2,0x02D3,0x02F3,0x02D3,0x02B3,0x0AD3,0x0AD2,0x0AB2,0x0AD2,0x02B3,
0x02B2,0x02B2,0x02D2,0x02B2,0x02B2,0x02F4,0x0314,0x02F4,0x02D3,0x0AF4,0x02D3,0x02F4,0x0314,0x02F3,0x02D3,0x0B14,
0x0314,0x0314,0x02F4,0x02D3,0x02D3,0x02F4,0x02F4,0x0314,0x02F4,0x02D3,0x0AB2,0x438E,0xCDE7,0x8B82,0x8341,0xA3E1,
0xBC42,0xC442,0xCC82,0xCC81,0xCC81,0xD4A2,0xD4A2,0xD4A2,0xD4C1,0xD4E0,0xD4C0,0xD4A0,0xCC61,0xC421,0xC421,0xC401,
0xC401,0xBC02,0x6AC7,0x31C7,0x29C7,0x1125,0x1105,0x1125,0x1966,0x08E4,0x1105,0x00A3,0x1926,0x1946,0x08E5,0x08E4,
0x08E4,0x08C4,0x08C4,0x08C4,0x08C4,0x08C4,0x08C4,0x08C4,0x08C4,0x00A3,0x29A7,0x29C8,0x4A8A,0x08C3,0x0904,0x0905,
0x1966,0x19A6,0x1186,0x42A9,0x6B8D,0x52EB,0x3228,0x1966,0x08E4,0x428A,0x638D,0x4269,0x3208,0x2187,0x21A7,0x530D,
0x8C8F,0xD547,0xCCE4,0xBC63,0xDD21,0xE520,0xE520,0xDD00,0xDD00,0xDD00,0xDD00,0xDD00,0xDD00,0xE500,0xE500,0xE500,
0xDD00,0xD4A0,0xC441,0x7261,0x0820,0x0840,0x5AEB,0xBE18,0xBDF7,0xB5B6,0xB5B6,0xBDF7,0xBDF7,0xBDF7,0xC638,0xC638,
0x8430,0x5AEB,0x4A49,0x39C7,0x31A6,0x39C7,0x39C7,0x39C7,0x39C7,0x39E7,0x31A6,0x3186,0x31A6,0x31A6,0x39C7,0x31A6,
0x31A6,0x39C7,0x39C7,0x39C7,0x39C7,0x39C7,0x39C7,0x31A6,0x39C7,0x39C7,0x39C7,0x39C7,0x39C7,0x39C7,0x39C7,0x31A6,
0x3186,0x39A6,0x39C7,0x39C7,0x31A6,0x31A6,0x39C7,0x39C7,0x39C7,0x3186,0x31A6,0x39E7,0x4208,0x9CD3,0xDEDA,0x7BAE,
0x4A28,0x4208,0x4207,0x41E7,0x39C7,0x41E7,0x4208,0x4207,0x4207,0x4208,0x4207,0x41E7,0x4207,0x4208,0x4208,0x41E7,
0x39C7,0x41E7,0x41E7,0x4207,0x4208,0x4208,0x4208,0x4207,0x39C7,0x41E7,0x4207,0x4207,0x4208,0x4208,0x73AE,0xD69A,
0x528A,0x0820,0x0820,0x0820,0x0820,0x0840,0x0820,0x0840,0x39A6,0xD699,0xFFBE,0xF7BE,0xF7BE,0xEF7D,0xF7BE,0xF79D,
0x630B,0x0820,0x0840,0x0840,0x0840,0x0840,0x0820,0x0820,0x0820,0x49E4,0xCD4D,0xDDAC,0xEE0D,0xEE2D,0xEE2D,0xEE2D,
0x026C,0x026C,0x026C,0x026C,0x026C,0x0A6C,0x024C,0x022C,0x01EB,0x1A29,0xA4A5,0x3ACA,0x0A4F,0x0270,0x0270,0x0250,
0x0291,0x0291,0x0270,0x0A90,0x0A90,0x024F,0x024F,0x022E,0x020D,0x0A0D,0x0A0E,0x020D,0x0A2E,0x0A0E,0x01ED,0x020D,
0x020E,0x020E,0x020D,0x022E,0x022F,0x024F,0x0270,0x024F,0x022F,0x024F,0x0A70,0x024F,0x024F,0x0270,0x0271,0x0291,
0x0291,0x0271,0x0271,0x0291,0x0271,0x0270,0x0270,0x0290,0x0291,0x0291,0x0A92,0x12D0,0x0A90,0x02B2,0x02B2,0x02B2,
0x02B2,0x02B2,0x02B3,0x02D3,0x0AD3,0x0292,0x0292,0x02B2,0x02D3,0x02D3,0x02D3,0x0AF4,0x0AD3,0x0AD3,0x02D3,0x02F4,
0x02B3,0x02B3,0x02D3,0x02B2,0x02B2,0x02D3,0x02F4,0x02D4,0x02D3,0x02D3,0x02D4,0x02F4,0x0314,0x0314,0x02F3,0x0314,
0x0314,0x0314,0x02F4,0x02F4,0x02F4,0x02F4,0x02F4,0x02F4,0x02F4,0x02D3,0x0AB1,0x438D,0xCDE7,0x8B81,0x8341,0xA3C1,
0xBC22,0xC441,0xC462,0xCC82,0xCCA1,0xCCA1,0xD4A2,0xD4A2,0xD4C2,0xD4C1,0xD4C0,0xD4C0,0xD480,0xCC61,0xCC61,0xC421,
0xC401,0xB3E3,0x4205,0x29C8,0x3208,0x29A7,0x1125,0x0905,0x1967,0x0905,0x08E5,0x08C4,0x1105,0x2187,0x08E4,0x08E5,
0x08E4,0x08C4,0x08C4,0x08C4,0x08C4,0x08E4,0x08C4,0x08C4,0x08A4,0x1105,0x2187,0x2166,0x3A29,0x29C7,0x0904,0x1125,
0x1986,0x19A7,0x1186,0x42AA,0x5B0B,0x428A,0x29E7,0x1986,0x1125,0x5B2C,0x638D,0x4269,0x29C7,0x29A7,0x19A7,0x322A,
0x5B2C,0xB50B,0x8B85,0x8B84,0xDD22,0xE540,0xE521,0xE520,0xDD00,0xDD00,0xDD00,0xDD00,0xE500,0xDD20,0xE500,0xE500,
0xDCE0,0xD4C0,0xC441,0x7261,0x0820,0x0820,0x5AEB,0xC618,0xBDF7,0xB5D7,0xBDD7,0xBDF7,0xBDD7,0xBDD7,0x8C51,0x5ACB,
0x2124,0x18C3,0x2104,0x2124,0x2945,0x2965,0x3185,0x3185,0x2965,0x2965,0x2965,0x3185,0x31A6,0x3186,0x2945,0x2945,
0x2965,0x2945,0x2124,0x2945,0x2945,0x2945,0x2945,0x2965,0x2945,0x2945,0x2945,0x2985,0x2965,0x2965,0x3185,0x3185,
0x2965,0x2965,0x2945,0x2945,0x2945,0x2945,0x2945,0x3186,0x3185,0x3165,0x2104,0x0861,0x10A2,0xA514,0x8C51,0x20E3,
0x0820,0x0820,0x0820,0x0820,0x0820,0x0820,0x0820,0x0820,0x0820,0x0820,0x0820,0x0820,0x0820,0x1040,0x0820,0x0820,
0x0820,0x0820,0x0820,0x0820,0x0840,0x0840,0x0820,0x0820,0x0820,0x0820,0x0020,0x0820,0x0820,0x0840,0x632C,0xE71C,
0x5289,0x0820,0x0820,0x0820,0x0840,0x0820,0x0820,0x1061,0x5AAA,0xEF5C,0xFFDF,0xF7BE,0xFFDF,0xEF5E,0xF7BE,0xFFDF,
0x94B2,0x0000,0x0820,0x0840,0x0820,0x0820,0x0820,0x0800,0x0800,0x49C4,0xC54D,0xDDAC,0xEE0D,0xEE0D,0xEE2D,0xEE0D,
0x0A4C,0x0A4C,0x024C,0x0A4C,0x024C,0x0A4C,0x024C,0x022C,0x01EB,0x1A08,0xA4A4,0x32A9,0x020D,0x0250,0x0270,0x0270,
0x0271,0x0291,0x0270,0x0271,0x0250,0x0270,0x0A6F,0x022E,0x01ED,0x01ED,0x01ED,0x020D,0x0A2E,0x0A2E,0x020E,0x020E,
0x020E,0x0A2E,0x022E,0x0A4F,0x022F,0x024F,0x0A70,0x0270,0x022F,0x024F,0x0270,0x0A70,0x0A70,0x0250,0x0270,0x0270,
0x0291,0x0291,0x0291,0x0291,0x0291,0x0291,0x0291,0x0291,0x0291,0x0A91,0x430C,0x848B,0x434C,0x0292,0x0AD2,0x02B2,
0x02D3,0x02D3,0x02D3,0x02B2,0x0AD3,0x0AD3,0x02B1,0x02B1,0x02D3,0x02F4,0x02F4,0x02F4,0x02F4,0x02D4,0x02D3,0x02F4,
0x02D4,0x02D4,0x02D3,0x0AD3,0x0AD3,0x02B2,0x0AF3,0x02F3,0x02F4,0x02D3,0x02B2,0x02B2,0x0B14,0x02F3,0x02D3,0x0AD3,
0x0AD3,0x02B2,0x02B3,0x02F4,0x02F4,0x02D4,0x02D3,0x02D4,0x0314,0x0B14,0x0A71,0x432C,0xCDA6,0x8B62,0x8B41,0x9BA1,
0xB402,0xC442,0xC462,0xCC81,0xCC81,0xCCA2,0xCCA2,0xCCA2,0xCCA2,0xD4C2,0xD4C1,0xD4A1,0xD4A1,0xD481,0xCC81,0xCC61,
0xCC40,0xB3E3,0x31A4,0x21A7,0x2186,0x2987,0x31C8,0x1105,0x0905,0x1125,0x0925,0x0905,0x08C4,0x1126,0x08E5,0x08E5,
0x08E5,0x08E5,0x08C4,0x08C4,0x08E4,0x08E4,0x08C4,0x08C4,0x10E4,0x1945,0x1925,0x10C4,0x2125,0x52CC,0x29A7,0x1145,
0x1146,0x1166,0x1166,0x3229,0x52AB,0x29C8,0x1966,0x2187,0x634C,0x6B6D,0x4A8B,0x21A7,0x21A7,0x3229,0x21C7,0x19A7,
0x1986,0x4226,0x842D,0xBD8D,0xE543,0xE520,0xDD00,0xE521,0xE521,0xDD00,0xDCE0,0xDCE0,0xDCE0,0xE500,0xE500,0xE500,
0xE501,0xD4A0,0xC441,0x7261,0x0820,0x0820,0x6B6D,0xC618,0xC638,0xC618,0xC618,0xC618,0x9CD3,0x2124,0x18C3,0x31A6,
0x52AA,0x52AA,0x528A,0x5ACB,0x52AA,0x528A,0x52AA,0x528A,0x4A69,0x528A,0x528A,0x528A,0x528A,0x52AA,0x5ACB,0x52AB,
0x52AA,0x52AA,0x528A,0x4A69,0x4A49,0x4A69,0x4A69,0x4A69,0x4A69,0x4A69,0x528A,0x4A49,0x4A69,0x528A,0x4A6A,0x528A,
0x528A,0x528A,0x528A,0x52AA,0x52AA,0x52AA,0x528A,0x4228,0x39E7,0x18E3,0x0020,0x2924,0xAD34,0x8C50,0x2944,0x2103,
0x2103,0x2103,0x2104,0x2104,0x2103,0x20E3,0x2103,0x2103,0x2103,0x2104,0x2103,0x2904,0x2104,0x2104,0x2904,0x2103,
0x2104,0x2104,0x2104,0x2104,0x2924,0x2945,0x2945,0x3186,0x4208,0x5269,0x5269,0x18C3,0x0841,0x0840,0xB595,0xF79D,
0x5289,0x0820,0x0820,0x0820,0x20E3,0x3185,0x39A6,0x18A3,0x2924,0xC617,0xF79E,0xF79E,0xE73D,0xF79E,0xFFDF,0xF7BE,
0x4A69,0x0861,0x18C3,0x18C3,0x18A2,0x0840,0x0820,0x1020,0x0820,0x49C4,0xC54C,0xDDAC,0xE5EC,0xEE0D,0xEE0D,0xEE0D,
0x022C,0x024C,0x024C,0x024C,0x024C,0x024C,0x022C,0x022C,0x01EB,0x1A08,0xA4C5,0x3AC9,0x0A2E,0x0250,0x0270,0x0270,
0x0270,0x0291,0x0271,0x0291,0x0270,0x024F,0x024F,0x022F,0x020E,0x01ED,0x020D,0x020D,0x020E,0x022E,0x022E,0x020E,
0x020E,0x020E,0x022F,0x0A4F,0x022F,0x022E,0x024F,0x0A70,0x022F,0x022F,0x0A50,0x0270,0x0A70,0x0250,0x0270,0x0270,
0x0270,0x0271,0x0291,0x0271,0x0291,0x0271,0x0270,0x0270,0x0271,0x1AAF,0x94A8,0xC584,0x94E8,0x22CE,0x02B2,0x0AB3,
0x0292,0x02D3,0x02B2,0x02B1,0x02B2,0x02D3,0x0AD2,0x0AD3,0x02D3,0x02F4,0x02F4,0x02F4,0x02F4,0x02D3,0x0AF4,0x0AF4,
0x02F4,0x0B14,0x02D3,0x02D4,0x02F4,0x02B2,0x0AF3,0x0B14,0x02F4,0x02F4,0x02F3,0x02B2,0x02F4,0x02D4,0x0AF3,0x0AD3,
0x02B3,0x02B2,0x02B2,0x0AD3,0x0AF3,0x02D3,0x02B3,0x02D3,0x0AF4,0x0B14,0x0A91,0x432C,0xC565,0x8342,0x7B02,0x9B82,
0xB402,0xBC22,0xC462,0xC481,0xC482,0xCC62,0xCC82,0xCCA2,0xCCA2,0xD4C2,0xD4C2,0xD4C1,0xD4A1,0xD4A0,0xDCA0,0xD480,
0xD480,0xCC63,0x4A24,0x2186,0x1966,0x2967,0x31E8,0x1125,0x1125,0x1105,0x1105,0x1105,0x1105,0x08E5,0x08E4,0x08C4,
0x08E5,0x0904,0x08E4,0x08C4,0x08E4,0x08E4,0x08C4,0x08E4,0x1125,0x1105,0x08E4,0x08A3,0x08A3,0x31E8,0x3A49,0x2166,
0x1126,0x1166,0x1167,0x1986,0x2186,0x2166,0x426A,0x632D,0x634C,0x632B,0x31E8,0x2166,0x29C8,0x29E9,0x3229,0x3A69,
0x4A88,0x83C8,0x7327,0x8BE8,0xDD23,0xE501,0xE500,0xE500,0xE501,0xDD00,0xDD00,0xDD00,0xDCE0,0xDD00,0xDD00,0xE500,
0xDD01,0xD4A0,0xC441,0x7260,0x0820,0x0820,0x6B6D,0xC639,0xC638,0xC618,0xBDD7,0x9CD3,0x3186,0x2965,0x4A49,0x4A69,
0x39E7,0x31A6,0x3165,0x2944,0x2124,0x2124,0x2924,0x2924,0x2124,0x2124,0x2124,0x2924,0x2924,0x2924,0x2124,0x2924,
0x2945,0x2945,0x2924,0x2944,0x2924,0x2924,0x2924,0x2924,0x2124,0x2124,0x2124,0x2104,0x2124,0x2924,0x2924,0x2945,
0x2945,0x2944,0x2924,0x2124,0x2104,0x20E3,0x18A2,0x1081,0x0861,0x0840,0x39E7,0xAD55,0xD6DA,0xC617,0xB596,0xB596,
0xB595,0xB575,0xB575,0xB595,0xB596,0xB596,0xB595,0xB595,0xB595,0xAD75,0xB595,0xB596,0xB596,0xB596,0xB5B6,0xB595,
0xB596,0xB595,0xAD75,0xAD34,0xA4F4,0x9471,0x83F0,0x738E,0x5AAA,0x39C7,0x20E3,0x0841,0x0820,0x3165,0xE73C,0xF77D,
0x5289,0x0820,0x0840,0x18A2,0xAD54,0xD69A,0xD699,0xAD54,0x738D,0x7BEF,0xEF7D,0xEF7D,0xCE7A,0xEF9D,0xF7BF,0xB5D6,
0x39C7,0x7BEF,0xBDD7,0xBDD7,0x9491,0x2924,0x0840,0x0820,0x0820,0x49C4,0xC50C,0xDD8B,0xE5EC,0xE5EC,0xE5EC,0xE5CC,
0x024C,0x022C,0x024C,0x0A4C,0x024C,0x022C,0x0A2C,0x020C,0x01CA,0x19E8,0xA4C5,0x3ACA,0x0A2E,0x024F,0x0270,0x0A70,
0x0270,0x0270,0x0271,0x0271,0x0A91,0x022F,0x024F,0x024F,0x0A4E,0x0A0E,0x020D,0x020D,0x022E,0x022E,0x022E,0x0A4F,
0x020E,0x020E,0x024F,0x0270,0x022F,0x022E,0x0A4F,0x0270,0x024F,0x020F,0x0A2F,0x0250,0x0270,0x0250,0x0A50,0x0270,
0x024F,0x0270,0x0A91,0x0A70,0x0270,0x0270,0x0270,0x0270,0x0A71,0x434D,0xC566,0xCDA3,0xC5A5,0x538C,0x0A90,0x0AB2,
0x02B2,0x02D3,0x02B2,0x02B1,0x02B1,0x02B2,0x0AF3,0x0AF3,0x02D3,0x02D3,0x02F4,0x02F4,0x02D3,0x02D3,0x0AD3,0x02F4,
0x02F4,0x0B15,0x02D3,0x02D4,0x02F4,0x02B2,0x02D3,0x02F3,0x0AF3,0x0AF4,0x0314,0x02D3,0x02D4,0x02D3,0x0AD3,0x02D3,
0x02D3,0x02B2,0x02B2,0x0AB2,0x0AD3,0x02D3,0x02B3,0x02B3,0x0AF4,0x0AF3,0x0A91,0x434C,0xBD46,0x7B23,0x7B03,0x9342,
0xABE3,0xB422,0xBC41,0xBC61,0xC462,0xC462,0xCC82,0xCC82,0xCC82,0xD4A2,0xCCA2,0xCCA1,0xD4C1,0xD4C0,0xD4C0,0xD4A0,
0xD480,0xCC83,0x4A25,0x1946,0x2187,0x2146,0x31E8,0x1965,0x1104,0x1104,0x1105,0x1126,0x1105,0x1105,0x08E5,0x08C4,
0x08C4,0x0904,0x08E4,0x08E4,0x08C5,0x08E4,0x08C3,0x1946,0x1145,0x10E4,0x08C3,0x08C4,0x08A3,0x1925,0x426A,0x424A,
0x08E4,0x1126,0x1146,0x1105,0x1966,0x4A8A,0x6B8E,0x6B4C,0x5AEB,0x5AEB,0x3208,0x21A7,0x29A7,0x29E8,0x29E7,0x3A8A,
0x4AA8,0x9C68,0x93A5,0x7326,0xCCE5,0xE501,0xE501,0xE4E0,0xDCE1,0xDCE0,0xDD00,0xDCE0,0xDD00,0xDD00,0xE520,0xE520,
0xDD00,0xD4C0,0xC461,0x7261,0x0820,0x0820,0x6B4C,0xCE79,0xC639,0xC618,0xAD55,0x4A6A,0x2104,0x5289,0x4A48,0x3185,
0x1082,0x1081,0x1061,0x1061,0x0841,0x0840,0x0840,0x0860,0x0840,0x0840,0x0840,0x0840,0x1061,0x0860,0x0860,0x0840,
0x0841,0x0841,0x0841,0x1041,0x0840,0x0840,0x0840,0x0840,0x0840,0x0840,0x0840,0x0840,0x0840,0x0841,0x0860,0x1061,
0x1061,0x0841,0x1061,0x0840,0x0840,0x0820,0x0820,0x0840,0x0841,0x18E3,0xAD54,0xBDF7,0x8C50,0x738D,0x738D,0x6B6D,
0x736D,0x736D,0x6B4D,0x736D,0x73AE,0x7BAE,0x738E,0x738D,0x736D,0x6B2C,0x6B4D,0x738E,0x7BAE,0x7BAE,0x7BAE,0x7BAE,
0x738E,0x6B4D,0x630C,0x5A8A,0x4A28,0x39A6,0x3165,0x2904,0x1082,0x0840,0x0820,0x1061,0x0861,0x7BCF,0xF7BE,0xF77D,
0x528A,0x0820,0x0840,0x2924,0xDEDB,0xF79E,0xEF7D,0xE71C,0xD69A,0xAD75,0xEF5D,0xE73C,0xA514,0xF7BE,0xF7DE,0xB596,
0xA514,0xE71C,0xF7BF,0xF7BF,0xD6BA,0x31A6,0x0840,0x0840,0x0821,0x49C4,0xCD0C,0xDD6B,0xE5CC,0xEDCC,0xE5CC,0xE5CC,
0x022C,0x022C,0x024C,0x022C,0x024C,0x022C,0x020C,0x020B,0x01CA,0x21E8,0xA506,0x3AEA,0x0A4E,0x024F,0x024F,0x024F,
0x0250,0x0270,0x0291,0x0270,0x0270,0x0250,0x0270,0x0A70,0x022F,0x020E,0x020E,0x020E,0x0A2E,0x0A2E,0x0A2E,0x0A4F,
0x0A2E,0x022E,0x022F,0x0270,0x0A70,0x022E,0x020E,0x024F,0x024F,0x022E,0x0A4F,0x024F,0x0A50,0x0270,0x0230,0x0270,
0x0291,0x0250,0x0250,0x0270,0x0250,0x0270,0x0291,0x0A71,0x22AE,0x9CA7,0xCD63,0xCD42,0xCDA3,0xAD48,0x438D,0x0A71,
0x0292,0x02D2,0x02B2,0x02B2,0x02B2,0x0292,0x02D3,0x0AF3,0x02D3,0x0292,0x02D3,0x02F4,0x02D3,0x02B2,0x02B2,0x02D3,
0x02D3,0x0AF3,0x02D3,0x02D3,0x02B3,0x02D3,0x02D3,0x02F3,0x02D3,0x0AD3,0x02F3,0x02B3,0x02D3,0x02D3,0x0AD3,0x0AF4,
0x02D4,0x02D3,0x02B2,0x02B2,0x02B2,0x0292,0x02B2,0x02D3,0x02B3,0x02D3,0x0AB2,0x438D,0xC587,0x62E6,0x5AA7,0x7307,
0x8B86,0x9BC4,0xA3C3,0xAC02,0xB442,0xBC63,0xC482,0xCC82,0xCCA2,0xCCA2,0xCCA1,0xCCA1,0xCCA1,0xCCA0,0xCCA0,0xCCA0,
0xD4A0,0xD481,0x5AA6,0x1946,0x1946,0x1946,0x1945,0x2987,0x08A3,0x1105,0x0905,0x1105,0x1105,0x1105,0x1105,0x1125,
0x1125,0x1105,0x10E5,0x08E5,0x1105,0x1125,0x1966,0x10E4,0x08E4,0x00C4,0x08E4,0x1105,0x1125,0x08A3,0x1945,0x424A,
0x4AAB,0x426A,0x428A,0x5B4D,0x6B8D,0x634B,0x630B,0x632C,0x632B,0x52CB,0x31E8,0x1966,0x2187,0x1987,0x1987,0x3A06,
0x6B28,0x9C8C,0xD4C3,0xB464,0x9C49,0xD504,0xDCE1,0xE4E0,0xE501,0xE4E0,0xE4E0,0xE521,0xDD00,0xDD20,0xE520,0xE520,
0xDD00,0xD4C0,0xC461,0x7261,0x0820,0x0820,0x630B,0xC639,0xC659,0xCE79,0x630C,0x10A2,0x4A49,0x39A6,0x1061,0x0820,
0x0820,0x0820,0x0820,0x0840,0x1061,0x1081,0x10A2,0x10A2,0x10A2,0x10A2,0x10A2,0x10A2,0x1081,0x1081,0x10A2,0x10A2,
0x10A2,0x10A2,0x10A2,0x10A2,0x1082,0x1082,0x1082,0x1082,0x1081,0x1081,0x1081,0x1081,0x1081,0x1081,0x1082,0x1082,
0x10A2,0x18A2,0x1082,0x10A2,0x18E3,0x2945,0x39E7,0x632C,0x9CD2,0xDEDB,0x632C,0x0861,0x0840,0x0840,0x0820,0x0820,
0x0820,0x0820,0x1041,0x0840,0x0820,0x1040,0x1040,0x0820,0x0820,0x1040,0x1040,0x0820,0x0820,0x0820,0x0820,0x0820,
0x0820,0x0840,0x0840,0x0840,0x0820,0x0840,0x0840,0x0820,0x0840,0x18A2,0x2945,0x1082,0x4207,0xDEDA,0xFFDE,0xF79D,
0x5289,0x0820,0x0820,0x18E3,0xDEDA,0xEF5D,0xF79E,0xF7BE,0xF79E,0xF79E,0xF79E,0xEF5D,0x7BCF,0xEF7D,0xFFDF,0xF7BF,
0xEF7E,0xF79F,0xE73D,0xD6BB,0xD6DB,0x31A6,0x0840,0x0820,0x0820,0x49C4,0xC50C,0xDD6A,0xE5AC,0xE5CC,0xE5AC,0xE5CC,
0x022C,0x022C,0x024C,0x022C,0x024C,0x022C,0x022C,0x01EC,0x01CA,0x19E8,0xA4E6,0x3AEA,0x0A4E,0x026F,0x024F,0x024F,
0x0270,0x0290,0x0291,0x0271,0x0270,0x0250,0x024F,0x024F,0x0A4F,0x022E,0x0A2E,0x020E,0x0A0E,0x09EE,0x09ED,0x020E,
0x022E,0x0A2E,0x022F,0x024F,0x0A70,0x0A4F,0x0A2E,0x020E,0x024F,0x022E,0x0A4E,0x0A2E,0x0A4F,0x0270,0x0250,0x0270,
0x0271,0x0A71,0x0270,0x0A71,0x0A90,0x0A91,0x0A92,0x12AF,0x538A,0xBD24,0xCD62,0xCD63,0xCD82,0xD5E4,0x8CCA,0x12B0,
0x0291,0x02B2,0x0AD3,0x02B2,0x02B2,0x02B2,0x02B2,0x02D3,0x02D3,0x02B2,0x02B3,0x02F4,0x0B14,0x02F3,0x02B2,0x02D3,
0x02D3,0x0AF3,0x02D3,0x02D3,0x02D3,0x02B3,0x02D3,0x02F3,0x02B3,0x02B3,0x02D3,0x02B2,0x02D3,0x02D3,0x02D3,0x0B14,
0x0AF4,0x02D3,0x02D3,0x0AD3,0x02B3,0x02D3,0x02D3,0x02B2,0x02D3,0x02D3,0x0AB1,0x438D,0xC5A7,0x62E7,0x4A89,0x52EA,
0x7B88,0x93A5,0x9385,0x9BE4,0xAC03,0xBC23,0xC462,0xC482,0xCC82,0xCC82,0xCCA2,0xCCA2,0xCCA1,0xCCA1,0xD481,0xD480,
0xD480,0xD481,0x7304,0x1925,0x1146,0x1126,0x1105,0x1926,0x0883,0x1105,0x0925,0x0905,0x1105,0x10E5,0x1105,0x1105,
0x1104,0x1105,0x1125,0x1105,0x1105,0x1105,0x08E4,0x08E4,0x08C4,0x00C4,0x0904,0x1125,0x1966,0x1104,0x08C4,0x1945,
0x29C6,0x3208,0x428A,0x4A89,0x52CA,0x5ACA,0x630B,0x73AE,0x52CA,0x5B4D,0x1966,0x1146,0x1945,0x1965,0x2144,0x7304,
0x9C06,0x9C8A,0xD4C1,0xD4A1,0x8B65,0xC4C8,0xDD02,0xDCE1,0xDCE0,0xE4E0,0xE500,0xE501,0xE520,0xE520,0xE540,0xE541,
0xE520,0xDCE0,0xC461,0x7261,0x0820,0x0820,0x6B4C,0xC639,0xBDF8,0xC618,0x2965,0x3165,0x4207,0x1061,0x0820,0x0820,
0x0820,0x1061,0x41E7,0x840F,0x9CB2,0xAD55,0xB595,0xAD75,0xB595,0xB595,0xAD75,0xAD54,0xAD55,0xAD55,0xAD75,0xAD75,
0xAD55,0xA534,0xAD55,0xA535,0xA534,0xAD55,0xAD55,0xAD75,0x9CF3,0x94B2,0xA513,0xAD54,0xAD55,0xAD75,0xAD55,0xAD54,
0xAD55,0xAD75,0xAD55,0xAD55,0xBDF7,0xCE59,0xDEFB,0xEF7D,0xEF5D,0x94B2,0x0861,0x0841,0x0840,0x0820,0x0020,0x0820,
0x0020,0x0800,0x0820,0x0820,0x0820,0x0820,0x0820,0x0820,0x0820,0x0820,0x0820,0x0820,0x0820,0x0820,0x0800,0x0820,
0x0820,0x0820,0x0820,0x0020,0x0020,0x0861,0x1082,0x2103,0x39C7,0x4A28,0x2125,0x4208,0xAD55,0xF7BE,0xFFDF,0xF7BE,
0x528A,0x0820,0x0820,0x0861,0xCE79,0xEF5D,0xEF7D,0xF7BE,0xF7BE,0xF79E,0xEF5D,0xE71C,0x73AE,0xE73C,0xF79E,0xF7BF,
0xF7BF,0xF79E,0xCE7A,0xDEDB,0xD69A,0x2965,0x0820,0x0820,0x0820,0x49C4,0xC50B,0xDD4A,0xE5AB,0xE5AC,0xE5AC,0xE5AC,
0x022B,0x022B,0x022B,0x022B,0x024C,0x0A2C,0x0A2C,0x09EB,0x01CA,0x21E8,0xA4C6,0x3ACA,0x0A4E,0x026F,0x026F,0x024F,
0x0270,0x0270,0x0AB1,0x0291,0x0A91,0x0250,0x0250,0x0270,0x0A70,0x0A4F,0x022F,0x020E,0x0A0E,0x0A0E,0x09ED,0x020E,
0x020E,0x022E,0x022E,0x022F,0x0A70,0x0A4F,0x0A2E,0x022E,0x022E,0x022E,0x022E,0x020E,0x022F,0x0270,0x0250,0x0250,
0x0270,0x0A91,0x0A71,0x0270,0x0290,0x0270,0x0A71,0x2AEE,0x7C68,0xCD84,0xCD62,0xCD63,0xCD62,0xDDE3,0xB588,0x230E,
0x0291,0x02B2,0x0AF3,0x02D3,0x02B2,0x0AB2,0x02B2,0x02B2,0x02D4,0x02D3,0x02D3,0x02F3,0x0314,0x0314,0x02B3,0x02D3,
0x02F3,0x0AF4,0x02D3,0x02F4,0x02D4,0x02D3,0x02D3,0x02D3,0x0AF4,0x0AD3,0x02F2,0x02B2,0x02D3,0x02D3,0x02B3,0x0B14,
0x02F4,0x02D3,0x02D3,0x02D3,0x02F3,0x02D3,0x02D3,0x02B2,0x02D3,0x02D2,0x0A91,0x434D,0xC587,0x6306,0x4A89,0x42CC,
0x6B4A,0x8BA6,0x9386,0x93C6,0x9BC4,0xB403,0xC463,0xC462,0xC482,0xC482,0xCC82,0xCCA2,0xCCA1,0xCC81,0xD481,0xD480,
0xCC81,0xD461,0x9364,0x18E2,0x08E4,0x08E5,0x08E5,0x10E5,0x0883,0x0904,0x0925,0x0905,0x1105,0x10E4,0x10E4,0x1104,
0x1125,0x1124,0x1105,0x08E4,0x08E4,0x08E4,0x08E4,0x08C4,0x00C4,0x08E4,0x08E5,0x0905,0x1986,0x1966,0x08E4,0x08C4,
0x2186,0x29C7,0x3A49,0x4248,0x4A8A,0x5B0B,0x6B4D,0x7BCF,0x4A8A,0x73F0,0x1125,0x1126,0x1945,0x4A46,0x5A63,0xB442,
0xB443,0x9C69,0xCCC1,0xD4C1,0x9BA3,0xA408,0xD4E3,0xDCC1,0xDCE1,0xE4E1,0xE500,0xDD00,0xE520,0xE540,0xE540,0xE540,
0xE520,0xDCE0,0xC462,0x7261,0x0820,0x0840,0x6B6D,0xCE7A,0xC618,0xAD75,0x18C3,0x39E7,0x2945,0x0820,0x0820,0x0820,
0x18C3,0x62EB,0xAD55,0xBDD7,0xC618,0xCE59,0xDEDA,0xDEDB,0xDEDB,0xDEDB,0xD69A,0xC638,0xCE59,0xD6BA,0xDEDA,0xE71C,
0xEF7D,0xEF5D,0xE73D,0xEF5D,0xE71C,0xD6BA,0xD6BA,0xD6BA,0xD69A,0xCE79,0xCE79,0xC617,0xCE58,0xD69A,0xCE58,0xC618,
0xCE79,0xD6BA,0xD6BA,0xD69A,0xCE79,0xCE79,0xDEDB,0xE73C,0xDEDB,0x4A69,0x0840,0x0820,0x0020,0x0840,0x0861,0x1061,
0x0861,0x0861,0x0861,0x1082,0x1081,0x0861,0x1082,0x0861,0x0861,0x0861,0x1061,0x0861,0x1061,0x1062,0x1082,0x1082,
0x0861,0x0861,0x1082,0x18C2,0x18C3,0x3165,0x4228,0x528A,0x52AA,0x39C6,0x1082,0xA514,0xEF5D,0xF7BE,0xF7BE,0xF79E,
0x528A,0x0820,0x0820,0x0820,0xC617,0xEF7D,0xEF5D,0xF79E,0xEF7D,0xF79E,0xEF7D,0xE73C,0x738E,0xE71C,0xEF5D,0xF7DF,
0xFFDF,0xF79E,0xCE7A,0xE71C,0xCE79,0x2124,0x0820,0x0840,0x0820,0x49C4,0xCD0B,0xDD4A,0xE5AB,0xE5CC,0xE5CC,0xE5CC,
0x022B,0x022B,0x022B,0x022B,0x022C,0x022C,0x0A0C,0x0A0B,0x01CA,0x21C8,0xA4A5,0x3AAA,0x124F,0x0270,0x0270,0x022F,
0x0270,0x0270,0x0270,0x0A91,0x0A90,0x0290,0x0A70,0x0270,0x0250,0x0A50,0x0A4F,0x022E,0x020E,0x0A0E,0x0A0D,0x0A0E,
0x020D,0x022D,0x022E,0x022F,0x0270,0x0270,0x022F,0x022E,0x022E,0x022E,0x024F,0x020E,0x020E,0x024F,0x0250,0x0250,
0x024F,0x022F,0x0230,0x0270,0x026F,0x026F,0x0271,0x538C,0xBDA6,0xCD83,0xCD83,0xCDA3,0xCD83,0xCD62,0xD5E5,0x640B,
0x02B2,0x0291,0x02D2,0x02F3,0x02B2,0x0292,0x02B2,0x02D3,0x02F3,0x0AD3,0x0AD3,0x02D3,0x02F4,0x02F4,0x02D3,0x02B2,
0x02D3,0x02D3,0x02D3,0x02F3,0x02D3,0x02D3,0x02D3,0x02F4,0x02F4,0x02D4,0x02F3,0x02D3,0x0AF3,0x02F3,0x02B2,0x02D3,
0x02F4,0x02F4,0x0AF3,0x02F3,0x02F3,0x02F3,0x02D3,0x02B2,0x02B2,0x0AD2,0x0A91,0x432C,0xBD66,0x5AE7,0x42AA,0x430C,
0x5B2B,0x8388,0x93A6,0x8B88,0x8388,0x9BE5,0xBC22,0xBC42,0xC462,0xC483,0xC482,0xCC82,0xCC82,0xCC81,0xCC81,0xCC81,
0xCC81,0xCC41,0xCC42,0xA3E4,0x8324,0x5203,0x18E2,0x08A4,0x08A3,0x08E4,0x1126,0x10E5,0x1105,0x1105,0x1105,0x10E5,
0x08E4,0x08E4,0x08E4,0x08C4,0x08C4,0x08C4,0x08C4,0x08C4,0x08E4,0x08E5,0x08E5,0x08E5,0x1146,0x1966,0x1966,0x1145,
0x1125,0x1946,0x29A6,0x4AA9,0x5B4C,0x636C,0x73EE,0x632C,0x5AEC,0x4ACC,0x1125,0x1966,0x94B2,0xCE33,0xC5CE,0xD4A3,
0xC442,0x9409,0xD4A3,0xD4A0,0xD4C2,0x93E7,0xCD05,0xDCC1,0xDCE1,0xDCE1,0xDD00,0xE521,0xE520,0xE520,0xE540,0xE540,
0xE540,0xDCE0,0xC481,0x7281,0x0820,0x0840,0x6B4C,0xD6BB,0xD69A,0x94B2,0x18E3,0x4207,0x1081,0x0840,0x0840,0x1061,
0x39A6,0x2924,0x0820,0x0000,0x0820,0x0820,0x0020,0x0020,0x0020,0x0020,0x0840,0x0820,0x0020,0x0020,0x0020,0x0840,
0x18C3,0x632C,0xDEBA,0x7BCF,0x18C3,0x0820,0x0020,0x0020,0x0020,0x0020,0x0020,0x0020,0x0020,0x0020,0x0820,0x0020,
0x0020,0x0020,0x0020,0x0020,0x0840,0x0841,0x18E3,0xC617,0x7BEF,0x1081,0x3185,0x4A69,0x52AA,0x5ACB,0x630B,0x630B,
0x630C,0x5B0C,0x5AEC,0x5AEC,0x630C,0x632D,0x630C,0x5AEC,0x5AEC,0x5AEC,0x5AEC,0x5AEC,0x632D,0x630D,0x5B0C,0x630C,
0x630C,0x5AEC,0x630C,0x630C,0x5AEB,0x52AA,0x4A69,0x31A6,0x18C3,0x39E7,0xAD76,0xF7BE,0xF7BF,0xF7BF,0xF7BF,0xEF9E,
0x4A69,0x0820,0x0840,0x0840,0x9491,0xE73C,0xEF5D,0xF79E,0xF79E,0xEF3D,0xEF5D,0xE71C,0x6B4D,0xDEFB,0xF79E,0xF7BE,
0xEF7E,0xE75D,0xCE7A,0xD69A,0x9492,0x1081,0x0840,0x0840,0x0820,0x49C4,0xC50B,0xDD4A,0xE5AB,0xEDCB,0xE5CC,0xE5AC,
0x020B,0x020B,0x020B,0x020B,0x020B,0x020C,0x020B,0x01EB,0x01CA,0x21C8,0x9C85,0x32AA,0x0A4E,0x0A90,0x0A70,0x022F,
0x0270,0x0250,0x024F,0x0250,0x0270,0x0270,0x0A91,0x0A91,0x0270,0x0A70,0x0A70,0x022F,0x022E,0x022E,0x020D,0x020E,
0x01ED,0x022D,0x020E,0x020F,0x0270,0x02B1,0x0270,0x022F,0x022E,0x022F,0x0A50,0x022F,0x022F,0x022F,0x022F,0x024F,
0x024F,0x024F,0x0250,0x0270,0x0270,0x0250,0x0270,0x7409,0xCD83,0xCD62,0xC542,0xCD62,0xD5A3,0xCD62,0xD5A3,0x8489,
0x02B1,0x0292,0x02B2,0x02F4,0x02D3,0x0AD3,0x0292,0x02D3,0x02F3,0x02B2,0x0AD2,0x02D3,0x0314,0x0314,0x02F3,0x02B2,
0x02D3,0x02B2,0x02D3,0x02D3,0x02B2,0x02D3,0x02D3,0x02F3,0x02F4,0x0B15,0x0314,0x0314,0x02F3,0x02D3,0x02D2,0x0AF3,
0x0AF4,0x02D4,0x02F3,0x02F3,0x02F3,0x02F3,0x02D3,0x02B2,0x02B2,0x0AD3,0x0A92,0x434C,0xBDC7,0x4B09,0x32AB,0x4B0B,
0x7369,0x8387,0x93A6,0x83A8,0x7B89,0x83A8,0xB423,0xBC22,0xBC42,0xC463,0xC462,0xC461,0xCC82,0xCC82,0xCC61,0xCC61,
0xCC61,0xCC41,0xCC41,0xCC61,0xCC62,0xB3E4,0x6264,0x10C3,0x0883,0x1105,0x1126,0x08E5,0x08C4,0x0905,0x0905,0x0905,
0x0905,0x0904,0x08E4,0x08E4,0x08E4,0x08E4,0x08E4,0x08E5,0x08E5,0x08C5,0x08C4,0x08C4,0x0905,0x1146,0x1966,0x2187,
0x29C7,0x31E7,0x3A48,0x52EA,0x5B2B,0x636C,0x6BAD,0x52CB,0x3A28,0x29A7,0x1125,0x31E8,0xB594,0xBDF5,0xCE36,0xC4E9,
0xBC84,0x93E8,0xD4A4,0xD481,0xD481,0xA3E6,0xC4C7,0xDCE2,0xDCC0,0xE4E1,0xE4E1,0xDD00,0xE520,0xE520,0xE540,0xE540,
0xE541,0xDCE0,0xC481,0x7281,0x0820,0x0020,0x6B2C,0xD6BB,0xCE7A,0x9492,0x18C2,0x3186,0x0820,0x0820,0x0840,0x1040,
0x0840,0x0840,0x0820,0x0840,0x0840,0x0840,0x0840,0x0840,0x0840,0x0840,0x0840,0x0840,0x0840,0x0840,0x0840,0x0840,
0x0840,0x1061,0x6B2C,0xB596,0x736D,0x0840,0x0820,0x0840,0x0840,0x0820,0x0840,0x0820,0x0840,0x0840,0x0840,0x0840,
0x0840,0x0840,0x0840,0x0820,0x2103,0x3165,0x738D,0x8C51,0x20E3,0x20E3,0x39E7,0x39E7,0x39E7,0x39C7,0x39C7,0x39E7,
0x4208,0x4208,0x39E7,0x39C7,0x39C7,0x39C7,0x39E7,0x39E7,0x4208,0x39E7,0x4208,0x39E7,0x39C7,0x4207,0x4228,0x4208,
0x39E7,0x39E7,0x41E8,0x31A6,0x3186,0x3186,0x2965,0x4208,0x9CD2,0xD69A,0xF7BE,0xF79E,0xF7BF,0xF79E,0xEF9E,0xEF7E,
0x528A,0x0820,0x0840,0x0840,0x630C,0xDEFB,0xE71C,0xF79E,0xF79E,0xE73C,0xEF7D,0xE73C,0x6B4D,0xD69A,0xF7BE,0xEF5D,
0xEF5D,0xD69B,0xBDF8,0xB5B7,0x4208,0x0840,0x0840,0x0840,0x0820,0x49C3,0xC50B,0xDD6A,0xEDAB,0xEDCB,0xEDCC,0xE5CC,
0x020B,0x020B,0x020B,0x020B,0x0A0B,0x020B,0x0A0B,0x01CB,0x01AA,0x19C8,0x9C85,0x32AA,0x0A2E,0x0270,0x0A71,0x024F,
0x024F,0x0270,0x0270,0x022F,0x0A70,0x0270,0x0A70,0x1290,0x0A70,0x022F,0x0A2F,0x0A70,0x024E,0x022E,0x022E,0x020E,
0x020D,0x020E,0x020E,0x020F,0x0250,0x0290,0x0270,0x024F,0x0A4F,0x0A70,0x0A90,0x0270,0x024F,0x0A2F,0x020F,0x022F,
0x024F,0x024F,0x024F,0x024F,0x0290,0x0270,0x0A4F,0x9487,0xCD83,0xCD62,0xCD62,0xD5A2,0xD5C3,0xD583,0xD5A2,0x9CE7,
0x0AB0,0x02B2,0x02B2,0x02D3,0x0AD3,0x02D3,0x02B2,0x02B2,0x02D3,0x02B2,0x0AD3,0x02D3,0x02F4,0x0314,0x02F4,0x02B2,
0x02B3,0x02B1,0x0AD2,0x02B2,0x0292,0x02D3,0x02D3,0x02D4,0x0AF4,0x0315,0x02F4,0x0AD4,0x02D3,0x02D3,0x02D2,0x12F2,
0x0B14,0x02F4,0x02D4,0x02D3,0x02D3,0x02D3,0x02F3,0x02D3,0x02B2,0x0AD3,0x0AB2,0x434C,0xC5E8,0x4B2A,0x32AC,0x530A,
0x7B68,0x8387,0x8BA7,0x8BA7,0x7B69,0x7B89,0xAC24,0xB443,0xBC42,0xC482,0xC462,0xC462,0xC482,0xC461,0xCC41,0xCC62,
0xCC62,0xCC41,0xCC41,0xCC21,0xCC41,0xB405,0x8369,0x31E7,0x08C3,0x10E5,0x1946,0x08C4,0x00A3,0x08E5,0x0905,0x0905,
0x0905,0x0904,0x0904,0x0904,0x08E4,0x08E4,0x08E4,0x08E4,0x08E4,0x08C4,0x08C4,0x08C4,0x0904,0x1146,0x1986,0x21A7,
0x29E8,0x3208,0x3A28,0x52AA,0x530B,0x632C,0x5B0B,0x2986,0x4249,0x2187,0x10E4,0x3208,0xAD53,0xC5F5,0xC616,0xC56F,
0xC4C8,0x9C46,0xCCC4,0xCC81,0xD481,0xA3A5,0xB48A,0xDD04,0xDCC0,0xE4C0,0xDCE1,0xDD00,0xDD00,0xE520,0xE540,0xE541,
0xE541,0xDCE0,0xC481,0x7281,0x0820,0x0820,0x6B6D,0xDEDB,0xD6BA,0x9CF3,0x18C2,0x2965,0x0820,0x0820,0x0820,0x0820,
0x0840,0x0840,0x0820,0x0820,0x0820,0x0820,0x0820,0x0840,0x0840,0x0840,0x0840,0x0840,0x0820,0x0820,0x1040,0x0840,
0x1040,0x0840,0x20E3,0xA4F3,0xC5F7,0x1882,0x0840,0x1061,0x0840,0x0820,0x0820,0x0840,0x0840,0x0840,0x0820,0x0820,
0x0840,0x0840,0x0820,0x18C3,0x4207,0x41E7,0xB596,0x6B2C,0x3185,0x3186,0x39C6,0x39E7,0x31A6,0x3185,0x31A6,0x39C7,
0x39C7,0x39E7,0x39A6,0x31A6,0x39C6,0x39C7,0x39C6,0x39C7,0x4208,0x39C7,0x31A6,0x39A6,0x3186,0x3186,0x3186,0x39C6,
0x39C7,0x4208,0x52AA,0x6B4D,0x7BCF,0x94B3,0xA535,0xC618,0xEF7E,0xF7BE,0xF79E,0xF7BE,0xF79E,0xEF7D,0xEF5D,0xE73D,
0x528A,0x0820,0x0840,0x1061,0x41E7,0xBDD7,0xEF5D,0xEF5D,0xE73C,0xE73C,0xEF5D,0xE73C,0x6B4D,0xD69A,0xEF9E,0xF79E,
0xDF1C,0xCE59,0xDEDB,0x8430,0x10A2,0x0840,0x0840,0x0820,0x0820,0x49C4,0xC50B,0xDD6A,0xE5AB,0xEDCB,0xEDCB,0xEDCC,
0x0A0A,0x0A0A,0x0A0A,0x01EA,0x09EA,0x020A,0x0A0B,0x01CB,0x01A9,0x21C7,0x9CA5,0x32C9,0x020D,0x024F,0x0270,0x0A70,
0x0A4F,0x0270,0x0290,0x022F,0x022F,0x0250,0x126E,0x432B,0x536B,0x1A8D,0x0A4E,0x024F,0x024F,0x0A50,0x022E,0x022E,
0x022F,0x0A2F,0x0A2F,0x0A2F,0x022F,0x0270,0x0A90,0x0A70,0x0270,0x0270,0x0A70,0x0270,0x0270,0x0A70,0x0A70,0x0270,
0x0250,0x0A70,0x0A70,0x0270,0x0290,0x0270,0x0A4E,0xB506,0xCD84,0xD5A2,0xDE03,0xE623,0xD5E3,0xD5A2,0xD5A2,0xB525,
0x126D,0x02B3,0x02B2,0x0291,0x02B2,0x02D3,0x0AD2,0x02B2,0x02F3,0x02B2,0x02B2,0x02B3,0x02D3,0x02F3,0x02F4,0x02F3,
0x0AF4,0x02D3,0x0292,0x02B2,0x02B2,0x02D2,0x0292,0x0292,0x0AB3,0x02B3,0x0AB2,0x02B2,0x0AD2,0x1B10,0x5BEB,0x6C6D,
0x1310,0x02D2,0x02B2,0x02B2,0x02D3,0x02D3,0x02F4,0x02D3,0x02B2,0x02B2,0x0AB2,0x436C,0xCDC7,0x5309,0x32AC,0x532B,
0x6B4A,0x6B6B,0x6B8A,0x8387,0x7B89,0x83A8,0xAC24,0xB422,0xBC42,0xBC42,0xBC62,0xC462,0xBC61,0xC482,0xC461,0xC441,
0xC441,0xC441,0xC441,0xB423,0xA3E5,0x7369,0x4A6A,0x1986,0x08E3,0x10C4,0x1925,0x1125,0x1905,0x10E4,0x0905,0x0905,
0x0905,0x0904,0x0904,0x0904,0x08E4,0x08E4,0x08E4,0x08E4,0x08E4,0x08E4,0x08C4,0x08E4,0x1145,0x1966,0x1986,0x21A6,
0x29E7,0x3208,0x3228,0x4269,0x428A,0x52EB,0x2165,0x31C7,0x73AF,0x31E9,0x1966,0x52CA,0x9CD0,0xB531,0xC5D4,0xB594,
0xAD0F,0x7BC8,0xC4E8,0xD4A2,0xD481,0x9B83,0x9C69,0xD504,0xDCE1,0xDCC1,0xDD00,0xDD00,0xDD00,0xE520,0xE540,0xE521,
0xE541,0xDCE0,0xC482,0x7281,0x0820,0x0840,0x738E,0xDEDB,0xD6BB,0xBDD7,0x18E3,0x2124,0x0840,0x0840,0x0840,0x0820,
0x0820,0x0820,0x0840,0x0820,0x0820,0x0820,0x0840,0x0820,0x0820,0x0820,0x0820,0x0820,0x0820,0x0820,0x0840,0x0820,
0x0840,0x0840,0x0840,0x2103,0x7BAE,0xA513,0x2924,0x0840,0x18A2,0x2103,0x3185,0x3165,0x2924,0x2103,0x2103,0x20E3,
0x20E3,0x2945,0x39E7,0x528A,0x39C7,0x8C51,0xCE59,0xB5B6,0xBDB6,0xBDB6,0xBDB6,0xB5B6,0xB5B6,0xBDB6,0xB5B6,0xAD75,
0xB5B6,0xBDB6,0xCE79,0xE73C,0xD679,0xBDD7,0xBDF7,0xBDF7,0xBDD6,0xBDF7,0xC618,0xC638,0xCE58,0xCE59,0xCE59,0xD679,
0xD6BA,0xD6BA,0xDEDA,0xD6BB,0xDEDB,0xE71C,0xE75D,0xEF9E,0xEF5D,0xEF5D,0xF7DE,0xF7BF,0xF7BF,0xEF7D,0xE71C,0xDF1C,
0x4A49,0x0820,0x0840,0x0820,0x1061,0x31A6,0xB596,0xE73C,0xE71C,0xE73C,0xEF7D,0xE71C,0x632C,0xD6BA,0xF7BE,0xEF7E,
0xCE7A,0xD69A,0x9CF3,0x1082,0x0820,0x0840,0x0840,0x0820,0x0820,0x49C3,0xCD0A,0xDD49,0xE5AA,0xEDCB,0xEDCB,0xEDEC,
0x0A0A,0x0A0A,0x0A0A,0x0A0A,0x0A0A,0x0A0A,0x01EA,0x01AA,0x01A9,0x19A7,0x9CC6,0x32AA,0x0A2E,0x020E,0x024F,0x0A70,
0x024F,0x024F,0x0A91,0x022F,0x022E,0x0270,0x1A6E,0x5B48,0xA485,0x7C28,0x430A,0x122D,0x024F,0x024F,0x024E,0x0A2E,
0x0A4F,0x024F,0x024F,0x022F,0x024F,0x0230,0x022F,0x0A90,0x0A70,0x0270,0x0A90,0x0250,0x0270,0x0270,0x0250,0x0250,
0x0270,0x0250,0x0270,0x0270,0x0290,0x0A90,0x126E,0xBD66,0xCDA3,0xDDC3,0xDE03,0xDE43,0xD603,0xD582,0xDD82,0xC585,
0x1A8D,0x0292,0x0292,0x02B1,0x0291,0x0291,0x02D3,0x02B2,0x02B3,0x02B2,0x02B2,0x02B2,0x0292,0x02B2,0x02D3,0x0B14,
0x02F4,0x02D3,0x02F3,0x02D3,0x02B2,0x02B2,0x02B2,0x02B2,0x02B2,0x0AB2,0x0AD3,0x1311,0x4BCE,0x950A,0xCDE5,0x9CE9,
0x12B0,0x02B1,0x02B1,0x0291,0x02D3,0x02D4,0x02F4,0x02B3,0x0292,0x0291,0x0AB1,0x3B6C,0xC5C7,0x5309,0x2AAC,0x3B0D,
0x4B4D,0x436E,0x4B6E,0x7BA9,0x8388,0x8BA7,0xAC23,0xB422,0xBC43,0xBC42,0xBC42,0xBC62,0xBC42,0xC441,0xC461,0xC442,
0xC441,0xC421,0xB423,0x5A65,0x4AA9,0x42AA,0x21C7,0x1125,0x10C4,0x10E4,0x2186,0x08E4,0x10E5,0x08C4,0x0905,0x0905,
0x0905,0x0904,0x0904,0x08E4,0x08E4,0x08E4,0x08C4,0x08E4,0x08E4,0x08E4,0x08E4,0x1105,0x1946,0x1966,0x2187,0x21A6,
0x29C7,0x2A08,0x3229,0x3A49,0x3A69,0x29C7,0x29A7,0x52EB,0x7C10,0x2146,0x31E8,0x52EA,0x9C8E,0xC5F3,0xDE96,0xAD94,
0x94B1,0x6B4C,0x9C6C,0xAC46,0xD483,0x9BA3,0x9C29,0xD4E5,0xDCC1,0xE4E0,0xDCE0,0xDD00,0xE520,0xDD00,0xE520,0xE520,
0xE520,0xDCE0,0xC482,0x7261,0x0820,0x0840,0x6B6D,0xD6DB,0xD69A,0xCE59,0x4208,0x18C2,0x0841,0x0840,0x0840,0x0820,
0x0820,0x0840,0x0840,0x1082,0x18E3,0x2124,0x20E3,0x18A2,0x1061,0x1061,0x0841,0x0840,0x0820,0x0820,0x0840,0x0820,
0x0840,0x0840,0x0840,0x0840,0x0861,0xB5B6,0x8C50,0x31A6,0x2104,0x31A6,0x4228,0x528A,0x5ACA,0x5ACA,0x5AAA,0x5ACB,
0x5ACB,0x5ACB,0x528A,0x3186,0xA4F3,0xB5B6,0x39E7,0x18A2,0x1082,0x1081,0x1082,0x1082,0x1082,0x1082,0x1082,0x1082,
0x18C2,0x18C3,0x9492,0x8430,0x3185,0x18A2,0x10A2,0x18C3,0x18C3,0x18E3,0x20E3,0x20E3,0x2104,0x2124,0x2103,0x2944,
0x3165,0x39A6,0x39C7,0x41E8,0x4208,0x4A69,0x62EB,0x73AE,0xA4F4,0xBDF7,0xE73C,0xF79E,0xEF7D,0xE73C,0xDEDB,0xE71C,
0x4A49,0x0840,0x1040,0x0840,0x0840,0x0840,0x31A6,0xD69A,0xDEFB,0xD6BA,0xE73C,0xDEFB,0x630C,0xD69A,0xF79E,0xEF5D,
0xBDD7,0x738E,0x18C2,0x0820,0x0840,0x0820,0x0820,0x0820,0x0820,0x49C3,0xCCEA,0xDD49,0xE5AA,0xEDCB,0xEDCB,0xEDEC,
0x0A0A,0x0A0A,0x0A0A,0x0A0A,0x0A0A,0x01EA,0x01EA,0x09AA,0x01A9,0x19A7,0xA4A6,0x32CA,0x0A2D,0x020E,0x022F,0x024F,
0x024F,0x024F,0x0270,0x0A4F,0x022E,0x0270,0x1A8F,0x6389,0xB4A3,0xACA4,0x9445,0x4B29,0x0A2D,0x022F,0x022E,0x09EE,
0x020E,0x024F,0x026F,0x024F,0x024F,0x0250,0x022F,0x0250,0x0270,0x0250,0x0A70,0x0250,0x0270,0x0270,0x0A70,0x0250,
0x0270,0x0270,0x0270,0x0271,0x0270,0x0290,0x128E,0xBD64,0xCD62,0xD5A3,0xDDE3,0xDE23,0xE623,0xDDA3,0xDDA2,0xD5C5,
0x22AD,0x0292,0x02B2,0x02B1,0x02B1,0x0292,0x02B3,0x02B2,0x02D3,0x02B2,0x02B2,0x02B2,0x0291,0x02B2,0x02D2,0x02F4,
0x02F4,0x02D3,0x02F3,0x02F4,0x02D3,0x02D2,0x02D2,0x02D2,0x0AD2,0x0AB2,0x0A90,0x5BEC,0xB567,0xD5E5,0xDDE3,0x9CE8,
0x12B1,0x02B2,0x02B2,0x02B2,0x02B2,0x02B3,0x02D3,0x02D3,0x02B2,0x0292,0x0291,0x3B4C,0xC5A7,0x5309,0x2AAC,0x330D,
0x3B4E,0x3B6F,0x438F,0x736A,0x8388,0x93C6,0xAC03,0xB403,0xBC22,0xBC42,0xBC42,0xBC42,0xBC41,0xC441,0xC441,0xC442,
0xC441,0xC442,0x9BC5,0x2985,0x3229,0x3A69,0x29C7,0x1124,0x08C3,0x08C3,0x08E3,0x08C4,0x1105,0x08E4,0x08E4,0x10E5,
0x0904,0x08E4,0x08E4,0x08E4,0x08E4,0x08E4,0x08E4,0x08E4,0x08E4,0x08E4,0x08E4,0x1105,0x1946,0x1986,0x21A7,0x21A6,
0x21C7,0x29C8,0x31E8,0x3229,0x3208,0x21A6,0x3A48,0x636D,0x73AE,0x1945,0x4269,0x5B09,0xA4CF,0xD675,0xE6D7,0xA533,
0x842F,0x6B2C,0x8C6F,0x83CB,0xA447,0x9BC5,0x9429,0xCD05,0xD4E1,0xDCE0,0xDCC0,0xDD00,0xDD00,0xE520,0xE520,0xE540,
0xE520,0xD4C0,0xC482,0x7261,0x0820,0x0840,0x6B4D,0xD6BB,0xD6BA,0xCE79,0x6B4D,0x1082,0x0861,0x0840,0x0840,0x0820,
0x0820,0x0840,0x1881,0x39C7,0x4A28,0x4A69,0x528A,0x5269,0x4228,0x39E7,0x39C7,0x3186,0x2124,0x2103,0x20E3,0x18A2,
0x1082,0x1061,0x1061,0x1082,0x10A2,0x6B6D,0xC638,0xAD75,0x7BCF,0x632C,0x4A49,0x31A6,0x3186,0x2965,0x3186,0x39E7,
0x4208,0x31A6,0x2965,0x6B4D,0xB5B6,0x5ACB,0x0841,0x0821,0x0820,0x0820,0x0820,0x0820,0x0841,0x0820,0x0820,0x0861,
0x2103,0x2124,0xAD75,0x3165,0x0841,0x0020,0x0820,0x0820,0x0020,0x0820,0x0840,0x0020,0x0840,0x0820,0x0820,0x0840,
0x0840,0x0840,0x0860,0x0841,0x0841,0x1061,0x1082,0x18A2,0x2944,0x39C7,0x5AEB,0xBE17,0xE71C,0xE71C,0xDEDB,0xDEFB,
0x4A49,0x0840,0x0820,0x1061,0x18A2,0x0861,0x0841,0x632C,0xBDF7,0xDEFB,0xE71C,0xE71C,0x630C,0xCE79,0xF7BE,0xD69A,
0x4208,0x18C3,0x18E3,0x4A69,0x528A,0x3186,0x0841,0x0820,0x0840,0x49C3,0xC4EA,0xDD49,0xE5AA,0xEDCB,0xEDCB,0xEDEB,
0x020A,0x01EA,0x01EA,0x01EA,0x01EA,0x01EA,0x01CA,0x09A9,0x01A8,0x1986,0x9C85,0x32EA,0x0A2D,0x020E,0x022E,0x0A6F,
0x0270,0x024F,0x0270,0x024F,0x0A50,0x0250,0x1A8E,0x6BC9,0xB4E3,0xB4C2,0xB4C2,0xACC4,0x6368,0x2A6B,0x0A0D,0x0A0E,
0x020E,0x020F,0x0A70,0x0A4F,0x024F,0x0270,0x0250,0x0250,0x0250,0x0250,0x0A90,0x0270,0x0250,0x0250,0x0270,0x0270,
0x0270,0x0270,0x0A90,0x0250,0x0250,0x0270,0x1A8E,0xC5A5,0xCD62,0xCD62,0xDDC3,0xDDC2,0xE603,0xE5E3,0xDDA2,0xD5E4,
0x22ED,0x0292,0x02D2,0x02D3,0x02D3,0x02B2,0x02B2,0x02D2,0x02B2,0x02D3,0x02D3,0x0AD3,0x02B2,0x0291,0x02B2,0x02D3,
0x0AF4,0x02D3,0x02D3,0x02D4,0x02D4,0x02B4,0x0AF3,0x0AF4,0x12D2,0x2B0F,0x7C4A,0xD5E5,0xE5E2,0xDDE2,0xDE04,0xA529,
0x1AD1,0x02D2,0x02D3,0x02B3,0x02B2,0x02B3,0x02D3,0x02F3,0x02D3,0x02B2,0x0A91,0x3B4C,0xBD67,0x5308,0x3AAA,0x4B0C,
0x4B4D,0x436E,0x4B6F,0x6B6B,0x83A8,0x9BC5,0xB3E2,0xB402,0xBC02,0xBC22,0xC442,0xBC22,0xC442,0xC442,0xC441,0xC462,
0xBC23,0xA406,0x4A66,0x1945,0x3A09,0x3A49,0x29A6,0x10E5,0x08C4,0x08A4,0x08A3,0x08C3,0x1125,0x0904,0x08C4,0x08C4,
0x08E4,0x0905,0x0905,0x08E4,0x08E4,0x08E4,0x08E4,0x08E4,0x08E4,0x00C4,0x08C4,0x08E4,0x1105,0x1945,0x1966,0x1986,
0x21A7,0x21A7,0x29E8,0x29C8,0x21A7,0x5B4D,0x3A28,0x5B0C,0x5B0C,0x29A7,0x4268,0x6B4A,0xBD71,0xE6F7,0xCE76,0x840F,
0x8C50,0x632C,0x8450,0x738E,0x738D,0x634A,0x946B,0xCD04,0xDCC1,0xDCE0,0xDCE0,0xDD00,0xDD00,0xE520,0xE520,0xE521,
0xE520,0xD4C0,0xC461,0x7261,0x0820,0x0840,0x632C,0xD6DB,0xD6BA,0xD6BA,0xB5B6,0x52AA,0x0861,0x0820,0x0840,0x0840,
0x0840,0x1040,0x1081,0x18E3,0x3185,0x39C7,0x39E7,0x4207,0x4228,0x5289,0x52AA,0x52AA,0x5ACA,0x5ACB,0x5AEB,0x630C,
0x5AEB,0x5ACA,0x4A69,0x4228,0x4A49,0xC638,0xB596,0x8C51,0x8430,0x9CD3,0xB5B6,0xAD75,0xA513,0x94B2,0x8C51,0x7BCE,
0x738D,0x8C51,0xB575,0xAD75,0x2945,0x0861,0x2104,0x3186,0x3186,0x3165,0x2104,0x20E3,0x18C3,0x18A2,0x20E3,0x41E7,
0x3186,0x8430,0xD69A,0x9471,0x8C50,0x8430,0x8430,0x73AE,0x6B4C,0x4A69,0x4A48,0x4228,0x39C6,0x3185,0x2924,0x20E3,
0x18A2,0x0841,0x0820,0x0820,0x0820,0x0820,0x0820,0x0840,0x0840,0x0840,0x0840,0x18C3,0x52AA,0xC638,0xDEDB,0xDEFB,
0x4A69,0x0820,0x3165,0xA4F3,0xBDF7,0xAD55,0x7BCF,0x4A69,0x8C71,0xEF7D,0xE73C,0xE71C,0x5AEB,0xCE59,0xF7BE,0xAD54,
0x5ACB,0x8C71,0xD6BA,0xF7BE,0xF7BE,0xE71C,0x6B4D,0x0820,0x0820,0x49A3,0xC4C9,0xDD48,0xE5AA,0xEDCA,0xE5CB,0xEDCB,
0x01EA,0x01EA,0x01EA,0x01EA,0x01EA,0x01EA,0x09CA,0x09A9,0x09A8,0x1986,0x9485,0x32EB,0x0A2E,0x020E,0x022F,0x0A70,
0x0270,0x0250,0x0270,0x024E,0x022E,0x0A2F,0x1A6D,0x6BA9,0xB4E2,0xB4C2,0xACC2,0xAC82,0xA4A4,0x7BE5,0x3AEB,0x0A4F,
0x0A4F,0x022F,0x0A2F,0x0A4F,0x0A50,0x0270,0x0270,0x0250,0x0A70,0x0270,0x0270,0x0270,0x0250,0x0250,0x0270,0x0270,
0x0270,0x0270,0x0270,0x0270,0x0271,0x0250,0x126D,0xC5A5,0xCD63,0xCD22,0xD563,0xD5A2,0xDDC2,0xDDE3,0xDDE2,0xD5C5,
0x22EE,0x0292,0x02D3,0x02F4,0x02D3,0x02B2,0x02B2,0x02D3,0x02D3,0x02D3,0x02F3,0x02D3,0x02B2,0x0291,0x0291,0x0AD2,
0x0AF3,0x0AD3,0x02B3,0x02D3,0x0AF4,0x02D3,0x0AB3,0x0AB3,0x4B8D,0x9D6A,0xDE05,0xDDC3,0xDDC2,0xDDE3,0xE604,0xA548,
0x1312,0x02F4,0x02D3,0x02D3,0x02B2,0x0AF3,0x02D3,0x0AD3,0x02D3,0x02D3,0x02B2,0x3B4D,0xB547,0x5308,0x42AA,0x530B,
0x5B2C,0x5B4C,0x636D,0x7B69,0x8B87,0x9BA4,0xB402,0xB402,0xB422,0xBC22,0xBC22,0xC442,0xBC21,0xC441,0xC442,0x93C5,
0x6AC6,0x5B0A,0x1105,0x2145,0x3A29,0x3229,0x2187,0x08E5,0x08C4,0x08A4,0x0883,0x08C3,0x1946,0x0905,0x1925,0x1926,
0x08E4,0x08E4,0x08E4,0x0904,0x0904,0x0904,0x0904,0x08E4,0x08E4,0x08C4,0x08C4,0x08C4,0x08C4,0x1104,0x0904,0x1124,
0x2186,0x29C7,0x29C7,0x2186,0x3A29,0x73EF,0x4AAA,0x73EF,0x4249,0x31E7,0x4A88,0x7B8B,0xBD71,0xBDD4,0x842E,0x844F,
0x740F,0x636D,0x8430,0x736D,0x6B6C,0x636B,0x946B,0xCCE5,0xDCE0,0xDD00,0xDCE0,0xDD00,0xE520,0xE541,0xE540,0xE520,
0xE500,0xD4C0,0xC461,0x7261,0x0820,0x0820,0x630C,0xDEDB,0xD69A,0xD6BA,0xD6BA,0xBDF7,0x39C6,0x0840,0x0840,0x1061,
0x0840,0x0840,0x1061,0x1081,0x39E7,0x9CF3,0xAD55,0x9CD3,0x738E,0x4228,0x3186,0x2945,0x20E4,0x18E3,0x2104,0x2965,
0x3186,0x2965,0x2965,0x8C50,0xD699,0x8C30,0x2103,0x0840,0x0820,0x0841,0x18A2,0x2944,0x39C6,0x5269,0x7BCF,0xB595,
0xD699,0xE71C,0xDEBB,0xAD55,0x4A49,0x2925,0x20E3,0x2124,0x3165,0x4208,0x5269,0x5289,0x4A69,0x52AA,0x5ACA,0x39C6,
0x630C,0xD699,0x7BAE,0x41E7,0x4228,0x528A,0x73AE,0x9492,0xA534,0xBDF7,0xC638,0xD679,0xD699,0xCE79,0xC618,0xBDD7,
0xBDD6,0xAD54,0x8C30,0x6B2C,0x5269,0x3185,0x2103,0x18A2,0x0840,0x0820,0x0020,0x0861,0x1081,0x5ACA,0xDEFB,0xDEDB,
0x4A69,0x0020,0x528A,0xE71C,0xE71C,0xEF5D,0xEF9E,0xDF1C,0xE71C,0xEF7D,0xEF7D,0xE71C,0x5AEB,0xC638,0xF79E,0xEF7D,
0xEF5D,0xF79E,0xEF9E,0xF7BF,0xF7BF,0xEF5D,0x9CD3,0x0820,0x0840,0x51C3,0xC4C9,0xDD48,0xE5A9,0xEDCA,0xE5CA,0xE5CB,
0x01EA,0x01EA,0x01EA,0x01EA,0x01EA,0x01EA,0x09CA,0x09A9,0x09A8,0x1986,0x9465,0x32EB,0x0A4E,0x020F,0x022F,0x022F,
0x0270,0x0250,0x0250,0x0A4E,0x024F,0x022F,0x1A8E,0x6BA9,0xB4C2,0xB4C2,0xACE2,0xACC2,0xACA2,0x9C63,0x7BE8,0x22AD,
0x0A4F,0x0A4F,0x024F,0x0A4F,0x0A4F,0x0A70,0x0A70,0x0270,0x0250,0x0250,0x0270,0x0270,0x0250,0x0270,0x0270,0x0270,
0x0270,0x0A91,0x0A70,0x024F,0x0A91,0x0271,0x0A4D,0xBD45,0xCD83,0xCD42,0xCD43,0xD582,0xD5A2,0xDDE2,0xDDE2,0xD5C6,
0x230F,0x02D3,0x02F3,0x02D3,0x02B2,0x0AD2,0x02D3,0x02D3,0x02F4,0x02F4,0x02F4,0x02F4,0x02B2,0x02B2,0x0291,0x0AD2,
0x0AD3,0x02D2,0x02D2,0x0AF4,0x0AF4,0x02D2,0x0AB2,0x22D0,0x9D29,0xCDE5,0xDDA2,0xD5A2,0xE5E2,0xDDC3,0xDDE3,0xA548,
0x1312,0x02F4,0x02D3,0x0AD3,0x02B2,0x02D3,0x02D3,0x02D3,0x02D3,0x02B3,0x0AB2,0x434D,0xB547,0x5308,0x42AA,0x5B0A,
0x634B,0x634B,0x736B,0x8B88,0x9386,0xA3A4,0xB402,0xB402,0xB421,0xBC22,0xBC21,0xC442,0xC441,0xC442,0xB404,0x4A25,
0x3A07,0x428A,0x08E5,0x1966,0x2A08,0x2A07,0x1966,0x08E5,0x08E4,0x08A3,0x0883,0x08E4,0x1146,0x1125,0x1105,0x1946,
0x1925,0x08E4,0x08E4,0x08E4,0x08E4,0x0904,0x0904,0x08E4,0x08E4,0x08E4,0x08E4,0x08E4,0x1125,0x1945,0x3229,0x42AA,
0x29E8,0x2165,0x29A7,0x29A6,0x5B2C,0x634D,0x5B2C,0x73CF,0x2166,0x29C7,0x52C9,0x83CC,0xC5B3,0x7BCD,0x634C,0x73EE,
0x638E,0x73F0,0x7BEF,0x8430,0x530B,0x632B,0x8C4E,0xB4CC,0xC4A5,0xDCE1,0xE500,0xDD00,0xDD00,0xE520,0xE540,0xE520,
0xDD00,0xD4A0,0xC461,0x7261,0x0820,0x0820,0x630C,0xD6BB,0xCE7A,0xD69A,0xD6BA,0xD6BA,0x8C71,0x1082,0x1061,0x1041,
0x0840,0x0840,0x0840,0x0841,0x18C2,0x5AAA,0x9492,0xAD55,0xB5B6,0xB596,0xAD75,0xA514,0x8C71,0x8410,0x6B4D,0x528A,
0x4A69,0x5AEB,0x94B2,0xCE59,0xB575,0x2924,0x0840,0x0840,0x0820,0x0820,0x0820,0x0840,0x0840,0x0820,0x18C2,0x39C6,
0x5289,0xAD55,0xE71C,0xD69A,0xAD55,0x9CD3,0x8C51,0x6B6D,0x52AA,0x39C6,0x2945,0x2965,0x31A6,0x4208,0x39E7,0x2124,
0xA4F3,0xA534,0x2103,0x0840,0x0841,0x0861,0x10A2,0x2103,0x2945,0x41E7,0x4A69,0x5ACB,0x6B4C,0x6B6D,0x738E,0x840F,
0x8C51,0x9CB2,0x94B2,0x9471,0x8C51,0x8C30,0x83EF,0x736D,0x62EB,0x4A48,0x2104,0x0861,0x0841,0x18C2,0xB596,0xDEBA,
0x4A28,0x0020,0x4A69,0xE71C,0xE73D,0xE73D,0xEF5D,0xEF7D,0xEF7D,0xEF7D,0xEF7D,0xE71C,0x5ACB,0xC618,0xF7BE,0xF77D,
0xF79E,0xF7BE,0xF79E,0xF79E,0xE73C,0xE71C,0xA4F3,0x0820,0x0840,0x49A3,0xC4C9,0xD528,0xE589,0xE5AA,0xE5AA,0xE5CB,
0x01EA,0x01EA,0x01EA,0x01EA,0x01EA,0x01EA,0x09C9,0x09A9,0x0988,0x1986,0x9444,0x32AA,0x0A4E,0x024F,0x022F,0x022F,
0x022F,0x0250,0x0A50,0x0A2F,0x022F,0x024F,0x1A8D,0x6BC9,0xBCE3,0xAC82,0xAC82,0xB4C3,0xB4E2,0xACC3,0xA482,0x8407,
0x4B0A,0x0A0D,0x0A2F,0x024F,0x024F,0x0A70,0x0271,0x0A91,0x0250,0x0A6F,0x0A70,0x0270,0x0270,0x0270,0x0270,0x0291,
0x0270,0x0270,0x0270,0x026F,0x0270,0x0270,0x122D,0xACE5,0xC543,0xCDA3,0xCD62,0xD562,0xDDA2,0xD5A2,0xD5A3,0xCDA6,
0x22CF,0x02B4,0x02F3,0x02F3,0x02B2,0x02B2,0x02B2,0x02F3,0x02F4,0x02D4,0x02F4,0x02F4,0x02D3,0x02D3,0x0292,0x0AD4,
0x02D2,0x0AD2,0x02B2,0x02D3,0x02D3,0x0AB1,0x538C,0xAD29,0xD5C2,0xDDE3,0xDE02,0xE5E3,0xDDC2,0xDDC2,0xD5C3,0x9CC7,
0x12B0,0x0AF3,0x02D3,0x02D3,0x02B2,0x02B2,0x02B3,0x02D3,0x02D3,0x02D3,0x0A91,0x3B2C,0xBD47,0x5AE8,0x4AAA,0x5B0A,
0x634B,0x636B,0x736B,0x9387,0x9BA5,0xA3C3,0xBC02,0xB402,0xBC01,0xC422,0xBC21,0xBC41,0xC441,0xAC03,0x5A45,0x2187,
0x3A4A,0x29E8,0x1126,0x1146,0x2187,0x29C7,0x21A6,0x1125,0x08E4,0x08C3,0x08A3,0x08E4,0x1146,0x0926,0x0905,0x0905,
0x1946,0x1946,0x10E4,0x10E4,0x08C4,0x08C4,0x08E4,0x08E4,0x08E4,0x08E4,0x0905,0x1126,0x1967,0x21E8,0x1146,0x1986,
0x6BF0,0x63AF,0x3A09,0x52EB,0x52CB,0x4ACA,0x632C,0x3A09,0x0905,0x29E7,0x52A7,0x83CB,0x842E,0x4AAB,0x5B6E,0x530C,
0x636D,0x7C10,0x73CF,0x9CF2,0x530B,0x5B2C,0x73EF,0x73AE,0xC592,0xD529,0xDCE2,0xE500,0xE500,0xE520,0xE520,0xE520,
0xE520,0xD4C0,0xC462,0x7281,0x0820,0x0820,0x6B4D,0xCE9A,0xD6BA,0xD69A,0xD69A,0xD6BB,0xDEFB,0x9CF3,0x18E3,0x0840,
0x0820,0x0840,0x0840,0x0820,0x0840,0x0840,0x0020,0x0020,0x0861,0x18E3,0x39C6,0x5AEB,0x9492,0xB595,0xC618,0xD6BA,
0xDEDA,0xCE79,0x94B2,0x3185,0x1061,0x20E3,0x2924,0x2104,0x20E3,0x18A2,0x1061,0x1061,0x1061,0x1082,0x2924,0x31A6,
0x4207,0xB596,0x736D,0x1882,0x1082,0x18C3,0x41E7,0x83F0,0xA514,0xC617,0xB595,0x8C30,0x6B4D,0x4A69,0x52AA,0xAD54,
0xAD54,0x3186,0x2104,0x4208,0x4A49,0x52AA,0x4A69,0x39E7,0x2965,0x18E3,0x18C2,0x1081,0x0861,0x0840,0x0820,0x0820,
0x0820,0x0820,0x0840,0x0820,0x0800,0x0000,0x0000,0x0820,0x1061,0x1082,0x0861,0x0840,0x0841,0x0861,0x9CD3,0xDEDA,
0x4A28,0x0020,0x4A49,0xE71C,0xE71C,0xE73D,0xE73D,0xEF9D,0xF79E,0xEF9E,0xE71C,0xDEDA,0x52AA,0xBDD7,0xF79D,0xF79E,
0xF79E,0xFFBF,0xF7BF,0xEF7E,0xCE7A,0xDEFC,0x9CF3,0x0820,0x0820,0x49A3,0xBCC9,0xD528,0xDD89,0xE5AA,0xE5AA,0xE5CB,
0x01EA,0x01EA,0x01EA,0x01EA,0x01C9,0x01E9,0x09C9,0x09A9,0x0988,0x1986,0x9465,0x32AA,0x0A2E,0x024F,0x022F,0x0A2F,
0x020E,0x0A4F,0x0A50,0x024F,0x024F,0x024F,0x1A8E,0x6BA9,0xB4C3,0xAC82,0xA462,0xA462,0xACA2,0xA482,0xA483,0xA464,
0x8C25,0x3AC9,0x09ED,0x022E,0x024F,0x0250,0x0271,0x0A91,0x0270,0x0250,0x0A91,0x0291,0x0A91,0x0270,0x0291,0x0291,
0x0271,0x0270,0x0270,0x0270,0x024F,0x0270,0x0A0D,0xA4C4,0xBD02,0xCDC3,0xDE03,0xDDC2,0xDDE3,0xD5C3,0xCD83,0xC566,
0x1AAE,0x02B3,0x02B2,0x02F3,0x02D3,0x02D3,0x02B2,0x02D3,0x02F3,0x02D3,0x02D4,0x02F4,0x02F4,0x02D3,0x0AB2,0x0A91,
0x02B3,0x02B3,0x02B2,0x02B3,0x02B3,0x53AB,0xBD67,0xDDC3,0xE603,0xE643,0xDDE3,0xD582,0xDDC3,0xDDC3,0xD5C3,0x9CC7,
0x128F,0x0AF3,0x0B14,0x02F3,0x02B2,0x02B2,0x02D3,0x02D2,0x0AD3,0x02D3,0x0AB2,0x434C,0xBD47,0x5308,0x4AA9,0x5B0A,
0x5B4C,0x636C,0x738A,0x93A5,0xA3C4,0xB3C2,0xBBE2,0xBBE1,0xBC02,0xBC21,0xBC42,0xBC21,0xBC42,0x7B24,0x2964,0x1145,
0x21A7,0x29C8,0x1946,0x1967,0x1966,0x2165,0x2987,0x1966,0x1105,0x08C3,0x08A3,0x08C4,0x0925,0x0926,0x0926,0x1105,
0x10E4,0x1125,0x1925,0x1946,0x21A7,0x2187,0x10E4,0x0883,0x08A3,0x08E4,0x0904,0x1105,0x1966,0x1125,0x08E4,0x0904,
0x1146,0x29E8,0x3208,0x3A49,0x428A,0x4ACB,0x5B4D,0x4249,0x1946,0x29C7,0x4267,0x5AC9,0x3A28,0x4ACC,0x4ACC,0x5B6D,
0x6BAE,0x7410,0x6BAE,0x94B2,0x634C,0x6BAD,0x8450,0xA575,0xB595,0xCDB1,0xD569,0xDD00,0xE520,0xE520,0xE540,0xE520,
0xE520,0xDCE0,0xC482,0x7261,0x0820,0x0820,0x6B4D,0xC659,0xCE79,0xCE59,0xD69A,0xD67A,0xCE7A,0xD69A,0x9CF4,0x4A29,
0x0840,0x1061,0x0840,0x0840,0x0840,0x0840,0x0840,0x0840,0x0840,0x1061,0x0840,0x0840,0x0840,0x1081,0x18E3,0x2965,
0x3185,0x2924,0x1061,0x0840,0x0861,0x20E3,0x3186,0x4207,0x52AA,0x52AA,0x4A69,0x4A28,0x4228,0x4A69,0x39C7,0x4A8A,
0xA514,0x5ACA,0x1061,0x0840,0x0840,0x0820,0x0820,0x0840,0x1081,0x2924,0x4228,0x52AA,0x6B4D,0xA514,0xCE79,0xDEFB,
0xD69A,0xB5B6,0x94B2,0x630C,0x39E7,0x2104,0x3165,0x4228,0x5289,0x52AA,0x52AA,0x4A49,0x41E7,0x39C6,0x3185,0x20E3,
0x18A2,0x0840,0x0820,0x0840,0x0820,0x0820,0x0820,0x0820,0x0820,0x0840,0x0840,0x2103,0x2924,0x4A69,0xDEDA,0xD6BA,
0x4A28,0x0020,0x4228,0xDEDB,0xE73D,0xE73C,0xEF5D,0xE71C,0xEF9E,0xEF5D,0xEF5D,0xDEDB,0x5289,0xBDD6,0xF7BE,0xF7BE,
0xEF5D,0xEF7E,0xEF9E,0xE73D,0xCE9A,0xDF1C,0xA534,0x0841,0x0820,0x49A3,0xBCA9,0xCD08,0xDD8A,0xDD8A,0xDD8B,0xE5AB,
0x01E9,0x01C9,0x01EA,0x01C9,0x01C9,0x01E9,0x09C9,0x0989,0x0187,0x1986,0x9C85,0x32AA,0x0A2E,0x024F,0x022F,0x0A0E,
0x020E,0x0A2E,0x0A50,0x024F,0x024F,0x022F,0x1A8D,0x6388,0xAC83,0xAC83,0xAC62,0xAC82,0xACC3,0xACA2,0xA463,0xA463,
0x9C43,0x73E7,0x120B,0x020D,0x024F,0x024F,0x0270,0x0AB1,0x0AB1,0x0A70,0x0291,0x0291,0x0271,0x0270,0x02B1,0x0291,
0x0291,0x0291,0x0A91,0x0A70,0x0270,0x0A91,0x0A0D,0xA4C5,0xC523,0xCDA3,0xDE23,0xDE02,0xE5E3,0xDDE3,0xD583,0xBD46,
0x1A8E,0x0AB3,0x02B2,0x02D3,0x02F3,0x0AD3,0x02B2,0x02D3,0x02D3,0x02B3,0x02D3,0x02F4,0x02F4,0x02B3,0x02B2,0x0290,
0x0292,0x02B2,0x0292,0x0292,0x1290,0xA529,0xDDE4,0xDDC2,0xDDE3,0xDE03,0xD5A2,0xD582,0xD5A2,0xDDC3,0xDE03,0xA507,
0x128F,0x02D2,0x0AF4,0x02D3,0x0292,0x02B2,0x02D3,0x02B2,0x02D2,0x02D3,0x0AB2,0x3B4C,0xC567,0x5308,0x42AA,0x530B,
0x634C,0x6B6B,0x7B89,0x9BA4,0xA3A3,0xB3C2,0xBBE2,0xBBE1,0xBC02,0xBC21,0xBC21,0xBC41,0xAC24,0x5265,0x1104,0x1146,
0x21C7,0x29E8,0x1987,0x1967,0x1966,0x10E4,0x2187,0x2187,0x1125,0x08C3,0x08A3,0x08A3,0x0905,0x0925,0x0926,0x0905,
0x08E4,0x1105,0x10E4,0x1105,0x2187,0x29C8,0x2187,0x1925,0x1105,0x10E4,0x08E4,0x10E4,0x1105,0x1105,0x10E4,0x08E4,
0x1105,0x1125,0x3208,0x426A,0x4A8A,0x52CB,0x530C,0x31E8,0x1946,0x29C7,0x3A28,0x3A07,0x3A29,0x428B,0x428A,0x638E,
0x6BAE,0x6BAF,0x636D,0x7C0F,0x738E,0x7C0F,0x94B1,0xC618,0xB5B6,0xC5D5,0xBD4D,0xD4E1,0xE521,0xE521,0xE540,0xE540,
0xE540,0xD4E0,0xC482,0x7281,0x0820,0x0840,0x632C,0xCE7A,0xCE59,0xCE59,0xD69A,0xD69A,0xCE7A,0xDEDB,0xD6BA,0xA4F4,
0x18C2,0x0840,0x0840,0x0840,0x0840,0x0840,0x0840,0x0840,0x1040,0x0840,0x0840,0x0820,0x0840,0x0840,0x0840,0x0820,
0x0820,0x0840,0x0840,0x0841,0x0840,0x0020,0x0861,0x18C2,0x2945,0x39E7,0x528A,0x5AEB,0x52AA,0x4228,0x3186,0xA534,
0xAD55,0x18C3,0x0840,0x0840,0x0840,0x0820,0x0820,0x0840,0x0840,0x0820,0x0820,0x0841,0x1082,0x39E7,0x8430,0xDEFB,
0xC638,0xC618,0xD6BA,0xCE59,0xA534,0x738E,0x39A6,0x2924,0x2944,0x39C7,0x4A48,0x5ACA,0x5ACB,0x5ACA,0x5AAA,0x4A49,
0x4A28,0x3186,0x2103,0x1081,0x0841,0x0820,0x0820,0x0820,0x0840,0x1061,0x18E3,0x39E7,0x31A6,0x9CB2,0xDEFB,0xDEBA,
0x4A48,0x0020,0x4208,0xCE79,0xE71C,0xE73D,0xE73C,0xD6DB,0xEF7D,0xEF7E,0xE73C,0xDEDB,0x4A69,0xBDD6,0xFFDE,0xFFDF,
0xF7BE,0xF7BE,0xF79E,0xDF1C,0xC679,0xE73D,0xA513,0x0841,0x0841,0x49A3,0xBC89,0xCCE8,0xDD6A,0xDD6A,0xDD8B,0xDD8B,
0x01C9,0x01C9,0x01C9,0x01C9,0x01C9,0x01C9,0x01C9,0x09A9,0x0987,0x1986,0x9465,0x32AA,0x0A2E,0x022E,0x020E,0x01ED,
0x020D,0x020E,0x0A2F,0x0A4F,0x024F,0x022F,0x1A6D,0x6388,0xAC83,0xAC82,0xACA2,0xB4C3,0xACC3,0xACE2,0xACA2,0xA4C2,
0xA4A2,0xACA2,0x6BC8,0x2A6B,0x1270,0x0270,0x0270,0x0271,0x0291,0x0291,0x0291,0x02B1,0x0291,0x0291,0x0AB1,0x0AB1,
0x0291,0x0271,0x0291,0x0AB1,0x0A91,0x0271,0x0A2E,0xA4E6,0xBD02,0xC542,0xD5C3,0xDDE3,0xE624,0xE623,0xD5C3,0xB546,
0x1AAE,0x0AB3,0x02B2,0x02B3,0x02D3,0x02D3,0x02B2,0x0292,0x0AD2,0x02B3,0x02D3,0x02D3,0x02F4,0x0AF4,0x0AD3,0x0292,
0x02B2,0x02B2,0x02B2,0x22F0,0x8CCA,0xE623,0xE603,0xDDE3,0xD5C3,0xDDA4,0xDD83,0xDDE2,0xD5A3,0xD5A3,0xDE04,0xA528,
0x1AAF,0x02B2,0x02D3,0x02D3,0x02B2,0x02B2,0x0AD3,0x02B2,0x0292,0x02B2,0x0AB3,0x3B4D,0xBD87,0x4B08,0x3AAB,0x530C,
0x634B,0x734A,0x8B87,0xA3A4,0xABA3,0xB3C2,0xB3E1,0xB3E1,0xBC21,0xC421,0xBC21,0x9364,0x3164,0x1946,0x1126,0x1125,
0x21C8,0x29E9,0x2188,0x1987,0x1146,0x08E4,0x1125,0x21C7,0x1925,0x08C3,0x00A3,0x0083,0x08E4,0x0905,0x0905,0x0905,
0x0905,0x10E5,0x1105,0x1105,0x1105,0x1105,0x1105,0x1925,0x1925,0x1946,0x1986,0x2186,0x2187,0x1966,0x1905,0x2166,
0x3208,0x1966,0x1124,0x3A28,0x4A6A,0x4269,0x3209,0x1946,0x10E4,0x2186,0x21C7,0x29E8,0x42AB,0x3A29,0x4AAA,0x5B4D,
0x5B4D,0x636D,0x428A,0x5AEB,0x8C50,0x8C51,0xBDF7,0xCE58,0xC618,0xA535,0x842F,0xCCE3,0xDD41,0xDD20,0xE541,0xE520,
0xE540,0xDCE1,0xC482,0x7281,0x0840,0x0820,0x6B4D,0xCE79,0xC639,0xCE79,0xCE79,0xD69A,0xDEDB,0xDEDB,0xDEDB,0xD69A,
0xA4F4,0x4A49,0x0841,0x0840,0x0840,0x0840,0x0820,0x1040,0x1040,0x1040,0x0840,0x1040,0x1040,0x0820,0x0820,0x0820,
0x0820,0x0820,0x0820,0x0820,0x0840,0x0840,0x0840,0x0820,0x0840,0x0840,0x0820,0x18E3,0x39E7,0x738E,0xB5B7,0x8431,
0x31A7,0x10A2,0x2124,0x39C7,0x4A49,0x4228,0x31A6,0x2124,0x18C2,0x1082,0x1082,0x2124,0x2924,0x5289,0xC617,0x8C71,
0x1082,0x0841,0x18C3,0x39C7,0x5AEB,0x8C71,0xCE79,0xD6BA,0xC618,0x9491,0x73AE,0x4A48,0x2965,0x2945,0x39C6,0x52AA,
0x5ACB,0x5AEB,0x5ACA,0x5AEB,0x5ACA,0x4A69,0x5269,0x5269,0x52AA,0x5ACB,0x52AA,0x2104,0x630C,0xD69A,0xE71C,0xDEFB,
0x4A49,0x0020,0x39C7,0xCE59,0xDEDC,0xE73D,0xE73D,0xE75C,0xEF5D,0xF79E,0xEF7D,0xDEFB,0x4A69,0xB596,0xF7BE,0xEF7D,
0xF7BE,0xF7BE,0xF7DF,0xE71C,0xBE18,0xDF1C,0x9CD2,0x0840,0x0840,0x49A3,0xB489,0xCCE9,0xD54A,0xD56A,0xDD6B,0xDD8B,
0x01C9,0x09C9,0x01CA,0x09CA,0x01C9,0x01C9,0x01C9,0x0988,0x0988,0x1986,0x9445,0x32AA,0x0A2E,0x022F,0x022E,0x0A2E,
0x022E,0x01EE,0x020F,0x024F,0x0A4F,0x024F,0x1A6D,0x6BA9,0xAC83,0xAC63,0xAC83,0xACA2,0xACA2,0xACA2,0xACA2,0xA4C2,
0xACC2,0xA462,0xA4C4,0x7408,0x1A6E,0x0270,0x0270,0x0270,0x0291,0x02B1,0x02B1,0x02B1,0x02B2,0x02B2,0x0291,0x0291,
0x0291,0x0271,0x0291,0x0291,0x0291,0x0271,0x0A4E,0xA4C6,0xC522,0xC522,0xC543,0xC563,0xCD83,0xDE03,0xDDE3,0xAD27,
0x126E,0x02B2,0x02B2,0x0AD3,0x02F4,0x02F3,0x02D3,0x02B2,0x0AB1,0x02B2,0x0AF4,0x02D3,0x0AD3,0x0B14,0x02F3,0x02D3,
0x0AF3,0x0AF3,0x22F1,0x6C4C,0xCE46,0xE663,0xE623,0xDDE3,0xE5E3,0xE603,0xE5E4,0xDE02,0xD5E3,0xD5A2,0xDDC3,0xA508,
0x1AB0,0x02B2,0x02B2,0x02B3,0x02D2,0x02B2,0x02D3,0x02B2,0x02B1,0x02B2,0x02B2,0x3B2D,0xB567,0x4B29,0x32CC,0x4B2C,
0x632B,0x736A,0x8388,0x9BC4,0xA3C3,0xABA2,0xB3E2,0xBBE2,0xC3E1,0xB402,0x8B64,0x39C5,0x10E5,0x1966,0x1125,0x0905,
0x1966,0x2187,0x21C8,0x1967,0x1166,0x1146,0x1105,0x1966,0x1946,0x08C3,0x08A3,0x00A3,0x00A3,0x0905,0x0905,0x0905,
0x0905,0x08E5,0x08E4,0x10E5,0x1905,0x10E4,0x1105,0x1925,0x1125,0x1125,0x1105,0x0905,0x1105,0x1105,0x1105,0x2187,
0x29C7,0x2186,0x21A7,0x29C7,0x31C8,0x52CB,0x29C8,0x08E5,0x1966,0x21A6,0x21A7,0x426A,0x3208,0x4AAA,0x530B,0x5B0C,
0x5B2D,0x4AEC,0x428A,0x5B2C,0x7BEF,0x9CF3,0xAD74,0x9CD2,0x9491,0x6B4E,0x630C,0xC505,0xDD43,0xDD21,0xE521,0xE520,
0xE540,0xDCE1,0xC482,0x7281,0x0820,0x0820,0x632C,0xCE7A,0xC618,0xC639,0xCE59,0xCE7A,0xDEDB,0xCE7A,0xDEDB,0xDEDB,
0xD6BB,0xC639,0x8C51,0x31A6,0x18C2,0x0840,0x0820,0x0820,0x0820,0x0840,0x0820,0x0820,0x0840,0x1040,0x0840,0x0820,
0x0820,0x0820,0x1040,0x0820,0x0840,0x0840,0x0840,0x0820,0x0820,0x0820,0x0840,0x1082,0x2944,0x5AEB,0x9CD3,0xBDF7,
0xBDF7,0x94B2,0x6B6D,0x39C7,0x18E3,0x2945,0x4208,0x5289,0x5289,0x4A49,0x528A,0x4228,0x2945,0xB595,0xCE79,0xA534,
0xA534,0x8430,0x4A49,0x0861,0x0020,0x1081,0x3186,0x4A69,0x6B4C,0xA514,0xC618,0xD6BA,0xBDD6,0x9CF3,0x6B6D,0x39C7,
0x2124,0x2965,0x39E7,0x4A69,0x5ACB,0x5AEB,0x5ACB,0x5AEB,0x4A69,0x31A6,0x18E3,0x8431,0xC639,0xD69A,0xDEFB,0xDEFC,
0x4A49,0x0020,0x2965,0xBDF8,0xDEFC,0xE73D,0xE75C,0xEF5D,0xEF7D,0xF79E,0xEF5D,0xDEFB,0x4A48,0xAD75,0xFFDF,0xF7BE,
0xF79E,0xEF7D,0xEF7E,0xDF1C,0xBDF8,0xDEFC,0x94B2,0x0820,0x0840,0x49A3,0xB489,0xC4C9,0xD54A,0xD54A,0xD56B,0xDD8B,
0x01C9,0x09CA,0x09CA,0x09CA,0x01C9,0x01C9,0x01A9,0x0988,0x0988,0x21A6,0x9445,0x3289,0x0A0D,0x024F,0x022F,0x0A4F,
0x0A6F,0x022F,0x020F,0x024F,0x0A4F,0x024F,0x1A6D,0x6BA9,0xACA3,0xAC63,0xACA3,0xACA2,0xA462,0xA462,0xA482,0xA482,
0xACA2,0xA462,0xACC3,0x9CC5,0x32EC,0x0A2F,0x022E,0x0A70,0x0290,0x0291,0x0291,0x0291,0x0AB2,0x02B2,0x0291,0x0A91,
0x0291,0x0291,0x02B1,0x02B2,0x0291,0x0271,0x0A4F,0xA4C6,0xC523,0xC542,0xBD22,0xBD03,0xC522,0xD5C2,0xD5C3,0xA4E6,
0x126E,0x0292,0x02B2,0x02D3,0x0B14,0x02F3,0x02D3,0x02B2,0x0A91,0x02B2,0x0AF4,0x02D3,0x02D3,0x0AF4,0x02F4,0x0AD3,
0x0AD3,0x0AF3,0x4BAE,0xAD69,0xDE23,0xDE23,0xE603,0xDDC2,0xE602,0xE603,0xE624,0xDE03,0xDE23,0xD5A2,0xD5A3,0xA4E8,
0x1AB0,0x02B2,0x02B2,0x02B2,0x02B1,0x02B1,0x02D3,0x0AB2,0x02B2,0x02B2,0x02B3,0x3B2D,0xB546,0x4B2A,0x32CC,0x4B0C,
0x634B,0x6B6B,0x7B89,0x93A5,0xA3C4,0xABA3,0xB3C2,0xBBE2,0xBBE1,0xA3E5,0x5AA5,0x29C7,0x1105,0x1966,0x1105,0x0905,
0x1125,0x1126,0x1987,0x1987,0x1966,0x1167,0x1126,0x1125,0x1945,0x08C4,0x00A3,0x00A3,0x00A3,0x08E4,0x0905,0x0905,
0x0905,0x08E5,0x10E4,0x10C4,0x1905,0x10E5,0x1105,0x1105,0x1105,0x1105,0x1905,0x1905,0x1905,0x1925,0x1925,0x2987,
0x1945,0x2166,0x3A29,0x2166,0x1945,0x52CB,0x31E8,0x10E5,0x29E8,0x29E8,0x428A,0x42AB,0x3207,0x4AAA,0x5B0B,0x5B2C,
0x5B2C,0x3A8A,0x4ACB,0x530B,0x6BAE,0x6B6D,0x5ACA,0x52CA,0x5AEA,0x7BF0,0x94B2,0xB52D,0xBD29,0xC505,0xDD23,0xDD22,
0xE540,0xDCE1,0xC482,0x7261,0x0820,0x0820,0x630C,0xCE7A,0xC659,0xCE59,0xCE7A,0xD69A,0xDEDB,0xD6BA,0xD6BA,0xDEBB,
0xD69A,0xDEDC,0xD6BB,0xAD55,0x8C51,0x5AEB,0x39C6,0x20E3,0x0841,0x0820,0x0820,0x0820,0x0820,0x0820,0x0820,0x0840,
0x0840,0x1040,0x0840,0x0840,0x0820,0x1040,0x0840,0x0820,0x0820,0x0820,0x0840,0x0840,0x0820,0x1081,0x39A6,0x6B6D,
0x9492,0xAD75,0xBDD7,0x9CD3,0x52AA,0x39E7,0x2985,0x31A6,0x4208,0x5289,0x5289,0x2945,0x5AEB,0xB5B6,0x6B4D,0x528A,
0x8C71,0xA534,0xAD55,0x73AE,0x4A69,0x2104,0x0020,0x0840,0x1081,0x3165,0x52AA,0x8C71,0xC638,0xDEFB,0xD69A,0xA514,
0x7BCF,0x52AA,0x31A6,0x2945,0x2945,0x31A6,0x3186,0x3186,0x2104,0x2104,0x52AA,0xD69A,0xDEFC,0xD69A,0xD6BA,0xD6BB,
0x4A48,0x0020,0x2124,0xAD75,0xDEDB,0xDEFC,0xE73C,0xE73D,0xEF7E,0xEF9E,0xEF7D,0xDEFB,0x4228,0xAD34,0xFFDE,0xFFDF,
0xF79E,0xF79E,0xEF7E,0xD6DB,0xBDF8,0xDEFC,0x8C91,0x0820,0x0820,0x49A3,0xB46A,0xC4C9,0xCD2A,0xD54B,0xD56B,0xDD8B,
0x01C9,0x01C9,0x01C9,0x01C9,0x01C9,0x01C9,0x01C9,0x09A8,0x0188,0x1986,0x9445,0x2A69,0x09ED,0x024F,0x022F,0x022F,
0x0A90,0x0A90,0x024F,0x024F,0x024F,0x024F,0x1A8D,0x6BC9,0xB4E3,0xACA2,0xACC2,0xBD03,0xB4E4,0x9C43,0xA4A4,0xAC83,
0xACA2,0xBD23,0xA462,0xA462,0x9CC7,0x2ACD,0x0A4F,0x0A4F,0x0A91,0x0291,0x02B1,0x0291,0x0291,0x0AD2,0x0292,0x0291,
0x0291,0x0271,0x02B2,0x02B2,0x0AD2,0x02B1,0x0A4F,0x9486,0xCD64,0xCD63,0xC543,0xBD03,0xBCE3,0xBD22,0xC522,0x9466,
0x0A4E,0x0291,0x0292,0x0292,0x0292,0x02B2,0x0AB3,0x0A92,0x0271,0x0291,0x0AD3,0x0AD3,0x0292,0x02B2,0x02B3,0x0AB2,
0x0AB2,0x22AF,0xBDC7,0xDDC3,0xDDA2,0xDDC3,0xDDA3,0xDDA2,0xCDE5,0xBD85,0xD5E4,0xE5E3,0xDE43,0xDE23,0xD5C3,0x9CC8,
0x1AD1,0x0AB3,0x0AB3,0x0AD3,0x0AB2,0x0292,0x02B2,0x0292,0x0AB2,0x02D2,0x02B2,0x3B4D,0xAD27,0x432A,0x32CD,0x4B2D,
0x634B,0x736A,0x7B8B,0x8BA8,0x93A6,0xA3A4,0xABC2,0xB3E2,0xAC03,0x5245,0x3A07,0x2165,0x1126,0x1966,0x1105,0x0905,
0x0905,0x1126,0x0905,0x0905,0x1145,0x0926,0x1146,0x1125,0x1125,0x10E4,0x08A3,0x00A3,0x08A3,0x00C4,0x08E5,0x0905,
0x08E5,0x08E4,0x08C4,0x08C4,0x08A4,0x08A4,0x10C4,0x10E4,0x10E4,0x18E4,0x1904,0x1905,0x1925,0x1925,0x1925,0x1904,
0x1904,0x29A7,0x1925,0x1966,0x1966,0x2166,0x2125,0x2987,0x3A29,0x31E8,0x530C,0x428A,0x42AA,0x530B,0x530B,0x5B2C,
0x4AAB,0x3A8A,0x5B4D,0x530B,0x740F,0x52CB,0x6B8E,0x5B4C,0x5B4C,0x6B8D,0x73CE,0x7C30,0x8C91,0x9D12,0xAD0F,0xB50B,
0xCD25,0xDD21,0xCCC2,0x7281,0x0800,0x0840,0x6B6D,0xD6DB,0xD6BA,0xD69A,0xCE7A,0xC639,0xDEFC,0xDEFC,0xD6DB,0xDEFB,
0xD6DB,0xD6BB,0xDEDB,0xD6BB,0xE71C,0xE73D,0xEF5D,0xDEFB,0xC618,0xAD34,0x7BEF,0x5ACB,0x2965,0x18C2,0x0840,0x0840,
0x0840,0x0840,0x0840,0x0840,0x0840,0x0840,0x0840,0x0840,0x0840,0x0820,0x0820,0x1040,0x1040,0x1040,0x0840,0x0840,
0x0820,0x0841,0x18E3,0x39E7,0x8410,0xA514,0xBDF7,0xA534,0x840F,0x4A49,0x4208,0x9491,0xBDD6,0x3165,0x0840,0x0020,
0x0020,0x0020,0x18C3,0x5ACA,0x8430,0xB595,0xA513,0x738D,0x4A29,0x10A2,0x0840,0x0020,0x0841,0x18C3,0x39E7,0x8430,
0xB5B6,0xDF1B,0xEF5D,0xCE79,0xBDF7,0xAD55,0xA514,0xA514,0xBDF7,0xD6BA,0xE75D,0xD6BB,0xCE9A,0xCE79,0xCE7A,0xCE7A,
0x4A49,0x0820,0x1061,0x8C71,0xCE7A,0xD6BA,0xE73D,0xEF5D,0xEF7E,0xF79E,0xFFDF,0xE71C,0x4207,0xA513,0xF7BE,0xF79E,
0xFFDF,0xF7DF,0xF7BF,0xCE9A,0xC659,0xE71C,0x632C,0x0840,0x0841,0x41A3,0xB46A,0xC4C9,0xCD2A,0xD54B,0xD54B,0xD56B,
0x09C9,0x09C9,0x09C9,0x09C9,0x01C9,0x01C9,0x01A9,0x01A9,0x0168,0x1986,0x9445,0x2A69,0x01EC,0x022E,0x022E,0x022E,
0x024F,0x024F,0x0A50,0x024F,0x0270,0x0270,0x1AAE,0x63A8,0xB503,0xACA2,0xACA2,0xBD23,0xACC4,0x7BE6,0x6386,0xACC3,
0xB4E3,0xB522,0xACE3,0xAC62,0xB4C3,0x63CA,0x126D,0x022F,0x0A70,0x0A91,0x0292,0x0AB1,0x0290,0x02B1,0x02B2,0x02B2,
0x02B1,0x0270,0x0291,0x02B2,0x02D2,0x02B2,0x0A4F,0x9466,0xCD63,0xCD83,0xC563,0xBD22,0xBD02,0xBCE2,0xC523,0x8C47,
0x0A4D,0x0250,0x0A70,0x0A70,0x0271,0x0271,0x0AB2,0x02B2,0x0291,0x0271,0x0AB2,0x0AD3,0x02B2,0x02D2,0x02D2,0x02B2,
0x1A8F,0x6C0B,0xD5C3,0xD5A2,0xD5A2,0xD5A2,0xDDE3,0xE603,0x94A7,0x6BE8,0xCD84,0xE5C3,0xE623,0xDE03,0xDDE3,0xA508,
0x1AF1,0x02D3,0x02B2,0x0AB2,0x0AB2,0x02B2,0x0AB2,0x02B2,0x0292,0x0291,0x0291,0x3B6E,0xAD47,0x430B,0x2ACD,0x432D,
0x634C,0x736B,0x7B8B,0x7B89,0x8BA8,0x93C6,0x9BE7,0x9C2A,0x83EC,0x29C7,0x3208,0x1925,0x1946,0x2187,0x1125,0x1105,
0x08E5,0x1105,0x08E5,0x08E4,0x1946,0x08A3,0x08C4,0x0905,0x0905,0x10E4,0x08C4,0x08A3,0x08A3,0x08C4,0x08C4,0x08C4,
0x08E5,0x0905,0x08E4,0x08C4,0x00A3,0x08C3,0x08A3,0x08A3,0x08C3,0x10C3,0x10C3,0x10C3,0x10C3,0x08C3,0x08C3,0x08C3,
0x1104,0x2186,0x1946,0x2166,0x1966,0x1125,0x1946,0x3A09,0x3A49,0x3A49,0x29C7,0x31E8,0x42AB,0x52EB,0x52EC,0x4ACC,
0x3A49,0x530C,0x42AB,0x3A8A,0x73EF,0x5B0B,0x73CE,0x634D,0x5B2C,0x6B8D,0x73CE,0x73CF,0x7C10,0xA575,0xD6FA,0xDEDA,
0xDE95,0xCD89,0xCD25,0x7AE2,0x0820,0x0820,0x736D,0xDEFC,0xD6BB,0xD6DB,0xD6BA,0xCE59,0xD6BB,0xDEDB,0xDEFC,0xDF1C,
0xE71C,0xDEFC,0xE71C,0xDEFB,0xE71C,0xE73D,0xDF1C,0xE71C,0xEF7D,0xEF5D,0xEF7D,0xE71C,0xCE59,0xB596,0x94B2,0x738D,
0x5ACA,0x2945,0x0020,0x0840,0x0840,0x0840,0x0840,0x0840,0x0840,0x0840,0x0840,0x0840,0x1040,0x1040,0x0820,0x0840,
0x0840,0x0861,0x0841,0x0840,0x1061,0x2104,0x39E7,0x7BCE,0x9CD3,0xC618,0xD69A,0xDEDB,0x8C71,0x18C3,0x1062,0x2965,
0x39E7,0x3186,0x2103,0x0820,0x1081,0x3165,0x5AEB,0x8410,0x9CF3,0xAD75,0x9492,0x630C,0x10A2,0x0820,0x0020,0x1061,
0x2104,0x4208,0x73AE,0xAD76,0xD69A,0xEF5C,0xEF5D,0xEF5C,0xE73C,0xDEFB,0xE75C,0xDEDB,0xCE79,0xC638,0xCE59,0xC638,
0x4228,0x0820,0x0840,0x5AAB,0xD6BB,0xDF1C,0xE75D,0xF79E,0xF7BE,0xEF7D,0xF79E,0xDEFB,0x39E7,0x9CD3,0xF79E,0xF7BE,
0xFFDF,0xF7DF,0xEF7E,0xC659,0xCE9A,0xDEDB,0x2944,0x0820,0x0841,0x41A3,0xAC89,0xC4E9,0xD52A,0xD54B,0xD54B,0xD56B,
0x01A9,0x01A9,0x01A9,0x01A9,0x01C9,0x01A9,0x01A9,0x0189,0x0168,0x1986,0x9445,0x2A89,0x020D,0x020E,0x020E,0x020D,
0x020F,0x0A2F,0x024F,0x024F,0x0270,0x0291,0x1AAE,0x6BC9,0xBD43,0xB4C3,0xAC62,0xACA2,0xA484,0x6BA8,0x2A89,0x9C64,
0xB4E3,0xB523,0xB4C3,0xBCE3,0xACC3,0x9487,0x3B0B,0x0A70,0x024F,0x0251,0x02B2,0x0AD1,0x0290,0x0291,0x02B2,0x02D2,
0x02D1,0x0AB1,0x0291,0x02B2,0x0AD2,0x0AD2,0x0A70,0x8C46,0xC542,0xC543,0xC543,0xC542,0xBD22,0xBCE2,0xBD03,0x8C47,
0x0A4D,0x0270,0x0A70,0x024F,0x0270,0x0250,0x0AB2,0x0AD3,0x0292,0x0291,0x0271,0x0AB3,0x02B2,0x02B2,0x02D2,0x0AD2,
0x434D,0xA529,0xD5A2,0xD582,0xD5C2,0xDDE3,0xE624,0xDE45,0x4B2A,0x538A,0xCD84,0xDDC4,0xDE03,0xDE03,0xDE03,0xA528,
0x1B11,0x02D3,0x02B2,0x0AD3,0x0AB3,0x0A92,0x0AB3,0x02B2,0x02B2,0x0291,0x0270,0x3B6D,0xAD47,0x430B,0x2ACD,0x432D,
0x634C,0x738C,0x73AB,0x7B8B,0x83AA,0x8BEB,0x9CB0,0x9490,0x6B6D,0x29E8,0x29E8,0x1124,0x1126,0x1987,0x1126,0x1105,
0x08E5,0x0905,0x0905,0x08E4,0x1966,0x08C4,0x00A3,0x08E5,0x0905,0x08E4,0x08C4,0x0883,0x0884,0x08C4,0x08C4,0x08C4,
0x08C4,0x08E4,0x0905,0x08E4,0x08C4,0x08C4,0x08A3,0x00A3,0x08A3,0x08A3,0x08A3,0x08A3,0x08A3,0x08C4,0x08E4,0x0904,
0x1104,0x1125,0x1945,0x1925,0x1105,0x08C3,0x1946,0x29C8,0x426A,0x3A29,0x426A,0x31E8,0x2986,0x4AAB,0x634D,0x428A,
0x428A,0x5B2C,0x3A8A,0x3A6A,0x6BAE,0x6B8D,0x73EF,0x6B6D,0x5B0C,0x636D,0x7BEF,0x8451,0x8452,0xA596,0xDF5C,0xE77D,
0xEF5D,0xDE55,0xC56D,0x72E5,0x0840,0x0840,0x7BAE,0xE75D,0xDEFB,0xDEDB,0xD6DB,0xCE7A,0xD6BB,0xD6DB,0xDF1B,0xDEFC,
0xE73D,0xE71C,0xE71C,0xE71C,0xDF1C,0xE71C,0xE71C,0xE73C,0xEF5D,0xE73D,0xEF5D,0xEF7E,0xF79E,0xEF5D,0xE73C,0xD6BA,
0xCE79,0xBDD7,0x8410,0x4208,0x2104,0x0820,0x0820,0x0820,0x0860,0x0860,0x0840,0x0820,0x0840,0x1061,0x0840,0x0820,
0x0840,0x1061,0x0820,0x0820,0x0841,0x0820,0x0820,0x18C2,0x2944,0x528A,0xAD75,0xD6BA,0xCE79,0x8430,0x4208,0x2103,
0x39C6,0x4A49,0x528A,0x31A6,0x18C2,0x0841,0x0840,0x2103,0x31A6,0x73AE,0xAD54,0xCE59,0xA513,0x6B4C,0x2104,0x0020,
0x0020,0x0820,0x18A2,0x31A6,0x52AA,0xBDD7,0xE73C,0xDEFB,0xE73C,0xE71C,0xDEFB,0xCE79,0xCE59,0xC618,0xC638,0xC618,
0x4208,0x0020,0x0020,0x18C3,0xBDD7,0xEF5D,0xDF1C,0xF79E,0xF7BE,0xF79E,0xF7BE,0xDEFB,0x39E7,0x94B2,0xF79E,0xFFDF,
0xFFDF,0xF79E,0xDEFC,0xCE9A,0xE73D,0xA534,0x0840,0x0820,0x0820,0x41A3,0xAC89,0xC4E9,0xD52A,0xD54B,0xD54B,0xD56B,
0x01A9,0x01A9,0x01A9,0x01A9,0x01A9,0x01A9,0x01A9,0x0188,0x0168,0x1986,0x9465,0x3289,0x0A0D,0x020E,0x0A0E,0x020D,
0x020E,0x0A0E,0x022F,0x022F,0x0A50,0x0270,0x1A8E,0x63A8,0xB503,0xB4E2,0xA482,0xAC63,0x9C43,0x63A9,0x0A4F,0x5349,
0x8C25,0xACC2,0xBD23,0xB4E2,0xB503,0xC564,0x9D07,0x22CE,0x0A91,0x0A91,0x0A91,0x0291,0x0292,0x0291,0x0291,0x0291,
0x02B1,0x02B1,0x0292,0x0292,0x0291,0x02B2,0x0AB1,0x7C27,0xC523,0xCD43,0xC543,0xBD22,0xC522,0xBD02,0xBD22,0x8C68,
0x0A6E,0x0270,0x0270,0x0A70,0x0270,0x0250,0x0A91,0x02B2,0x0292,0x0271,0x0271,0x0AB2,0x0AD2,0x0AF3,0x0AF3,0x22CF,
0x9CE8,0xD5A4,0xCD42,0xD562,0xDDE3,0xDDC3,0xC586,0x744A,0x0A90,0x436C,0xCD84,0xD5E3,0xDDE3,0xDE03,0xE644,0xA528,
0x1AF2,0x02F4,0x02D2,0x0AB3,0x0AB3,0x0272,0x02B2,0x02B2,0x02B1,0x0271,0x024F,0x3B2B,0xB567,0x434A,0x2ACD,0x432D,
0x638C,0x6BAC,0x6B8C,0x7BEE,0x8C50,0x8471,0x740F,0x8450,0x5B6D,0x2A09,0x21C7,0x1125,0x1125,0x1987,0x1126,0x1946,
0x1125,0x1125,0x0905,0x08E4,0x08E5,0x1926,0x0083,0x1125,0x1125,0x08C4,0x08C4,0x08A3,0x0083,0x08A3,0x08C4,0x08C4,
0x08C4,0x08C4,0x08C4,0x08E4,0x08C4,0x08E4,0x08E4,0x08C4,0x10C4,0x08C4,0x08E4,0x08E4,0x08E4,0x0904,0x0905,0x08E5,
0x08E4,0x08C4,0x08C4,0x00A3,0x00A3,0x1125,0x1966,0x2186,0x4ACC,0x532D,0x4AAB,0x42AB,0x3A29,0x3209,0x3208,0x428A,
0x52CB,0x52EB,0x3A29,0x2A08,0x4ACB,0x8450,0x7C10,0x634C,0x634D,0x5B2C,0x5B2C,0x94D2,0xA555,0xBE18,0xADB6,0xA554,
0xBE37,0xD6FB,0xC637,0x9CB1,0x18C3,0x0840,0x73AF,0xF79E,0xE73C,0xE71C,0xE71C,0xE73C,0xDF1C,0xE73D,0xE73D,0xE71C,
0xDF1C,0xDEFB,0xE71C,0xDEDB,0xDEDB,0xE71C,0xE73D,0xE75D,0xDEFC,0xEF7D,0xE73C,0xEF7D,0xEF5D,0xEF7D,0xEF7D,0xEF7D,
0xE73D,0xEF7D,0xEF5D,0xEF7D,0xE73C,0xBDF7,0x8C92,0x738E,0x528A,0x31A6,0x10A2,0x0820,0x0820,0x0820,0x0840,0x0840,
0x0840,0x0840,0x0820,0x0840,0x0820,0x1040,0x0840,0x0820,0x0840,0x0840,0x0841,0x2104,0x528A,0x9CF3,0xBDD7,0xC5F7,
0x6B6D,0x4A48,0x3185,0x4228,0x5289,0x4A69,0x2965,0x18A2,0x0841,0x0020,0x0841,0x2124,0x738E,0x94B2,0xB596,0xA514,
0x7BAE,0x4A48,0x18A2,0x0820,0x0040,0x1081,0x31A6,0x8410,0xD67A,0xE71C,0xC638,0xCE59,0xC638,0xBDD7,0xC638,0xC638,
0x4228,0x0820,0x0840,0x0861,0x3A08,0xAD55,0xEF7D,0xF7BE,0xF7BE,0xF79E,0xF7BE,0xDEDB,0x39C7,0x9492,0xEF5D,0xF79E,
0xEF5D,0xD6BB,0xC618,0xE73D,0xCE7A,0x39E7,0x0820,0x0820,0x0820,0x41A3,0xB489,0xC4E9,0xD52A,0xD54B,0xD54B,0xD54B,
0x01A9,0x01A9,0x01A9,0x0188,0x01A9,0x0188,0x0188,0x0189,0x0148,0x1966,0x9425,0x2A68,0x09EC,0x0A0D,0x01ED,0x09ED,
0x020E,0x0A2E,0x020E,0x022E,0x022F,0x0A70,0x1A6D,0x5B47,0xACC2,0xB4E2,0xACC3,0xACA3,0xA464,0x6389,0x0A50,0x1A6D,
0x5B69,0xA482,0xBD23,0xC523,0xC523,0xC582,0xC5A4,0x53AB,0x0AB0,0x02B1,0x0AB2,0x0A92,0x0AB2,0x0AB1,0x0291,0x0291,
0x0AB2,0x0AD2,0x0AD3,0x02B2,0x0271,0x02B1,0x02B1,0x7C29,0xC564,0xC522,0xC523,0xBD02,0xC523,0xC542,0xC562,0x8C88,
0x0A6F,0x0A91,0x0270,0x0270,0x0270,0x0230,0x0291,0x0291,0x0291,0x0291,0x0271,0x0291,0x0AD2,0x0AD3,0x0AD3,0x4B6B,
0xC565,0xD5A2,0xCD62,0xD583,0xDDA3,0xCD63,0x7C29,0x2ACF,0x02B2,0x436E,0xCDA5,0xDDE2,0xD5E2,0xDDC2,0xDE03,0xA528,
0x1AD1,0x0AF4,0x0AD3,0x02D2,0x0AB2,0x0292,0x0AB2,0x02B2,0x0AB2,0x0A91,0x022F,0x3AEB,0xB546,0x4B2A,0x32ED,0x4B4D,
0x6BAC,0x6B8C,0x73CE,0x6BCE,0x7C51,0x634E,0x73AE,0x7C0F,0x530B,0x29E8,0x2187,0x1105,0x1946,0x2187,0x29C8,0x1105,
0x0905,0x1105,0x08E5,0x08E4,0x08C4,0x1125,0x10E5,0x10E4,0x08C4,0x1105,0x1925,0x1105,0x08C4,0x0083,0x00A3,0x08C4,
0x08C4,0x08C4,0x08A4,0x00A3,0x00A3,0x00A3,0x08A3,0x08A3,0x08C4,0x08C4,0x08E4,0x08E4,0x08E4,0x08E4,0x0905,0x0905,
0x08C4,0x08E4,0x10E5,0x1925,0x21A7,0x2186,0x29A7,0x1945,0x2166,0x428A,0x530C,0x530C,0x5B2D,0x530C,0x3A49,0x4AAB,
0x5B2C,0x42AA,0x29E8,0x3249,0x4289,0x8CB1,0x73EE,0x5B0B,0x638D,0x6B8E,0x634D,0x73CF,0x9CF3,0xBDD7,0xA514,0x73AE,
0x7C10,0xC678,0xCED9,0xC617,0x62CB,0x2103,0x7BEF,0xEF7E,0xE71C,0xEF5D,0xE73C,0xE75D,0xE73D,0xEF5D,0xEF5D,0xE73C,
0xEF5D,0xDEFC,0xE71C,0xE73C,0xE71C,0xEF5D,0xE73C,0xE73D,0xE73C,0xEF7D,0xEF5D,0xEF7D,0xEF5D,0xE71C,0xEF7E,0xF7BE,
0xEF7E,0xEF7D,0xF79E,0xEF5D,0xE71C,0xEF7E,0xE75D,0xDF1C,0xDF1C,0xD6BB,0xAD95,0x736D,0x39E7,0x10A2,0x0020,0x0820,
0x0820,0x0840,0x1040,0x0820,0x0820,0x1040,0x0820,0x1040,0x0840,0x1041,0x0820,0x0840,0x0840,0x1082,0x2924,0x6B4C,
0xBDD7,0xCE58,0x9CD2,0x31A6,0x20E3,0x31A6,0x528A,0x5269,0x4207,0x18C3,0x0840,0x0840,0x0840,0x1061,0x2924,0x6B4C,
0x9CD3,0xD699,0xAD75,0x5AAB,0x20E4,0x0820,0x0820,0x1081,0x5AAA,0xB595,0xCE79,0xC618,0xC638,0xC638,0xC618,0xC638,
0x4228,0x0820,0x0820,0x0820,0x0861,0x2965,0xAD75,0xF79E,0xF79E,0xEF7D,0xEF7D,0xDEDB,0x39C7,0x9492,0xEF5D,0xF79E,
0xDEFB,0xC618,0xE73D,0xBDD7,0x4208,0x1061,0x0820,0x0820,0x0840,0x41A3,0xB489,0xC4E9,0xCD2A,0xD54A,0xD54A,0xD54B,
0x01A9,0x01A9,0x01A9,0x01A9,0x01A9,0x09A9,0x01A9,0x0188,0x0148,0x1966,0x9445,0x3268,0x09CC,0x01ED,0x020D,0x01ED,
0x020D,0x020D,0x022E,0x020E,0x01EE,0x022F,0x124D,0x5B47,0xB4E3,0xBD03,0xB4E3,0xB4E3,0xA485,0x5B69,0x0A70,0x0A4F,
0x32CB,0xA4A6,0xC4E2,0xCD23,0xC503,0xC542,0xCD82,0x8489,0x0A8F,0x02B1,0x0AD2,0x0AB2,0x0AB1,0x0AB1,0x0291,0x0291,
0x0291,0x0291,0x0291,0x02B2,0x0291,0x0291,0x0290,0x7C49,0xCD84,0xCD63,0xBD22,0xC522,0xBD02,0xC543,0xCD83,0x8C88,
0x0A6F,0x0291,0x0250,0x0270,0x0250,0x0230,0x0270,0x0271,0x0292,0x0291,0x0271,0x0291,0x0AB2,0x02B3,0x0A71,0x8449,
0xCD64,0xCD82,0xD582,0xD562,0xD562,0xBD46,0x4B4D,0x12D2,0x12F3,0x438E,0xC585,0xD5A2,0xDE03,0xD5A2,0xDDE3,0x9D08,
0x12D1,0x02D4,0x02D3,0x02B2,0x0292,0x0291,0x0291,0x02B1,0x02B1,0x0AB1,0x0A50,0x3AEC,0xBD66,0x4B2A,0x3AED,0x4B4C,
0x638C,0x6BAD,0x636D,0x5B4C,0x6BCF,0x4AEC,0x73CF,0x73CE,0x4ACA,0x29E8,0x21A7,0x1967,0x1126,0x1105,0x29E9,0x1105,
0x0905,0x0905,0x0904,0x08E4,0x08C4,0x10E4,0x1946,0x10E4,0x0083,0x08A4,0x1926,0x1966,0x1145,0x08C4,0x0083,0x0083,
0x08A4,0x08C4,0x08E4,0x08E4,0x08C4,0x08C4,0x1105,0x10E5,0x08C4,0x08C3,0x08C3,0x1105,0x1946,0x1145,0x1146,0x1125,
0x1125,0x1104,0x1966,0x29C7,0x21A7,0x1925,0x29C8,0x29A7,0x2166,0x2166,0x3208,0x4AAB,0x5B4D,0x424A,0x3208,0x52CB,
0x4AAA,0x3209,0x29E8,0x3A4A,0x4AEB,0x73EF,0x636D,0x636D,0x6B8E,0x636D,0x6BAE,0x6B8E,0x73CF,0x8C50,0x9471,0x83EF,
0x8410,0xA575,0xC678,0xCE78,0x9450,0x5289,0x8430,0xEF7E,0xEF5D,0xEF7E,0xEF5D,0xEF5D,0xEF7E,0xEF5D,0xEF7D,0xE75D,
0xE71C,0xE73C,0xE75D,0xE73C,0xE73C,0xEF5D,0xEF5D,0xEF5D,0xE73C,0xEF5D,0xE73D,0xE75D,0xEF5D,0xE6FC,0xEF5D,0xF79E,
0xEF5D,0xEF7D,0xF7BF,0xEF7E,0xEF5D,0xEF9E,0xF79E,0xEF7E,0xEF9E,0xF79E,0xEF5D,0xDEDB,0xBDF7,0x9CD3,0x5AEB,0x2104,
0x0861,0x0840,0x0840,0x0840,0x0820,0x0820,0x0820,0x0820,0x0840,0x0820,0x0840,0x0820,0x0820,0x0840,0x0820,0x10A2,
0x4A28,0x738D,0xBDD7,0xB596,0x7BCF,0x31A6,0x2924,0x4A48,0x5ACA,0x4A49,0x39E7,0x18E3,0x0820,0x0820,0x0840,0x10A2,
0x2944,0x52AB,0xA534,0xC618,0xA534,0x41E7,0x0861,0x0820,0x1081,0x4207,0xA514,0xC638,0xCE59,0xC638,0xC638,0xC638,
0x4228,0x0820,0x0840,0x0820,0x0840,0x0841,0x39E7,0xC638,0xF79E,0xEF7D,0xF7BE,0xDEDB,0x39C7,0x9492,0xEF7D,0xF79E,
0xDEFB,0xDEDB,0xE71C,0x4A49,0x1061,0x0840,0x0820,0x0820,0x0820,0x49A3,0xB489,0xC4E9,0xCD2A,0xD54A,0xD54A,0xD54A,
0x01A9,0x01A9,0x01A9,0x01A9,0x01A9,0x09CA,0x01A9,0x0188,0x0148,0x1966,0x9445,0x32A9,0x09EC,0x01ED,0x020D,0x01ED,
0x020E,0x01ED,0x020D,0x0A0E,0x01EE,0x022E,0x1A6D,0x6348,0xB4C3,0xB4C2,0xB4C2,0xB4E3,0xA485,0x6389,0x0A4F,0x0250,
0x0A4F,0x63CA,0xC523,0xC502,0xB4E1,0xBD02,0xCD63,0xBD66,0x330D,0x0291,0x02B1,0x02B1,0x02B2,0x02B2,0x02B2,0x0291,
0x0291,0x0271,0x0271,0x02B2,0x0AD2,0x0271,0x0290,0x7409,0xCD83,0xCD83,0xCD62,0xCD63,0xBCE2,0xC522,0xCDA3,0x8C88,
0x026F,0x0291,0x0271,0x0270,0x0A70,0x0250,0x0270,0x0291,0x0291,0x02B2,0x0291,0x0291,0x0291,0x0292,0x2AEE,0xC586,
0xD562,0xD5C3,0xD5A2,0xD582,0xD5A3,0x6C2B,0x12B1,0x02B2,0x12D2,0x43AF,0xCDC5,0xCD81,0xDDE2,0xD582,0xD5C3,0x9CE8,
0x12D0,0x02D3,0x0AF4,0x02B2,0x0291,0x0291,0x0291,0x02B1,0x02B1,0x0291,0x0A90,0x3B2C,0xB587,0x4B4B,0x32ED,0x4B6D,
0x6BCE,0x6BCE,0x634D,0x52EC,0x534D,0x42CB,0x6BAD,0x530B,0x3249,0x21C7,0x1946,0x1105,0x0905,0x08E5,0x1125,0x21C8,
0x1105,0x08E5,0x08E4,0x08C4,0x08C4,0x08C4,0x08E4,0x1104,0x00A3,0x08C4,0x1105,0x1967,0x1986,0x1986,0x1966,0x1946,
0x1946,0x1925,0x1926,0x1125,0x1946,0x1966,0x1925,0x1945,0x1945,0x2186,0x29A7,0x29C7,0x29A7,0x1966,0x1945,0x1125,
0x1945,0x21A7,0x29C7,0x1945,0x1104,0x08C4,0x08C4,0x1125,0x29A7,0x29C8,0x2166,0x2166,0x31E8,0x29C7,0x4269,0x3A49,
0x2A08,0x21A7,0x2A08,0x3A69,0x73EF,0x6BAD,0x634C,0x52EB,0x530B,0x52EB,0x5B2C,0x6B8D,0x6B8D,0x73CE,0x7BEF,0x8430,
0x8C92,0xBE17,0xD6BB,0xC659,0xCE37,0x9CB1,0x9CD2,0xEF3C,0xEF7D,0xEF5D,0xEF5D,0xE73C,0xEF5D,0xEF5D,0xEF5D,0xEF7D,
0xEF5D,0xEF5D,0xE75D,0xEF7D,0xE75D,0xDEFC,0xEF5D,0xEF5D,0xE73C,0xE75D,0xE75D,0xE73D,0xEF7D,0xEF5E,0xEF7E,0xF79E,
0xF79E,0xEF5D,0xEF7E,0xF79E,0xEF9E,0xEF7E,0xEF7E,0xF77E,0xF79E,0xEF7E,0xE73D,0xE75D,0xEF7D,0xEF7D,0xEF7E,0xDEDB,
0xBDD7,0x73AE,0x4A48,0x20E3,0x1081,0x18A2,0x18C2,0x0840,0x0840,0x0840,0x0840,0x0840,0x0840,0x0840,0x0820,0x0020,
0x1061,0x18C3,0x2965,0x6B6D,0xA534,0xC638,0x7BEF,0x39E7,0x2945,0x39E7,0x4A28,0x52AA,0x39E7,0x2124,0x10A2,0x0820,
0x0820,0x0820,0x1061,0x39A6,0x736D,0xB575,0x9CD2,0x4A28,0x0840,0x0861,0x2104,0xAD95,0xC638,0xC618,0xCE59,0xC658,
0x4228,0x0820,0x0820,0x0840,0x18C2,0x2104,0x18C2,0x2104,0x6B6D,0xE71C,0xF79E,0xD6BA,0x39C7,0x8C51,0xEF5D,0xF79E,
0xEF7E,0xD6BA,0x4A49,0x0860,0x1081,0x1061,0x0820,0x1040,0x0820,0x49A3,0xBC89,0xC4E9,0xD52A,0xD52A,0xD52A,0xD54A,
0x01A9,0x01A9,0x0188,0x01A9,0x01A9,0x01A9,0x01A8,0x0188,0x0147,0x1966,0x9425,0x32A9,0x0A0D,0x020D,0x020D,0x01EC,
0x020E,0x01ED,0x0A0E,0x020E,0x0A0F,0x0A2F,0x1A6D,0x6389,0xA482,0xB4A2,0xAC82,0xAC82,0xA485,0x6BA8,0x0A2E,0x0A4F,
0x024F,0x2ACC,0xB566,0xC542,0xC542,0xB4A1,0xBD43,0xC5C3,0x63CA,0x1270,0x0291,0x0291,0x02B2,0x02B2,0x02B2,0x02B2,
0x0AB2,0x0A91,0x02B1,0x02B2,0x02B1,0x0AB2,0x0270,0x7409,0xCD63,0xCD82,0xC542,0xCD63,0xC502,0xBD02,0xC563,0x8468,
0x0A6F,0x0291,0x0291,0x0270,0x0A70,0x0250,0x0250,0x0270,0x0291,0x0291,0x0AB1,0x0291,0x0291,0x0A91,0x5BAC,0xD5A3,
0xD5A3,0xD5E3,0xD5A2,0xDDC3,0xD607,0x22EE,0x0AB3,0x0AD2,0x0AB1,0x43AE,0xCE05,0xCD82,0xD5C3,0xCD62,0xD583,0x9CC7,
0x12CF,0x02D3,0x0AF4,0x0AD3,0x0AD3,0x0AB2,0x0291,0x0AB1,0x0291,0x0291,0x0A90,0x3B2C,0xB586,0x4B4B,0x32CE,0x5BCF,
0x7410,0x636D,0x530C,0x4ACB,0x52EC,0x52EB,0x5B0B,0x42AB,0x21C8,0x1146,0x0904,0x0905,0x0905,0x08E5,0x08E5,0x1946,
0x2187,0x08C4,0x08E4,0x08E4,0x08C4,0x00A3,0x0083,0x08C4,0x10E4,0x1125,0x1946,0x1946,0x21A7,0x1146,0x1946,0x1925,
0x2166,0x2987,0x2166,0x1966,0x2186,0x29A7,0x29E7,0x3208,0x29C7,0x29A7,0x2186,0x2986,0x31C7,0x29C7,0x2186,0x21A7,
0x1945,0x1925,0x2187,0x10E4,0x0905,0x08C4,0x08E4,0x10E4,0x08C4,0x2166,0x3A4A,0x3A4A,0x29A7,0x3A08,0x52CB,0x3208,
0x29E8,0x19A8,0x29E8,0x3208,0x6BAE,0x6BAD,0x52EB,0x3A28,0x3A49,0x428A,0x4AAA,0x634D,0x73CF,0x9491,0x9CF3,0xAD95,
0xBE38,0xC659,0xDF1C,0xB5F7,0xD6B9,0xB5B5,0x83EF,0xBDD6,0xE71B,0xEF7D,0xEF7D,0xEF5D,0xE73D,0xE73D,0xEF7D,0xE75D,
0xEF7D,0xEF7E,0xE73C,0xEF5D,0xE75D,0xE71C,0xEF5D,0xEF5D,0xE73D,0xE75D,0xEF5D,0xEF7D,0xE73C,0xE73D,0xEF7E,0xEF7E,
0xF77E,0xF77E,0xE73D,0xEF7E,0xF79E,0xEF7D,0xF77D,0xF79E,0xF79E,0xF79E,0xEF5D,0xE75D,0xEF9E,0xEF7E,0xEF7E,0xE73D,
0xEF7D,0xEF5D,0xDEFB,0xA534,0x2945,0x18C2,0x4A48,0x3165,0x18A2,0x0840,0x0840,0x0820,0x0840,0x0820,0x0840,0x0840,
0x0820,0x0841,0x2965,0x39C6,0x2944,0x5269,0xCE79,0xC617,0x94B2,0x2945,0x18E3,0x39A6,0x5ACB,0x5ACB,0x4A69,0x2944,
0x1061,0x0820,0x0840,0x0820,0x1061,0x2924,0x5AAA,0xA4F3,0x4A28,0x1061,0x0841,0x5ACB,0xB5B6,0xCE59,0xC638,0xC638,
0x4228,0x0820,0x0820,0x5AAA,0xA4F3,0xAD55,0x9CF3,0x39C7,0x18E3,0xB5B7,0xEF7D,0xD6BA,0x39C7,0x8C51,0xEF7D,0xF7BF,
0xF79E,0xA514,0x2104,0x6B2C,0x8C30,0x7BCE,0x41E7,0x1061,0x0840,0x49A3,0xBCA9,0xC4E8,0xD52A,0xD54A,0xD52A,0xD54A,
0x01A9,0x01A9,0x01A9,0x01A9,0x01A9,0x01A9,0x09A8,0x0988,0x0967,0x1965,0x9445,0x3289,0x01ED,0x020D,0x020D,0x01ED,
0x020D,0x01ED,0x0A0E,0x09EE,0x0A0F,0x0A2F,0x1A6D,0x63A9,0xA4A3,0xACA3,0xAC82,0xA462,0xA464,0x6368,0x022E,0x0A4F,
0x0A4F,0x126D,0x8CC7,0xC583,0xC542,0xBCE2,0xB4E2,0xCDA2,0x8C69,0x2AAE,0x0291,0x0291,0x02B2,0x02B2,0x02B2,0x02D2,
0x0AD2,0x02B2,0x02B2,0x0291,0x02B1,0x0AB2,0x0290,0x6BEA,0xC543,0xCD62,0xCD42,0xC543,0xCD23,0xBCE2,0xC543,0x8449,
0x0270,0x0291,0x0271,0x0270,0x0270,0x0270,0x024F,0x024F,0x0270,0x0271,0x0AB2,0x02B1,0x0270,0x128F,0x844A,0xD5A2,
0xCDA2,0xD5C3,0xD5C3,0xDDC4,0xAD89,0x0A90,0x02B2,0x02B2,0x0A90,0x436D,0xC5A5,0xCDC3,0xD5A3,0xCD62,0xD583,0x94A7,
0x128F,0x02D2,0x0AF3,0x0292,0x02B2,0x0291,0x0A70,0x0A91,0x0291,0x0271,0x0250,0x32EB,0xB587,0x534B,0x430E,0x5BAF,
0x5B6D,0x530C,0x4ACB,0x4AAB,0x5B0C,0x530B,0x42CA,0x3A4A,0x29E9,0x1946,0x08E5,0x08E5,0x1126,0x1947,0x1146,0x10E5,
0x1946,0x2167,0x08C4,0x08C3,0x08A3,0x0083,0x0083,0x1105,0x1966,0x1125,0x1125,0x1125,0x1966,0x1967,0x1926,0x1926,
0x10C4,0x1105,0x1946,0x29A7,0x21A7,0x29C7,0x29E7,0x29C7,0x31E7,0x29A7,0x29A6,0x31C7,0x31C7,0x2186,0x29C7,0x2986,
0x1104,0x2166,0x1105,0x1105,0x1125,0x1105,0x10E5,0x10E5,0x08C4,0x1105,0x1946,0x21A7,0x3209,0x426A,0x4A8A,0x29C8,
0x1986,0x19C7,0x21C8,0x3208,0x6BAD,0x6BAD,0x5B0C,0x3208,0x3A29,0x5B4D,0x638D,0x8451,0x8C71,0x94B2,0xA513,0xBDF6,
0xD6FA,0xD6DA,0xDF1C,0xBE38,0xD6DA,0xCE58,0x7BEE,0x9470,0xC5F6,0xD6DA,0xEF7D,0xEF7D,0xE73D,0xE73D,0xE77D,0xE75D,
0xE75D,0xEF7E,0xE71C,0xE73C,0xDF1C,0xE73D,0xE73D,0xE73D,0xE73D,0xE75D,0xEF7E,0xEF5D,0xC618,0xBDD7,0xBDF7,0xC638,
0xCE59,0xD6BA,0xE71C,0xE73C,0xF79E,0xF79E,0xF7BE,0xF7BE,0xF7BE,0xF79E,0xEF7D,0xE73D,0xE75D,0xE75D,0xE75D,0xE75D,
0xEF5D,0xEF5D,0xEF5D,0xDEFC,0x9492,0x39E7,0x2944,0x4A49,0x41E7,0x18C3,0x0040,0x0820,0x0840,0x0840,0x0821,0x0820,
0x0820,0x0840,0x1081,0x39E7,0x4207,0x2965,0x62EB,0xC618,0xCE79,0xAD55,0x738E,0x2124,0x2945,0x4208,0x4A69,0x4A49,
0x39E7,0x2124,0x0840,0x0840,0x1040,0x0840,0x18A2,0x41E7,0x7B8E,0x5ACA,0x0841,0x20E3,0x736D,0xC618,0xCE59,0xC638,
0x4228,0x0020,0x0861,0x94B2,0xD6BA,0xDEDB,0xCE79,0xA514,0x94B2,0xCE79,0xE71C,0xCE79,0x31A6,0x8C51,0xEF7D,0xF7BE,
0xEF7E,0xC638,0x9CF4,0xD69A,0xE71C,0xDEFB,0xA4F3,0x3144,0x0820,0x49A3,0xBC89,0xCCE8,0xD52A,0xD54A,0xD54A,0xD54A,
0x01A9,0x01A9,0x01A9,0x01A9,0x01A9,0x0189,0x01A8,0x0988,0x0167,0x1966,0x8C04,0x3289,0x0A0D,0x020D,0x020D,0x0A0D,
0x020D,0x020D,0x01ED,0x0A0D,0x0A0E,0x0A0E,0x1A6D,0x6388,0xA483,0xA463,0xAC83,0xAC62,0xA484,0x6388,0x0A4F,0x024F,
0x024E,0x0A2E,0x4B4A,0xAD27,0xBD63,0xBD43,0xBCE2,0xC582,0xB567,0x5BEC,0x0AB0,0x02B2,0x0AB2,0x02B2,0x02B2,0x02D2,
0x02B2,0x02B2,0x02B2,0x0271,0x0271,0x0271,0x0AB1,0x638A,0xC522,0xC542,0xBD02,0xC522,0xD563,0xC522,0xC522,0x7C49,
0x0A91,0x0291,0x0290,0x0270,0x0270,0x024F,0x0250,0x0A70,0x0270,0x024F,0x0291,0x0292,0x0A90,0x2B0D,0xAD26,0xCD62,
0xCD82,0xC543,0xCD62,0xC585,0x5BEB,0x02B1,0x02B2,0x02B2,0x0A71,0x434D,0xC5A5,0xD5E3,0xD5C3,0xCD83,0xCD83,0x94A7,
0x12AF,0x02B1,0x02B2,0x02B2,0x02B2,0x0291,0x0A70,0x0AD3,0x0AB3,0x02B2,0x0A70,0x32EC,0x7409,0x3AAA,0x42AB,0x530D,
0x42CB,0x3A8B,0x3209,0x4ACB,0x634D,0x4269,0x21C8,0x3229,0x21C8,0x1946,0x08E5,0x00C4,0x1946,0x08A4,0x08C4,0x1946,
0x1946,0x1125,0x21A7,0x2186,0x2986,0x4249,0x4249,0x29A7,0x10E4,0x1966,0x1966,0x1125,0x1946,0x1946,0x08E4,0x10C4,
0x1905,0x2166,0x21A7,0x1904,0x1125,0x1125,0x1146,0x2186,0x2165,0x1925,0x1946,0x2166,0x1925,0x10E4,0x1925,0x1904,
0x29C7,0x2186,0x10E4,0x1125,0x1125,0x1946,0x1966,0x1926,0x1125,0x0905,0x0905,0x10E4,0x08C4,0x2166,0x29C8,0x1966,
0x1125,0x21E8,0x29C8,0x42AA,0x5B6C,0x530B,0x5B4D,0x428A,0x426A,0x5B0C,0x638D,0x8471,0x8451,0x7C0F,0x8C91,0xADB5,
0xD6FA,0xCE99,0xB5D6,0xA554,0xD6BA,0xDEFB,0x94D2,0x736D,0x840F,0x8C70,0x94B1,0xC617,0xDEFB,0xE71C,0xE75D,0xEF5D,
0xDEFB,0xE75D,0xDF1C,0xE73C,0xDEFC,0xDEFC,0xDEFC,0xE71C,0xE75D,0xEF7E,0xD6BB,0x52AA,0x18E3,0x2104,0x2104,0x2103,
0x18E3,0x18A2,0x1061,0x18C2,0x2124,0x4208,0x5ACB,0x738D,0x94B2,0xA4F3,0xB575,0xBDF7,0xC638,0xC618,0xCE7A,0xE71C,
0xE73C,0xE73D,0xDEFC,0xDEDB,0xC618,0xA534,0x2104,0x3186,0x526A,0x528A,0x1082,0x0840,0x0820,0x0820,0x0840,0x0820,
0x0820,0x0820,0x0820,0x20E3,0x4A49,0x2965,0x7BEF,0x8430,0x528A,0x630C,0x9491,0xBDD7,0x4228,0x2124,0x2124,0x4208,
0x4A69,0x52AA,0x4228,0x2104,0x1082,0x0861,0x1061,0x0840,0x1061,0x39A6,0x3185,0x0820,0x3186,0xB596,0xD69A,0xD69A,
0x4248,0x0820,0x0861,0x9CF3,0xD69A,0xD6BB,0xDEFB,0xD69A,0xD69A,0xD6BA,0xE73C,0xCE79,0x3185,0x8430,0xEF5D,0xF79E,
0xEF7E,0xF7BE,0xF7BF,0xF79E,0xEF5D,0xDEFB,0xBDD7,0x3165,0x0820,0x49A3,0xB489,0xCCE8,0xD54A,0xD549,0xD52A,0xD54A,
0x01A8,0x01A8,0x0188,0x01A8,0x01A8,0x0189,0x01A9,0x0188,0x0147,0x1966,0x8404,0x2A68,0x09CC,0x01ED,0x020D,0x020D,
0x020E,0x020E,0x0A0D,0x01ED,0x09ED,0x01ED,0x1A2C,0x6348,0xA463,0xA442,0xA462,0xAC82,0xA4A4,0x63A9,0x0A2F,0x0A6F,
0x024F,0x020E,0x224B,0x73C8,0xC584,0xBD22,0xBCC2,0xBD43,0xC5A4,0x8CC9,0x12CF,0x02B2,0x0AB2,0x02B2,0x0271,0x0292,
0x02B2,0x0291,0x0291,0x0291,0x0271,0x0251,0x0AB2,0x63AA,0xC563,0xCD62,0xCD63,0xC542,0xD583,0xD582,0xCD82,0x7C49,
0x0A71,0x0270,0x0250,0x0250,0x0250,0x0250,0x0270,0x0270,0x0A90,0x0270,0x02B1,0x0291,0x128E,0x53AB,0xB524,0xC542,
0xC522,0xBCE2,0xCD43,0x9CC6,0x2AEE,0x02D2,0x0291,0x02B2,0x0A71,0x434D,0xBD64,0xD5C3,0xD5C3,0xCDA3,0xCD84,0x94A8,
0x128F,0x0291,0x0271,0x0291,0x02B2,0x0AB1,0x0270,0x0292,0x0292,0x0A92,0x22B0,0x32AD,0x3A6B,0x2A2A,0x324A,0x42CC,
0x324A,0x2A09,0x2A08,0x4ACB,0x5B6D,0x3A49,0x19A7,0x2A09,0x29E8,0x1146,0x1105,0x1105,0x1967,0x1926,0x1126,0x0905,
0x10E5,0x10E4,0x10E5,0x428A,0x428B,0x31C8,0x2186,0x1925,0x08C4,0x1105,0x1125,0x0905,0x1125,0x1125,0x08C4,0x10E4,
0x10E4,0x08E3,0x1104,0x1105,0x08E4,0x08E4,0x08E4,0x10E4,0x1924,0x1125,0x08E4,0x1105,0x10E4,0x2166,0x29A7,0x31C7,
0x31E7,0x29A6,0x1925,0x0905,0x0905,0x29C8,0x3209,0x1966,0x21A7,0x1146,0x1125,0x1125,0x08E5,0x08E4,0x1987,0x1106,
0x1146,0x29E8,0x3209,0x4AAA,0x4ACB,0x29E8,0x532D,0x73F0,0x5B2C,0x52CB,0x5B2C,0x7410,0x636D,0x6BAE,0x636C,0x8CB1,
0xC678,0xA554,0xA574,0xAD95,0xC678,0xD6DA,0xCE99,0x632C,0x6B4D,0x9CD2,0x8C50,0x94B1,0xB595,0xC617,0xF77D,0xD69A,
0xA514,0x9CF3,0x9CF3,0x9D13,0x9CD3,0x9CD3,0x9CD3,0x94B2,0xAD55,0xE71C,0xCE59,0x4228,0x4A69,0x5289,0x5AAA,0x4A28,
0x2924,0x18A2,0x1061,0x1061,0x0860,0x0820,0x0820,0x0840,0x1061,0x1081,0x18A2,0x20E3,0x2944,0x3186,0x4A28,0x630B,
0x73AE,0xB5B6,0xDEDB,0xDEDB,0xCE7A,0xCE59,0x8C71,0x1062,0x3186,0x5ACB,0x31A6,0x0861,0x0820,0x0840,0x0840,0x0820,
0x0820,0x0820,0x0820,0x18E3,0x39C7,0x2124,0x8430,0x18C3,0x0840,0x0840,0x10A2,0x31A6,0x9CF3,0xB5B6,0x632C,0x1082,
0x18E3,0x4208,0x528A,0x4A69,0x4228,0x2945,0x0861,0x0820,0x0841,0x1061,0x1061,0x0820,0x1061,0xA4F3,0xD699,0xD6BA,
0x4A69,0x0841,0x0841,0x9492,0xDEDA,0xD6DB,0xD6DA,0xDEDB,0xD6BB,0xDEFC,0xDEFB,0xCE59,0x3186,0x7BCF,0xE75C,0xF79E,
0xF79E,0xEF7D,0xF79E,0xEF5D,0xCE59,0xD6BA,0xB5B6,0x2103,0x0820,0x4983,0xB489,0xCCE8,0xD52A,0xD54A,0xD52A,0xD52A,
0x0188,0x0188,0x01A8,0x0188,0x01A8,0x0189,0x0189,0x0188,0x0147,0x1166,0x8C24,0x3268,0x01CC,0x0A0D,0x0A2E,0x020D,
0x022E,0x0A2E,0x0A0D,0x01ED,0x01CD,0x09ED,0x1A2C,0x5B47,0xA442,0x9C22,0xA442,0xB4C3,0xA4A4,0x6BA9,0x0A0F,0x0A70,
0x0A70,0x0A2F,0x120D,0x4B08,0xB544,0xC543,0xBD03,0xBD02,0xCD83,0x9D08,0x2B0E,0x02B2,0x0AB2,0x0AD2,0x0291,0x0291,
0x0292,0x0292,0x0291,0x0292,0x0271,0x0270,0x0A91,0x5BAA,0xC5A3,0xCDA2,0xC562,0xC542,0xD5A3,0xDDC3,0xDDE3,0x7C6A,
0x0271,0x0271,0x0250,0x0250,0x0250,0x0250,0x0270,0x0270,0x0270,0x0270,0x0A90,0x0290,0x22CD,0x7409,0xBD03,0xBD02,
0xBD02,0xCD03,0xC544,0x8C47,0x12B0,0x02B2,0x0291,0x02B2,0x0A71,0x432D,0xBD44,0xCDA3,0xCDC3,0xCDA3,0xC543,0x9487,
0x128F,0x0270,0x0270,0x0271,0x02B2,0x0A91,0x0271,0x02B2,0x02B2,0x12B0,0x328C,0x3A6A,0x322A,0x2A09,0x3A6A,0x3A8B,
0x2A28,0x3229,0x3249,0x4ACA,0x532C,0x3229,0x2A09,0x2A09,0x29C8,0x1126,0x1105,0x08C4,0x10E5,0x1946,0x1125,0x08C4,
0x08A3,0x10E4,0x10E4,0x1905,0x10E4,0x08A3,0x08A3,0x08A3,0x08A3,0x08A4,0x08A3,0x08C4,0x08C4,0x10E4,0x1904,0x1925,
0x1945,0x1945,0x1945,0x1125,0x1104,0x10E4,0x08E3,0x10E3,0x1104,0x1105,0x1125,0x1945,0x1945,0x39E7,0x4228,0x4A48,
0x3A08,0x31C7,0x29A6,0x29A7,0x29C7,0x3A09,0x3229,0x1124,0x29C7,0x29C7,0x1966,0x1145,0x1105,0x08E4,0x1946,0x1126,
0x1126,0x29E9,0x21A7,0x3228,0x3A69,0x1986,0x42AB,0x8471,0x7C10,0x428A,0x530B,0x534D,0x428A,0x52EB,0x6B8D,0x8450,
0xA574,0x9D12,0xA574,0xAD95,0xBE17,0xBE38,0xC699,0xA555,0xAD96,0xBDD6,0x9471,0x8C2F,0xBD95,0x9470,0x738D,0x4A48,
0x31A6,0x31A6,0x31A6,0x31A6,0x3186,0x31A6,0x3186,0x3186,0x39C7,0x630C,0xC638,0x5AEB,0x4208,0x5AAA,0x4A68,0x18C2,
0x1040,0x0840,0x0840,0x0840,0x1061,0x0840,0x0840,0x0840,0x0820,0x0840,0x0820,0x0820,0x0840,0x0820,0x1061,0x1081,
0x18C2,0x39A6,0x528A,0x7BAE,0xB576,0xDEBA,0xC638,0x2124,0x10A3,0x52AA,0x528A,0x18E3,0x0840,0x0840,0x0820,0x0820,
0x0820,0x0820,0x0820,0x2104,0x2924,0x630B,0x39E7,0x0841,0x0841,0x0841,0x0840,0x0840,0x4207,0x8410,0xBDD7,0x5AEB,
0x18E3,0x18C3,0x4228,0x4A8A,0x528A,0x4A49,0x31A6,0x18A2,0x0840,0x0840,0x0840,0x0840,0x0820,0x7BCE,0xD69A,0xD6BA,
0x4A49,0x0840,0x0820,0x8C71,0xDEFB,0xDEDB,0xD6BA,0xD6DB,0xCE7A,0xDEFC,0xDEDB,0xBDF7,0x3185,0x73AE,0xE71C,0xEF7E,
0xEF9E,0xEF9D,0xF79E,0xE71C,0xBE18,0xDEDB,0xB596,0x18C2,0x0820,0x49A3,0xB488,0xCCC8,0xD529,0xD52A,0xD52A,0xD529,
0x01A8,0x01A8,0x01A8,0x01A8,0x01A8,0x0989,0x09A9,0x0168,0x0167,0x1186,0x8C45,0x32A9,0x0A0D,0x01ED,0x020D,0x020D,
0x020D,0x020E,0x020E,0x01ED,0x01ED,0x01ED,0x1A2B,0x5B27,0xA442,0xA462,0x9C21,0xAC82,0xA484,0x63A9,0x0A2F,0x0A70,
0x0A70,0x0A70,0x0A4F,0x2AAB,0x9C84,0xC523,0xC523,0xBCE2,0xCD63,0xBD66,0x432C,0x0A91,0x0A91,0x0AD2,0x02B1,0x02B1,
0x02B1,0x02B1,0x0291,0x0291,0x02B1,0x0290,0x0270,0x5BAA,0xC5A3,0xD5C2,0xD5A3,0xCD63,0xCDA3,0xD5A2,0xDDA3,0x6C0A,
0x0292,0x0291,0x0270,0x0270,0x0270,0x0250,0x024F,0x024F,0x022F,0x024F,0x024F,0x0270,0x3ACB,0x9C45,0xB4C2,0xB4C2,
0xC523,0xCD23,0xB526,0x5B8B,0x0A91,0x0291,0x0291,0x0271,0x0A50,0x3B0C,0xBD24,0xC542,0xC543,0xC563,0xC543,0x9467,
0x128F,0x0271,0x0250,0x0271,0x0292,0x0271,0x0270,0x0A91,0x12B0,0x2A8D,0x322A,0x322A,0x29E9,0x3229,0x3209,0x428A,
0x3A69,0x3A69,0x52EB,0x428A,0x4ACB,0x3209,0x3209,0x29E8,0x2187,0x1105,0x08C4,0x1146,0x1967,0x2187,0x29C8,0x29C7,
0x3208,0x3A08,0x4269,0x4AAA,0x428A,0x4289,0x4269,0x4269,0x4A49,0x4208,0x31C7,0x2145,0x1945,0x2165,0x2986,0x2986,
0x29A6,0x31A6,0x31C6,0x39C6,0x41E6,0x5247,0x5247,0x4A07,0x39C6,0x31A6,0x31C7,0x31A6,0x39C6,0x4206,0x4A47,0x4227,
0x5268,0x5288,0x52A9,0x4A68,0x4A28,0x4208,0x5B0C,0x52CB,0x3A49,0x4ACB,0x4AAA,0x3A29,0x31E7,0x2186,0x1946,0x21A8,
0x1967,0x29E8,0x21A7,0x3228,0x42AA,0x19A7,0x3A6A,0x94B2,0x8C91,0x42CB,0x3A6A,0x3229,0x3A49,0x4AAA,0x8450,0xAD75,
0xC637,0xA533,0xA554,0xA554,0xA554,0xAD75,0xC659,0xDF3D,0xCE79,0xC658,0x9471,0x632C,0xBDB5,0xAD54,0x6B0B,0x5269,
0x4A69,0x4A28,0x4A49,0x5289,0x5269,0x4A69,0x4A48,0x4A48,0x4A49,0x2945,0x5269,0x94B2,0x3185,0x41E7,0x20E3,0x3165,
0x3165,0x2924,0x2103,0x20E3,0x18C2,0x18A2,0x1081,0x1061,0x0820,0x0820,0x1061,0x0840,0x0840,0x0840,0x0840,0x0840,
0x0840,0x0840,0x0820,0x0820,0x18A2,0x6B2D,0xCE7A,0x94B2,0x3186,0x2103,0x5ACB,0x4A49,0x18C3,0x0840,0x0840,0x0840,
0x0840,0x0820,0x0840,0x18E3,0x4228,0x7BCF,0x0820,0x0840,0x0840,0x0820,0x0820,0x0820,0x0841,0x0861,0x3186,0xAD75,
0xC638,0x738E,0x18E3,0x2124,0x39E7,0x528A,0x528A,0x4A69,0x2945,0x1082,0x0820,0x0820,0x0820,0x3166,0xD69A,0xD69A,
0x4228,0x0020,0x0020,0x738E,0xE71C,0xDEFC,0xDEFB,0xDEFB,0xD6BB,0xD69A,0xDEDB,0xBDF7,0x2965,0x738E,0xDEDB,0xE75D,
0xF79E,0xEF7D,0xF7DF,0xDEDB,0xCE59,0xE73C,0x94B2,0x0840,0x0820,0x4983,0xB488,0xCCE8,0xD549,0xD549,0xD549,0xDD4A,
0x0988,0x09A8,0x0988,0x0988,0x0988,0x0988,0x0988,0x0168,0x0147,0x1965,0x9466,0x32AA,0x0A2E,0x022E,0x020E,0x0A0D,
0x020D,0x020D,0x020E,0x022E,0x020D,0x0A0D,0x1A4D,0x6348,0xA483,0xACA3,0xA462,0xA442,0x9C44,0x6388,0x020E,0x0A4F,
0x0270,0x0250,0x026F,0x1A6D,0x9466,0xBD22,0xBD03,0xBCE2,0xC543,0xC544,0x532A,0x0A90,0x0291,0x02B1,0x02B1,0x02B2,
0x0291,0x0291,0x02B2,0x02D2,0x02B1,0x02B1,0x0271,0x536A,0xC5A4,0xD5A2,0xD5A3,0xCDA3,0xC542,0xD582,0xD583,0x640A,
0x0292,0x02B1,0x0AB1,0x0271,0x0270,0x024F,0x024F,0x024F,0x022F,0x022F,0x022F,0x022F,0x4B2A,0xACA5,0xB4E2,0xBCE2,
0xBD02,0xC543,0x94C7,0x330D,0x02B1,0x02B2,0x0292,0x0271,0x0A4F,0x3AEB,0xB503,0xBD02,0xB4E2,0xC523,0xC523,0x94A8,
0x128F,0x0271,0x0271,0x0271,0x0251,0x0271,0x0271,0x1290,0x22AE,0x2A2A,0x29C9,0x21C8,0x21A8,0x3209,0x29E8,0x426A,
0x2A09,0x2A09,0x3A49,0x4269,0x3A8A,0x2A09,0x1967,0x1966,0x1946,0x1105,0x1146,0x2187,0x1906,0x2187,0x29C8,0x1966,
0x1987,0x1966,0x29A7,0x29C8,0x2187,0x29C7,0x29E7,0x3208,0x29E7,0x3A29,0x3A29,0x29C7,0x2986,0x29A5,0x4228,0x4A49,
0x3A28,0x4248,0x5288,0x5267,0x62A8,0x6287,0x5A66,0x6AE9,0x62C8,0x5267,0x4A68,0x4A88,0x4A88,0x62E9,0x630A,0x5B0A,
0x5ACA,0x5AEA,0x5B0B,0x632B,0x62EB,0x5ACA,0x4AAA,0x52CB,0x5AEB,0x6B8D,0x6B8E,0x73AE,0x632C,0x52AA,0x428A,0x2187,
0x1986,0x19C7,0x3209,0x428A,0x52EB,0x21C8,0x4AEC,0x9D13,0x94D2,0x324A,0x21E9,0x2A08,0x3229,0x4AAA,0x9CF3,0xC638,
0xE6FA,0xA533,0x9D34,0xA554,0xAD95,0xC659,0xD6DA,0xDF1C,0xDEFB,0xCE59,0x73AE,0x4228,0xA4F3,0xCE38,0x738D,0x2944,
0x10A2,0x1081,0x0861,0x2103,0x39C6,0x4207,0x3186,0x2945,0x2944,0x2103,0x2104,0x9CD2,0x5289,0x18C3,0x8430,0xCE58,
0xC638,0xC617,0xC5F7,0xBDF7,0xB5B6,0xA534,0x94B2,0x840F,0x6B2C,0x52AA,0x39A6,0x10A2,0x0840,0x0820,0x0000,0x0800,
0x0820,0x0840,0x1040,0x0840,0x0840,0x18E3,0x8C51,0xCE59,0x94B2,0x10A2,0x4A49,0x5ACB,0x39A6,0x0840,0x0840,0x0820,
0x0820,0x0820,0x0820,0x39E7,0x7BEF,0x2945,0x0820,0x0820,0x0840,0x0820,0x0820,0x0820,0x1082,0x2104,0x18C3,0x4A69,
0xC618,0xC638,0x9CD3,0x2965,0x1081,0x2944,0x4228,0x4A6A,0x4A6A,0x3A08,0x18C2,0x0840,0x0840,0x10A2,0xC638,0xCE59,
0x4A49,0x0020,0x0020,0x4208,0xDEDB,0xDEDB,0xDEFC,0xDEDB,0xDEFB,0xD6BA,0xDEFB,0xBDD7,0x2944,0x6B6D,0xD69A,0xDEFC,
0xE73D,0xEF5D,0xF79E,0xCE59,0xC639,0xE73C,0x6B4D,0x0840,0x0820,0x49A3,0xB488,0xCCC8,0xD549,0xD549,0xD549,0xDD4A,
0x0988,0x0988,0x0188,0x0988,0x11C8,0x09A8,0x0988,0x0168,0x0147,0x1965,0x9465,0x2A8A,0x0A0E,0x0A4F,0x0A2E,0x020E,
0x020D,0x01ED,0x020E,0x0A2E,0x0A2E,0x0A0E,0x1A4C,0x5B48,0xA483,0xACA2,0xA483,0xA442,0x9C23,0x6389,0x020E,0x024F,
0x0271,0x0270,0x0270,0x124F,0x8407,0xBD42,0xBD43,0xB501,0xC522,0xC563,0x6389,0x0A90,0x0270,0x0291,0x02B2,0x0AD2,
0x0AB2,0x0291,0x02B2,0x02B2,0x0AD3,0x0AB1,0x0271,0x536B,0xC584,0xD582,0xD5A3,0xCD83,0xC522,0xCD62,0xD5A4,0x63EA,
0x02B2,0x0291,0x0291,0x0A91,0x0270,0x024F,0x022E,0x022E,0x0A4F,0x022F,0x022F,0x020E,0x5B49,0xB4E4,0xBD02,0xBCE3,
0xBCE2,0xBD22,0x8487,0x22AD,0x0291,0x0A92,0x0A92,0x0291,0x0A4F,0x32AB,0xACA3,0xBCE2,0xB4C2,0xBD02,0xBD02,0x9467,
0x128F,0x0291,0x0292,0x0A91,0x0271,0x0292,0x0A91,0x1A6F,0x224C,0x29E9,0x29E8,0x29E8,0x21A7,0x2A08,0x21C7,0x3A29,
0x21C8,0x21E8,0x21C8,0x3249,0x2A29,0x21E8,0x1967,0x1126,0x1105,0x1146,0x1967,0x1146,0x1105,0x1946,0x1946,0x1126,
0x1126,0x1125,0x2167,0x1946,0x1125,0x2166,0x21A7,0x1945,0x1125,0x1945,0x1946,0x21A7,0x21A7,0x31C7,0x31E7,0x31C7,
0x2986,0x4227,0x52A9,0x4206,0x4A47,0x4A26,0x4206,0x4A26,0x4206,0x39E6,0x31C6,0x31E6,0x31C6,0x39E6,0x3A07,0x31E7,
0x39E7,0x39E7,0x3A08,0x3A09,0x4249,0x4249,0x3A08,0x52AA,0x4A49,0x528A,0x632C,0x6B4D,0x73AE,0x6B8D,0x634D,0x424A,
0x1986,0x1165,0x3A49,0x42AA,0x52EB,0x29E8,0x532D,0x634D,0x8C92,0x2A09,0x21E8,0x29E8,0x2A29,0x3A69,0x8430,0xB595,
0xCE58,0xA534,0xA533,0x9D34,0xBE17,0xD6BA,0xDEFB,0xE73C,0xDF1B,0xC638,0x7BEF,0x4208,0x9471,0xCE38,0x9470,0x2965,
0x0820,0x0840,0x0840,0x18A2,0x39C6,0x83EF,0xA514,0xAD75,0xB595,0xB595,0xAD75,0xD679,0x9CD2,0x6B6D,0xD6BA,0xEF7D,
0xEF7D,0xF79D,0xA514,0x9CD2,0xA514,0xB596,0xBDD7,0xBDD7,0xC618,0xCE38,0xBDF7,0xA514,0x94B2,0x8C31,0x630C,0x39C7,
0x2124,0x0841,0x0820,0x0820,0x0840,0x0861,0x4228,0xD69A,0xBDF7,0x31A6,0x2966,0x5AAB,0x4A49,0x1081,0x0840,0x0840,
0x0820,0x0840,0x6B2C,0x8C71,0x5ACB,0x18C2,0x20E3,0x1061,0x0820,0x0820,0x0820,0x0861,0x39A6,0x39E7,0x10A2,0x8410,
0xB5B6,0xAD75,0xD69A,0xA534,0x6B2C,0x1082,0x18E3,0x39E8,0x4A69,0x4A69,0x39C6,0x0841,0x0841,0x0861,0xBDF7,0xCE59,
0x4A49,0x0840,0x0840,0x18E3,0xCE59,0xDF1C,0xDEFC,0xDEDB,0xDEFB,0xDEDB,0xDEFB,0xBDD7,0x2145,0x6B6D,0xD69A,0xDEDB,
0xE73D,0xEF5D,0xEF5D,0xC639,0xCE7A,0xDEFB,0x39C7,0x0840,0x0820,0x4983,0xB468,0xCCC8,0xD529,0xDD49,0xDD49,0xDD49,
0x0988,0x0988,0x0988,0x1188,0x11A7,0x0988,0x09A8,0x0168,0x0147,0x1965,0x9425,0x2A69,0x0A0E,0x0A4F,0x022F,0x022E,
0x022E,0x0A0E,0x022E,0x020D,0x01EE,0x0A0D,0x122C,0x5B28,0xACA3,0xAC82,0xAC62,0xAC82,0xA485,0x6BA9,0x01EE,0x024F,
0x024F,0x0A70,0x0A70,0x0A50,0x6388,0xBD43,0xC563,0xBD22,0xB4C1,0xB4C2,0x7C28,0x0A90,0x0A92,0x0270,0x0291,0x0291,
0x0AB2,0x02B2,0x0291,0x0AB2,0x02B2,0x0AD2,0x02B2,0x4B4C,0xC545,0xD563,0xCD62,0xCD61,0xC562,0xCD82,0xCDC4,0x5BCA,
0x0292,0x0271,0x0AB1,0x0290,0x0A90,0x0270,0x024F,0x024F,0x0270,0x0270,0x024F,0x0A4E,0x73C8,0xBD04,0xBCE2,0xB4E2,
0xBD03,0xBD03,0x5BA9,0x124C,0x024F,0x0A50,0x0270,0x0A70,0x0A4F,0x32EC,0xA4A4,0xBD03,0xBD02,0xBD43,0xB4E3,0x8C47,
0x1A6E,0x0A91,0x02B1,0x02B2,0x0A91,0x0A6F,0x09CB,0x19EA,0x19C8,0x2A09,0x21C8,0x21A8,0x2187,0x29C8,0x2187,0x3A49,
0x3229,0x21A7,0x1167,0x1988,0x1188,0x2A09,0x2A08,0x1146,0x10E5,0x29E8,0x21C7,0x1125,0x1126,0x1105,0x0904,0x08C4,
0x1104,0x10E4,0x2146,0x08E4,0x00C3,0x08C4,0x08E4,0x08E4,0x10E4,0x10E4,0x10E4,0x08C4,0x08C4,0x1105,0x1986,0x21C7,
0x21C8,0x2186,0x29A6,0x2965,0x2165,0x2964,0x31A5,0x31A5,0x39C5,0x4206,0x4226,0x39E6,0x3184,0x2144,0x1924,0x1945,
0x1945,0x2166,0x2166,0x2166,0x2165,0x29A6,0x31C7,0x3A09,0x52CB,0x31A6,0x2145,0x2966,0x4269,0x638D,0x73AE,0x634D,
0x6B8E,0x4249,0x4A8A,0x4AAA,0x4269,0x29E8,0x29A8,0x1925,0x52ED,0x3A6A,0x2208,0x21E8,0x2208,0x2A28,0x530C,0x73EF,
0x8CB2,0x8470,0x8C91,0x9D13,0xAD54,0xB5B6,0xD6B9,0xDEFB,0xC658,0x9CF3,0x632C,0x4A49,0x7BAE,0xA513,0xBD95,0x4A48,
0x0820,0x0820,0x0820,0x0840,0x0840,0x0820,0x0020,0x0840,0x1081,0x20E3,0x3185,0x4A48,0xC638,0xEF7D,0xE73D,0xE73D,
0xE73C,0xCE58,0x0840,0x0820,0x0820,0x0820,0x0820,0x0820,0x0000,0x0820,0x18C2,0x3186,0x4228,0x634C,0x9492,0xB596,
0xCE58,0xCE59,0xC617,0xA514,0x738E,0x4A69,0x2965,0xA514,0xDEDB,0xB5B6,0x1082,0x39C7,0x4A69,0x3186,0x0861,0x0840,
0x0840,0x1061,0x9CB2,0xB596,0x8C31,0x2965,0x39E7,0x4228,0x39E7,0x10C3,0x2104,0x4208,0x39C6,0x18E3,0x632C,0x73AE,
0x0861,0x0841,0x528A,0xC5F8,0xD69A,0xB5B6,0x5AAB,0x1082,0x2945,0x4208,0x528A,0x3186,0x0861,0x0000,0xAD75,0xD6BA,
0x4207,0x0800,0x0820,0x0820,0x6B4D,0xD6BB,0xD6DB,0xCE7A,0xDEDB,0xDEDB,0xDEFC,0xBDF7,0x2125,0x6B4D,0xD6BA,0xDEFC,
0xE73D,0xE73C,0xD6BA,0xC639,0xE71C,0x94B2,0x0820,0x0820,0x0820,0x49A3,0xBC88,0xCCC8,0xDD28,0xDD49,0xDD49,0xDD69,
0x0988,0x1188,0x11A7,0x1187,0x09A8,0x0988,0x0988,0x0188,0x0947,0x1965,0x9425,0x2A69,0x01CC,0x0A2E,0x0A2E,0x0A0E,
0x020D,0x0A0E,0x0A0E,0x020E,0x020E,0x020E,0x122C,0x5328,0xACA3,0xAC82,0xAC62,0xAC63,0xA4A5,0x6BA9,0x020E,0x024E,
0x022E,0x0A2F,0x022F,0x0250,0x4B2A,0xB504,0xC543,0xBD02,0xB4C2,0xB4C2,0x9467,0x0A50,0x0A92,0x0270,0x0290,0x0291,
0x0AD2,0x0AB1,0x0291,0x0AB1,0x0292,0x0291,0x02B2,0x432C,0xBD45,0xD5A3,0xCD83,0xC562,0xC542,0xC562,0xC5A4,0x5BCA,
0x0271,0x0A91,0x0A91,0x0270,0x0A90,0x0A91,0x0250,0x024F,0x0250,0x0270,0x024F,0x020E,0x8427,0xB4E3,0xB4E2,0xB4E2,
0xBCE2,0xBD04,0x42EB,0x122E,0x022F,0x022F,0x024F,0x024F,0x0A6F,0x3AEB,0xACC4,0xC523,0xBD02,0xBD23,0xBD03,0x8446,
0x126D,0x0250,0x0271,0x0A70,0x0A2D,0x09AA,0x1988,0x21C8,0x19A8,0x21C8,0x21A8,0x29C8,0x2187,0x29A8,0x2187,0x29C9,
0x2A08,0x3228,0x21A7,0x29A8,0x1167,0x2A09,0x29C8,0x1126,0x10E5,0x29E8,0x1966,0x0904,0x1105,0x10E5,0x1125,0x29C8,
0x1105,0x08C4,0x08E4,0x08E4,0x08C4,0x10E4,0x1104,0x1124,0x1925,0x1904,0x1904,0x1104,0x10E4,0x10E4,0x10E4,0x0905,
0x1126,0x2166,0x29A6,0x31E7,0x3207,0x3A07,0x39E6,0x4206,0x4A26,0x5246,0x5246,0x4A06,0x41E6,0x39E6,0x39C6,0x31C6,
0x31C7,0x31C7,0x31C7,0x39E7,0x3A07,0x4A27,0x4A69,0x39E8,0x4228,0x52AA,0x3A07,0x2986,0x2165,0x29A6,0x3A28,0x634D,
0x634D,0x4249,0x5AEB,0x5AEB,0x3A48,0x3A69,0x29E8,0x3A4A,0x424A,0x3A4A,0x21E8,0x2208,0x2A29,0x42AA,0x4AEB,0x636D,
0x7C0F,0x7BCE,0x8430,0x8C71,0x94B2,0x9CF3,0xB5D6,0xBE17,0xAD95,0x8C91,0x632C,0x5ACB,0x6B4D,0x9C92,0xBDB6,0x736D,
0x2924,0x2944,0x2944,0x2924,0x2103,0x18A2,0x0861,0x0841,0x0820,0x0841,0x0840,0x0861,0x738E,0xDEFB,0xDEFB,0xEF5D,
0xE73C,0x840F,0x0840,0x0840,0x0840,0x0840,0x0840,0x0840,0x0841,0x0840,0x0820,0x0841,0x0820,0x1061,0x18A2,0x18E3,
0x2924,0x39C7,0x4A48,0x5ACB,0x7BAE,0x9492,0xB575,0xC638,0xD6BA,0xD69A,0x528A,0x18C3,0x4208,0x4228,0x2124,0x0840,
0x0840,0x0820,0x2944,0x3186,0x4A48,0x8C50,0x2965,0x3186,0x4208,0x39E7,0x4208,0x4A49,0x18C2,0x31A6,0xAD75,0x736D,
0x18C3,0x0840,0x1061,0x39E7,0x8C51,0xD69A,0xC618,0x9471,0x2124,0x1082,0x31A6,0x4A69,0x2965,0x0020,0xA534,0xDEFB,
0x4228,0x0800,0x0820,0x0820,0x2125,0x7BCF,0xD69A,0xCE59,0xC639,0xD6BB,0xDEDB,0xB5B6,0x2104,0x632C,0xD69A,0xDEFC,
0xDEFB,0xDEDB,0xC638,0xD6BA,0xC639,0x4208,0x0840,0x0840,0x0820,0x4983,0xBC68,0xCCE7,0xDD28,0xDD49,0xDD49,0xDD49,
0x1188,0x1188,0x11A8,0x11A7,0x09A8,0x09A8,0x0188,0x0968,0x0946,0x1964,0x9445,0x3269,0x09ED,0x01ED,0x020E,0x020D,
0x020D,0x0A0D,0x0A0E,0x01EE,0x0A0E,0x0A2E,0x1A4D,0x5B28,0xA462,0xAC82,0xA442,0xA462,0x9C64,0x6388,0x022E,0x022E,
0x022E,0x0A30,0x0250,0x0270,0x32EC,0xB4E4,0xC522,0xBD23,0xBD03,0xB4A2,0x9C86,0x0A4F,0x0A92,0x0270,0x0250,0x0291,
0x0AD2,0x0AD2,0x0291,0x0291,0x0271,0x0250,0x0292,0x432C,0xBD66,0xD5C3,0xD5A3,0xC582,0xC542,0xBD22,0xC564,0x5BAA,
0x0251,0x0A70,0x0250,0x024F,0x0270,0x0A91,0x0270,0x0250,0x024F,0x0270,0x0250,0x0A0E,0x8C46,0xB4C2,0xB4C2,0xB502,
0xB4C2,0xB503,0x2A8C,0x0A2E,0x022F,0x022F,0x022F,0x022F,0x0A4F,0x3B0C,0xACC4,0xC523,0xBD02,0xBD23,0xBD43,0x8466,
0x126D,0x024F,0x0250,0x0A2E,0x11AA,0x1168,0x1987,0x21A8,0x21A8,0x21C8,0x21A7,0x29C8,0x2187,0x29C8,0x2187,0x21A8,
0x21A6,0x3A27,0x3208,0x29E8,0x1967,0x29E9,0x21A7,0x1126,0x1126,0x1125,0x08E4,0x08C3,0x10E4,0x1125,0x1966,0x4ACC,
0x21A7,0x00A3,0x08C4,0x08E4,0x08C4,0x1104,0x1904,0x1104,0x1925,0x1925,0x1925,0x1925,0x1924,0x1905,0x1905,0x10E5,
0x10E5,0x08E4,0x1104,0x1125,0x21A7,0x29C8,0x3208,0x3208,0x3A28,0x3A07,0x4207,0x3A07,0x3A07,0x31C6,0x31C6,0x31A6,
0x39E7,0x39E7,0x39E7,0x4207,0x4A48,0x5268,0x62EA,0x3A07,0x4208,0x5289,0x6B4C,0x4A28,0x39E6,0x31C6,0x2965,0x52AA,
0x634D,0x4249,0x5B0C,0x5AEB,0x4269,0x428A,0x4AAB,0x4A8B,0x426A,0x29E8,0x29E8,0x2A08,0x3249,0x636E,0x4AAA,0x530B,
0x6BAD,0x738D,0x7BEF,0x8C51,0x8C71,0x9492,0xA514,0xB596,0xA554,0x8C50,0x632C,0x528A,0x7BCF,0x9492,0xB575,0x8C50,
0x4228,0x5289,0x528A,0x5269,0x5269,0x4A28,0x39E7,0x31A6,0x2103,0x0861,0x0840,0x0861,0x528A,0xCE79,0x9CF4,0xB5B6,
0x9CD2,0x3165,0x0840,0x0840,0x0840,0x1061,0x1061,0x0840,0x1041,0x1041,0x0840,0x1061,0x1041,0x0840,0x0840,0x0840,
0x0820,0x0840,0x0841,0x1061,0x20E3,0x3186,0x62EB,0xB595,0xD6BA,0xDEDB,0x8C71,0x0861,0x31A6,0x52AA,0x4207,0x1060,
0x0820,0x0840,0x0841,0x1061,0x18C2,0x52AA,0x8410,0x2104,0x2945,0x4A49,0x4A49,0x3186,0x18E3,0x73AE,0xAD75,0xAD34,
0x632C,0x1061,0x0840,0x1062,0x3185,0xAD76,0xD69A,0xCE59,0x8410,0x2945,0x1082,0x4248,0x4208,0x0841,0x9CF3,0xDEDB,
0x4A48,0x0800,0x0820,0x0820,0x0841,0x2124,0xA534,0xDEBB,0xC639,0xCE59,0xDEDB,0xAD75,0x18E3,0x5ACB,0xC638,0xD69A,
0xD6BA,0xDEBA,0xD69A,0xCE79,0x6B6D,0x1082,0x0820,0x0820,0x0840,0x4983,0xB467,0xCCE7,0xDD48,0xDD49,0xDD49,0xDD49,
0x0988,0x1188,0x0988,0x0988,0x0988,0x0988,0x0967,0x1166,0x1945,0x2183,0x9C65,0x3289,0x09ED,0x020E,0x020E,0x01ED,
0x01ED,0x01ED,0x01ED,0x0A0E,0x0A0E,0x0A0E,0x1A6D,0x5B69,0xA483,0xA462,0xA462,0x9C22,0x9C23,0x6347,0x020E,0x024F,
0x024F,0x0A50,0x022F,0x0270,0x2ACE,0xA484,0xB4C1,0xC543,0xB523,0xBD03,0xACC4,0x124E,0x0291,0x02B1,0x0290,0x0270,
0x0291,0x0AB1,0x0291,0x0291,0x0270,0x0A70,0x0A92,0x4B6D,0xBD67,0xCD83,0xCD83,0xC563,0xC523,0xBD03,0xBD44,0x536B,
0x0250,0x0270,0x0A70,0x0A50,0x0250,0x0270,0x0271,0x0271,0x0270,0x0270,0x0270,0x1A4D,0x9C85,0xB4C2,0xB4C3,0xB4E2,
0xB502,0xAD03,0x124D,0x022F,0x024F,0x0270,0x024F,0x024F,0x0A4E,0x3AEB,0xACC4,0xB4C2,0xB4C2,0xB4C2,0xBD63,0x8C87,
0x128F,0x024F,0x0A0E,0x11AA,0x1947,0x1906,0x2167,0x31E9,0x29A8,0x2187,0x1987,0x1987,0x1987,0x21A7,0x2187,0x31E8,
0x4269,0x4289,0x31E7,0x29A7,0x1967,0x3209,0x1987,0x1105,0x10E4,0x1105,0x08C4,0x0083,0x1105,0x1967,0x1987,0x2209,
0x326A,0x29E8,0x08C4,0x1104,0x1904,0x1945,0x2165,0x2165,0x1925,0x1925,0x1925,0x1945,0x1945,0x2146,0x2125,0x2945,
0x2125,0x31C7,0x3A08,0x2186,0x1925,0x10E4,0x08C4,0x08C4,0x10E5,0x1126,0x1967,0x1987,0x29E8,0x6BCF,0x3A28,0x31A6,
0x31C7,0x31C7,0x31E7,0x31C6,0x39C6,0x4206,0x5268,0x4A68,0x39E7,0x4A69,0x5ACB,0x738D,0x62A9,0x5268,0x5AC9,0x3185,
0x39E7,0x3A28,0x426A,0x3A49,0x4ACB,0x5B0C,0x5B0C,0x3A09,0x4A8B,0x2166,0x4249,0x3A49,0x634D,0x5AEC,0x3A08,0x4A69,
0x52EB,0x630C,0x634D,0x632D,0x6B6D,0x8C51,0x94B2,0xAD54,0x9CF3,0x73EF,0x5B0C,0x4208,0x73AE,0xB575,0xBDD6,0xAD54,
0x738E,0x5ACB,0x4A28,0x39C7,0x31A6,0x2945,0x3185,0x31A6,0x39E7,0x4228,0x3185,0x1081,0x2924,0x8C71,0x738E,0x0020,
0x0820,0x0841,0x1040,0x0840,0x0840,0x0820,0x0820,0x0840,0x0840,0x0841,0x0840,0x0820,0x0820,0x0840,0x1040,0x0820,
0x0820,0x1040,0x0840,0x0840,0x0840,0x0840,0x0820,0x0820,0x2104,0xA514,0xD6BA,0x52AA,0x10A2,0x4208,0x4A69,0x20E3,
0x0840,0x0840,0x0840,0x0840,0x20E3,0x2945,0x52AA,0x9492,0x6B4D,0x31A6,0x3186,0x4208,0x9CD3,0x738E,0x10A2,0x2965,
0x840F,0x8C71,0x18E3,0x0020,0x0020,0x18C3,0x6B6D,0xC639,0xD67A,0xCE7A,0x7BEF,0x10A2,0x10A2,0x0841,0x9CD3,0xD6BA,
0x4A49,0x0820,0x0820,0x0820,0x0820,0x0820,0x0841,0x73AE,0xB5B6,0xDEDB,0xDEDB,0x9CF3,0x10A2,0x52AA,0xC638,0xDEDB,
0xD69A,0xC638,0x9CF3,0x2124,0x0840,0x0840,0x1041,0x0840,0x0840,0x49A2,0xB467,0xCCC6,0xD527,0xDD48,0xDD28,0xDD28,
0x0987,0x1187,0x1187,0x1987,0x1187,0x1187,0x0967,0x1187,0x1965,0x2983,0x9465,0x3289,0x0A0D,0x01EE,0x020E,0x020E,
0x022E,0x01ED,0x01ED,0x020D,0x01EE,0x01EE,0x1A4D,0x5B69,0xA463,0xA463,0xA442,0x9C22,0x9C44,0x6347,0x09EE,0x022E,
0x022F,0x0250,0x0A6F,0x0250,0x1AAF,0x9C85,0xACA1,0xBD22,0xBD03,0xBD03,0xB4E3,0x228D,0x0270,0x02B1,0x0A70,0x0270,
0x0270,0x02B1,0x02B1,0x0291,0x0271,0x0270,0x0A91,0x432D,0xB526,0xC543,0xC563,0xC563,0xBD02,0xB4E2,0xB525,0x4B6B,
0x0271,0x0270,0x0270,0x0A90,0x0250,0x0250,0x0270,0x0270,0x0290,0x0270,0x0270,0x228C,0xA4A5,0xB4A1,0xACA3,0xB4C3,
0xB4E2,0xACE4,0x0A2D,0x0A2F,0x024F,0x0270,0x0270,0x0A70,0x0A2E,0x3ACB,0xACA4,0xB4C2,0xB4C3,0xB4A2,0xBD43,0x8C87,
0x126E,0x0A2D,0x11AA,0x1147,0x1146,0x10E5,0x2146,0x3209,0x21C8,0x21A7,0x1987,0x21A7,0x1966,0x1946,0x1946,0x29E7,
0x29E7,0x29A7,0x1966,0x1946,0x1166,0x29E8,0x1946,0x1105,0x2186,0x10E4,0x10E4,0x10E4,0x1146,0x0926,0x1166,0x2209,
0x2209,0x324A,0x29E8,0x1104,0x2145,0x2165,0x2985,0x2165,0x2145,0x2146,0x1946,0x2166,0x2166,0x29C6,0x39C7,0x41E7,
0x39C6,0x3A09,0x3A4A,0x426A,0x428A,0x428A,0x4249,0x3A08,0x31E7,0x2986,0x1946,0x1966,0x29C8,0x638E,0x4AAA,0x3A08,
0x3A28,0x3A28,0x3A28,0x3A08,0x3A07,0x4228,0x4227,0x4207,0x39E8,0x39E8,0x31E7,0x31C7,0x736C,0x62E9,0x62EA,0x4207,
0x4207,0x31C7,0x3A29,0x3208,0x29C8,0x5B0C,0x5B0C,0x29A7,0x52CC,0x31C7,0x4228,0x528A,0x738E,0x4228,0x39E7,0x4A49,
0x5AEB,0x632C,0x52EB,0x4ACB,0x5B2C,0x7C30,0x8C70,0xA534,0xA533,0x636D,0x52CA,0x4228,0x632C,0x8410,0xAD34,0xBDF7,
0xEF5D,0xDEFB,0xDEFB,0xCE59,0xBDF7,0xAD55,0x9491,0x7BCE,0x6B4D,0x528A,0x31A6,0x18C3,0x1081,0x39E7,0x9CF3,0x0820,
0x0840,0x0820,0x0840,0x0840,0x0840,0x0820,0x0840,0x0820,0x0840,0x0840,0x0840,0x0820,0x0820,0x0840,0x1040,0x0820,
0x0840,0x18A2,0x18E3,0x18A2,0x0841,0x0840,0x0840,0x0840,0x0861,0x2965,0xD69A,0xA534,0x31A6,0x2965,0x52AA,0x3186,
0x0820,0x0840,0x0840,0x0820,0x0841,0x39C6,0x2104,0x632C,0xB5B6,0xAD75,0xA514,0x9CF3,0x4207,0x0861,0x0820,0x0820,
0x10A2,0x7BEF,0x8C71,0x2104,0x0841,0x0841,0x1082,0x6B4D,0xD69A,0xD69A,0xD69A,0x7BEF,0x39C7,0x0841,0x9CD3,0xDEDB,
0x4A49,0x0820,0x0820,0x0820,0x1040,0x0820,0x0820,0x0841,0x2965,0x8C71,0xDEDA,0x94B2,0x1061,0x52AA,0xCE59,0xDEFC,
0xAD34,0x632C,0x18C3,0x0840,0x0860,0x0860,0x0841,0x0840,0x0820,0x4982,0xB467,0xCCC6,0xD507,0xD527,0xD527,0xD528,
0x1187,0x19A6,0x21A6,0x21A6,0x1987,0x1188,0x0988,0x0967,0x1166,0x2184,0x9465,0x3289,0x0A0D,0x020E,0x020E,0x020E,
0x022E,0x0A0E,0x020D,0x01ED,0x01ED,0x01ED,0x124C,0x5B48,0x9C42,0xA443,0xA463,0x9C22,0x9C64,0x6388,0x020E,0x020E,
0x022F,0x022F,0x0270,0x0250,0x0A6F,0x9486,0xACC2,0xC522,0xBD03,0xBD03,0xBD24,0x2ACC,0x024F,0x0291,0x0270,0x0A91,
0x0271,0x0AB2,0x02B2,0x02B2,0x0291,0x0A70,0x0291,0x3B0C,0xACE6,0xBCE2,0xC522,0xBD02,0xBCE2,0xB4C2,0xB545,0x4B4B,
0x0271,0x0A90,0x0270,0x0A70,0x0270,0x0250,0x0250,0x0270,0x0271,0x026F,0x024F,0x2ACC,0xACC5,0xB4A1,0xAC82,0xACA2,
0xB4C3,0xA4C5,0x022E,0x0A50,0x0A4F,0x0271,0x0270,0x0A70,0x0A2E,0x3ACB,0xACA3,0xB4C2,0xB4C3,0xAC82,0xB4E2,0x8C67,
0x1A4D,0x09A9,0x1146,0x1946,0x1105,0x08E4,0x1946,0x3A49,0x29E8,0x19A7,0x1987,0x21A7,0x2187,0x1925,0x1966,0x3229,
0x1946,0x1146,0x1146,0x1146,0x0926,0x1987,0x21A7,0x1125,0x2145,0x1104,0x1924,0x1966,0x0906,0x0926,0x0926,0x19A8,
0x2229,0x2A29,0x3229,0x2186,0x2186,0x2965,0x2185,0x2986,0x2186,0x2166,0x2166,0x2166,0x2986,0x3A06,0x31A5,0x39C5,
0x39C6,0x1946,0x1967,0x21A7,0x29C7,0x3208,0x3A29,0x3A29,0x3A09,0x3A29,0x29C8,0x29C8,0x21C8,0x3A6A,0x3A49,0x3A08,
0x4249,0x4249,0x4249,0x426A,0x4A69,0x4A89,0x4A89,0x3A27,0x2986,0x2986,0x31A6,0x31A6,0x5AAA,0x62EA,0x5288,0x4227,
0x41E7,0x31C7,0x3A08,0x3A49,0x21A7,0x52EC,0x52CC,0x2987,0x4AAB,0x29A6,0x4208,0x4A29,0x630C,0x3A08,0x4208,0x52AA,
0x52CA,0x5B2C,0x428A,0x428A,0x6BCE,0x740F,0x73AE,0xA533,0x9CF2,0x5B2B,0x52CA,0x4229,0x6B4D,0x840F,0x9CF2,0xB5B6,
0xE71C,0xEF5D,0xEF5D,0xF79E,0xEF7D,0xD6BA,0xD699,0xCE58,0xC617,0xBDF7,0x9CB2,0x3186,0x0841,0x18C2,0xAD55,0x1081,
0x0841,0x0820,0x0820,0x0820,0x0820,0x0840,0x0840,0x0820,0x0820,0x0840,0x0840,0x0840,0x0840,0x0840,0x0840,0x20E3,
0x39A6,0x4208,0x4229,0x4228,0x39E7,0x31A6,0x2124,0x0841,0x0841,0x0861,0xAD75,0xDEFB,0x5AEB,0x18E3,0x4A49,0x4A28,
0x0840,0x0820,0x0840,0x0840,0x0820,0x2104,0x4208,0x2965,0x6B6D,0xCE59,0xAD75,0x528A,0x18C2,0x10A2,0x0820,0x0861,
0x0840,0x2924,0x9492,0x8410,0x3166,0x0841,0x0020,0x18C3,0x94B2,0xD6BA,0xCE79,0xC618,0x9CF3,0x2945,0xA514,0xDEFB,
0x4A49,0x0840,0x0840,0x0820,0x1040,0x0820,0x0820,0x0820,0x0840,0x2124,0x7BCF,0x5ACA,0x0861,0x31A6,0x94B2,0x8C51,
0x31A7,0x18C2,0x0840,0x0840,0x0840,0x0840,0x0840,0x0820,0x0840,0x49A2,0xB466,0xCCC5,0xD507,0xD507,0xD507,0xD507,
0x29A6,0x31C6,0x31A6,0x29A6,0x1987,0x1187,0x0987,0x0967,0x0946,0x2164,0x9465,0x32AA,0x0A2E,0x0A0E,0x020E,0x024F,
0x022F,0x0A4F,0x0A2E,0x022E,0x020D,0x01ED,0x1A2B,0x5B28,0x9C22,0x9C21,0xA442,0x9C42,0x9403,0x5B48,0x0A2E,0x0A2E,
0x0A2F,0x0A2F,0x024F,0x0A50,0x0A2F,0x8447,0xB4E4,0xC523,0xC523,0xBD02,0xBD23,0x536C,0x0A6F,0x0AB2,0x0271,0x0271,
0x0291,0x0AB1,0x0291,0x0292,0x0292,0x0A91,0x0270,0x3AEC,0xACC6,0xBCE3,0xC522,0xC543,0xC523,0xB4C2,0xAD05,0x4B4B,
0x0A71,0x0A91,0x0A50,0x0270,0x0A90,0x0A70,0x022F,0x022F,0x0A70,0x024F,0x022F,0x42EA,0xB4E4,0xB4C2,0xACA2,0xB4A2,
0xB4C4,0x9487,0x022F,0x024F,0x022F,0x022F,0x022F,0x024F,0x0A0E,0x32AA,0xACA3,0xB4A2,0xB4C3,0xAC62,0xACA3,0x7BE6,
0x19A8,0x1166,0x1945,0x1104,0x1125,0x1125,0x1905,0x4269,0x3228,0x21C7,0x2187,0x2187,0x1967,0x1946,0x2166,0x31E8,
0x29C8,0x1987,0x0926,0x0926,0x0946,0x1146,0x29E9,0x1946,0x1924,0x1925,0x1946,0x1125,0x1125,0x0926,0x0926,0x0946,
0x1166,0x21E8,0x2A29,0x3229,0x29E8,0x2166,0x2986,0x2985,0x31A5,0x31A6,0x31A6,0x31A6,0x39C6,0x39C5,0x4A06,0x4A26,
0x31E6,0x1125,0x08E5,0x00C4,0x08E4,0x0905,0x1105,0x1126,0x1126,0x1126,0x1126,0x1106,0x0905,0x1125,0x1966,0x2187,
0x31C7,0x29A7,0x29A7,0x3A08,0x39E7,0x31C7,0x29C7,0x29C6,0x31C6,0x4227,0x5288,0x5A88,0x730B,0x7BCE,0x632B,0x3A07,
0x31E7,0x29A6,0x31A7,0x2966,0x2145,0x4AAB,0x4229,0x29A7,0x4A6A,0x39E8,0x3186,0x4A48,0x630C,0x4A69,0x52AB,0x634D,
0x73AE,0x632C,0x738E,0x7BCE,0x9491,0x7BEE,0x73CD,0x9CF2,0x7BEF,0x5ACB,0x52AA,0x4249,0x634C,0x7BEF,0x8C50,0x9CD3,
0xC639,0xE71C,0xDEDB,0xE71C,0xE71C,0xE71C,0xE6FB,0xDEFB,0xD699,0xCE59,0xD69A,0x7BCF,0x0861,0x0840,0x6B6D,0x738D,
0x1061,0x1061,0x0840,0x0840,0x1020,0x0820,0x0820,0x0820,0x1040,0x0820,0x0840,0x0820,0x0820,0x0840,0x18A2,0x39C7,
0x4228,0x4208,0x39C7,0x39C7,0x39E7,0x4208,0x528A,0x52AA,0x4208,0x18E3,0x5289,0xD679,0xC617,0x18E3,0x2104,0x5269,
0x1082,0x0820,0x0840,0x0820,0x0840,0x1081,0x528A,0x39C7,0x1082,0xB596,0xCE79,0xAD75,0x18E3,0x18E3,0x3186,0x10A2,
0x0841,0x0020,0x18E3,0x8C31,0xAD55,0x4228,0x1081,0x0840,0x18C3,0x738D,0xD69A,0xD6BA,0xCE58,0xBDD7,0xBDF7,0xDEDB,
0x4A48,0x0840,0x0840,0x0840,0x0820,0x0820,0x0820,0x0820,0x0820,0x0840,0x0841,0x2924,0x6B6D,0x52AA,0x2965,0x0841,
0x0820,0x0840,0x0840,0x0840,0x0840,0x0840,0x0840,0x0860,0x0840,0x49A2,0xBC86,0xD4C5,0xD527,0xDD27,0xD507,0xD4E7,
0x31A6,0x31A5,0x29A6,0x21A6,0x1987,0x1187,0x0967,0x0947,0x0946,0x1964,0x9445,0x32AA,0x0A2E,0x01ED,0x020E,0x024F,
0x020E,0x022E,0x022E,0x022E,0x020D,0x09EC,0x1A2B,0x6348,0x9C43,0xA462,0xA462,0x9C42,0x8BE3,0x5B28,0x0A2E,0x020D,
0x020E,0x0A2F,0x0A0E,0x0A70,0x0A4F,0x7C08,0xB504,0xBD03,0xBD22,0xC523,0xC543,0x63EC,0x128E,0x0291,0x0AB2,0x0291,
0x0271,0x02B1,0x0291,0x0270,0x0291,0x0A91,0x0A90,0x430C,0xACE5,0xBD03,0xBD02,0xBD02,0xBD03,0xB4E3,0xACE5,0x4B2A,
0x0A71,0x0250,0x0270,0x0250,0x024F,0x024F,0x024F,0x022F,0x024F,0x024F,0x022E,0x5B6A,0xB4E4,0xB4C2,0xB4C2,0xB4A2,
0xB4C4,0x7C07,0x022F,0x024F,0x022F,0x0A2E,0x0A2F,0x0A2F,0x020D,0x32AA,0xA483,0xB482,0xB4C3,0xAC82,0x9404,0x4AA5,
0x1946,0x1105,0x1104,0x1925,0x1945,0x1925,0x10E4,0x4268,0x4269,0x29C7,0x3A28,0x4269,0x2166,0x2187,0x29A7,0x29C7,
0x2166,0x1125,0x1146,0x1126,0x1126,0x1126,0x21A8,0x1966,0x1924,0x1946,0x1966,0x00A3,0x1105,0x1126,0x1147,0x0946,
0x0946,0x1166,0x2208,0x3229,0x2A08,0x21C8,0x1946,0x1905,0x2145,0x2166,0x2986,0x2986,0x2986,0x31C6,0x39C6,0x31A6,
0x2186,0x1966,0x1125,0x1105,0x1105,0x08E4,0x08E4,0x08C4,0x08C4,0x08C5,0x08E4,0x1105,0x1105,0x1946,0x1986,0x2186,
0x31C7,0x29A6,0x2986,0x31C7,0x29A6,0x29A6,0x31C7,0x39E8,0x4A69,0x4A48,0x5A88,0x5A88,0x5AC9,0x4A68,0x630B,0x3A07,
0x31C7,0x31E7,0x2125,0x18E4,0x1904,0x4A6A,0x31A6,0x2966,0x4228,0x39C7,0x2965,0x4A28,0x528A,0x39E8,0x4A8A,0x5AEB,
0x632C,0x7BCE,0x8C30,0xACF2,0xA4D1,0x8C6F,0x840F,0x7BEF,0x630C,0x5AEC,0x4A8A,0x4228,0x6B6D,0x7BEF,0x8C50,0x9471,
0x8C30,0xDEFB,0xE73D,0xDEDB,0xD69A,0xC638,0xB596,0xA514,0x8410,0x6B4C,0x52AA,0x39A6,0x0861,0x0840,0x2924,0xB595,
0x3185,0x0840,0x0840,0x0840,0x0840,0x0840,0x0840,0x0820,0x0820,0x0840,0x0840,0x0840,0x0820,0x0840,0x18A2,0x5289,
0x7BCE,0x9CF3,0xA514,0x94B2,0x738E,0x52AA,0x31A6,0x3186,0x31A6,0x39C7,0x20E3,0xA513,0xE73C,0x5AEB,0x1061,0x4208,
0x1082,0x0820,0x0820,0x0840,0x0840,0x18C2,0x528A,0x2945,0x39C7,0xB596,0xA534,0xC638,0x7BCF,0x2945,0x2965,0x4228,
0x2945,0x0841,0x0841,0x18A2,0x5ACB,0xB595,0x6B4D,0x1082,0x0820,0x18C3,0x8430,0xDEFB,0xDEDB,0xCE79,0xD69A,0xDEDB,
0x4A49,0x0840,0x0840,0x0840,0x0820,0x1020,0x0820,0x0820,0x0820,0x0820,0x4A69,0xA514,0xD6BA,0xCE59,0xA534,0x4A48,
0x0820,0x0841,0x0820,0x0840,0x0820,0x1040,0x0840,0x0840,0x0840,0x51A2,0xC4A5,0xDD04,0xDD25,0xDD26,0xDD26,0xD506,
0x29A6,0x29A6,0x21A6,0x19A7,0x1987,0x1187,0x0987,0x0946,0x0946,0x1964,0x9445,0x328A,0x0A2E,0x0A0E,0x020E,0x022F,
0x020E,0x020E,0x01ED,0x020E,0x01ED,0x020D,0x1A2C,0x6368,0x9C62,0x9C42,0xA462,0x9C42,0x8BE3,0x5B27,0x020D,0x020D,
0x020E,0x0A2F,0x022E,0x024F,0x0A2E,0x73E8,0xB525,0xBD23,0xBD03,0xBD03,0xBD23,0x6C0B,0x128E,0x0271,0x0AB1,0x0A91,
0x0270,0x0291,0x0291,0x0270,0x0250,0x0270,0x0270,0x3B0B,0xACE5,0xBD03,0xBCE2,0xBD03,0xBCE3,0xB4E3,0xACE5,0x4B4A,
0x0251,0x0230,0x024F,0x022F,0x022F,0x0A4F,0x024F,0x022F,0x024F,0x024F,0x0A2E,0x6389,0xB4C3,0xB4C2,0xB4C2,0xB4A2,
0xACC3,0x6BA7,0x022F,0x022F,0x022F,0x022E,0x020E,0x022F,0x0A0D,0x32AA,0x9C63,0xAC82,0xB4A2,0xAC83,0x62E4,0x21A5,
0x1126,0x1105,0x1925,0x1926,0x2166,0x2166,0x1925,0x3A28,0x4289,0x3A28,0x52A9,0x5289,0x31C7,0x29C7,0x3A08,0x2986,
0x29C8,0x1946,0x1126,0x1126,0x1946,0x2186,0x21A7,0x2166,0x1904,0x2166,0x1105,0x0083,0x08E4,0x1146,0x1167,0x0946,
0x0926,0x0926,0x1987,0x2A09,0x3229,0x29E9,0x21A8,0x1105,0x10E4,0x1125,0x1125,0x1125,0x1925,0x1945,0x1925,0x1944,
0x2166,0x2166,0x1946,0x1946,0x1925,0x1145,0x1925,0x1104,0x1104,0x1105,0x1105,0x1945,0x1925,0x1946,0x1966,0x2166,
0x29C7,0x2986,0x29A6,0x29C7,0x29C7,0x31C7,0x31C7,0x4228,0x5269,0x5A89,0x62CA,0x62EA,0x62EB,0x4A69,0x5B0B,0x4A69,
0x39E7,0x2165,0x2124,0x2945,0x2104,0x528A,0x3185,0x2965,0x39E7,0x41E7,0x3186,0x4207,0x4228,0x31A7,0x4A8A,0x5B0C,
0x634C,0x6B6D,0x9470,0xAD12,0xA4F1,0x8C4F,0x738D,0x5ACB,0x632C,0x5AEB,0x4269,0x4A69,0x6B8E,0x840F,0x8410,0x9471,
0x736D,0x9492,0x9CF4,0x736D,0x630C,0x5269,0x39C6,0x3165,0x2103,0x18A2,0x1081,0x0840,0x0840,0x0840,0x1061,0xBDB6,
0x630B,0x0841,0x0840,0x0820,0x0820,0x0820,0x0840,0x0820,0x0840,0x0840,0x0840,0x0820,0x0840,0x0840,0x0841,0x2103,
0x3165,0x5AEB,0xBDD7,0xAD75,0x8C51,0x9CF3,0x9CF3,0x8430,0x6B4D,0x4A49,0x18E3,0x7BAE,0xC618,0x8C50,0x10A2,0x39A6,
0x1061,0x0820,0x0840,0x0840,0x0840,0x2945,0x39C7,0x4208,0x8430,0x4A49,0x39C7,0x7BEF,0xB596,0x738E,0x18E3,0x41E8,
0x4228,0x2104,0x0820,0x0820,0x18C3,0x73AE,0xB595,0x630B,0x0840,0x0861,0x39C6,0xD6BA,0xDEDA,0xD6BA,0xD6BB,0xD6BB,
0x4A48,0x0840,0x0860,0x0840,0x0820,0x0820,0x0800,0x0820,0x0840,0x18A2,0xB596,0xD699,0xDEDB,0xD6BA,0xD69A,0xB575,
0x10A2,0x0820,0x0820,0x0840,0x0840,0x0840,0x0840,0x0820,0x0840,0x49A2,0xC4A5,0xDD04,0xE544,0xE544,0xE545,0xDD25,
0x2187,0x1986,0x1187,0x1187,0x1167,0x1167,0x0967,0x1146,0x0946,0x1964,0x9C65,0x3289,0x0A0D,0x0A2E,0x0A2E,0x0A2F,
0x020D,0x01ED,0x09ED,0x020E,0x020E,0x09EE,0x1A2C,0x6368,0x9C63,0x9C21,0x9421,0xA462,0x9403,0x5B07,0x01ED,0x01ED,
0x020D,0x0A2F,0x0A2F,0x022F,0x020E,0x5B89,0xB525,0xBD22,0xBD03,0xBCE2,0xBD02,0x7408,0x124D,0x0250,0x0291,0x0291,
0x0270,0x0290,0x0290,0x0A90,0x022F,0x024F,0x0A91,0x432C,0xAD05,0xBD02,0xBCE2,0xB4C2,0xB4A2,0xB4C3,0xB4E5,0x4B6A,
0x0250,0x0250,0x022F,0x024F,0x024F,0x0A2F,0x022F,0x022F,0x024F,0x022E,0x0A0D,0x6BA7,0xAC82,0xAC62,0xB4A2,0xB482,
0xA4A4,0x5B49,0x024F,0x024F,0x024F,0x022F,0x022E,0x020F,0x0A0D,0x2A8A,0x9C23,0xAC82,0xA483,0x7BA4,0x2185,0x1126,
0x10E5,0x2146,0x1966,0x2166,0x2186,0x2166,0x1945,0x31E7,0x4289,0x3A07,0x4A68,0x4A68,0x39E7,0x31E7,0x3A08,0x1925,
0x29C8,0x21A7,0x1125,0x1146,0x29C7,0x31E8,0x2165,0x1904,0x2166,0x10E4,0x08A3,0x08A3,0x10E4,0x1125,0x1146,0x1146,
0x1146,0x0946,0x0926,0x1167,0x21C8,0x3A49,0x3A29,0x29C8,0x1105,0x1105,0x1105,0x1945,0x1946,0x1966,0x1966,0x1946,
0x1946,0x2145,0x1945,0x1965,0x1965,0x1966,0x2165,0x2165,0x1924,0x1124,0x1986,0x29C7,0x29A7,0x21A7,0x2187,0x2187,
0x21A7,0x21A7,0x29A7,0x29E8,0x3208,0x29C6,0x39E7,0x4A69,0x4208,0x5289,0x5269,0x5249,0x5ACB,0x6B2C,0x6B2C,0x632B,
0x4248,0x2124,0x1924,0x2145,0x2125,0x52AB,0x2125,0x2125,0x3186,0x4A49,0x39E8,0x31E8,0x2987,0x2166,0x29C7,0x3209,
0x3208,0x52EB,0x738C,0x738B,0x7BCC,0x73CD,0x52AA,0x4A8A,0x5B0C,0x4AAA,0x3A08,0x4AAA,0x73EF,0x8450,0x73AE,0x7BEF,
0x6B4D,0x5269,0x2124,0x0820,0x0820,0x0840,0x0840,0x0840,0x0840,0x0840,0x0820,0x0820,0x0820,0x0840,0x0840,0xAD55,
0xB595,0x2124,0x18E3,0x2965,0x3165,0x2104,0x18C3,0x1082,0x0820,0x0820,0x0841,0x0821,0x0820,0x1081,0x2965,0x31A6,
0x2965,0x9471,0xAD75,0x2944,0x0020,0x1081,0x3186,0x738E,0x9491,0xAD75,0xB596,0xA534,0xCE38,0xAD75,0x2925,0x20E3,
0x1061,0x0840,0x0840,0x0840,0x18C2,0x39C6,0x39C7,0x840F,0x4A49,0x0841,0x0840,0x0861,0xAD55,0xC5F8,0x6B6D,0x18C3,
0x39C7,0x4A49,0x2104,0x0820,0x0820,0x1062,0x4A28,0xB5B6,0x4228,0x0841,0x0020,0x8410,0xCE79,0xCE59,0xD69A,0xD69A,
0x4228,0x0840,0x0840,0x0840,0x0840,0x0840,0x0840,0x0840,0x0820,0x52AA,0xDEDB,0xD6BA,0xD69A,0xD6BB,0xD6BA,0xDEFB,
0x5AEB,0x0020,0x0840,0x0820,0x0820,0x0820,0x0840,0x0841,0x0840,0x49A1,0xC484,0xDD02,0xE563,0xED63,0xE563,0xE563,
0x1987,0x1166,0x1187,0x1187,0x1187,0x1167,0x1167,0x1146,0x0946,0x1964,0x9C65,0x3289,0x0A0D,0x0A0E,0x0A2E,0x0A0E,
0x01ED,0x01ED,0x01ED,0x020E,0x020E,0x01ED,0x120B,0x5B48,0xA483,0x9C22,0x9C01,0xA463,0x9423,0x5B07,0x020D,0x01ED,
0x020D,0x022E,0x0A2F,0x0A2F,0x022F,0x4B49,0xAD05,0xC563,0xBD23,0xB4C2,0xB4C2,0x8468,0x1A6C,0x0250,0x0270,0x0270,
0x0270,0x0270,0x0A91,0x0AB1,0x0270,0x024F,0x0250,0x432B,0xAD05,0xC543,0xBCC2,0xB4C2,0xB4C2,0xAC62,0xAC84,0x5369,
0x0250,0x0A50,0x024F,0x024F,0x024F,0x022E,0x020E,0x020E,0x022F,0x0A4F,0x1A4C,0x73E6,0xAC62,0xA442,0xA462,0xAC82,
0x9C84,0x4B0A,0x024F,0x024F,0x024F,0x022F,0x020F,0x020F,0x0A0E,0x32AA,0x9403,0x9C62,0x7384,0x39E5,0x1126,0x1926,
0x2146,0x1946,0x1966,0x1986,0x2187,0x2167,0x1945,0x2987,0x52CB,0x4A69,0x4249,0x4A69,0x3A28,0x31E7,0x31E7,0x2145,
0x29C7,0x3A49,0x1966,0x2187,0x21A7,0x29A7,0x2165,0x10E4,0x1925,0x00A3,0x08A3,0x1904,0x2165,0x08A3,0x08E4,0x1146,
0x1146,0x1146,0x1126,0x0926,0x1126,0x21A7,0x3A49,0x3A6A,0x21C8,0x1946,0x1125,0x2186,0x29A6,0x2986,0x2987,0x29A7,
0x2167,0x29C7,0x29C7,0x29C7,0x29C7,0x2186,0x29C7,0x31C6,0x2985,0x2985,0x2186,0x1966,0x1966,0x1187,0x1188,0x1166,
0x1987,0x2187,0x2187,0x2187,0x29C7,0x3A29,0x4A48,0x5269,0x5249,0x5269,0x4A28,0x5248,0x528A,0x5288,0x62C9,0x83CE,
0x5ACA,0x39E7,0x10E4,0x1105,0x1105,0x52CC,0x1905,0x1104,0x2166,0x4AAB,0x3A4A,0x2187,0x1966,0x1967,0x1967,0x1967,
0x19A7,0x3229,0x4AA9,0x634B,0x94B1,0x9491,0x5B2B,0x428A,0x52EC,0x4269,0x3A28,0x4AAA,0x6B8D,0x7BEF,0x7BCF,0x7BEF,
0x6B4C,0x6B6C,0x5289,0x1061,0x0840,0x0820,0x0820,0x0820,0x0820,0x0840,0x0840,0x0820,0x0820,0x0840,0x10A2,0xCE79,
0xD699,0xA534,0x528A,0x2924,0x2945,0x4A49,0x4A69,0x5269,0x31A6,0x2104,0x0841,0x0841,0x10A2,0x4208,0x4A69,0x2124,
0x7BEF,0xA514,0x2924,0x0840,0x0840,0x0840,0x0820,0x0820,0x0840,0x10A2,0x5269,0xCE58,0xDEFB,0xB575,0x2965,0x1061,
0x0840,0x0840,0x0840,0x1082,0x2104,0x18C3,0x9CD2,0x3186,0x0841,0x0841,0x0840,0x0840,0x4208,0xA534,0xCE59,0x4A29,
0x1062,0x41E8,0x4A28,0x20E3,0x1061,0x0841,0x0841,0x4228,0xAD75,0x39E7,0x0020,0x2965,0x8C71,0xD69A,0xD6BA,0xCE79,
0x4208,0x0820,0x0820,0x0841,0x0840,0x0840,0x10A2,0x1081,0x0020,0x4A69,0xC659,0xCE7A,0xCE9A,0xC639,0xC639,0xD6BA,
0x6B8D,0x0840,0x0840,0x0820,0x0820,0x1060,0x0840,0x0840,0x0820,0x49A1,0xC484,0xDD02,0xE542,0xE562,0xED62,0xE562,
0x1187,0x1187,0x1187,0x1187,0x1187,0x1167,0x1167,0x1146,0x0926,0x1964,0x9445,0x3289,0x09EC,0x09ED,0x020D,0x0A0E,
0x020E,0x020D,0x0A0E,0x020D,0x01ED,0x01ED,0x1A2B,0x5B28,0x9C42,0x9C42,0x9C22,0x9C22,0x9423,0x5B27,0x020D,0x020E,
0x020D,0x022E,0x022F,0x0A2F,0x024F,0x432A,0xA4C5,0xBD22,0xBD42,0xBCE2,0xB4E2,0x94A7,0x22AC,0x0250,0x0270,0x0270,
0x0250,0x0270,0x0A91,0x0A91,0x0250,0x024F,0x0A50,0x4B4A,0xB524,0xC522,0xB4A2,0xACA2,0xB503,0xAC82,0xA483,0x5B69,
0x0A4F,0x024F,0x0A50,0x022F,0x022F,0x022F,0x022E,0x022E,0x0A2E,0x0A30,0x226C,0x8406,0xAC82,0xA462,0xA462,0xAC82,
0x9444,0x3ACA,0x022F,0x022E,0x022F,0x022F,0x020F,0x020F,0x0A0E,0x32AB,0x9423,0x9424,0x4A64,0x1965,0x1126,0x1946,
0x1946,0x1966,0x1966,0x2166,0x2166,0x2146,0x1925,0x2146,0x52AB,0x5ACA,0x3A29,0x4269,0x3A28,0x29C7,0x31C7,0x2166,
0x2186,0x3A49,0x1987,0x1946,0x1125,0x2166,0x1946,0x1904,0x10E4,0x00A3,0x10E4,0x2145,0x1924,0x0082,0x00A3,0x1105,
0x1146,0x1146,0x1146,0x1146,0x0926,0x1147,0x21C8,0x3A49,0x3249,0x21A7,0x1966,0x1945,0x2186,0x2186,0x29A7,0x29A7,
0x2166,0x29C7,0x29C7,0x31E7,0x29A6,0x1945,0x29A6,0x31A5,0x31A5,0x31A5,0x29A7,0x1966,0x1966,0x11A8,0x11A7,0x3229,
0x29E8,0x21A7,0x21A7,0x1967,0x21A7,0x3A28,0x39E7,0x4228,0x5289,0x5269,0x4A07,0x5248,0x5288,0x5A88,0x62C8,0x83CD,
0x62EA,0x4228,0x10E4,0x0905,0x10E5,0x52ED,0x1926,0x1105,0x1946,0x42AB,0x2A09,0x1966,0x1146,0x1146,0x1167,0x1167,
0x1187,0x21C7,0x29C7,0x31E7,0x8C70,0x8C71,0x5B0B,0x3A49,0x428A,0x3A28,0x4249,0x52EB,0x634C,0x73CE,0x7BEF,0x840F,
0x630C,0x6B4D,0x6B0B,0x2944,0x18C3,0x18C3,0x18C3,0x18C2,0x18E3,0x18C2,0x0861,0x0840,0x0840,0x0841,0x5AEB,0x9CF3,
0x630C,0x738E,0x8430,0x73AE,0x630C,0x31A6,0x31A6,0x4228,0x528A,0x4A49,0x39A7,0x31A6,0x4208,0x528A,0x3186,0x6B6D,
0xC638,0x5ACA,0x0840,0x0841,0x0840,0x0840,0x0840,0x0820,0x0840,0x0840,0x1061,0x9471,0xD6BA,0xA514,0x2103,0x0840,
0x0840,0x0840,0x0840,0x1061,0x2104,0x6B4D,0x5AAA,0x1081,0x0840,0x0840,0x0840,0x0840,0x10A2,0x5ACB,0xC5F8,0x9491,
0x2965,0x2124,0x4A49,0x39E7,0x20E3,0x0840,0x0840,0x1082,0x8C71,0x840F,0x1081,0x1081,0x5B0B,0xD69A,0xD69A,0xCE79,
0x4208,0x0800,0x0820,0x0840,0x18A2,0x4228,0x840F,0x7BCF,0x528A,0x2965,0xBDF8,0xCE79,0xD6DB,0xCE79,0xCE7A,0xDEFB,
0x4A49,0x18E3,0x4A49,0x5289,0x39C7,0x1081,0x0840,0x0840,0x0840,0x49A1,0xBC83,0xDD01,0xE562,0xED61,0xED61,0xED61,
0x1187,0x1187,0x1186,0x1186,0x1167,0x1147,0x1146,0x1146,0x0926,0x1944,0x9424,0x3289,0x09EC,0x09ED,0x01ED,0x020E,
0x020E,0x022E,0x020E,0x020D,0x020D,0x01EC,0x11EB,0x5B08,0x9C22,0x9C42,0x9C22,0x9C22,0x9C64,0x6348,0x0A0E,0x0A2E,
0x0A2E,0x022E,0x020F,0x022F,0x024F,0x32CB,0x9446,0xB4E2,0xBD42,0xC522,0xB4C1,0x9CC6,0x3B2D,0x0270,0x0270,0x0250,
0x0270,0x024F,0x0A70,0x0A91,0x0271,0x022F,0x0A4F,0x5349,0xB4E3,0xBCE2,0xACA2,0xA481,0xB503,0xACA2,0xA462,0x5B88,
0x0A4F,0x0A4F,0x024F,0x0A4F,0x020E,0x020E,0x022E,0x022E,0x022D,0x0A0F,0x32CB,0x8C45,0xACA2,0xACA3,0xA483,0xAC82,
0x8C05,0x2AAB,0x020E,0x020D,0x020E,0x022E,0x020E,0x020E,0x0A0C,0x32AA,0x8BE3,0x7325,0x1924,0x1125,0x1146,0x1946,
0x1967,0x1966,0x1926,0x2165,0x1926,0x1925,0x1925,0x1926,0x4229,0x634C,0x31C7,0x4208,0x4248,0x31C7,0x31E7,0x2186,
0x1946,0x31E8,0x2187,0x1126,0x1125,0x1105,0x1946,0x1105,0x0882,0x10E4,0x2145,0x2986,0x0882,0x08A3,0x00A3,0x08C4,
0x0904,0x1145,0x1146,0x1146,0x1146,0x0926,0x1146,0x2187,0x3A28,0x3A29,0x3208,0x1966,0x1125,0x1105,0x2166,0x2166,
0x1966,0x1986,0x2186,0x2186,0x2186,0x1925,0x29A6,0x31C6,0x39A5,0x3984,0x21A7,0x1987,0x3249,0x1167,0x29E8,0x73AD,
0x634C,0x2186,0x1987,0x29E8,0x21A7,0x21A6,0x0904,0x0904,0x1966,0x29A6,0x3186,0x39E6,0x4A27,0x5267,0x5A87,0x734B,
0x62C9,0x528A,0x2986,0x1946,0x1946,0x4ACC,0x1905,0x1126,0x1105,0x3A4A,0x21C7,0x1125,0x1126,0x1126,0x1146,0x1146,
0x1987,0x1987,0x1987,0x1986,0x4A8A,0x52EB,0x3A29,0x3A28,0x3A28,0x31E8,0x4A8A,0x5B0C,0x6B8D,0x73EF,0x738E,0x73AE,
0x5AEB,0x6B4C,0x6B6D,0x630B,0x5ACA,0x4249,0x4A49,0x4228,0x4208,0x4208,0x2965,0x1082,0x2104,0x738D,0x94B2,0x1081,
0x0840,0x0021,0x1061,0x4A48,0x7BEF,0xA514,0x73AE,0x528A,0x39E7,0x41E8,0x4A49,0x4A49,0x4A48,0x3186,0x632C,0xDEFB,
0xC618,0x0841,0x0840,0x1040,0x0840,0x0840,0x0840,0x0840,0x0841,0x0841,0x0020,0x73AE,0xD6BA,0x9491,0x1082,0x0840,
0x1061,0x3186,0x630B,0x4A28,0x8430,0x630C,0x0840,0x0840,0x0840,0x1041,0x0840,0x0840,0x0820,0x1082,0x8C71,0xCE79,
0xA534,0x2944,0x3165,0x4A69,0x4228,0x10A2,0x0820,0x0820,0x2103,0x738D,0x5289,0x0820,0x39C7,0xBDF7,0xD69A,0xCE59,
0x4208,0x0820,0x0820,0x0020,0x31A6,0xB595,0xD6BA,0xD6BA,0xDEDB,0x9CF3,0x9CD3,0xD69A,0xD6BB,0xB5B7,0xCE9A,0xDEFB,
0x6B4D,0xB5B6,0xEF5D,0xDEFB,0xCE38,0x3986,0x0840,0x0820,0x0820,0x49A1,0xC4A3,0xDD20,0xED80,0xED80,0xED80,0xED60,
0x1167,0x1167,0x1167,0x1186,0x1187,0x0967,0x1166,0x1146,0x0926,0x1944,0x9445,0x32AA,0x0A0D,0x0A0D,0x01ED,0x01ED,
0x022E,0x022E,0x022E,0x020E,0x020D,0x0A2E,0x120C,0x5B08,0x9C22,0x9C22,0x9C42,0x9422,0x9444,0x5B47,0x01ED,0x022E,
0x0A4F,0x022F,0x022F,0x022F,0x0250,0x228C,0x7BE6,0xBCE3,0xC522,0xC543,0xB4E1,0xAD07,0x540E,0x02B1,0x0271,0x0270,
0x0271,0x0A50,0x0250,0x0270,0x0270,0x022F,0x0A0D,0x6367,0xB4C3,0xB4E2,0xACA2,0xAC82,0xB4E2,0xB4E2,0xAC82,0x73C7,
0x0A4E,0x024F,0x022F,0x022F,0x022E,0x020E,0x022E,0x022E,0x020D,0x022D,0x42E9,0x8C44,0xA481,0xA462,0xAC63,0xAC82,
0x7BC6,0x226B,0x0A2E,0x022E,0x0A0E,0x022D,0x01ED,0x09ED,0x09EC,0x2A6A,0x83E2,0x5285,0x1105,0x1126,0x1946,0x1967,
0x1966,0x1946,0x1946,0x1105,0x10E5,0x2146,0x29C8,0x2987,0x31C7,0x632C,0x4228,0x4A69,0x4A69,0x3A08,0x31E8,0x2186,
0x1925,0x2146,0x29C7,0x1105,0x0905,0x0905,0x1126,0x08C4,0x10A3,0x2125,0x3186,0x2104,0x0882,0x10E4,0x08E4,0x1925,
0x08C4,0x08C3,0x1125,0x1146,0x1147,0x1147,0x0926,0x1126,0x2187,0x3A49,0x4249,0x3208,0x21A7,0x1125,0x1905,0x1925,
0x1925,0x1945,0x1945,0x1945,0x1965,0x1966,0x2186,0x39C6,0x3185,0x2965,0x2166,0x2187,0x73CD,0x29E8,0x3208,0x7BCD,
0x7BEE,0x3229,0x4289,0x4ACA,0x21A7,0x3209,0x1125,0x1945,0x21A7,0x29E7,0x3A28,0x4248,0x4A48,0x4A27,0x5247,0x62E9,
0x5288,0x4A69,0x3A09,0x422A,0x31E9,0x4AAB,0x1925,0x1125,0x08E4,0x3209,0x2A08,0x1966,0x1146,0x1125,0x1987,0x21A8,
0x1967,0x1167,0x1167,0x1967,0x1987,0x29C8,0x21A7,0x3208,0x2187,0x29E7,0x3A69,0x52CB,0x52EB,0x6BAE,0x636D,0x6B6D,
0x5B0B,0x6B4C,0x738D,0x734C,0x630B,0x4228,0x4A69,0x4207,0x4A49,0x528A,0x4249,0x4A49,0x94B2,0xA534,0x39C6,0x1061,
0x0840,0x0840,0x0840,0x0840,0x0820,0x2945,0x5AEB,0x8C71,0xB596,0x8C51,0x4228,0x3186,0x39C6,0x7BEF,0xDEFC,0xE71C,
0xDEDB,0x4207,0x1040,0x1040,0x0820,0x0840,0x1040,0x0840,0x0840,0x0840,0x0020,0x8410,0xE71C,0x6B6D,0x0820,0x0820,
0x20E3,0x7BCF,0xDEFB,0xB596,0x5289,0x18C2,0x0840,0x0840,0x1040,0x0820,0x0820,0x0840,0x0840,0x0840,0x2103,0xCE59,
0xDEDB,0x9471,0x18A2,0x4207,0x526A,0x4208,0x18C3,0x0820,0x0820,0x2924,0x6B4D,0x0820,0x20E3,0xAD55,0xCE9A,0xC618,
0x39C7,0x0840,0x0840,0x0841,0x39C7,0xB5B6,0xCE79,0xCE79,0xCE79,0xCE7A,0xC639,0xD69A,0xDEDB,0x94B2,0xCE59,0xD6BB,
0xD69A,0xDEDB,0xDEFC,0xDEFB,0xCE79,0x39A6,0x1040,0x0840,0x0820,0x51C1,0xCCE2,0xE560,0xEDC0,0xF5C0,0xF5C0,0xF5A0,
0x1167,0x1167,0x1187,0x1187,0x0967,0x1167,0x1167,0x1146,0x1125,0x1944,0x9465,0x32A9,0x0A0D,0x09ED,0x020D,0x01ED,
0x020E,0x020E,0x020E,0x020E,0x020E,0x0A0E,0x1A2C,0x5307,0x9402,0x9C42,0x9C42,0x9C42,0x9424,0x5B48,0x01CC,0x020E,
0x022F,0x0A2F,0x0A2F,0x022F,0x0230,0x228C,0x73A6,0xBCE3,0xBD42,0xC543,0xBCE2,0xA4E6,0x5C0D,0x0AD2,0x0290,0x0270,
0x0271,0x0251,0x022F,0x026F,0x0250,0x022F,0x01EC,0x7386,0xB4A3,0xB4C3,0xB4A2,0xAC82,0xB4A2,0xB502,0xAC82,0x73A7,
0x0A2D,0x024F,0x022F,0x022F,0x022F,0x022F,0x022F,0x022E,0x020D,0x020D,0x4B09,0x9444,0xA482,0xA462,0xA443,0xA482,
0x7386,0x1A4A,0x0A2E,0x022E,0x0A2E,0x020D,0x01CC,0x01CC,0x09EC,0x2A69,0x8BE3,0x4A84,0x1105,0x1146,0x1967,0x1966,
0x1946,0x1946,0x1105,0x1105,0x2186,0x31E8,0x3A09,0x29A7,0x29A7,0x4A8A,0x4A69,0x4A89,0x4A69,0x3A08,0x31C7,0x2166,
0x1925,0x1945,0x2166,0x1966,0x1146,0x1146,0x08C4,0x08A3,0x18E4,0x2945,0x2966,0x1082,0x10C4,0x1105,0x1146,0x1946,
0x10E4,0x1104,0x08E4,0x1126,0x1146,0x1167,0x1147,0x0926,0x1146,0x21A7,0x3208,0x4269,0x3229,0x29C7,0x1946,0x2166,
0x2166,0x1986,0x2186,0x21A6,0x29A6,0x29A6,0x2986,0x4A26,0x41E6,0x2985,0x1966,0x2187,0x73AD,0x4ACB,0x3208,0x7BAD,
0x7BCD,0x3228,0x6B6C,0x4ACA,0x21A7,0x426B,0x3209,0x3A29,0x428A,0x4ACB,0x4AAA,0x52EB,0x4248,0x4207,0x4A48,0x5AC8,
0x5A88,0x31A6,0x29C7,0x3A09,0x426A,0x428A,0x2186,0x21A7,0x08E4,0x29A7,0x29E8,0x1966,0x1966,0x1145,0x1967,0x1987,
0x1967,0x1147,0x1167,0x1967,0x1967,0x1987,0x1987,0x1966,0x1966,0x1966,0x29C7,0x3228,0x426A,0x52EB,0x52EB,0x634C,
0x4A8A,0x632C,0x738D,0x7BAE,0x736C,0x5AEB,0xA534,0xA534,0xA534,0xB596,0xB5B6,0xBDD7,0xC618,0x7BCF,0x3185,0x2103,
0x0840,0x0840,0x0840,0x0840,0x0820,0x0820,0x1081,0x2944,0x7BCE,0xA534,0xAD75,0xA514,0xAD75,0xDEDB,0xCE79,0xB5B6,
0xCE7A,0xB596,0x62EB,0x20E3,0x0840,0x0840,0x0860,0x0820,0x0840,0x0840,0x0841,0x94B2,0xEF5D,0x5269,0x0840,0x0840,
0x20E3,0x8410,0xCE99,0xAD75,0x5289,0x2924,0x2944,0x1061,0x0840,0x0840,0x0840,0x0820,0x0840,0x0861,0x0841,0x8431,
0xEF3D,0xCE59,0x4208,0x2124,0x4208,0x5269,0x39A6,0x0840,0x0820,0x1061,0x4208,0x1061,0x18A2,0xA4F3,0xCE7A,0xC5F8,
0x39A6,0x0840,0x0820,0x0020,0x39E7,0xB596,0xCE79,0xCE99,0xCE7A,0xCE79,0xCE7A,0xD69A,0xD69A,0x9492,0xD6DB,0xDEDB,
0xD6BB,0xDEDB,0xD6DB,0xC639,0xD69A,0x41E7,0x0820,0x0820,0x0820,0x51C1,0xCD02,0xE560,0xF5C0,0xF5E0,0xF5E0,0xF5A0,
0x1188,0x1187,0x1187,0x1187,0x0987,0x1167,0x0946,0x0926,0x0926,0x1965,0x9465,0x3268,0x0A0D,0x0A2E,0x022E,0x01EE,
0x020D,0x022E,0x022E,0x020E,0x020E,0x0A2E,0x1A4C,0x5B28,0x9422,0x9402,0x9C22,0x9402,0x9404,0x5B28,0x01CD,0x01ED,
0x01ED,0x01ED,0x01ED,0x01EE,0x020F,0x124C,0x5B47,0xACC3,0xBD02,0xC543,0xC543,0xA4A4,0x5B89,0x0AB0,0x0291,0x0271,
0x0A71,0x0270,0x024F,0x022E,0x0A4F,0x0A2F,0x09ED,0x83E4,0xAC82,0xAC82,0xACC2,0xAC83,0xAC82,0xACC3,0xACA2,0x83E5,
0x120C,0x022F,0x0A70,0x024F,0x024F,0x024F,0x024F,0x022F,0x020E,0x020D,0x5B08,0x9444,0xA482,0xA462,0xA422,0x9C42,
0x5B47,0x122B,0x022E,0x022E,0x0A2E,0x020D,0x01CC,0x01CC,0x09EC,0x328A,0x8C03,0x5AA4,0x1125,0x1126,0x1967,0x1946,
0x1125,0x08E4,0x1125,0x29C8,0x3209,0x3209,0x3208,0x2987,0x2146,0x2166,0x2966,0x2145,0x1904,0x1104,0x10E4,0x1104,
0x1965,0x1105,0x1125,0x29C8,0x2166,0x1946,0x0883,0x08C4,0x1905,0x2986,0x18E4,0x0062,0x10E4,0x1966,0x2166,0x1105,
0x1966,0x1945,0x1104,0x08E4,0x1105,0x1146,0x1147,0x1167,0x0926,0x1146,0x1986,0x3229,0x426A,0x3A29,0x29C6,0x2145,
0x1104,0x08C4,0x08E4,0x0904,0x10E5,0x08E4,0x08E4,0x4207,0x39E6,0x2144,0x1966,0x21A7,0x73AD,0x632D,0x3208,0x7BAC,
0x7B8C,0x31E8,0x738C,0x52CA,0x29C7,0x29C8,0x1147,0x1946,0x1966,0x426A,0x29A6,0x52CB,0x31A6,0x31E6,0x4A89,0x5A88,
0x62C9,0x2966,0x1946,0x1146,0x4AAB,0x4269,0x31C7,0x29C7,0x2166,0x1925,0x3209,0x1946,0x1125,0x1145,0x1146,0x1946,
0x1966,0x1987,0x1987,0x1987,0x1987,0x1967,0x1967,0x2187,0x1966,0x21A7,0x29C7,0x21A7,0x1965,0x2186,0x3208,0x3A49,
0x29C7,0x428A,0x6B6D,0x7BCE,0x7BEF,0x6B4C,0x8C71,0xCE79,0xD6BA,0xCE59,0xD69A,0xDEDB,0xCE79,0x8C71,0x3186,0x5289,
0x3165,0x1061,0x0840,0x0820,0x0820,0x0820,0x0840,0x1040,0x0820,0x0840,0x4207,0xD69A,0xD6BA,0x738E,0x1081,0x0841,
0x1081,0x62EB,0xAD75,0xB5B6,0x5ACA,0x2945,0x0840,0x0820,0x0840,0x0840,0x2124,0xBDD7,0xDEDB,0x2924,0x0820,0x0840,
0x0840,0x18C3,0x18C2,0x4208,0x8C71,0x3185,0x5ACA,0x4208,0x18C3,0x0820,0x1081,0x2924,0x4A48,0x4228,0x2124,0x9CD3,
0xEF5D,0xD69A,0xAD34,0x2124,0x2104,0x4A69,0x5269,0x3165,0x0820,0x0840,0x1061,0x1881,0x1061,0x9471,0xCE59,0xBDD7,
0x2945,0x0820,0x0820,0x0840,0x3186,0xA514,0xD69A,0xD69A,0xD6BA,0xD6BA,0xD69A,0xD6BA,0xBDF8,0x94B3,0xE73D,0xDF1C,
0xDEFB,0xDEDB,0xD69A,0xC659,0xD6BA,0x39C6,0x0840,0x1040,0x0820,0x51C1,0xD503,0xE560,0xF5C0,0xF5E0,0xF5E0,0xF5C0,
0x0967,0x1167,0x1187,0x1167,0x0967,0x0967,0x0967,0x0947,0x0926,0x1945,0x8C24,0x2A68,0x01EC,0x022E,0x022E,0x0A2E,
0x020D,0x020D,0x0A2E,0x020E,0x020E,0x020D,0x1A4D,0x6349,0x9C23,0x9C02,0x9422,0x93E1,0x8BE3,0x5B28,0x09ED,0x01ED,
0x01ED,0x01ED,0x09ED,0x01ED,0x020E,0x0A2C,0x42E9,0xA4C3,0xB4E2,0xBD22,0xBD22,0xB4C4,0x6BC7,0x0A6F,0x02B1,0x0270,
0x0250,0x0A91,0x0250,0x020E,0x0A2F,0x0A2F,0x11EC,0x9423,0xAC42,0xA442,0xAC62,0xAC62,0xA462,0xA482,0xAC82,0x9445,
0x1A0B,0x020F,0x022F,0x022F,0x022F,0x0A2F,0x0A2F,0x022F,0x0A2F,0x0A0D,0x5B26,0x9C43,0xA4A2,0xA482,0x9C22,0xA463,
0x5308,0x122C,0x01ED,0x01ED,0x0A0E,0x020C,0x01CC,0x01AB,0x01EC,0x2A89,0x83C3,0x6B04,0x1965,0x1146,0x1946,0x1105,
0x1125,0x2187,0x3209,0x2187,0x21A7,0x29E8,0x2166,0x2166,0x2166,0x2166,0x1926,0x1946,0x2187,0x2186,0x2186,0x21A6,
0x1125,0x10E4,0x1125,0x2186,0x1945,0x10C3,0x08C3,0x10E5,0x1125,0x10E4,0x08A3,0x08A3,0x2166,0x1946,0x1104,0x2145,
0x1945,0x1945,0x2145,0x2145,0x1925,0x0905,0x1146,0x1146,0x1167,0x0946,0x0926,0x1966,0x21C8,0x3A69,0x3A68,0x3A48,
0x3208,0x10E4,0x1105,0x1106,0x1126,0x1126,0x1146,0x31C6,0x2965,0x1924,0x2166,0x21A7,0x73CD,0x630C,0x31E8,0x738D,
0x6B6B,0x29A6,0x73AD,0x4AAA,0x29A8,0x21C8,0x1187,0x1987,0x29C8,0x4ACC,0x29C7,0x4ACB,0x31C7,0x3A07,0x5288,0x62A8,
0x6AC9,0x39C7,0x1946,0x1966,0x532C,0x3A08,0x4A8A,0x3208,0x2166,0x08C4,0x3229,0x08C4,0x1105,0x1125,0x1146,0x1966,
0x1967,0x2187,0x29E8,0x2A09,0x21C8,0x21A8,0x1987,0x1987,0x19A7,0x21A7,0x29E8,0x29C7,0x29C8,0x3208,0x3A4A,0x3229,
0x3249,0x3208,0x4AAA,0x73AE,0x7BEF,0x840F,0x632B,0x8430,0xD6BA,0xDEDB,0xD6BA,0xD69A,0xCE79,0xC618,0x5AEB,0x31A6,
0x4228,0x3165,0x0820,0x0840,0x1040,0x0840,0x0820,0x0820,0x0840,0x18C2,0x8C51,0xA4F4,0x4A49,0x1062,0x0840,0x0840,
0x0820,0x0840,0x10A2,0x39E7,0x9492,0xB596,0x8430,0x18A2,0x0820,0x0840,0x4228,0xD6BA,0xB596,0x1081,0x0840,0x0840,
0x0840,0x0840,0x0840,0x2123,0x528A,0x8410,0x2965,0x52AA,0x528A,0x41E8,0x4A49,0x62EC,0x31A6,0x2944,0x94B2,0x9491,
0x5ACB,0xB596,0xCE58,0x8C71,0x2965,0x31A6,0x5269,0x4A48,0x18C2,0x0820,0x0821,0x0820,0x0840,0x8C50,0xD6BB,0xB596,
0x2103,0x0841,0x0841,0x0841,0x18C3,0x738E,0xCE79,0xCE59,0xCE79,0xCE59,0xCE79,0xD69A,0xAD55,0x9CF3,0xE71C,0xDEFB,
0xE71C,0xDF1C,0xC618,0xCE59,0xCE79,0x39A6,0x0840,0x0820,0x1040,0x51C1,0xD503,0xED80,0xF5E0,0xF5E0,0xFDE0,0xF5C0,
0x0967,0x1187,0x1167,0x1167,0x0967,0x0968,0x0967,0x0947,0x0126,0x1945,0x8C24,0x3289,0x0A0C,0x020D,0x020E,0x0A4F,
0x020D,0x020D,0x022E,0x020E,0x0A0E,0x020D,0x1A4C,0x5B48,0x9C43,0x9402,0x9402,0x9402,0x8BE3,0x5B28,0x09ED,0x01EC,
0x01ED,0x01ED,0x0A0D,0x0A0E,0x020E,0x0A0D,0x3ACA,0xA4C4,0xB4E1,0xBD02,0xBD22,0xBCE4,0x7C06,0x126E,0x0AB1,0x0A91,
0x0250,0x0A70,0x024F,0x020E,0x0A2F,0x0A2F,0x1A0B,0x9C64,0xA442,0xA422,0xAC42,0xAC62,0xA462,0xA462,0xACA3,0xA464,
0x222A,0x01EE,0x020E,0x022F,0x022F,0x022F,0x0A2F,0x0A2F,0x022E,0x0A0D,0x6B46,0x9C63,0xA482,0xA482,0x9C22,0x9C23,
0x42C9,0x0A0C,0x01ED,0x01ED,0x01ED,0x01EC,0x01CC,0x01AB,0x01CC,0x2A89,0x83C3,0x7323,0x21A5,0x1146,0x1125,0x0905,
0x1986,0x21C7,0x29E8,0x2167,0x21A7,0x29C7,0x29A7,0x29C7,0x29A7,0x29C7,0x31E8,0x2186,0x3208,0x31E8,0x29E8,0x29C7,
0x1105,0x08E4,0x08C4,0x1966,0x1125,0x08A3,0x10E4,0x1105,0x1105,0x08C4,0x00A3,0x1905,0x1966,0x1925,0x1904,0x2145,
0x2165,0x2165,0x2166,0x2186,0x1925,0x00A3,0x1105,0x1146,0x1167,0x1146,0x0946,0x1126,0x1166,0x2A08,0x4AAA,0x4AAA,
0x4A8A,0x2966,0x10C4,0x1105,0x1125,0x1145,0x1125,0x31C6,0x2164,0x1944,0x2165,0x21A7,0x7BEE,0x52A9,0x31C7,0x73AD,
0x6B4B,0x2166,0x634C,0x4AAA,0x21A7,0x2187,0x1187,0x1987,0x29E8,0x4AAB,0x29C7,0x4AAB,0x31C7,0x4248,0x5AA8,0x62C7,
0x6AC8,0x4A07,0x2186,0x21A7,0x5B2C,0x31C7,0x4AAA,0x3A49,0x1925,0x08C4,0x3209,0x00A3,0x0905,0x1125,0x1946,0x1966,
0x21A7,0x21A7,0x29C8,0x2A08,0x29C8,0x21C7,0x21A7,0x19A7,0x19A7,0x19A8,0x29C8,0x29C7,0x29A7,0x31E8,0x428A,0x4ACB,
0x530C,0x428A,0x29E7,0x636D,0x73CE,0x7C0F,0x6B4D,0x630B,0xCE59,0xD6BA,0xCE79,0xCE7A,0xCE59,0xC639,0xA514,0x2124,
0x31A6,0x4A28,0x1081,0x0820,0x0840,0x0820,0x1040,0x0840,0x2103,0x6B4C,0xCE38,0x4A48,0x0861,0x0840,0x0840,0x0840,
0x0840,0x0840,0x0840,0x0840,0x3185,0x7BCF,0xC618,0x6B4D,0x2945,0x0841,0x5ACB,0xE73C,0x94B2,0x0840,0x0840,0x0840,
0x0840,0x0840,0x0820,0x2103,0x2965,0x9CF3,0x18E3,0x4A69,0x5AEB,0x5AEB,0x5AEC,0x52AA,0x2124,0x5AEB,0xBDF7,0x2965,
0x1061,0x6B4C,0xD6BA,0xC659,0x630C,0x18E3,0x4A48,0x4A48,0x3186,0x0840,0x0840,0x0820,0x0820,0x8410,0xD6DB,0xAD76,
0x20E3,0x1041,0x0841,0x0840,0x0841,0x39C7,0xBDD7,0xCE59,0xCE7A,0xCE7A,0xCE79,0xD69A,0x9CF3,0xA514,0xDEDB,0xD6DB,
0xE73C,0xE73C,0xC639,0xCE7A,0xC638,0x2944,0x0840,0x0820,0x0820,0x51C1,0xD503,0xED80,0xF5C0,0xF5E0,0xF5E0,0xF5C0,
0x0968,0x0967,0x1167,0x1187,0x0967,0x0968,0x0168,0x0147,0x0147,0x1965,0x8C24,0x32A9,0x0A2D,0x01EC,0x01ED,0x0A2E,
0x022E,0x020E,0x020E,0x020E,0x020E,0x020E,0x122C,0x5B28,0x9C43,0x9C22,0x9401,0x9C22,0x9423,0x5B27,0x09ED,0x020D,
0x020D,0x01ED,0x020D,0x020E,0x022E,0x020E,0x2AAB,0xA4C4,0xBCE1,0xBD02,0xBD43,0xBCE2,0x8C45,0x228E,0x0A70,0x0270,
0x024F,0x0A2E,0x022E,0x022E,0x020D,0x020D,0x328A,0xA4A3,0xAC82,0xAC82,0xAC62,0xAC62,0xAC81,0x9C21,0xA442,0xAC82,
0x3AAA,0x01ED,0x020E,0x020E,0x020E,0x01ED,0x020E,0x020E,0x0A0E,0x122C,0x7BA5,0x9C22,0x9C01,0x9C22,0x9C22,0x93E2,
0x3269,0x01ED,0x020D,0x01ED,0x09ED,0x01ED,0x09CC,0x09CB,0x01CB,0x2A69,0x8BE3,0x8383,0x3206,0x0925,0x1126,0x21C8,
0x21A7,0x1986,0x21A7,0x2187,0x21C8,0x29C8,0x1946,0x31E8,0x29A7,0x1965,0x1965,0x1945,0x2186,0x2186,0x2166,0x2187,
0x1925,0x08C3,0x08A3,0x1125,0x08C4,0x00A3,0x0905,0x0905,0x0926,0x1126,0x1126,0x1966,0x1125,0x1925,0x1945,0x1946,
0x1945,0x1125,0x1125,0x1105,0x0905,0x00A3,0x00A3,0x0905,0x1146,0x1166,0x1966,0x1146,0x0926,0x1146,0x3209,0x4AAB,
0x426A,0x42AA,0x428A,0x1105,0x08E4,0x08E4,0x0904,0x31E6,0x2164,0x2964,0x1945,0x29A6,0x83ED,0x8C2F,0x8C0E,0x8C4E,
0x73CD,0x52EB,0x5AEB,0x4AAA,0x4ACB,0x2186,0x1167,0x1166,0x2A09,0x3A4A,0x3208,0x52EB,0x31E7,0x4A68,0x62E9,0x6AC7,
0x6AE8,0x5247,0x2145,0x1966,0x532D,0x1966,0x2187,0x3A29,0x2186,0x0905,0x29C8,0x10E5,0x1105,0x1125,0x1946,0x2186,
0x3208,0x3208,0x29C7,0x3207,0x3A49,0x2A08,0x29E8,0x3A6A,0x29E8,0x19C8,0x21C8,0x3208,0x3A28,0x3A08,0x4ACB,0x52EB,
0x5B4D,0x7C30,0x52EB,0x29E7,0x4AEB,0x73AE,0x8430,0x73AE,0x8C71,0xD69A,0xCE59,0xC639,0xC618,0xC639,0xBDF8,0xAD75,
0x630C,0x2965,0x39C7,0x1061,0x0820,0x0840,0x18C3,0x5289,0xC618,0x8C71,0x2124,0x0840,0x0840,0x0840,0x0820,0x0840,
0x0840,0x0840,0x0840,0x0840,0x0840,0x0840,0x18A2,0x83EF,0xBDD7,0x9492,0x9CB3,0xEF9D,0x632C,0x0840,0x0860,0x0840,
0x0840,0x0840,0x0840,0x18E3,0x31A6,0x4208,0x8C50,0x3185,0x4208,0x39E7,0x2124,0x2124,0xC639,0xEF7D,0xA534,0x0840,
0x0840,0x0841,0x8C51,0xD6DB,0xCE79,0x39C7,0x18E3,0x4A48,0x4A28,0x31A6,0x0820,0x0840,0x0840,0x8C30,0xD69A,0xA514,
0x1081,0x0840,0x0820,0x0820,0x0020,0x0020,0x39E7,0xC638,0xCE39,0xD69A,0xD69A,0xD6BA,0x7BF0,0xC618,0xE73C,0xDEFB,
0xE73D,0xDEFB,0xC618,0xC638,0x7BCF,0x1061,0x0820,0x1020,0x0840,0x51C1,0xCD03,0xED80,0xF5C0,0xF5E0,0xFDE0,0xF5E0,
0x0987,0x0967,0x0987,0x0987,0x0987,0x0968,0x0968,0x0147,0x0127,0x1945,0x8404,0x2A89,0x0A2D,0x0A0D,0x01CC,0x0A0D,
0x0A2E,0x022E,0x020D,0x01ED,0x01ED,0x020D,0x122C,0x5B07,0x9C22,0x9C02,0x9401,0x9401,0x9404,0x5B27,0x01CC,0x022E,
0x020D,0x020D,0x020D,0x0A2E,0x022E,0x0A2E,0x228C,0x9C64,0xBCE2,0xB4C2,0xC543,0xBD02,0x9C85,0x2ACE,0x0A4F,0x024F,
0x022F,0x0A0E,0x0A0E,0x020D,0x020D,0x0A0C,0x4AE8,0xA4A3,0xACA2,0xACA2,0xB4A2,0xACA2,0xACC2,0xA482,0x9C41,0xA462,
0x5349,0x0A0C,0x020D,0x022E,0x022E,0x020E,0x022E,0x022E,0x0A2E,0x1A2C,0x7BA5,0x9BE2,0x9C02,0x9C01,0x9C22,0x8BC4,
0x222A,0x01CD,0x01EC,0x01CC,0x0A0D,0x01CC,0x01CC,0x09CC,0x01CB,0x2A69,0x8BE3,0x83C4,0x3A47,0x1967,0x21A8,0x21A8,
0x21A7,0x21A7,0x21A7,0x1125,0x1125,0x1105,0x1125,0x2166,0x1946,0x1925,0x31E7,0x2186,0x2986,0x1905,0x10E5,0x1925,
0x10E4,0x08A3,0x08C4,0x08E4,0x00A3,0x00E4,0x0905,0x0926,0x0926,0x1126,0x1126,0x1146,0x08E4,0x1946,0x1946,0x1105,
0x0925,0x0926,0x0926,0x0906,0x1106,0x0905,0x08E4,0x00C4,0x0905,0x1146,0x1146,0x1166,0x1166,0x1125,0x1946,0x21A7,
0x3249,0x3A49,0x3A69,0x424A,0x1904,0x08C4,0x1105,0x2985,0x2964,0x2144,0x1146,0x1966,0x4AAA,0x5AEB,0x6B4B,0x7B8C,
0x5B0A,0x4A89,0x52AA,0x5AEA,0x6B8D,0x636D,0x19A7,0x1145,0x29E8,0x3229,0x31E8,0x52EB,0x3A48,0x39E7,0x5AE9,0x62C8,
0x62E9,0x5AA8,0x1966,0x21C8,0x530C,0x1946,0x1987,0x29C8,0x2187,0x0904,0x21A7,0x1946,0x1105,0x1946,0x29C7,0x29E8,
0x3208,0x3A49,0x4289,0x4AAA,0x4ACB,0x4ACB,0x3A8A,0x324A,0x324A,0x3AAB,0x42CB,0x4AEB,0x5B2C,0x52EB,0x52EB,0x52CB,
0x638D,0x6B8D,0x7C0F,0x29E7,0x29C6,0x5B2C,0x7BEF,0x840F,0x73AE,0xD6BA,0xC639,0xC639,0xCE59,0xC639,0xC618,0xCE59,
0xBDD7,0x528A,0x2124,0x1082,0x0020,0x4208,0x9492,0xC638,0x5AEB,0x18E3,0x0861,0x0840,0x0840,0x0820,0x0820,0x0820,
0x0820,0x0840,0x0840,0x0840,0x0820,0x0820,0x1040,0x1082,0x39A6,0xA534,0xD69A,0xD6BA,0x4A49,0x0840,0x0860,0x0840,
0x0840,0x0840,0x0840,0x18A2,0x4208,0x2104,0xBDD6,0x7BEF,0x4228,0x39E7,0x630B,0xAD75,0x7BF0,0x6B4D,0xC638,0x4228,
0x0840,0x0840,0x4228,0xC638,0xDEDB,0x9CF3,0x2965,0x31A6,0x4A48,0x4207,0x10A2,0x0820,0x1061,0x94B2,0xCE79,0x8C71,
0x1061,0x1061,0x2103,0x3186,0x2965,0x1082,0x0841,0x738E,0xBDD7,0xCE59,0xD69A,0xCE79,0x630C,0xCE59,0xE71C,0xDEFC,
0xD69A,0xC618,0xD69A,0x9CD3,0x2104,0x0840,0x0820,0x0840,0x0840,0x5A01,0xD523,0xE560,0xF5C0,0xF5E0,0xF5E0,0xF5C0,
0x0987,0x0987,0x0987,0x0967,0x0967,0x0988,0x0967,0x0947,0x0127,0x1945,0x8404,0x3269,0x09EC,0x01ED,0x01ED,0x09ED,
0x020E,0x020D,0x022D,0x01ED,0x01CD,0x01EC,0x1A2B,0x5B27,0xA463,0xA443,0x9C02,0x8BC1,0x8BE3,0x5B27,0x01CC,0x0A0D,
0x0A0E,0x020D,0x0A0E,0x0A2F,0x0A2F,0x0A4E,0x1A6C,0x8C24,0xB4C2,0xB4C2,0xC543,0xBD22,0xA4A5,0x32ED,0x0290,0x024F,
0x022F,0x0A0E,0x020D,0x020D,0x01CE,0x0A0C,0x6366,0x9C42,0xA482,0xACA2,0xB4A3,0xACA3,0xACC2,0xACA2,0xA461,0xA462,
0x6BC8,0x120A,0x020D,0x022E,0x022F,0x022F,0x022E,0x022E,0x022E,0x226B,0x83C5,0x9C02,0x9C03,0x9C42,0xA442,0x83E5,
0x222A,0x01CD,0x01EC,0x01EC,0x01EC,0x01CC,0x01AB,0x01AC,0x01AB,0x2A69,0x83E2,0x7B64,0x3A48,0x21A8,0x21C9,0x21A8,
0x21C8,0x1966,0x10E5,0x08E4,0x08C4,0x08C4,0x08E4,0x08E4,0x08E4,0x08E4,0x2987,0x2986,0x2165,0x10C4,0x08A3,0x10E4,
0x08A4,0x00A3,0x08E4,0x00C4,0x00A3,0x08E4,0x0926,0x0925,0x0945,0x1146,0x1126,0x1126,0x00A3,0x08C4,0x10E5,0x0926,
0x0926,0x0946,0x0946,0x0926,0x1126,0x1146,0x1126,0x08E4,0x08E4,0x1125,0x1146,0x1166,0x1966,0x1166,0x1146,0x1966,
0x21C7,0x3A29,0x3A49,0x426A,0x426A,0x2146,0x1925,0x2125,0x1904,0x1904,0x1126,0x1126,0x1147,0x1947,0x31A7,0x4249,
0x5AC9,0x4247,0x3A07,0x4AA9,0x5B0B,0x740F,0x5B4D,0x21A7,0x29C7,0x31E9,0x21A7,0x426A,0x3A69,0x29A6,0x4268,0x5267,
0x62E9,0x5AE9,0x1146,0x21C8,0x52EB,0x2166,0x1987,0x1966,0x3A29,0x1925,0x2187,0x2166,0x1925,0x2166,0x3208,0x3228,
0x3208,0x3208,0x3A69,0x428A,0x4ACB,0x4B0C,0x3A6A,0x324A,0x3A6A,0x42CB,0x42AB,0x3A6A,0x3A69,0x426A,0x4ACB,0x4A8B,
0x52EB,0x6B8D,0x73EE,0x73EE,0x31E7,0x426A,0x73AE,0x7C0F,0x6B8D,0xCE59,0xCE7A,0xCE39,0xCE59,0xCE7A,0xC659,0xC639,
0xCE59,0xB5B6,0x2965,0x18C3,0x4229,0xB596,0xCE7A,0xE71C,0x31A6,0x2124,0x39E7,0x2103,0x0840,0x0820,0x0820,0x0840,
0x0820,0x0840,0x0841,0x1040,0x0820,0x1040,0x1020,0x1041,0x2944,0xB5B6,0xE73C,0xB5B6,0x39A6,0x0840,0x0820,0x0820,
0x0840,0x0820,0x0840,0x1082,0x39E7,0x31A6,0x8C51,0xC638,0xBDF7,0xBDD7,0xB596,0x738D,0x18E3,0x10A1,0x8430,0x9CD3,
0x10C2,0x0840,0x2103,0xAD55,0xD6DA,0xCE79,0x73AE,0x18E3,0x528A,0x4A68,0x2124,0x0820,0x1081,0x9CF3,0xC639,0x7BCF,
0x0820,0x39E7,0x9CD2,0xAD75,0xAD55,0x8430,0x2124,0x2945,0x8430,0xC638,0xD69A,0xCE59,0x4A69,0xD69A,0xE71C,0xDEFC,
0xBDD7,0xC639,0xDEDB,0x4207,0x0840,0x0840,0x1020,0x0820,0x0820,0x5A21,0xD523,0xE560,0xF5C0,0xF5C0,0xF5C0,0xFDE0,
0x0967,0x0987,0x0967,0x0987,0x0967,0x0968,0x0967,0x0947,0x0926,0x1945,0x8C24,0x2A68,0x01EC,0x01ED,0x01CC,0x01CC,
0x020D,0x020D,0x0A2E,0x01ED,0x01CD,0x01CC,0x120B,0x5B28,0xA483,0x9C42,0xA422,0x9C22,0x8BE3,0x5B07,0x01CC,0x09ED,
0x01ED,0x0A0D,0x0A0D,0x0A0E,0x020E,0x022F,0x1A4D,0x7BE5,0xACA2,0xB4C2,0xBCE2,0xB502,0xACE5,0x3B2B,0x0291,0x0A70,
0x0270,0x0A6F,0x022E,0x020E,0x0A0D,0x1A4C,0x7385,0xA422,0x9C22,0xA422,0xAC43,0xA442,0xA462,0xA482,0xAC83,0xA462,
0x8C25,0x32AA,0x01ED,0x0A0D,0x0A2E,0x022E,0x020E,0x020E,0x0A2F,0x32AA,0x9445,0xA442,0xA442,0xA483,0xA482,0x7BE5,
0x222A,0x09CD,0x01EC,0x01EC,0x01CC,0x01EC,0x01CC,0x09CC,0x01AB,0x2248,0x83A3,0x62E5,0x2A08,0x21E9,0x21C9,0x2188,
0x1125,0x08C4,0x08C4,0x08A3,0x00A3,0x00A3,0x08C4,0x08C3,0x08C3,0x08C3,0x08A3,0x10C4,0x1104,0x08A4,0x08A3,0x08A3,
0x08A3,0x08A3,0x08C4,0x08A4,0x08C4,0x1105,0x1125,0x0905,0x08E4,0x08E4,0x08E4,0x00A3,0x00A3,0x0083,0x0083,0x1146,
0x1146,0x1146,0x1126,0x10E5,0x1105,0x1126,0x1146,0x0925,0x08E4,0x00C4,0x08E4,0x1146,0x1146,0x1146,0x1146,0x1125,
0x1145,0x21A7,0x3209,0x3229,0x426A,0x5AEB,0x5AEC,0x3A08,0x1904,0x1904,0x1946,0x1946,0x1147,0x1146,0x1946,0x29A6,
0x4248,0x4268,0x3A49,0x4268,0x52A9,0x52CA,0x738E,0x7BEF,0x5AEB,0x29A7,0x1966,0x3A28,0x4249,0x29A7,0x3A08,0x4227,
0x5AA9,0x630B,0x1125,0x29E8,0x4A8A,0x29A6,0x29C7,0x31E8,0x4A69,0x31C7,0x29A7,0x1966,0x1125,0x2186,0x21A7,0x21A7,
0x1945,0x1146,0x1967,0x1967,0x1987,0x21A8,0x21C8,0x21C8,0x19A8,0x19A8,0x1167,0x1146,0x1167,0x1947,0x1967,0x21A7,
0x21A7,0x29C7,0x5B4D,0x8450,0x7C50,0x31C7,0x5AEB,0x73AE,0x73AE,0xC638,0xD69A,0xCE7A,0xCE79,0xCE59,0xCE7A,0xCE39,
0xBDF8,0xC638,0xC639,0xC618,0xCE7A,0xCE7A,0xCE79,0xD6BA,0xA534,0x528A,0x3186,0x528A,0x4228,0x20E3,0x0840,0x0820,
0x0820,0x1040,0x1020,0x0820,0x0840,0x0841,0x1061,0x7BCF,0xBDD7,0x9492,0xEF5D,0x8C50,0x2103,0x0840,0x0840,0x0840,
0x0820,0x0820,0x0820,0x10A2,0x39E7,0x5AAA,0x39C6,0xCE58,0xBDF7,0x3185,0x18C3,0x0841,0x0820,0x0840,0x1062,0xAD75,
0x840F,0x1081,0x0840,0x4A48,0xB596,0xD6BA,0xC638,0x4229,0x31A6,0x528A,0x41E7,0x0820,0x20E3,0xAD96,0xBDD7,0x5ACB,
0x0820,0x632C,0xD69A,0xC638,0xC638,0xCE59,0xBDF7,0x4A49,0x528A,0xBDF7,0xCE59,0xBDD7,0x3186,0xDEFB,0xE73D,0xD6DB,
0xDEDB,0xAD75,0x39C6,0x0840,0x0840,0x0860,0x1040,0x0840,0x0820,0x6241,0xD522,0xE540,0xF5C0,0xF5C0,0xF5C0,0xF5C0,
0x1167,0x1167,0x0967,0x0967,0x0967,0x0968,0x0967,0x0946,0x0926,0x1945,0x8C24,0x2A69,0x01EC,0x01ED,0x01CC,0x01CC,
0x01ED,0x020D,0x020D,0x01ED,0x01ED,0x01CC,0x120B,0x5307,0x9C22,0xA442,0x9C22,0x9C42,0x9404,0x5B27,0x01CC,0x01ED,
0x020D,0x09ED,0x09ED,0x020D,0x0A2E,0x1A2C,0x4B09,0x9C85,0xAC82,0xB4A2,0xB4E2,0xB4C2,0xB505,0x5349,0x0A71,0x0A70,
0x0A50,0x0A70,0x022E,0x01EE,0x0A0C,0x2A6A,0x83C4,0x9BE2,0x9BC2,0x9BC2,0x9C02,0x9C02,0x9C22,0xA462,0xACA3,0xAC82,
0x9C63,0x5B69,0x0A2E,0x09ED,0x0A0D,0x01EC,0x01EE,0x020E,0x020E,0x3AE9,0x9C63,0xA482,0x9C42,0x9C22,0x9C62,0x8403,
0x42A7,0x11EB,0x020D,0x01EC,0x01CC,0x020D,0x020C,0x01CC,0x01CB,0x2A29,0x7B83,0x4AA7,0x21E8,0x21C8,0x1967,0x1125,
0x1105,0x10E5,0x1105,0x10E4,0x1105,0x1105,0x1105,0x1125,0x1104,0x08E4,0x08A3,0x08A3,0x1925,0x10E4,0x0883,0x08A3,
0x08A3,0x08A3,0x08A3,0x08A3,0x08A3,0x08A4,0x0083,0x0083,0x0082,0x10C4,0x1105,0x08C3,0x08A3,0x0083,0x0063,0x10E4,
0x1105,0x08A3,0x00A3,0x0083,0x0883,0x1105,0x1946,0x1145,0x0925,0x08E4,0x08A3,0x1105,0x1125,0x1146,0x1146,0x1146,
0x1966,0x2187,0x21A7,0x29E8,0x426A,0x5ACB,0x630B,0x52AB,0x3A08,0x1924,0x1925,0x1925,0x1926,0x1946,0x1104,0x1124,
0x3207,0x31E7,0x3A69,0x636D,0x6B6C,0x5AEA,0x5AEB,0x736C,0x8C71,0x530C,0x4ACB,0x4229,0x4249,0x3209,0x426A,0x4227,
0x5A89,0x5ACA,0x1125,0x2A08,0x4249,0x2986,0x29A6,0x4208,0x4228,0x1925,0x2186,0x1946,0x1104,0x1145,0x1125,0x0905,
0x1146,0x1126,0x1146,0x1966,0x29E9,0x29E8,0x1986,0x1166,0x1146,0x1146,0x1146,0x1146,0x1146,0x1967,0x1987,0x1987,
0x19A7,0x21C7,0x29C7,0x636D,0x73CF,0x7C2F,0x3A07,0x632C,0x73AE,0xBDD6,0xD699,0xD69A,0xCE79,0xCE7A,0xC639,0xCE59,
0xBDD7,0xAD55,0xAD75,0xCE59,0xCE59,0xCE79,0xCE79,0xCE79,0xD6BA,0xC618,0x5AEB,0x3186,0x52AA,0x5269,0x20C3,0x0820,
0x0820,0x0840,0x0820,0x0840,0x0820,0x20E3,0x8C50,0xB596,0x630C,0x528A,0xF7BE,0x6B4C,0x1081,0x0840,0x0840,0x0820,
0x0840,0x0820,0x0840,0x18C3,0x4A69,0x5AEB,0x2124,0xA514,0xE73C,0x2104,0x18E3,0x18E3,0x0840,0x0840,0x0840,0x5ACB,
0xBDD6,0x39C6,0x0840,0x0861,0x73AE,0xCE79,0xC638,0xA514,0x18C3,0x39E7,0x4A49,0x0820,0x2924,0xB596,0xA514,0x3186,
0x0000,0x7BEF,0xCE79,0xC618,0xBDF7,0xBDF7,0xC638,0xC618,0xB596,0xCE59,0xCE79,0xAD55,0x2965,0xDEFB,0xE71C,0xDEFB,
0x8410,0x18E3,0x0820,0x0820,0x0820,0x0840,0x0840,0x0840,0x0820,0x6A61,0xDD22,0xE560,0xF5A0,0xF5C0,0xF5C0,0xF5A0,
0x1167,0x1167,0x0967,0x0987,0x0967,0x0967,0x0967,0x0947,0x0926,0x1945,0x8C24,0x2A68,0x09EC,0x01ED,0x01ED,0x01CC,
0x01ED,0x020D,0x020E,0x0A0E,0x01ED,0x01ED,0x120B,0x52E7,0x9C02,0x9C22,0x9C02,0x9C42,0x9424,0x5B47,0x01EC,0x020D,
0x01ED,0x01EC,0x01EC,0x01EC,0x19EB,0x5B48,0x8C45,0xB4A2,0xB4A2,0xB4A2,0xB4C2,0xAC82,0xB4C4,0x5B68,0x0A50,0x0A4F,
0x0250,0x0A4F,0x022E,0x020D,0x0A0D,0x3AA8,0x9403,0x9BE2,0x9BC1,0x93C1,0x9C22,0x9C22,0x9C23,0xA463,0xACA2,0xA4C2,
0xA483,0x6BC7,0x120D,0x01ED,0x0A0D,0x09ED,0x01ED,0x01ED,0x020E,0x42E8,0x9C43,0xA442,0x9C22,0x9402,0x9401,0x9402,
0x7384,0x5307,0x11EC,0x09CD,0x01CC,0x020D,0x01ED,0x01ED,0x01CB,0x2A49,0x7384,0x3A88,0x19A8,0x1187,0x1167,0x1947,
0x1966,0x1966,0x1946,0x1966,0x1945,0x1946,0x1925,0x1125,0x1125,0x10E4,0x10C3,0x10A3,0x1104,0x1104,0x08A3,0x08A3,
0x0883,0x0883,0x0883,0x0883,0x0883,0x0883,0x0063,0x0063,0x0082,0x10C4,0x10E4,0x08A3,0x08A3,0x0083,0x0083,0x10C4,
0x10E4,0x00A3,0x0883,0x08A3,0x0883,0x08C4,0x1105,0x1146,0x1145,0x08C4,0x0883,0x1926,0x1125,0x1946,0x1966,0x1987,
0x1966,0x1966,0x1966,0x21A7,0x4249,0x52AA,0x5B0B,0x426A,0x29C8,0x1925,0x31A8,0x1905,0x10E4,0x08E4,0x08A3,0x1105,
0x29A6,0x21A6,0x29E7,0x52CB,0x7BCE,0x632B,0x5AC9,0x5ACA,0x7BAD,0x840F,0x5AEC,0x5ACB,0x31E8,0x31E9,0x426A,0x4207,
0x5AA9,0x5ACA,0x1125,0x3209,0x3A29,0x2986,0x29A6,0x31C7,0x31C7,0x1105,0x21A7,0x1946,0x1146,0x1146,0x1146,0x1145,
0x1125,0x1966,0x2186,0x29E7,0x2A08,0x1986,0x1966,0x1146,0x1146,0x1966,0x1967,0x1967,0x1987,0x21A8,0x1966,0x1967,
0x21E8,0x2A08,0x29C7,0x426A,0x5B0C,0x6BCE,0x4A69,0x4A48,0x7BCE,0xA513,0xD699,0xD6DB,0xD6BA,0xCE9A,0xCE59,0xC638,
0xC618,0xBDF8,0xAD55,0xBDD7,0xC638,0xCE59,0xCE79,0xCE7A,0xCE7A,0xC638,0xAD76,0x52AA,0x2965,0x5289,0x41E7,0x1061,
0x0840,0x0820,0x1040,0x0840,0x3185,0x8C50,0xC617,0x4208,0x10A2,0x73AE,0xE73C,0x4A48,0x0820,0x0840,0x0840,0x0840,
0x0840,0x0840,0x0820,0x39C6,0x5ACB,0x5289,0x18C3,0x9CF3,0xEF5C,0x5AEB,0x2104,0x4A49,0x1081,0x0840,0x0820,0x2944,
0x9491,0x736D,0x0020,0x0020,0x39C7,0xD69A,0xC638,0xC618,0x4208,0x2124,0x4A49,0x0840,0x3165,0xB596,0x9492,0x18E3,
0x0000,0x9492,0xD69A,0xCE59,0xC638,0xCE59,0xBE17,0xCE59,0xCE79,0xC638,0xCE79,0x9CD3,0x2965,0xDEDB,0xD6BA,0xE71C,
0x5AEB,0x39E7,0x6B6D,0x8C71,0x8430,0x39C6,0x0840,0x0840,0x1040,0x7281,0xDD22,0xE540,0xF580,0xF5A0,0xF5A0,0xF5A0,
0x1167,0x1167,0x0967,0x0967,0x0167,0x0968,0x0167,0x0126,0x0926,0x1945,0x8C45,0x2A89,0x0A0D,0x01ED,0x01ED,0x09EC,
0x01ED,0x01ED,0x020D,0x020E,0x0A0E,0x020D,0x122C,0x5B28,0x9C22,0x9C22,0x9C02,0x9C22,0x9425,0x5B48,0x01CD,0x01ED,
0x01CD,0x01ED,0x09CC,0x1A0A,0x6386,0x9C23,0x9C22,0xAC62,0xACC2,0xB4E2,0xB4E2,0xB482,0xAC62,0x6B86,0x024F,0x026F,
0x026F,0x024F,0x022E,0x020D,0x1A4B,0x6367,0x9C43,0x9C02,0x9C02,0x93E1,0x9422,0x83C4,0x8C03,0x9402,0xA482,0xA4C3,
0x9C62,0x7BC4,0x222A,0x020D,0x09ED,0x09ED,0x01CC,0x020D,0x09ED,0x5307,0x9C02,0x9C02,0x93E2,0x8BC2,0x8BC2,0x93E1,
0x93C2,0x8BC2,0x6367,0x3289,0x09EC,0x01EC,0x01ED,0x01EC,0x09CC,0x2A29,0x6346,0x21E7,0x1188,0x19A8,0x2A09,0x2A09,
0x29E8,0x29E8,0x29E8,0x3209,0x21A7,0x21A7,0x1946,0x1125,0x1125,0x2166,0x1945,0x1105,0x10E4,0x1925,0x1925,0x08C3,
0x08A3,0x0882,0x0882,0x0883,0x08A3,0x0883,0x0063,0x0063,0x0883,0x08A4,0x10E4,0x08C4,0x08C3,0x08A3,0x08C4,0x10E4,
0x08E4,0x08C4,0x08C3,0x08C4,0x08C3,0x08C4,0x00C3,0x08C4,0x00A3,0x08A3,0x0063,0x10E4,0x1945,0x2166,0x2166,0x1966,
0x1146,0x1126,0x1145,0x1945,0x31E7,0x4269,0x5B2C,0x29C7,0x1105,0x1946,0x31E8,0x52AB,0x2967,0x10C4,0x08A3,0x08C4,
0x2166,0x2186,0x2186,0x29C7,0x4A8A,0x6B6D,0x52AA,0x52C9,0x5AC9,0x7BAE,0x83EF,0x7BCF,0x634C,0x29A6,0x3208,0x4A48,
0x5289,0x52AA,0x1125,0x31E8,0x3208,0x2187,0x2186,0x2166,0x1946,0x08E5,0x21A7,0x1105,0x1125,0x1105,0x1926,0x1946,
0x1986,0x21A6,0x29E8,0x31E8,0x21A7,0x1966,0x1946,0x1947,0x1967,0x1967,0x1987,0x21A7,0x21C8,0x1987,0x1987,0x21E8,
0x29E8,0x3229,0x3249,0x3A69,0x4AEA,0x5B2C,0x6B8E,0x7BF0,0xB595,0x8C2F,0xA4F2,0xCE58,0xD699,0xCE7A,0xCE59,0xCE7A,
0xC638,0xCE59,0xC639,0xC639,0xC618,0xCE59,0xCE79,0xD69A,0xCE59,0xCE59,0xD6BB,0xC659,0x9CD3,0x4208,0x39E7,0x18C2,
0x0820,0x0820,0x18C2,0x6B4D,0xBDF6,0x8430,0x2944,0x0841,0x10A2,0xAD75,0xC618,0x2124,0x0820,0x0820,0x0820,0x0840,
0x0840,0x0840,0x3165,0x4A49,0x3185,0x39C6,0x9CD3,0xC618,0xE73C,0xC638,0x5289,0x39C6,0x4207,0x10A2,0x0840,0x1061,
0x39C6,0xAD75,0x2944,0x0840,0x0861,0x8410,0xD6BA,0xCE59,0xAD55,0x39C6,0x3186,0x0840,0x41E7,0xC618,0x8430,0x1081,
0x0840,0xAD55,0xCE79,0xCE59,0xCE59,0xCE59,0xCE59,0xCE59,0xCE59,0xCE59,0xC638,0x7BEF,0x39E7,0xDEFB,0xD6BA,0xDEFB,
0xDEFC,0xE73C,0xEF7D,0xE73D,0xE73D,0xC638,0x18E3,0x0840,0x0820,0x82E1,0xDD01,0xE540,0xED60,0xED80,0xED80,0xED80,
0x1966,0x1187,0x0968,0x0968,0x0167,0x0967,0x0167,0x0146,0x0126,0x1945,0x9445,0x3289,0x09ED,0x01ED,0x01ED,0x09ED,
0x020D,0x01ED,0x01ED,0x020E,0x020E,0x022E,0x1A2C,0x5B28,0x9C23,0x9C02,0x9BE2,0x9402,0x9404,0x5B28,0x01CD,0x09EE,
0x0A0E,0x0A0E,0x2A2A,0x6347,0x9422,0x9C02,0x9C02,0x9C42,0xACA2,0xB4C2,0xB4A3,0xA482,0xA442,0x73A6,0x020D,0x024E,
0x026F,0x022F,0x020E,0x09ED,0x3AA9,0x8C46,0x9C42,0x9C21,0x9C22,0x9401,0x83E4,0x5306,0x7BE4,0x8BA2,0x9402,0xA442,
0x9C62,0x9423,0x3AA8,0x0A0D,0x020D,0x01ED,0x01CC,0x01ED,0x09CC,0x5B07,0x93C2,0x9402,0x9402,0x93E1,0x8BA1,0x8BC1,
0x9C03,0x9C22,0x9422,0x7BC6,0x2A29,0x01CC,0x09EC,0x01EC,0x09AB,0x2229,0x5B27,0x1987,0x1188,0x19A8,0x21E9,0x2A09,
0x42AB,0x42AB,0x42AB,0x3229,0x1966,0x1946,0x2187,0x1966,0x1105,0x2186,0x1924,0x1125,0x1946,0x1945,0x1945,0x1104,
0x08A3,0x0883,0x0883,0x0883,0x08A3,0x08A3,0x0083,0x0883,0x08C4,0x08C4,0x08C4,0x08C4,0x10E5,0x0905,0x0904,0x08E4,
0x08E4,0x08C4,0x08C4,0x08E4,0x08E4,0x08C4,0x08C4,0x08A3,0x08C3,0x08A3,0x0883,0x08A3,0x08C3,0x1966,0x1125,0x1125,
0x1946,0x1126,0x1125,0x1945,0x1966,0x2A08,0x42AA,0x530C,0x3A09,0x1965,0x2145,0x4229,0x52AB,0x2966,0x2145,0x1904,
0x2186,0x1965,0x2186,0x29A7,0x39C8,0x5ACB,0x4A49,0x5AEA,0x5ACA,0x62EB,0x6B4C,0x83EE,0x7BCE,0x5B0B,0x4A68,0x4A68,
0x5289,0x52AA,0x1145,0x2A08,0x3208,0x1945,0x1945,0x1125,0x1105,0x08E4,0x21A7,0x00E4,0x08E5,0x0905,0x1946,0x29A7,
0x31E7,0x3A28,0x29A7,0x1966,0x1146,0x1126,0x1146,0x1967,0x1967,0x1987,0x21C8,0x21E8,0x21C8,0x19A7,0x2209,0x2A08,
0x3228,0x3A69,0x3AAA,0x532B,0x5B8D,0x634D,0x73EF,0xAD75,0xAD55,0x9CB1,0x8C6F,0xAD74,0xD6DA,0xCE9A,0xC639,0xCE59,
0xCE59,0xCE79,0xCE59,0xC638,0xC638,0xC639,0xC638,0xC618,0xCE79,0xD69A,0xD69A,0xD6BB,0xD6BB,0xAD55,0x3186,0x10A2,
0x0840,0x4A48,0xA534,0xBDD6,0x39E7,0x10A2,0x1061,0x0820,0x2924,0xCE59,0xA514,0x1082,0x0820,0x0820,0x0820,0x0840,
0x0840,0x18C2,0x39A6,0x2944,0x630B,0xA534,0x4A28,0x31A6,0x8C30,0xE73C,0x9471,0x18C2,0x52CA,0x39C6,0x0840,0x0840,
0x1081,0x8C71,0x7BCE,0x0841,0x0821,0x39E8,0xBDD7,0xDEDB,0xDEDA,0x9491,0x18C3,0x1061,0x5AAA,0xDEDB,0x630C,0x0820,
0x10A2,0xBDD6,0xCE79,0xC618,0xCE59,0xCE59,0xCE59,0xCE79,0xCE79,0xCE79,0xC618,0x630C,0x52AA,0xE71C,0xE71C,0xE73C,
0xDEDB,0xEF5D,0xDEFC,0xD6BA,0xCE7A,0xC638,0x10A2,0x0840,0x1020,0x9341,0xD4E0,0xE520,0xED60,0xED60,0xED60,0xED60,
0x1967,0x1187,0x0987,0x0988,0x0167,0x0967,0x0167,0x0146,0x0126,0x1945,0x8C25,0x2A69,0x0A0D,0x020D,0x020D,0x01ED,
0x020E,0x020D,0x01ED,0x020D,0x020E,0x020D,0x1A2C,0x5B48,0x9C23,0x93C2,0x93C2,0x9422,0x8BE4,0x5B08,0x09ED,0x01ED,
0x020E,0x09ED,0x5B07,0x8BE4,0x9C02,0x93E1,0x93E1,0x93E2,0xA442,0xB482,0xB4A3,0xACC4,0xA484,0x73A8,0x01EC,0x022E,
0x022E,0x022E,0x020E,0x09CD,0x5327,0x9464,0x9C42,0x9C21,0x9C22,0x9C02,0x73A6,0x3268,0x73C6,0x8BC2,0x93C2,0x9BE2,
0xA462,0x9C22,0x5326,0x01ED,0x020D,0x020D,0x01ED,0x020D,0x09CC,0x5308,0x93E3,0x9C23,0x9C43,0x9C42,0x9402,0x9401,
0x9C02,0xA463,0xA442,0x9C43,0x5B27,0x09CB,0x01CC,0x01CC,0x01AB,0x2229,0x4AA6,0x1167,0x1167,0x1167,0x1187,0x1987,
0x21C8,0x21A7,0x21A7,0x2187,0x1966,0x2187,0x1105,0x1105,0x08E4,0x1945,0x1925,0x1925,0x1946,0x1945,0x1945,0x1104,
0x10C4,0x08A3,0x08A3,0x08A3,0x08A3,0x0883,0x0083,0x08A3,0x08C4,0x08C4,0x08C4,0x08C4,0x10E4,0x08E4,0x08E5,0x1125,
0x08E4,0x08E4,0x08E4,0x08E4,0x08C4,0x08C4,0x08C4,0x08C3,0x10C4,0x08A3,0x0883,0x08A3,0x08A3,0x08C4,0x1925,0x1125,
0x1125,0x1126,0x1125,0x1125,0x1125,0x1165,0x2A08,0x4ACB,0x4ACB,0x3228,0x29C7,0x4A8A,0x632C,0x4229,0x29A7,0x29A7,
0x2186,0x1945,0x1945,0x2986,0x39E8,0x39E8,0x3A08,0x4A89,0x52A9,0x5ACA,0x5AEA,0x7BCD,0x73AD,0x6B8D,0x6B6C,0x4A48,
0x52A9,0x52A9,0x1166,0x29E7,0x31E7,0x1104,0x1105,0x1125,0x1105,0x0904,0x1986,0x08E4,0x0904,0x1125,0x1945,0x2987,
0x31E7,0x3208,0x1986,0x1946,0x1946,0x1146,0x1986,0x1986,0x1986,0x21C7,0x19A7,0x19A7,0x19A7,0x2208,0x2A29,0x2A49,
0x3248,0x2A08,0x3269,0x3269,0x3A49,0x4AAB,0x5B2C,0x7C10,0xAD54,0xA513,0x7BCE,0xAD95,0xCE9A,0xCE79,0xC639,0xCE7A,
0xCE7A,0xCE79,0xC618,0xC618,0xC638,0xC639,0xC638,0xC618,0xCE59,0xCE79,0xD69A,0xDEDB,0xD69A,0xD6BA,0x94B2,0x4A49,
0x6B6D,0xB595,0x94B2,0x4A28,0x0840,0x0840,0x0860,0x0840,0x39C7,0xD6BA,0x840F,0x0840,0x0840,0x0840,0x0840,0x1061,
0x1061,0x18A2,0x41E7,0x9491,0x840F,0x4A49,0x0861,0x0841,0x2944,0xEF5C,0xBDD7,0x2104,0x52AA,0x4A49,0x1081,0x0820,
0x0840,0x4228,0xA534,0x18E3,0x0840,0x20E3,0x83F0,0xDEDB,0xDEFB,0xC638,0x4207,0x18C2,0x738E,0xDEFB,0x4A49,0x0820,
0x2103,0xBDF7,0xCE59,0xC618,0xBDF7,0xCE59,0xCE59,0xCE59,0xCE79,0xD69A,0xBDD7,0x52AA,0x7BCF,0xD6BA,0xDEDB,0xEF5D,
0xDEFB,0xDF1C,0xE73D,0xCE9A,0xC639,0xAD95,0x0840,0x0820,0x1040,0xA3C2,0xD4C0,0xE520,0xED60,0xED60,0xED40,0xED60,
0x1167,0x1167,0x0967,0x0967,0x0167,0x0167,0x0167,0x0146,0x0126,0x1945,0x8C24,0x2A69,0x09ED,0x0A0E,0x0A0E,0x01ED,
0x020E,0x020D,0x0A0D,0x01CD,0x01ED,0x09ED,0x1A0B,0x6348,0x9C63,0x8BE1,0x8BA2,0x9402,0x8BC3,0x5307,0x01CC,0x01EC,
0x01CC,0x2A2A,0x9404,0x9BE2,0x9C01,0x9C02,0x93E2,0x9BC1,0x8C03,0x8405,0x6BA9,0x4B4A,0x42EA,0x328B,0x01EC,0x01CC,
0x01ED,0x022D,0x020D,0x09CB,0x83C5,0x9C22,0x9402,0x9C21,0x9C42,0x9C02,0x5328,0x11EB,0x5308,0x9C22,0x93C1,0x93C1,
0x93E1,0x9C22,0x83C5,0x11EC,0x01ED,0x020E,0x020D,0x01ED,0x0A0C,0x226B,0x3268,0x3A67,0x5AE6,0x7BA5,0x9423,0x9C22,
0x9C22,0x9C22,0x9C42,0x9C42,0x8C04,0x2229,0x09CC,0x01AC,0x01CB,0x1A09,0x3246,0x0926,0x0947,0x1167,0x1147,0x1167,
0x1947,0x2187,0x21A8,0x1146,0x1146,0x1946,0x1926,0x1105,0x10E4,0x08C4,0x08C4,0x08E4,0x08E5,0x08E4,0x1125,0x1904,
0x10E3,0x10C4,0x10C3,0x10C4,0x10E4,0x10E3,0x08C3,0x08A3,0x08C4,0x00A3,0x08A4,0x08C4,0x08C4,0x10E4,0x1105,0x1105,
0x0905,0x1105,0x10E5,0x10E5,0x1105,0x1105,0x1105,0x10E4,0x10E4,0x08A3,0x0883,0x08A3,0x08A4,0x08A3,0x10E4,0x1905,
0x1905,0x1105,0x1125,0x1125,0x0905,0x0904,0x1146,0x29E8,0x3A8A,0x3A49,0x19A7,0x21E8,0x3A6A,0x3A08,0x2166,0x1925,
0x29C7,0x29A6,0x29A6,0x31C6,0x29A6,0x2165,0x31C7,0x3A07,0x4248,0x52A8,0x5ACA,0x5AEA,0x52A9,0x634D,0x7BEF,0x52AA,
0x4A69,0x4A68,0x2186,0x3208,0x29E7,0x1125,0x1125,0x1125,0x0905,0x1125,0x1125,0x0904,0x1105,0x1946,0x29A7,0x29C8,
0x2187,0x21A7,0x1966,0x1146,0x1966,0x1987,0x29C7,0x21A8,0x29E8,0x2A08,0x21C8,0x2A09,0x2A29,0x2A08,0x21C8,0x21E8,
0x21C7,0x1166,0x1187,0x1167,0x1167,0x19A7,0x4AAB,0x632D,0x9CF3,0x9471,0x9CB2,0xC658,0xCE79,0xD69A,0xC618,0xCE7A,
0xC638,0xD69A,0xBDF8,0xCE59,0xCE59,0xCE59,0xCE59,0xCE59,0xCE59,0xCE59,0xC639,0xD69A,0xD6BA,0xD6BA,0xDEDB,0xDEFB,
0xCE59,0x5269,0x1061,0x0840,0x0840,0x0840,0x0820,0x0861,0x5AEB,0xEF7E,0x5289,0x0820,0x0840,0x39E7,0x9CF3,0x630C,
0x4A69,0x6B6D,0x8C50,0x39C6,0x1081,0x0820,0x0820,0x0840,0x0020,0x9CF3,0xD6BA,0x632C,0x31A6,0x52AA,0x2125,0x0840,
0x0840,0x1061,0x9471,0x5ACB,0x1061,0x0820,0x39C6,0xC618,0xDEBB,0xDEFC,0xA535,0x39C7,0xA534,0xE73C,0x2924,0x0840,
0x2103,0xC638,0xD6BA,0xD6BA,0xC638,0xCE59,0xCE59,0xC638,0xC638,0xCE79,0x9CD2,0x39C7,0xA514,0xDEDB,0xDEDB,0xE71C,
0xEF5D,0xE73D,0xE73C,0xBDF8,0xC639,0x8C71,0x0820,0x0841,0x2080,0xB423,0xD4C0,0xE500,0xE520,0xED40,0xED40,0xED40,
0x1167,0x0967,0x0967,0x0967,0x0167,0x0147,0x0167,0x0147,0x0126,0x1945,0x8C25,0x2A69,0x0A0C,0x020D,0x0A0D,0x01ED,
0x020E,0x020D,0x09ED,0x0A0D,0x020D,0x01ED,0x120B,0x5B47,0x9C83,0x9422,0x93C2,0x93E2,0x8BA3,0x4AE7,0x020D,0x01ED,
0x09CB,0x4B06,0x9C42,0x9C22,0x9C42,0x9C22,0x9C02,0x9403,0x5B07,0x2A49,0x09EC,0x020E,0x020E,0x022F,0x01EC,0x01CB,
0x01ED,0x0A0D,0x01CC,0x19E9,0x9404,0x93E2,0x93E3,0x9422,0x9C22,0x9403,0x3269,0x09CD,0x2A4A,0x9423,0x9C41,0x9401,
0x8BA0,0x93E2,0x93E4,0x2249,0x01EC,0x01EC,0x020D,0x0A0D,0x020E,0x020D,0x020D,0x01ED,0x09EB,0x1A09,0x52E8,0x9403,
0x9C02,0x9C43,0x9C42,0xA443,0x9C02,0x42E6,0x09EB,0x01CD,0x01CB,0x11E9,0x21E6,0x0946,0x1167,0x1187,0x2A2A,0x324A,
0x2A09,0x1987,0x1125,0x1125,0x1945,0x1945,0x1946,0x29A7,0x29A7,0x29A7,0x1104,0x08A3,0x00A3,0x08C4,0x1105,0x21A7,
0x3A29,0x3A29,0x29C7,0x428A,0x4AAB,0x426A,0x2166,0x2145,0x2186,0x1926,0x1905,0x10C4,0x08C4,0x1904,0x2145,0x31C7,
0x29A7,0x1105,0x08A3,0x08A3,0x08C4,0x08E4,0x08E5,0x1105,0x08E5,0x08C4,0x08A4,0x0883,0x08A3,0x0883,0x08A4,0x08A3,
0x1926,0x1925,0x1105,0x1105,0x1105,0x08E4,0x08E4,0x1125,0x1146,0x3A6A,0x3208,0x2186,0x2186,0x31E7,0x31C6,0x2186,
0x1925,0x1924,0x2145,0x2986,0x2165,0x1925,0x29A6,0x3A28,0x31E7,0x4A68,0x52CA,0x4A69,0x52AA,0x4AAA,0x4249,0x52CB,
0x4A89,0x4227,0x3A29,0x5B2D,0x3A48,0x1145,0x1105,0x1105,0x08E4,0x1146,0x0905,0x08E4,0x10E4,0x1125,0x1966,0x2187,
0x2187,0x1946,0x1966,0x1966,0x2187,0x29A7,0x3A49,0x29C8,0x3208,0x3A49,0x3249,0x3229,0x21E8,0x1166,0x1966,0x21A7,
0x3249,0x21C6,0x1966,0x1166,0x1987,0x2A2A,0x29A7,0x39E7,0x738D,0x5ACA,0x9CB2,0xC5F7,0xCE59,0xC639,0xCE59,0xC639,
0xC618,0xCE79,0xBDF7,0xCE59,0xC638,0xCE59,0xC639,0xBDF8,0xD6BA,0xD69A,0xCE59,0xD69A,0xCE7A,0xD6BA,0xD69A,0xAD75,
0xCE58,0x6B4C,0x1061,0x0840,0x0820,0x0820,0x0820,0x2103,0x8430,0xEF5D,0x2944,0x0820,0x0820,0x62EB,0xD6BA,0xCE79,
0x8410,0x4228,0x18C3,0x0820,0x0820,0x0820,0x0820,0x0820,0x0820,0x4228,0xBDF7,0xBDF7,0x10A3,0x4228,0x4A69,0x0020,
0x0840,0x0840,0x528A,0xA534,0x39A6,0x0840,0x18A2,0x94B2,0xD6BB,0xDEFC,0xD6BB,0x7BEF,0xCE58,0xCE58,0x1061,0x0820,
0x1061,0xBDF7,0xDEDA,0xDEFB,0xD6BA,0xCE59,0xCE79,0xCE59,0xCE59,0xCE59,0x5AEB,0x3186,0xBDF7,0xDEFB,0xDEFC,0xE71C,
0xE73C,0xE73C,0xCE9A,0xBE18,0xD69A,0x73AE,0x0820,0x0821,0x3101,0xC483,0xDCC0,0xE4E0,0xE500,0xE520,0xE520,0xED20,
0x1167,0x0967,0x0967,0x0167,0x0167,0x0167,0x0167,0x0147,0x0126,0x1945,0x8C45,0x2A88,0x01EC,0x01ED,0x020D,0x01EC,
0x020D,0x01ED,0x020D,0x0A0D,0x0A0E,0x022E,0x120B,0x5B27,0x9C83,0x9C42,0x93E1,0x9BE2,0x8BC3,0x52E6,0x09EB,0x09CB,
0x19E9,0x6B85,0x9C41,0x9C22,0x9422,0x9C22,0x9C43,0x7BC6,0x2A0A,0x11CC,0x01CC,0x020D,0x020E,0x020E,0x01EC,0x01EC,
0x01EC,0x01ED,0x09EC,0x42A9,0x9C22,0x9422,0x93E3,0x9422,0x9C22,0x83C5,0x1A0A,0x09ED,0x120B,0x7BA4,0x9C42,0x9C22,
0x8BC1,0x93E2,0x9C02,0x4AE7,0x09EC,0x01CC,0x01ED,0x0A0E,0x022E,0x020D,0x01ED,0x09ED,0x020D,0x01EC,0x1A0A,0x7BA6,
0x93E1,0x9C22,0x9C42,0xA442,0x9C02,0x6366,0x1A29,0x09CC,0x09AB,0x1189,0x11A7,0x11A8,0x2209,0x2A2A,0x21A8,0x1987,
0x2187,0x1987,0x21A7,0x3A29,0x3209,0x3208,0x3A49,0x428A,0x428A,0x426A,0x31C8,0x2987,0x1966,0x3208,0x3229,0x428B,
0x428A,0x4AAB,0x428B,0x428B,0x424A,0x426A,0x4AAB,0x52EC,0x530C,0x4AAB,0x426A,0x424A,0x3A49,0x3A49,0x3A08,0x4249,
0x428A,0x428A,0x3A49,0x2987,0x1925,0x08C4,0x08C4,0x0904,0x0905,0x08E4,0x08A4,0x0883,0x08A3,0x08A3,0x08A3,0x08A3,
0x10C4,0x1926,0x1945,0x1925,0x10E4,0x1925,0x3209,0x1126,0x08E5,0x1967,0x4289,0x31E7,0x2186,0x2186,0x2986,0x29A5,
0x2186,0x1925,0x10C3,0x10E3,0x1104,0x1925,0x2186,0x29C7,0x31C7,0x4269,0x4248,0x4248,0x4289,0x31E7,0x3A28,0x4249,
0x4228,0x5AEA,0x3208,0x4ACB,0x530C,0x1125,0x1105,0x10E5,0x08E4,0x1125,0x10E4,0x10C4,0x08E4,0x10E4,0x1945,0x1946,
0x1966,0x1946,0x1946,0x1946,0x29C8,0x21A7,0x3208,0x29C8,0x3A29,0x3A69,0x3208,0x1986,0x1986,0x21C8,0x42CB,0x42AA,
0x3228,0x3A69,0x3269,0x3269,0x428A,0x532C,0x636D,0x5AEB,0x4A48,0x2924,0x7BAE,0xB5B6,0xC638,0xC618,0xCE59,0xCE59,
0xC639,0xCE79,0xBDD7,0xC638,0xCE59,0xCE59,0xCE7A,0xC618,0xCE7A,0xD69A,0xD69A,0xD6BA,0xD6BA,0xD69A,0xC638,0x5ACA,
0x7BCF,0xBDD6,0x5ACA,0x0841,0x0840,0x0820,0x0840,0x39C7,0xA535,0xD6DB,0x18A2,0x0820,0x0820,0x5ACB,0xC618,0xCE59,
0x4228,0x10A2,0x0841,0x0820,0x0820,0x0820,0x0820,0x0820,0x0840,0x2944,0x94B2,0xE71C,0x18E3,0x2966,0x5289,0x10A2,
0x0840,0x0840,0x3145,0xBDB6,0x62EB,0x0820,0x0840,0x7BCE,0xDEBB,0xDEDB,0xE71C,0xBDD7,0xD69A,0xA4F3,0x0840,0x0820,
0x0840,0xAD54,0xDEFB,0xD6BA,0xDEDB,0xDEDB,0xCE79,0xCE7A,0xCE7A,0xD6BA,0x31A6,0x31A6,0xCE79,0xDEDB,0xD6BB,0xDEFB,
0xDEFC,0xE73C,0xC639,0xBDF7,0xDEDB,0x632C,0x0840,0x0821,0x4181,0xCCA2,0xDCC0,0xE4E0,0xE500,0xE500,0xE500,0xE520,
0x0967,0x0967,0x0167,0x0167,0x0167,0x0168,0x0168,0x0167,0x0147,0x1965,0x8C45,0x3289,0x01EC,0x01ED,0x020D,0x0A0D,
0x0A0D,0x01ED,0x01ED,0x01ED,0x0A2E,0x022E,0x120B,0x5307,0x9C63,0x9C82,0x9C62,0x9421,0x93E2,0x8383,0x6B65,0x7385,
0x7BA5,0x93E3,0x9BC2,0x93E1,0x9C02,0x9C21,0x9403,0x3289,0x09ED,0x01EC,0x01CC,0x01CC,0x01CD,0x01CD,0x0A0D,0x020C,
0x020D,0x01ED,0x220A,0x7BA6,0x9421,0x9C42,0x93E2,0x9C01,0x9BE2,0x5307,0x01CC,0x01EC,0x01EC,0x4AE8,0x9424,0x9C42,
0x9422,0x9C42,0x9C22,0x7BC5,0x1A6B,0x0A0D,0x01CC,0x01ED,0x020D,0x0A0E,0x09ED,0x09CC,0x01AB,0x01AB,0x01CD,0x3269,
0x83C4,0x9401,0x9BE1,0x9C02,0x93E2,0x8BA2,0x6B24,0x5AC4,0x4266,0x21C7,0x19A8,0x2A0A,0x19A8,0x1987,0x2A09,0x3229,
0x2A08,0x29E8,0x3209,0x3A29,0x52EC,0x4AEC,0x428B,0x4AAB,0x4ACB,0x4249,0x52AB,0x426A,0x426A,0x3A6A,0x4ACB,0x530C,
0x530C,0x42CB,0x4ACC,0x4AEC,0x4AEC,0x4ACC,0x42AB,0x530D,0x4AEC,0x42AA,0x426A,0x4A8A,0x3A49,0x3209,0x426A,0x4AAA,
0x4269,0x52CB,0x5B0C,0x52EC,0x632D,0x4A8A,0x31A7,0x1925,0x1104,0x1104,0x08C3,0x08A3,0x08A3,0x08A3,0x08A3,0x08A3,
0x08C4,0x08C4,0x10E4,0x1904,0x10E4,0x2146,0x1105,0x2188,0x1126,0x0905,0x1146,0x29E8,0x21A6,0x1146,0x1145,0x29A6,
0x2166,0x2166,0x1945,0x1104,0x1104,0x2166,0x2146,0x2166,0x29A7,0x3A49,0x3A29,0x3208,0x1946,0x29E8,0x2987,0x2987,
0x4229,0x4A49,0x1925,0x29C7,0x5B2C,0x1945,0x08E4,0x08E4,0x08E4,0x1105,0x10E4,0x10C4,0x10C4,0x08E4,0x1105,0x1125,
0x1145,0x1966,0x1966,0x2187,0x3209,0x31E8,0x29C8,0x29E8,0x29E8,0x29C8,0x1965,0x1966,0x1966,0x29C7,0x4289,0x530C,
0x3A8A,0x19C7,0x11A7,0x2208,0x3249,0x5B4C,0x73EF,0x8C71,0x6B4D,0x4A48,0x8C50,0xBDD7,0xC618,0xC618,0xC639,0xCE59,
0xBDF7,0xC639,0xC638,0xCE59,0xCE59,0xCE7A,0xCE59,0xCE7A,0xCE7A,0xCE7A,0xBE18,0xCE7A,0xCE7A,0xD69A,0xA534,0x39E7,
0x18C3,0x632C,0xC618,0x7BCF,0x0861,0x0020,0x0020,0x632C,0xD69A,0xAD55,0x0820,0x0840,0x0840,0x0820,0x0020,0x5AEC,
0x5AEB,0x2945,0x3186,0x0820,0x0840,0x1061,0x1061,0x0840,0x0840,0x1082,0x630C,0xE71C,0x52AA,0x18C3,0x4228,0x3186,
0x0840,0x0820,0x0840,0x8410,0x8C30,0x0820,0x0820,0x4208,0xDEDB,0xCE9A,0xD6BB,0xDEFB,0xDEFB,0x5269,0x0840,0x0840,
0x0820,0x6B4C,0xDEDA,0xDEFB,0xDEDB,0xE71C,0xDEFB,0xD6BB,0xD6BB,0xD6BA,0x1082,0x5ACA,0xD6BA,0xDEDB,0xDEDB,0xDEFC,
0xDF1C,0xD6DB,0xC618,0xCE9A,0xD6DA,0x31C6,0x0840,0x0820,0x6221,0xD4C1,0xDCC0,0xE500,0xE500,0xE500,0xE520,0xED20,
0x0987,0x0188,0x0167,0x0167,0x0168,0x0168,0x0168,0x0167,0x0126,0x1145,0x8C45,0x3289,0x09EC,0x0A0D,0x01ED,0x01ED,
0x01ED,0x01ED,0x01ED,0x01ED,0x020E,0x022E,0x124C,0x5B08,0x9C23,0x9C42,0x9C42,0x9C42,0x9C22,0x9C22,0x9442,0x9422,
0x9401,0x93E1,0x9C02,0x93E2,0x93E2,0x9403,0x7B85,0x220B,0x01CD,0x01CC,0x01CD,0x01EC,0x01ED,0x01ED,0x01CD,0x09CD,
0x01ED,0x11EB,0x4288,0x8BC4,0x9C22,0x9C22,0x9C22,0x9C02,0x9404,0x3289,0x01ED,0x020D,0x020D,0x2A6A,0x73C5,0x9C62,
0x9401,0x9401,0x9422,0x8BE3,0x3A88,0x09EB,0x01ED,0x020D,0x01EC,0x01EE,0x020E,0x01ED,0x020C,0x01CC,0x01CC,0x120B,
0x6B66,0x9403,0x93C2,0x93E2,0x93E3,0x8BC2,0x8BC2,0x8BA2,0x4285,0x2207,0x19EA,0x1988,0x29E8,0x324A,0x2A09,0x2A08,
0x3249,0x3A6A,0x42CB,0x530C,0x3A6A,0x3229,0x29C8,0x428B,0x3A09,0x4249,0x426A,0x3A09,0x31E8,0x426A,0x530C,0x52EC,
0x530C,0x530C,0x428A,0x3209,0x3209,0x3229,0x324A,0x2A29,0x29E8,0x29A7,0x3A09,0x3A29,0x21C7,0x29C8,0x3A4A,0x3A49,
0x4ACB,0x52EB,0x5AEB,0x52EB,0x4A6A,0x2986,0x2986,0x1945,0x2186,0x1945,0x1104,0x08C4,0x08C4,0x00A3,0x0083,0x0083,
0x00A3,0x00A3,0x08A3,0x08C4,0x1925,0x1966,0x08E4,0x1105,0x1946,0x1126,0x0906,0x1126,0x21A7,0x1967,0x1125,0x1125,
0x2987,0x2166,0x1125,0x1125,0x1945,0x29C8,0x31C8,0x1904,0x29A7,0x31E7,0x29A6,0x1925,0x21A7,0x1966,0x1925,0x1946,
0x3A09,0x6B6D,0x2186,0x31E8,0x4ACB,0x1945,0x10E4,0x10E4,0x10E4,0x08E4,0x10E4,0x10E4,0x10E4,0x08E4,0x1105,0x1925,
0x1966,0x2187,0x1946,0x1946,0x1126,0x1126,0x1105,0x2187,0x1986,0x3229,0x3229,0x3209,0x3A49,0x530C,0x6B8D,0x6B8D,
0x73CE,0x7C50,0x3A8A,0x21C7,0x21E7,0x29E8,0x4ACB,0x636E,0x6B8E,0x6B4D,0xAD55,0xCE38,0xC659,0xCE59,0xC638,0xCE59,
0xC638,0xCE79,0xCE7A,0xD69A,0xCE59,0xCE79,0xCE59,0xCE7A,0xD69A,0xD6BA,0xD69A,0xC638,0xCE7A,0xCE9A,0x8430,0x4A28,
0x2965,0x10A2,0x4A69,0xB596,0x630C,0x1081,0x0020,0x8430,0xE71C,0x7BCF,0x0820,0x0820,0x0820,0x0820,0x0840,0x2965,
0x7BCF,0x2104,0x4A28,0x18A2,0x0820,0x0820,0x0820,0x0820,0x0020,0x0861,0x39E7,0xD69A,0x94B2,0x18C2,0x4208,0x41E7,
0x18E3,0x0840,0x0820,0x3186,0x7BCF,0x0820,0x0820,0x2104,0xDEFC,0xD6BB,0xD6BA,0xDEFB,0xC638,0x3185,0x0820,0x0820,
0x0820,0x2124,0x8C50,0xDEFB,0xDEFB,0xDEFB,0xDEFB,0xE71C,0xE71C,0xAD55,0x18C3,0x73AE,0xD6BA,0xD69A,0xD69A,0xDEFB,
0xDEDB,0xC659,0xB596,0xD69A,0x9CF4,0x18C2,0x0860,0x1060,0x7B01,0xD4C0,0xE500,0xE520,0xE500,0xE520,0xE520,0xED40,
0x0187,0x0188,0x0168,0x0167,0x0188,0x0188,0x0188,0x0147,0x0147,0x1145,0x8405,0x3289,0x09ED,0x01ED,0x01CD,0x01ED,
0x01EE,0x020D,0x0A0D,0x01ED,0x020E,0x022E,0x124C,0x5B08,0x9C03,0x9401,0x9402,0x9C43,0x9422,0x9C22,0x9C42,0x9422,
0x9401,0x9402,0x9402,0x93E2,0x93C1,0x9424,0x6B67,0x19EB,0x09ED,0x09ED,0x020D,0x01CC,0x01ED,0x020D,0x09CD,0x09ED,
0x01ED,0x1A0A,0x5B06,0x93C2,0x9C02,0x9C22,0x9402,0x9403,0x7BC6,0x1A4B,0x020D,0x020D,0x01ED,0x122B,0x5B27,0x9C62,
0x9C22,0x9422,0x9402,0x93E2,0x52E5,0x11EA,0x01ED,0x01EC,0x020D,0x020E,0x020D,0x01ED,0x0A0D,0x0A0C,0x01EC,0x09EB,
0x6327,0x93E3,0x93C2,0x93E2,0x8BE2,0x8BE2,0x8BE2,0x83A2,0x3246,0x1A09,0x19A8,0x19A8,0x2A29,0x2A29,0x326A,0x3A8A,
0x3A6A,0x4ACB,0x4ACB,0x428A,0x3209,0x21C8,0x21C9,0x21A8,0x2187,0x3A28,0x3A29,0x3209,0x3249,0x4AEB,0x532C,0x5B0C,
0x530C,0x52EB,0x428A,0x3A6A,0x29E8,0x326B,0x2209,0x21C8,0x21C8,0x29C8,0x3A29,0x29A7,0x1987,0x21A7,0x29E8,0x4269,
0x4A89,0x4AAA,0x4248,0x2166,0x1905,0x1905,0x2146,0x2146,0x29A7,0x2166,0x2186,0x1986,0x1946,0x1125,0x1125,0x1105,
0x08E4,0x08E4,0x08E4,0x08C4,0x1125,0x1946,0x1125,0x08C4,0x0904,0x1126,0x08E5,0x08E5,0x1105,0x2187,0x0905,0x0905,
0x1925,0x10E4,0x1966,0x1125,0x1946,0x29C8,0x29A7,0x10E4,0x1966,0x3208,0x29A6,0x29A6,0x2186,0x1105,0x10E5,0x2166,
0x39E8,0x6B4D,0x31E8,0x3A49,0x428A,0x2186,0x2146,0x10E5,0x08C4,0x08C4,0x08C4,0x1105,0x08E4,0x08E4,0x08E4,0x1105,
0x1925,0x1946,0x1126,0x1105,0x0905,0x0905,0x1126,0x2187,0x3209,0x4AEC,0x42AB,0x3A6A,0x42AB,0x530B,0x634D,0x73AE,
0x73AD,0x636C,0x6BAE,0x636D,0x428A,0x21A7,0x21C8,0x3229,0x4A8A,0x6B6D,0xB596,0xC618,0xBE18,0xC618,0xC618,0xCE7A,
0xCE59,0xCE59,0xCE59,0xCE79,0xCE59,0xCE79,0xC618,0xC618,0xC638,0xCE59,0xD69A,0xCE59,0xCE7A,0xD69A,0x632C,0x4A49,
0x2965,0x0020,0x10A2,0x7BCF,0xBDD7,0x632C,0x10A3,0xAD55,0xD6BB,0x5AAB,0x0820,0x0820,0x0820,0x0820,0x0820,0x10C2,
0x8410,0x2945,0x4A49,0x3165,0x0840,0x0820,0x0820,0x0820,0x0020,0x0020,0x2965,0xC638,0xBDD7,0x4A49,0x39E8,0x4A29,
0x2924,0x0820,0x0820,0x18A2,0x736D,0x1082,0x0820,0x18C3,0xDEBB,0xD6BB,0xD69A,0xDEDB,0xB596,0x2103,0x0840,0x0820,
0x0820,0x0841,0x4228,0xC638,0xDEFB,0xDEFC,0xDEDB,0xE73C,0xEF5D,0x8410,0x2124,0x8C71,0xDEDB,0xD6BB,0xD6BA,0xDEDB,
0xD69A,0xC618,0xBDF7,0xC638,0x528A,0x0861,0x0840,0x1080,0x8B62,0xDCE0,0xE520,0xED40,0xED20,0xED20,0xED40,0xED20,
0x0168,0x0188,0x0167,0x0168,0x0168,0x0188,0x0188,0x0148,0x0127,0x1965,0x8C45,0x3289,0x09ED,0x020D,0x09ED,0x09ED,
0x020E,0x020D,0x0A0D,0x01ED,0x01ED,0x020D,0x124C,0x5B28,0x9C42,0x9C42,0x9401,0x83A1,0x8BC2,0x8BC2,0x9402,0x9C43,
0x9C42,0x9401,0x9C42,0x93E2,0x8BC2,0x9404,0x6387,0x11CB,0x01ED,0x01ED,0x01EE,0x09EC,0x01EC,0x020D,0x01CC,0x01CD,
0x0A0D,0x4B08,0x8C04,0x93E1,0x9401,0x9402,0x9401,0x7BA4,0x4288,0x09CC,0x01EC,0x020D,0x09ED,0x09CD,0x2A29,0x7B84,
0x9C02,0x9C23,0x9401,0x9C21,0x9404,0x52E7,0x09CC,0x01EC,0x020D,0x020E,0x020D,0x09ED,0x01CC,0x09CD,0x01ED,0x09CB,
0x5B07,0x9403,0x8BE2,0x8BC2,0x93E2,0x9402,0x8BC3,0x6323,0x2208,0x19A8,0x1987,0x19C9,0x21A8,0x2A09,0x3A8A,0x3A8A,
0x428B,0x42AB,0x3A8B,0x2A09,0x21C9,0x21C8,0x21C8,0x3209,0x3229,0x1966,0x3229,0x3209,0x428A,0x52EB,0x52EB,0x52CB,
0x52CB,0x4ACB,0x52EC,0x2A09,0x19C8,0x21C8,0x29E8,0x21C7,0x29E8,0x3A49,0x29C7,0x2186,0x21A7,0x29E7,0x29C7,0x31E8,
0x31E8,0x21A6,0x08E4,0x1166,0x1987,0x3208,0x29E8,0x1926,0x1145,0x21A7,0x21A8,0x1966,0x21A7,0x29C7,0x1966,0x1965,
0x1165,0x1146,0x1125,0x08C4,0x08E5,0x0905,0x1105,0x1126,0x08E5,0x08E4,0x10E4,0x10E4,0x08E5,0x0905,0x1126,0x1105,
0x1105,0x1125,0x10E5,0x31E9,0x31E8,0x31E7,0x1925,0x1105,0x1125,0x21C7,0x1966,0x10E4,0x2946,0x10E4,0x08C4,0x2166,
0x2166,0x4AAB,0x4A8A,0x4A6A,0x4A8B,0x2987,0x29A8,0x2167,0x1946,0x1105,0x10E4,0x08E4,0x1104,0x1105,0x10E4,0x10E4,
0x08C4,0x10E4,0x0905,0x0904,0x0905,0x1126,0x1146,0x3229,0x428A,0x31E8,0x29A7,0x31E8,0x3A28,0x4269,0x5AEC,0x6B8E,
0x7C0F,0x8450,0x634C,0x4249,0x638D,0x7C31,0x3A8A,0x21A7,0x1966,0x4AAB,0xAD76,0xBDF8,0xBE18,0xC618,0xBDF8,0xC638,
0xC639,0xCE59,0xC618,0xC618,0xC618,0xD69A,0xD69A,0xCE59,0xCE79,0xC639,0xCE7A,0xCE7A,0xCE79,0xBDF7,0x2965,0x528A,
0x2924,0x0840,0x0840,0x0841,0x8C51,0xCE79,0xCE79,0xCE79,0xB596,0x3165,0x0820,0x0820,0x0820,0x0820,0x1082,0x10A2,
0x7BCF,0x4A49,0x31A6,0x528A,0x39C7,0x3186,0x4A49,0x528A,0x5289,0x2124,0x18E3,0x9CF3,0xD6BA,0xA534,0x2945,0x5AAB,
0x4A49,0x1082,0x0840,0x0820,0x62EB,0x3165,0x0820,0x1082,0xCE59,0xCE7A,0xCE7A,0xD69A,0x8C30,0x0840,0x1061,0x2103,
0x2924,0x0861,0x0861,0x8430,0xD6BA,0xDEDB,0xD69A,0xD6BA,0xD67A,0x39E7,0x5289,0xC618,0xD69A,0xDEDB,0xD69B,0xCE59,
0xA555,0xB596,0xDEFB,0x5AEB,0x0841,0x0860,0x0840,0x3100,0xB401,0xDD00,0xED60,0xED80,0xED60,0xED40,0xED40,0xED20,
0x0968,0x0167,0x0147,0x0968,0x0188,0x0188,0x0168,0x0148,0x0127,0x1965,0x8C45,0x3289,0x09ED,0x0A0D,0x0A0D,0x09ED,
0x022E,0x020D,0x09ED,0x01ED,0x020D,0x01ED,0x1A2C,0x5B28,0xA443,0x9C22,0x9402,0x93E3,0x93C1,0x8BA1,0x93E1,0x9C42,
0x9C42,0x9C42,0x9422,0x9403,0x8BC2,0x9423,0x7BE6,0x1A2C,0x01ED,0x01EC,0x01EC,0x01CD,0x01ED,0x01ED,0x09CD,0x09ED,
0x19EA,0x83C5,0x93E2,0x93C1,0x9402,0x9C22,0x9C22,0x6366,0x19EA,0x01CC,0x01EC,0x01ED,0x01ED,0x01CC,0x11EC,0x5B07,
0x93E1,0x9C42,0x9422,0x9C22,0x9402,0x7BE6,0x1A0A,0x01EC,0x01EC,0x020D,0x01ED,0x09ED,0x01CD,0x01ED,0x01ED,0x120B,
0x6B66,0x9423,0x9403,0x8BC2,0x8BC2,0x9401,0x7383,0x4A84,0x21C8,0x1188,0x1187,0x1167,0x1987,0x21E9,0x2A09,0x3A6A,
0x3A4A,0x324A,0x21C8,0x21C8,0x2A2A,0x322A,0x29E9,0x21C8,0x1967,0x1966,0x29E8,0x3208,0x42AA,0x4AAA,0x4AAA,0x4AAA,
0x4AAA,0x426A,0x3A29,0x19C8,0x19C9,0x21C8,0x42AA,0x3A49,0x3A49,0x29A7,0x2187,0x2187,0x29C7,0x2186,0x29E8,0x29C7,
0x2186,0x1125,0x1146,0x1186,0x21C7,0x29C7,0x1946,0x1946,0x1986,0x1987,0x1966,0x19A7,0x29E8,0x3209,0x29E7,0x1966,
0x1166,0x1966,0x1146,0x1105,0x08C4,0x08E4,0x0905,0x1105,0x1125,0x10E4,0x1946,0x2187,0x0904,0x0905,0x1105,0x1105,
0x1167,0x1146,0x1126,0x1926,0x3A09,0x5B0D,0x4AAB,0x2146,0x1104,0x1966,0x1105,0x1105,0x10E4,0x2166,0x10E5,0x2166,
0x1925,0x4AAA,0x52CB,0x4A6A,0x4229,0x29A8,0x2167,0x2167,0x1946,0x1125,0x1105,0x10E4,0x1105,0x10E4,0x1105,0x10E4,
0x1105,0x08E4,0x10E4,0x1105,0x1125,0x1125,0x29C8,0x424A,0x4249,0x4A6A,0x4249,0x4269,0x4249,0x632C,0x7BEF,0x8C51,
0x9CD2,0x9D13,0xBDF7,0x636D,0x4249,0x4AAA,0x7410,0x73CF,0x3A29,0x19A7,0x5B4E,0xA555,0xBE18,0xBDF8,0xBDF7,0xC639,
0xC618,0xC618,0xCE79,0xCE59,0xC618,0xD69A,0xD69A,0xD69A,0xCE7A,0xCE59,0xCE79,0xCE59,0xCE79,0x94B2,0x2124,0x4A49,
0x18E3,0x0840,0x0841,0x0820,0x2965,0x8C51,0xC618,0xCE79,0xAD34,0x18C3,0x0820,0x0820,0x0820,0x0820,0x18C2,0x2104,
0x73AE,0x738E,0x2965,0x4A49,0x4A69,0x528A,0x4228,0x2965,0x2945,0x4A69,0x7BEF,0xCE59,0xCE79,0xBDF7,0x3186,0x4A49,
0x528A,0x20E3,0x0820,0x0820,0x4A49,0x2945,0x0020,0x1082,0xC618,0xCE79,0xCE7A,0xAD55,0x4208,0x0820,0x39E7,0xA534,
0xC617,0x8C51,0x4228,0x2965,0xBDF7,0xDEFB,0xD6BA,0xDEDB,0xAD55,0x18E3,0x8C71,0xDEFB,0xD6BA,0xC639,0xBDF8,0xB5B7,
0xC659,0xCE79,0x8410,0x1082,0x0840,0x0860,0x1060,0x4981,0xC462,0xDD00,0xED40,0xED80,0xED60,0xED40,0xED40,0xED20,
0x0188,0x0167,0x0148,0x0968,0x0168,0x0188,0x0168,0x0148,0x0127,0x1965,0x9466,0x3289,0x09EC,0x09ED,0x0A0D,0x0A0D,
0x0A2E,0x020D,0x01ED,0x01ED,0x01ED,0x01ED,0x1A2C,0x5B48,0xA463,0x9C23,0x9C23,0x9402,0x9C01,0x9C22,0x9C44,0x9443,
0x9422,0x9C42,0x9422,0x9422,0x8BE2,0x93E2,0x7C04,0x226B,0x01EC,0x01EC,0x01CC,0x01ED,0x01ED,0x09ED,0x01ED,0x09EC,
0x3248,0x9423,0x9C02,0x93C1,0x93E2,0x9C22,0x9C23,0x4AE9,0x09CC,0x01CD,0x01EC,0x01CC,0x01ED,0x01CC,0x09CD,0x3A89,
0x93E2,0x9C22,0x9C42,0x9401,0x9422,0x9443,0x3269,0x01EC,0x01EB,0x09EC,0x09ED,0x01ED,0x01ED,0x01ED,0x01ED,0x1A0B,
0x7B85,0x9402,0x9402,0x8BC1,0x8BA2,0x8BE2,0x6324,0x4266,0x19A8,0x1168,0x1167,0x0947,0x1988,0x21C8,0x21E8,0x3A6A,
0x3229,0x3229,0x1987,0x29E9,0x3A6B,0x3A8B,0x29E9,0x1988,0x1967,0x1967,0x29E8,0x3209,0x3A6A,0x3A69,0x3A49,0x4ACB,
0x428A,0x3A6A,0x29C8,0x19A8,0x19A8,0x1967,0x42CB,0x3A8A,0x3208,0x2187,0x2187,0x21A7,0x21A7,0x2186,0x21A7,0x21A7,
0x1946,0x1125,0x1966,0x1186,0x21C8,0x1145,0x1125,0x1966,0x21A7,0x1986,0x1987,0x21C8,0x21C8,0x29C7,0x3209,0x1145,
0x0946,0x1146,0x1146,0x1126,0x08E4,0x08E4,0x08E5,0x0905,0x1105,0x1125,0x1945,0x29A7,0x2167,0x08C4,0x08E5,0x1126,
0x1167,0x1167,0x1966,0x1125,0x1925,0x424A,0x6B8F,0x52AB,0x10E4,0x1125,0x1105,0x1125,0x0883,0x2987,0x2986,0x2166,
0x10E4,0x4A8A,0x52CB,0x4A6A,0x424A,0x29A8,0x2987,0x2167,0x1946,0x1126,0x1105,0x10E5,0x1105,0x1105,0x10E5,0x1105,
0x10E5,0x10C4,0x1105,0x1105,0x1925,0x2987,0x4AAB,0x5AEC,0x632D,0x6B4D,0x73CE,0x7C10,0x6B8D,0x52EB,0x6B8D,0x73EF,
0x94D2,0xAD54,0xC659,0xADB6,0x73CE,0x31C7,0x5B0C,0x7BF0,0x6B8E,0x29C8,0x2987,0x8471,0xBE18,0xBDF7,0xBDD7,0xC638,
0xC618,0xBDF7,0xCE79,0xCE7A,0xCE59,0xD69A,0xD69A,0xCE79,0xCE79,0xC639,0xCE59,0xCE59,0xCE79,0x8C51,0x2965,0x4A48,
0x18E3,0x0840,0x0840,0x0840,0x0861,0x5ACA,0xCE79,0xCE79,0x9CB2,0x1061,0x0820,0x0820,0x0820,0x0820,0x20E3,0x2965,
0x738E,0x9492,0x2124,0x4A69,0x4A49,0x39C7,0x18C3,0x2124,0x52AA,0xB5B6,0xA535,0xAD75,0xD69A,0xC618,0x4228,0x39C7,
0x5269,0x2945,0x0841,0x0840,0x3185,0x20E3,0x0820,0x10A2,0xC618,0xCE79,0xCE5A,0x83F0,0x18A2,0x0820,0x5ACB,0xDEBA,
0xDEDB,0xDEDB,0xAD55,0x2124,0x9492,0xE73C,0xDEFB,0xD6BA,0x8C71,0x0861,0xBDF7,0xE71B,0xCE9A,0xB5B7,0xBDF8,0xCE59,
0xDEFB,0xA514,0x2945,0x0820,0x0840,0x0860,0x1060,0x59E1,0xCC81,0xDD00,0xE540,0xED60,0xED60,0xED40,0xED40,0xE520,
0x01A8,0x01A8,0x01A8,0x0188,0x0168,0x0188,0x0168,0x0148,0x0127,0x1944,0x8C25,0x2A89,0x09ED,0x0A0E,0x020D,0x01EC,
0x01ED,0x0A0D,0x0A0D,0x01ED,0x01EE,0x020D,0x120C,0x5B08,0xA463,0x9422,0x9C02,0x9C22,0x9423,0x6B65,0x2A49,0x3268,
0x4AE7,0x8424,0x9C22,0x9C42,0x9C42,0x9C02,0x9403,0x5306,0x11CB,0x09ED,0x01EC,0x01CD,0x01EE,0x020D,0x09ED,0x222A,
0x73A5,0x9C01,0x9402,0x9402,0x9BE2,0x9422,0x83E5,0x11EB,0x020D,0x01ED,0x01CD,0x01EE,0x01EE,0x01ED,0x01CC,0x11EA,
0x7BC6,0x9402,0x9C21,0x9422,0x9422,0x93E1,0x7366,0x2A29,0x09EC,0x01AB,0x01CC,0x01EC,0x020C,0x020D,0x09EC,0x52E6,
0x8BC3,0x93C2,0x93E2,0x93E2,0x8BA2,0x7384,0x3A66,0x2209,0x1988,0x1168,0x1126,0x1147,0x19C8,0x21E9,0x324A,0x2A09,
0x31E9,0x29C8,0x29E9,0x2A09,0x324A,0x2A09,0x1987,0x1967,0x1147,0x1988,0x29C8,0x3229,0x3A49,0x3A49,0x428A,0x3208,
0x29E8,0x3209,0x29C8,0x1987,0x1987,0x2187,0x29A7,0x29E8,0x1987,0x1987,0x1967,0x21A8,0x1987,0x21A7,0x1146,0x2166,
0x0905,0x1966,0x1966,0x21A7,0x1966,0x1125,0x1145,0x21A7,0x2187,0x21A7,0x21A7,0x21C7,0x21E7,0x3A29,0x31C7,0x3A29,
0x3229,0x2187,0x1946,0x1966,0x0905,0x00A3,0x08C4,0x08E4,0x1105,0x1105,0x1105,0x1946,0x31E8,0x29C8,0x1946,0x1986,
0x1106,0x0905,0x0925,0x1146,0x1966,0x1946,0x3A29,0x6B6E,0x73AF,0x2125,0x10C4,0x2187,0x4AEC,0x2166,0x2987,0x4AAB,
0x29A6,0x3A28,0x632D,0x528A,0x4249,0x3A08,0x31C8,0x2987,0x2146,0x1126,0x1105,0x1105,0x10E5,0x1105,0x1105,0x10E5,
0x10E5,0x2166,0x29A7,0x39E8,0x52AB,0x4AAA,0x52AA,0x52CA,0x4A89,0x4AA9,0x4A69,0x4248,0x5AEB,0x8450,0x8430,0x73AE,
0x7BEE,0x73CE,0x840F,0xA534,0xB5D6,0x8C71,0x4269,0x4A69,0x634D,0x5B2C,0x428A,0x3A08,0x94B2,0xBDD7,0xB5B7,0xBDF7,
0xBDF7,0xB5B7,0xC618,0xCE59,0xCE7A,0xCE59,0xD69A,0xC638,0xD69A,0xCE59,0xCE7A,0xCE79,0xCE7A,0xA534,0x2104,0x52AA,
0x39C7,0x0820,0x0820,0x0820,0x0020,0x39C6,0xC618,0xBDF7,0x6B4D,0x0820,0x0840,0x0820,0x0820,0x1081,0x3186,0x39C7,
0x632C,0xC618,0x4208,0x18C3,0x2965,0x5ACB,0x9491,0xB5B6,0xD6BA,0x2965,0x0020,0x0020,0xBDD7,0xDEDB,0x73AF,0x2945,
0x5ACB,0x4A28,0x0841,0x0820,0x0840,0x0840,0x0020,0x2104,0xD69A,0xC618,0xC638,0x3145,0x0820,0x0820,0x83EF,0xDEFB,
0xD69A,0xE71C,0xE71C,0xBDD7,0xB596,0xE6FC,0xDEFB,0xBDB6,0x39E7,0x2104,0xE73C,0xDEFB,0xC638,0xCE9A,0xC638,0x9CD2,
0x2944,0x0840,0x0840,0x0840,0x0840,0x0840,0x28E1,0x8B02,0xD4A0,0xE4E0,0xED20,0xED20,0xED20,0xED20,0xE520,0xE500,
0x01EA,0x01EA,0x020A,0x020A,0x01A9,0x0167,0x0167,0x0147,0x0127,0x1944,0x8C05,0x3269,0x09CC,0x020D,0x020D,0x01ED,
0x01ED,0x020D,0x020D,0x01ED,0x020D,0x022D,0x122C,0x5B08,0x9C63,0x9C42,0x9C02,0x9C01,0x9403,0x5B27,0x09CC,0x01CC,
0x11EA,0x63A7,0x9402,0x9401,0x9402,0x9402,0x9402,0x8C24,0x3AA7,0x11EA,0x09ED,0x020C,0x020C,0x01EC,0x11CB,0x4A87,
0x93E3,0x9C02,0x9C02,0x9C02,0x9402,0x8C02,0x42A7,0x01EC,0x020D,0x01ED,0x09EE,0x020E,0x022F,0x020D,0x01EC,0x01CB,
0x4AA7,0x8BE5,0x9402,0x9C42,0x9C41,0x9C22,0x9404,0x6B67,0x120B,0x01ED,0x01ED,0x01ED,0x01EC,0x09CB,0x3A69,0x8C04,
0x93E2,0x93A2,0x93C2,0x8BC2,0x8BA1,0x5B06,0x2208,0x1188,0x1167,0x1147,0x0906,0x1187,0x19C8,0x2A0A,0x2A09,0x2187,
0x29E8,0x29E9,0x29E9,0x21C8,0x2187,0x1987,0x1966,0x1967,0x1967,0x19A8,0x29E8,0x3249,0x3229,0x3A49,0x3229,0x3A29,
0x3A29,0x4269,0x3A29,0x1966,0x2187,0x31E8,0x31E8,0x29C8,0x1987,0x1167,0x1987,0x1967,0x1166,0x1966,0x1146,0x1126,
0x1145,0x1966,0x1966,0x1966,0x1125,0x1146,0x1966,0x1966,0x1987,0x1966,0x1986,0x29E7,0x3228,0x3208,0x31E8,0x31C8,
0x3A08,0x3208,0x29A7,0x1946,0x1125,0x08E4,0x00C3,0x08C4,0x08E4,0x0905,0x1105,0x1105,0x1125,0x29E8,0x29E8,0x1946,
0x08C4,0x08C4,0x08E4,0x0925,0x1146,0x1966,0x1926,0x31E8,0x5AEC,0x52AA,0x2987,0x1925,0x3A49,0x29A6,0x1924,0x4AAA,
0x3A69,0x2185,0x52EB,0x4AAA,0x4A8A,0x4249,0x31E8,0x29C7,0x2167,0x1946,0x1125,0x1105,0x08E5,0x08E4,0x10E4,0x1104,
0x29A7,0x4229,0x426A,0x4249,0x31C6,0x29A6,0x29C6,0x3A27,0x4248,0x4248,0x4269,0x52AA,0x5AEB,0x6BAE,0x7C0F,0x8450,
0x7BEF,0x73AE,0x632C,0x7C10,0x8C71,0xB5D7,0x8451,0x52EB,0x4A69,0x52CB,0x29A7,0x4AAB,0x7BCF,0xBDD7,0xBDF7,0xBDF8,
0xBDF7,0xC618,0xC618,0xC639,0xCE59,0xCE59,0xCE7A,0xCE59,0xCE59,0xCE59,0xCE59,0xC638,0xC639,0xC659,0x4208,0x39E7,
0x4A69,0x20E3,0x0840,0x0840,0x0020,0x2965,0xAD75,0xA534,0x4208,0x0820,0x0820,0x0820,0x1061,0x39A6,0x4A28,0x2124,
0x630C,0xCE79,0xAD55,0x94B2,0x9CD3,0x8410,0x41E7,0x3186,0x8C71,0x5269,0x0841,0x0820,0x7BEF,0xDEDB,0xBDF7,0x18C3,
0x4228,0x5269,0x18A2,0x0840,0x0820,0x0820,0x0820,0x39E7,0xCE59,0xC638,0xA534,0x1061,0x0840,0x0820,0xA4F3,0xDEDB,
0xCE79,0xDEDB,0xE71C,0xDEDB,0xDEDB,0xDEDB,0xE71C,0x7BEF,0x1061,0x630B,0xE6FC,0xDEDB,0xCE7A,0x6B4D,0x39E7,0x1081,
0x0820,0x0840,0x0840,0x0840,0x0820,0x0840,0x4161,0xB422,0xDCC0,0xE520,0xED40,0xED20,0xED20,0xED20,0xED00,0xE500,
0x01EA,0x01EA,0x01EA,0x020A,0x09CA,0x0188,0x0167,0x0147,0x0126,0x1945,0x8BE5,0x2A68,0x09CC,0x01ED,0x020D,0x020D,
0x01ED,0x01ED,0x020D,0x01ED,0x01ED,0x0A2E,0x1A2C,0x5B28,0xA463,0x9C43,0x9C02,0x9C02,0x8BE4,0x5B08,0x01ED,0x01ED,
0x09AB,0x42E8,0x8C22,0x9401,0x9403,0x9402,0x9401,0x9C42,0x7C05,0x4B07,0x19E8,0x09EB,0x09ED,0x01EC,0x2A08,0x6B47,
0x9C22,0x93E2,0x93E2,0x9C02,0x9402,0x83C4,0x2A2A,0x01ED,0x01ED,0x01ED,0x09ED,0x020D,0x020E,0x0A0D,0x09ED,0x01CC,
0x2209,0x6346,0x93E3,0x9402,0x9C42,0x9421,0x9C22,0x8404,0x2A49,0x09ED,0x09ED,0x09CB,0x2209,0x3A87,0x7B85,0x9421,
0x9402,0x9BE2,0x93C2,0x93C2,0x8BC2,0x4287,0x19C9,0x1168,0x1167,0x0927,0x0927,0x1187,0x19C8,0x21E9,0x21E9,0x21C8,
0x21C8,0x21E9,0x21C8,0x1967,0x1967,0x21A8,0x1146,0x1987,0x1987,0x21A8,0x3209,0x324A,0x3249,0x3209,0x3208,0x426A,
0x426A,0x4269,0x424A,0x1966,0x2A08,0x428A,0x3208,0x1986,0x1967,0x1987,0x1987,0x1967,0x1967,0x1145,0x1146,0x08E5,
0x1146,0x1967,0x1966,0x1125,0x1125,0x1146,0x1166,0x1986,0x1967,0x1966,0x2187,0x3A49,0x3A49,0x3208,0x3A29,0x52EB,
0x5AEC,0x4A8A,0x3A28,0x29C8,0x1966,0x1946,0x08C4,0x00A3,0x08C3,0x08E5,0x0905,0x1105,0x1105,0x1125,0x21A7,0x1925,
0x10C4,0x1105,0x1146,0x08E4,0x1125,0x1166,0x1966,0x1925,0x4269,0x632C,0x5B2D,0x2146,0x424A,0x31C7,0x1924,0x21A6,
0x21A6,0x1924,0x4AAA,0x4248,0x52CA,0x634D,0x52CB,0x3A29,0x2987,0x2186,0x1945,0x1105,0x1105,0x08E4,0x1104,0x31C7,
0x424A,0x428A,0x426A,0x4249,0x4A8A,0x4AAA,0x52CA,0x52CA,0x52EB,0x52CB,0x4A69,0x4228,0x4A89,0x5B0C,0x7BCF,0x8C91,
0x8C50,0x842F,0x738D,0x6B4D,0x73AE,0xAD55,0x94B2,0x8470,0x52A9,0x52EB,0x2187,0x29C7,0x6B6E,0xB596,0xBDF7,0xBDF7,
0xBDF8,0xBDF8,0xC639,0xC639,0xC639,0xC639,0xCE7A,0xCE79,0xC638,0xCE59,0xD69A,0xC638,0xC618,0xCE79,0x7BEF,0x2945,
0x4228,0x3986,0x1061,0x0840,0x0840,0x39C6,0xBDD7,0x8C51,0x2924,0x0820,0x0820,0x1061,0x20E3,0x2924,0x20E3,0x2965,
0x9CF3,0xD6BA,0xAD55,0x52AA,0x39E7,0x2104,0x0840,0x0840,0x5269,0x7BCF,0x18A2,0x0820,0x630C,0xDEDB,0xD6BB,0x2944,
0x31A6,0x5269,0x20E3,0x0820,0x0820,0x0820,0x0840,0x5ACB,0xCE59,0xCE58,0x840F,0x0840,0x0840,0x0800,0xAD34,0xD6BB,
0xCE7A,0xD69A,0xDEFB,0xD6BA,0xDEFB,0xDEFB,0xE73C,0x39A6,0x0840,0x8C71,0xDEDB,0xD6BB,0x7BF0,0x10A2,0x0841,0x0020,
0x0840,0x0840,0x0820,0x0820,0x0840,0x0840,0x5A01,0xCC81,0xDCC0,0xE520,0xED40,0xED40,0xED20,0xED20,0xED00,0xE4E0,
0x01A9,0x01A9,0x01A9,0x0189,0x01A9,0x09C9,0x0188,0x0147,0x0106,0x1945,0x8C05,0x3269,0x01CC,0x022D,0x020D,0x020D,
0x01CD,0x01CD,0x01ED,0x01CD,0x01ED,0x020D,0x1A2C,0x5B28,0x9C42,0x9C22,0x93E2,0x9402,0x83A3,0x5308,0x01EE,0x01ED,
0x01CD,0x11AA,0x7B86,0x93E3,0x93C2,0x8BA1,0x8BA1,0x9402,0x9402,0x9C42,0x8C44,0x6BC5,0x5B46,0x52E6,0x83E5,0x9463,
0x9C22,0x9402,0x8BE2,0x93C1,0x8BE3,0x5307,0x09EC,0x01ED,0x09ED,0x09ED,0x01ED,0x020D,0x020D,0x09EE,0x0A0E,0x020E,
0x01AB,0x2228,0x7BA4,0x93C2,0x9403,0x9423,0x9402,0x9422,0x7BE4,0x5326,0x6366,0x7BE5,0x8C44,0x9443,0x93E2,0x93E1,
0x9402,0x93E2,0x9402,0x9402,0x7BA5,0x11AA,0x1189,0x1167,0x0947,0x0947,0x0947,0x19A9,0x19C9,0x19A8,0x21C8,0x21C8,
0x1187,0x1167,0x1167,0x1146,0x1967,0x1987,0x1987,0x1967,0x2187,0x21A7,0x2A09,0x29E8,0x1987,0x29E8,0x3208,0x3A49,
0x3208,0x4249,0x3A29,0x19A7,0x21A7,0x4289,0x1166,0x1966,0x1986,0x1967,0x1966,0x1966,0x1966,0x1146,0x1106,0x0905,
0x1167,0x1987,0x1966,0x0904,0x1105,0x1126,0x1166,0x1146,0x1946,0x1987,0x31E8,0x29A7,0x2167,0x1987,0x29E8,0x2A08,
0x428A,0x4AAA,0x4269,0x31E8,0x21A7,0x29A7,0x2187,0x1105,0x08C4,0x08C4,0x0905,0x0905,0x0905,0x1966,0x08E4,0x1925,
0x21A7,0x1125,0x1105,0x1925,0x1125,0x1966,0x1186,0x1987,0x1124,0x3A08,0x632D,0x5AEC,0x31E7,0x2986,0x3A08,0x3A49,
0x29A6,0x1945,0x52CB,0x39E8,0x2985,0x3A07,0x52CB,0x5B2D,0x52EB,0x4289,0x3A48,0x3208,0x2187,0x1946,0x428A,0x428A,
0x4A8A,0x52CA,0x4A8A,0x4269,0x3A07,0x4207,0x738E,0x73AF,0x632D,0x6B8E,0x7C10,0x6B8E,0x4A8A,0x4249,0x5AEB,0x6B4D,
0x9D13,0xB5B6,0xB596,0x9491,0x73AE,0x632C,0x8451,0x632C,0x7BEF,0x6B8E,0x3229,0x1966,0x636E,0xAD55,0xAD76,0xB596,
0xB5B6,0xBDD7,0xBDF7,0xBDF8,0xC639,0xCE59,0xCE59,0xCE7A,0xD69A,0xCE59,0xC639,0xCE79,0xCE59,0xCE59,0xC638,0x5ACA,
0x2944,0x4A28,0x39A6,0x1061,0x0841,0x4A49,0xCE59,0x5AEB,0x0820,0x0820,0x5289,0x5269,0x5ACB,0x8C50,0xA513,0x9CD3,
0x94B2,0xD6BA,0x94B2,0x1082,0x10A2,0x0020,0x0820,0x0820,0x20E3,0xBDD6,0x41C7,0x0820,0x3186,0xAD55,0xCE79,0x630C,
0x2104,0x4A48,0x2945,0x0820,0x0820,0x0820,0x10A2,0x9CD3,0xCE79,0xAD75,0x2945,0x0861,0x0840,0x0840,0xB5B6,0xD69A,
0xD67A,0xCE79,0xCE79,0xCE79,0xD6BA,0xD69A,0xB596,0x0020,0x2965,0xC618,0xDEFB,0xD6BB,0xD69A,0xD69A,0xD69A,0xB596,
0x528A,0x2924,0x1061,0x1040,0x1020,0x1040,0x8B61,0xDCA0,0xE4E0,0xED40,0xED60,0xED40,0xED20,0xED20,0xED00,0xE4E0,
0x020A,0x020A,0x01CA,0x01C9,0x01A9,0x01A9,0x0188,0x0147,0x0126,0x1945,0x8404,0x2A69,0x01CC,0x020D,0x0A2E,0x0A0E,
0x020D,0x020D,0x020D,0x01ED,0x01ED,0x0A0D,0x1A2B,0x5B48,0xA483,0x9C42,0x93E1,0x9401,0x8BE4,0x52E7,0x09ED,0x020D,
0x020D,0x09CD,0x3A68,0x6B85,0x8BE2,0x8BA2,0x8382,0x8B82,0x93C2,0x9401,0x9421,0x9421,0x9422,0x9443,0x9C22,0x9C41,
0x9C42,0x9C22,0x93E2,0x8BE1,0x6324,0x2A27,0x09EC,0x01EC,0x09ED,0x01CC,0x01EC,0x020C,0x01EC,0x01CD,0x01ED,0x020E,
0x09EE,0x21EA,0x6345,0x93E1,0x93C1,0x9402,0x9422,0x9C22,0x9C22,0x9443,0x9422,0x9C22,0x9C62,0x9462,0x9422,0x9401,
0x9402,0x93E2,0x93E2,0x83A4,0x3267,0x09CC,0x1189,0x1147,0x0947,0x0968,0x0947,0x19C9,0x19C9,0x19C9,0x19C8,0x19A8,
0x1187,0x1187,0x1167,0x0926,0x1967,0x2187,0x1966,0x21A7,0x29E8,0x21E8,0x21C8,0x21C8,0x2A09,0x29E8,0x3208,0x3A49,
0x3208,0x3229,0x21C7,0x3229,0x324A,0x21C8,0x1187,0x1187,0x1987,0x1987,0x1987,0x1986,0x1966,0x1966,0x1105,0x0905,
0x1987,0x1987,0x1966,0x08E4,0x1125,0x1146,0x1147,0x1166,0x1146,0x29E8,0x31E8,0x2166,0x1946,0x1125,0x1125,0x1145,
0x1946,0x1966,0x2186,0x2187,0x1966,0x2187,0x1966,0x2187,0x1967,0x1105,0x08E5,0x0905,0x0926,0x1966,0x1946,0x21A7,
0x29C7,0x31C7,0x1945,0x1945,0x1125,0x1145,0x1145,0x1946,0x1966,0x1945,0x29C7,0x426A,0x52AA,0x2125,0x10C3,0x3A08,
0x4269,0x2986,0x4A8A,0x3A07,0x3A07,0x2145,0x1925,0x2166,0x3A29,0x4AAA,0x3A28,0x3208,0x3208,0x4269,0x4A69,0x4A8A,
0x52AA,0x4A69,0x4AAA,0x4269,0x5B0B,0x6B6D,0x8410,0x8C91,0x636D,0x426A,0x52EB,0x636D,0x73EF,0x52CB,0x52AA,0x630C,
0x8450,0xBDF7,0xA534,0x9CF2,0xA554,0x6B8D,0x7BEF,0x8430,0x5B0C,0x738E,0x5B0D,0x31E8,0x8CB3,0xB5B6,0xB596,0xB596,
0xB5B7,0xBDD7,0xC618,0xC638,0xC638,0xCE59,0xC639,0xCE59,0xD67A,0xCE59,0xCE59,0xC618,0xC618,0xC618,0xBDF7,0xBDD7,
0x6B6D,0x3185,0x4A48,0x2104,0x18C3,0x6B6D,0xCE79,0x4A48,0x0820,0x0820,0xAD75,0xBDF7,0x8C50,0x5AAA,0x3186,0x1082,
0x5ACB,0xCE79,0xAD75,0x2104,0x39C7,0x0861,0x0820,0x0820,0x0840,0xBDF8,0x630C,0x0820,0x18A2,0x736D,0xD69A,0x9492,
0x18E3,0x4208,0x3165,0x0820,0x0820,0x0820,0x31A6,0xBDD7,0xC618,0x7BCF,0x0840,0x0840,0x0840,0x0820,0xAD55,0xD69A,
0xCE59,0xDEDB,0xDEDB,0xD69A,0xD6BB,0xDEDB,0x6B2C,0x1082,0x5B0C,0xD6BA,0xDEFC,0xDEDB,0xDEDB,0xE71C,0xE71C,0xDEFC,
0xD6BA,0x7BCF,0x1041,0x1040,0x0840,0x28E0,0xC482,0xDCC0,0xE500,0xED40,0xED60,0xED40,0xED20,0xED20,0xED00,0xE4E0,
0x024B,0x024B,0x020B,0x01EA,0x01A9,0x0188,0x0188,0x0147,0x0126,0x1146,0x8C25,0x2A69,0x01CC,0x020D,0x020D,0x0A0E,
0x020E,0x020D,0x0A0E,0x020D,0x020D,0x020D,0x122B,0x5B27,0xA463,0xA462,0x9402,0x9422,0x9404,0x5307,0x09ED,0x01ED,
0x01EC,0x020D,0x11EB,0x3A87,0x83E3,0x9402,0x93E2,0x8B82,0x8B82,0x93E1,0x9C02,0x9C21,0x9402,0x9C02,0x9C22,0x9C22,
0x9C43,0x9402,0x93E2,0x8BE1,0x7384,0x52C7,0x19E9,0x09EC,0x020D,0x01CC,0x01EC,0x020C,0x01CC,0x01CC,0x01ED,0x01ED,
0x19EB,0x42C9,0x73A5,0x9401,0x93E2,0x93E2,0x9422,0x9C43,0xA443,0x93E1,0x8BE2,0x93E2,0x9C23,0x9C42,0x9C41,0x9402,
0x93A2,0x8B60,0x83A4,0x52E7,0x11CA,0x09CC,0x11A9,0x1147,0x0947,0x0988,0x1168,0x19C9,0x19C9,0x19C9,0x11A8,0x11A8,
0x1187,0x1187,0x1167,0x0926,0x1146,0x1987,0x1966,0x21A7,0x29E8,0x21E8,0x19A7,0x21C8,0x29E9,0x21A7,0x29E8,0x3229,
0x2A09,0x21E8,0x21C8,0x3A8B,0x2A09,0x1167,0x1187,0x1167,0x1166,0x1986,0x1986,0x1986,0x1125,0x1966,0x0904,0x1105,
0x1966,0x1986,0x1145,0x08E4,0x1125,0x1126,0x1146,0x1166,0x1966,0x29C8,0x2186,0x1966,0x1966,0x08E4,0x0905,0x0905,
0x08E4,0x0905,0x1125,0x1125,0x1946,0x1946,0x1966,0x2187,0x21A7,0x2187,0x0905,0x08E5,0x0905,0x1125,0x1125,0x29A7,
0x29C7,0x29A6,0x31E8,0x1945,0x1125,0x1966,0x1125,0x1126,0x1146,0x1966,0x2166,0x3A29,0x4AAB,0x6B4E,0x31A7,0x2986,
0x3A28,0x2986,0x31E8,0x2145,0x4269,0x2165,0x1904,0x18E4,0x2145,0x29A6,0x426A,0x29A6,0x4269,0x632C,0x5B0C,0x5ACB,
0x528A,0x52AA,0x31C6,0x29A6,0x4A69,0x5B2C,0x9CD3,0xBDF7,0xAD75,0x5B2D,0x2166,0x31E8,0x636D,0x8C92,0x5B0B,0x630C,
0x7C0F,0xA554,0x9D34,0x5B0B,0x9491,0xB575,0x73AE,0x94B2,0x52AA,0x4A8A,0x634D,0x632D,0xA555,0xAD96,0xAD76,0xB5B7,
0xBDD7,0xBDF8,0xB5B6,0xC618,0xC639,0xC618,0xC618,0xC618,0xCE79,0xCE7A,0xC618,0xBDD7,0xBDF7,0xC618,0xC638,0xC638,
0xB5B6,0x4228,0x3186,0x2945,0x2945,0x8C71,0xC638,0x2965,0x0820,0x1061,0xBE18,0x738E,0x2124,0x1061,0x0840,0x18C3,
0x5AEB,0xD69A,0xB5B6,0x18E3,0x4A49,0x18E3,0x0820,0x0820,0x0820,0xAD75,0x738E,0x0820,0x1041,0x5269,0xC639,0xA535,
0x3186,0x39C7,0x3165,0x0820,0x0820,0x1082,0x5B0C,0xCE7A,0xAD55,0x39E7,0x0820,0x0840,0x0840,0x0820,0x94B2,0xC638,
0xD67A,0xDEDB,0xDEFB,0xD6BB,0xDEDB,0xCE59,0x41E7,0x2124,0x8C72,0xDEDB,0xDF1C,0xE71C,0xE73D,0xDEFC,0xCE7A,0xC638,
0xCE99,0x634C,0x1061,0x0820,0x0840,0x49A2,0xD4E2,0xDD00,0xE520,0xF540,0xED60,0xED40,0xED20,0xED20,0xE500,0xE4E0,
0x026C,0x026C,0x024C,0x022B,0x01C9,0x0188,0x0188,0x0167,0x0127,0x1145,0x9445,0x3289,0x09ED,0x0A0D,0x020D,0x0A0E,
0x020D,0x020E,0x022E,0x020E,0x020E,0x020D,0x1A4C,0x5B28,0x9C22,0x9C42,0x9C22,0x9C22,0x9404,0x5B28,0x09ED,0x020E,
0x01ED,0x01ED,0x0A0E,0x09ED,0x3AC9,0x7C05,0x9463,0x9C63,0x9422,0x93C2,0x93E2,0x9C21,0x9C02,0x9402,0x9C22,0x9C22,
0x9C02,0x9C02,0x9C22,0x9C43,0x9423,0x9403,0x8C04,0x4AE7,0x2A49,0x0A0C,0x09CD,0x01AC,0x01CC,0x09CB,0x2209,0x4AA6,
0x7BA4,0x8BC3,0x8BC2,0x9C02,0x9C02,0x9C02,0x8BC1,0x8BA1,0x93A1,0x9C22,0x9C62,0x9C62,0x9C42,0x9C22,0x9C02,0x9BE2,
0x9403,0x83E5,0x3269,0x11EB,0x01ED,0x09CB,0x11CA,0x1168,0x0967,0x1188,0x1188,0x19C9,0x19A9,0x11A9,0x11A8,0x1188,
0x19A8,0x1187,0x1167,0x0926,0x0926,0x1126,0x1966,0x1987,0x19A7,0x1987,0x19A8,0x21C8,0x2187,0x21A7,0x2A09,0x3208,
0x21E8,0x19A8,0x2A09,0x1988,0x1167,0x1167,0x1167,0x1167,0x1166,0x1146,0x1125,0x1145,0x1145,0x1966,0x10E5,0x1105,
0x1966,0x1966,0x1125,0x08E4,0x1125,0x1126,0x1146,0x1946,0x2987,0x2166,0x1945,0x31E9,0x3A2A,0x29E8,0x1125,0x1105,
0x08E4,0x08E4,0x08E4,0x1105,0x10E4,0x10E4,0x1105,0x1966,0x1166,0x1966,0x21A7,0x1966,0x1105,0x1105,0x10E4,0x1125,
0x29A7,0x29C7,0x29C7,0x2187,0x21A7,0x1945,0x1966,0x1946,0x1146,0x1986,0x21A6,0x1965,0x3A28,0x4A6A,0x5B0C,0x39E7,
0x31A6,0x10E4,0x10C4,0x10E3,0x1945,0x29C6,0x1924,0x2145,0x1104,0x10E4,0x1925,0x428A,0x3A49,0x426A,0x52AB,0x52CB,
0x632C,0x634D,0x638D,0x5AEB,0x4A69,0x4248,0x4A49,0x8C71,0xAD55,0x9CD3,0x636D,0x29A7,0x1945,0x52CB,0x8431,0x8430,
0x7BEF,0x94D2,0x9D14,0x4249,0x5AEC,0xB554,0xA513,0x94B2,0x8450,0x39E7,0x4AAA,0x8451,0xAD55,0xB596,0xB596,0xB596,
0xBDD7,0xBDF7,0xBDF8,0xB5B7,0xBDF8,0xC638,0xCE59,0xC639,0xC638,0xCE59,0xCE79,0xCE79,0xC639,0xBDF7,0xC618,0xBDD7,
0xBDD7,0xA534,0x4A69,0x18E3,0x528A,0xBDF7,0xAD75,0x1061,0x0820,0x2124,0xBDD7,0x2944,0x0820,0x0820,0x1081,0x31A6,
0x5ACB,0xD6BA,0xD69A,0x18E3,0x4A69,0x31A6,0x0820,0x0820,0x0820,0x8430,0x8C71,0x1061,0x0820,0x2945,0xBDB7,0xBDD7,
0x6B4D,0x31A6,0x3986,0x0820,0x0820,0x4208,0xAD96,0xC618,0x528A,0x0020,0x0820,0x0840,0x0840,0x0820,0x6B4D,0xCE79,
0xCE59,0xD69A,0xDEDB,0xD6BA,0xC638,0x6B6D,0x1061,0x6B4D,0xD6BB,0xDEDB,0xDF1C,0xDEFC,0xDEFC,0xBDF7,0xB5B7,0xCE9A,
0x7BEF,0x0861,0x0840,0x0841,0x1041,0x7AC3,0xD4C0,0xE500,0xED60,0xF540,0xF540,0xED40,0xED20,0xE500,0xE4E0,0xDCC0,
0x0A6C,0x0A6C,0x0A4C,0x0A2B,0x01C9,0x0188,0x0188,0x0188,0x0168,0x1966,0x8C45,0x3289,0x09EC,0x020D,0x020D,0x01ED,
0x020D,0x020D,0x022E,0x022E,0x020E,0x020D,0x124C,0x5B48,0x9422,0x9401,0x9C22,0x9C42,0x8BE3,0x5B08,0x09ED,0x09EE,
0x09ED,0x09EE,0x0A0E,0x01CD,0x09CC,0x2A6A,0x5B48,0x9445,0xA482,0xA442,0x9C02,0x9402,0x93E2,0x93C1,0x9C22,0x9C22,
0x9C42,0xA442,0x9C42,0x9C22,0x8BE2,0x8BA2,0x9402,0x9423,0x83E6,0x42C8,0x09EC,0x01ED,0x09CB,0x4288,0x7BC5,0x9443,
0x9C02,0x9C02,0x93E2,0x9C02,0x9C22,0xA442,0x9C42,0x9C42,0x9C22,0x9C42,0x9C21,0x93E1,0x93E1,0x93E2,0x9C23,0x8C05,
0x5327,0x2248,0x01CC,0x09CC,0x01CC,0x01CB,0x11CA,0x09A9,0x1167,0x1188,0x1188,0x19A9,0x11A8,0x1188,0x1188,0x1188,
0x1188,0x1187,0x1167,0x0947,0x0926,0x0926,0x1146,0x1987,0x1987,0x1987,0x19A8,0x19A7,0x21A7,0x21C8,0x2A09,0x31E8,
0x29E8,0x29E8,0x29E8,0x1146,0x1966,0x1146,0x1967,0x1146,0x1146,0x0905,0x08E4,0x08E5,0x1105,0x1966,0x1925,0x1105,
0x1946,0x1946,0x1125,0x08E4,0x1125,0x0946,0x1146,0x1945,0x29A7,0x1125,0x1125,0x21A7,0x21A7,0x29C8,0x29C8,0x2187,
0x1105,0x08E4,0x08E4,0x10E4,0x08C4,0x08C4,0x08E4,0x0904,0x0905,0x0925,0x1966,0x1966,0x08E4,0x10E4,0x08E4,0x08C4,
0x1125,0x1986,0x29A8,0x29C8,0x3A4A,0x2166,0x1925,0x1145,0x1966,0x1966,0x21A6,0x1986,0x1945,0x3A08,0x4A8A,0x6B6D,
0x4249,0x1904,0x10C3,0x08E4,0x1925,0x3A49,0x4AAA,0x52AB,0x426A,0x2987,0x1104,0x31E7,0x4269,0x21A6,0x3A49,0x3A28,
0x2186,0x31E7,0x738E,0x7BEF,0x73CE,0x73AE,0x632C,0x5B0B,0x8410,0x6B4C,0x634D,0x7410,0x2986,0x2165,0x31E8,0x428B,
0x634C,0x8450,0xA553,0x3A49,0x3A49,0x6B6D,0x94D2,0xBE17,0xBDD6,0x6B6C,0x4228,0x6B6D,0xAD55,0xAD55,0xAD76,0xAD76,
0xB596,0xBDD7,0xC618,0xC618,0xC639,0xCE59,0xCE59,0xCE59,0xCE79,0xCE59,0xCE79,0xC639,0xC638,0xC618,0xC618,0xC618,
0xC618,0xC638,0xB596,0x4228,0x9492,0xD69A,0x94B2,0x0820,0x0820,0x4A49,0xA534,0x1082,0x0840,0x0840,0x2104,0x4208,
0x52AA,0xD69A,0xD6BA,0x10A2,0x4A28,0x39E7,0x0820,0x0820,0x0820,0x630C,0x9CB3,0x18A2,0x0820,0x18C3,0xA534,0xCE59,
0x94B2,0x3186,0x3186,0x0820,0x1061,0x8C51,0xCE79,0xA534,0x1061,0x0820,0x0820,0x0820,0x0840,0x0820,0x39C7,0xAD35,
0xCE7A,0xCE9A,0xD69A,0xD6DB,0x94B2,0x20E3,0x0840,0xC618,0xDF1C,0xD69A,0xE71C,0xE73C,0xD69A,0xB596,0xC618,0xDEFB,
0x1903,0x0840,0x0840,0x0820,0x20A0,0xA3A2,0xDCC0,0xE520,0xED60,0xF540,0xF540,0xED20,0xE500,0xE500,0xE4E0,0xDCA0,
0x0A6C,0x0A6C,0x126C,0x0A2B,0x01EA,0x01A9,0x01C9,0x01CA,0x09C9,0x21C8,0x9444,0x3289,0x09EC,0x0A0D,0x01ED,0x01ED,
0x020D,0x0A0E,0x022E,0x020E,0x020E,0x020E,0x1A4C,0x5B68,0x9422,0x93E1,0x9402,0x9422,0x8BE3,0x5B07,0x09ED,0x01ED,
0x020D,0x020D,0x01ED,0x09ED,0x01EC,0x09ED,0x1A2C,0x42E9,0x7BE7,0x9426,0x9C64,0x9C63,0x9C43,0x9402,0x93E2,0x9C22,
0xA443,0x9C01,0x9C22,0xA442,0x9C22,0x9402,0x8BE2,0x9402,0x9423,0x7BC5,0x2A89,0x09EB,0x3269,0x7BC6,0x9403,0x9422,
0x9402,0x9402,0x9C02,0x9402,0x9C22,0x9C42,0x9C42,0x9C22,0x9401,0x9C22,0x9C41,0x9C43,0x9424,0x83E5,0x7366,0x3AA8,
0x1A2A,0x09CB,0x01AB,0x01CB,0x01CB,0x01AB,0x09CB,0x11CA,0x0967,0x1167,0x1188,0x19C9,0x11A8,0x1188,0x1188,0x1188,
0x1188,0x1187,0x1167,0x1147,0x0946,0x1147,0x1146,0x1987,0x1987,0x1987,0x1987,0x19A7,0x29E8,0x21C8,0x21C8,0x29E8,
0x3228,0x3208,0x29E8,0x1145,0x1146,0x1966,0x1946,0x1146,0x1125,0x0905,0x0904,0x0904,0x1125,0x2186,0x1946,0x08C4,
0x1125,0x1146,0x1105,0x08E4,0x1105,0x1146,0x1146,0x2166,0x2166,0x1105,0x0905,0x1146,0x1146,0x1946,0x1966,0x1146,
0x1125,0x0904,0x0905,0x08E4,0x08C3,0x08A3,0x08A3,0x08C4,0x08E4,0x10E4,0x1125,0x1105,0x08C4,0x08E4,0x1105,0x0905,
0x08E4,0x1105,0x21A7,0x2187,0x29A7,0x29C7,0x1925,0x1125,0x1946,0x1966,0x1965,0x2186,0x1945,0x2186,0x3208,0x636D,
0x6B8E,0x3A07,0x10E3,0x08C4,0x2166,0x4269,0x52AA,0x632D,0x7C10,0x6B6E,0x52CB,0x4A8A,0x426A,0x29A6,0x2165,0x31E8,
0x530C,0x31E7,0x52AA,0x738E,0x5AEB,0x73AE,0x8430,0x8410,0x8430,0x840F,0x3A08,0x73CF,0x632C,0x2985,0x2187,0x21A7,
0x4269,0x7BEE,0xAD94,0x3A69,0x3228,0x4ACB,0x4B0B,0x7430,0xBE18,0x9CF3,0x52AA,0x5B0C,0xA535,0xAD55,0xAD75,0xB596,
0xB596,0xB5B7,0xC618,0xC639,0xC638,0xCE59,0xCE59,0xCE59,0xCE59,0xCE59,0xD69A,0xCE59,0xCE59,0xC618,0xC639,0xC638,
0xC638,0xC638,0xC618,0xA514,0xBDD7,0xC638,0x7BEF,0x0820,0x0820,0x6B4D,0x8C71,0x1061,0x0820,0x0861,0x3186,0x4228,
0x528A,0xCE59,0xD6BA,0x18C3,0x4208,0x4248,0x0820,0x0820,0x0820,0x4A49,0x9492,0x20E3,0x0820,0x1082,0x9492,0xCE59,
0xB596,0x31A6,0x2945,0x0820,0x31A6,0xBDF7,0xCE59,0x6B6D,0x0840,0x0820,0x0820,0x0820,0x0820,0x0820,0x10A2,0x62EB,
0xC639,0xC659,0xD6BA,0xDEFB,0x5AEB,0x0861,0x2944,0xE71C,0xDF1C,0xD6BB,0xE71C,0xDEFC,0xC638,0xBDF8,0xCE99,0x94D2,
0x0841,0x0840,0x0840,0x1040,0x4161,0xBC42,0xE500,0xE560,0xED80,0xF540,0xED40,0xED20,0xED20,0xE500,0xE4E0,0xDCA0,
0x026C,0x0A6D,0x128D,0x0A6C,0x0A6C,0x0A2B,0x022C,0x020C,0x09EB,0x2208,0x9CA5,0x3268,0x09CC,0x0A0D,0x09ED,0x01CD,
0x01EC,0x0A0D,0x0A2E,0x022E,0x020D,0x020D,0x120B,0x5B47,0xA463,0x9C22,0x93E2,0x9422,0x9404,0x5B07,0x01EC,0x01EC,
0x01ED,0x020D,0x022D,0x0A2E,0x09ED,0x01ED,0x020E,0x0A2F,0x124E,0x1A6C,0x2A8B,0x5B47,0x9C64,0xAC83,0x93E1,0x9C02,
0x9C02,0x93C1,0x93C1,0x93E1,0x9C42,0x9C42,0x9C22,0x9C22,0x9402,0x9402,0x7BE5,0x6B46,0x83C5,0x93C2,0x93E2,0x9422,
0x9C22,0x9422,0x9402,0x9402,0x9C02,0x9402,0x9C02,0x9C22,0x9402,0x9C22,0x8C24,0x6368,0x2A8A,0x222A,0x11CB,0x01EC,
0x020C,0x01ED,0x01CC,0x01CB,0x01CB,0x01AB,0x01AB,0x09EB,0x0947,0x1167,0x1188,0x19C9,0x11A8,0x1188,0x1188,0x1187,
0x1188,0x1187,0x1167,0x1167,0x1967,0x1987,0x1987,0x21C7,0x21C8,0x19A7,0x1987,0x21A7,0x3209,0x19A7,0x21A8,0x3208,
0x3A08,0x3A08,0x3208,0x21A7,0x1166,0x1146,0x1146,0x1126,0x1105,0x0905,0x1125,0x1946,0x1945,0x1966,0x2187,0x08C4,
0x08E4,0x0905,0x08E4,0x08E4,0x1105,0x1146,0x2167,0x29A7,0x1946,0x1966,0x1146,0x08C4,0x08C4,0x08C4,0x08C4,0x08E4,
0x08E4,0x10E5,0x1105,0x0904,0x08C4,0x0883,0x0862,0x0082,0x08A3,0x08C3,0x08C3,0x08A3,0x0882,0x08C4,0x08E5,0x1125,
0x1126,0x0905,0x1105,0x21A7,0x21A7,0x29A7,0x29C7,0x2145,0x1925,0x1966,0x1966,0x1966,0x29E8,0x1966,0x1145,0x428A,
0x634D,0x73CE,0x29A6,0x10E4,0x1145,0x21A7,0x31E8,0x4249,0x8430,0x8C51,0x6B6D,0x738E,0x738E,0x5ACB,0x52AA,0x31C7,
0x4249,0x5B0C,0x3A07,0x4248,0x632C,0x4A69,0x5269,0x6B0C,0x7BCE,0x9CB2,0x4A8A,0x29A6,0x73CE,0x52AA,0x29A7,0x2186,
0x29C7,0x4289,0xA554,0x636D,0x428A,0x42CB,0x2229,0x19E8,0x7430,0xCE79,0x8C50,0x6B2C,0xA514,0xAD55,0xAD75,0xB596,
0xB596,0xB5B7,0xB596,0xC618,0xC618,0xC618,0xC618,0xC639,0xCE7A,0xCE7A,0xCE79,0xCE79,0xCE79,0xCE59,0xCE59,0xC638,
0xC638,0xC618,0xBDF7,0xBDD7,0xC618,0xBDD7,0x4A49,0x0840,0x1082,0xAD55,0x5ACA,0x0820,0x0840,0x10A2,0x4208,0x4208,
0x4A69,0xCE79,0xE71C,0x2104,0x39E7,0x4A49,0x0800,0x0820,0x0820,0x2965,0x7BEF,0x2945,0x0820,0x1061,0x9492,0xC618,
0xBDF8,0x4A49,0x1061,0x2124,0x8C51,0xBDF7,0x9492,0x18A2,0x0820,0x0820,0x0820,0x0820,0x0820,0x0820,0x0020,0x1082,
0x8C72,0xCE9A,0xD6BB,0x9491,0x0861,0x0841,0x8C51,0xDEDB,0xDEDB,0xDEDB,0xDEDB,0xCE9A,0xC638,0xD69A,0xAD55,0x2123,
0x0840,0x0840,0x0840,0x3101,0x9362,0xD4E1,0xE540,0xED80,0xF580,0xF560,0xED60,0xED40,0xED20,0xE500,0xE500,0xE4C0,
0x026D,0x026C,0x0A6D,0x0A6D,0x026D,0x026C,0x0A4C,0x020C,0x01EB,0x2209,0xA4E6,0x32A9,0x09CC,0x020D,0x020D,0x020D,
0x020D,0x01ED,0x01ED,0x020D,0x01ED,0x01ED,0x120B,0x5B27,0x9C42,0x9C43,0x9C23,0x9422,0x9404,0x5B07,0x09EC,0x01ED,
0x020D,0x0A2E,0x022F,0x0A2F,0x01ED,0x0A0D,0x022E,0x022F,0x0271,0x0A70,0x0A71,0x42C9,0x9C85,0xACC3,0xA462,0xA441,
0xA441,0x9C63,0x8C05,0x8C06,0x9C43,0x9C41,0x9C21,0xAC83,0x9C62,0x9C63,0x9402,0x9402,0x93E2,0x9401,0x9422,0x9C42,
0x9C21,0x9C22,0x9423,0x83A3,0x7383,0x8BC3,0x93E2,0x93E2,0x93E2,0x9C03,0x83E4,0x3268,0x020E,0x020D,0x01ED,0x01ED,
0x020D,0x020D,0x09ED,0x01CC,0x01CC,0x01CB,0x01AB,0x09AB,0x1188,0x1187,0x1188,0x19C9,0x19A8,0x1188,0x1188,0x1188,
0x1188,0x19A8,0x1167,0x1147,0x1987,0x2187,0x21A7,0x21A7,0x21C8,0x1987,0x1987,0x21A7,0x29C8,0x21C8,0x29E9,0x3209,
0x31E7,0x31E7,0x29E7,0x21A7,0x1146,0x1167,0x0947,0x1126,0x1966,0x2166,0x1966,0x1105,0x1105,0x1105,0x1105,0x10E4,
0x08C4,0x08C4,0x08C4,0x08C4,0x10E4,0x2187,0x29A7,0x1925,0x1966,0x324A,0x3A8B,0x1105,0x08C4,0x08A4,0x08C4,0x08C4,
0x10C4,0x10E4,0x08E4,0x0904,0x10E4,0x08A3,0x0882,0x0062,0x0082,0x0882,0x0882,0x0882,0x08A2,0x08E4,0x0904,0x0905,
0x1126,0x1105,0x10E5,0x1926,0x1966,0x21A7,0x2186,0x31C8,0x2186,0x1945,0x1966,0x1966,0x1926,0x21A7,0x21C7,0x2166,
0x3208,0x6B6D,0x8C71,0x634D,0x1966,0x1986,0x29C7,0x3A28,0x7BEF,0x8C51,0x5B0C,0x6B6D,0x7C10,0x73AE,0x5B2C,0x52CA,
0x2185,0x52CB,0x4A69,0x4A69,0x7BEF,0x738E,0x4208,0x5289,0x6B4C,0x840F,0x73CF,0x2186,0x4269,0x94B2,0x5ACB,0x4A48,
0x3A28,0x31C6,0x73EE,0x8471,0x4A8B,0x52EC,0x2209,0x11C8,0x2249,0x9513,0xB595,0x83EF,0x9CD3,0xAD55,0xAD55,0xAD76,
0xAD76,0xB596,0xB5B6,0xBDF7,0xC618,0xC638,0xCE59,0xCE79,0xCE7A,0xD69A,0xD69A,0xCE59,0xCE79,0xCE59,0xCE59,0xC618,
0xC618,0xC618,0xC618,0xBDD7,0xCE59,0xAD75,0x2124,0x0840,0x2124,0xC617,0x3165,0x0820,0x0820,0x18C3,0x4A49,0x39E7,
0x4A69,0xCE59,0xEF5D,0x3186,0x4208,0x4A69,0x0820,0x0820,0x0840,0x2124,0x738E,0x3185,0x0820,0x0861,0x8C51,0xBDD7,
0xBDD7,0x6B4D,0x10A2,0x9492,0xBDF7,0x9CF3,0x39C7,0x0820,0x0840,0x1040,0x0820,0x0820,0x0820,0x0820,0x0840,0x0821,
0x3186,0xC638,0xBE18,0x31A6,0x1061,0x39E7,0xC618,0xDEFC,0xDEFB,0xDEFC,0xC639,0xBDF7,0xD69A,0x9492,0x3186,0x0861,
0x0820,0x0820,0x0861,0x5A01,0xCCC3,0xDD00,0xED60,0xED80,0xF580,0xF580,0xED60,0xED40,0xE500,0xE500,0xE4E0,0xE500,
0x026D,0x0A6D,0x026D,0x026D,0x026D,0x026D,0x026C,0x020C,0x01EB,0x2208,0xAD26,0x3AEA,0x0A0D,0x020E,0x020E,0x022E,
0x020D,0x01ED,0x01ED,0x020D,0x020D,0x01ED,0x1A0B,0x6328,0xA442,0x9C22,0x9C22,0x9401,0x8BE3,0x5B08,0x09ED,0x020D,
0x020D,0x0A2E,0x022F,0x0A4E,0x020D,0x01ED,0x0A0D,0x022F,0x024F,0x024F,0x0270,0x5329,0xA4A5,0xACC3,0xAC82,0xAC82,
0xA461,0x8C45,0x4B29,0x42EA,0x7BE5,0x9463,0x9C42,0xA441,0x9C61,0x9C63,0x9C22,0x93E1,0x9BE1,0x9BE2,0x9402,0x9402,
0x9C22,0x9C23,0x7BA6,0x3A86,0x3AA7,0x7BC5,0x9BE2,0x9BE2,0x93E2,0x9422,0x8BE3,0x3A88,0x01ED,0x01ED,0x01ED,0x01ED,
0x01CD,0x01EC,0x09EC,0x09CC,0x01AC,0x01AB,0x01AB,0x09AB,0x11A9,0x1167,0x1188,0x19C8,0x11A8,0x11A8,0x1188,0x1188,
0x1188,0x1187,0x1167,0x1146,0x1967,0x1987,0x2187,0x2187,0x29C7,0x21A7,0x21C8,0x29E8,0x21A8,0x19A8,0x21E9,0x3208,
0x31E8,0x29C7,0x29C7,0x29A7,0x1946,0x1146,0x0926,0x1146,0x2187,0x29C7,0x2986,0x1925,0x0904,0x0905,0x08E4,0x08E4,
0x08C3,0x08A3,0x08C3,0x08A3,0x1104,0x29C7,0x1925,0x1125,0x1166,0x21E8,0x2A08,0x1966,0x1125,0x08E4,0x08C4,0x08C4,
0x08C4,0x08A4,0x08A4,0x10C4,0x10C4,0x08A3,0x0883,0x0883,0x0883,0x0883,0x0062,0x0862,0x0062,0x10C4,0x1125,0x1125,
0x1126,0x1126,0x1105,0x1125,0x1125,0x21A7,0x2186,0x2186,0x29C8,0x2167,0x1946,0x1946,0x1945,0x1946,0x21A7,0x2166,
0x2986,0x3A08,0x634D,0x6B8E,0x426A,0x2145,0x2186,0x31E7,0x636D,0x634D,0x4A69,0x5ACB,0x73AE,0x73AF,0x5AEB,0x5B0B,
0x4AA9,0x29E7,0x5AEC,0x4A8A,0x6B4C,0x7BCF,0x4249,0x4A89,0x52CA,0x6B6C,0x7C30,0x4269,0x31E7,0x94B2,0x9471,0x736D,
0x52CA,0x3A07,0x52EA,0xA534,0x634C,0x5B2C,0x324A,0x11A8,0x19E8,0x5B6D,0xA554,0x9491,0x9CF3,0xA535,0xAD55,0xAD75,
0xB596,0xB596,0xBDF7,0xBDF8,0xC618,0xC618,0xCE59,0xCE79,0xCE59,0xCE7A,0xCE59,0xCE79,0xCE79,0xCE79,0xCE79,0xC638,
0xC639,0xC638,0xC638,0xC618,0xCE59,0xA534,0x18A2,0x0840,0x31A6,0xC638,0x18C3,0x0820,0x0840,0x18E3,0x4A69,0x39C7,
0x4228,0xC618,0xEF5D,0x3186,0x39E7,0x528A,0x0841,0x0841,0x0841,0x20E3,0x6B4D,0x3185,0x0820,0x0841,0x8430,0xBDD7,
0xBDD7,0x8C51,0x4208,0xBDD7,0xC638,0x630C,0x1061,0x0820,0x0820,0x0840,0x0820,0x0820,0x0820,0x0840,0x0840,0x0820,
0x1061,0x738E,0x738E,0x1082,0x2124,0x8430,0xD6BA,0xDEDB,0xD69A,0xCE39,0xD67A,0xCE79,0xA534,0x3165,0x1061,0x0860,
0x0820,0x0820,0x0840,0x82E2,0xD4E1,0xE520,0xED60,0xF580,0xF580,0xED80,0xED60,0xED60,0xE500,0xE500,0xE4E0,0xE500,
0x0A6D,0x0A6D,0x026D,0x026D,0x0A6D,0x026D,0x026C,0x020C,0x09EB,0x1A08,0xA526,0x3AEB,0x0A4E,0x022E,0x020E,0x022E,
0x022E,0x020D,0x01CD,0x020D,0x020D,0x01ED,0x120B,0x6348,0xA442,0x9C22,0x9C02,0x9C22,0x9404,0x5B49,0x022E,0x022E,
0x022E,0x024F,0x024F,0x0A4F,0x0A4E,0x0A0D,0x020D,0x024F,0x020E,0x022E,0x022E,0x6367,0xA484,0xAC82,0xAC83,0xAC83,
0xB4A3,0x63A8,0x1A2B,0x122F,0x11EC,0x3289,0x7BE5,0xA442,0xA402,0x9C22,0x9422,0x9C62,0x9C23,0x9C22,0x9C23,0x9C02,
0x83C6,0x4AE9,0x11EB,0x01EE,0x09CB,0x5B67,0x9C42,0x9C02,0x93E2,0x9402,0x9443,0x5B26,0x09EB,0x01ED,0x0A0D,0x01ED,
0x01ED,0x01ED,0x01EC,0x01CC,0x01CC,0x01AB,0x01AB,0x01AB,0x09AA,0x11A9,0x1188,0x11A8,0x11A8,0x11A9,0x1188,0x1188,
0x1188,0x1167,0x1167,0x0926,0x1146,0x1147,0x1967,0x2187,0x29A7,0x3208,0x29E9,0x2A09,0x1968,0x1188,0x1187,0x1946,
0x29C8,0x29C7,0x29C7,0x29A7,0x2166,0x1946,0x1125,0x2187,0x29A7,0x29A7,0x2986,0x2165,0x1965,0x1145,0x1104,0x08C3,
0x08A3,0x08A3,0x0883,0x0883,0x1104,0x1945,0x1104,0x1145,0x1125,0x1105,0x0905,0x08E4,0x08E4,0x08E4,0x1104,0x08C4,
0x08A3,0x08A3,0x0883,0x0883,0x0883,0x0883,0x0883,0x08A3,0x08A3,0x0882,0x10C4,0x0883,0x0063,0x10E5,0x1926,0x1125,
0x1126,0x1126,0x1125,0x1105,0x0905,0x1124,0x21A6,0x1966,0x1946,0x29A7,0x10E5,0x08E4,0x1125,0x1946,0x1946,0x2187,
0x3208,0x3A29,0x3A08,0x4A89,0x6B6D,0x6B8D,0x2965,0x1924,0x29A6,0x2986,0x2965,0x31C7,0x4249,0x4A8A,0x5B0C,0x5AEB,
0x6BAD,0x2166,0x5B0C,0x5AEC,0x4228,0x5AEB,0x5AEC,0x31A7,0x3A08,0x4A89,0x7BEF,0x7C10,0x4269,0x5ACB,0xB595,0xAD54,
0x7BEE,0x6B6C,0x52CA,0xA574,0xA534,0x6B6D,0x534D,0x19A7,0x11C7,0x2228,0x638D,0x73CE,0x9CF3,0xA534,0xA534,0xB596,
0xB596,0xB5B7,0xB5B7,0xBDF8,0xC618,0xC638,0xC618,0xC618,0xCE79,0xCE59,0xCE59,0xCE79,0xC639,0xCE7A,0xCE79,0xC638,
0xCE59,0xC659,0xCE59,0xCE59,0xCE59,0x8C71,0x0840,0x0840,0x4A69,0xB596,0x0840,0x0820,0x0840,0x2104,0x528A,0x39E7,
0x4208,0xBDD7,0xE71C,0x39E7,0x31A6,0x52AA,0x1061,0x0820,0x0820,0x18C3,0x5ACB,0x3165,0x0020,0x0841,0x8410,0xBDD7,
0xBDF8,0xAD75,0xA514,0xC638,0x8430,0x0840,0x0840,0x0820,0x0820,0x0840,0x0820,0x0820,0x0820,0x0820,0x0840,0x0820,
0x0840,0x18A2,0x1081,0x0840,0x6B2C,0xDEDA,0xDEFB,0xDEDB,0xD69A,0xC618,0x7BCF,0x4228,0x0861,0x0861,0x0840,0x0840,
0x0840,0x0840,0x20A0,0xC482,0xD4E0,0xE540,0xED80,0xF5A0,0xED80,0xED60,0xED60,0xED40,0xED21,0xE500,0xE4E0,0xE4E0,
0x0A6C,0x0A6C,0x026D,0x0A6D,0x026D,0x026C,0x024D,0x020B,0x01EB,0x19E8,0xA4E6,0x3ACA,0x0A0D,0x020E,0x020D,0x01ED,
0x0A2E,0x022E,0x01EE,0x020D,0x022D,0x020D,0x122B,0x6368,0xACC3,0xAC82,0xAC83,0xACA2,0x9C64,0x6388,0x022F,0x022E,
0x022F,0x024F,0x024F,0x0A4F,0x0A2E,0x020E,0x020E,0x024F,0x024F,0x022E,0x020D,0x73C5,0x9C43,0xA422,0xAC22,0xAC62,
0xA483,0x42E9,0x122D,0x0A2E,0x0A4F,0x0A0D,0x2A29,0x9444,0x9C22,0x9C22,0x93E2,0x9C43,0xA443,0x9C42,0x9C22,0x8C04,
0x3248,0x09EB,0x020E,0x020E,0x01CC,0x3A67,0x9C43,0x9C21,0x8BC1,0x8BE1,0x9422,0x73C5,0x120A,0x01CC,0x01EC,0x020D,
0x01ED,0x01EC,0x01EC,0x09EC,0x01CC,0x01CC,0x01CC,0x01AB,0x09CB,0x11CA,0x11A7,0x1188,0x1189,0x11A8,0x1188,0x1188,
0x1188,0x1167,0x1167,0x0946,0x0926,0x1126,0x1147,0x1967,0x21A7,0x21C8,0x1987,0x1987,0x1167,0x1187,0x1167,0x1966,
0x29C8,0x29C8,0x29C7,0x29A7,0x29A7,0x1945,0x2186,0x2166,0x29A6,0x29A7,0x29A6,0x29A7,0x1924,0x1904,0x08C4,0x08A3,
0x0082,0x08A3,0x08A3,0x08A3,0x08A3,0x08C3,0x08E4,0x21A7,0x29E8,0x08E4,0x08C4,0x08C4,0x08C4,0x08C4,0x08C4,0x08A3,
0x08C4,0x08E4,0x10E4,0x08A3,0x0883,0x0883,0x0883,0x0883,0x0883,0x0882,0x0883,0x10A3,0x08A3,0x2187,0x1125,0x1125,
0x1126,0x1126,0x1145,0x1125,0x1125,0x1125,0x1125,0x1966,0x1946,0x1925,0x2146,0x1946,0x08E4,0x1125,0x1966,0x31E8,
0x1945,0x1904,0x31C7,0x3A28,0x4A69,0x630B,0x73CE,0x3A28,0x08C3,0x10E4,0x10E4,0x1904,0x1904,0x1945,0x5B0C,0x6B4D,
0x52AA,0x52EB,0x39E8,0x6B8E,0x31C6,0x52AA,0x7C10,0x2145,0x31C7,0x31E7,0x4A8A,0x6B8E,0x6B4D,0x4A69,0x6B4D,0x9CF3,
0xA513,0x840F,0x7BEE,0x8C70,0xA513,0x842F,0x7C30,0x42CB,0x11A7,0x19A7,0x3A8A,0x6BAE,0xA514,0xA514,0xA514,0xAD55,
0xA535,0xB596,0xB596,0xBDD7,0xBDF7,0xC618,0xC638,0xCE59,0xCE59,0xCE79,0xCE7A,0xCE79,0xC639,0xCE79,0xCE7A,0xCE7A,
0xCE59,0xC639,0xC638,0xCE59,0xBDD7,0x6B4C,0x0820,0x10A2,0x73AE,0x8C51,0x0820,0x0840,0x0840,0x2104,0x4A69,0x39C7,
0x39C7,0xAD75,0xDEFB,0x4228,0x2965,0x5269,0x18A2,0x0820,0x0820,0x18A2,0x4A48,0x2924,0x0820,0x1081,0x8430,0xAD75,
0xAD75,0xB5B6,0xBDF7,0x83EF,0x2945,0x0820,0x0840,0x0840,0x0840,0x0820,0x0020,0x0840,0x0840,0x0020,0x2945,0x5ACB,
0x7BCF,0x94B2,0x840F,0x18C2,0x39C6,0x630C,0x5AAA,0x4228,0x39C7,0x2924,0x0861,0x0840,0x0840,0x0840,0x0840,0x0820,
0x0840,0x1040,0x72A2,0xCCC0,0xDCE0,0xED40,0xED80,0xED80,0xED60,0xE520,0xE520,0xE520,0xE500,0xE500,0xE500,0xED20,
0x0A4C,0x0A6D,0x0A6D,0x0A6D,0x026C,0x026C,0x022C,0x020B,0x01EB,0x19E8,0xA4C6,0x3ACA,0x0A0D,0x01ED,0x01ED,0x01ED,
0x020D,0x022E,0x020E,0x01ED,0x020E,0x022D,0x124B,0x6368,0xB4E3,0xACA2,0xACA2,0xACC2,0xACC5,0x63A9,0x022F,0x022E,
0x0A2F,0x024F,0x022F,0x022F,0x022E,0x0A2E,0x0A2E,0x022E,0x024F,0x022E,0x020D,0x8425,0x9C42,0xA422,0xA423,0xA442,
0xA483,0x328A,0x0A0D,0x020D,0x0A4F,0x020E,0x09CC,0x73C7,0x9C62,0x9C21,0x9BE2,0x9BE2,0x9C22,0x9C22,0x9C43,0x7385,
0x09CA,0x01CC,0x01ED,0x020D,0x0A0C,0x2228,0x9444,0x9C42,0x93C2,0x8BC1,0x9421,0x7C05,0x122B,0x01ED,0x01EC,0x01CD,
0x01ED,0x01CC,0x01CC,0x09CC,0x01CC,0x01CC,0x01CC,0x01AB,0x09CC,0x1A0A,0x29E6,0x0969,0x1188,0x1188,0x1188,0x1188,
0x1187,0x0967,0x0947,0x1146,0x0906,0x0906,0x1126,0x1146,0x1966,0x21C7,0x1987,0x2187,0x1967,0x1167,0x1167,0x1987,
0x29C8,0x29C7,0x29A7,0x29A7,0x2186,0x2146,0x2986,0x2986,0x2186,0x2186,0x2986,0x29A7,0x1124,0x1104,0x08C3,0x0083,
0x0082,0x08A3,0x08A3,0x08A3,0x0883,0x08A3,0x10E4,0x21A7,0x2A08,0x1125,0x08C4,0x08C4,0x08C4,0x10C4,0x08A3,0x08A3,
0x08C4,0x08E4,0x10E4,0x10A3,0x0883,0x0883,0x0883,0x0883,0x0883,0x0882,0x0883,0x18E4,0x1925,0x2187,0x1125,0x1125,
0x1126,0x1126,0x1946,0x1125,0x1145,0x1125,0x0905,0x1125,0x1125,0x10E4,0x10E4,0x1946,0x1946,0x1105,0x29C7,0x2186,
0x1104,0x10E4,0x1924,0x2165,0x4A69,0x5289,0x73AD,0x73CD,0x2185,0x10C3,0x10E4,0x1104,0x1104,0x1105,0x3A08,0x5B0C,
0x52AA,0x634D,0x2987,0x5B2D,0x31A7,0x3A08,0x73CF,0x2165,0x2186,0x2186,0x31E7,0x52CB,0x630C,0x4A69,0x52AA,0x6B8D,
0xB5B6,0x9CF3,0x8C50,0x73CE,0x9491,0x8C91,0x8C91,0x740F,0x19C7,0x1187,0x3229,0x6BCF,0x9D14,0xA534,0xA535,0xAD76,
0xA535,0xAD76,0xAD55,0xB5B6,0xBDD7,0xC618,0xC618,0xCE59,0xC638,0xCE59,0xD69A,0xCE7A,0xCE79,0xD69A,0xCE59,0xD6BA,
0xD69A,0xCE59,0xC659,0xCE59,0xB5B6,0x4A69,0x0840,0x2124,0x9491,0x6B2C,0x0820,0x0840,0x0840,0x2104,0x4A69,0x31A6,
0x39C7,0xB596,0xDEFB,0x4A69,0x2945,0x4A49,0x18C2,0x0820,0x0820,0x18A2,0x41E7,0x20E3,0x0840,0x1082,0x8C51,0xAD96,
0xAD96,0xBDD7,0xAD75,0x39C6,0x0840,0x0840,0x1040,0x1040,0x0840,0x18C2,0x3185,0x1081,0x0840,0x0861,0x8410,0xA514,
0xAD75,0xC618,0xAD55,0x2985,0x0841,0x1081,0x0840,0x0820,0x0820,0x0820,0x0840,0x0840,0x0860,0x0840,0x0840,0x0840,
0x0840,0x20A0,0x9B82,0xD4A0,0xE500,0xED40,0xED60,0xED60,0xED40,0xE520,0xE500,0xE500,0xE500,0xE500,0xED20,0xED20,
0x024C,0x0A4C,0x0A6D,0x0A6D,0x0A6C,0x024C,0x024C,0x0A0C,0x01EB,0x19C8,0x9C85,0x32AA,0x0A0D,0x01ED,0x020D,0x020D,
0x01ED,0x01ED,0x022E,0x01ED,0x020D,0x01ED,0x1A4C,0x6368,0xB4E3,0xA482,0xA462,0xACA2,0xA484,0x6BA9,0x0230,0x020E,
0x022E,0x024F,0x0A4F,0x022F,0x020E,0x020E,0x01EE,0x022F,0x024F,0x024F,0x122D,0x9C84,0xA482,0xAC83,0xA422,0xA422,
0xA483,0x224B,0x0A0D,0x020C,0x01EC,0x022D,0x01ED,0x3A6B,0x83C5,0x9C22,0xA483,0x9C02,0x93E2,0x9402,0x8C24,0x3A89,
0x01CD,0x01ED,0x01EE,0x0A0E,0x020D,0x1A0B,0x8BE4,0x9BE1,0x9C02,0x9402,0x9402,0x8C24,0x1A0B,0x01ED,0x01EC,0x01AC,
0x01CC,0x01CC,0x01AC,0x09CC,0x09AC,0x01CC,0x01CC,0x01CB,0x01CB,0x2A49,0x5B06,0x1146,0x0968,0x1188,0x0988,0x1168,
0x0967,0x0947,0x0947,0x0946,0x0926,0x0926,0x0926,0x0947,0x1146,0x1146,0x1987,0x1967,0x1966,0x1146,0x1146,0x1987,
0x2187,0x2186,0x1966,0x2187,0x2187,0x2166,0x29A7,0x21A6,0x2166,0x2186,0x2186,0x2186,0x1925,0x10E4,0x08A3,0x08A3,
0x0082,0x08A3,0x10A3,0x08A3,0x10A3,0x0883,0x08A3,0x1105,0x1125,0x1126,0x1125,0x10E5,0x10E4,0x10C4,0x10C4,0x08A4,
0x0883,0x08A3,0x08A3,0x08A3,0x0883,0x0883,0x0883,0x0883,0x0883,0x0883,0x0862,0x0883,0x18E5,0x2146,0x1946,0x1146,
0x1946,0x1966,0x1125,0x1145,0x1145,0x1125,0x1125,0x1125,0x08E4,0x1925,0x2146,0x2187,0x1105,0x3A29,0x3A08,0x1904,
0x1104,0x10E4,0x10E4,0x10E3,0x1905,0x4A69,0x634B,0x5B0A,0x73CD,0x4A89,0x29C7,0x1924,0x1104,0x1105,0x2166,0x4249,
0x738E,0x426A,0x1945,0x2187,0x3A29,0x29C7,0x6B8E,0x1965,0x1965,0x1966,0x2186,0x31A7,0x4229,0x4249,0x52CB,0x4A8A,
0x52CB,0x73CF,0x7BEF,0x5B0C,0x6B6D,0x8C91,0x844F,0x8491,0x530B,0x1125,0x4AAB,0x8451,0x9CF3,0xA514,0xA535,0xAD55,
0xAD55,0xB596,0xB5B7,0xB5B7,0xB5B6,0xBDF7,0xB5B7,0xBDF7,0xC618,0xBDF7,0xCE59,0xD69A,0xCE59,0xCE7A,0xD69A,0xD6BA,
0xD6BA,0xD69A,0xCE59,0xCE7A,0x9CF3,0x18C3,0x0841,0x52AA,0xBDD6,0x39E7,0x0840,0x0840,0x0840,0x2944,0x528A,0x3186,
0x39C7,0xAD75,0xDEDB,0x52AA,0x2945,0x4A69,0x20E3,0x0820,0x0841,0x1082,0x2944,0x1061,0x0020,0x2124,0xA514,0xBDD7,
0xBDF7,0xBDD7,0x4228,0x0820,0x0820,0x1020,0x0820,0x0820,0x3185,0x9CD3,0xBDF7,0x9CD3,0x52AA,0x4228,0xBDD7,0xB5B6,
0xC618,0xC639,0xCE79,0x630C,0x0820,0x0820,0x0820,0x1020,0x0820,0x0840,0x0840,0x0840,0x0840,0x0820,0x0840,0x0820,
0x1860,0x59E1,0xC441,0xDCC0,0xE500,0xED20,0xED40,0xED40,0xED20,0xED21,0xED20,0xED20,0xED40,0xED40,0xED40,0xED40,
0x024C,0x024C,0x0A4D,0x024D,0x0A4C,0x024C,0x022C,0x0A0B,0x01CA,0x19C8,0x9C86,0x32AA,0x0A0D,0x01ED,0x01ED,0x0A0D,
0x01ED,0x01ED,0x020D,0x09ED,0x0A0D,0x020D,0x1A4C,0x6348,0xACA3,0xAC83,0xA442,0xB4C3,0xA483,0x63A9,0x0270,0x0250,
0x022F,0x0250,0x0250,0x024F,0x022F,0x022E,0x022F,0x022F,0x024F,0x024F,0x124E,0xA464,0xA462,0xB4E3,0xAC43,0xA442,
0xA483,0x122C,0x022E,0x022E,0x022E,0x020E,0x01ED,0x222A,0x6B67,0x9C23,0xA482,0x9C42,0x9C02,0x9422,0x73C5,0x1A0B,
0x01ED,0x09ED,0x01ED,0x09EC,0x020D,0x120C,0x8BC4,0x9BE1,0x9C21,0x9C22,0x9402,0x9423,0x222B,0x01ED,0x01EC,0x0A0D,
0x09ED,0x01ED,0x01CC,0x01CC,0x01AB,0x01CB,0x01CC,0x01CC,0x01CB,0x2A09,0x6B43,0x29E5,0x0947,0x0968,0x0967,0x0967,
0x0967,0x0947,0x0946,0x0946,0x0926,0x0927,0x0927,0x0947,0x0947,0x0946,0x1987,0x1967,0x1946,0x1146,0x1146,0x1967,
0x1966,0x1946,0x1146,0x1146,0x1966,0x2986,0x2186,0x1966,0x1125,0x1105,0x1105,0x1105,0x10E4,0x08C3,0x08A3,0x0883,
0x0082,0x08A3,0x10A3,0x10A3,0x10A3,0x08A3,0x08C3,0x08C4,0x08E4,0x08C4,0x08C4,0x08C4,0x08C4,0x08C4,0x08C4,0x10C4,
0x0883,0x0863,0x0883,0x0883,0x0883,0x0883,0x0883,0x08A3,0x08A3,0x0883,0x0883,0x0863,0x0883,0x10E4,0x1946,0x1966,
0x1966,0x1966,0x1145,0x1125,0x1125,0x1125,0x1125,0x1105,0x08E4,0x1925,0x2167,0x1946,0x1966,0x31E8,0x2165,0x2166,
0x2986,0x1924,0x10E3,0x1104,0x1925,0x2145,0x4228,0x632C,0x5B0A,0x6BCD,0x8470,0x4289,0x2186,0x0904,0x1925,0x3A09,
0x73AF,0x3A28,0x10E4,0x1105,0x426A,0x2986,0x636D,0x1945,0x1945,0x1125,0x1946,0x21A6,0x31E8,0x3A29,0x4A8A,0x4229,
0x2166,0x31C7,0x4AAB,0x4AAA,0x52CA,0x73AE,0x8430,0x7C2F,0x73EF,0x4249,0x8451,0x94D3,0x9CF3,0xA514,0xA534,0xA534,
0xAD75,0xB596,0xB5B7,0xBDD7,0xBDF7,0xBDD7,0xC618,0xC618,0xCE59,0xC638,0xC639,0xCE7A,0xCE7A,0xCE7A,0xD6BA,0xDEDB,
0xDEDB,0xD6BB,0xD6BA,0xDEDB,0x738E,0x0840,0x0840,0x7BCE,0xBDF7,0x2124,0x0840,0x0840,0x0820,0x2944,0x5289,0x3186,
0x39C7,0xB596,0xDEFB,0x5ACB,0x2945,0x5269,0x2104,0x0820,0x0820,0x0841,0x1061,0x0820,0x0841,0x4228,0xBDD7,0xBDD7,
0xBDD7,0x738E,0x0861,0x0840,0x0820,0x0820,0x1040,0x0820,0x6B6D,0xBDF7,0xB596,0xB5B6,0x8C71,0x6B4D,0xC638,0xC638,
0xCE59,0xC659,0xCE59,0x9CD3,0x0840,0x0820,0x0800,0x1040,0x0840,0x0840,0x0820,0x0820,0x0820,0x0820,0x0840,0x0840,
0x4141,0xA3A2,0xD460,0xDCC0,0xE500,0xED20,0xED20,0xED20,0xED00,0xE500,0xED00,0xED20,0xED40,0xED40,0xED40,0xED40,
0x022C,0x024C,0x024C,0x024C,0x0A4C,0x0A4C,0x0A2C,0x020B,0x01CB,0x19A8,0x9C86,0x32A9,0x0A0D,0x01ED,0x020D,0x022E,
0x020D,0x020D,0x01ED,0x01ED,0x01CC,0x01ED,0x1A2C,0x6348,0xAC63,0xAC82,0xAC42,0xB4C3,0xA483,0x63C8,0x0A6F,0x0A6F,
0x0A4F,0x0A50,0x0A70,0x0A70,0x0A4F,0x0A4E,0x0A4E,0x0A2E,0x022E,0x0A2E,0x226C,0xA464,0xAC61,0xB4E3,0xAC63,0x9C42,
0x9C63,0x120B,0x09ED,0x0A0D,0x0A2E,0x0A0E,0x0A0C,0x1A09,0x5B27,0x9423,0x9C21,0xA463,0x9C22,0x9422,0x6B84,0x1A0A,
0x01CB,0x01CB,0x01CC,0x09AB,0x09CB,0x11EA,0x83C4,0x93E1,0x9401,0x9C21,0x93E1,0x9423,0x2A4A,0x01CC,0x09CB,0x09CB,
0x09CB,0x09CB,0x01AB,0x09CB,0x09CB,0x01AB,0x01AA,0x01AA,0x09AA,0x2A08,0x7342,0x4AA5,0x1166,0x0947,0x0967,0x0967,
0x0947,0x0947,0x0947,0x0946,0x0927,0x0947,0x0947,0x0947,0x0947,0x0966,0x1146,0x1167,0x1147,0x1167,0x0946,0x1167,
0x1967,0x1967,0x1146,0x1126,0x1146,0x1966,0x1946,0x1945,0x0905,0x0905,0x0905,0x10E5,0x08A3,0x08C3,0x08A3,0x0883,
0x0062,0x08A3,0x10A4,0x10A4,0x08C3,0x08A3,0x08C3,0x08C4,0x08C4,0x08A3,0x08A3,0x08A4,0x08C4,0x08C3,0x08A3,0x08A3,
0x08A3,0x0863,0x0883,0x0883,0x0883,0x0883,0x0883,0x08A3,0x08A3,0x0883,0x0883,0x0863,0x0883,0x10E4,0x0905,0x1146,
0x1966,0x1966,0x1966,0x1145,0x1125,0x1145,0x1125,0x1104,0x08C4,0x1926,0x1925,0x1905,0x3229,0x2186,0x1924,0x1925,
0x2166,0x31E8,0x1904,0x1905,0x10E4,0x10E4,0x2145,0x52AA,0x52CA,0x530A,0x846F,0x9513,0x7C30,0x428A,0x1926,0x39E8,
0x52EC,0x31E8,0x1104,0x08E4,0x4AAC,0x29A6,0x5B0B,0x1124,0x1945,0x1145,0x1946,0x2186,0x29C7,0x39E8,0x3A08,0x31C7,
0x2186,0x2186,0x3208,0x4249,0x426A,0x5B0C,0x6BCE,0x6B8D,0x6B8D,0x73CE,0x94B3,0x9CF3,0x9CD3,0x9D13,0xA514,0xA535,
0xAD75,0xAD75,0xB5B7,0xBDD7,0xBDF7,0xBDF7,0xC618,0xBDF8,0xCE79,0xCE79,0xCE7A,0xCE7A,0xD69A,0xCE7A,0xCE7A,0xDEDB,
0xDEDB,0xD6BA,0xDEDB,0xDEFB,0x4A49,0x0840,0x0840,0x9491,0xB596,0x18A2,0x0820,0x0840,0x0840,0x2945,0x5289,0x3186,
0x39E7,0xB5B6,0xD6BA,0x5AEB,0x2945,0x4A69,0x2924,0x0820,0x0820,0x0840,0x0840,0x0820,0x18E3,0x738E,0xBDF8,0xBDD7,
0xA514,0x3186,0x0840,0x0840,0x0820,0x1020,0x0820,0x1061,0x9CD3,0xBDD7,0xB596,0xB5B6,0xA514,0x94B2,0xC638,0xC618,
0xC639,0xC639,0xC659,0xAD55,0x1061,0x0820,0x0820,0x1020,0x0840,0x0820,0x0820,0x0820,0x0820,0x0820,0x0820,0x0840,
0x6A62,0xBC42,0xD460,0xDCE0,0xE500,0xE500,0xED00,0xED00,0xE500,0xED00,0xE500,0xED20,0xED40,0xED40,0xED40,0xED40,
0x022C,0x022C,0x022C,0x024C,0x024C,0x1A2C,0x1A2C,0x0A0B,0x01CB,0x19C8,0x9C85,0x32AA,0x0A0D,0x020D,0x020E,0x0A50,
0x0A4F,0x022F,0x0A0E,0x0A0E,0x020D,0x01ED,0x1A2C,0x5B48,0xAC82,0xB4C2,0xBCE3,0xC523,0xB523,0x9443,0x8448,0x8CC9,
0x8CA9,0x8468,0x8408,0x8448,0x8C68,0x8C48,0x8428,0x7C08,0x7C29,0x7C29,0x8C67,0xA4A3,0xA462,0xAC82,0xACA3,0xA442,
0x9C62,0x7BC6,0x6B87,0x6BA8,0x73C7,0x7C08,0x7C07,0x7C06,0x83E4,0x9C22,0x9C02,0xA423,0x9C42,0x9C42,0x8C23,0x73A5,
0x6BA7,0x6B67,0x6B67,0x6B87,0x6B66,0x7385,0x9403,0x9402,0x8BC0,0x9402,0x8BC1,0x93E3,0x7BA6,0x6B87,0x6387,0x6B66,
0x6B46,0x6346,0x6326,0x6326,0x6346,0x6367,0x6346,0x5B06,0x5AA5,0x62E4,0x7B61,0x7B43,0x4A85,0x1985,0x0147,0x0948,
0x0947,0x0947,0x0967,0x0968,0x0967,0x0967,0x0967,0x0967,0x0947,0x0946,0x0946,0x0926,0x0926,0x0926,0x0926,0x0926,
0x1106,0x1105,0x1125,0x1125,0x1125,0x1105,0x1925,0x1925,0x1105,0x08A4,0x08A4,0x0883,0x0883,0x08A3,0x08A4,0x08A3,
0x0883,0x10C4,0x10C3,0x10E3,0x10E4,0x08A3,0x10A4,0x10A3,0x10C4,0x08A3,0x08A3,0x08A3,0x0883,0x08A3,0x08A3,0x08A3,
0x08A3,0x08A3,0x08A3,0x0882,0x08A3,0x08A3,0x08A3,0x10C3,0x10C3,0x08A2,0x0862,0x0863,0x08C4,0x08E5,0x08E5,0x08C4,
0x10E4,0x1946,0x1946,0x2187,0x1966,0x1146,0x1125,0x1105,0x10E4,0x1925,0x1925,0x3A29,0x3A09,0x1104,0x10E4,0x1905,
0x3186,0x31A6,0x4228,0x29A7,0x10E4,0x08C4,0x08E4,0x1945,0x4A8A,0x3A48,0x4289,0x6BAD,0x9CF2,0xB595,0x6BAF,0x3A29,
0x3A28,0x428A,0x1104,0x08C3,0x4AAB,0x31E8,0x31E8,0x1124,0x1125,0x1125,0x1145,0x1146,0x2166,0x31C7,0x29C7,0x1986,
0x1966,0x1966,0x1987,0x29A7,0x3228,0x3A49,0x3A28,0x3A49,0x73EF,0x94B2,0x9492,0x94B2,0x9CB3,0x9CD3,0xA535,0xA534,
0xAD76,0xAD55,0xB5B7,0xBDD7,0xBDF7,0xC618,0xC638,0xC618,0xC639,0xCE7A,0xCE59,0xD69A,0xD6BA,0xD69A,0xCE59,0xD69A,
0xDEDB,0xDEDB,0xDEDB,0xD69A,0x18A2,0x0820,0x0840,0xAD75,0x8C51,0x0840,0x1040,0x0840,0x0820,0x39C7,0x52AB,0x2945,
0x39E7,0xB596,0xCE59,0x630C,0x2104,0x528A,0x2103,0x0820,0x0820,0x0820,0x0820,0x0020,0x6B6E,0xC639,0xC618,0x8410,
0x2104,0x0820,0x1061,0x0020,0x0840,0x0820,0x0840,0x20E3,0xB5B6,0xB5B6,0xBDD7,0xB5B6,0xB596,0xBDD7,0xBDD7,0xB5B7,
0xC638,0xCE58,0xD69A,0x83EF,0x0820,0x0820,0x0820,0x0820,0x0840,0x0040,0x0820,0x0820,0x0820,0x0820,0x0820,0x28C0,
0xBC02,0xCC20,0xD480,0xDCC0,0xE4C0,0xE4E0,0xE4E0,0xE4E0,0xE4E0,0xE4E0,0xE4E0,0xE500,0xED20,0xED20,0xED40,0xED20,
0x022C,0x022C,0x022C,0x022C,0x024C,0x0A4C,0x0A0B,0x020B,0x01AA,0x19A7,0x9485,0x32A9,0x0A2D,0x022E,0x0A2F,0x0A70,
0x0A4F,0x022F,0x0A0E,0x0A0D,0x0A0D,0x020D,0x1A6C,0x6388,0xACE2,0xBD02,0xBD22,0xC563,0xC523,0xC503,0xC542,0xCDC2,
0xCDC3,0xCDC3,0xC5A3,0xCD84,0xBD23,0xB4C2,0xBCE2,0xB4E2,0xACC2,0xACC3,0xACC3,0xA462,0xA443,0xA443,0xAC82,0xA462,
0x9C02,0xA482,0xA482,0xA463,0x9C22,0xA462,0xB503,0xAD03,0xA4A2,0x9C42,0x93E2,0x9C02,0x9402,0x9402,0x9C43,0x9C63,
0x9C22,0x9C22,0x9C22,0x9C62,0x9C62,0x9C42,0x9C43,0x9C42,0x9401,0x9C21,0x8BA2,0x8362,0x93E2,0x9402,0x93E2,0x93E2,
0x9402,0x9402,0x93E2,0x93E2,0x93E2,0x8BA2,0x8BA1,0x8381,0x7B62,0x7B81,0x8381,0x7B41,0x7343,0x52C4,0x21A5,0x0946,
0x0947,0x0946,0x0946,0x0947,0x0947,0x0947,0x0947,0x0947,0x0946,0x0926,0x0905,0x0905,0x1125,0x0905,0x08E4,0x08C4,
0x08C4,0x08A3,0x08C4,0x08C4,0x08C4,0x08C4,0x08A3,0x08C4,0x08C4,0x0883,0x08A3,0x08A3,0x08A3,0x08C4,0x08C4,0x08A3,
0x0883,0x10C4,0x10E4,0x10E4,0x10E4,0x10E4,0x10E4,0x10C3,0x10C4,0x08A3,0x0082,0x0882,0x0882,0x0882,0x08A3,0x08A3,
0x08A3,0x08A3,0x08A3,0x08A3,0x10C3,0x10C3,0x08A3,0x10C3,0x10C3,0x0882,0x0862,0x0883,0x10E5,0x08E5,0x08E5,0x08C4,
0x08E5,0x10E5,0x0905,0x1946,0x1986,0x1945,0x1945,0x2987,0x3208,0x3208,0x3A29,0x3A29,0x2146,0x10E4,0x08C3,0x2125,
0x2986,0x39E6,0x4A88,0x3A47,0x2145,0x08C4,0x08C4,0x1926,0x31C8,0x2166,0x3A29,0x52CA,0x6B6C,0x73AE,0x6B8E,0x428A,
0x426A,0x4AAB,0x52CB,0x2145,0x52CB,0x4249,0x1945,0x1945,0x1125,0x1946,0x1146,0x1126,0x1145,0x1966,0x1967,0x1146,
0x1126,0x1146,0x1146,0x1966,0x2186,0x29C7,0x634D,0x7C10,0x8C92,0x8C92,0x94B2,0x9CD3,0x9CD3,0x9CD3,0xA534,0x9CF3,
0xAD55,0xB596,0xB5B6,0xB5B6,0xBDD7,0xC618,0xC638,0xC618,0xB596,0xBDD7,0xC618,0xCE7A,0xCE59,0xCE7A,0xD69A,0xDEFB,
0xDEDB,0xDEFC,0xE6FC,0xC5D7,0x0840,0x0860,0x18A2,0xBDD6,0x630B,0x0820,0x1040,0x0820,0x0800,0x31A6,0x4A6A,0x2965,
0x4228,0xBDF7,0xD69A,0x630C,0x2124,0x4A69,0x18E3,0x0820,0x0820,0x0820,0x0840,0x18C3,0xAD96,0xBDD7,0x94B2,0x18E3,
0x0840,0x2945,0x8C50,0x7BCF,0x4208,0x0840,0x0840,0x2924,0xB596,0xB596,0xB5B7,0xBDD7,0xB5B7,0xBDF7,0x9CD3,0xBDD7,
0xC618,0xC618,0x9CD2,0x2944,0x0820,0x0820,0x0820,0x0820,0x0820,0x0840,0x1040,0x0820,0x0820,0x0820,0x1860,0x6A62,
0xBC00,0xCC20,0xD480,0xDCA0,0xDCC0,0xDCC0,0xDCC0,0xDCC0,0xDCC0,0xE4C0,0xE4E0,0xE500,0xE500,0xE500,0xE500,0xE500,
0x020B,0x022B,0x022C,0x022C,0x024C,0x0A4C,0x022B,0x020B,0x01AA,0x19A6,0x9464,0x32A9,0x0A0D,0x022E,0x022E,0x024F,
0x0A4F,0x0A4F,0x0A2E,0x0A2E,0x0A0D,0x020D,0x1A6D,0x63A9,0xB4E3,0xB4E2,0xB4E2,0xC543,0xC523,0xC523,0xCD62,0xCDC2,
0xCDE2,0xD5E3,0xD5E3,0xD5C4,0xCD83,0xBD21,0xBD01,0xBD02,0xB4E2,0xACC2,0xA482,0x9C42,0x9C22,0xA422,0xA462,0xA462,
0xA463,0xACC3,0xB4E3,0xACA3,0xA422,0xA442,0xAC82,0xB503,0xB523,0xA4C3,0x9C42,0x9C22,0x93C1,0x8BA2,0x93C2,0x9C22,
0x93E1,0x9402,0x9C42,0x9C62,0x9C63,0x9C63,0xA462,0x9C62,0x9421,0x9C22,0x9402,0x93E2,0x93C1,0x93C1,0x93C2,0x9402,
0x9402,0x9C22,0x9402,0x8BE2,0x8BA1,0x8382,0x8382,0x83A2,0x8382,0x7B82,0x7B61,0x7B41,0x7B61,0x7342,0x52E4,0x3226,
0x0967,0x0947,0x0946,0x0947,0x0947,0x0947,0x0946,0x0926,0x0926,0x0946,0x1147,0x1945,0x2184,0x08C4,0x00C4,0x08A4,
0x08A4,0x08A3,0x08A3,0x08C4,0x08C4,0x08A3,0x08A3,0x08A4,0x08C4,0x08A4,0x08A4,0x0884,0x08A3,0x08C3,0x08C4,0x08A3,
0x0883,0x10E4,0x1904,0x1104,0x10E4,0x08E4,0x08E4,0x10C3,0x10C4,0x0883,0x0082,0x0882,0x0882,0x0882,0x10C3,0x08A3,
0x08A3,0x10C3,0x08A3,0x08A3,0x10C3,0x10C3,0x08A3,0x08A3,0x08A3,0x0882,0x0883,0x08A4,0x10E5,0x08E5,0x08E5,0x08E5,
0x08E5,0x08E5,0x08E4,0x08E4,0x1946,0x1966,0x21A7,0x31E8,0x424A,0x428B,0x31E8,0x2186,0x1905,0x10E4,0x10C4,0x2146,
0x2986,0x2985,0x4247,0x3206,0x428A,0x1905,0x08A4,0x10E5,0x1905,0x10E4,0x1905,0x4A8A,0x5AEB,0x5B0B,0x6B8D,0x4AAA,
0x426A,0x4A8A,0x6B6D,0x632C,0x4229,0x2966,0x1925,0x1125,0x1124,0x1924,0x1125,0x1125,0x1125,0x1145,0x1146,0x1125,
0x1125,0x1125,0x1125,0x1125,0x2187,0x632D,0x8451,0x8C71,0x8C92,0x9492,0x94D3,0x9CD3,0x9CD4,0x9CD3,0xA514,0x9CF3,
0xAD55,0xAD55,0xAD75,0xAD76,0xB5B6,0xBDF8,0xC639,0xC639,0xAD76,0xB596,0xC638,0xD69A,0xCE79,0xCE79,0xCE7A,0xDEDB,
0xDEDB,0xDEFC,0xEF3D,0xA534,0x0840,0x0841,0x2924,0xAD75,0x41E7,0x0820,0x1040,0x0820,0x0820,0x31A6,0x4A49,0x2965,
0x4A49,0xBDD7,0xCE79,0x738E,0x2124,0x4A69,0x10A2,0x0820,0x0820,0x0820,0x1081,0x6B4D,0xC618,0xAD96,0x4228,0x0841,
0x1081,0x73AE,0xBDD7,0xB596,0x9CB2,0x2944,0x0840,0x2124,0xB5B6,0xB596,0xB5B7,0xBDF7,0xBDF8,0xAD75,0x8C51,0xC638,
0xC618,0x8C71,0x39E7,0x18E3,0x0820,0x0820,0x0840,0x1041,0x0840,0x0840,0x0840,0x0820,0x0020,0x1040,0x30E0,0x9B62,
0xC400,0xCC40,0xD4A0,0xDCA0,0xDCA0,0xDCA0,0xDCA0,0xDCA0,0xDCA0,0xDCC0,0xDCC0,0xE4E0,0xE4E0,0xE500,0xE500,0xE500,
0x022B,0x020B,0x020B,0x022C,0x022C,0x024C,0x022C,0x020B,0x01CA,0x19C7,0x9CA5,0x32A9,0x0A0D,0x020E,0x0A2E,0x022F,
0x020E,0x0A4F,0x022E,0x020E,0x022E,0x022E,0x1A6C,0x6388,0xACA2,0xACA2,0xACA2,0xBD23,0xC544,0xC523,0xBD02,0xBD22,
0xC563,0xC563,0xBD22,0xC542,0xD582,0xCDA2,0xCD82,0xC542,0xC522,0xBD02,0xB4E2,0xB4E3,0xB4C2,0xA462,0xACC3,0xA482,
0xA482,0xAC82,0xB4C2,0xBCE2,0xACC2,0xAC82,0xB4C3,0xB4C2,0xB4E2,0xAC81,0xA461,0xA461,0x9C42,0x9C02,0x9C02,0x9C01,
0x9C22,0x9402,0x9401,0x93E1,0x93C2,0x93E2,0x9C22,0x9C22,0x9C22,0x9C22,0x9C21,0x9401,0x9C02,0x9402,0x93E2,0x8BE1,
0x8BE2,0x8BE2,0x83A1,0x8381,0x8381,0x83A2,0x8BC2,0x8C02,0x83C2,0x83A2,0x7B82,0x7B61,0x7B42,0x7B41,0x7321,0x52A4,
0x1188,0x116A,0x1169,0x1168,0x0968,0x0948,0x1147,0x1147,0x0926,0x08E6,0x08E6,0x10E4,0x2982,0x08A3,0x0083,0x0883,
0x08A3,0x08A3,0x08A3,0x10E4,0x10C4,0x08A3,0x08A3,0x08C4,0x08C4,0x08C4,0x08C4,0x08A3,0x08C4,0x08E4,0x08C4,0x08C4,
0x08A3,0x10E4,0x1904,0x10E4,0x1104,0x08E3,0x1104,0x10E3,0x10E4,0x08A3,0x0882,0x0062,0x0882,0x0882,0x10C3,0x10C3,
0x08A3,0x10C3,0x10C3,0x10C3,0x10C3,0x08A3,0x08A3,0x08A3,0x08A3,0x0882,0x08A3,0x08E4,0x08E5,0x08E5,0x08E4,0x10E5,
0x1106,0x08E5,0x08E4,0x08E4,0x0904,0x1104,0x1945,0x2166,0x2987,0x3208,0x29A7,0x1925,0x1905,0x10E4,0x1925,0x31E8,
0x29A7,0x31A7,0x29C6,0x3A27,0x3A48,0x29C7,0x2165,0x1904,0x2166,0x2166,0x2166,0x10E4,0x31C7,0x3A07,0x5B2B,0x636C,
0x3A28,0x4228,0x4248,0x5AEB,0x632C,0x39E7,0x2966,0x29A7,0x29C7,0x31C7,0x1946,0x1125,0x0925,0x0924,0x1105,0x1105,
0x1105,0x1105,0x10C4,0x52AB,0x7BCF,0x8410,0x8451,0x8C71,0x8C72,0x94B2,0x94B3,0x9CD3,0x9CD3,0xA514,0xA534,0xA534,
0xAD75,0xB596,0xB596,0xB5B6,0xB5B6,0xBDF7,0xC618,0xC639,0xC639,0xD69A,0xD69A,0xD69A,0xD6BA,0xD69A,0xCE79,0xDEDB,
0xD6BB,0xDEBB,0xE73D,0x7BEF,0x0820,0x0840,0x5ACA,0x83EF,0x1081,0x0820,0x0840,0x0840,0x0840,0x4208,0x4A69,0x2124,
0x528A,0xC618,0xCE79,0x73AE,0x2124,0x4228,0x0841,0x0840,0x0840,0x18C3,0x632C,0xC617,0x8C51,0x39C7,0x0841,0x2104,
0x738E,0xB5D6,0xB5B6,0xB5B6,0xB5B6,0x840F,0x18C3,0x2124,0xBDF7,0xBDD7,0xB5D7,0xC618,0xA514,0x5ACB,0xC618,0xC618,
0xB5D7,0xAD76,0xBDD6,0xC638,0x8C50,0x3185,0x0820,0x0840,0x0820,0x0840,0x0820,0x0820,0x0821,0x30E0,0x7A82,0xBBC1,
0xCC20,0xCC60,0xD480,0xD480,0xDC80,0xDC80,0xDC80,0xD480,0xDC80,0xDCA0,0xDCA0,0xDCA0,0xDCC0,0xDCC0,0xDCC0,0xDCC0,
0x020B,0x020B,0x020B,0x020B,0x022C,0x024B,0x022C,0x022B,0x01CA,0x19E7,0x9CA6,0x32CA,0x022E,0x020E,0x020E,0x022F,
0x01ED,0x020E,0x020E,0x020E,0x022E,0x0A4E,0x1A6B,0x6BA8,0xB4E2,0xACA2,0xB4C2,0xB4E2,0xB503,0xB503,0xBCE2,0xC543,
0xC543,0xCD83,0xCDA3,0xCD82,0xCD82,0xCD83,0xCD83,0xCD63,0xCD62,0xCD42,0xCD42,0xBD22,0xB502,0xACA2,0xB4C2,0xAC81,
0xAC82,0xB4C2,0xBCE2,0xBCE2,0xB4E2,0xB4C2,0xACA2,0xA461,0xA461,0xB4A2,0xAC62,0xAC82,0x9C22,0x9401,0x9421,0x9C21,
0x9401,0x9422,0x9C42,0x9C21,0x9C21,0x9C22,0x9C22,0x9C22,0x9C22,0x9C41,0x9C22,0x9C22,0x9402,0x93E2,0x93C2,0x8BC2,
0x8BA1,0x8BC1,0x93E2,0x9402,0x9402,0x9402,0x8BC1,0x83A1,0x83A2,0x83A2,0x8382,0x7B61,0x7342,0x7321,0x7321,0x52A4,
0x0968,0x0969,0x0928,0x0127,0x0927,0x0107,0x0107,0x0927,0x00E6,0x00A5,0x08E6,0x1104,0x2961,0x08A3,0x00A3,0x08A3,
0x08A3,0x08A3,0x08A3,0x10E4,0x10E4,0x08A3,0x08A3,0x08C4,0x08E4,0x08E4,0x10C4,0x08C4,0x08C4,0x08E4,0x08E4,0x08C4,
0x08A3,0x10C4,0x1924,0x1104,0x10E3,0x10E3,0x10E4,0x10E4,0x1904,0x0882,0x0882,0x0062,0x0882,0x0882,0x10C3,0x08A3,
0x10C3,0x10C3,0x10C3,0x10C3,0x10C3,0x10C3,0x08A3,0x08A3,0x08A3,0x0882,0x08A3,0x08E4,0x08E5,0x08E5,0x08E4,0x0905,
0x1105,0x0905,0x08E4,0x0904,0x1104,0x08E4,0x08E4,0x1125,0x1104,0x1925,0x1905,0x10E4,0x10C4,0x1925,0x1946,0x2986,
0x2166,0x1905,0x2146,0x2166,0x31A6,0x31A6,0x31C7,0x31C6,0x31E7,0x3207,0x3207,0x2145,0x2165,0x31C6,0x29A6,0x3A28,
0x52EA,0x31E6,0x31E7,0x3A28,0x5B0C,0x73AF,0x4229,0x2986,0x4229,0x4A6A,0x31E8,0x1104,0x1124,0x1125,0x0905,0x10E4,
0x10C4,0x0883,0x0041,0x39A6,0x738D,0x8410,0x8431,0x8C51,0x8C71,0x8C72,0x8C92,0x94B2,0x94D3,0x9CF3,0xA514,0xA514,
0xAD55,0xB596,0xB596,0xB5B6,0xB596,0xBDD7,0xC638,0xCE59,0xC639,0xCE79,0xD69A,0xD6BB,0xDEDB,0xDEDB,0xD6BA,0xD6BB,
0xD69A,0xD6BB,0xD6BA,0x52AA,0x0820,0x1081,0x8430,0x630B,0x0820,0x0820,0x1040,0x0820,0x1081,0x4A49,0x4A6A,0x2104,
0x630C,0xCE59,0xC638,0x7BCF,0x2945,0x39C7,0x0820,0x0841,0x0861,0x8C51,0xBDF7,0xAD54,0x18C3,0x0820,0x0840,0x7BEF,
0xBDF7,0xBDF8,0xB5B7,0xB5B7,0xB5B7,0x9492,0x39E7,0x39C7,0xC639,0xB5D7,0xB5D7,0x8C71,0x4A69,0x9492,0xBDF8,0xBDF8,
0xB597,0xBDD7,0xC618,0xBDD7,0xBDB6,0x632C,0x0820,0x0840,0x0840,0x0820,0x0840,0x0840,0x1020,0x7AA2,0xABA2,0xBBC0,
0xCC20,0xCC40,0xCC60,0xD460,0xD460,0xD460,0xD460,0xD460,0xD480,0xD480,0xDC80,0xDC80,0xDCA0,0xDCA0,0xDCA0,0xDCA0,
0x0A0B,0x020B,0x020B,0x020B,0x020B,0x022B,0x0A2C,0x020B,0x01CA,0x19C7,0x9C86,0x32CA,0x022D,0x022E,0x020E,0x022F,
0x020D,0x01ED,0x01ED,0x020E,0x020E,0x0A4F,0x1A6D,0x6BC9,0xB525,0xB4C3,0xB4E3,0xB523,0xB544,0xB544,0xC564,0xC5A4,
0xCDC5,0xD5E4,0xD5E4,0xD5E4,0xCDC4,0xCDC4,0xD5E4,0xCDC4,0xCDA4,0xD584,0xCDA4,0xBD22,0xBD02,0xB4A2,0xB4A2,0xB4A1,
0xB4C2,0xBD24,0xBD23,0xBD23,0xBD44,0xBD24,0xBD04,0xB4E4,0xB4E3,0xBD03,0xACA2,0xA462,0xA462,0xA462,0xA462,0x9C63,
0x9443,0x9443,0x9C42,0x9C62,0x9C42,0x9C23,0x9C02,0x9C02,0xA422,0x9C22,0x9C02,0x9C02,0x9C22,0x9423,0x9423,0x9403,
0x9403,0x9403,0x93E3,0x9403,0x9403,0x9403,0x8BC2,0x83A2,0x7BA3,0x8383,0x7B83,0x7B43,0x7322,0x7301,0x7322,0x4AA4,
0x0969,0x0169,0x0148,0x0128,0x0128,0x0127,0x0127,0x0927,0x0927,0x00E6,0x00E6,0x1125,0x3161,0x08A3,0x00A3,0x08A3,
0x08A3,0x08A4,0x08A3,0x08E4,0x1104,0x08C3,0x08A3,0x08C4,0x08E4,0x10E4,0x10E4,0x08C4,0x08C4,0x0904,0x1105,0x08C4,
0x08A3,0x10C4,0x1925,0x1104,0x1104,0x1904,0x2105,0x2125,0x1925,0x08A2,0x0882,0x0882,0x0882,0x0882,0x10E4,0x10E4,
0x10E3,0x10E4,0x10E4,0x10C3,0x10C3,0x10C3,0x08A3,0x08A3,0x08A3,0x0882,0x08C4,0x08E4,0x08E4,0x08E5,0x08E5,0x0905,
0x0904,0x0904,0x08E4,0x1125,0x1105,0x08C4,0x08C4,0x1105,0x10C4,0x10E4,0x1925,0x1905,0x10E4,0x1905,0x1925,0x1966,
0x1945,0x1946,0x31C7,0x31C7,0x31C6,0x2986,0x31C6,0x31C6,0x3207,0x3A28,0x3207,0x31E7,0x29C6,0x39E7,0x3A08,0x31C7,
0x4249,0x5289,0x2986,0x31C7,0x4249,0x52EB,0x31C7,0x2145,0x29A7,0x29A7,0x29A7,0x10E4,0x1125,0x1104,0x1923,0x3183,
0x2101,0x0821,0x0000,0x1081,0x4227,0x8410,0x8431,0x8C31,0x8C51,0x9492,0x9492,0x9CD3,0x9CD3,0x94B3,0xA514,0x9CF4,
0xA534,0xAD76,0xAD55,0xBDD7,0xBDD7,0xB596,0xC618,0xCE59,0xC618,0xCE79,0xD69A,0xD69A,0xD69A,0xD6BA,0xDEDB,0xDEDB,
0xD6BB,0xE71D,0xCE79,0x39C7,0x0820,0x20E3,0xA534,0x39E7,0x0820,0x0820,0x0820,0x0820,0x18A2,0x4A69,0x4A69,0x18C3,
0x738E,0xC638,0xCE59,0x7BCF,0x2965,0x2965,0x0820,0x18C3,0x5AEB,0xC639,0xAD55,0x4A28,0x0840,0x0840,0x4A28,0xB5B7,
0xBDF7,0xBDD7,0xAD96,0xADB6,0xB5B6,0xA535,0x6B4D,0x7BCF,0xCE79,0xC659,0xB5B6,0x39C7,0x4A6A,0xB596,0xBDF7,0xC618,
0xBDF7,0xB5B6,0xAD55,0xA555,0xA514,0x39C7,0x0820,0x0840,0x1040,0x0840,0x0840,0x0840,0x28C0,0xAB82,0xB3C0,0xC3E0,
0xCC20,0xCC40,0xCC40,0xD420,0xD440,0xD440,0xD460,0xD440,0xD440,0xD440,0xD460,0xD460,0xD480,0xD480,0xD480,0xD480,
0x0A0B,0x020B,0x020B,0x022B,0x020B,0x0A2B,0x0A0B,0x01EB,0x01C9,0x11C7,0x9C65,0x32AA,0x09ED,0x020D,0x020D,0x022F,
0x022F,0x020D,0x01EC,0x01ED,0x01ED,0x0A2F,0x1270,0x2ACD,0x4B2A,0x4B09,0x4B0A,0x4B29,0x536A,0x538A,0x5BAA,0x53AA,
0x53AA,0x53AA,0x5BCB,0x5BCB,0x5BCB,0x5BCB,0x5BEB,0x642C,0x5BEC,0x53CB,0x5BEB,0x9487,0xBD03,0xB501,0xBD02,0xBCE2,
0xB4C2,0x9485,0x63A8,0x4B6A,0x536B,0x536A,0x4B6A,0x5B68,0x8C27,0xBD23,0xB502,0xACC2,0xAC82,0xA462,0x83E4,0x4B08,
0x4309,0x42E9,0x42C8,0x3AC8,0x52E6,0x7BA4,0x9C02,0x93E2,0x9C02,0x9C02,0x9C23,0x7384,0x4288,0x42A8,0x42C8,0x42C8,
0x42C8,0x3AC8,0x3AA8,0x3A88,0x3A88,0x4267,0x3A67,0x3A47,0x3267,0x3267,0x3247,0x3227,0x3226,0x3226,0x2A05,0x19C7,
0x0149,0x0149,0x0149,0x0128,0x0128,0x0127,0x0128,0x0969,0x0968,0x00E6,0x00E6,0x1925,0x31A2,0x08C3,0x00A3,0x08A4,
0x08A4,0x08C4,0x08A3,0x08C4,0x1104,0x08C4,0x08C4,0x08E4,0x0904,0x1104,0x1105,0x0904,0x08C3,0x1125,0x1105,0x10E4,
0x08C3,0x10C4,0x1904,0x1104,0x1904,0x2125,0x2145,0x2124,0x2125,0x08A3,0x0882,0x0882,0x0883,0x0882,0x10C3,0x10E3,
0x10E3,0x10C3,0x10C3,0x10C3,0x10C3,0x10C3,0x10C3,0x08C3,0x10C3,0x0882,0x0904,0x0905,0x0905,0x08E5,0x08E4,0x0905,
0x08E4,0x08E4,0x08E4,0x1126,0x1105,0x08C4,0x08E4,0x10E4,0x08C3,0x1104,0x1925,0x1925,0x10E4,0x1905,0x10E4,0x1925,
0x1905,0x1925,0x2166,0x29A6,0x31C7,0x29A6,0x31A6,0x2165,0x31E6,0x31E7,0x3A48,0x3206,0x3206,0x31E7,0x31E8,0x31E8,
0x2145,0x4269,0x4249,0x31C7,0x29A6,0x29A7,0x2186,0x1986,0x1966,0x1145,0x1924,0x2123,0x3982,0x5202,0x6A82,0x72A1,
0x6201,0x30C0,0x0820,0x0020,0x1062,0x5ACB,0x8C31,0x8431,0x8C51,0x9492,0x94B2,0x94D3,0x9CF4,0x9CF4,0xA514,0xAD55,
0xAD55,0xAD76,0xAD55,0xB5B6,0xBDF7,0xBDD7,0xBDD7,0xC639,0xC618,0xC638,0xCE7A,0xD69A,0xD6BA,0xD69A,0xD69A,0xD69A,
0xDEDB,0xE71C,0xB595,0x18C2,0x0840,0x39E7,0xC5F7,0x1082,0x0820,0x0840,0x0840,0x0820,0x2124,0x4A69,0x4228,0x10A2,
0x9CD3,0xC638,0xCE59,0x7BCF,0x18E3,0x1082,0x31A6,0x94B2,0xC618,0x7BCF,0x3185,0x0820,0x0841,0x3186,0xAD55,0xBDB6,
0xB5B6,0xB596,0xAD76,0xB596,0xAD76,0xBDD7,0xC638,0xD69A,0xCE79,0xAD55,0x4228,0x7BCF,0xC618,0xCE59,0xBDF8,0xBDF8,
0xBDF8,0xA514,0x94B3,0xB596,0x5ACA,0x0861,0x0820,0x0840,0x0820,0x0840,0x0840,0x28C1,0x82C2,0xBBC0,0xC3C0,0xC400,
0xCC20,0xCC20,0xCC20,0xCC00,0xCC20,0xCC20,0xCC40,0xCC20,0xCC20,0xCC20,0xCC20,0xCC40,0xCC40,0xD440,0xD440,0xD440,
0x0A0B,0x0A0B,0x020B,0x020B,0x0A2B,0x0A2B,0x0A0B,0x09EA,0x01A9,0x19C7,0x9C65,0x3ACA,0x0A0D,0x020D,0x020D,0x022E,
0x022F,0x020E,0x09ED,0x0A0D,0x01ED,0x022E,0x0A50,0x0270,0x0A70,0x0A4F,0x022F,0x022F,0x022F,0x022F,0x0A2F,0x0250,
0x0250,0x0A91,0x0A91,0x0271,0x0271,0x0271,0x0271,0x0A92,0x0AB2,0x0AD2,0x0291,0x536A,0xB505,0xC562,0xC563,0xC543,
0xCD43,0x94A7,0x3B2B,0x0270,0x0250,0x024F,0x024F,0x126D,0x5329,0xACC3,0xBD22,0xBD23,0xB4E2,0xACA3,0x6B66,0x01CB,
0x01EE,0x01ED,0x020D,0x01ED,0x2A69,0x73C5,0x9C22,0x9C02,0x9C02,0x9C02,0x9423,0x42A7,0x01CD,0x09CD,0x01CD,0x09ED,
0x09ED,0x01ED,0x01EC,0x01CC,0x01CD,0x01AB,0x01AB,0x01CC,0x01AB,0x01AB,0x01CC,0x09CC,0x09CC,0x09CB,0x018A,0x018A,
0x016A,0x0169,0x0169,0x0127,0x0127,0x0127,0x0107,0x0969,0x0969,0x00C6,0x00E6,0x1124,0x3181,0x08C3,0x00A4,0x08A4,
0x08A3,0x08C3,0x00A3,0x08C4,0x1105,0x08E4,0x08C4,0x08E4,0x1125,0x1125,0x1125,0x1125,0x10E3,0x1125,0x1125,0x10E4,
0x10E4,0x10E3,0x2145,0x2125,0x2145,0x2945,0x2145,0x2944,0x2145,0x10C3,0x08A2,0x0082,0x0882,0x0882,0x10E4,0x10C3,
0x10C3,0x10C3,0x10C3,0x10C3,0x10C3,0x10C3,0x10C3,0x10C4,0x08A4,0x00A3,0x1125,0x0905,0x0905,0x0904,0x0904,0x1105,
0x08E5,0x10E4,0x0904,0x0925,0x0904,0x08C4,0x10E4,0x08A3,0x08C3,0x10E3,0x10C3,0x10E4,0x10E4,0x1925,0x10C4,0x10C4,
0x08C4,0x10E4,0x21A7,0x2186,0x1925,0x2164,0x1924,0x1945,0x29A6,0x2986,0x31E7,0x3A47,0x3A27,0x31C7,0x31C7,0x29A7,
0x31C7,0x29A7,0x4249,0x31E7,0x29A6,0x2166,0x29A7,0x2166,0x2187,0x2144,0x4A23,0x6A82,0x7AA1,0x7AA0,0x7AA0,0x7AA0,
0x7241,0x51E1,0x1860,0x0820,0x0820,0x18A2,0x73AE,0x8430,0x8430,0x9492,0x8C92,0x94B3,0x94D3,0x9CF4,0x9CF3,0xA534,
0xAD55,0xAD55,0xAD75,0xB596,0xBDD7,0xC618,0xC618,0xC618,0xCE59,0xC638,0xCE79,0xCE7A,0xD69A,0xD6BA,0xD6BB,0xD6BA,
0xD69A,0xD6BA,0x8C50,0x0840,0x0840,0x4A49,0xAD54,0x0820,0x0840,0x0840,0x0840,0x0840,0x31A6,0x4A69,0x39E7,0x18E3,
0xBDF7,0xCE59,0xCE59,0x7BEF,0x0861,0x2104,0xAD75,0xBDF7,0x7BCF,0x1081,0x0840,0x0820,0x2924,0x8C51,0xC618,0xBDF8,
0xB5B6,0xB5B6,0xB5B6,0xBDF7,0xC618,0xCE59,0xD69A,0xDEFB,0x9CD3,0x3186,0x39E7,0xDEDA,0xDEDB,0xD6BA,0xC639,0xB5D7,
0xA555,0x9CD3,0xA514,0x9471,0x10A2,0x0820,0x0820,0x0820,0x0820,0x0820,0x2060,0x59E1,0xAB81,0xC3E0,0xC400,0xCC20,
0xCC00,0xC400,0xCC00,0xC400,0xC400,0xC400,0xCC00,0xCC20,0xCC00,0xC400,0xCC20,0xCC20,0xCC20,0xCC20,0xCC20,0xD440,
0x0A0A,0x020A,0x020A,0x020A,0x0A2B,0x124B,0x0A0B,0x09CA,0x01AA,0x11A8,0x9465,0x3AE9,0x0A2D,0x020E,0x020E,0x020D,
0x022F,0x0A2F,0x01ED,0x01ED,0x01CD,0x020E,0x024F,0x0250,0x0250,0x0A4F,0x022F,0x022F,0x022F,0x022F,0x0A70,0x0A91,
0x0A70,0x0270,0x0291,0x0291,0x02B2,0x0291,0x0270,0x0271,0x0271,0x0A91,0x02B2,0x3B0C,0x9CC6,0xBD22,0xC543,0xC543,
0xCD43,0xACC5,0x534A,0x0A70,0x0A70,0x0250,0x0270,0x128E,0x532A,0xACC4,0xB502,0xBD22,0xBD02,0xB4E4,0x73A7,0x09EC,
0x01ED,0x0A0D,0x020D,0x01ED,0x4AE8,0x8C05,0xA422,0x9C02,0x9C22,0x9C02,0x83E5,0x2A69,0x01EE,0x01ED,0x01EC,0x01EC,
0x01EC,0x01EC,0x01CC,0x01CC,0x01CC,0x01CC,0x01CC,0x01CC,0x01CC,0x01AC,0x01AC,0x01AB,0x018B,0x018A,0x018A,0x0169,
0x0169,0x0149,0x0148,0x0148,0x0127,0x0127,0x0148,0x0148,0x0148,0x0106,0x00E6,0x1104,0x3181,0x08C3,0x00A4,0x08C4,
0x08C4,0x00A3,0x08A3,0x08C4,0x08E4,0x10E4,0x08C4,0x08E4,0x1125,0x1125,0x1125,0x1125,0x10E4,0x1125,0x1105,0x08E4,
0x10E4,0x10E4,0x2986,0x2145,0x2145,0x2144,0x2945,0x2944,0x2144,0x10C3,0x08A2,0x0082,0x0882,0x0882,0x1904,0x10E4,
0x10E4,0x10C3,0x10C3,0x10C3,0x10E3,0x10E3,0x10C3,0x08C4,0x08C4,0x00A3,0x1125,0x0905,0x0905,0x0904,0x1125,0x1105,
0x10E5,0x10E4,0x1105,0x0925,0x08E4,0x10E4,0x08E4,0x08C3,0x08C3,0x08C3,0x08C3,0x08C3,0x10E3,0x10E4,0x08A4,0x10C4,
0x10C4,0x08C4,0x1946,0x1946,0x1125,0x1944,0x29C7,0x29E7,0x29A6,0x2986,0x2186,0x4248,0x4268,0x31C7,0x29A6,0x29A6,
0x29C6,0x2145,0x29A6,0x29A7,0x31C7,0x29C7,0x21A6,0x2186,0x1945,0x39A3,0x72A1,0x82A0,0x82C0,0x82A0,0x82A0,0x7AC0,
0x7260,0x6A41,0x4141,0x0000,0x0020,0x0820,0x4A69,0x8430,0x8451,0x8C71,0x94B3,0x94D3,0x9CF3,0x9CD3,0x9CF3,0xA534,
0xAD75,0xAD76,0xB596,0xAD76,0xB596,0xC618,0xC638,0xC639,0xCE59,0xCE79,0xCE59,0xCE79,0xCE79,0xD6BA,0xDEDB,0xD6BB,
0xD69A,0xC638,0x6B2C,0x0820,0x1081,0x630B,0x840F,0x0820,0x0820,0x0820,0x0820,0x1081,0x39C7,0x4A49,0x2965,0x39A7,
0xCE79,0xCE79,0xCE59,0x8410,0x31A6,0x9492,0xC638,0x632C,0x2124,0x0820,0x0820,0x0820,0x52AA,0xCE59,0xCE7A,0xBDF8,
0xBDF7,0xBDF7,0xB5B7,0xC618,0xC638,0xCE79,0xD6BA,0xB596,0x3186,0x2945,0xA513,0xDEDB,0xDEDB,0xBDF8,0xAD76,0xA555,
0xA514,0xAD75,0xAD55,0x4228,0x0820,0x0820,0x0820,0x0840,0x0821,0x0820,0x5161,0x9302,0xB3A0,0xC3E0,0xCC00,0xCC20,
0xCC00,0xC3E0,0xC3E0,0xCBE0,0xC3E0,0xC3E0,0xC400,0xC400,0xC400,0xC400,0xC400,0xC400,0xCC00,0xCC00,0xCC00,0xCC00,
0x0A0A,0x01EB,0x0A0A,0x01EA,0x0A0A,0x0A0A,0x09EA,0x01CA,0x01AA,0x0967,0x9445,0x5349,0x124E,0x024F,0x0A4F,0x020D,
0x01ED,0x0A2F,0x022E,0x020E,0x020D,0x020E,0x0A2E,0x022F,0x0A4F,0x022F,0x022F,0x024F,0x022F,0x022E,0x020E,0x022F,
0x0A50,0x0A91,0x0271,0x0292,0x02B2,0x02B3,0x02B2,0x0A91,0x0A91,0x0270,0x0291,0x22EF,0x7C69,0xC544,0xC522,0xC542,
0xC522,0xCD63,0x8C48,0x1A6E,0x0270,0x0271,0x0A71,0x128F,0x536B,0xB4E3,0xBD02,0xBD22,0xBD02,0xBD24,0x7408,0x0A2D,
0x020D,0x0A0E,0x020D,0x09CB,0x7386,0x9C63,0xA442,0xA402,0x9C22,0xA442,0x5B27,0x1A2C,0x01ED,0x020D,0x020C,0x01ED,
0x01ED,0x09ED,0x01ED,0x01ED,0x01ED,0x01CC,0x01AB,0x01CC,0x01CB,0x01AB,0x01AB,0x018A,0x01AB,0x09AB,0x018A,0x018A,
0x0169,0x0169,0x0148,0x0128,0x0107,0x0127,0x0128,0x0128,0x0127,0x0127,0x00E7,0x1904,0x3181,0x08C3,0x00A4,0x00C4,
0x00C4,0x08C4,0x08C3,0x08C3,0x08E4,0x1104,0x08E4,0x08E4,0x1126,0x1125,0x1125,0x1105,0x10E4,0x1104,0x08E4,0x1104,
0x08C4,0x1904,0x2166,0x2145,0x2165,0x2945,0x2945,0x2144,0x2124,0x10C3,0x08A3,0x0882,0x0882,0x0882,0x1904,0x1904,
0x1904,0x10E4,0x10E4,0x10E3,0x10E4,0x1104,0x10E4,0x10E4,0x08C4,0x08C4,0x1105,0x0904,0x0925,0x0905,0x1125,0x1125,
0x08E4,0x08E4,0x1125,0x1125,0x08C4,0x1105,0x08A3,0x08C3,0x08C3,0x08C3,0x08C3,0x10C3,0x10C3,0x10E4,0x08A4,0x08E4,
0x10E4,0x08E4,0x1946,0x1125,0x1125,0x1966,0x2187,0x2186,0x2185,0x2124,0x2985,0x31A5,0x39E7,0x4248,0x4A69,0x3A07,
0x31A6,0x2985,0x29A6,0x2165,0x3208,0x29E7,0x1986,0x1946,0x1944,0x5A22,0x82A0,0x82A0,0x7AC0,0x82A0,0x82A0,0x82A0,
0x7A60,0x7A60,0x6A20,0x28C0,0x0840,0x0000,0x0841,0x31A6,0x8430,0x8C71,0x94B3,0x9CD3,0x9CF4,0xA514,0xAD55,0xA534,
0xAD76,0xB5B6,0xAD75,0xB596,0xAD76,0xBDF7,0xC618,0xC618,0xC618,0xC639,0xCE79,0xD69A,0xD69A,0xD69A,0xD6BB,0xDEFB,
0xDEFB,0xAD75,0x2965,0x0840,0x2944,0x7BCE,0x31A6,0x0820,0x0840,0x0840,0x0020,0x2965,0x4A69,0x39C7,0x1082,0x8C51,
0xD69A,0xD69A,0xCE79,0xA534,0xBDF7,0xAD75,0x2945,0x0841,0x0840,0x0840,0x0820,0x0820,0x9471,0xDEDB,0xCE79,0xCE59,
0xC639,0xCE79,0xC618,0xC618,0xCE59,0xCE59,0x9492,0x2104,0x52AA,0xBDD7,0xDEDB,0xD6BA,0xCE59,0xBDF7,0xBDF7,0xBDD7,
0xAD75,0x840F,0x41E7,0x0820,0x0820,0x0820,0x0840,0x0820,0x0820,0x28E1,0xA382,0xB3A0,0xBBE0,0xC400,0xC3E0,0xC400,
0xC3E0,0xC3C0,0xC3C0,0xC3C0,0xC3C0,0xC3C0,0xC3E0,0xC3E0,0xC3E0,0xBBE1,0xBC01,0xC401,0xC3E0,0xC400,0xC400,0xC400,
0x0A0A,0x01EA,0x01EA,0x01EA,0x01EA,0x01EA,0x020B,0x01CA,0x01AA,0x0968,0x83E6,0x6BC8,0x226D,0x0270,0x024F,0x020E,
0x01CC,0x020E,0x0A2E,0x022E,0x0A0D,0x020D,0x0A2E,0x020F,0x022F,0x0250,0x020F,0x022F,0x0A2F,0x024F,0x022F,0x022F,
0x022F,0x0A70,0x0271,0x0271,0x0292,0x02B2,0x0AB3,0x0A91,0x0291,0x0291,0x0270,0x0A8F,0x5BED,0xC564,0xCD63,0xCD83,
0xC562,0xCD82,0xAD25,0x3AEB,0x0291,0x0290,0x0270,0x128F,0x5B6B,0xB4E4,0xB4C2,0xB4A1,0xB4C2,0xB4E3,0x73E8,0x0A2D,
0x01ED,0x01EE,0x020E,0x326A,0x8C04,0xA462,0x9C42,0xA442,0xAC42,0x9C43,0x42C8,0x120C,0x01ED,0x020D,0x01ED,0x01CC,
0x01ED,0x09ED,0x01CD,0x01CD,0x01CD,0x01CC,0x01CC,0x01AB,0x01CB,0x01AB,0x01AB,0x01AB,0x01AB,0x018B,0x09AB,0x018A,
0x016A,0x016A,0x0169,0x0148,0x0127,0x0127,0x0128,0x0148,0x0128,0x0107,0x00E6,0x1924,0x2982,0x08C3,0x08C4,0x00E4,
0x08E4,0x08C4,0x08C4,0x08C4,0x1104,0x1105,0x08C4,0x08E4,0x1105,0x0905,0x1105,0x08E4,0x1105,0x1946,0x1125,0x1105,
0x10C4,0x10E3,0x2145,0x2145,0x2145,0x2124,0x1924,0x1924,0x10E4,0x10E3,0x10C3,0x08A2,0x0882,0x0882,0x10C3,0x10C3,
0x10C3,0x10C3,0x10C3,0x10C3,0x10C3,0x10C3,0x10C3,0x08C4,0x08C3,0x08E4,0x1125,0x0904,0x0925,0x0905,0x1125,0x1105,
0x08E5,0x0905,0x1125,0x0905,0x08C4,0x10E4,0x0883,0x08A3,0x08C3,0x10C3,0x08A3,0x08C3,0x08A3,0x10E4,0x10C4,0x08C4,
0x10E4,0x1105,0x1105,0x1105,0x10E5,0x1125,0x1925,0x2145,0x2985,0x18E3,0x2944,0x2144,0x2985,0x3A07,0x3A07,0x3A07,
0x31C7,0x4A69,0x4268,0x4227,0x4AAA,0x5B2C,0x3A49,0x1104,0x2963,0x7281,0x82A0,0x7AA0,0x7AC0,0x82A0,0x82C0,0x82A0,
0x82A0,0x7A80,0x7A60,0x59E1,0x30E0,0x0800,0x0800,0x0840,0x4A69,0x94B2,0x94B2,0x9CD3,0x9D14,0xA514,0xA534,0xAD55,
0xAD55,0xAD75,0xAD55,0xB596,0xB596,0xB5B7,0xBDF7,0xBDF8,0xC618,0xC639,0xCE59,0xD6BB,0xDEFB,0xD6BB,0xDEFB,0xE71C,
0xE71C,0x9CD3,0x0861,0x0840,0x4208,0x8C51,0x0861,0x0820,0x0820,0x0820,0x1081,0x4228,0x4A69,0x1082,0x3186,0xC618,
0xCE79,0xCE59,0xC618,0xBDF7,0x8430,0x2965,0x0841,0x0020,0x0840,0x0840,0x0820,0x0000,0xB576,0xE71C,0xCE79,0xD6BA,
0xCE59,0xCE7A,0xCE79,0xD69A,0xC638,0x52AA,0x18C3,0x4A69,0xCE79,0xDEFB,0xD6BA,0xCE59,0x9492,0x4228,0x39C7,0x31A6,
0x2924,0x0861,0x0820,0x0840,0x0820,0x0840,0x0840,0x1040,0x1880,0x7AA2,0xB3A0,0xBBC0,0xC400,0xC400,0xC3E0,0xC3E0,
0xC3E0,0xC3C0,0xC3C0,0xC3C0,0xC3C0,0xBBC0,0xBBC1,0xBBE2,0xBBE3,0xBBE4,0xBC04,0xBBE3,0xC3E1,0xC3E0,0xC3E0,0xC3E0,
0x01EA,0x01EA,0x01EA,0x01CA,0x01EA,0x01EA,0x01EB,0x01EA,0x01CA,0x0989,0x6B66,0x8428,0x32AA,0x0270,0x024F,0x022E,
0x01CC,0x01ED,0x0A2E,0x0A2E,0x0A0E,0x020D,0x0A2F,0x0A2F,0x024F,0x024F,0x022F,0x0A2F,0x022F,0x022F,0x022F,0x022F,
0x020E,0x024F,0x0A70,0x0270,0x0270,0x0271,0x0AB2,0x0291,0x0291,0x0291,0x0291,0x0270,0x3B4E,0xAD46,0xD583,0xCD83,
0xC562,0xCD82,0xC564,0x6BC9,0x0A91,0x0290,0x024F,0x126E,0x5B6A,0xB4C3,0xB4C2,0xB4A2,0xB4A2,0xACC3,0x73E8,0x022E,
0x020E,0x020E,0x020E,0x4AE8,0x9422,0x9C01,0x9C42,0xA441,0xAC62,0x9404,0x326A,0x0A0C,0x020D,0x01ED,0x01ED,0x01EC,
0x01EC,0x01EC,0x01EC,0x01EC,0x01EC,0x01ED,0x01CC,0x01CB,0x01CB,0x01AB,0x01AB,0x09CB,0x09AB,0x01AB,0x09AB,0x018B,
0x018A,0x016A,0x0169,0x0148,0x0947,0x0927,0x0127,0x0128,0x0128,0x0107,0x0905,0x2963,0x2962,0x00E4,0x00E4,0x00E5,
0x08E4,0x08C4,0x08C4,0x08C4,0x1125,0x1925,0x08C4,0x08E4,0x1125,0x1125,0x1125,0x1125,0x1125,0x2166,0x1925,0x1125,
0x08E4,0x10C3,0x2145,0x2145,0x1924,0x1924,0x1904,0x1104,0x10E4,0x08C4,0x10C4,0x0882,0x0882,0x0882,0x10C3,0x10E3,
0x10E4,0x10C3,0x10C3,0x10C3,0x10C3,0x08A3,0x08C3,0x08C3,0x08C4,0x10E4,0x1125,0x0905,0x0925,0x1125,0x1125,0x1105,
0x08E5,0x08E5,0x1125,0x0904,0x08E4,0x08E4,0x0883,0x08A3,0x08A3,0x08C3,0x08A3,0x10C3,0x08C3,0x08C3,0x08A4,0x08C4,
0x10E4,0x10E4,0x1105,0x1105,0x08E4,0x1125,0x1925,0x2145,0x2144,0x18E3,0x31A5,0x2145,0x3A08,0x3A07,0x31C6,0x39E7,
0x39E7,0x31C6,0x4268,0x4AA9,0x4269,0x638D,0x6BAE,0x2185,0x3183,0x7A61,0x8280,0x82A0,0x7AC0,0x82A0,0x82C0,0x82C0,
0x82A0,0x7AA0,0x7A80,0x7240,0x51A1,0x1840,0x0820,0x0820,0x18C2,0x840F,0x9CD3,0x94D3,0x9CF4,0xA534,0xA535,0xAD55,
0xA535,0xA535,0xB596,0xB596,0xB596,0xB596,0xBDF7,0xC618,0xC638,0xCE59,0xC618,0xD69A,0xD6BA,0xD6BA,0xDEDB,0xE71C,
0xE73C,0x8410,0x0820,0x0840,0x5AAA,0x7BCF,0x0020,0x0820,0x0820,0x0820,0x2124,0x5289,0x3186,0x2124,0x8430,0xD69A,
0xD69A,0xD69A,0xD6BA,0x7BEF,0x2965,0x0841,0x0020,0x2124,0x31A6,0x0840,0x0840,0x0820,0xBDB6,0xDEDB,0xC5F8,0xD69A,
0xCE79,0xD69A,0xD6BA,0xC638,0x7BEF,0x10A2,0x2965,0xA534,0xD67A,0xD69A,0xD6BB,0xAD75,0x4A49,0x0841,0x0820,0x0820,
0x0820,0x0820,0x0820,0x0820,0x0820,0x0820,0x0820,0x1860,0x49A1,0x9B61,0xB3A0,0xBBE0,0xC3E0,0xC400,0xC3E0,0xC3C0,
0xC3C0,0xBBA0,0xBBC0,0xBBC1,0xBBC1,0xBBC2,0xBBE3,0xBBE4,0xBBE5,0xBBE6,0xBBE6,0xBBE5,0xC3E1,0xC3C0,0xC3C0,0xC3E0,
0x020A,0x01EA,0x01CA,0x01CA,0x09EA,0x0A0A,0x0A0B,0x022B,0x020B,0x01EB,0x3A67,0x9465,0x6BC8,0x0230,0x0270,0x024F,
0x01EE,0x020D,0x0A0E,0x020D,0x0A0E,0x020E,0x022F,0x022F,0x022F,0x022F,0x022F,0x022F,0x022F,0x0A50,0x0A50,0x0A4F,
0x022F,0x020E,0x022F,0x0A4F,0x0A70,0x0270,0x0270,0x02B2,0x02B1,0x0291,0x02B1,0x0292,0x0A6F,0x746B,0xCD61,0xCD63,
0xC563,0xC4E2,0xCD63,0xB547,0x124C,0x0A91,0x0A91,0x126E,0x5B6B,0xB4E3,0xBD02,0xBCC3,0xB4A3,0xB4E3,0x73E7,0x020C,
0x020D,0x01ED,0x122C,0x8C46,0xA422,0xA422,0xA442,0xA462,0xA462,0x6B67,0x0A0C,0x01ED,0x01ED,0x020D,0x0A0E,0x09ED,
0x01ED,0x01CD,0x01CC,0x01CC,0x01CD,0x01ED,0x01ED,0x01CC,0x01CC,0x01CC,0x01AB,0x01AA,0x018A,0x01AB,0x09AA,0x01AA,
0x098A,0x018A,0x0169,0x0969,0x0127,0x0127,0x0927,0x0128,0x0127,0x0127,0x1945,0x39E3,0x1943,0x00E5,0x00E4,0x08E5,
0x10E4,0x10E4,0x08E4,0x08E4,0x1946,0x1945,0x1105,0x08C4,0x08E4,0x1145,0x1966,0x2186,0x1125,0x1965,0x1946,0x1946,
0x10E4,0x08A3,0x1904,0x2966,0x2986,0x1945,0x1125,0x1125,0x08E4,0x08C4,0x08C4,0x0883,0x0882,0x0882,0x10E3,0x1904,
0x1904,0x1925,0x1924,0x1904,0x10E3,0x10E3,0x10C3,0x10C3,0x08C4,0x1104,0x0904,0x0905,0x0905,0x1125,0x1125,0x1105,
0x0905,0x0905,0x1126,0x10E4,0x1125,0x10E4,0x0883,0x08C3,0x08C3,0x08C3,0x08C3,0x08C3,0x08A3,0x08A3,0x08A3,0x10E4,
0x1925,0x08C4,0x1125,0x1925,0x1105,0x1105,0x1125,0x1905,0x1904,0x10E4,0x1904,0x2125,0x1904,0x2165,0x31C7,0x1945,
0x1925,0x2986,0x2185,0x31E7,0x3A48,0x4289,0x73AD,0x7BEE,0x734A,0x7262,0x7A80,0x82A0,0x82A0,0x82A0,0x82A0,0x82A0,
0x82C0,0x82A0,0x82A0,0x7A80,0x7A40,0x51C1,0x1040,0x0020,0x0820,0x10A2,0x73AE,0x9CD3,0x94D2,0x9CF4,0xA534,0x9CF3,
0xAD76,0xAD75,0xB596,0xB596,0xB5B6,0xAD55,0xB596,0xBDD7,0xC618,0xC639,0xC639,0xCE59,0xD6BA,0xD6BB,0xDEDB,0xCE7A,
0xDEDB,0x52AA,0x0820,0x1061,0x630B,0x10A2,0x0840,0x0840,0x0840,0x18C2,0x4A28,0x18C3,0x2124,0xB596,0xDEFB,0xD69A,
0xD69A,0xBDD7,0x4208,0x0040,0x0841,0x0841,0x5AEC,0xC638,0xDEDA,0x7BEF,0x2103,0x0820,0xBDD7,0xCE59,0xCE79,0xDEDB,
0xD6BB,0xD69A,0x9CD3,0x18E3,0x1082,0x7BCF,0xCE79,0xD69A,0xD69A,0xD69A,0xD6BA,0xD69A,0xC618,0x7BAE,0x18C2,0x0840,
0x0820,0x0820,0x0820,0x0820,0x0820,0x1040,0x1040,0x6A42,0x9B82,0xB3A0,0xC3C0,0xC3E0,0xC400,0xC3E0,0xC3C0,0xC3A0,
0xBBA0,0xBBC0,0xB3C1,0xB3C3,0xBBE5,0xBBE6,0xB3E5,0xB3E5,0xB3E5,0xBC06,0xB3E6,0xB3C5,0xBBA1,0xBBA0,0xBBA0,0xC3C0,
0x022B,0x020A,0x01EA,0x01EA,0x0A0A,0x0A0B,0x0A0B,0x020B,0x020B,0x01EB,0x19E7,0x8C25,0x9467,0x09EC,0x024F,0x022F,
0x01EE,0x020D,0x022D,0x020D,0x020D,0x022E,0x024F,0x022F,0x024F,0x024F,0x024F,0x022F,0x022F,0x022F,0x0250,0x024F,
0x022F,0x022F,0x022F,0x0230,0x0A91,0x0290,0x0290,0x0291,0x0291,0x0291,0x0290,0x0291,0x0271,0x3B6C,0xC564,0xC523,
0xC562,0xB4A1,0xBD02,0xC564,0x4B4A,0x0A0D,0x0250,0x126F,0x5B6A,0xB503,0xBD02,0xBCC2,0xB4C2,0xB504,0x7407,0x0A0D,
0x0A2D,0x0A0D,0x42C9,0xA4A3,0xAC82,0xA482,0xA483,0xA462,0xA4A4,0x3AC8,0x0A0E,0x020D,0x01ED,0x020D,0x0A0D,0x020D,
0x020D,0x020D,0x01CC,0x01CC,0x01CC,0x01CC,0x01CC,0x01CC,0x01CC,0x01CC,0x01AB,0x01AB,0x018B,0x01AB,0x018A,0x018A,
0x0189,0x0189,0x0169,0x0149,0x0127,0x0127,0x0927,0x0107,0x0106,0x0106,0x29A4,0x4203,0x1124,0x08E5,0x08E4,0x1104,
0x18E4,0x18E4,0x10E4,0x08C4,0x1925,0x1946,0x1925,0x1105,0x08A4,0x1105,0x1125,0x1125,0x1105,0x1945,0x1945,0x1945,
0x1104,0x08C4,0x10E4,0x2166,0x2186,0x1965,0x1125,0x1105,0x10E4,0x08C3,0x08A3,0x08A3,0x08A3,0x0882,0x1904,0x2165,
0x1904,0x10E4,0x1104,0x1104,0x1104,0x08E3,0x08C3,0x08E3,0x10E4,0x1104,0x0905,0x0904,0x0904,0x1105,0x1125,0x1105,
0x0905,0x0925,0x1145,0x10E4,0x1146,0x08C4,0x08A3,0x08A3,0x08A3,0x08A3,0x08C3,0x08C3,0x08C3,0x08A3,0x10C4,0x08A3,
0x10C3,0x08C3,0x1904,0x1945,0x1104,0x1105,0x1125,0x1125,0x1904,0x1924,0x2965,0x3185,0x2944,0x2144,0x1945,0x1925,
0x1924,0x2165,0x2165,0x2186,0x2166,0x2165,0x5AEA,0x7BCE,0x94B1,0x7328,0x7A60,0x8280,0x82A0,0x8280,0x82A0,0x7AA0,
0x82A0,0x82A0,0x82A0,0x8280,0x7A80,0x7260,0x3921,0x0820,0x0020,0x0820,0x2104,0x738E,0x9D13,0x94B2,0xA514,0xA514,
0xAD55,0xA555,0xAD76,0xAD55,0xAD55,0xB596,0xB5B7,0xBDF7,0xBDF8,0xBDF8,0xC618,0xC639,0xCE7A,0xD69A,0xDEDB,0xCE59,
0xC638,0x3165,0x0840,0x1882,0x2103,0x0820,0x0820,0x0840,0x10A2,0x31A6,0x18C2,0x39E7,0xA514,0xD6BA,0xD69A,0xD6BA,
0x738E,0x3185,0x0861,0x0840,0x0840,0x3185,0xC638,0xC638,0xC618,0xBDF7,0x5ACB,0x0020,0xBDD7,0xD69B,0xD6BB,0xD6BA,
0xE71C,0x9492,0x2104,0x18E3,0x73AE,0xCE79,0xD69A,0xD69A,0xD69A,0xCE9A,0xD6BB,0xD67A,0xD67A,0xC639,0x738E,0x1081,
0x0840,0x0820,0x0820,0x0820,0x0820,0x0820,0x4161,0x9B82,0xABA1,0xBBC0,0xBBE0,0xC3E0,0xBBC0,0xBBC0,0xBBA0,0xBBA0,
0xBBA0,0xB3C0,0xB3C1,0xB3C4,0xB3E5,0xBBE6,0xBBC5,0xBBC5,0xB3E5,0xB3E6,0xB3E5,0xB3C2,0xBB80,0xBBA0,0xBBA0,0xBBA0,
0x020B,0x020A,0x01EA,0x01EA,0x0A0B,0x0A0B,0x0A0B,0x020B,0x020B,0x01EB,0x09A8,0x6B86,0x9C86,0x2A4A,0x0A2E,0x024F,
0x020F,0x020D,0x022D,0x022E,0x022E,0x0A4F,0x024F,0x022F,0x0250,0x024F,0x024F,0x022F,0x022E,0x022F,0x024F,0x024F,
0x024F,0x022F,0x022F,0x0A50,0x0290,0x0291,0x0291,0x0291,0x0291,0x0271,0x0270,0x0271,0x0271,0x1A8C,0xBD46,0xC523,
0xC562,0xBCE2,0xBCE2,0xBCE2,0x8C89,0x2A8B,0x022F,0x126E,0x5349,0xB503,0xBD22,0xBCE3,0xB4A2,0xB4E3,0x7C07,0x0A2D,
0x0A0F,0x1A2C,0x7C07,0xB4E2,0xACA2,0xA4A2,0xA462,0xA442,0x8C26,0x222B,0x020D,0x020D,0x020D,0x0A0D,0x0A0D,0x020D,
0x020D,0x020D,0x01ED,0x01CC,0x01EC,0x01CC,0x01EC,0x01EC,0x01AB,0x01CB,0x01AB,0x01AB,0x01AB,0x01AB,0x09AA,0x018A,
0x0169,0x0169,0x0169,0x0149,0x0148,0x0128,0x0927,0x0107,0x0106,0x0105,0x39C3,0x39C3,0x0904,0x0905,0x1105,0x1905,
0x1905,0x1905,0x10E4,0x08C4,0x10E4,0x1946,0x1925,0x1925,0x08E4,0x08E4,0x1105,0x1105,0x1145,0x1125,0x1125,0x1125,
0x1125,0x08E4,0x08A3,0x1105,0x1105,0x1125,0x1125,0x1104,0x10E4,0x08A3,0x08A3,0x08A3,0x08A3,0x08A2,0x1104,0x2145,
0x1104,0x10E4,0x10E4,0x10C3,0x08E3,0x10E3,0x08C3,0x08C3,0x08C3,0x1124,0x08E4,0x1105,0x0904,0x1105,0x1125,0x1105,
0x10E4,0x1125,0x1125,0x10E5,0x1146,0x08C3,0x08A3,0x08C3,0x08A3,0x08A3,0x08C3,0x08C3,0x08C3,0x08C3,0x10E3,0x08C3,
0x08C3,0x08C3,0x1104,0x1945,0x1104,0x1104,0x1105,0x1125,0x1104,0x1903,0x2144,0x2123,0x2144,0x39C6,0x39C6,0x2145,
0x1945,0x2125,0x2965,0x2986,0x1124,0x1924,0x31C6,0x4289,0x638D,0x944F,0x7283,0x7A60,0x8280,0x8280,0x82A0,0x7AA0,
0x82A0,0x82A0,0x82A0,0x82A0,0x8280,0x7A60,0x5A21,0x3121,0x0820,0x0820,0x0840,0x3165,0x9491,0x9CF3,0xA514,0xA534,
0xA535,0xA535,0xA556,0xAD55,0xA534,0xB5B6,0xB5B6,0xB5B7,0xBDF7,0xBDF7,0xCE59,0xCE59,0xC639,0xBDD7,0xCE59,0xD69A,
0xB5B6,0x1082,0x0840,0x1061,0x0840,0x0820,0x0820,0x1081,0x2104,0x18C3,0x39E7,0xAD55,0xD69A,0xDEFB,0xD6BA,0x7BCF,
0x18E3,0x0840,0x0840,0x0840,0x20E3,0x9CB2,0xCE59,0xC638,0xC638,0xC618,0x73AE,0x0841,0xCE59,0xD69B,0xCE7A,0xD69A,
0xA514,0x3186,0x18E3,0x8C71,0xC638,0xCE79,0xD69A,0xD69A,0xCE79,0xC638,0xC659,0xCE59,0xCE7A,0xCE7A,0xA514,0x3185,
0x0820,0x0820,0x0820,0x0820,0x0820,0x20A0,0x7AA2,0xAB81,0xB3C1,0xBBC0,0xBBE0,0xBBE0,0xBBC0,0xBBA0,0xBBA0,0xBBA1,
0xBBA1,0xB3C0,0xB3E1,0xB3E4,0xB3E5,0xB3C6,0xBBE5,0xBBC5,0xB3E6,0xB3E6,0xB3E5,0xB3A1,0xBBA0,0xBB80,0xBBA0,0xBBA0,
0x020B,0x0A0B,0x020B,0x01EA,0x0A0A,0x09EA,0x0A0B,0x020B,0x020B,0x01EA,0x01AA,0x21C6,0x6B65,0x7BE7,0x2A69,0x020D,
0x0A2D,0x020D,0x01CC,0x020D,0x020D,0x020E,0x020E,0x022E,0x0A4F,0x024F,0x024F,0x022F,0x022F,0x022F,0x022F,0x026F,
0x024F,0x0270,0x024F,0x0250,0x024F,0x0270,0x0A91,0x0291,0x0291,0x02B1,0x0271,0x0271,0x0270,0x0A50,0x6BE9,0xB525,
0xBD22,0xC543,0xC523,0xBCE3,0xBD43,0x9D08,0x22AD,0x128E,0x534A,0xB4C4,0xBD43,0xC523,0xBCC3,0xB4E4,0x73E7,0x0A2E,
0x1A4C,0x6368,0xB4E3,0xB4C2,0xACC1,0xA462,0x9C22,0x9C23,0x5309,0x09EF,0x022E,0x0A0E,0x020E,0x020D,0x01ED,0x020D,
0x020D,0x0A0D,0x01ED,0x01EC,0x01CC,0x09ED,0x01EC,0x01EC,0x01CB,0x01CB,0x01CB,0x01AB,0x01AB,0x01AB,0x018A,0x018A,
0x018A,0x0169,0x0149,0x0169,0x0149,0x0128,0x0107,0x0128,0x0107,0x2144,0x39C2,0x1944,0x0105,0x0125,0x0925,0x1105,
0x1105,0x1105,0x10E4,0x08E4,0x08E4,0x08E4,0x0905,0x1105,0x1105,0x08E5,0x08E5,0x0905,0x1105,0x1105,0x1105,0x0904,
0x08E4,0x08E4,0x08E4,0x08C4,0x1104,0x1104,0x1104,0x1104,0x08C4,0x08C3,0x08A3,0x08A3,0x08A3,0x08C3,0x10E3,0x1925,
0x1104,0x08C4,0x08C3,0x08A3,0x10C3,0x10E4,0x10E4,0x10E4,0x08C3,0x1104,0x1105,0x1105,0x1105,0x1125,0x1105,0x0905,
0x0905,0x1126,0x1105,0x1105,0x1946,0x08A3,0x08A3,0x08C3,0x08C3,0x08C3,0x08C3,0x08C3,0x08C4,0x08C3,0x10C3,0x08C3,
0x08C3,0x08C3,0x08C3,0x10E4,0x08E4,0x08E4,0x0904,0x1125,0x1965,0x1104,0x1924,0x31C7,0x10C3,0x1924,0x4A48,0x31E6,
0x1925,0x1904,0x1924,0x1924,0x1945,0x1945,0x1125,0x1924,0x2186,0x4AA9,0x8C4E,0x7B27,0x72A1,0x8281,0x8280,0x82A0,
0x82A0,0x82A0,0x8AC0,0x8AC0,0x8AC0,0x82A0,0x8280,0x7A61,0x3901,0x0820,0x0800,0x0820,0x2945,0x7BCF,0xA534,0xAD55,
0xAD55,0xAD76,0xAD96,0xAD96,0xAD55,0xAD75,0xB5B6,0xAD75,0xBDD7,0xC618,0xBDF8,0xC638,0xC618,0xD69A,0xCE79,0xD69A,
0x9492,0x0020,0x0820,0x0820,0x0820,0x0820,0x0840,0x1081,0x2104,0x7BCF,0xDEFB,0xDEFB,0xCE59,0x73AE,0x2104,0x0840,
0x0840,0x0020,0x0840,0x2924,0x8C91,0xCE79,0xC638,0xCE79,0xC638,0xD69A,0xB596,0x8C51,0xDEDB,0xD6BA,0xC638,0x4207,
0x0020,0x31A6,0xB5B6,0xCE59,0xCE59,0xC638,0xCE79,0xCE79,0xCE79,0xCE79,0xC639,0xC639,0xC618,0xBDD7,0xA514,0x39E7,
0x0820,0x0020,0x0820,0x0821,0x4141,0x8AE2,0xAB61,0xB3A1,0xBBA1,0xBBC0,0xBBC0,0xBBC0,0xBBA0,0xBBC0,0xBBC0,0xB3A1,
0xBBC2,0xB3C3,0xBBE3,0xBC05,0xB3E6,0xB3E6,0xBBE6,0xB3E6,0xB3E7,0xB3E6,0xB3A3,0xB3A0,0xB380,0xB3A0,0xB3A0,0xBBA0,
0x09EA,0x09EA,0x09EA,0x01EA,0x09EA,0x09EA,0x0A0A,0x0A0B,0x01EA,0x01CA,0x09A9,0x0948,0x29C6,0x8C26,0x6BA7,0x120B,
0x01ED,0x020D,0x020D,0x020E,0x020D,0x020E,0x020E,0x020E,0x022F,0x024F,0x024F,0x022E,0x024F,0x022F,0x022F,0x024F,
0x024F,0x026F,0x024F,0x0250,0x022F,0x0270,0x0291,0x0291,0x0271,0x0291,0x0271,0x0291,0x0A91,0x0291,0x22AC,0x7C28,
0xCD83,0xCD82,0xC563,0xB4C1,0xC522,0xBD44,0x6C09,0x1A8D,0x536A,0xACA3,0xBD23,0xC523,0xB4C2,0xB4C3,0x7407,0x122D,
0x6388,0xACA5,0xB4C2,0xB4A2,0xAC62,0xA441,0xA463,0x8C26,0x2A6B,0x0A2E,0x022E,0x0A2E,0x020D,0x020D,0x020D,0x01ED,
0x020D,0x020D,0x020D,0x01ED,0x01CC,0x09ED,0x01EC,0x01EC,0x01CC,0x01CC,0x01CC,0x01AB,0x01CB,0x01AB,0x01AB,0x018A,
0x01AA,0x0189,0x0149,0x016A,0x0968,0x0948,0x0127,0x0127,0x1146,0x3A04,0x2963,0x08E4,0x0106,0x0125,0x0125,0x1125,
0x1105,0x1105,0x1104,0x08E4,0x08E4,0x08E5,0x08C4,0x08E4,0x1105,0x0905,0x08E5,0x0905,0x0905,0x0905,0x0905,0x0904,
0x0905,0x08E4,0x08E4,0x08C4,0x08E4,0x08E4,0x08E4,0x10E4,0x08E4,0x08C4,0x08C4,0x08C4,0x00A3,0x08A3,0x10C3,0x1104,
0x10E4,0x08E4,0x08C4,0x08C3,0x10E4,0x10E4,0x10E4,0x1104,0x10E4,0x1125,0x1105,0x1125,0x1105,0x1125,0x0905,0x0905,
0x0905,0x1126,0x1105,0x1125,0x1925,0x0883,0x08A4,0x08C3,0x08C3,0x08C4,0x08C3,0x08C3,0x10E4,0x08C4,0x08C4,0x08C4,
0x10C4,0x10E4,0x08C3,0x08C3,0x08C3,0x08C3,0x10E4,0x1104,0x1925,0x2145,0x1904,0x1925,0x08E3,0x10E3,0x2965,0x29A6,
0x2145,0x1924,0x1965,0x2165,0x1945,0x1966,0x1105,0x1924,0x2125,0x2145,0x5AEB,0x7BAC,0x7B47,0x7A81,0x8280,0x8280,
0x82A0,0x82C0,0x8AC0,0x8AC0,0x8AE0,0x8AC0,0x8AA0,0x8280,0x7241,0x30E1,0x0820,0x0820,0x0861,0x18E3,0x6B4D,0xAD34,
0xAD75,0xAD76,0xAD75,0xAD76,0xB596,0xA514,0xAD76,0xB596,0xB597,0xBDD7,0xBDD7,0xC639,0xCE59,0xCE59,0xCE59,0xCE59,
0x632D,0x0020,0x0820,0x0840,0x0820,0x0820,0x18E3,0x7BCF,0xAD54,0xDEDB,0xD679,0x7BEF,0x41E7,0x1081,0x0020,0x0820,
0x0820,0x0820,0x0820,0x52AB,0xBDD7,0xC618,0xC639,0xC638,0xC638,0xCE59,0xCE79,0xCE59,0xC638,0x94B2,0x39C7,0x18E3,
0x5ACB,0xB5B6,0xD6BA,0xC618,0xC639,0xC618,0xC659,0xC639,0xCE59,0xC639,0xBDF8,0xA514,0xA535,0xBDF7,0x5AEB,0x1081,
0x0840,0x0820,0x1020,0x3901,0x82C2,0xA341,0xAB81,0xB3A1,0xBBC1,0xBBA0,0xBBA0,0xBB80,0xBB80,0xBBC1,0xBBC1,0xBBE2,
0xBBE4,0xBBE5,0xB3E5,0xB3E5,0xB406,0xB406,0xB3E7,0xB3E7,0xB3E7,0xB3E6,0xB3C4,0xB3A1,0xB3A1,0xB3A1,0xB3A1,0xB3A1,
0x09EA,0x09EA,0x09EA,0x09EA,0x09C9,0x09EA,0x09EA,0x0A2B,0x01EA,0x01CA,0x0989,0x0169,0x0947,0x7BA5,0x8C26,0x3A68,
0x020E,0x020E,0x020E,0x020E,0x0A2E,0x022E,0x020E,0x020E,0x022E,0x024F,0x022F,0x022F,0x022E,0x022F,0x022F,0x024F,
0x024F,0x024F,0x024F,0x022F,0x024F,0x0271,0x0291,0x0270,0x0270,0x0291,0x0271,0x0271,0x0291,0x0AD2,0x0A6F,0x4B4A,
0xC564,0xCDC2,0xC5A2,0xB522,0xBD03,0xC563,0xAD66,0x330B,0x5BAA,0xACA3,0xBD23,0xBD23,0xB4E2,0xBCE3,0x7C27,0x226A,
0x9CA6,0xBCE3,0xBCE3,0xB4A2,0xAC62,0xAC62,0xA485,0x63A8,0x124C,0x0A2E,0x022E,0x0A4E,0x01ED,0x01ED,0x022E,0x01ED,
0x01ED,0x020D,0x01ED,0x0A0D,0x09EC,0x01ED,0x01EC,0x01EC,0x01EC,0x01EB,0x01EC,0x01AB,0x01AB,0x01AB,0x01AB,0x018A,
0x018A,0x016A,0x0149,0x0149,0x0168,0x0948,0x0128,0x0946,0x1985,0x4A44,0x1124,0x00E5,0x0106,0x0125,0x0126,0x0926,
0x1105,0x1105,0x1105,0x08E4,0x10E4,0x08E4,0x08C4,0x08E4,0x1125,0x0905,0x0905,0x0905,0x08E4,0x0904,0x1125,0x08E4,
0x0904,0x1105,0x1105,0x10E4,0x08C4,0x08C3,0x00C3,0x08E4,0x08C4,0x08C4,0x08C4,0x08C4,0x08A3,0x08A3,0x10C3,0x08C3,
0x08C3,0x08A3,0x08C4,0x08A3,0x08C3,0x08C3,0x08C4,0x10C4,0x10E4,0x1105,0x1104,0x1125,0x1105,0x1125,0x08E5,0x0905,
0x1105,0x1125,0x1105,0x1125,0x1105,0x08A3,0x08A3,0x08C3,0x08C3,0x08C4,0x08C3,0x08C3,0x10E4,0x08C4,0x08C3,0x08C3,
0x08C3,0x10E4,0x08C3,0x08C3,0x08A3,0x08C3,0x10E4,0x18E4,0x18E4,0x1904,0x10E4,0x08E3,0x10E3,0x10C3,0x1904,0x2165,
0x2986,0x1924,0x2165,0x2165,0x2165,0x2186,0x1966,0x2145,0x31C7,0x1903,0x31C7,0x5AEA,0x738A,0x7AC4,0x8280,0x8280,
0x82A0,0x8AC0,0x8AC0,0x8AC0,0x8AE0,0x8AE0,0x8AC0,0x8AA0,0x7A80,0x59E2,0x1860,0x0820,0x0020,0x0820,0x2924,0xA513,
0xAD75,0xAD75,0xA535,0xAD55,0xAD75,0xA514,0xAD55,0xB596,0xB596,0xB5B6,0xB5B7,0xC638,0xC638,0xC639,0xCE7A,0xC639,
0x528A,0x0020,0x0840,0x0840,0x0020,0x18E3,0x7BCF,0xD679,0xDEDA,0xDEFB,0x7BAE,0x2104,0x0840,0x0820,0x0840,0x0840,
0x0820,0x0820,0x0840,0x7BCF,0xBDF7,0xBDD7,0xC618,0xC618,0xC618,0xC638,0xCE59,0xD6BA,0x8C71,0x3186,0x0841,0x5ACB,
0xBDF7,0xD6BA,0xCE79,0xCE59,0xC639,0xBE18,0xC638,0xC659,0xC618,0xBDF8,0xA535,0x9CD3,0xB596,0xA534,0x18E3,0x0840,
0x0840,0x0820,0x1861,0x6A22,0xA341,0xAB61,0xB3A0,0xBBC1,0xBBA0,0xBB80,0xBB80,0xBB80,0xB380,0xBBA1,0xBBC2,0xBC04,
0xBBE5,0xB3E6,0xB3E6,0xB3E5,0xB3E5,0xB406,0xB3E7,0xB3E7,0xB3E7,0xB3E6,0xB3C4,0xB3C2,0xABC1,0xABA2,0xABA3,0xB3A3,
0x09C9,0x11C9,0x11C9,0x09C9,0x01C9,0x01C9,0x09EA,0x01EA,0x01EA,0x01CA,0x0189,0x0188,0x0168,0x19A6,0x5AE4,0x9466,
0x2A6A,0x0A0E,0x0A2F,0x0A2F,0x020E,0x024F,0x0A4F,0x022E,0x022F,0x024F,0x024F,0x022F,0x024F,0x024F,0x022F,0x022F,
0x020E,0x022F,0x024F,0x024F,0x0250,0x0270,0x0291,0x0291,0x0270,0x0271,0x02B1,0x0271,0x0250,0x026F,0x0291,0x128E,
0x63C9,0xC583,0xB522,0xC563,0xB4C3,0xBCC3,0xC543,0x9CE6,0x8427,0xACE3,0xBD03,0xBCE2,0xBD03,0xBD02,0x9C65,0x8C26,
0xB4A2,0xB4C2,0xB481,0xB4A2,0xB4A2,0xB4C3,0x5B6A,0x124C,0x022E,0x020F,0x020E,0x020D,0x020D,0x01ED,0x01ED,0x020D,
0x020D,0x01ED,0x01EC,0x01ED,0x01CC,0x01CC,0x01CC,0x01CC,0x01EC,0x01EC,0x01AB,0x01AB,0x01CC,0x01CC,0x01AB,0x018A,
0x018A,0x016A,0x0169,0x0169,0x0148,0x0148,0x0927,0x31C4,0x4A43,0x2163,0x0105,0x0126,0x0926,0x0126,0x0146,0x0926,
0x1125,0x1125,0x1125,0x1105,0x0905,0x08E5,0x00E5,0x1125,0x1946,0x1126,0x0906,0x0906,0x0925,0x0905,0x0905,0x0905,
0x0905,0x08E5,0x1126,0x1146,0x1125,0x0905,0x1125,0x1105,0x08E4,0x08C4,0x08C4,0x08C4,0x08E4,0x08C4,0x10E4,0x10C3,
0x08C3,0x00C4,0x08C4,0x08A3,0x08A3,0x08C4,0x08C4,0x08C4,0x08C4,0x1125,0x1105,0x1105,0x08E4,0x1125,0x0905,0x1105,
0x0905,0x1106,0x1125,0x1987,0x10C5,0x0883,0x08A3,0x08C3,0x08C3,0x08C4,0x08C3,0x10C4,0x10E4,0x08E4,0x08E4,0x08E4,
0x08E4,0x1125,0x08E4,0x08E4,0x08C4,0x08A3,0x10C3,0x2125,0x1904,0x10C4,0x10C4,0x10C3,0x10C3,0x10C4,0x10C4,0x10C3,
0x18E3,0x31C6,0x39C6,0x2985,0x2165,0x1966,0x1966,0x1986,0x1965,0x4227,0x2144,0x1945,0x3A27,0x5AAA,0x6A83,0x8280,
0x8280,0x8AA0,0x8AC0,0x8AC0,0x8AE0,0x92E0,0x92E0,0x8AE0,0x8AC0,0x8280,0x6A41,0x3921,0x0800,0x0820,0x0820,0x20E3,
0x5AEB,0xA513,0xAD55,0xA534,0xAD55,0xA534,0xA534,0xAD76,0xB5B6,0xB5B7,0xB5B7,0xC618,0xC639,0xC618,0xCE79,0x9CD3,
0x2965,0x0841,0x1082,0x4228,0xA514,0xC638,0xCE59,0xB596,0x8410,0x2924,0x0820,0x0820,0x0820,0x0820,0x0820,0x0820,
0x0840,0x0820,0x0000,0xA535,0xBDD7,0xAD96,0xBDD7,0xB5B6,0xBDD7,0xC638,0xB596,0x528A,0x0841,0x2144,0x9491,0xD69A,
0xCE59,0xCE79,0xCE5A,0xC639,0xBDF8,0xB5D7,0xB5B7,0xA555,0x9D14,0x9CF4,0xA535,0xB5B6,0x7C0F,0x10A2,0x0840,0x0840,
0x0820,0x3921,0x7AA2,0xA321,0xAB80,0xB3C0,0xBBC1,0xBBA0,0xB380,0xB360,0xB360,0xB360,0xB380,0xBBC2,0xB3E3,0xBC25,
0xB406,0xB406,0xBC05,0xB406,0xB406,0xB3E7,0xB407,0xB407,0xB407,0xB3E7,0xB3E6,0xB3C5,0xB3C4,0xB3C5,0xB3C6,0xABC4,
0x11A8,0x11C8,0x11C8,0x09C8,0x09CA,0x09A9,0x01CA,0x01EA,0x020B,0x01EA,0x0189,0x0188,0x0188,0x0168,0x19C6,0x7385,
0x7C07,0x3AC9,0x0A0C,0x0A4F,0x024F,0x024F,0x024F,0x022F,0x022F,0x0A50,0x0A50,0x024F,0x022F,0x022F,0x022F,0x0A2F,
0x022F,0x022F,0x026F,0x0270,0x0270,0x0250,0x0291,0x0290,0x0A91,0x0291,0x0291,0x02B1,0x0270,0x024F,0x0290,0x0A91,
0x1A4D,0xAD46,0xBD23,0xBD03,0xC502,0xBCE2,0xB4C2,0xBD03,0xB545,0xBD22,0xBCE3,0xBCC2,0xBCE3,0xBCE2,0xB4C3,0xB4A2,
0xB4A2,0xACA2,0xB4A2,0xAC82,0xB4A3,0x9465,0x1A4C,0x0A4F,0x022F,0x022E,0x0A2E,0x020E,0x020E,0x020E,0x01ED,0x020D,
0x020E,0x01ED,0x01ED,0x01ED,0x01EC,0x01EC,0x01CC,0x01CC,0x01EC,0x01EC,0x01CC,0x01AB,0x01CC,0x01CC,0x01AA,0x018A,
0x018A,0x018A,0x018A,0x0169,0x0169,0x0148,0x1985,0x5243,0x39E3,0x08E4,0x0106,0x0126,0x0146,0x0147,0x0146,0x0146,
0x0946,0x0946,0x0926,0x0926,0x0925,0x0905,0x0926,0x1146,0x1946,0x1126,0x1146,0x0926,0x0926,0x0905,0x0925,0x1125,
0x1125,0x0925,0x0905,0x1125,0x1125,0x1125,0x0905,0x0905,0x08E4,0x10E4,0x1105,0x0905,0x0905,0x08E4,0x10E4,0x08C4,
0x08E4,0x08C4,0x00C4,0x08C4,0x00C4,0x08C4,0x08C4,0x08C4,0x08E4,0x1105,0x1105,0x1105,0x1105,0x1125,0x0905,0x0905,
0x0905,0x1105,0x08E4,0x1966,0x08C4,0x0883,0x08A3,0x08C3,0x08C4,0x08C3,0x08C3,0x10C4,0x10E4,0x10E4,0x08E4,0x08E4,
0x1105,0x1945,0x10E4,0x1105,0x10E4,0x10E3,0x08C3,0x1904,0x10E4,0x10C4,0x10E4,0x10C3,0x08E4,0x10E3,0x18E3,0x10E4,
0x08C3,0x2965,0x31C6,0x2986,0x29A6,0x3208,0x2166,0x2166,0x21A6,0x2186,0x1944,0x1124,0x2146,0x31E7,0x5A23,0x7A81,
0x8280,0x8AA0,0x8AC0,0x8AC0,0x8AE0,0x9300,0x92E0,0x92E0,0x92E0,0x8AA0,0x8A80,0x7261,0x30E1,0x1020,0x0820,0x0820,
0x1081,0x5ACA,0xA514,0xA514,0xA534,0xAD55,0xA535,0xA535,0xB5B6,0xBDD7,0xAD76,0xBDD7,0xBDF7,0xBDF8,0xC638,0x7BCF,
0x2124,0x4A49,0x8430,0xC618,0xCE59,0xBDF7,0x8C71,0x2945,0x1061,0x0820,0x0820,0x0840,0x0820,0x0820,0x0840,0x0820,
0x0820,0x0820,0x0020,0xAD76,0xBDF8,0xB5B6,0xB5B6,0xBDD7,0xBDF7,0x7BCE,0x39C7,0x0020,0x5289,0xA513,0xCE58,0xCE59,
0xCE59,0xC618,0xB596,0xA555,0x9D14,0xA535,0xA555,0xA535,0xA535,0xAD76,0xB596,0x4228,0x10A2,0x0040,0x0820,0x0820,
0x30E1,0x8AC2,0xA341,0xAB60,0xB3A1,0xBBC0,0xBBC0,0xB3A1,0xB380,0xB360,0xB360,0xB380,0xB380,0xBBE4,0xBC04,0xBC26,
0xB406,0xB406,0xB406,0xB426,0xBC47,0xB407,0xB407,0xB407,0xB407,0xB408,0xB408,0xB3E7,0xABE6,0xB3E7,0xABE7,0xABC4,
0x11A8,0x19A7,0x19A7,0x11A8,0x09C9,0x09A9,0x09CA,0x01EA,0x020B,0x020B,0x01A9,0x0189,0x0188,0x0169,0x0968,0x29E6,
0x8C26,0x8426,0x3AA9,0x0A2D,0x0270,0x024F,0x022F,0x0250,0x024F,0x0A70,0x0270,0x0230,0x020F,0x020F,0x0250,0x0A50,
0x022F,0x022F,0x024F,0x0270,0x0290,0x0270,0x0270,0x0270,0x0A91,0x0A91,0x0291,0x02B1,0x0270,0x022F,0x0270,0x0291,
0x0A50,0x63C8,0xA4E6,0xB4A2,0xC522,0xC522,0xBCC2,0xB4A2,0xBD44,0xC523,0xBD23,0xBD03,0xBD03,0xB4C2,0xB4C2,0xBCC2,
0xBCE2,0xB4C3,0xB4A2,0xB4A3,0xA485,0x5B68,0x0A2E,0x024F,0x0A6F,0x024E,0x024F,0x022F,0x022E,0x020E,0x020E,0x020D,
0x0A2E,0x020D,0x020D,0x01ED,0x01ED,0x01EC,0x01EC,0x01CB,0x01EC,0x020C,0x01EC,0x01CC,0x01AC,0x01CC,0x01AA,0x01AA,
0x01AB,0x018A,0x016A,0x016A,0x0129,0x1966,0x4A43,0x39E3,0x1923,0x00E6,0x0106,0x0126,0x0146,0x0147,0x0147,0x0146,
0x0946,0x0946,0x0946,0x0946,0x0926,0x0926,0x0926,0x1147,0x1166,0x1146,0x1146,0x1146,0x0926,0x0925,0x1126,0x0926,
0x0926,0x0926,0x0926,0x0926,0x0925,0x1126,0x1125,0x0905,0x0904,0x1105,0x1925,0x1105,0x1105,0x1105,0x0904,0x08E4,
0x08E4,0x08E4,0x08C4,0x00C4,0x08C4,0x08C4,0x08E4,0x08C4,0x10E4,0x1125,0x1125,0x1125,0x1125,0x1125,0x0905,0x0904,
0x0905,0x1105,0x08E4,0x1966,0x08C4,0x08A3,0x08A3,0x08C3,0x08C3,0x08C4,0x08C4,0x08C4,0x10E4,0x10E4,0x08C4,0x10E4,
0x1105,0x1105,0x1125,0x1105,0x1105,0x10E3,0x10E3,0x10E4,0x1104,0x10E4,0x08E4,0x10E3,0x10E3,0x10E3,0x1904,0x18E4,
0x10C3,0x3A29,0x39E8,0x1904,0x31E7,0x5B2B,0x2186,0x2186,0x2186,0x2187,0x1124,0x1104,0x2166,0x31A6,0x6242,0x7AA0,
0x8280,0x8AA0,0x8AC0,0x92C0,0x92E0,0x92E0,0x92E0,0x9AE0,0x92E0,0x92C0,0x8AA0,0x8280,0x61E1,0x30E1,0x1020,0x0800,
0x0820,0x18A2,0x6B6E,0x9CF4,0x94D3,0xA534,0xA534,0xA514,0xAD55,0xB596,0xAD75,0xB5B7,0xB5B7,0xBDD8,0xBDF8,0x7BCF,
0x73AE,0xA534,0xBDD7,0xCE79,0xA514,0x5ACB,0x2945,0x0841,0x0820,0x0820,0x0820,0x0840,0x0840,0x0820,0x0820,0x0820,
0x0820,0x0820,0x0020,0xA534,0xC5F8,0xBDD7,0xB5B6,0xB5B6,0x7BEF,0x2104,0x0861,0x2945,0xB5B6,0xCE59,0xC639,0xCE59,
0xCE79,0xD69A,0xC618,0xBDF8,0xB5B7,0xA554,0xA576,0xB597,0xBE18,0xAD75,0x52AA,0x1041,0x0800,0x0820,0x0820,0x2080,
0x7262,0xA321,0xAB41,0xB380,0xBBC1,0xBBC0,0xBBE1,0xBBC0,0xB380,0xB360,0xB380,0xB380,0xB3A1,0xBC05,0xB406,0xB426,
0xB426,0xB426,0xB406,0xB427,0xB428,0xB428,0xB428,0xB428,0xB408,0xB408,0xB408,0xB408,0xABE8,0xABE8,0xB3E8,0xB3C6,
0x11A7,0x1987,0x2187,0x19A7,0x11C7,0x11A8,0x09E9,0x020A,0x020B,0x020B,0x01EA,0x01CA,0x01A9,0x01A9,0x0189,0x016A,
0x21C5,0x6345,0x9C86,0x5B68,0x32CB,0x124F,0x0A2F,0x0A4E,0x024F,0x024F,0x024F,0x0250,0x022F,0x022F,0x0A4F,0x0270,
0x0250,0x0250,0x0270,0x0270,0x0250,0x0270,0x0270,0x0250,0x0A91,0x0A91,0x0271,0x02B1,0x0291,0x024F,0x0250,0x0250,
0x0270,0x126E,0x4B4B,0x9CC6,0xB502,0xBD42,0xBD23,0xB502,0xA482,0xB4E2,0xBD43,0xBD43,0xB4E2,0xB4E2,0xBD42,0xC563,
0xC542,0xBD02,0xBCC2,0x9CA4,0x42E9,0x0A0C,0x022E,0x026F,0x024F,0x022F,0x022E,0x024F,0x022E,0x022E,0x022E,0x020D,
0x022E,0x020D,0x020D,0x020D,0x020D,0x01ED,0x01ED,0x01CC,0x01CC,0x01EC,0x01EC,0x01CC,0x01AB,0x01AB,0x018B,0x018B,
0x018B,0x018B,0x018A,0x1188,0x4225,0x5A83,0x4203,0x08E5,0x00E6,0x0106,0x0126,0x0126,0x0147,0x0147,0x0147,0x0147,
0x0947,0x0947,0x0947,0x0947,0x0126,0x0926,0x1146,0x1167,0x1967,0x1146,0x1146,0x1146,0x1146,0x0926,0x0926,0x0926,
0x0906,0x0926,0x0926,0x0925,0x1146,0x1126,0x0905,0x0905,0x0905,0x1125,0x1125,0x1105,0x1105,0x1125,0x1125,0x0905,
0x08E4,0x08E4,0x0904,0x08E4,0x08E4,0x08C4,0x08E4,0x08E4,0x1104,0x10E5,0x1105,0x1105,0x0905,0x1105,0x08E5,0x0905,
0x1105,0x1105,0x08E4,0x1966,0x08A3,0x08A3,0x08A3,0x08C3,0x08C3,0x08C4,0x08C4,0x08C4,0x08C3,0x10C4,0x08C3,0x08C3,
0x08C4,0x10E4,0x08E4,0x1104,0x10C3,0x08A4,0x10C3,0x10C3,0x18E3,0x1104,0x10E4,0x18E3,0x2123,0x2144,0x10E3,0x10E3,
0x18C3,0x4A6A,0x2104,0x1082,0x4248,0x3A08,0x4229,0x31E6,0x1946,0x2187,0x2187,0x2166,0x39A5,0x5A22,0x7A81,0x8280,
0x82A0,0x82A0,0x8AA0,0x8AC0,0x92C0,0x92E0,0x92E0,0x9AE0,0x9AE0,0x92E0,0x92C0,0x8AA0,0x8280,0x7A62,0x4961,0x1060,
0x0820,0x0820,0x0841,0x52AA,0x8C71,0xA534,0xA534,0xA534,0xA534,0xAD75,0xB596,0xB5B7,0xBDF8,0xC618,0xC618,0xBDF7,
0xC638,0xB596,0x94B2,0x4A69,0x1082,0x2945,0x39E7,0x39E7,0x3185,0x18A2,0x0820,0x0820,0x0820,0x0820,0x0840,0x0840,
0x0840,0x0841,0x0020,0x9CD3,0xBDD7,0xBDB7,0x8C71,0x2965,0x0841,0x2945,0x632C,0xBDF7,0xBDD8,0xBDF8,0xC618,0xAD75,
0x6B6D,0x4208,0x4A69,0x6B4D,0x7BEF,0x8C51,0x8C51,0x7BCF,0x41E8,0x1082,0x0820,0x0840,0x0840,0x0840,0x5161,0x8AC2,
0xA340,0xAB80,0xB3A0,0xBBC1,0xBBC0,0xBBC0,0xBBE0,0xBBC0,0xBBA0,0xB380,0xBB80,0xBB80,0xBBC2,0xBC25,0xB426,0xBC27,
0xBC27,0xBC27,0xB427,0xB428,0xB429,0xB429,0xB429,0xB429,0xB429,0xB429,0xB409,0xB408,0xB428,0xB409,0xB409,0xB407,
0x11A7,0x1966,0x2186,0x21A6,0x1987,0x2186,0x11C8,0x01E9,0x020A,0x020B,0x020B,0x020B,0x01EA,0x01C9,0x01A9,0x016A,
0x0969,0x1187,0x42A6,0x9486,0x9466,0x63AA,0x22AC,0x0A2E,0x022F,0x022F,0x0A50,0x0A70,0x0A50,0x022F,0x022E,0x0270,
0x0250,0x022F,0x0250,0x0230,0x022F,0x0250,0x0A71,0x0250,0x0A91,0x0A92,0x0271,0x0AB2,0x0AB2,0x0AB1,0x0290,0x0250,
0x0A70,0x0A50,0x1A6F,0x4B4A,0xB524,0xB522,0xBD03,0xBD22,0xBD02,0xB4C2,0xB501,0xC522,0xC542,0xBD22,0xB502,0xBD02,
0xBD02,0xBCE1,0xB4E4,0x5369,0x124D,0x022F,0x0A2E,0x022F,0x022F,0x022F,0x020E,0x020E,0x022E,0x022E,0x022E,0x020D,
0x0A2E,0x022E,0x020D,0x020E,0x020E,0x020D,0x020D,0x01EC,0x01CC,0x01CC,0x01CC,0x01AC,0x01AB,0x01AA,0x01CB,0x01AB,
0x09AB,0x11A9,0x29E7,0x52A5,0x62C4,0x3A03,0x0904,0x00E6,0x0106,0x0127,0x0147,0x0147,0x0147,0x0147,0x0147,0x0147,
0x0147,0x0947,0x0947,0x0146,0x0946,0x0926,0x1167,0x1987,0x1987,0x1947,0x1947,0x1167,0x1126,0x1126,0x0926,0x1126,
0x1126,0x1126,0x1125,0x1146,0x1145,0x1125,0x0925,0x0905,0x1105,0x1125,0x1125,0x1125,0x1125,0x1146,0x1125,0x0905,
0x0905,0x0905,0x0905,0x08E5,0x08E4,0x08C4,0x08E4,0x08E4,0x10E4,0x1105,0x10E5,0x10E5,0x1125,0x1105,0x08E5,0x08E5,
0x0905,0x1105,0x1105,0x1925,0x08A3,0x08A3,0x08A3,0x08C3,0x08C4,0x08C4,0x08C3,0x08C3,0x08A3,0x08A3,0x08A4,0x08C3,
0x08C4,0x10E4,0x10C4,0x10C4,0x08C3,0x08A4,0x08A3,0x10C3,0x10E3,0x1904,0x1924,0x2103,0x2944,0x20E3,0x10E4,0x10C3,
0x10C2,0x6BAF,0x31A7,0x10A3,0x3186,0x31A7,0x4228,0x62E8,0x2963,0x2186,0x21A7,0x29C8,0x31C6,0x6243,0x8260,0x8260,
0x8280,0x82A0,0x8AA0,0x8AC0,0x92C0,0x92E0,0x92E0,0x9AE0,0x92E0,0x92E0,0x92E0,0x92C0,0x8AA0,0x8260,0x7A41,0x3921,
0x1860,0x0820,0x0820,0x0841,0x2103,0x8C51,0xA534,0xA514,0xAD75,0xAD75,0xB5B7,0xBDB7,0xBDB7,0xB5B7,0xBE18,0xB596,
0x8C51,0x39C7,0x1082,0x1082,0x738E,0xA514,0xBDF7,0xBDF7,0xB596,0x9471,0x2965,0x0840,0x0840,0x0840,0x0820,0x0840,
0x0820,0x0820,0x0020,0x9492,0xC618,0x8C71,0x18C3,0x0861,0x2945,0x9CF3,0xBDD7,0xBDF7,0xC5F8,0xC5F8,0xC639,0xAD75,
0x6B4D,0x2124,0x0840,0x0020,0x0020,0x0821,0x0821,0x0821,0x0840,0x0820,0x0840,0x0841,0x1861,0x4961,0x92E1,0xA320,
0xAB60,0xB3A0,0xB3C1,0xBBC1,0xBBE1,0xBBE1,0xBBE1,0xBBC0,0xBBC0,0xBBA0,0xBBA0,0xBBC0,0xBC02,0xBC47,0xBC27,0xBC47,
0xBC47,0xBC47,0xB448,0xB449,0xB449,0xB448,0xB429,0xB449,0xB449,0xB449,0xB449,0xB429,0xB428,0xB429,0xB42A,0xB408,
0x1987,0x1986,0x1966,0x1986,0x1987,0x29A7,0x19A7,0x01E9,0x020A,0x01EB,0x020B,0x0A0B,0x0A0B,0x01EA,0x01C9,0x018A,
0x098A,0x0989,0x09A8,0x42A6,0x7366,0x8C26,0x7C28,0x5B89,0x226B,0x0A0E,0x0A4F,0x0270,0x0270,0x024F,0x022F,0x024F,
0x024F,0x022F,0x022F,0x022F,0x022F,0x022F,0x0271,0x0271,0x0291,0x0A91,0x0291,0x02B2,0x02B2,0x0AB2,0x02B1,0x0270,
0x024F,0x0A70,0x0A50,0x1A8E,0x8468,0xB545,0xB4C2,0xB4C2,0xBD23,0xB4E2,0xB4E1,0xC502,0xC542,0xBD02,0xB4E2,0xB4C2,
0xB4C1,0xB4E3,0x8C67,0x226C,0x024E,0x022F,0x020E,0x022F,0x024F,0x024F,0x020E,0x020E,0x020E,0x020E,0x022E,0x020D,
0x022E,0x022E,0x020E,0x022E,0x020E,0x01ED,0x01ED,0x020D,0x01ED,0x01CC,0x01CC,0x01CC,0x01CC,0x01CC,0x01AA,0x09AA,
0x19A8,0x4266,0x5AC5,0x5AA4,0x29A4,0x1105,0x08E6,0x0107,0x0127,0x0147,0x0147,0x0147,0x0147,0x0147,0x0147,0x0147,
0x0147,0x0947,0x0147,0x0146,0x0946,0x0926,0x1987,0x1988,0x1987,0x1146,0x1167,0x1167,0x1146,0x0946,0x1126,0x1146,
0x1146,0x1146,0x1146,0x1145,0x1146,0x0926,0x0926,0x1125,0x0905,0x1125,0x1125,0x1125,0x1125,0x1126,0x1126,0x1126,
0x1125,0x1126,0x1125,0x08E4,0x08E4,0x08E4,0x08E4,0x10E4,0x08E4,0x08C4,0x10E5,0x08E4,0x10E4,0x10E4,0x08E4,0x08E4,
0x08E4,0x08E4,0x08E4,0x08E4,0x08A3,0x08A3,0x08A3,0x08C3,0x08C3,0x08C3,0x08C4,0x10E4,0x08C3,0x08A4,0x08A4,0x10C4,
0x10C4,0x08C3,0x08A3,0x08A2,0x08C3,0x10A4,0x10A3,0x10E3,0x10E4,0x2124,0x2123,0x2923,0x3124,0x18C2,0x10E4,0x10E3,
0x2144,0x5B2D,0x4A8A,0x2124,0x18E4,0x1904,0x31E7,0x7307,0x6A63,0x39A4,0x2187,0x21A8,0x2A07,0x4A45,0x7A82,0x8280,
0x8280,0x8AA0,0x8AA0,0x8AC0,0x92C0,0x92E0,0x92E0,0x92E0,0x92E0,0x9B00,0x92E0,0x92E0,0x92A0,0x8A80,0x8260,0x69E1,
0x4941,0x1860,0x0820,0x0800,0x0820,0x39A6,0x8410,0xA514,0xA555,0xAD76,0xB596,0xBDD7,0xBDD7,0xBDD7,0x9492,0x4A69,
0x2945,0x0861,0x1082,0x630C,0xB5B6,0xBDF7,0xC618,0xC638,0xC638,0xC618,0x9CF3,0x4A28,0x1082,0x0840,0x0020,0x0820,
0x0820,0x0820,0x0020,0x73AE,0x9492,0x31A6,0x0861,0x4A49,0x8C51,0xBDF7,0xBDF7,0xBDD7,0xBDD7,0xBDD7,0xBDF8,0xBDF8,
0xB5B6,0x7C0F,0x1081,0x0840,0x0820,0x0820,0x0820,0x0020,0x0040,0x0020,0x0840,0x1060,0x4121,0x8A81,0xA320,0xA360,
0xB3A0,0xB3C1,0xBBE1,0xBC02,0xBBE2,0xBBE2,0xBBE2,0xBBE1,0xBBC1,0xB3A0,0xBBC0,0xBBE1,0xBBE3,0xBC47,0xBC48,0xBC47,
0xBC48,0xBC48,0xBC48,0xBC49,0xB449,0xB449,0xB449,0xB449,0xB44A,0xB44A,0xB44A,0xB449,0xB449,0xB42A,0xB42A,0xB428,
0x1966,0x1986,0x1186,0x1167,0x1187,0x2186,0x19A6,0x09C7,0x09E9,0x09CA,0x09EB,0x0A0B,0x020B,0x020B,0x020B,0x01EB,
0x09CA,0x01A9,0x01AA,0x018A,0x0989,0x3227,0x6B86,0x9486,0x9CC7,0x6BA7,0x4309,0x22AD,0x0A50,0x0A50,0x0270,0x0270,
0x0270,0x0250,0x0270,0x0250,0x0250,0x0250,0x0250,0x0270,0x0291,0x02B1,0x0291,0x0291,0x0291,0x0291,0x0250,0x0250,
0x0250,0x0250,0x024F,0x0A4F,0x228C,0x5BAA,0xACE6,0xB4A2,0xB4C2,0xBD23,0xBD02,0xBD02,0xBD22,0xBD03,0xBCE2,0xBCC2,
0xA4C5,0x7C29,0x228D,0x0A70,0x024F,0x022F,0x022E,0x022F,0x0A2F,0x0A4F,0x020E,0x022E,0x020E,0x01EE,0x020E,0x022E,
0x020E,0x022E,0x020E,0x022E,0x0A2E,0x022E,0x020E,0x0A0D,0x01ED,0x01ED,0x01ED,0x01ED,0x09CB,0x1A09,0x3A86,0x5B04,
0x6B44,0x5AC4,0x3A04,0x1924,0x00E6,0x0106,0x0106,0x0127,0x0127,0x0147,0x0167,0x0167,0x0167,0x0147,0x0147,0x0147,
0x0147,0x0147,0x0167,0x0146,0x0946,0x1167,0x1988,0x1167,0x1167,0x1166,0x1166,0x0946,0x0946,0x0946,0x0946,0x1146,
0x1146,0x1166,0x1946,0x1946,0x1146,0x1146,0x0926,0x0925,0x0925,0x1125,0x1125,0x1125,0x1126,0x1146,0x1146,0x1146,
0x1146,0x1146,0x1146,0x1105,0x0905,0x0905,0x0904,0x08E4,0x08C4,0x08E4,0x08E4,0x08E4,0x08E4,0x08C3,0x08C4,0x08C4,
0x08A4,0x08A4,0x08C4,0x08C3,0x08C3,0x08C3,0x08C3,0x08C3,0x08C4,0x08C4,0x10E4,0x10E4,0x10C4,0x08C4,0x08C4,0x08C3,
0x08C3,0x08A3,0x10C3,0x1904,0x10C3,0x10C3,0x10C3,0x10E3,0x1904,0x2103,0x3163,0x3144,0x2923,0x18E2,0x10E3,0x1904,
0x2985,0x31E8,0x4289,0x4A68,0x10A3,0x1925,0x42CB,0x8368,0x9B02,0x9B03,0x5A04,0x31A5,0x21A7,0x3229,0x630A,0x7B07,
0x7A82,0x8280,0x8280,0x8AC0,0x8AC0,0x92C0,0x92E0,0x92E0,0x92E0,0x92E0,0x92E0,0x92C0,0x92C0,0x92A0,0x8A80,0x8220,
0x7A21,0x5981,0x2080,0x0820,0x0820,0x0820,0x18A2,0x4228,0x9CD3,0xB596,0xB5B7,0x9CF3,0x8410,0x4A28,0x0861,0x0820,
0x0820,0x18E3,0x738E,0xC618,0xBDD7,0xC618,0xBDF7,0xBDF7,0xBDF8,0xC618,0xBDF7,0xC638,0x5AEB,0x4A69,0x5AAA,0x18A2,
0x0840,0x0820,0x0820,0x2945,0x18E3,0x1082,0x7BEF,0xB596,0xB5B6,0xBDD7,0xBDD7,0xB5B6,0xB596,0xB597,0xB596,0xB5B7,
0xB596,0xBDF7,0x630C,0x0821,0x0820,0x0820,0x0020,0x0020,0x0820,0x1020,0x2080,0x7221,0x92E1,0xA320,0xAB60,0xB380,
0xB3A0,0xBBE1,0xBC02,0xBC03,0xBC04,0xBC04,0xBC04,0xBC04,0xBC03,0xBC03,0xBC03,0xBC03,0xBC25,0xBC47,0xBC48,0xBC48,
0xBC48,0xBC69,0xB449,0xBC69,0xBC49,0xB449,0xB449,0xB449,0xB44A,0xB46A,0xBC6A,0xB46A,0xB469,0xB44A,0xB44A,0xB449,
0x1146,0x1167,0x0967,0x0967,0x1187,0x1966,0x2186,0x11A6,0x09C9,0x09CA,0x020B,0x020B,0x020B,0x020C,0x020B,0x020B,
0x01EA,0x01CA,0x01CB,0x01CA,0x01CB,0x01AB,0x09A9,0x21E8,0x42A5,0x9485,0xAD26,0x9486,0x534B,0x226C,0x0A0E,0x0A50,
0x0230,0x0270,0x0A91,0x0A91,0x0270,0x0250,0x0270,0x0250,0x0291,0x0AB1,0x0291,0x0291,0x0270,0x0290,0x026F,0x0A30,
0x0250,0x0290,0x0270,0x0A50,0x0A70,0x0A6F,0x4B6B,0xB4E5,0xB4C2,0xB4C3,0xBD23,0xC543,0xC543,0xBD22,0xBD02,0xB526,
0x4B69,0x126D,0x0250,0x0270,0x024F,0x024F,0x022F,0x022F,0x022F,0x0A2F,0x020E,0x020F,0x020E,0x01EE,0x020E,0x0A2F,
0x020E,0x022E,0x020E,0x020E,0x022E,0x020E,0x020D,0x020D,0x01ED,0x01ED,0x09CB,0x3269,0x6347,0x7BC6,0x7BC4,0x5AC3,
0x29A3,0x0905,0x00E6,0x0106,0x0126,0x0126,0x0147,0x0147,0x0147,0x0147,0x0147,0x0147,0x0148,0x0167,0x0167,0x0167,
0x0147,0x0147,0x0147,0x0146,0x0946,0x11A8,0x1987,0x1187,0x1167,0x1167,0x1167,0x1167,0x1146,0x1167,0x1167,0x0946,
0x0946,0x1146,0x1146,0x1125,0x1125,0x1146,0x0926,0x0926,0x0925,0x1125,0x1146,0x1146,0x1146,0x1146,0x1146,0x1146,
0x1146,0x1146,0x1146,0x1126,0x1126,0x1105,0x0905,0x1125,0x08E4,0x08E4,0x00C4,0x08C4,0x08C4,0x08C4,0x08C4,0x08C4,
0x08A4,0x08A4,0x08A4,0x10C4,0x08C4,0x08C3,0x10C3,0x10C4,0x10E4,0x10C4,0x10E4,0x08C4,0x08C3,0x08A4,0x08A3,0x08A3,
0x08A3,0x08A3,0x10C3,0x18E3,0x10A3,0x1904,0x10C3,0x18C2,0x2103,0x2943,0x2123,0x2923,0x2943,0x18E3,0x10E4,0x10E4,
0x1904,0x10E4,0x2145,0x4227,0x1904,0x1925,0x4B0C,0x736A,0x8AE3,0xA301,0x9B01,0x7AA3,0x31A4,0x21A6,0x3A48,0x636C,
0x7B69,0x7283,0x8280,0x8AA0,0x8AA0,0x8AA0,0x8AC0,0x8AC0,0x92C0,0x92C0,0x92C0,0x92C0,0x92C0,0x9AC0,0x8AA1,0x8260,
0x8220,0x7A00,0x59C1,0x28C1,0x1040,0x0820,0x0820,0x0840,0x2965,0x52AA,0x528A,0x18E3,0x0841,0x0840,0x0820,0x0820,
0x0820,0x3185,0x9CF3,0xB5B6,0xB5B6,0xAD75,0xC618,0xBDF7,0xC638,0xC639,0xBDF7,0xC618,0x8C71,0x630C,0xBDD6,0x6B2C,
0x0820,0x0820,0x0820,0x0840,0x1081,0x738E,0xB5B6,0xB596,0xB596,0xB5B6,0xB5B6,0xBDD7,0xBDD7,0xB576,0x9CF4,0x9CD3,
0xA534,0xBDF7,0x7BEF,0x0821,0x0800,0x0820,0x0020,0x0840,0x1020,0x30C0,0x7A61,0x9B00,0xA300,0xAB60,0xB3A0,0xBBA0,
0xBBA1,0xBBE1,0xBBE2,0xB3E3,0xBC05,0xBC05,0xBC25,0xBC25,0xBC26,0xBC46,0xBC26,0xBC26,0xBC26,0xBC47,0xBC47,0xBC48,
0xBC48,0xBC69,0xB449,0xB449,0xB449,0xB449,0xB449,0xB449,0xB449,0xBC4A,0xBC4A,0xBC6A,0xB46A,0xB46A,0xB46A,0xB449,
0x1147,0x0966,0x0966,0x1147,0x1986,0x2165,0x2985,0x19A6,0x09A9,0x01C9,0x01EA,0x020B,0x020B,0x0A0C,0x020B,0x020A,
0x01EA,0x01EB,0x01EB,0x01EB,0x01EB,0x01CB,0x01CB,0x01AA,0x0988,0x3267,0x5B66,0x8C66,0xA4E8,0x7C28,0x534A,0x122C,
0x09ED,0x022F,0x0250,0x0250,0x0A70,0x0250,0x0270,0x0270,0x0291,0x0291,0x02B1,0x0291,0x0270,0x0291,0x0A70,0x0A4F,
0x0A50,0x0A91,0x0AB1,0x0270,0x0270,0x0270,0x128F,0x6BCA,0x9C86,0xACA3,0xB4E3,0xBD23,0xBD23,0xB502,0xA4E5,0x6BC9,
0x126D,0x024F,0x0250,0x0250,0x024F,0x022F,0x022E,0x022F,0x022F,0x0A4F,0x022E,0x020E,0x020E,0x020E,0x020E,0x022E,
0x022E,0x022E,0x020D,0x020D,0x020D,0x020C,0x01ED,0x01ED,0x09EA,0x2249,0x4AE8,0x7386,0x7B85,0x6304,0x31E4,0x1944,
0x00E5,0x0106,0x0127,0x0127,0x0127,0x0147,0x0167,0x0147,0x0147,0x0147,0x0167,0x0147,0x0167,0x0167,0x0167,0x0167,
0x0167,0x0147,0x0147,0x0147,0x0967,0x11A8,0x1187,0x1167,0x0946,0x1147,0x1147,0x1147,0x1147,0x0946,0x0946,0x0946,
0x1166,0x1146,0x1146,0x1126,0x1126,0x0926,0x0926,0x0905,0x0905,0x0905,0x0905,0x0925,0x1126,0x0925,0x1146,0x1146,
0x1146,0x1146,0x1146,0x1126,0x1126,0x1125,0x0905,0x1125,0x1105,0x08E4,0x00C4,0x00C4,0x08E4,0x08C4,0x08C4,0x08C4,
0x10C4,0x10C4,0x10C4,0x10C4,0x10C4,0x10C4,0x10E4,0x10C4,0x10C4,0x08C4,0x08C3,0x08A3,0x08A3,0x08A4,0x08A3,0x08A3,
0x08A3,0x08A3,0x08A2,0x10C3,0x10C3,0x10E4,0x10C3,0x10A2,0x3164,0x2943,0x1903,0x2103,0x2144,0x1904,0x08E4,0x10E4,
0x10C3,0x08C4,0x10E4,0x2145,0x3185,0x10C3,0x4ACB,0x736C,0x8305,0xA301,0xA300,0xA302,0x6263,0x29A4,0x21A6,0x3A49,
0x73AC,0x8369,0x82A2,0x8AA0,0x8AA0,0x8AA0,0x8AA0,0x8AA0,0x8AA0,0x92C0,0x92C0,0x92C0,0x92C0,0x9AC0,0x92A0,0x8260,
0x8260,0x7A20,0x7200,0x59A2,0x3901,0x1020,0x0820,0x0840,0x0840,0x0861,0x1061,0x0820,0x0820,0x0820,0x0820,0x0820,
0x0840,0x3186,0x9CF3,0xAD75,0xB5B6,0xB5B6,0xC618,0xC618,0xC638,0xCE39,0xC618,0xBDF7,0x9492,0x5ACA,0xBDD7,0xAD34,
0x2103,0x0820,0x0840,0x1081,0x4A48,0xAD54,0xB596,0xB596,0xB5B6,0xBDD7,0xB5B6,0xAD75,0xA515,0x9CB3,0x94B3,0xA534,
0xAD75,0x8C51,0x31A6,0x0820,0x0820,0x0820,0x0820,0x1040,0x4121,0x7241,0x9B21,0xA320,0xAB40,0xB380,0xB3A0,0xBBC0,
0xBBC1,0xBBC1,0xBBE2,0xBC03,0xBC25,0xBC26,0xBC26,0xBC47,0xBC47,0xBC47,0xBC27,0xBC26,0xBC46,0xBC47,0xBC47,0xBC48,
0xBC48,0xBC49,0xBC49,0xB449,0xB449,0xB449,0xBC49,0xB449,0xB429,0xB449,0xBC6A,0xBC6A,0xB46A,0xB46A,0xB46A,0xB46A,
0x11A8,0x11A7,0x1187,0x11A7,0x2186,0x31A5,0x31A5,0x19A7,0x09A8,0x09A9,0x09C9,0x09EA,0x09EB,0x0A0B,0x020B,0x022B,
0x022B,0x0A2C,0x022C,0x022C,0x020C,0x020B,0x020B,0x01EB,0x01CB,0x01CB,0x01AA,0x01A8,0x3A66,0x73C6,0xACE5,0xA507,
0x7C48,0x3B0B,0x126E,0x024F,0x0250,0x0270,0x0A70,0x0270,0x022F,0x0A50,0x0A71,0x0291,0x0291,0x02B1,0x0AB3,0x0A72,
0x0250,0x0250,0x0270,0x02B1,0x0271,0x0270,0x0270,0x0A4F,0x228C,0x7C08,0xACE3,0xBCE3,0xB4C3,0x8C69,0x3B0B,0x0A70,
0x0A70,0x0270,0x0250,0x0271,0x0250,0x022F,0x022F,0x0A2F,0x022E,0x022F,0x022F,0x020E,0x0A4F,0x022E,0x020E,0x022E,
0x022E,0x024F,0x020E,0x020E,0x020D,0x120C,0x2A6A,0x42A9,0x8406,0x8C04,0x7384,0x3A05,0x1106,0x08E6,0x0107,0x0107,
0x0127,0x0127,0x0147,0x0168,0x0147,0x0147,0x0168,0x0168,0x0168,0x0168,0x0168,0x0168,0x0167,0x0147,0x0167,0x0167,
0x0167,0x0167,0x0167,0x0147,0x0167,0x0967,0x0146,0x0946,0x0967,0x1167,0x0947,0x0926,0x0126,0x0105,0x0905,0x1987,
0x1146,0x0946,0x0926,0x0926,0x0906,0x0906,0x0905,0x0906,0x0905,0x0905,0x1105,0x0925,0x1125,0x0905,0x0946,0x0946,
0x0946,0x1147,0x1147,0x1146,0x0946,0x0946,0x1166,0x1966,0x1145,0x1105,0x08E5,0x08E4,0x08E4,0x08C4,0x08E4,0x08C4,
0x08C4,0x08C4,0x10C4,0x10C4,0x10C4,0x10C4,0x08C4,0x08C4,0x08C4,0x08C4,0x08C3,0x08C3,0x08A3,0x10A3,0x10C3,0x18E3,
0x10A2,0x08C3,0x08C3,0x10A3,0x08C3,0x08C3,0x10C3,0x08C3,0x10C3,0x10E2,0x1903,0x10C3,0x10E3,0x08E4,0x10E4,0x1945,
0x2165,0x08C3,0x08C4,0x0883,0x5205,0x3123,0x3A08,0x6B4B,0x72E7,0x9AC1,0xA300,0xA300,0x9B00,0x7AA2,0x39A4,0x2985,
0x3208,0x52EB,0x7B69,0x8AC2,0x8AA1,0x8AA1,0x8A80,0x8AA0,0x8AA0,0x8AA0,0x8AA0,0x8AA0,0x8A80,0x9280,0x8A80,0x8A60,
0x8A60,0x8260,0x8260,0x7A20,0x7221,0x4961,0x1860,0x1040,0x0820,0x0820,0x0820,0x0820,0x0020,0x0820,0x0820,0x0820,
0x0820,0x3185,0x94B2,0xA514,0xA514,0xA514,0xAD96,0xBDF8,0xC618,0xBDF7,0xCE7A,0xD6BB,0x7BCF,0x52AA,0xBDD7,0xC618,
0x5AEB,0x0820,0x0820,0x528A,0xAD96,0xBDF8,0xC5F8,0xB597,0xAD76,0xA535,0x9CD4,0x9493,0xA535,0xB596,0xAD76,0x7C0F,
0x39C7,0x0841,0x0840,0x0820,0x0820,0x0840,0x2080,0x59C1,0x9B02,0xA2E0,0xAB20,0xB360,0xB380,0xB3A0,0xBBC0,0xBBC0,
0xC3C0,0xBBE1,0xBBE2,0xBC04,0xBC25,0xBC26,0xBC48,0xBC48,0xBC48,0xBC48,0xBC48,0xBC48,0xBC48,0xBC48,0xBC48,0xBC48,
0xBC69,0xBC48,0xBC49,0xBC49,0xBC49,0xBC48,0xBC48,0xBC49,0xBC49,0xBC49,0xBC6A,0xBC6A,0xB46A,0xB46A,0xB46B,0xBC4A,
0x0A0A,0x09EA,0x09E9,0x09E9,0x11C8,0x21E8,0x19C7,0x11C8,0x09C9,0x09C9,0x09C9,0x09EA,0x01EA,0x0A0B,0x022B,0x022B,
0x022C,0x022C,0x0A4C,0x0A4C,0x0A4C,0x022C,0x022C,0x022C,0x0A0B,0x020B,0x01EC,0x01EB,0x01AA,0x11A9,0x2A27,0x6BA6,
0x94A6,0xA547,0x84A9,0x5BCB,0x1A8D,0x0270,0x0271,0x0271,0x0291,0x0271,0x0291,0x02B3,0x02B2,0x02B2,0x02D3,0x02B3,
0x0271,0x0270,0x0271,0x0250,0x02B1,0x0291,0x0271,0x0291,0x0A50,0x228C,0x8C67,0xB504,0x9467,0x2A8D,0x0A70,0x026F,
0x024F,0x0270,0x0270,0x0270,0x0250,0x0250,0x022F,0x022F,0x022F,0x022E,0x022F,0x020E,0x022F,0x022F,0x022E,0x020D,
0x020D,0x020D,0x020E,0x120D,0x2A6A,0x6BA8,0x8407,0x8C26,0x5AC4,0x31E4,0x1166,0x0126,0x0107,0x0107,0x0127,0x0127,
0x0148,0x0147,0x0188,0x0188,0x0168,0x0168,0x0168,0x0168,0x0168,0x0168,0x0168,0x0168,0x0168,0x0147,0x0167,0x0167,
0x0167,0x0167,0x0167,0x0147,0x0167,0x0167,0x0146,0x0947,0x0967,0x0967,0x0967,0x0146,0x0126,0x0126,0x1146,0x1146,
0x0946,0x0926,0x0126,0x0106,0x0106,0x0905,0x00E5,0x08E5,0x0905,0x0905,0x1125,0x0905,0x0926,0x0946,0x0946,0x0946,
0x1166,0x1146,0x1146,0x1146,0x0946,0x1146,0x1166,0x1146,0x1987,0x1966,0x1967,0x1146,0x0905,0x08C3,0x08C4,0x1105,
0x08C4,0x08C4,0x08C4,0x08C4,0x08C4,0x08C4,0x08C4,0x08E4,0x08C4,0x08C4,0x08A3,0x08A3,0x08A3,0x08C3,0x10C3,0x10C3,
0x10C3,0x08C3,0x10E4,0x10C4,0x10C3,0x10C4,0x10C3,0x08C3,0x08C3,0x08C3,0x08E4,0x18C3,0x10A3,0x08E4,0x10E4,0x2985,
0x4227,0x2185,0x2166,0x2145,0x7AA3,0x7242,0x5A03,0x72C5,0x82C3,0x92E1,0x92E0,0x9AE0,0xA300,0x9B01,0x82A2,0x5A03,
0x2985,0x31C6,0x4A89,0x7348,0x8305,0x8AA0,0x8A80,0x9280,0x8AA0,0x8AA0,0x8A80,0x8AA0,0x8AA0,0x8A80,0x8A80,0x8A80,
0x8A80,0x8A60,0x8260,0x7A40,0x7A40,0x7221,0x59C1,0x3901,0x1020,0x0820,0x0820,0x0020,0x0800,0x0800,0x0820,0x0821,
0x0820,0x20E3,0x7BEF,0xA514,0xA514,0xA535,0x9CF4,0xA555,0xB5B7,0xB5B6,0xC639,0xCE59,0x528A,0x8C51,0xD69A,0xC638,
0x73AE,0x0861,0x0861,0xAD75,0xBDF7,0x738E,0x8C51,0xB596,0xB5B7,0xAD76,0xB596,0xBDD7,0xAD55,0x7BF0,0x4208,0x10A2,
0x0840,0x0840,0x1020,0x0820,0x0820,0x3920,0x6A41,0x9B01,0xB361,0xAB20,0xB360,0xC3E2,0xBBC1,0xBBA0,0xBBA0,0xBBC0,
0xBBC0,0xBC00,0xBBE1,0xBC03,0xBC25,0xBC27,0xBC48,0xBC48,0xBC48,0xBC48,0xBC48,0xBC48,0xBC48,0xBC48,0xBC48,0xB448,
0xBC49,0xBC49,0xBC49,0xBC49,0xBC49,0xBC49,0xBC48,0xBC49,0xBC69,0xBC69,0xBC6A,0xBC8A,0xB46A,0xB46A,0xB46A,0xB44A,
0x0A0B,0x0A0A,0x09EA,0x0A0A,0x09EA,0x09E9,0x11C9,0x09EA,0x09EA,0x01C9,0x09C9,0x09EA,0x01EA,0x020B,0x020B,0x020B,
0x022C,0x0A4C,0x0A4C,0x0A4C,0x024C,0x024C,0x0A4C,0x024C,0x022C,0x022C,0x020C,0x020B,0x01EB,0x01CB,0x01AA,0x19E8,
0x3267,0x6BA6,0xAD26,0xAD66,0x7429,0x32ED,0x128F,0x0A91,0x02B2,0x02B1,0x0271,0x02B3,0x02D3,0x0AB3,0x02F3,0x02F3,
0x0291,0x0270,0x0291,0x0250,0x0A91,0x0291,0x0270,0x0292,0x0292,0x0A4F,0x4B4A,0x94C8,0x538A,0x0A70,0x0270,0x0270,
0x0290,0x0290,0x0270,0x0A91,0x0270,0x0270,0x0250,0x0250,0x0250,0x024E,0x022F,0x020E,0x022E,0x022F,0x022E,0x020D,
0x01ED,0x01CB,0x2A6A,0x5329,0x7BC6,0x8C06,0x6B25,0x4265,0x1166,0x0126,0x0127,0x0127,0x0128,0x0127,0x0147,0x0148,
0x0168,0x0168,0x0168,0x0188,0x0188,0x0168,0x0188,0x0188,0x0188,0x0188,0x0188,0x0188,0x0167,0x0167,0x0167,0x0167,
0x0167,0x0167,0x0167,0x0167,0x0167,0x0967,0x0167,0x0947,0x0967,0x0968,0x1188,0x0967,0x0947,0x0146,0x0946,0x0926,
0x0926,0x0126,0x0126,0x0105,0x0105,0x00E5,0x0105,0x08E5,0x0905,0x08E5,0x10E5,0x0905,0x0926,0x1146,0x0946,0x0966,
0x1186,0x1967,0x1966,0x1166,0x1166,0x1146,0x1146,0x1146,0x1966,0x1946,0x1966,0x1146,0x1125,0x08E4,0x08C4,0x08E4,
0x08C4,0x08C4,0x08C4,0x08C4,0x08C4,0x08C4,0x08E4,0x08E4,0x08E4,0x08E4,0x08C3,0x08C3,0x08C3,0x08A3,0x08A3,0x10C3,
0x10C3,0x08E4,0x10E4,0x10E4,0x10E4,0x08E4,0x08E4,0x08E4,0x0904,0x0905,0x1145,0x49A4,0x4183,0x2102,0x18E3,0x31A6,
0x3A07,0x29A6,0x29A7,0x39A6,0x8A82,0x9281,0x82A1,0x8AA1,0x9AC1,0x92C0,0x9AC0,0x9AE0,0x9AE0,0x9AE0,0x9B01,0x82A2,
0x41A3,0x2985,0x31E8,0x52CA,0x6B4A,0x8AE3,0x9280,0x92A0,0x92A0,0x8AA0,0x8AA0,0x8AA1,0x8A81,0x8A80,0x8A80,0x8A80,
0x8A81,0x8A60,0x8260,0x8260,0x8260,0x7A20,0x7221,0x69E1,0x30E1,0x1840,0x0820,0x0020,0x0800,0x0800,0x0820,0x0820,
0x0820,0x1081,0x5AEB,0xAD55,0x9492,0x94D3,0x9CF4,0x94D3,0xA535,0xAD75,0xC618,0x9CF3,0x39C7,0xAD75,0xD6BA,0xC638,
0x738E,0x0861,0x2944,0xC659,0x9CF3,0x2124,0x2124,0x4228,0x5ACB,0x632C,0x6B4D,0x632C,0x4208,0x2104,0x0820,0x0820,
0x0040,0x0820,0x0820,0x1040,0x38E1,0x7A62,0x92E1,0xA300,0xAB61,0xB360,0xBB81,0xC402,0xC3C1,0xBBC0,0xC3C0,0xBBE0,
0xC421,0xC461,0xBC01,0xBC03,0xBC25,0xBC27,0xBC48,0xBC48,0xBC48,0xBC48,0xBC48,0xBC48,0xBC48,0xBC48,0xBC48,0xBC49,
0xBC49,0xBC49,0xBC49,0xBC49,0xBC49,0xBC49,0xBC49,0xBC49,0xBC69,0xBC69,0xBC6A,0xBC6A,0xB46A,0xB46A,0xB46A,0xB46A,
0x0A0B,0x0A0A,0x09EA,0x0A0A,0x0A0A,0x020A,0x0A0A,0x0A0A,0x0A0B,0x09EA,0x09EA,0x01CA,0x01CA,0x0A2B,0x020B,0x020B,
0x022C,0x024C,0x026C,0x026C,0x026C,0x026C,0x026C,0x026C,0x026C,0x026C,0x024D,0x0A4D,0x024D,0x0A2C,0x020C,0x01EC,
0x09EB,0x01AA,0x1A08,0x4B08,0x8CC7,0xA4E6,0x94A7,0x63AA,0x2B0E,0x0AB0,0x0A91,0x0270,0x0270,0x0291,0x0292,0x02B3,
0x02D2,0x0290,0x0290,0x0291,0x0292,0x0AD2,0x0291,0x0A92,0x0AB1,0x0270,0x12D0,0x332E,0x1AB0,0x0290,0x0270,0x0AB1,
0x0291,0x0290,0x0270,0x0291,0x0291,0x0271,0x0271,0x0270,0x0270,0x0A70,0x0A50,0x022F,0x020E,0x020E,0x0A2D,0x2AAB,
0x5349,0x7407,0x9465,0x7BC5,0x52E6,0x1165,0x0107,0x0127,0x0147,0x0148,0x0148,0x0168,0x0168,0x0168,0x0168,0x0188,
0x0188,0x0188,0x0188,0x0189,0x09A9,0x0188,0x0188,0x0188,0x0188,0x0188,0x0188,0x0188,0x0188,0x0168,0x0168,0x0168,
0x0167,0x0167,0x0167,0x0167,0x0167,0x0167,0x0988,0x11A8,0x09A8,0x0988,0x0988,0x0988,0x11A9,0x0988,0x0967,0x0947,
0x0126,0x0126,0x0926,0x0126,0x0106,0x0905,0x00E5,0x08E5,0x08E4,0x1905,0x2146,0x0905,0x0905,0x0926,0x0946,0x1166,
0x1987,0x21A7,0x21A7,0x1986,0x1166,0x1166,0x1146,0x1146,0x1146,0x1126,0x1146,0x1146,0x1125,0x1105,0x08E4,0x08E4,
0x08E4,0x08E4,0x08E4,0x08E4,0x08E4,0x08E4,0x08E4,0x08E4,0x08E4,0x1104,0x08C3,0x08C3,0x08E3,0x10A3,0x10A3,0x08A3,
0x08C4,0x1105,0x1104,0x1904,0x1104,0x0905,0x1105,0x0905,0x1126,0x31A6,0x5224,0x8260,0x8280,0x7A81,0x59E2,0x5A03,
0x5246,0x4227,0x4A04,0x6264,0x8A81,0x9260,0x9280,0x92A0,0x92A0,0x92A0,0x9AA0,0x9AC0,0x9AC0,0x9AE0,0x9AE0,0x9AE0,
0x82C2,0x5203,0x3165,0x21A7,0x3229,0x6B4C,0x8325,0x8AC2,0x92A1,0x92A0,0x9280,0x8A60,0x92A1,0x92A1,0x8A81,0x8A80,
0x8A80,0x8A80,0x8A80,0x8A80,0x8A81,0x8240,0x8220,0x8220,0x7241,0x6202,0x30E0,0x1020,0x0800,0x0820,0x0820,0x0840,
0x0841,0x0020,0x18C3,0x73AE,0xB596,0xA555,0x9D14,0x94D3,0x9CD3,0xA534,0xB5B6,0x39E7,0x630C,0xBDD7,0xAD76,0xBDF7,
0x738E,0x2104,0x632C,0xB5B6,0x62EB,0x0840,0x0820,0x0020,0x0020,0x0020,0x0020,0x0840,0x0820,0x0820,0x0820,0x0820,
0x0841,0x1020,0x38E1,0x7A41,0x8AA1,0xA2E0,0xAB00,0xB320,0xB380,0xB3C0,0xBBE1,0xBBC0,0xBBE0,0xBBE0,0xBC00,0xC401,
0xBC02,0xBC24,0xBC25,0xBC27,0xBC48,0xBC29,0xB448,0xB428,0xB427,0xBC48,0xBC48,0xBC48,0xBC48,0xBC49,0xBC48,0xBC48,
0xBC48,0xBC48,0xBC28,0xBC48,0xBC48,0xBC48,0xBC49,0xBC49,0xBC49,0xBC49,0xBC69,0xBC6A,0xBC69,0xBC4A,0xB46A,0xB449,
0x0A0B,0x09EA,0x09EA,0x11EA,0x09EA,0x09EA,0x0A0A,0x0A0B,0x020B,0x020B,0x01EA,0x01EA,0x01CA,0x0A2B,0x0A0B,0x020B,
0x022C,0x024C,0x026C,0x026C,0x026C,0x026C,0x0A8D,0x026C,0x026C,0x026D,0x026D,0x026E,0x0A6D,0x026D,0x024D,0x024C,
0x022C,0x020D,0x020C,0x01EB,0x1A0A,0x42A8,0x6367,0xA507,0xB5A8,0x8D0A,0x53CD,0x12D0,0x02D2,0x0292,0x0A93,0x0292,
0x02F3,0x02B2,0x0292,0x0A92,0x0291,0x02B1,0x0291,0x0291,0x0AB2,0x0250,0x0270,0x1290,0x0A90,0x0271,0x0A71,0x0AB2,
0x02B1,0x02B1,0x0291,0x0270,0x0291,0x0291,0x0290,0x0270,0x0290,0x0A91,0x0A91,0x0A50,0x1A4B,0x3AA9,0x6B88,0x9466,
0x8406,0x6305,0x29E5,0x1186,0x0147,0x0148,0x0168,0x0168,0x0169,0x0189,0x0168,0x0169,0x0169,0x0189,0x0189,0x0189,
0x0189,0x0189,0x0188,0x0188,0x0988,0x0188,0x0188,0x0188,0x0188,0x0188,0x0189,0x0189,0x0189,0x0188,0x0188,0x0188,
0x0168,0x0168,0x0168,0x0168,0x0167,0x0988,0x0988,0x0988,0x0188,0x0188,0x0988,0x09A8,0x09A8,0x09A8,0x0988,0x0147,
0x0147,0x0927,0x0127,0x0126,0x0126,0x0905,0x08E5,0x08E5,0x08E5,0x08E5,0x1105,0x0905,0x0925,0x0946,0x1166,0x1166,
0x1167,0x1967,0x1987,0x1987,0x1186,0x1187,0x1166,0x1146,0x1966,0x1146,0x1146,0x1126,0x1126,0x0905,0x0905,0x0904,
0x08E4,0x08E4,0x08E4,0x08E4,0x08E4,0x08E4,0x08E4,0x08E4,0x08E4,0x10E4,0x10E4,0x08C3,0x08C3,0x08C3,0x08C3,0x08A3,
0x08C4,0x10E5,0x2125,0x2966,0x1104,0x0904,0x10E4,0x10C4,0x2166,0x62A7,0x7A63,0x8260,0x8260,0x8260,0x8261,0x8261,
0x8282,0x7A84,0x7A81,0x8280,0x8A60,0x8A80,0x8A80,0x9280,0x8AA0,0x8AA0,0x92A0,0x92A0,0x92A0,0x92C0,0x92C0,0x92C0,
0x92A0,0x8AA1,0x6202,0x2945,0x2187,0x3208,0x632A,0x836A,0x8AE4,0x8AA0,0x8AA0,0x92A0,0x9280,0x92A1,0x8A81,0x8A60,
0x8A60,0x8260,0x8A81,0x8A81,0x8281,0x8240,0x8260,0x8260,0x8260,0x8241,0x7201,0x5161,0x28A0,0x1020,0x0820,0x0840,
0x0840,0x0820,0x0840,0x18C3,0x632C,0x9492,0xAD55,0xAD75,0xB5B7,0xBDD7,0x39E8,0x5AEC,0xAD55,0xAD75,0xAD55,0xBDB6,
0xB5B6,0x9CF4,0xAD55,0xAD75,0x528A,0x0820,0x0840,0x0840,0x0820,0x0820,0x0820,0x0020,0x0820,0x0820,0x0820,0x0820,
0x2060,0x5182,0x8261,0x9AE0,0xA2E0,0xAB00,0xB320,0xB360,0xBB80,0xC3C0,0xC401,0xC3E0,0xBC00,0xC421,0xC422,0xC423,
0xC425,0xBC47,0xBC48,0xBC48,0xBC49,0xBC69,0xBC49,0xB448,0xB447,0xB448,0xB448,0xB448,0xB449,0xBC49,0xBC49,0xBC48,
0xBC48,0xBC48,0xB428,0xBC48,0xB448,0xBC48,0xBC48,0xBC49,0xBC49,0xB449,0xBC69,0xBC69,0xBC49,0xBC69,0xB469,0xB469,
0x09EB,0x09EA,0x11EA,0x11E9,0x09EA,0x09EA,0x0A0B,0x020B,0x022C,0x020B,0x020B,0x01EA,0x01EA,0x020B,0x01EA,0x020B,
0x022C,0x024C,0x026C,0x026C,0x026C,0x026C,0x0A8D,0x026D,0x026D,0x028D,0x028E,0x028E,0x02AE,0x02AD,0x028E,0x026D,
0x026D,0x026E,0x024C,0x022C,0x0A0D,0x09CB,0x1A0A,0x5348,0xA507,0xBDC7,0xB5A9,0x642D,0x338F,0x1AF1,0x0AB4,0x02B3,
0x02B2,0x0AD4,0x0A92,0x0A71,0x0290,0x0290,0x0291,0x0A92,0x0AB3,0x0271,0x0270,0x0270,0x0291,0x0292,0x02B1,0x02B1,
0x02B2,0x02B2,0x0291,0x0291,0x0291,0x0291,0x0270,0x0270,0x0270,0x0A71,0x126E,0x2ACD,0x63A9,0x8C47,0x9C45,0x7364,
0x3A45,0x1986,0x0147,0x0148,0x0168,0x0168,0x0169,0x0189,0x018A,0x0189,0x0989,0x0989,0x0189,0x0189,0x0188,0x0189,
0x0189,0x01A9,0x0189,0x01A9,0x0188,0x01A8,0x01A8,0x01A8,0x01A8,0x01A8,0x01A9,0x0189,0x01A8,0x0188,0x0188,0x0188,
0x0188,0x0188,0x0188,0x0168,0x0188,0x09A8,0x0188,0x0188,0x0188,0x0188,0x0188,0x09A9,0x09A9,0x09A9,0x0988,0x0968,
0x0968,0x0947,0x0927,0x0126,0x0126,0x0906,0x0905,0x08E5,0x08E5,0x08E5,0x08E5,0x0905,0x1146,0x1146,0x1166,0x1166,
0x1167,0x1987,0x1967,0x1967,0x1167,0x1167,0x1166,0x1146,0x1966,0x1146,0x1146,0x1126,0x1126,0x0905,0x0905,0x0905,
0x0905,0x0905,0x0905,0x0905,0x0905,0x0905,0x08E4,0x08E4,0x10E4,0x10E4,0x10E4,0x08C3,0x08C3,0x08C3,0x08C3,0x08A3,
0x08A3,0x10E4,0x1904,0x2965,0x1924,0x08E4,0x08C4,0x10A3,0x1925,0x5A67,0x7263,0x8260,0x8260,0x8260,0x8260,0x8A60,
0x8260,0x8261,0x8260,0x8A60,0x8A80,0x8A80,0x8A80,0x8A80,0x8A80,0x8A80,0x8A80,0x9280,0x9280,0x9280,0x92A0,0x92A0,
0x92A0,0x9280,0x8A82,0x4183,0x2965,0x29C7,0x3A49,0x5B0B,0x8368,0x8AC3,0x92A1,0x92A0,0x8A60,0x8A60,0x8A60,0x8A61,
0x8240,0x8260,0x8262,0x8261,0x8261,0x8240,0x8240,0x8260,0x8A80,0x8A60,0x8A40,0x7A41,0x59C1,0x28C0,0x0820,0x0800,
0x0820,0x0840,0x0820,0x0840,0x18A2,0x39C6,0x6B6E,0x8C71,0x9492,0x632C,0x39E7,0xA514,0xB596,0xA535,0xB576,0x9471,
0x9CD3,0xBDD7,0xBDF7,0xAD55,0x52AA,0x0820,0x0820,0x0840,0x0840,0x0840,0x0840,0x0820,0x0820,0x0820,0x0800,0x28C0,
0x59A1,0x8282,0x9AC0,0x9AE0,0xA300,0xAB20,0xB340,0xBB80,0xBBA0,0xC3C0,0xC3E0,0xC400,0xC401,0xC443,0xC424,0xC425,
0xBC26,0xBC47,0xBC68,0xBC68,0xBC69,0xBC69,0xBC69,0xB448,0xB447,0xB448,0xB448,0xB448,0xB449,0xB449,0xB449,0xBC49,
0xB428,0xB428,0xB428,0xB448,0xB448,0xBC28,0xBC48,0xBC49,0xB449,0xB449,0xB449,0xBC69,0xBC49,0xBC49,0xBC69,0xB449,
0x09EB,0x01EA,0x09E9,0x09E9,0x09EA,0x0A0B,0x0A2C,0x0A2C,0x020B,0x0A2C,0x0A2C,0x020B,0x01EB,0x1A2B,0x1A2A,0x0A0A,
0x022C,0x022C,0x024C,0x026C,0x026C,0x026D,0x026D,0x0A6D,0x0A8D,0x026D,0x028E,0x028E,0x0AAE,0x0AAF,0x0AAE,0x02AE,
0x02AE,0x0A8E,0x0A8E,0x0A8E,0x0A6E,0x0A6E,0x0A6E,0x0A4F,0x0A4D,0x1AAB,0x5BC9,0xB588,0xC607,0xAD89,0x5C4E,0x3370,
0x0AB2,0x0AD3,0x0AF3,0x0AB2,0x0250,0x0270,0x0270,0x0A72,0x0AB3,0x02D2,0x02D3,0x02B3,0x0AD2,0x0AD3,0x02D3,0x02D2,
0x0292,0x02B3,0x0AD3,0x0AB2,0x0291,0x0271,0x024F,0x0A2E,0x2AAB,0x63A8,0x9C86,0xA4C5,0x7BE6,0x4AE7,0x19C8,0x0148,
0x0168,0x0168,0x0189,0x0189,0x0189,0x01A9,0x01A9,0x01A9,0x01A8,0x01A8,0x01A9,0x01A9,0x01A9,0x01A9,0x01A9,0x0188,
0x0189,0x01A9,0x01A9,0x01A9,0x01A9,0x01A9,0x01A9,0x01A8,0x01A8,0x01A9,0x01A9,0x01A9,0x01A9,0x0188,0x0188,0x0188,
0x0188,0x0188,0x0188,0x0988,0x09A8,0x0988,0x0988,0x0988,0x0989,0x09A9,0x01A8,0x09A9,0x09A9,0x01A9,0x01A9,0x0188,
0x0168,0x0968,0x0147,0x0126,0x0126,0x0905,0x0105,0x0905,0x0925,0x08E5,0x0905,0x0905,0x0905,0x1125,0x1166,0x1166,
0x1167,0x1167,0x1967,0x1967,0x1987,0x1987,0x1986,0x1166,0x1966,0x1146,0x1146,0x1126,0x1126,0x1106,0x1105,0x0905,
0x1125,0x1105,0x1105,0x1105,0x0905,0x10E5,0x10E5,0x1104,0x1105,0x10E4,0x10E4,0x10C3,0x08C3,0x08A3,0x08A3,0x08A3,
0x10C3,0x10E4,0x10E4,0x10E3,0x10E3,0x1105,0x10C3,0x08A3,0x08C4,0x1924,0x4206,0x7A62,0x8260,0x8260,0x8260,0x8240,
0x8260,0x8A61,0x8A60,0x8A80,0x8280,0x8281,0x8281,0x8A61,0x8A60,0x8A80,0x8A80,0x8A80,0x8A80,0x8A80,0x92A1,0x8A80,
0x8A80,0x8AA1,0x8A80,0x8AA2,0x6A43,0x2943,0x29C7,0x29E7,0x4269,0x83CB,0x8B25,0x8A81,0x8A60,0x8A80,0x8A60,0x8A61,
0x8241,0x8241,0x7A41,0x7A21,0x7A21,0x8221,0x8241,0x8A60,0x92A0,0x92A0,0x92A0,0x8A80,0x8260,0x7A41,0x59A1,0x20A0,
0x1020,0x0820,0x0840,0x1040,0x0820,0x0820,0x0820,0x0000,0x1882,0x6B6D,0xBDD7,0xAD76,0xAD55,0x9CF3,0x630C,0x1081,
0x1081,0x39E7,0xAD55,0xB576,0x5AEB,0x0820,0x0800,0x0820,0x0820,0x0820,0x0820,0x0820,0x1020,0x28A0,0x59A1,0x92A1,
0x9AC0,0xA2E0,0xA300,0xAB20,0xAB40,0xB360,0xB360,0xBB80,0xBBA0,0xBBC0,0xC421,0xC423,0xC465,0xC446,0xC467,0xC468,
0xC489,0xC48A,0xBC89,0xBC89,0xBC69,0xBC69,0xB469,0xBC48,0xB448,0xB448,0xB448,0xBC49,0xBC49,0xBC49,0xBC49,0xBC29,
0xB428,0xB428,0xB408,0xB428,0xB428,0xBC28,0xB428,0xB428,0xB449,0xB449,0xB449,0xB449,0xB46A,0xB46A,0xB469,0xB46A,
0x0A0B,0x01EA,0x09EA,0x01EA,0x09EA,0x0A0B,0x0A2B,0x0A2B,0x020B,0x0A0B,0x022C,0x022C,0x0A2C,0x1A2B,0x124B,0x024B,
0x022C,0x022C,0x0A4C,0x026C,0x026D,0x026D,0x028D,0x028D,0x028D,0x028E,0x028E,0x0AAE,0x028E,0x0AAE,0x0ACF,0x02AE,
0x02AF,0x0ACF,0x0AAF,0x0ACF,0x0AD0,0x0ACF,0x0ACE,0x0AAF,0x0AD0,0x0ACF,0x0AAE,0x330C,0x538A,0x8488,0xAD47,0xAD48,
0x84CC,0x332E,0x1AD0,0x0AF3,0x0292,0x0291,0x0291,0x02B2,0x02D3,0x0AD3,0x02D3,0x02B3,0x0291,0x0292,0x02B2,0x02B2,
0x0AB3,0x02D2,0x02B1,0x0290,0x0A4F,0x128E,0x5BCC,0x7C6A,0x9CC7,0x9446,0x6327,0x3A87,0x11C9,0x018A,0x09AA,0x0189,
0x0189,0x01A9,0x0189,0x01A9,0x01A9,0x01C9,0x01A9,0x01A9,0x01A9,0x01A9,0x01A9,0x01A9,0x01A9,0x01A9,0x0189,0x0189,
0x0189,0x01A9,0x01A9,0x01A9,0x01A9,0x01A9,0x01A9,0x01A9,0x01A9,0x01A9,0x01A9,0x01A9,0x01A9,0x01A9,0x01A9,0x01A9,
0x0188,0x0188,0x0188,0x0988,0x0988,0x0988,0x09A8,0x09A9,0x09A9,0x09A9,0x01A9,0x01A9,0x01A9,0x01A8,0x01A8,0x0188,
0x0988,0x0188,0x0167,0x0147,0x0126,0x0925,0x0125,0x0105,0x08E5,0x08E5,0x08E5,0x0905,0x0905,0x0926,0x0946,0x0967,
0x1187,0x1167,0x1987,0x1987,0x1986,0x1986,0x1987,0x1986,0x1986,0x1966,0x1146,0x1946,0x1126,0x1126,0x1105,0x1105,
0x1126,0x1105,0x1105,0x1105,0x1105,0x1104,0x1104,0x10E4,0x1105,0x1105,0x1925,0x10E4,0x08C3,0x08A3,0x08C3,0x08C3,
0x08C3,0x10E3,0x10E4,0x1104,0x1925,0x29A7,0x31E7,0x2186,0x08E3,0x08E4,0x1104,0x6A64,0x8282,0x8260,0x8260,0x8240,
0x8260,0x8240,0x8A60,0x8A60,0x8280,0x8281,0x8261,0x8A61,0x8A60,0x8A60,0x8A80,0x8A80,0x8A80,0x8A80,0x8A81,0x8A80,
0x8A80,0x8A81,0x8A80,0x8A80,0x8A81,0x6222,0x2964,0x2186,0x29C7,0x4A89,0x7B8B,0x8B88,0x8281,0x8260,0x8A60,0x8A61,
0x8A61,0x8241,0x7A41,0x7A41,0x7A21,0x8241,0x8240,0x8A60,0x92A0,0x92C1,0x9AC0,0x92C0,0x92A0,0x8A60,0x8260,0x7201,
0x5981,0x28A1,0x1020,0x0820,0x0820,0x0820,0x0840,0x0820,0x0841,0x2965,0x5ACB,0x5ACB,0x4A49,0x2925,0x0861,0x0020,
0x0020,0x0840,0x4A69,0x5AAA,0x2104,0x0840,0x1020,0x0820,0x0821,0x0020,0x0820,0x2080,0x59C2,0x7A42,0x92C1,0xA2C0,
0xA301,0xA320,0xAB20,0xB340,0xB340,0xB360,0xB360,0xBB80,0xBBA0,0xC3C0,0xC422,0xC446,0xC467,0xC467,0xBC88,0xBC8A,
0xBCAA,0xBCAA,0xBC8A,0xBC8A,0xBC89,0xBC89,0xBC69,0xBC69,0xBC69,0xBC49,0xB449,0xBC49,0xBC49,0xBC49,0xBC49,0xBC49,
0xBC29,0xB429,0xB428,0xB429,0xB428,0xBC28,0xBC48,0xBC49,0xB449,0xB469,0xB469,0xB469,0xB46A,0xB46A,0xB46A,0xB46A,
0x01EA,0x01EA,0x01EA,0x01EA,0x01EA,0x0A0B,0x0A2B,0x0A2B,0x020C,0x0A2C,0x020B,0x022C,0x022C,0x022B,0x024B,0x024C,
0x022C,0x022B,0x0A4C,0x0A4C,0x0A6D,0x0A6D,0x028D,0x028D,0x028D,0x028D,0x028E,0x0A8E,0x028E,0x0A8E,0x0AAF,0x02CF,
0x02CF,0x02CF,0x0ACF,0x0ACF,0x0AF0,0x0AF0,0x0B10,0x1310,0x1310,0x0B10,0x0B10,0x0AB0,0x12AF,0x22EB,0x5B89,0x8C67,
0xBD67,0x9D08,0x6C0A,0x2AED,0x0AB1,0x0AB1,0x0271,0x0270,0x0290,0x0291,0x0271,0x0291,0x0291,0x0291,0x0291,0x02B2,
0x02D2,0x02B2,0x0292,0x128E,0x4B6C,0x846A,0xAD07,0xAD06,0x73C6,0x3246,0x19C9,0x09AA,0x01CA,0x01CB,0x01EB,0x01CA,
0x01AA,0x09AA,0x01A9,0x01AA,0x01C9,0x01C9,0x01A9,0x01A9,0x01A9,0x01A9,0x01A9,0x01A9,0x01A9,0x01A9,0x0189,0x0189,
0x0189,0x01A9,0x01A8,0x01A9,0x01A9,0x01A9,0x01A9,0x01A8,0x01A9,0x01A9,0x01A9,0x01A9,0x01A9,0x01A9,0x01A9,0x0189,
0x01A8,0x09A8,0x0988,0x0988,0x0988,0x0988,0x09A8,0x09A9,0x09A9,0x09A9,0x09A9,0x01A9,0x01A9,0x01A9,0x01A9,0x01A9,
0x09A8,0x0188,0x0968,0x0147,0x0147,0x0126,0x0126,0x0105,0x00E5,0x0905,0x00E5,0x0905,0x1125,0x0926,0x0966,0x1167,
0x1187,0x1187,0x1987,0x1987,0x1987,0x1986,0x1987,0x21A7,0x21A7,0x21A7,0x1966,0x1966,0x1146,0x1146,0x1145,0x1125,
0x1105,0x1125,0x1105,0x1105,0x1105,0x1104,0x1104,0x1104,0x1105,0x1104,0x1104,0x10E4,0x10C3,0x10E3,0x10E3,0x10E4,
0x10E3,0x1104,0x1925,0x2165,0x2165,0x31E8,0x3A69,0x3249,0x29E7,0x1125,0x1945,0x41C4,0x72A3,0x8260,0x8240,0x8240,
0x8240,0x8260,0x8240,0x8A60,0x8261,0x8261,0x8261,0x8260,0x8260,0x8A61,0x8A61,0x8A60,0x8280,0x8A81,0x8A61,0x8A81,
0x8280,0x8A80,0x8AA1,0x8A80,0x8A60,0x82A1,0x49C3,0x2943,0x29A6,0x31C6,0x4A89,0x7BAC,0x8B67,0x8282,0x8A60,0x8A40,
0x8A61,0x8241,0x8241,0x7A21,0x7A21,0x8221,0x8240,0x8260,0x8A80,0x92C0,0x9AE0,0x9AE0,0x92C0,0x9280,0x9260,0x8A60,
0x8241,0x61E1,0x4100,0x1840,0x0841,0x0040,0x0840,0x0820,0x0840,0x0020,0x1082,0x18A2,0x1061,0x0820,0x0821,0x0820,
0x0020,0x0020,0x1081,0x10A1,0x0840,0x0840,0x0820,0x0841,0x0841,0x1020,0x28C1,0x6202,0x8AC1,0x9AE0,0xA2E0,0xAB00,
0xAB21,0xAB21,0xAB60,0xB360,0xB340,0xB360,0xB360,0xBB80,0xBBA0,0xC3C0,0xC423,0xC446,0xBC47,0xBC68,0xBC89,0xBCAA,
0xBCCB,0xBCCB,0xBCAB,0xBCAA,0xBC8A,0xBCAA,0xBC89,0xBC69,0xBC69,0xBC69,0xBC49,0xBC49,0xBC49,0xB448,0xBC49,0xB429,
0xB429,0xB428,0xB428,0xBC49,0xB429,0xBC49,0xBC49,0xB449,0xB449,0xB469,0xB469,0xB48A,0xBC8A,0xB46A,0xBC8A,0xB46A,
0x01EB,0x01EA,0x01EA,0x01EA,0x01EA,0x020B,0x020B,0x022C,0x022C,0x022C,0x020B,0x022B,0x022C,0x0A2C,0x022C,0x024C,
0x0A4C,0x0A4C,0x0A6C,0x0A6D,0x126D,0x0A6D,0x0A6D,0x028D,0x0A8D,0x0A8E,0x028E,0x0A8E,0x028E,0x028E,0x02AE,0x02CF,
0x02CF,0x02EF,0x02EF,0x0310,0x0B10,0x0B51,0x0B51,0x0B71,0x0B31,0x0B52,0x0B52,0x1331,0x0B10,0x0B10,0x02AF,0x128E,
0x2AAB,0x7408,0x94C7,0xAD68,0x8469,0x53AB,0x22EE,0x0A90,0x0291,0x0AB2,0x0291,0x0A91,0x0AB2,0x02B2,0x02B1,0x0AB1,
0x1ACF,0x3B2D,0x6C0A,0xB588,0xAD08,0x8C47,0x3AC8,0x1A29,0x09EA,0x01CB,0x01EB,0x01EC,0x020C,0x022B,0x020C,0x0A2C,
0x020B,0x01CB,0x01CA,0x01EA,0x01CA,0x01EA,0x01C9,0x01C9,0x01A9,0x01A9,0x01A9,0x01A9,0x09AA,0x09AA,0x01A9,0x01A9,
0x01A9,0x01A9,0x01A9,0x01A9,0x01A9,0x01A9,0x01A9,0x01A9,0x01A9,0x01A9,0x01A9,0x0188,0x01A9,0x01A9,0x01A9,0x01A9,
0x09A9,0x09A9,0x09A9,0x09A8,0x01A8,0x09A8,0x09A9,0x09A9,0x01A9,0x09A9,0x09C9,0x09A9,0x01A9,0x01A9,0x01C9,0x01A9,
0x09A9,0x09A8,0x0988,0x0968,0x0967,0x0147,0x0126,0x0106,0x0105,0x00E5,0x0905,0x1125,0x1145,0x1986,0x1146,0x1167,
0x1987,0x1987,0x1167,0x1167,0x1987,0x1987,0x19A7,0x21A8,0x21A7,0x21A7,0x2187,0x1986,0x1986,0x1946,0x1145,0x1145,
0x21A6,0x1965,0x1125,0x1126,0x1126,0x1125,0x1125,0x1125,0x1125,0x1125,0x1104,0x1124,0x10E4,0x10E4,0x10E3,0x1104,
0x1104,0x1104,0x10E3,0x08C3,0x10C4,0x08C3,0x1125,0x1985,0x29E7,0x21A7,0x3208,0x4206,0x5204,0x7A62,0x8240,0x8240,
0x8240,0x7A60,0x8240,0x8261,0x7A62,0x8242,0x7A62,0x8260,0x8260,0x8261,0x8261,0x8261,0x8261,0x8261,0x8281,0x8261,
0x8261,0x8A81,0x8280,0x8A80,0x8A81,0x9280,0x8A81,0x7242,0x41A3,0x29A5,0x31A6,0x4207,0x736C,0x83AC,0x82C5,0x8A61,
0x8240,0x8241,0x8241,0x7A21,0x7A21,0x8241,0x8241,0x8260,0x8A80,0x9280,0x9AA0,0xA2C0,0x9AE0,0x9AC0,0x9AC0,0x9AA0,
0x92A0,0x9280,0x8A61,0x7222,0x3901,0x2080,0x0820,0x0020,0x0820,0x0820,0x0820,0x0820,0x0820,0x0840,0x0840,0x0820,
0x0820,0x0820,0x0820,0x0840,0x0840,0x0840,0x0840,0x2080,0x3900,0x7241,0x8AC1,0x9AE1,0xAB21,0xAB40,0xAB61,0xB361,
0xB361,0xB340,0xB340,0xB360,0xB360,0xB360,0xB360,0xBB80,0xBBA0,0xC3E0,0xC422,0xC467,0xC468,0xC489,0xC4AA,0xBCCB,
0xC4EC,0xC4CC,0xC4CB,0xC4CB,0xBCAA,0xC4AA,0xBC89,0xBC89,0xBC69,0xBC69,0xBC69,0xBC69,0xBC69,0xB449,0xB449,0xB449,
0xB449,0xB449,0xBC49,0xBC49,0xBC69,0xBC69,0xBC69,0xBC69,0xBC69,0xB46A,0xB46A,0xBC8A,0xBC8A,0xBC8A,0xBC8A,0xBC8A,
0x020A,0x01EA,0x09EA,0x01CA,0x01EA,0x01EA,0x020B,0x022C,0x022C,0x020C,0x022C,0x022C,0x0A0C,0x0A2C,0x0A2C,0x0A4C,
0x0A4C,0x0A4D,0x0A4C,0x0A6D,0x126E,0x0A4D,0x0A6D,0x028D,0x028E,0x0A8E,0x028E,0x028E,0x028E,0x028E,0x02AE,0x02CF,
0x02EF,0x02EF,0x0310,0x0310,0x0B30,0x0B51,0x0B71,0x0B72,0x0B72,0x0B72,0x0B92,0x0B52,0x0B31,0x0B10,0x0AD0,0x0AB0,
0x028E,0x126D,0x228B,0x4B49,0xA547,0xBDC7,0x9D28,0x5BEC,0x22CD,0x0A90,0x0AD3,0x0AD3,0x0AD3,0x0A92,0x1AAF,0x4B6D,
0x9CC8,0xBD47,0xAD07,0x63A7,0x2AAA,0x124B,0x024E,0x024E,0x024E,0x022D,0x022C,0x022C,0x022C,0x022C,0x024C,0x024D,
0x022C,0x020C,0x020B,0x020B,0x020B,0x01EA,0x01C9,0x01C9,0x01A9,0x01A9,0x01CA,0x01CA,0x01CA,0x01AA,0x01A9,0x01A9,
0x09C9,0x01A9,0x01A9,0x01A9,0x01A8,0x01A9,0x01A9,0x01A9,0x01A9,0x01A9,0x01A9,0x01A9,0x01A9,0x01A9,0x0188,0x01A9,
0x01A9,0x09A9,0x09A9,0x09A9,0x09A9,0x01A9,0x09A9,0x09C9,0x09C9,0x09A9,0x09C9,0x09C9,0x09C9,0x01A9,0x01C9,0x09C9,
0x09C9,0x09A9,0x09A9,0x0988,0x0968,0x0967,0x0967,0x0126,0x0105,0x0925,0x1125,0x1126,0x0925,0x0926,0x1167,0x1187,
0x1187,0x1987,0x1967,0x1187,0x1987,0x1987,0x19A7,0x19A7,0x21A7,0x21A7,0x1987,0x1986,0x1986,0x1145,0x1125,0x1966,
0x2165,0x1945,0x1946,0x1126,0x1126,0x1145,0x1145,0x1125,0x1125,0x1145,0x1125,0x1125,0x1104,0x10E4,0x10C3,0x08C3,
0x08C3,0x08C3,0x08A3,0x08C3,0x08C4,0x10C4,0x1125,0x1145,0x1966,0x2187,0x3A29,0x5206,0x4184,0x5A23,0x8220,0x8241,
0x8241,0x7A60,0x7A41,0x7A62,0x7243,0x7243,0x7263,0x7A62,0x7A62,0x7A62,0x7A62,0x7A62,0x7A62,0x7A62,0x8261,0x7A62,
0x7A62,0x8261,0x8260,0x8280,0x8AA1,0x8AA1,0x8A80,0x92A0,0x7A81,0x3963,0x2186,0x31C7,0x39E8,0x31E8,0x6286,0x8240,
0x8240,0x8240,0x8221,0x8241,0x8241,0x8241,0x8260,0x8260,0x8A80,0x8A80,0x92A0,0x9AC0,0xA2E0,0xA300,0x9AE0,0x9AE0,
0x9AE0,0x9AC0,0x9280,0x9260,0x8A60,0x7221,0x4961,0x1040,0x0820,0x0840,0x0820,0x0840,0x0840,0x0840,0x0840,0x0040,
0x0840,0x0820,0x0820,0x0820,0x0840,0x1040,0x4961,0x7241,0x8AA1,0x9AE0,0xA300,0xA321,0xAB42,0xAB63,0xABA3,0xAB81,
0xB360,0xB360,0xB360,0xB360,0xB360,0xB360,0xBB80,0xBBA0,0xBBC0,0xC3E0,0xC441,0xC486,0xC487,0xC4A9,0xC4AB,0xC4CB,
0xC4CC,0xC4CC,0xC4CB,0xC4CB,0xC4CA,0xC4AA,0xBCA9,0xC489,0xBC68,0xBC69,0xBC69,0xBC69,0xBC69,0xB469,0xB469,0xBC6A,
0xBC6A,0xB46A,0xBC6A,0xBC6A,0xBC6A,0xB469,0xB469,0xB46A,0xB46A,0xB46A,0xBC8A,0xB48A,0xBC8A,0xBC8A,0xBC8A,0xBC8A,
0x0A0B,0x01EA,0x01EA,0x01EA,0x01EA,0x01EA,0x020B,0x020B,0x020C,0x022B,0x022B,0x022C,0x0A2B,0x022B,0x022B,0x024B,
0x0A4C,0x026C,0x0A4C,0x024C,0x0A4D,0x0A6D,0x0A6D,0x028D,0x028E,0x028D,0x028D,0x028E,0x028E,0x028E,0x02AE,0x02CF,
0x02EF,0x02EF,0x0310,0x0310,0x0330,0x0351,0x0371,0x0B92,0x0B92,0x0BB2,0x0BB2,0x0371,0x0B51,0x0B11,0x0B11,0x0AF0,
0x0ACF,0x028F,0x026E,0x0A6D,0x3B2B,0x5BA8,0x9D08,0xAD67,0x9CE9,0x63CC,0x22AE,0x126E,0x1ACE,0x5BCC,0x8CAA,0xAD48,
0xAD28,0x8448,0x432A,0x128D,0x0A6D,0x0A6E,0x028F,0x028F,0x028F,0x028E,0x024D,0x024D,0x022C,0x022C,0x024D,0x024D,
0x0A4C,0x0A4D,0x0A4C,0x0A4C,0x022C,0x022B,0x020B,0x020B,0x01EA,0x01EA,0x020B,0x01EB,0x01EA,0x01CA,0x01AA,0x01CA,
0x01C9,0x01CA,0x01CA,0x01C9,0x01A9,0x01A9,0x01A9,0x01A9,0x01A9,0x01A9,0x01A9,0x01A9,0x01A9,0x01A9,0x01A9,0x01A9,
0x01A9,0x09C9,0x09A9,0x09C9,0x09C9,0x09A9,0x09C9,0x09C9,0x09C9,0x09C9,0x09C9,0x09C9,0x09C9,0x09C9,0x01C9,0x09C9,
0x09C9,0x09A9,0x09A9,0x09A8,0x0988,0x0988,0x0988,0x0947,0x0926,0x0925,0x0925,0x0925,0x0925,0x1146,0x1167,0x1167,
0x1987,0x1987,0x1987,0x1187,0x1187,0x19A8,0x19A7,0x19A7,0x21A7,0x21A7,0x2187,0x1986,0x1966,0x1146,0x1125,0x1146,
0x1946,0x1946,0x1946,0x1946,0x1145,0x1145,0x1145,0x1145,0x1125,0x1125,0x1125,0x1945,0x1104,0x10E4,0x10E3,0x10E3,
0x08C3,0x10E3,0x10E3,0x10E3,0x1105,0x2166,0x29C7,0x31E7,0x29C7,0x424A,0x4AAB,0x6287,0x41A4,0x3983,0x7A62,0x7A41,
0x7A41,0x7A41,0x7A42,0x7263,0x7244,0x7264,0x7263,0x7263,0x7263,0x7263,0x7263,0x7243,0x7A63,0x7A63,0x7A62,0x7A62,
0x7A61,0x7A62,0x8260,0x8A80,0x8AA0,0x8AA0,0x8AA0,0x8AA0,0x8AA0,0x6A42,0x3183,0x2985,0x2145,0x2144,0x5A24,0x7A41,
0x8260,0x8240,0x8241,0x8261,0x8241,0x8241,0x8261,0x8A60,0x8A80,0x8A80,0x9280,0x9AC0,0xA2E0,0xA320,0xA300,0xAB21,
0xAB00,0xA2E0,0xA2E1,0x9AA0,0x9AA0,0x92A0,0x7A61,0x59A1,0x3921,0x1040,0x0840,0x0840,0x0840,0x0840,0x0820,0x0820,
0x0040,0x0040,0x0820,0x1840,0x28A0,0x59A1,0x8281,0x9AC1,0x9AE0,0xA320,0xA320,0xAB41,0xAB63,0xAB63,0xAB83,0xAB61,
0xB361,0xB360,0xB380,0xB380,0xB360,0xBB80,0xBBA0,0xBBA0,0xBBC0,0xC3E0,0xCC41,0xBC65,0xBC87,0xC4A9,0xC4CB,0xC4EC,
0xC4EB,0xC4CB,0xC4CB,0xC4CB,0xC4CA,0xC4CA,0xC489,0xBC68,0xC468,0xBC68,0xBC69,0xBC69,0xBC89,0xBC89,0xBC8A,0xBC8B,
0xBC8A,0xBC8A,0xBC8A,0xBC8A,0xBC8A,0xBC8A,0xBC8A,0xBC8A,0xBC8A,0xBC8A,0xBC8A,0xBC8A,0xBC8A,0xBC8A,0xBC8A,0xBC8A,
0x0A0B,0x0A0A,0x01EA,0x09EA,0x0A0A,0x01EA,0x01EA,0x020A,0x0A0B,0x0A0B,0x020B,0x020B,0x0A0B,0x022B,0x022C,0x020B,
0x024C,0x024C,0x0A4C,0x024C,0x026D,0x026C,0x028D,0x028D,0x0A8E,0x028D,0x028D,0x028E,0x028E,0x028E,0x028E,0x02AE,
0x02CF,0x0AEF,0x02F0,0x0310,0x0330,0x0330,0x0351,0x0B72,0x0B92,0x0B72,0x0B92,0x0391,0x0B71,0x0B51,0x0351,0x0331,
0x0B11,0x02F0,0x02CF,0x02AF,0x0290,0x026E,0x126C,0x5349,0x7C48,0xAD47,0xAD67,0xA529,0xAD69,0xAD87,0x94C7,0x5BAA,
0x1ACD,0x0AAE,0x0ACF,0x0ACF,0x02D0,0x02F0,0x0310,0x02F0,0x02D0,0x02CF,0x02AE,0x0AAF,0x024D,0x024D,0x022C,0x024C,
0x0A4C,0x0A4D,0x0A4D,0x0A6D,0x026D,0x024D,0x024C,0x022C,0x022C,0x020B,0x022C,0x020B,0x01EB,0x01EB,0x01EA,0x01EA,
0x01EA,0x01EA,0x01EA,0x01C9,0x01A9,0x01A9,0x01A9,0x01A9,0x01A9,0x09C9,0x09A9,0x01A9,0x01A9,0x01A9,0x01A9,0x09A9,
0x09A9,0x09A9,0x09A9,0x09C9,0x01C9,0x09C9,0x09C9,0x09C9,0x09EA,0x09EA,0x09EA,0x09EA,0x09C9,0x09C9,0x09CA,0x09CA,
0x09CA,0x09C9,0x09C9,0x09A9,0x09A9,0x09A9,0x0189,0x0168,0x0946,0x0926,0x0925,0x0926,0x0926,0x0946,0x1167,0x1187,
0x1986,0x21A7,0x19A7,0x1987,0x1187,0x19A7,0x19A7,0x19A7,0x21A7,0x21A8,0x21A7,0x1987,0x1946,0x1126,0x1126,0x1126,
0x1146,0x1946,0x1966,0x1966,0x1966,0x1946,0x1966,0x1966,0x1945,0x1945,0x1945,0x1965,0x1945,0x1965,0x2165,0x1945,
0x1904,0x1925,0x1924,0x1945,0x1925,0x3A08,0x39E7,0x5289,0x4A89,0x4289,0x4ACB,0x5AA8,0x5204,0x18E3,0x6A64,0x7A42,
0x7A41,0x7A41,0x7A42,0x7243,0x7264,0x7263,0x7263,0x7264,0x7264,0x7284,0x6A64,0x6A64,0x7264,0x7263,0x7262,0x7A42,
0x7A62,0x7A62,0x8260,0x8260,0x8280,0x8A80,0x8A80,0x8A80,0x8A80,0x8A81,0x7A83,0x51E3,0x4A26,0x5224,0x7A42,0x8260,
0x8260,0x8A60,0x8A60,0x8260,0x8261,0x8241,0x8260,0x8A60,0x8A60,0x8A80,0x92A1,0x92C0,0x9AC0,0xA2E0,0xA300,0xA300,
0xAB00,0xAB00,0xAB00,0xA2E0,0xA2E0,0x9AC0,0x9AC0,0x9280,0x8A81,0x7221,0x4141,0x20A0,0x1040,0x0820,0x0820,0x0820,
0x1060,0x2080,0x3921,0x7241,0x92A1,0xA2E1,0xA300,0xA340,0xAB40,0xB361,0xAB61,0xAB82,0xB3A3,0xB3A3,0xB3A2,0xB381,
0xB361,0xB381,0xBB80,0xBBA0,0xBBA0,0xBBA0,0xBBA0,0xBBA0,0xC3C0,0xC3E0,0xC441,0xC486,0xC4A8,0xC4C9,0xC4CB,0xC4EB,
0xC4EB,0xC4CA,0xC4CA,0xC4CA,0xC4A9,0xC489,0xC489,0xC468,0xBC68,0xC488,0xC489,0xBC69,0xBC89,0xBCAA,0xBC8A,0xBCAA,
0xBCAA,0xBCAB,0xBCAB,0xBCAB,0xBCAB,0xBCAA,0xBCAA,0xBCAA,0xBC8A,0xBC8A,0xBC8A,0xBC8A,0xBC8A,0xBC8A,0xBC8A,0xBC8A,
0x0A2B,0x0A0B,0x020A,0x020A,0x020A,0x020A,0x01EA,0x09EA,0x01EA,0x0A0A,0x020B,0x0A0B,0x09EB,0x0A0B,0x0A0B,0x020B,
0x024C,0x022C,0x022C,0x024C,0x026D,0x026D,0x028E,0x028E,0x028E,0x0A8E,0x028E,0x028E,0x026D,0x028E,0x026E,0x028E,
0x0AAE,0x0ACF,0x0AEF,0x0AF0,0x0310,0x0310,0x0330,0x0B51,0x0B72,0x0B72,0x0B72,0x0372,0x0351,0x0371,0x0372,0x0352,
0x0332,0x0311,0x0311,0x0311,0x02F0,0x02D0,0x02AF,0x0A6E,0x0A8D,0x2B0B,0x7C88,0xAD89,0x7C88,0x32EA,0x1AAC,0x0A8F,
0x02F0,0x02F0,0x0B11,0x0B31,0x0B31,0x0351,0x0351,0x0331,0x0311,0x02F0,0x02CF,0x02CF,0x02AF,0x026E,0x024C,0x022C,
0x022C,0x022C,0x024C,0x024C,0x026D,0x0A4C,0x024D,0x024D,0x022C,0x020B,0x020B,0x020C,0x020B,0x020B,0x01EB,0x01EB,
0x01EB,0x01EA,0x01EA,0x01CA,0x01C9,0x01C9,0x01C9,0x01C9,0x01C9,0x01C9,0x01A9,0x01A9,0x01A9,0x01A9,0x09A9,0x09C9,
0x09A9,0x09A9,0x01A9,0x01A9,0x01A9,0x01A9,0x09E9,0x11E9,0x11EA,0x11E9,0x11EA,0x11EA,0x09E9,0x09EA,0x09EA,0x09CA,
0x09EA,0x09CA,0x09CA,0x09CA,0x09CA,0x01C9,0x01A9,0x0188,0x0947,0x0926,0x1166,0x0926,0x0926,0x0966,0x0967,0x0967,
0x1967,0x11A7,0x19A8,0x1987,0x19A8,0x19A8,0x1987,0x19A8,0x21A7,0x29A7,0x29C7,0x2187,0x1967,0x1146,0x1126,0x1145,
0x1146,0x1946,0x1966,0x1966,0x1987,0x1966,0x2187,0x1986,0x1966,0x2186,0x2186,0x29A6,0x29A6,0x1965,0x1986,0x1945,
0x1945,0x1945,0x1966,0x2186,0x1945,0x29C7,0x3207,0x3A49,0x4ACA,0x4AEB,0x4AEB,0x630A,0x5246,0x3143,0x49C4,0x7264,
0x7A42,0x7A62,0x7243,0x7264,0x7264,0x7263,0x7263,0x7284,0x7264,0x7285,0x6265,0x6A44,0x7264,0x7264,0x7243,0x7A62,
0x7A62,0x7A61,0x7A60,0x8260,0x8260,0x8A61,0x8A80,0x8AA0,0x8A80,0x8AA0,0x8A80,0x7A61,0x7262,0x7A61,0x8240,0x8240,
0x8260,0x8A60,0x8A80,0x8260,0x8A80,0x8260,0x8A60,0x8A60,0x8A60,0x8A60,0x8A80,0x92C0,0x9AE0,0xA300,0xA321,0xAB20,
0xAB20,0xB341,0xAB00,0xA300,0xAB00,0xA300,0xA2E0,0x9AC0,0x9AA0,0x9AA0,0x8AA1,0x7A62,0x59C2,0x2080,0x1020,0x1860,
0x51A1,0x7A61,0x8AA0,0xA300,0xA300,0xAB21,0xAB40,0xB360,0xB380,0xB381,0xB3A2,0xAB83,0xAB83,0xABA3,0xB3A2,0xB3A1,
0xB381,0xBBA0,0xC3C0,0xC3E0,0xC3C0,0xC3C0,0xBBC0,0xBBC0,0xC3C0,0xC3E0,0xC443,0xC487,0xC4A9,0xC4AA,0xC4CA,0xC4CA,
0xC4CA,0xC489,0xC4A9,0xC4A8,0xC488,0xC469,0xC468,0xC468,0xBC68,0xC488,0xBC69,0xBC89,0xBC89,0xBC8A,0xBC8A,0xBCAA,
0xBCAA,0xBCAB,0xC4CB,0xBCCB,0xBCAB,0xBCAA,0xBC8A,0xBC8A,0xBC8A,0xBC8A,0xBC8A,0xBC6A,0xBC8A,0xBC8A,0xBC6A,0xBC6A,
0x0A2C,0x020B,0x020B,0x020A,0x020A,0x020A,0x01EA,0x01EA,0x01EA,0x01EA,0x09EA,0x09EB,0x0A0B,0x122B,0x0A0B,0x022C,
0x022C,0x022B,0x022C,0x0A4C,0x024D,0x0A6D,0x028E,0x0A8E,0x02AE,0x0AAE,0x0A8E,0x028E,0x026D,0x026D,0x026D,0x028D,
0x028E,0x0AAE,0x02CF,0x0AEF,0x0310,0x0310,0x0330,0x0B51,0x0B51,0x0B51,0x0B51,0x0351,0x0351,0x0351,0x0372,0x0B52,
0x0352,0x0352,0x0332,0x0332,0x0311,0x02F1,0x02D0,0x02CF,0x02AF,0x02AF,0x22EC,0x334B,0x22EC,0x02AF,0x02CF,0x0AF1,
0x0331,0x0331,0x0B52,0x0B52,0x0B72,0x0B72,0x0372,0x0372,0x0351,0x0310,0x0AF0,0x02D0,0x02CF,0x0AAF,0x028E,0x024C,
0x024C,0x022C,0x022C,0x024C,0x024C,0x024C,0x024C,0x026D,0x024C,0x020B,0x020B,0x020C,0x020B,0x020B,0x0A0B,0x0A0B,
0x01EB,0x020B,0x020A,0x01EA,0x01CA,0x01C9,0x01C9,0x01C9,0x01C9,0x01C9,0x01A9,0x01A9,0x01A9,0x01A9,0x09A9,0x09C9,
0x09A9,0x01A9,0x01A9,0x01C9,0x01C9,0x01C9,0x1209,0x11E9,0x19EA,0x1A0A,0x11EA,0x11E9,0x09E9,0x09EA,0x09EA,0x09CA,
0x09CA,0x09CA,0x09CA,0x09CA,0x09CA,0x09C9,0x01A9,0x0188,0x0947,0x0946,0x0946,0x0926,0x0926,0x0945,0x0966,0x1167,
0x1987,0x1187,0x19A8,0x1987,0x1987,0x19A7,0x19A7,0x19A8,0x21A8,0x29A7,0x29C7,0x2187,0x1967,0x1966,0x1146,0x1146,
0x1966,0x1966,0x1966,0x1966,0x1987,0x2187,0x2186,0x21A6,0x2186,0x2186,0x29C6,0x29A6,0x2185,0x1966,0x1966,0x1925,
0x1945,0x2166,0x1946,0x1966,0x1945,0x29C7,0x29C8,0x3208,0x3A69,0x42CB,0x4AEB,0x634C,0x62EA,0x41A4,0x49C4,0x59E3,
0x7A62,0x7263,0x7264,0x7264,0x7264,0x7264,0x7264,0x7264,0x7265,0x6A65,0x5205,0x6245,0x7264,0x7264,0x7263,0x7A62,
0x8282,0x8281,0x7A81,0x8261,0x8261,0x8A61,0x8A80,0x8AA0,0x8A80,0x8260,0x8A80,0x8260,0x8260,0x8240,0x8240,0x8260,
0x8A60,0x8A80,0x8A60,0x8260,0x8A60,0x8A60,0x8A60,0x8A60,0x8A60,0x8A60,0x8A80,0x92A0,0x9AC0,0xA2E0,0xA301,0xAB20,
0xB381,0xB361,0xAB00,0xAB20,0xAB00,0xAB20,0xAB00,0xA2E0,0xA2C0,0xA2E1,0x9AA0,0x9AC1,0x92A1,0x7221,0x61C1,0x7242,
0x8AC1,0x9AE0,0xA2E0,0xAB41,0xAB41,0xAB61,0xB3A1,0xB3A1,0xB3C1,0xB3C2,0xB3A2,0xABA4,0xB3A4,0xB3C3,0xB3C4,0xB3C3,
0xB3A1,0xBBC1,0xD461,0xCC40,0xD441,0xC3E0,0xC3E0,0xBBE0,0xC3E0,0xC401,0xC444,0xC487,0xC4A9,0xC4AA,0xBCAA,0xBCAA,
0xC4A9,0xC488,0xC487,0xC487,0xBC68,0xC468,0xC468,0xC468,0xBC68,0xBC89,0xBC89,0xBC89,0xBC8A,0xBC8A,0xBC8A,0xBCAA,
0xBCAB,0xBCAB,0xBCCB,0xBCAB,0xBCAB,0xBCAA,0xBCAB,0xBC8A,0xBC8A,0xBC8A,0xBC8A,0xBC8A,0xBC8A,0xBC8A,0xBC8A,0xBC6A,
0x0A0B,0x020A,0x01EA,0x01EA,0x01EA,0x01EA,0x01EA,0x01CA,0x01C9,0x01C9,0x01CA,0x09EB,0x09EA,0x0A0B,0x020B,0x020B,
0x0A0B,0x020B,0x022C,0x024C,0x026D,0x026D,0x028E,0x028E,0x02AE,0x02AE,0x0AAE,0x0A8E,0x026D,0x026D,0x024D,0x028D,
0x026D,0x028D,0x02AE,0x02CF,0x02F0,0x02F0,0x0310,0x0B30,0x0B30,0x0B31,0x0331,0x0331,0x0331,0x0331,0x0351,0x0351,
0x0352,0x0352,0x0B52,0x0B52,0x0B52,0x0332,0x0331,0x0331,0x0310,0x02F1,0x02F0,0x02F0,0x02F1,0x0311,0x0332,0x0352,
0x0372,0x0393,0x0B93,0x0393,0x0B93,0x0BB3,0x0BD3,0x0BB3,0x0372,0x0351,0x0311,0x0310,0x02F0,0x02CF,0x02AE,0x028D,
0x024C,0x0A4C,0x022C,0x022C,0x022C,0x022C,0x024C,0x0A4D,0x024D,0x022C,0x020C,0x022C,0x022C,0x0A2B,0x0A2C,0x0A0B,
0x020B,0x020B,0x020B,0x0A0A,0x09EA,0x09EA,0x09EA,0x09EA,0x09EA,0x01C9,0x01C9,0x01A9,0x01A9,0x01A9,0x09A9,0x01A8,
0x09A9,0x09A9,0x01A9,0x01C9,0x09C9,0x09A9,0x120A,0x120A,0x19E9,0x19EA,0x120A,0x11E9,0x11E9,0x09E9,0x09EA,0x09EA,
0x09CA,0x09CA,0x09EA,0x09EA,0x09EA,0x09C9,0x09C9,0x01A8,0x0988,0x0967,0x0967,0x0946,0x0946,0x1146,0x0946,0x1187,
0x1187,0x1187,0x1987,0x1987,0x1987,0x1987,0x19A7,0x21A8,0x21A8,0x21A8,0x21A7,0x21A7,0x1986,0x1187,0x1967,0x1946,
0x1966,0x1966,0x1966,0x1966,0x1966,0x1987,0x21A6,0x29C6,0x29C6,0x29C7,0x29E7,0x29C7,0x1966,0x1966,0x1146,0x1125,
0x1125,0x2166,0x1946,0x1145,0x1947,0x29C8,0x29E8,0x3229,0x3249,0x3AAA,0x42CB,0x530C,0x636C,0x5A66,0x6265,0x6244,
0x6A64,0x6A84,0x6A64,0x6A84,0x7264,0x7264,0x7264,0x7284,0x7265,0x5A25,0x5A46,0x6A66,0x6A65,0x6A64,0x7264,0x7A62,
0x8261,0x8261,0x7A61,0x8261,0x8261,0x8261,0x8A80,0x8260,0x8260,0x8280,0x8260,0x8260,0x8280,0x8260,0x8260,0x8A60,
0x8A80,0x8A60,0x8A80,0x8A80,0x8A80,0x8A80,0x8A80,0x8A80,0x8A60,0x8A60,0x8A80,0x92A0,0x9AC0,0x9AE0,0xA300,0xAB20,
0xB382,0xB382,0xAB20,0xAB00,0xAB00,0xAB00,0xA300,0xAB00,0xA300,0xA2E0,0xAB01,0xAB00,0xAB21,0xA301,0xA300,0xA300,
0xA300,0xAB20,0xAB40,0xB381,0xB380,0xB3A1,0xB3C2,0xB3C1,0xBBC2,0xBBE2,0xBBC2,0xBC03,0xC423,0xC464,0xCC66,0xCC86,
0xCC65,0xC422,0xCC81,0xD460,0xCC20,0xCC00,0xC3C0,0xC3E0,0xC421,0xC423,0xC466,0xC488,0xC489,0xC4AA,0xC4AA,0xC489,
0xC488,0xBC66,0xBC45,0xBC46,0xBC27,0xBC47,0xBC47,0xBC48,0xBC68,0xBC89,0xBC89,0xBC89,0xBC8A,0xBC8A,0xBC8A,0xBCAB,
0xBCAB,0xBCCB,0xBCAB,0xBCAB,0xBCAB,0xBCAB,0xBCAB,0xBCAA,0xBC8A,0xBC8A,0xBC8A,0xBC8A,0xBC8A,0xBC8A,0xBC8A,0xBC6A,
0x020B,0x020A,0x01EA,0x01EA,0x01EA,0x01EA,0x01CA,0x01C9,0x01C9,0x01A9,0x01C9,0x01CA,0x01CA,0x01EB,0x01EA,0x01EB,
0x020B,0x020B,0x022C,0x024C,0x024D,0x026D,0x028E,0x0A8E,0x02AE,0x0AAE,0x0A8E,0x0A8E,0x028E,0x026D,0x026D,0x026D,
0x026D,0x028D,0x028E,0x02AE,0x02CF,0x0ACF,0x0310,0x0B10,0x0B10,0x0B10,0x0330,0x0331,0x0331,0x0331,0x0310,0x0331,
0x0351,0x0352,0x0372,0x0372,0x0372,0x0B52,0x0352,0x0331,0x0331,0x0311,0x0311,0x0331,0x0352,0x0B32,0x0B53,0x0372,
0x0393,0x0BB3,0x03B3,0x0393,0x03B3,0x03B3,0x03B3,0x03B3,0x0392,0x0351,0x0331,0x0310,0x02F0,0x02EF,0x02CF,0x028E,
0x026D,0x026D,0x024D,0x022C,0x022C,0x022C,0x024C,0x022C,0x022C,0x022C,0x020B,0x0A2C,0x0A0B,0x0A2C,0x124C,0x0A2B,
0x0A0B,0x020B,0x0A0B,0x0A0A,0x09EA,0x09EA,0x0A0A,0x120A,0x09EA,0x09CA,0x01C9,0x01A9,0x01A9,0x01A9,0x09A9,0x09A9,
0x09C9,0x09A9,0x09A9,0x09CA,0x09C9,0x09C9,0x1A0A,0x1A0A,0x19E9,0x19E9,0x19EA,0x11E9,0x11E9,0x11EA,0x11EA,0x11EA,
0x09CA,0x09EA,0x09EA,0x09EA,0x09EA,0x09EA,0x09C9,0x09A8,0x0988,0x0987,0x0967,0x0966,0x1187,0x1966,0x1167,0x1187,
0x11A7,0x19A8,0x21C8,0x19A8,0x19A8,0x1987,0x19A7,0x19A8,0x19A8,0x19C8,0x29C8,0x21A7,0x1987,0x1987,0x1966,0x2186,
0x2187,0x1946,0x1966,0x1986,0x1987,0x1987,0x29A7,0x29C7,0x29A6,0x21A6,0x29A7,0x21A7,0x1966,0x1966,0x1966,0x2186,
0x21A7,0x1945,0x21A6,0x1965,0x21A7,0x29C7,0x2A08,0x2A08,0x3A8A,0x42AB,0x42CB,0x3A89,0x530C,0x5AA9,0x6A86,0x6286,
0x6A86,0x6285,0x6A65,0x6A64,0x6A84,0x6A64,0x7264,0x6A84,0x6A65,0x6265,0x6286,0x6A66,0x6A65,0x6A65,0x7265,0x7A63,
0x7A61,0x8261,0x8262,0x7A61,0x7A61,0x8281,0x8260,0x8260,0x8261,0x8260,0x7A60,0x8280,0x8261,0x8A60,0x8A60,0x8A60,
0x8A80,0x8A80,0x8A80,0x8A80,0x8A80,0x8AA0,0x8A80,0x8A80,0x8A80,0x9280,0x92A0,0x92A0,0x9AC0,0xA2E0,0xA300,0xA320,
0xAB00,0xB341,0xAB41,0xAB00,0xAB00,0xAB00,0xA300,0xAB00,0xAB00,0xAB00,0xAB21,0xAB20,0xB3A2,0xB361,0xAB40,0xAB40,
0xB360,0xB360,0xB380,0xBBC1,0xBBA1,0xBBA1,0xBBE2,0xBBE2,0xBBC1,0xC422,0xCC42,0xDCE2,0xDCE2,0xD4E3,0xD4C6,0xD4C7,
0xD4C6,0xCC83,0xCC81,0xCC61,0xC420,0xC400,0xCC00,0xCC01,0xC442,0xBC24,0xC467,0xC489,0xC48A,0xBC8A,0xBC89,0xBC69,
0xBC68,0xBC25,0xBC25,0xBC25,0xBC26,0xBC26,0xBC47,0xBC48,0xBC69,0xC489,0xBC89,0xBC8A,0xBC8A,0xC4AA,0xBCAA,0xBCAA,
0xBCCA,0xBCAB,0xC4CB,0xC4CB,0xC4CB,0xC4AB,0xBCAB,0xBCAB,0xBCAA,0xBC8A,0xBC8A,0xBC8A,0xBC8A,0xBC8A,0xBC8A,0xBC6A,
0x0A0A,0x01EA,0x01EA,0x01EA,0x01EA,0x01EA,0x01EA,0x01C9,0x01A9,0x01A9,0x01A9,0x01CA,0x01CA,0x01EB,0x01EB,0x01EB,
0x01EB,0x020B,0x022C,0x024C,0x024D,0x028D,0x028E,0x02AE,0x02AE,0x02AE,0x028D,0x028E,0x028E,0x026E,0x026D,0x026D,
0x026D,0x026D,0x028E,0x02AE,0x02AE,0x0ACF,0x02CF,0x0AF0,0x0B10,0x0B10,0x0310,0x0B10,0x0B10,0x0B10,0x0310,0x0311,
0x0331,0x0351,0x0372,0x0372,0x0372,0x0352,0x0332,0x0B31,0x0B31,0x0B31,0x0331,0x0351,0x0372,0x0373,0x0393,0x03B3,
0x0BB3,0x0BB3,0x03B3,0x03B3,0x03B3,0x03B3,0x0392,0x03B3,0x0393,0x0372,0x0351,0x0331,0x0310,0x02EF,0x02CF,0x02AE,
0x026D,0x026D,0x0A4D,0x0A2C,0x022C,0x022C,0x024C,0x022C,0x022B,0x020B,0x020B,0x0A2C,0x0A2B,0x124C,0x124C,0x0A2B,
0x0A0A,0x0A0B,0x0A0B,0x0A0A,0x0A0A,0x09EA,0x09EA,0x120A,0x11EA,0x09EA,0x01C9,0x01A9,0x01A9,0x01A9,0x01A9,0x09A9,
0x09C9,0x09C9,0x09CA,0x09EA,0x09CA,0x11CA,0x1A0A,0x1A0A,0x1A09,0x1A0A,0x19EA,0x11E9,0x11E9,0x11E9,0x11EA,0x11EA,
0x11EA,0x11EA,0x09EA,0x09EA,0x09EA,0x09E9,0x09E9,0x11E9,0x09A8,0x09A8,0x0987,0x0966,0x1166,0x1966,0x1187,0x11A7,
0x1987,0x21A7,0x21A8,0x21C8,0x21C8,0x19A7,0x19A8,0x21A8,0x21A8,0x21C8,0x29C8,0x21A7,0x2187,0x1987,0x2186,0x3A07,
0x1966,0x1966,0x1987,0x1987,0x1987,0x2187,0x2187,0x21A6,0x2186,0x2186,0x2186,0x21A7,0x2186,0x2186,0x21A7,0x29C7,
0x3208,0x31C6,0x31C6,0x2986,0x2186,0x29C7,0x428A,0x3A69,0x4AAB,0x4ACB,0x4AAB,0x5B6D,0x530C,0x52CA,0x62A8,0x62A8,
0x62A7,0x6286,0x6A86,0x6A85,0x6A65,0x6A64,0x6A64,0x6A65,0x6A65,0x6A65,0x6A65,0x6A65,0x6A66,0x6A65,0x7265,0x7A63,
0x7A61,0x7A61,0x8282,0x7A61,0x7A61,0x7A61,0x7A61,0x7A61,0x7A61,0x7A61,0x8260,0x8261,0x8260,0x8A60,0x8A60,0x8A80,
0x8A80,0x8A80,0x8A80,0x8A80,0x8A80,0x8A80,0x8A80,0x8AA0,0x9280,0x92A0,0x92A0,0x92C0,0x9AC0,0xA301,0xA300,0xA300,
0xAB00,0xAB20,0xAB20,0xAB41,0xA300,0xAB00,0xA300,0xAB00,0xAB00,0xAB00,0xAB40,0xBBC1,0xBBC1,0xB360,0xB360,0xB360,
0xB380,0xB3A0,0xB3A0,0xC422,0xB3A0,0xB380,0xBBC1,0xBBC1,0xBBE2,0xCC43,0xD482,0xDD02,0xE543,0xDD44,0xD4E6,0xD4C6,
0xD4E5,0xD4E3,0xDD03,0xD4C3,0xC442,0xC3E0,0xCC21,0xCC21,0xC423,0xBC45,0xBC48,0xC489,0xBC89,0xBC89,0xBC89,0xBC68,
0xBC47,0xBC26,0xBC04,0xBC03,0xBC04,0xBC26,0xBC27,0xBC48,0xBC69,0xBC69,0xBC89,0xBC89,0xC4AA,0xC4AA,0xBCAA,0xBCAA,
0xC4CB,0xC4CA,0xC4CB,0xC4CB,0xC4CA,0xC4AB,0xC4CB,0xC4AB,0xBCAB,0xBCAA,0xBC8A,0xBC8A,0xBC8A,0xBC6A,0xBC6A,0xBC6A,
0x01EA,0x09EA,0x01EA,0x01EA,0x01EA,0x01EA,0x01EA,0x01CA,0x01A9,0x01A9,0x01A9,0x01A9,0x01AA,0x01EB,0x01EB,0x01EA,
0x020B,0x024C,0x024C,0x024D,0x026D,0x028D,0x028E,0x02AE,0x028E,0x02AE,0x028E,0x0A8E,0x028E,0x026E,0x026D,0x026D,
0x026D,0x026D,0x026D,0x026D,0x026D,0x02AE,0x02AE,0x02CF,0x02CF,0x02CF,0x02D0,0x0AF0,0x0310,0x0310,0x0310,0x0310,
0x0331,0x0351,0x0351,0x0371,0x0352,0x0352,0x0352,0x0B32,0x0B31,0x0B51,0x0B31,0x0351,0x0372,0x0393,0x03B3,0x03B4,
0x0BB3,0x0BB3,0x0393,0x0392,0x0392,0x0372,0x0372,0x0372,0x0B73,0x0372,0x0351,0x0330,0x0B10,0x02F0,0x02EF,0x02AF,
0x026E,0x026D,0x0A4D,0x0A4C,0x0A4C,0x024C,0x022B,0x020B,0x0A4C,0x020B,0x020C,0x0A2B,0x1A6C,0x226C,0x1A6B,0x124B,
0x124B,0x1A2B,0x122A,0x1A4B,0x1A2B,0x120A,0x120A,0x120A,0x120A,0x09EA,0x09E9,0x01C9,0x01A9,0x01A9,0x01A9,0x09A9,
0x09C9,0x09CA,0x09CA,0x09CA,0x09C9,0x11EA,0x19EA,0x19E9,0x2209,0x1A0A,0x1A0A,0x19E9,0x11E9,0x120A,0x11EA,0x11EA,
0x11EA,0x09E9,0x09C9,0x09C9,0x11E9,0x1A09,0x1A09,0x1A29,0x1A09,0x19C8,0x1188,0x1166,0x1966,0x2187,0x1187,0x11A8,
0x21A7,0x21A7,0x21A7,0x21C8,0x21C8,0x21A8,0x21A8,0x21A8,0x21C8,0x21C8,0x21C7,0x29C8,0x21A8,0x19A7,0x21A7,0x2166,
0x1987,0x19A7,0x2187,0x21A7,0x21A7,0x21A7,0x21C8,0x21A7,0x21A7,0x2187,0x29A7,0x29C8,0x29A7,0x29A7,0x2987,0x29A7,
0x31C7,0x4227,0x5269,0x4228,0x2187,0x1946,0x1125,0x1966,0x3A49,0x636D,0x5B2C,0x636D,0x532C,0x52CA,0x5AA8,0x62C8,
0x62A7,0x62A7,0x6287,0x6286,0x6A86,0x6A66,0x6A66,0x6A86,0x6A86,0x6A86,0x6A65,0x6265,0x6266,0x6A66,0x7285,0x7284,
0x7263,0x7A62,0x7A61,0x7A41,0x7A62,0x7A42,0x7242,0x7262,0x7A62,0x7A61,0x8261,0x8280,0x8A80,0x8A60,0x8A60,0x8A80,
0x9280,0x92A0,0x92A0,0x8AA0,0x8AA0,0x8AA0,0x8AA0,0x92A0,0x92A0,0x92A0,0x92A0,0x9AE1,0xA322,0xA301,0xA320,0xAB40,
0xAB20,0xAB20,0xAB20,0xAB00,0xAB00,0xAB00,0xA300,0xAB00,0xAB00,0xAB20,0xB360,0xBBA0,0xCC22,0xBBA1,0xBB81,0xBB81,
0xB380,0xB3C0,0xBBE1,0xBBE1,0xBC41,0xD4C3,0xB3C1,0xBC03,0xC445,0xCCA6,0xD4E6,0xD505,0xDD25,0xDD26,0xD4E7,0xD4E6,
0xD504,0xDCE2,0xDD02,0xD4E5,0xCC85,0xC443,0xC442,0xC401,0xC422,0xC445,0xBC49,0xBC69,0xBC89,0xBC69,0xBC69,0xBC48,
0xBC26,0xBC05,0xBBE4,0xBBE3,0xB3E4,0xBC06,0xBC27,0xBC48,0xBC68,0xC4A9,0xBC89,0xBCA9,0xBCA9,0xBCA9,0xBCAA,0xBCCA,
0xBCCB,0xC4CB,0xC4CB,0xC4CB,0xC4CB,0xC4CB,0xC4CB,0xC4AB,0xC4AB,0xBCAB,0xBCAA,0xBC8A,0xBC8A,0xBC8A,0xBC6A,0xBC6A,
0x01EA,0x01EA,0x09EA,0x01EA,0x01EA,0x01EA,0x01EA,0x01CA,0x01AA,0x01A9,0x0189,0x01A9,0x01AA,0x01EB,0x01EA,0x0A0B,
0x022C,0x024C,0x024C,0x026D,0x026D,0x026D,0x028E,0x02AE,0x028E,0x028E,0x028E,0x02AE,0x028E,0x026E,0x026D,0x026E,
0x0A6E,0x0A6D,0x026D,0x026D,0x026D,0x026D,0x028E,0x02AF,0x0ACF,0x0ACF,0x0ACF,0x0ACF,0x02F0,0x0310,0x0310,0x0310,
0x0331,0x0331,0x0351,0x0351,0x0351,0x0352,0x0352,0x0332,0x0351,0x0331,0x0311,0x0331,0x0352,0x03B3,0x03B3,0x03B3,
0x03B3,0x03B3,0x0392,0x0372,0x0372,0x0352,0x0332,0x0332,0x0352,0x0372,0x0372,0x0331,0x0B11,0x0B10,0x02CF,0x028E,
0x026E,0x026D,0x0A4D,0x0A4D,0x0A4C,0x024C,0x020B,0x020A,0x0A2C,0x020C,0x0A2C,0x122B,0x228C,0x228C,0x228B,0x1A6B,
0x1A6B,0x224B,0x224B,0x1A4B,0x1A4C,0x1A2B,0x122B,0x122B,0x0A0A,0x09EA,0x09E9,0x09E9,0x01A9,0x0189,0x0189,0x01A9,
0x09C9,0x09C9,0x09CA,0x09EA,0x11EA,0x19EA,0x220A,0x220A,0x2209,0x19E9,0x19E9,0x19E9,0x120A,0x11E9,0x11E9,0x09EA,
0x11EA,0x11EA,0x1A2A,0x11E9,0x19EA,0x1A0A,0x1A09,0x2229,0x2209,0x19E8,0x19C8,0x19A8,0x29E8,0x1986,0x1188,0x1188,
0x21C7,0x21C7,0x21C8,0x21A8,0x21A8,0x21A8,0x21A8,0x21C8,0x21C8,0x21C8,0x29C8,0x21E8,0x21C8,0x21C7,0x29E8,0x21C8,
0x21A7,0x21A7,0x21C7,0x21C7,0x21A7,0x21A7,0x21C7,0x21C8,0x21A8,0x21A7,0x29C8,0x29C8,0x29C8,0x21C7,0x21C7,0x21C7,
0x29C7,0x3A07,0x4248,0x3208,0x29E8,0x29E8,0x29E8,0x21A7,0x29C8,0x3209,0x3229,0x42AA,0x638E,0x5B4C,0x62C8,0x62C8,
0x6AC7,0x5AC8,0x62A8,0x62A7,0x6A87,0x6A86,0x6A86,0x6A86,0x6A86,0x6AA6,0x6A85,0x6266,0x5A66,0x6287,0x6A66,0x6A65,
0x7264,0x7262,0x7A62,0x7A61,0x7A62,0x7A43,0x7243,0x7243,0x7242,0x7A61,0x8260,0x8260,0x8A60,0x8A80,0x8A60,0x8A80,
0x8A80,0x8A80,0x9280,0x92A0,0x8AA0,0x8AA0,0x8AA0,0x92A0,0x92C0,0x92C0,0x9AC0,0x9AE1,0xA301,0xA301,0xA320,0xAB40,
0xAB40,0xAB40,0xAB20,0xAB20,0xAB00,0xA300,0xAB00,0xAB00,0xAB00,0xAB00,0xB320,0xB340,0xB360,0xB381,0xBBA1,0xBBA1,
0xB380,0xB3A0,0xB381,0xBBE2,0xBC02,0xBC02,0xBC45,0xCCA7,0xCCE8,0xCD08,0xD527,0xD527,0xD506,0xD506,0xD4E7,0xD4E5,
0xD4E4,0xDD03,0xDCE3,0xCCC4,0xC485,0xCCA7,0xCC86,0xCC44,0xC422,0xC444,0xC467,0xBC68,0xBC68,0xBC69,0xBC48,0xBC47,
0xBC26,0xBBE4,0xB3C2,0xBBC3,0xBBC5,0xBC06,0xBC27,0xBC48,0xBC68,0xBC68,0xBC89,0xC488,0xBCA8,0xBCA8,0xBCA9,0xBCAA,
0xC4CA,0xC4CA,0xC4CB,0xC4CB,0xC4CA,0xC4AB,0xC4AB,0xC4AA,0xBCAB,0xBCAB,0xBCAB,0xC4AB,0xBC8A,0xBC8A,0xBC6A,0xBC6A,
0x01CA,0x01EA,0x01EA,0x09E9,0x01EA,0x01EA,0x01EA,0x01CA,0x01A9,0x01A9,0x01A9,0x01A9,0x01CA,0x01EA,0x01EB,0x01EB,
0x022C,0x022C,0x024D,0x026D,0x026D,0x026D,0x028E,0x026E,0x028E,0x026E,0x028D,0x028E,0x026D,0x026D,0x026D,0x0A6D,
0x0A6D,0x026D,0x026D,0x024D,0x024D,0x026D,0x0A6D,0x028E,0x02AE,0x0AAE,0x0AAE,0x0AAF,0x02CF,0x02EF,0x0310,0x0310,
0x0310,0x0331,0x0331,0x0351,0x0B52,0x0332,0x0352,0x0332,0x0351,0x0331,0x0331,0x0331,0x0351,0x03B3,0x03B3,0x03D3,
0x03B3,0x03B3,0x0392,0x0372,0x0352,0x0351,0x0311,0x0311,0x0311,0x0352,0x0372,0x0331,0x0B10,0x0310,0x02CF,0x028E,
0x026D,0x026D,0x024C,0x0A4D,0x0A4C,0x022C,0x022C,0x022B,0x022C,0x022C,0x022C,0x124C,0x228C,0x228B,0x2A8B,0x2A8B,
0x228C,0x228C,0x226B,0x226B,0x1A4B,0x1A4B,0x1A2B,0x122A,0x120B,0x120A,0x09C9,0x09C9,0x01A9,0x01A9,0x01A9,0x01A9,
0x09A9,0x09C9,0x09EA,0x09EA,0x11EA,0x1A0A,0x220A,0x220A,0x2209,0x1A09,0x1A09,0x1A09,0x1A0A,0x1A0A,0x120A,0x11E9,
0x0A09,0x11E9,0x224A,0x1A09,0x1A0A,0x1A0A,0x1A2A,0x1A09,0x19E9,0x19E9,0x19C8,0x21C8,0x21E8,0x19A7,0x19A8,0x19A8,
0x21C8,0x21C8,0x21C8,0x21C8,0x21A8,0x21A8,0x21E8,0x21E8,0x21C8,0x21C8,0x29C9,0x29E9,0x21E8,0x21C8,0x29E8,0x21C8,
0x21A7,0x19A8,0x21A8,0x21A7,0x21A7,0x21C7,0x3208,0x29C7,0x21A7,0x29C8,0x29C8,0x29C7,0x29C7,0x21C7,0x21C7,0x21C7,
0x29C7,0x3208,0x31E7,0x29C7,0x3208,0x428A,0x3249,0x2A08,0x322A,0x3A6A,0x324A,0x3228,0x2A08,0x4ACA,0x62C8,0x62C8,
0x6AE8,0x62C8,0x5AA8,0x62A7,0x6AA7,0x6AA7,0x6AC7,0x6AA6,0x6AA6,0x6AA7,0x6286,0x6266,0x6267,0x6287,0x6267,0x6266,
0x7264,0x7A63,0x7262,0x7A82,0x7A62,0x7263,0x7263,0x7263,0x7242,0x7A62,0x7A61,0x8260,0x8A80,0x8A80,0x8A80,0x8A80,
0x8A80,0x92A0,0x8AA0,0x8AA0,0x8AC0,0x8AA0,0x8AC0,0x8AA0,0x92C0,0x92C0,0x9AE0,0xA301,0xA2E0,0xA300,0xA300,0xAB20,
0xAB40,0xAB40,0xAB40,0xAB20,0xAB41,0xAB20,0xAB20,0xAB00,0xAB20,0xAB00,0xAB20,0xB340,0xB360,0xB360,0xBBA1,0xBB80,
0xB380,0xB3A2,0xBBE3,0xBC03,0xBC04,0xBC46,0xCD0A,0xD52B,0xD52B,0xCD2A,0xD529,0xCD08,0xCD07,0xCCE7,0xCCE7,0xD506,
0xD505,0xD4E3,0xD4C2,0xCCA3,0xC465,0xCCA8,0xD4C8,0xCC64,0xC423,0xCC45,0xC466,0xC467,0xBC47,0xBC49,0xBC48,0xB427,
0xBC06,0xBBE3,0xBBA1,0xBBA1,0xBBC4,0xBC06,0xBC27,0xBC48,0xBC68,0xBC69,0xC489,0xC489,0xC488,0xC4A8,0xC4A9,0xBCCA,
0xBCCB,0xC4CB,0xC4CB,0xC4CA,0xC4AA,0xC4AB,0xC4AA,0xC4AB,0xBCAA,0xBCAA,0xBCAA,0xBCAA,0xBC8A,0xBC8A,0xBC6A,0xBC69,
0x01A9,0x01C9,0x09A9,0x1A0A,0x0A0A,0x01EA,0x01EA,0x01CA,0x01A9,0x01A9,0x01A9,0x01A9,0x01C9,0x09CA,0x01EB,0x01EB,
0x022C,0x024C,0x024D,0x026D,0x026D,0x026D,0x026D,0x026E,0x026E,0x028D,0x028D,0x028D,0x026D,0x026D,0x026D,0x026D,
0x026D,0x024D,0x024D,0x024D,0x024D,0x024D,0x026D,0x028E,0x02AE,0x02AE,0x12AE,0x028E,0x02AE,0x02CF,0x0AF0,0x0AF0,
0x02F0,0x0310,0x0331,0x0331,0x0B52,0x0B52,0x0B52,0x0B52,0x0352,0x0331,0x0311,0x0331,0x0351,0x0372,0x0392,0x03B3,
0x03D3,0x03B3,0x03B3,0x0372,0x0352,0x0331,0x0311,0x02F1,0x02F1,0x0311,0x0331,0x0331,0x0310,0x02F0,0x02AF,0x026D,
0x026D,0x026D,0x024C,0x0A4C,0x022C,0x022C,0x022C,0x022C,0x024C,0x024C,0x022C,0x1A6C,0x226C,0x228C,0x2AAB,0x32AB,
0x2A8B,0x32AB,0x2A8B,0x2A6B,0x226B,0x226B,0x224B,0x1A2B,0x122B,0x120A,0x09EA,0x09C9,0x09A9,0x01A9,0x01A9,0x01A9,
0x09C9,0x09C9,0x09CA,0x09EA,0x1A0A,0x220A,0x222A,0x2A4A,0x2A2A,0x220A,0x222A,0x1A29,0x1A09,0x1A09,0x19E9,0x120A,
0x120A,0x1A0A,0x1A09,0x1A09,0x1A0A,0x1A2A,0x1A2A,0x1A0A,0x2209,0x21E9,0x21E9,0x19C8,0x19A8,0x19C8,0x19A8,0x19A8,
0x19C8,0x21E8,0x21E8,0x21C8,0x21A8,0x21C8,0x21C8,0x21C8,0x21C8,0x21E8,0x21E8,0x2A09,0x2A08,0x29E8,0x21C7,0x21A7,
0x21A7,0x21A7,0x21A8,0x21A7,0x21A7,0x21C8,0x29C7,0x29E8,0x21C8,0x29E7,0x29E7,0x29C7,0x29E7,0x21A8,0x21A7,0x21C7,
0x29E8,0x3207,0x3228,0x3A69,0x428A,0x42AA,0x3AAA,0x326A,0x324A,0x42AB,0x3ACB,0x534C,0x42AB,0x3A27,0x5AE9,0x62C9,
0x62E8,0x62C8,0x62C8,0x62C8,0x62C8,0x6AC8,0x6AC6,0x6AC7,0x6AC7,0x6AC7,0x62A7,0x6287,0x6287,0x6287,0x6286,0x6286,
0x7284,0x7A84,0x7283,0x7283,0x7283,0x7264,0x7284,0x7263,0x7243,0x7A62,0x8262,0x8261,0x8280,0x8280,0x8280,0x8A80,
0x8AA0,0x8A80,0x8AA0,0x8AA0,0x8AA0,0x92C0,0x92C0,0x92C0,0x92C0,0x92C0,0x9AE0,0x9AE0,0xA321,0xA300,0xA320,0xAB20,
0xAB20,0xAB20,0xAB20,0xA300,0xBBC3,0xB362,0xAB20,0xAB00,0xAB20,0xAB20,0xAB20,0xB340,0xAB40,0xB360,0xB360,0xAB60,
0xB3C4,0xBC68,0xC4CA,0xC4AA,0xBC69,0xC4EB,0xC52C,0xCD2C,0xCD2C,0xD54C,0xCD2C,0xCD0C,0xCCEA,0xCCE9,0xCCE8,0xCCE7,
0xCCC6,0xCCC3,0xD4C2,0xD4C3,0xCCA5,0xCCA6,0xCC63,0xC422,0xCC43,0xC404,0xC445,0xC466,0xB426,0xBC48,0xB427,0xB406,
0xB3E5,0xBBA2,0xBBA1,0xBB80,0xB3A2,0xBBE4,0xBC06,0xBC47,0xBC47,0xBC68,0xBC68,0xBC68,0xC468,0xC488,0xC4A8,0xC4AA,
0xC4CB,0xC4CB,0xC4CA,0xC4CA,0xC4CB,0xC4AA,0xC4CB,0xC4CB,0xBCAB,0xBCAB,0xBCAB,0xBC8A,0xBC8A,0xBC8A,0xBC69,0xB46A,
0x11A9,0x09A9,0x09C9,0x11CA,0x09EA,0x01EA,0x01EA,0x01CA,0x09CA,0x09CA,0x01A9,0x01C9,0x01CA,0x01EA,0x01EB,0x020B,
0x0A2C,0x0A4C,0x0A4D,0x024D,0x026D,0x026D,0x026D,0x026E,0x026D,0x026D,0x026D,0x026D,0x026D,0x026D,0x026D,0x024D,
0x024D,0x024D,0x024D,0x024D,0x024D,0x026D,0x026D,0x028E,0x028E,0x028E,0x0A8D,0x028E,0x02AE,0x02CF,0x0AEF,0x02F0,
0x02F0,0x0310,0x0310,0x0331,0x0352,0x0352,0x0352,0x0352,0x0351,0x0331,0x0311,0x0310,0x0331,0x0351,0x0372,0x0392,
0x0393,0x0393,0x0392,0x0372,0x0352,0x0331,0x0311,0x0311,0x0310,0x0310,0x0331,0x0330,0x0310,0x02CF,0x02AF,0x026D,
0x0A6E,0x026D,0x0A4D,0x024D,0x022C,0x022D,0x022C,0x024C,0x024C,0x022C,0x0A4C,0x1A6C,0x1A8C,0x228C,0x2A8B,0x2A8B,
0x328B,0x3A8B,0x3A8B,0x328B,0x2A6B,0x2A6B,0x226B,0x224B,0x1A2B,0x122B,0x09EA,0x09C9,0x09A9,0x01A9,0x01A9,0x01A9,
0x09C9,0x09CA,0x09CA,0x11EA,0x1A2A,0x220A,0x2229,0x222A,0x222A,0x2A4A,0x222A,0x2229,0x2229,0x2209,0x1A09,0x120A,
0x120A,0x1A0A,0x222A,0x1A09,0x1A2A,0x1A2A,0x1A2A,0x1A0A,0x1A09,0x21E9,0x19E9,0x19E9,0x19C8,0x19C8,0x19C8,0x19C8,
0x21C8,0x21E8,0x21E9,0x21E9,0x21C8,0x21C8,0x21E9,0x21C8,0x21C8,0x29E9,0x2A09,0x2A09,0x3209,0x29E8,0x29E8,0x29E8,
0x29C7,0x21C8,0x21A7,0x21C8,0x21A7,0x21C8,0x29C8,0x29E8,0x29E8,0x29E8,0x3229,0x3229,0x29E7,0x21C8,0x3209,0x3A28,
0x4268,0x5AEA,0x6B8C,0x632C,0x4AAA,0x4ACA,0x42CA,0x4B0C,0x534D,0x532C,0x4B0B,0x5B4D,0x5B2C,0x634C,0x62E9,0x5AC9,
0x62C8,0x62C8,0x62C8,0x62C8,0x5AC8,0x62C8,0x6AC7,0x6AC7,0x6AE7,0x6AC8,0x62A7,0x62A8,0x62A7,0x62A7,0x62A6,0x6AA6,
0x72A5,0x7A85,0x7285,0x7284,0x7284,0x7284,0x7285,0x7285,0x7283,0x7A62,0x7A62,0x8261,0x8281,0x8280,0x8280,0x8A80,
0x8A80,0x8AA0,0x8AA0,0x92A1,0x92C0,0x92C0,0x92E0,0x9AC0,0x9AC0,0x9AC0,0x9AE0,0x9B00,0xA300,0xA300,0xAB61,0xB361,
0xAB40,0xAB20,0xAB20,0xAB20,0xAB41,0xAB21,0xAB20,0xA300,0xA300,0xAB41,0xAB20,0xAB20,0xAB20,0xAB40,0xAB60,0xAB81,
0xB427,0xB4AB,0xB4AB,0xBCCB,0xBCCB,0xC4EB,0xCD2D,0xCD2D,0xCD2C,0xCD2C,0xCD2C,0xCD2C,0xCD0B,0xCCE9,0xC4E8,0xCCE8,
0xCCC8,0xCCA5,0xCCA3,0xCCA5,0xCCA6,0xC464,0xCC42,0xCC21,0xC401,0xC403,0xBC25,0xB406,0xB407,0xB408,0xB406,0xBC05,
0xB3E4,0xBBA1,0xBBA0,0xBB80,0xB3A1,0xB3C3,0xB3E5,0xBC26,0xBC26,0xBC47,0xBC48,0xBC48,0xC468,0xC468,0xC488,0xBC89,
0xC4AA,0xBCCA,0xBCCA,0xC4AA,0xC4CB,0xC4CB,0xC4CB,0xC4CB,0xC4CB,0xBCAB,0xBCAB,0xBCAA,0xBC8A,0xBC8A,0xBC6A,0xB46A,
0x19EA,0x09A8,0x01C9,0x01C9,0x01EA,0x01EA,0x09EA,0x01CA,0x09EA,0x09CA,0x09C9,0x01C9,0x01CA,0x01EA,0x020B,0x022B,
0x024C,0x024C,0x0A4D,0x024C,0x024D,0x026D,0x026D,0x026D,0x028E,0x026D,0x026D,0x026D,0x026D,0x026D,0x026D,0x026D,
0x026D,0x024D,0x024D,0x024D,0x024D,0x024D,0x026D,0x028E,0x028E,0x028E,0x0A8D,0x028E,0x02AE,0x02AE,0x0ACF,0x02CF,
0x02F0,0x0310,0x0310,0x0331,0x0B51,0x0351,0x0351,0x0351,0x0351,0x0331,0x0310,0x0310,0x0310,0x0351,0x0351,0x0B72,
0x0372,0x0372,0x0372,0x0372,0x0352,0x0331,0x0311,0x0311,0x0311,0x0310,0x0310,0x0310,0x02F0,0x02EF,0x02AF,0x026D,
0x0A6E,0x0A6D,0x022D,0x022C,0x022C,0x022D,0x022C,0x022C,0x024C,0x024C,0x0A6C,0x1A6C,0x1A8C,0x1A8B,0x228B,0x2A8B,
0x32AC,0x3A8B,0x3A8B,0x3A8B,0x328B,0x2A6B,0x2A6B,0x226B,0x1A4B,0x1A2B,0x09EA,0x09C9,0x09C9,0x09C9,0x01CA,0x01A9,
0x09C9,0x09CA,0x09CA,0x11E9,0x220A,0x2A2A,0x2A2A,0x2229,0x222A,0x2A2A,0x2A4A,0x2A4A,0x2A29,0x2229,0x1A09,0x1A0A,
0x120A,0x1A0A,0x1A0A,0x222A,0x222A,0x222A,0x222A,0x222A,0x1A09,0x19E9,0x19E9,0x21E9,0x19E9,0x19C8,0x19C8,0x21C8,
0x21E8,0x21E9,0x21E9,0x21E9,0x21C8,0x21C8,0x21E9,0x21E9,0x21C8,0x21E8,0x2A08,0x2A09,0x2A29,0x2A08,0x2A08,0x29E8,
0x21C8,0x29E8,0x21A7,0x3209,0x21A7,0x29E8,0x29C8,0x29E8,0x29E8,0x3229,0x3A69,0x3228,0x29C7,0x21A7,0x3A28,0x4248,
0x4A89,0x630A,0x736B,0x7BAC,0x530B,0x532B,0x4ACA,0x5B4C,0x6BAE,0x5B4C,0x638D,0x638D,0x6BAE,0x530B,0x5AEA,0x62C8,
0x62C8,0x6AC8,0x62C9,0x5AC9,0x5AC8,0x62A7,0x6AE7,0x6AC7,0x6AE8,0x62C8,0x62C8,0x62A8,0x62A8,0x62A7,0x62C7,0x6AC7,
0x72A6,0x7AA6,0x72C6,0x72A5,0x72A5,0x72A6,0x72A6,0x72A5,0x7AA4,0x7A82,0x8262,0x8261,0x8261,0x8260,0x8280,0x8A81,
0x8A80,0x8A80,0x8AA0,0x92A0,0x92C0,0x92E0,0x9AE0,0x9AE0,0x9AC0,0x9AE0,0x9AE0,0x9B00,0xA2E0,0xA320,0xCC45,0xB382,
0xAB20,0xA300,0xAB20,0xAB20,0xAB20,0xAB20,0xAB20,0xAB20,0xA320,0xAB21,0xAB20,0xAB40,0xAB20,0xAB40,0xAB40,0xAB83,
0xB469,0xB4AB,0xB4CC,0xBCEB,0xC4EB,0xC50B,0xCD2C,0xCD2C,0xC52C,0xCD2C,0xCD2C,0xCD2D,0xCD0B,0xC4EA,0xC4E9,0xC4C8,
0xCCA9,0xCCA6,0xCC84,0xCC85,0xCC87,0xCC86,0xCC64,0xCC42,0xC401,0xC422,0xBC04,0xB406,0xB406,0xB407,0xBC06,0xBC26,
0xB3E3,0xB3A0,0xB380,0xBB80,0xB3A1,0xB3C2,0xBC04,0xB405,0xBC26,0xBC47,0xBC48,0xBC48,0xBC48,0xC468,0xBC68,0xC488,
0xC4AA,0xBCAA,0xBCAA,0xC4AA,0xC4CB,0xC4CB,0xC4CB,0xBCCA,0xC4CB,0xBCAB,0xBCAB,0xBCAA,0xBC8A,0xBC8A,0xBC8A,0xBC6A,
0x0988,0x01A8,0x01C9,0x09A9,0x01CA,0x01CA,0x09EA,0x01CA,0x01CA,0x01E9,0x01C9,0x01C9,0x01C9,0x01EA,0x020B,0x022C,
0x024C,0x024C,0x024C,0x024C,0x024C,0x024D,0x026D,0x026D,0x0A6D,0x0A6D,0x026D,0x026D,0x024D,0x024D,0x024D,0x024D,
0x024D,0x024D,0x024D,0x024D,0x026D,0x026D,0x026D,0x026D,0x028E,0x028E,0x028D,0x028E,0x026E,0x028E,0x0AAE,0x02AF,
0x02CF,0x02EF,0x02F0,0x0B10,0x0B31,0x0331,0x0310,0x0310,0x0331,0x0331,0x0310,0x0310,0x0310,0x0331,0x0331,0x0351,
0x0B52,0x0352,0x0352,0x0332,0x0331,0x0331,0x0330,0x0311,0x0310,0x0310,0x0310,0x0310,0x02F0,0x02F0,0x02AF,0x028E,
0x028E,0x026D,0x024D,0x024D,0x022D,0x022D,0x022C,0x022C,0x024C,0x0A4D,0x0A6D,0x1A6C,0x1A6C,0x1A8C,0x228C,0x228C,
0x228C,0x2A8C,0x328B,0x328B,0x32AB,0x328B,0x2A6B,0x2A6B,0x224B,0x1A2B,0x120A,0x09C9,0x09CA,0x09C9,0x01C9,0x01C9,
0x01CA,0x09CA,0x09C9,0x1A09,0x2229,0x2A09,0x2A29,0x2A49,0x2A4A,0x2A2A,0x2A2A,0x2A49,0x2A29,0x2A49,0x2A29,0x220A,
0x1A0A,0x1A0A,0x2209,0x2229,0x2A4A,0x2A29,0x222A,0x1A0A,0x1A0A,0x19E9,0x19E9,0x21E9,0x21E9,0x19C8,0x21E8,0x21E8,
0x21E8,0x2A09,0x2A09,0x21E9,0x21E9,0x21E9,0x21E9,0x21E9,0x21E9,0x2A09,0x2A09,0x2A09,0x2A08,0x3229,0x3208,0x29E8,
0x19C8,0x21C8,0x21C7,0x29C8,0x3208,0x3208,0x29E8,0x21E8,0x29C8,0x3228,0x31E7,0x29E7,0x29C8,0x29C7,0x31E7,0x4248,
0x3A08,0x52A9,0x5AC8,0x62E9,0x3A48,0x52EC,0x5B2C,0x4ACB,0x5B4E,0x5B2D,0x4ACB,0x42CB,0x52EC,0x42AB,0x5289,0x62A8,
0x62C8,0x6AC8,0x62C8,0x62C9,0x5AC9,0x5AC8,0x62C8,0x6AE8,0x6AE8,0x62E8,0x62C8,0x62C8,0x62C8,0x62C9,0x62C9,0x62E8,
0x6AC7,0x72C7,0x72C7,0x6AC7,0x72C7,0x72E6,0x72C6,0x7AE6,0x7AC4,0x82A2,0x82A1,0x8A81,0x8280,0x8280,0x8280,0x8281,
0x8281,0x8AA1,0x8AA0,0x92C1,0x92E1,0x92C0,0x92E0,0x9AE0,0x9AE1,0xA301,0x9AE0,0xA300,0xA300,0xA300,0xA300,0xA320,
0xAB20,0xAB20,0xAB20,0xAB40,0xAB20,0xAB41,0xAB20,0xAB00,0xA320,0xAB20,0xA320,0xA300,0xAB40,0xAB40,0xAB40,0xB3C5,
0xB48B,0xB4CC,0xBCEC,0xBCED,0xC50C,0xC52C,0xC52C,0xC52C,0xC52C,0xC50C,0xC50D,0xC50D,0xC50B,0xC4CA,0xC4CA,0xC4AA,
0xC4CA,0xC4A8,0xC4A6,0xCCA4,0xC485,0xCC87,0xC486,0xC445,0xC422,0xC401,0xBBE2,0xBBE4,0xB405,0xB406,0xB3E7,0xB3E7,
0xB3C4,0xB3A1,0xB380,0xBB80,0xBB80,0xBBA1,0xBBE3,0xBC05,0xBC26,0xBC27,0xBC27,0xBC47,0xBC48,0xBC47,0xBC47,0xBC68,
0xBC89,0xBCAA,0xBCAA,0xBCAA,0xC4AA,0xC4CA,0xBCCB,0xBCCB,0xC4CB,0xBCCB,0xBCCB,0xC4CB,0xBC8A,0xBC8A,0xBC8A,0xBC6A,
0x01A9,0x01A8,0x01A9,0x0989,0x01AA,0x01CA,0x01CA,0x01CA,0x01CA,0x01CA,0x01CA,0x01C9,0x01C9,0x020A,0x022B,0x024C,
0x024C,0x024C,0x024C,0x0A4C,0x022C,0x024C,0x024D,0x024D,0x026D,0x026D,0x026D,0x024D,0x024D,0x024D,0x024D,0x024D,
0x024D,0x024D,0x024C,0x024D,0x026D,0x026D,0x024D,0x026D,0x0A6E,0x0A8E,0x026D,0x026D,0x026D,0x028E,0x028E,0x028E,
0x02AF,0x02CF,0x02EF,0x02F0,0x0310,0x0310,0x02F0,0x02F0,0x0310,0x0310,0x0310,0x0310,0x0310,0x0331,0x0331,0x0331,
0x0352,0x0352,0x0332,0x0332,0x0331,0x0331,0x0331,0x0311,0x0310,0x0310,0x02F0,0x0B10,0x0AF0,0x02EF,0x02CF,0x0AAF,
0x02AE,0x026E,0x028E,0x026D,0x024D,0x022D,0x022C,0x024C,0x024C,0x024C,0x0A6D,0x1A6C,0x1A6C,0x228C,0x228C,0x228C,
0x228C,0x32AB,0x32AB,0x328B,0x32AB,0x32AB,0x2A8B,0x2A6B,0x2A6B,0x224B,0x120A,0x09EA,0x09CA,0x09C9,0x01C9,0x01C9,
0x09CA,0x09CA,0x09C9,0x2209,0x2A09,0x2A09,0x3229,0x3229,0x3229,0x2A29,0x2A29,0x2A29,0x2A29,0x2A49,0x2A29,0x2A2A,
0x222A,0x222A,0x2A29,0x3249,0x3249,0x2A49,0x222A,0x1A0A,0x1A0A,0x1A0A,0x220A,0x2229,0x2209,0x2209,0x21E9,0x21E9,
0x21E9,0x2A09,0x2A09,0x2209,0x2209,0x2209,0x21E9,0x2209,0x2209,0x2209,0x2A29,0x2A09,0x2A29,0x2A29,0x2A09,0x2A09,
0x21E9,0x29E9,0x29C8,0x29E8,0x31E8,0x3208,0x21C8,0x21E8,0x2A08,0x3A28,0x31C7,0x3208,0x29E8,0x21C8,0x29C7,0x4269,
0x3A28,0x52A9,0x630A,0x5AEA,0x428A,0x4AEB,0x4AEB,0x428B,0x3AAB,0x3249,0x3AAC,0x532D,0x7410,0x42CB,0x4A89,0x5AC9,
0x62C8,0x62C8,0x62E8,0x62E8,0x5AC9,0x5AE9,0x5AC9,0x62C8,0x6AE8,0x62E8,0x62E9,0x5AE9,0x5AC9,0x5AE9,0x5AEA,0x5AE9,
0x6AC7,0x6AC7,0x6AC7,0x6AC7,0x6AC7,0x72E7,0x7306,0x7AE6,0x82E4,0x8AC2,0x92C1,0x92C1,0x8AA1,0x82A1,0x8281,0x7A82,
0x8282,0x82A2,0x8AC1,0x92C1,0x92C1,0x92E0,0x9AE0,0x92E1,0x9B01,0xA322,0x9B00,0xA320,0xA300,0xA300,0xA300,0xA320,
0xAB00,0xAB00,0xAB20,0xAB20,0xAB20,0xAB20,0xAB20,0xA300,0xA320,0xA300,0xA320,0xA320,0xB381,0xB381,0xAB60,0xB3C5,
0xB48B,0xB4CC,0xBCCC,0xBCED,0xBCED,0xBD0D,0xC52E,0xC52D,0xC52D,0xC52D,0xC52C,0xC52C,0xCD2B,0xCCEA,0xC4CA,0xBCCA,
0xC4AA,0xC4C9,0xCCC8,0xCC85,0xC485,0xCC65,0xC464,0xC443,0xC422,0xC401,0xC3E1,0xBBC3,0xB3E4,0xB3E6,0xABE8,0xB3E8,
0xB3C5,0xB3A1,0xB380,0xB360,0xBB80,0xBBA1,0xBBC2,0xB3E4,0xBC05,0xBC06,0xBC06,0xBC06,0xBC26,0xBC26,0xBC26,0xBC47,
0xC489,0xC4AA,0xBCAA,0xBCAA,0xC4AB,0xBCCB,0xBCCA,0xBCCB,0xC4CB,0xC4CB,0xC4EB,0xC4EB,0xC4AB,0xBCAA,0xBC8A,0xBC6A,
0x0189,0x01A9,0x01A9,0x01A9,0x01AA,0x01CA,0x01CA,0x01CA,0x01CA,0x01EA,0x01EA,0x01CA,0x01CA,0x0A0A,0x020B,0x024C,
0x024C,0x024C,0x024C,0x022C,0x022C,0x024C,0x024C,0x024C,0x0A4D,0x026D,0x024D,0x024D,0x024D,0x024D,0x024D,0x024D,
0x024D,0x024D,0x024D,0x024D,0x026D,0x026D,0x024D,0x0A4D,0x0A6E,0x0A6E,0x0A6D,0x024D,0x024D,0x028E,0x028E,0x028E,
0x028E,0x02CF,0x02EF,0x02F0,0x02F0,0x02F0,0x0AF0,0x0AF0,0x02F0,0x0AF0,0x0310,0x0330,0x0330,0x0330,0x0331,0x0331,
0x0352,0x0332,0x0332,0x0331,0x0331,0x0331,0x0331,0x0331,0x0311,0x0311,0x0B10,0x0B31,0x0B10,0x0B10,0x0AF0,0x0AEF,
0x02AE,0x02AE,0x028E,0x028E,0x026D,0x024D,0x0A4C,0x024C,0x022C,0x024C,0x126D,0x1A6C,0x1A8D,0x22AD,0x228D,0x2A8C,
0x2A8C,0x32AB,0x42EC,0x328B,0x328B,0x328B,0x2A8B,0x2A6B,0x2A6B,0x226B,0x122A,0x120A,0x09EA,0x09C9,0x09C9,0x01C9,
0x01CA,0x01CA,0x09E9,0x222A,0x2A29,0x3229,0x3229,0x3229,0x3249,0x3229,0x2A29,0x2A29,0x2229,0x2A4A,0x2A29,0x2A2A,
0x2A2A,0x2A2A,0x2A4A,0x3249,0x3249,0x2A29,0x2229,0x1A2A,0x1A0A,0x220A,0x222A,0x220A,0x2209,0x2209,0x2209,0x21E9,
0x2209,0x2A09,0x2A2A,0x2209,0x2209,0x2209,0x2209,0x2209,0x2209,0x2A29,0x2A09,0x2A29,0x2A29,0x324A,0x2A29,0x2A08,
0x29E9,0x31E8,0x29E8,0x29E8,0x29E8,0x29E8,0x21E9,0x21E8,0x29E8,0x3A49,0x3207,0x31E7,0x29E8,0x21C7,0x21A7,0x4268,
0x4A89,0x52A9,0x6B4B,0x5289,0x3A89,0x4AEB,0x42AA,0x3AAA,0x326A,0x3ACB,0x3AAB,0x42CB,0x6BAE,0x4AEB,0x52EB,0x52A9,
0x52C8,0x62C8,0x62C8,0x62C7,0x5AE9,0x5AE9,0x5AC9,0x62C8,0x6AE8,0x62E8,0x62C9,0x5AE9,0x5AEA,0x52EA,0x52EA,0x5AE9,
0x6AE7,0x6AC7,0x6AC8,0x6AC7,0x6AC7,0x6AE7,0x7B07,0x8305,0x8B04,0x8AC2,0x92C1,0x92C1,0x8AC1,0x82A2,0x7AA2,0x7AA2,
0x7A83,0x82A3,0x8AC2,0x8AC2,0x8AC1,0x9301,0x9B01,0x9301,0x9AE1,0x9AE1,0x9B00,0xA300,0xA300,0xA300,0xA320,0xA300,
0xA300,0xB362,0xAB61,0xA320,0xA320,0xAB20,0xAB20,0xA300,0xA300,0xA320,0xA320,0xA320,0xB381,0xB3A1,0xAB61,0xABC4,
0xB48B,0xB4CC,0xBCCC,0xBCED,0xB50D,0xBD0D,0xC52E,0xC52D,0xC50D,0xC50D,0xC50C,0xC50C,0xCD0A,0xC4C9,0xC4AB,0xC4CB,
0xC4AA,0xC4C9,0xC4C9,0xCCA7,0xCCA6,0xCC63,0xC421,0xC401,0xC3E1,0xBBC0,0xBBA0,0xB3A2,0xB3A4,0xB3E6,0xABE7,0xB3E7,
0xB3C4,0xB381,0xB380,0xB360,0xB360,0xBB80,0xBBC2,0xBBE4,0xBBE5,0xBBE5,0xBBE5,0xBBE5,0xBBE5,0xBC05,0xBC05,0xBC47,
0xC489,0xBC89,0xBCAA,0xBCAA,0xC4AB,0xBCCB,0xBCCB,0xBCCA,0xBCCB,0xBCEB,0xBCCB,0xC4EB,0xC4CB,0xC4AB,0xBCAB,0xBC8A,
0x01A9,0x01A9,0x01A8,0x01A9,0x01A9,0x09C9,0x09CA,0x01CA,0x01CA,0x01EA,0x01EB,0x01EB,0x020B,0x020B,0x0A2C,0x0A2C,
0x0A4C,0x0A4C,0x0A4C,0x022C,0x024C,0x022C,0x0A2C,0x124C,0x0A4C,0x0A4C,0x0A4D,0x0A6D,0x024C,0x024C,0x024C,0x022C,
0x022C,0x024C,0x024C,0x024C,0x024C,0x024C,0x024C,0x024D,0x026D,0x026D,0x026D,0x026D,0x026D,0x026D,0x0A8D,0x0A8E,
0x0AAE,0x0ACE,0x02EF,0x02EF,0x02CF,0x02EF,0x02CF,0x0AD0,0x0AF0,0x0AF0,0x02F0,0x0B10,0x0B10,0x0310,0x0311,0x0331,
0x0351,0x0331,0x0331,0x0331,0x0311,0x0311,0x0310,0x0310,0x0331,0x0331,0x0351,0x0351,0x0B31,0x0B51,0x0B51,0x0B51,
0x0B30,0x0330,0x02CF,0x02AF,0x028E,0x026D,0x0A4C,0x0A2C,0x0A4C,0x0A4C,0x126C,0x126C,0x1A8D,0x1A8D,0x2A8D,0x2A8D,
0x2A8C,0x22AC,0x228C,0x228C,0x2AAC,0x328B,0x328B,0x2A6B,0x2A6B,0x224B,0x1A2A,0x120A,0x09EA,0x09CA,0x09C9,0x09CA,
0x01EA,0x09EA,0x120A,0x2209,0x2A29,0x3249,0x3A49,0x4268,0x4268,0x3A29,0x3229,0x3229,0x2A2A,0x224A,0x224A,0x2A49,
0x3249,0x3A4A,0x3A6A,0x3269,0x326A,0x2A4A,0x2A2A,0x222A,0x224A,0x3249,0x4268,0x2A4A,0x324A,0x2A29,0x2229,0x2229,
0x2A2A,0x2A2A,0x2A09,0x2209,0x2209,0x2A09,0x2A09,0x2A2A,0x2A2A,0x2A2A,0x2A2A,0x2A2A,0x2A29,0x2A29,0x2A29,0x3229,
0x2A09,0x2A29,0x2A09,0x21E8,0x21E8,0x21E8,0x21E9,0x21C8,0x3208,0x4249,0x3208,0x3A28,0x4226,0x4248,0x3A48,0x4268,
0x4A89,0x5289,0x5AEB,0x52CA,0x42AA,0x3249,0x2A49,0x3A6A,0x636D,0x636D,0x638D,0x7C2F,0x530B,0x532C,0x42AA,0x42AA,
0x52A9,0x5AE8,0x5AC8,0x5AC8,0x5AA9,0x52C9,0x4AC9,0x52C9,0x5AC9,0x5AC9,0x52C9,0x52CA,0x52EA,0x52EA,0x5AE9,0x62E9,
0x62C8,0x62E8,0x62E9,0x62C8,0x62C8,0x6AC7,0x72E7,0x8306,0x9303,0x9302,0x92C1,0x8AC1,0x82A2,0x82A3,0x8284,0x7A83,
0x8283,0x82C3,0x82C3,0x82C3,0x8AC3,0x8AE3,0x92E2,0x92E2,0x92E1,0x92E1,0x9B00,0x9B00,0xA300,0xA320,0xA320,0xA300,
0xA300,0xA300,0xA300,0xA320,0xA300,0xA320,0xA321,0xAB41,0xA341,0x9B20,0xAB41,0xAB41,0xA340,0xAB82,0xA383,0xAC28,
0xB4CB,0xB4CC,0xBCCC,0xB4ED,0xB4ED,0xBD0D,0xBD0D,0xBD0D,0xBCED,0xBCEC,0xBCEC,0xC4EB,0xBCCB,0xBCCB,0xBCCB,0xBCAA,
0xBCAA,0xC4A9,0xBCAA,0xC4AA,0xC4A8,0xC464,0xC422,0xC3C0,0xBBC0,0xBBA0,0xBBA0,0xB380,0xB381,0xB3C4,0xABA7,0xABC6,
0xABA4,0xB361,0xB360,0xB360,0xB360,0xB380,0xB3A1,0xB3C2,0xBBC2,0xBBC2,0xBBC2,0xBBC2,0xBBE2,0xBBE4,0xBC25,0xBC46,
0xBC89,0xBC89,0xBCAA,0xBCAA,0xBCAB,0xBCCB,0xBCCB,0xC4CB,0xC4CB,0xC4EC,0xC4EB,0xC4CB,0xC4CB,0xBCCB,0xBCCB,0xBCAB,
0x01A8,0x09A9,0x01A9,0x01A9,0x09A9,0x09C9,0x01C9,0x09EA,0x01EA,0x01EA,0x020B,0x020B,0x0A0B,0x022C,0x022C,0x022C,
0x0A4C,0x0A4C,0x024C,0x024D,0x024D,0x024C,0x0A4C,0x126C,0x0A6C,0x024C,0x024C,0x024C,0x024C,0x024C,0x024C,0x0A4D,
0x0A4C,0x024C,0x024C,0x024C,0x022C,0x024C,0x024C,0x024D,0x026C,0x024D,0x026D,0x026D,0x026D,0x024D,0x0A6D,0x0A6D,
0x0A8D,0x0AAE,0x02CF,0x02CF,0x02CF,0x02CF,0x02EF,0x02F0,0x02F0,0x02F0,0x02F0,0x02F0,0x0AF0,0x0310,0x0310,0x0330,
0x0331,0x0331,0x0351,0x0331,0x0311,0x0311,0x0310,0x0311,0x0331,0x0351,0x0351,0x0351,0x0352,0x0B52,0x0352,0x0B51,
0x0B51,0x0330,0x0B10,0x0AF0,0x02CF,0x028E,0x024C,0x0A4C,0x0A2C,0x0A4C,0x126C,0x128D,0x1A8D,0x1A8D,0x2AAD,0x32AD,
0x32AC,0x2AAC,0x22AC,0x2A8C,0x2A8C,0x2A6B,0x2A6B,0x2A6B,0x2A6B,0x2A6B,0x1A2B,0x120A,0x09EA,0x09EA,0x09EA,0x09EA,
0x01EA,0x09EA,0x11EA,0x2229,0x3229,0x3A48,0x4A48,0x5268,0x4A47,0x4228,0x4249,0x4249,0x3249,0x2A29,0x2A4A,0x3249,
0x3249,0x324A,0x324A,0x326A,0x326A,0x2A6A,0x2A4A,0x2A6A,0x2A49,0x4289,0x52C9,0x2A49,0x2A4A,0x2A4A,0x2229,0x2229,
0x222A,0x2A4A,0x222A,0x222A,0x2A29,0x3229,0x3229,0x2A2A,0x2A2A,0x2A2A,0x2A29,0x3249,0x2A49,0x2A2A,0x324A,0x322A,
0x3229,0x2A09,0x2A08,0x21E8,0x21E8,0x21E8,0x29E8,0x29C8,0x3A49,0x3A28,0x3208,0x3208,0x3A07,0x4228,0x3A28,0x3248,
0x4268,0x4A88,0x736C,0x7B8C,0x52CA,0x42CC,0x326A,0x2A08,0x6B6D,0x7BCE,0x8C2F,0x9C70,0x842F,0x4AEB,0x73CF,0x52EB,
0x4AAA,0x52C9,0x52A9,0x52A9,0x52C9,0x4ACA,0x42CA,0x4ACA,0x52CA,0x52C9,0x52CA,0x4AEA,0x4AEA,0x4AEB,0x52EA,0x5AE9,
0x62E9,0x62E9,0x62E9,0x62C8,0x6AC8,0x6AE7,0x72E7,0x82E6,0x82E3,0x8AC2,0x8AC2,0x8AC2,0x82A3,0x7AA4,0x7AA4,0x7AA4,
0x7AA3,0x82C3,0x82C3,0x82C3,0x8AE3,0x8AE3,0x9303,0x92E2,0x9B24,0xA343,0x9B01,0x9B00,0xA300,0xA320,0xA320,0xA320,
0xAB20,0xA300,0xA320,0xA320,0xA320,0xA321,0xA321,0xA301,0xA300,0xA320,0xA340,0xA341,0x9B41,0xA3A5,0xAC07,0xB4AB,
0xB4CC,0xB4AC,0xB4CC,0xB4CD,0xB4ED,0xB4ED,0xBCED,0xBCCD,0xBCCD,0xBCCC,0xBCCB,0xBCCB,0xBCAB,0xBCCB,0xBCAB,0xC4AA,
0xC4A9,0xC4A9,0xBC89,0xC4AA,0xC488,0xC445,0xC443,0xC401,0xC3C0,0xBBC0,0xB380,0xB380,0xB3A0,0xB3C2,0xABC6,0xABA7,
0xB3A4,0xB381,0xAB40,0xB360,0xB360,0xB360,0xB380,0xB3A1,0xB3A1,0xB3C1,0xBBC1,0xBBC1,0xBBE1,0xBC04,0xBC25,0xBC47,
0xBC89,0xBC89,0xBCAA,0xBCAA,0xBCAB,0xBCAB,0xBCCB,0xC4CB,0xC4CB,0xC4EB,0xC4EB,0xC4CB,0xC4CB,0xBCCB,0xBCAB,0xBCAB,
0x01A9,0x01A9,0x01A9,0x01A9,0x09A9,0x01C9,0x01CA,0x09EA,0x01EA,0x09EB,0x020B,0x020B,0x020B,0x0A2C,0x0A2C,0x0A2C,
0x0A4C,0x0A4C,0x0A4D,0x024D,0x024C,0x024D,0x026C,0x0A6C,0x0A4C,0x024C,0x024C,0x024C,0x024C,0x024C,0x024C,0x024D,
0x024C,0x024C,0x024C,0x022C,0x022C,0x022C,0x022C,0x022C,0x024C,0x024C,0x026D,0x024D,0x026D,0x024D,0x0A6D,0x0A6D,
0x0A6D,0x0AAE,0x02AE,0x02AE,0x02CF,0x02CF,0x02CF,0x02F0,0x02F0,0x02F0,0x02F0,0x02EF,0x0AF0,0x02F0,0x02F0,0x0310,
0x0310,0x0331,0x0331,0x0311,0x0311,0x0311,0x0310,0x0311,0x0351,0x0351,0x0351,0x0351,0x0352,0x0B52,0x0B52,0x0372,
0x0B72,0x0351,0x0311,0x0310,0x02F0,0x02AE,0x026D,0x024C,0x0A4C,0x0A4C,0x128D,0x128D,0x1A8C,0x1A8D,0x2A8C,0x32AC,
0x32AC,0x2AAC,0x2AAC,0x2A8C,0x2A8C,0x2A8C,0x2A6B,0x2A6B,0x2A6B,0x2A4B,0x1A4B,0x122A,0x0A0A,0x09EA,0x09EA,0x09EA,
0x01EA,0x09EB,0x11EA,0x2A0A,0x3249,0x3A49,0x4A48,0x4A68,0x4A67,0x4248,0x4249,0x428A,0x3A4A,0x3249,0x3249,0x324A,
0x3249,0x2A49,0x326A,0x328A,0x328A,0x2A6A,0x2A6A,0x2A6A,0x2A49,0x3A48,0x52C9,0x2A49,0x2A4A,0x2A4A,0x222A,0x2229,
0x2A2A,0x222A,0x2A2A,0x2A4A,0x2A2A,0x326A,0x324A,0x222A,0x2A2A,0x324A,0x3249,0x3269,0x2A69,0x324A,0x324A,0x3A2A,
0x3A28,0x3228,0x2A08,0x2209,0x2209,0x2A08,0x29E8,0x29E8,0x3A49,0x4268,0x3208,0x3228,0x31E7,0x3A08,0x31E8,0x2A07,
0x3249,0x52CA,0x6B2B,0x736B,0x6B2B,0x4B0B,0x3A8A,0x2A08,0x4A89,0x7C0E,0x7BEE,0x7BCD,0x636C,0x42AA,0x638E,0x634D,
0x4ACA,0x4AA9,0x52A9,0x52AA,0x4ACA,0x4ACA,0x42CA,0x4ACA,0x52CA,0x52C9,0x52EA,0x4ACA,0x42EB,0x430B,0x4AEB,0x52EA,
0x5AE9,0x5AC9,0x62E8,0x62C8,0x6AC8,0x6AC7,0x72C7,0x7AE6,0x7AC4,0x82C3,0x8AA3,0x8AA3,0x7AA3,0x7A84,0x7284,0x7A84,
0x7AA3,0x82C3,0x82C3,0x82C3,0x8AC3,0x8AE4,0x8AE2,0x92E2,0x92E3,0x9B24,0x9AE1,0xA301,0xA320,0xA320,0xAB40,0xA320,
0xA320,0xA300,0xA300,0xA300,0xA321,0xA321,0xA301,0xA301,0xA300,0xA300,0xA321,0xA363,0xA3A4,0xA3E7,0xAC4A,0xB4AC,
0xB4AC,0xB4AC,0xB4CC,0xB4AD,0xB4CD,0xB4CD,0xBCED,0xBCED,0xBCCD,0xBCAC,0xBCAB,0xBCCB,0xBCAB,0xC4CC,0xBCAB,0xC4AA,
0xC4A8,0xC4A8,0xC489,0xC4A9,0xC488,0xC446,0xC444,0xC402,0xC3C0,0xBBA0,0xB380,0xB3A0,0xABA0,0xABC1,0xB3A6,0xABA7,
0xABA5,0xAB61,0xAB60,0xB360,0xB360,0xB380,0xAB80,0xB381,0xB3A1,0xB3A1,0xBBC1,0xB3C1,0xBBE2,0xBC04,0xBC25,0xBC47,
0xBC89,0xBC8A,0xBCAA,0xBCAA,0xBC8A,0xBCAB,0xBCCB,0xC4CB,0xC4CB,0xC4CB,0xC4CB,0xBCCB,0xBCAB,0xBCAB,0xBCAB,0xBCAB,
0x01A9,0x01A9,0x01A9,0x01A9,0x01A9,0x01A9,0x01CA,0x01EA,0x01EB,0x020B,0x022B,0x020B,0x022C,0x022C,0x022C,0x022C,
0x024C,0x024C,0x0A4C,0x024D,0x024D,0x024D,0x024C,0x024C,0x022C,0x024C,0x024C,0x024C,0x024C,0x024C,0x024C,0x024C,
0x024C,0x024C,0x024C,0x022C,0x022C,0x020C,0x022C,0x022C,0x022C,0x022C,0x024C,0x024D,0x024D,0x0A4D,0x024C,0x024C,
0x024C,0x026D,0x028E,0x02AE,0x02AE,0x02CE,0x02CF,0x02CF,0x02CF,0x02EF,0x02CF,0x02CF,0x02CF,0x02CF,0x02CF,0x02EF,
0x0310,0x0310,0x0310,0x0310,0x0310,0x0310,0x0310,0x0330,0x0351,0x0352,0x0352,0x0351,0x0351,0x0B51,0x0B72,0x0B72,
0x0372,0x0352,0x0331,0x0331,0x0331,0x02EF,0x02AE,0x026D,0x0A6D,0x0A6D,0x0A6D,0x128D,0x128D,0x1AAD,0x2AAC,0x2AAC,
0x32AC,0x32AC,0x32AC,0x2AAC,0x2A8C,0x2A8C,0x2A6C,0x2A6B,0x224B,0x224B,0x1A2B,0x122B,0x0A0B,0x0A0B,0x09EA,0x09EA,
0x09EA,0x09EA,0x120A,0x222A,0x2A2A,0x3249,0x3A69,0x3A49,0x3248,0x3A49,0x3A69,0x3A69,0x4289,0x3A69,0x3A69,0x3269,
0x2A6A,0x326B,0x2A6B,0x326A,0x326A,0x2A6A,0x326A,0x326A,0x2A4A,0x2A49,0x3A69,0x328A,0x326B,0x2A6A,0x2A4A,0x2A4A,
0x2A4A,0x224A,0x2A6A,0x2A6A,0x2A4A,0x2A49,0x2A4A,0x2A4A,0x2A4A,0x3A8A,0x3A8A,0x326A,0x2A4A,0x2A4A,0x3249,0x4269,
0x4289,0x3228,0x3229,0x2209,0x2229,0x2A08,0x2A08,0x2A08,0x3249,0x3228,0x2A28,0x29E8,0x29E8,0x29E8,0x2A09,0x2A49,
0x3249,0x3A4A,0x5B2C,0x5B2B,0x634B,0x52EB,0x3269,0x3269,0x4289,0x5B2B,0x5B4B,0x52CA,0x844F,0x63AC,0x5B6C,0x530B,
0x42CB,0x42AA,0x4ACA,0x42AA,0x42AA,0x3AAB,0x3ACB,0x42CA,0x4AAA,0x4ACA,0x4ACA,0x4ACA,0x4ACB,0x4AEC,0x4AEC,0x4AEC,
0x52EA,0x52EA,0x5AC9,0x62C8,0x6AC7,0x6AC7,0x72C7,0x72C7,0x72A5,0x7AA5,0x82A4,0x82A4,0x7AA4,0x72A4,0x72A4,0x7AA4,
0x7AA4,0x82C4,0x82A3,0x82C4,0x82C4,0x82C4,0x8AE3,0x92E3,0x9303,0x9B23,0x9B21,0x9B01,0x9B00,0x9B00,0xA320,0xA320,
0xA320,0xA320,0xA300,0xA320,0x9B00,0xA300,0xA300,0xA300,0xA320,0xA321,0x9B43,0xA3A7,0xA409,0xA44B,0xAC8D,0xB4AD,
0xACAD,0xACAD,0xAC8C,0xB4AC,0xB4AC,0xB4CD,0xB4CD,0xB4CC,0xBCCC,0xB4AB,0xB4AB,0xBC8B,0xBCAB,0xBCAB,0xBC8A,0xBC88,
0xC4A7,0xCCE8,0xC488,0xC489,0xC488,0xBC65,0xC443,0xBC02,0xBBA1,0xB380,0xB3A0,0xB3A1,0xABA1,0xB3E2,0xB3C5,0xABA6,
0xABA4,0xAB82,0xAB61,0xAB60,0xB360,0xB360,0xAB80,0xB380,0xB380,0xB3A0,0xBBC1,0xBBC1,0xB3E2,0xBC05,0xBC06,0xBC47,
0xBC69,0xBC8A,0xBCA9,0xBCAA,0xBCAA,0xBCAB,0xBCCB,0xC4CB,0xC4CB,0xC4CB,0xBCCB,0xBCAB,0xBCAB,0xBCAB,0xBCAB,0xBCAA,
0x09C9,0x01CA,0x01CA,0x01CA,0x01A9,0x01A9,0x01CA,0x01EA,0x020B,0x020B,0x022C,0x022C,0x0A2C,0x022C,0x024C,0x022C,
0x024C,0x024C,0x024C,0x024D,0x024D,0x024D,0x024C,0x022C,0x024C,0x024C,0x024C,0x024C,0x024C,0x024C,0x024C,0x024C,
0x024C,0x0A4C,0x024D,0x024C,0x024C,0x020C,0x020B,0x020B,0x022C,0x022C,0x022C,0x022C,0x024C,0x022C,0x024C,0x024C,
0x024C,0x026D,0x026D,0x026E,0x028E,0x028E,0x02AE,0x02CF,0x02CF,0x02CF,0x02CF,0x02CE,0x02AE,0x02AE,0x02AE,0x02AF,
0x02CF,0x02F0,0x0AF0,0x0AF0,0x0AF0,0x0AF0,0x0B10,0x0B11,0x0351,0x0B51,0x0B31,0x0B51,0x0B31,0x0B51,0x0B51,0x0B72,
0x0352,0x0351,0x0351,0x0331,0x0331,0x030F,0x02CF,0x0AAE,0x0A6E,0x0A8D,0x0A8D,0x128D,0x128D,0x128D,0x22AC,0x2AAC,
0x2AAD,0x2AAC,0x2AAD,0x2AAC,0x228C,0x228C,0x226C,0x226B,0x226B,0x226B,0x1A2B,0x122B,0x120B,0x0A0B,0x020A,0x01EA,
0x0A0A,0x1A4A,0x1A0A,0x2209,0x2A2A,0x2A29,0x2A49,0x2A4A,0x324A,0x3A6A,0x324A,0x324A,0x3A8A,0x4269,0x3A69,0x3A6A,
0x326A,0x326B,0x2A6B,0x2A6B,0x326A,0x326A,0x328A,0x328B,0x2A4A,0x2A4A,0x326A,0x328A,0x326A,0x326B,0x326B,0x326B,
0x328B,0x2A6A,0x2A6A,0x2A6B,0x326A,0x42AB,0x3A6A,0x326A,0x326A,0x328A,0x326A,0x2A4A,0x2A4B,0x2A4A,0x3269,0x42A9,
0x3A49,0x3249,0x2A29,0x2A29,0x2A29,0x2A09,0x29E8,0x2A08,0x2A08,0x2A29,0x2A28,0x29E8,0x2A09,0x2A29,0x2A4A,0x2A4A,
0x2A4A,0x324A,0x3A8B,0x3AAB,0x638D,0x530B,0x3269,0x3A8A,0x3229,0x29E7,0x21A6,0x3208,0x52EA,0x636B,0x638C,0x4ACA,
0x4ACA,0x42AB,0x42AB,0x3AAA,0x3AAA,0x3AAB,0x3AAB,0x42AB,0x42CA,0x4AAA,0x4ACA,0x4ACA,0x4ACB,0x4ACB,0x4AEC,0x4AEC,
0x4AEB,0x52EA,0x5AE9,0x62C8,0x6AC8,0x6AE8,0x72C7,0x72C6,0x72C6,0x72A5,0x7A84,0x7AA4,0x7AA4,0x72A4,0x72A5,0x7AA4,
0x7AA4,0x82C4,0x7AA4,0x82C4,0x82C4,0x82E4,0x8AE3,0x8B03,0x92E3,0x9302,0x9B01,0x9B01,0x9B01,0xA320,0xA320,0xAB41,
0xA340,0xA300,0xA300,0xA320,0xA320,0xA320,0x9B00,0x9B01,0x9B01,0x9B22,0x9B86,0xA3E9,0xA42B,0xAC8C,0xAC8D,0xACAD,
0xACAD,0xAC8D,0xACAD,0xACAC,0xACAC,0xB4AC,0xB4AD,0xB4AC,0xB4CB,0xB4AA,0xB48B,0xB48B,0xBC8B,0xBC8A,0xBC8A,0xBC88,
0xC4A7,0xCCC7,0xC4A8,0xC4AA,0xC4A8,0xC484,0xCC82,0xC422,0xB3C2,0xB381,0xAB81,0xB3A1,0xB3A2,0xB3C3,0xABA4,0xABA5,
0xABA4,0xAB82,0xAB61,0xAB60,0xAB60,0xAB60,0xAB60,0xB380,0xB380,0xB380,0xBBC2,0xBBC2,0xB3E3,0xBC05,0xBC27,0xBC48,
0xBC69,0xBC69,0xBC89,0xBCAA,0xBCAB,0xBCAB,0xBCCB,0xBCCB,0xBCCB,0xBCCB,0xBCAB,0xBCAA,0xBCAB,0xBCAB,0xBCAB,0xBCAA,
0x09EA,0x01EA,0x01EA,0x01C9,0x01CA,0x01CA,0x01CA,0x020B,0x020B,0x020B,0x022C,0x0A2C,0x022C,0x024C,0x022C,0x022C,
0x024C,0x024C,0x0A4C,0x024C,0x024C,0x024C,0x022C,0x0A2B,0x024B,0x024C,0x024C,0x024C,0x024C,0x024C,0x022C,0x022C,
0x024C,0x024C,0x0A4D,0x0A6D,0x0A4D,0x022C,0x020B,0x020B,0x022C,0x022C,0x022C,0x022C,0x022C,0x022C,0x024C,0x022C,
0x024C,0x024D,0x0A4D,0x0A4D,0x026D,0x026D,0x028E,0x02AE,0x02AE,0x02AF,0x02AE,0x02AE,0x028E,0x028E,0x028E,0x02AE,
0x02CF,0x02CF,0x0AF0,0x02D0,0x0AD0,0x0AF0,0x0AF0,0x0AF0,0x1331,0x1330,0x0B10,0x0B30,0x0B51,0x0B71,0x0B51,0x0B52,
0x0351,0x0351,0x0331,0x0331,0x0330,0x0310,0x02EF,0x02AE,0x0A8E,0x028E,0x0A8E,0x128D,0x128D,0x12AD,0x1AAD,0x22AD,
0x22AD,0x22AD,0x22AD,0x228C,0x228D,0x228C,0x1A8C,0x226C,0x1A6B,0x224B,0x1A4B,0x1A2B,0x122B,0x020B,0x0A0B,0x09EA,
0x0A0A,0x120A,0x122A,0x1A2A,0x222A,0x2A4A,0x222A,0x2A4A,0x326A,0x324A,0x324A,0x324A,0x3A6A,0x3A6A,0x3A6A,0x326A,
0x328A,0x326A,0x328B,0x2A6B,0x326B,0x328B,0x326A,0x328B,0x2A6B,0x326A,0x326A,0x328A,0x326A,0x326B,0x3A8B,0x3A8B,
0x328B,0x2A6B,0x2A8B,0x328B,0x328B,0x42CA,0x3A8A,0x328B,0x326B,0x2A6A,0x2A6A,0x2A4A,0x2A4A,0x2A4A,0x326A,0x3269,
0x3269,0x3249,0x3249,0x2A29,0x2A29,0x2A09,0x2A08,0x2A08,0x2A29,0x2A29,0x2A09,0x2A09,0x2A09,0x2A29,0x2A4A,0x2A6A,
0x326A,0x324A,0x32AB,0x32AC,0x532C,0x4ACB,0x328A,0x3AAB,0x3A8B,0x326A,0x2A29,0x2A09,0x2A08,0x3228,0x42AA,0x530C,
0x5B4C,0x3A8A,0x3AAB,0x3AAA,0x3AAB,0x3AAB,0x3A8B,0x3AAB,0x42AB,0x42CA,0x42CA,0x42CA,0x42CB,0x4ACB,0x4ACC,0x4ACB,
0x4AEB,0x52EA,0x5AEA,0x62E9,0x62E8,0x6AE8,0x6AC7,0x72C6,0x72C5,0x6AA6,0x7285,0x7A84,0x7AA4,0x7284,0x72A4,0x7AA4,
0x7AA4,0x7AA4,0x7AA4,0x7AC4,0x7AC4,0x82E4,0x8AE3,0x8AE3,0x8AE3,0x92E2,0x92E1,0x9B01,0x9B01,0x9B21,0xA320,0xA320,
0xA320,0xA320,0xA320,0xA300,0x9B20,0x9B20,0x9B21,0x9B23,0xA365,0xA3A6,0x9BA7,0x9BEA,0xA44C,0xAC6C,0xAC8D,0xACAD,
0xAC8D,0xAC8C,0xAC8C,0xAC8C,0xAC8C,0xAC8C,0xB4AB,0xB4AC,0xB4AB,0xB48B,0xB46B,0xB46B,0xBC8A,0xBC8A,0xBC8A,0xBC89,
0xC488,0xC4A7,0xC4A8,0xC4A9,0xC4A8,0xCCA4,0xD4A1,0xCC61,0xB3A2,0xABA2,0xABA2,0xABA2,0xABA2,0xABA3,0xABA4,0xABC5,
0xABC5,0xAB83,0xAB82,0xAB60,0xAB40,0xAB60,0xAB60,0xAB60,0xB380,0xB380,0xBBA2,0xBBC2,0xB3E3,0xB406,0xBC27,0xBC48,
0xBC69,0xBC89,0xBC89,0xBCAA,0xBCAB,0xBCAB,0xBCAB,0xBCAB,0xBCCB,0xBCAB,0xBCAB,0xBCAA,0xBCAB,0xBCAB,0xBCAB,0xBCAA,
0x09EA,0x09EB,0x01EA,0x01CA,0x01CA,0x01CA,0x01EA,0x020B,0x020B,0x020B,0x022C,0x022C,0x022B,0x024C,0x022C,0x022C,
0x024C,0x024C,0x024C,0x024C,0x024C,0x0A4C,0x0A2C,0x0A4C,0x0A4C,0x024C,0x024C,0x024C,0x022C,0x022C,0x022C,0x020C,
0x022C,0x022C,0x024C,0x0A4C,0x0A6D,0x024C,0x022B,0x020B,0x022C,0x0A2C,0x022C,0x022C,0x022C,0x022C,0x022C,0x024C,
0x024C,0x0A4C,0x024D,0x024D,0x0A6D,0x0A6D,0x0A6D,0x028D,0x028E,0x028E,0x02AE,0x02AE,0x028E,0x028D,0x028E,0x028E,
0x02AE,0x02AF,0x0ACF,0x02CF,0x02CF,0x02CF,0x0AAF,0x0AD0,0x1330,0x0B10,0x1330,0x1350,0x0B51,0x0B51,0x0B71,0x1351,
0x0B51,0x0B51,0x0331,0x0331,0x0330,0x0310,0x0AEF,0x0AEF,0x02AE,0x0A8E,0x0A8D,0x12AE,0x0AAD,0x0AAD,0x12AD,0x1AAD,
0x1AAD,0x1A8D,0x1A8D,0x1A8C,0x1A8C,0x1A8D,0x1A8C,0x1A8C,0x1A6C,0x1A6B,0x1A4C,0x1A4B,0x122B,0x0A0B,0x020B,0x0A0B,
0x0A0B,0x0A2B,0x0A2B,0x122B,0x1A2B,0x1A4B,0x224A,0x226A,0x326A,0x326A,0x326A,0x326B,0x2A8B,0x326B,0x328B,0x328B,
0x328A,0x3AAB,0x328B,0x328B,0x32AC,0x328B,0x328B,0x328B,0x2A8B,0x2A8B,0x2A8A,0x328A,0x328A,0x328B,0x3AAB,0x3AAB,
0x3A8B,0x2A8B,0x328B,0x32AB,0x32AB,0x3AAB,0x3AAB,0x328B,0x3A8A,0x328B,0x2A6A,0x2A6A,0x2A4A,0x2A6B,0x326A,0x326A,
0x326A,0x326A,0x2A29,0x2A29,0x2A29,0x2A09,0x2A29,0x2A29,0x2A29,0x2A29,0x2A09,0x324A,0x3249,0x326A,0x324A,0x328A,
0x32AB,0x328B,0x328B,0x328B,0x3ACB,0x32AB,0x32AB,0x328A,0x3AAB,0x328A,0x3ACB,0x32CB,0x432C,0x2A29,0x1967,0x2187,
0x4ACC,0x328A,0x3A8A,0x3AAA,0x3AAA,0x3AAB,0x3AAB,0x3AAB,0x3AAB,0x42AA,0x42CA,0x42CA,0x42CB,0x42CB,0x42CB,0x42CB,
0x4AEA,0x52EA,0x52EA,0x5AE9,0x5AE9,0x6AE8,0x6AC6,0x72C6,0x6AA5,0x6AA5,0x7285,0x7284,0x7AA4,0x7AA4,0x7AA4,0x7AA4,
0x7AA4,0x7AA4,0x7AA4,0x7AC4,0x7AC4,0x82C4,0x8AE3,0x8B04,0x8AE4,0x92E3,0x92E2,0x9B02,0x9B01,0x9B00,0x9B20,0xA320,
0xA320,0xA320,0xA300,0xA320,0xA341,0xA343,0x9B24,0x9B66,0x9B67,0x9346,0x9388,0x9C0A,0xA42B,0xA46C,0xAC8D,0xAC8D,
0xA46C,0xA46C,0xA46C,0xAC6C,0xAC6C,0xAC8C,0xB4EC,0xB4AC,0xB48C,0xB46B,0xAC6B,0xB46A,0xB48A,0xBC6A,0xB489,0xBC89,
0xBC89,0xBC88,0xBC68,0xBC88,0xC4A8,0xCCA5,0xD4C2,0xD4A1,0xBC02,0xB3C3,0xABA3,0xAB82,0xAB82,0xAB62,0xABA4,0xABC5,
0xABC6,0xAB84,0xAB83,0xAB62,0xAB63,0xAB62,0xAB81,0xB380,0xB360,0xB380,0xBBC1,0xBBC2,0xBBE3,0xBC06,0xB407,0xBC48,
0xBC69,0xBC8A,0xBCAA,0xBCAA,0xBCAA,0xBCAA,0xBCAB,0xBCAB,0xBCCB,0xBCCB,0xBCAB,0xBCAA,0xBCAB,0xBCAB,0xBCCB,0xB4AB,
0x01EA,0x01EA,0x01EA,0x01CA,0x01EA,0x01CA,0x01EA,0x01EA,0x020B,0x0A0B,0x022C,0x022C,0x022C,0x022C,0x022C,0x022C,
0x022C,0x022C,0x024C,0x022C,0x024C,0x022C,0x0A4C,0x022C,0x022C,0x022C,0x022C,0x022C,0x022C,0x022C,0x020B,0x022C,
0x022C,0x022C,0x022C,0x022C,0x0A4C,0x022C,0x022C,0x020B,0x020B,0x022C,0x0A4C,0x022C,0x024C,0x024C,0x022C,0x022C,
0x024C,0x024C,0x024C,0x022C,0x0A6D,0x0A6C,0x0A6D,0x0A6D,0x0A6D,0x02AD,0x028E,0x028E,0x026E,0x026D,0x0A6E,0x0A8D,
0x0A8E,0x0AAE,0x0AAE,0x02AE,0x02CF,0x0ACF,0x0AAF,0x0AAF,0x0AD0,0x0310,0x0310,0x0B30,0x0B31,0x0331,0x1351,0x1350,
0x0B71,0x0351,0x0B31,0x0B30,0x0B10,0x0B10,0x1B10,0x12EF,0x02CE,0x0A8E,0x12CE,0x128D,0x0AAE,0x0AAD,0x0AAD,0x12AD,
0x12AD,0x12AD,0x12AD,0x12AD,0x1A8D,0x1A8D,0x1A8D,0x1A6C,0x126C,0x126C,0x124B,0x124C,0x122B,0x0A2C,0x0A2C,0x0A2C,
0x0A2C,0x0A2B,0x0A0B,0x122B,0x1A4B,0x1A4B,0x224A,0x2A6B,0x326B,0x326A,0x3A8A,0x3A8B,0x326B,0x2A8C,0x32AC,0x32AB,
0x32AB,0x32AB,0x32AB,0x32AB,0x32AB,0x328B,0x328B,0x328B,0x3ACB,0x32AB,0x328A,0x328B,0x328B,0x326A,0x3AAB,0x3AAB,
0x3AAB,0x32AB,0x32AB,0x328B,0x42CB,0x42CC,0x4AEB,0x42CB,0x42AB,0x3A8B,0x326B,0x326B,0x326B,0x326A,0x328A,0x3A8A,
0x3A6A,0x326A,0x324A,0x2A2A,0x2A2A,0x2A2A,0x2A2A,0x324A,0x324A,0x2A29,0x3229,0x3249,0x3269,0x3A8A,0x3A8B,0x42EC,
0x42EC,0x3ACC,0x32AB,0x3AAB,0x430C,0x3ACC,0x3AAB,0x32AB,0x3ACB,0x3AA9,0x3ACB,0x42EC,0x42EC,0x42EB,0x21E8,0x11A8,
0x1188,0x2A2A,0x328A,0x42EA,0x3ACB,0x328B,0x3AAB,0x3AAB,0x3AAB,0x42CA,0x42CA,0x42CB,0x42CB,0x42CB,0x42CB,0x42CB,
0x4ACA,0x52EA,0x52C9,0x52CA,0x52C9,0x62C8,0x72C6,0x72A5,0x72A5,0x6AA5,0x6AA5,0x72A5,0x7AA4,0x7AA4,0x7AA4,0x82C3,
0x82C3,0x82C3,0x82C4,0x82C4,0x82C4,0x82C3,0x8AE3,0x8B03,0x9303,0x92E3,0x92E2,0x9B01,0x9300,0x9B00,0x9B01,0x9B00,
0xA320,0xA320,0x9B00,0xA321,0x9B22,0x9B23,0x9B46,0x9367,0x9366,0x8B06,0x9388,0x9BEA,0x9C2C,0xA46C,0xA46C,0xA46C,
0xA44C,0xA44C,0xAC4C,0xAC6C,0xAC6C,0xAC8C,0xAC8C,0xB4AC,0xAC8C,0xAC8B,0xAC6B,0xAC6A,0xB46A,0xBC6A,0xBC89,0xBCA9,
0xBC89,0xBC69,0xBC89,0xBCA9,0xBCA8,0xC486,0xCCA4,0xD481,0xCC41,0xBC01,0xB3C3,0xB384,0xAB83,0xAB83,0xABC6,0xABC7,
0xABE8,0xABC6,0xAB84,0xAB84,0xAB86,0xAB85,0xAB82,0xB381,0xB360,0xB380,0xBBC0,0xC3C1,0xBBE2,0xB405,0xB406,0xB448,
0xB469,0xBC8A,0xBC8B,0xBCAA,0xBCAA,0xBCCB,0xBCCB,0xBCCB,0xBCCB,0xBCCB,0xBCAB,0xBCAB,0xB4AB,0xB4AB,0xBCAB,0xBCAB,
0x0A0B,0x0A0A,0x01EA,0x01EA,0x01EA,0x01EA,0x01EA,0x01EA,0x020B,0x020B,0x022C,0x022C,0x022C,0x022C,0x022C,0x022C,
0x022C,0x022C,0x022C,0x022C,0x024C,0x022C,0x022C,0x022C,0x022C,0x022C,0x022C,0x022C,0x022C,0x022C,0x022C,0x022C,
0x022C,0x022C,0x022C,0x022C,0x022C,0x020B,0x022C,0x022C,0x020C,0x020B,0x022C,0x022C,0x022C,0x024C,0x024C,0x024C,
0x022C,0x024C,0x024C,0x0A4C,0x0A6C,0x128C,0x0A6D,0x0A6D,0x0A6D,0x028D,0x028E,0x028E,0x026E,0x0A6D,0x0A6D,0x026D,
0x028D,0x0A8E,0x0AAE,0x0AAE,0x02AF,0x02AF,0x02AF,0x02AF,0x02D0,0x0B10,0x0310,0x0310,0x0B30,0x0B31,0x0B31,0x0B30,
0x0351,0x0331,0x0330,0x0B30,0x0B10,0x0B10,0x12EF,0x130F,0x02CE,0x0A8D,0x12AD,0x128D,0x0AAD,0x0AAD,0x0AAD,0x12AE,
0x12AD,0x12AD,0x12AD,0x12AD,0x1A8D,0x1A8D,0x1A8D,0x126D,0x126C,0x124C,0x124C,0x124C,0x124C,0x0A2C,0x0A2C,0x0A2C,
0x0A2C,0x0A2B,0x0A2B,0x124B,0x124B,0x1A4B,0x224B,0x2A6B,0x326B,0x326B,0x328A,0x3AAB,0x328C,0x2AAC,0x32AC,0x32CB,
0x3ACB,0x3AAB,0x3ACB,0x32AB,0x2AAB,0x32AC,0x32AB,0x3AAB,0x3AAB,0x3AAB,0x3AAB,0x328B,0x328B,0x328B,0x3AAB,0x3AAB,
0x3A8B,0x3AAC,0x3AAC,0x3AAB,0x4ACB,0x4AEC,0x530C,0x52EB,0x4AEB,0x42AB,0x3A8B,0x328B,0x32AB,0x328B,0x328A,0x3A8A,
0x3A8A,0x326A,0x324A,0x2A29,0x2A2A,0x2A2A,0x322A,0x324A,0x324A,0x2A4A,0x2A29,0x3249,0x326A,0x3ACA,0x42EB,0x3ACB,
0x3AAB,0x3ACC,0x3ACB,0x3ACB,0x42EC,0x3ACC,0x3AAB,0x32AB,0x3AAB,0x42AA,0x32AA,0x3ACC,0x3AAB,0x63EE,0x21E8,0x19C8,
0x1168,0x1988,0x326A,0x3AAA,0x3AAA,0x328B,0x32AB,0x3AAB,0x3AAB,0x42CB,0x42CB,0x42CB,0x42CB,0x42CB,0x42CB,0x42CB,
0x4ACA,0x4ACA,0x4AC9,0x4AAA,0x52C9,0x5AA8,0x6AC7,0x72A6,0x6AA5,0x6AA5,0x6AA5,0x72A4,0x7AA4,0x82A3,0x82C3,0x8AE3,
0x8AE2,0x8AE3,0x82C3,0x82C3,0x82C4,0x82C3,0x8AE3,0x9303,0x9303,0x9B23,0x9302,0x9B02,0x9B21,0x9B00,0x9B00,0x9B00,
0x9B00,0x9B20,0x9B00,0xA300,0x9B01,0x9B03,0x9B46,0x9B87,0x9347,0x8B06,0x9BA9,0x9C0B,0x9C2C,0xA44C,0xA46C,0xA44C,
0xA42B,0xA44C,0xA44C,0xAC4C,0xAC6C,0xAC6C,0xB4AD,0xB4AC,0xB4AC,0xAC8B,0xAC6B,0xAC6A,0xB46A,0xBC6A,0xBC89,0xC4A9,
0xBCA9,0xBC69,0xBC6A,0xBC8A,0xBC89,0xC4A8,0xCCC6,0xCC62,0xC441,0xBC01,0xB3E3,0xB3A5,0xB3A5,0xABA5,0xB3E8,0xAC09,
0xAC09,0xB408,0xABC6,0xABA5,0xABA5,0xA3A5,0xABA4,0xB381,0xB360,0xB380,0xBB80,0xBBA0,0xBBC1,0xB404,0xB405,0xBC47,
0xB469,0xBC8A,0xBCAB,0xBCAB,0xBCCB,0xBCCB,0xBCCB,0xBCCB,0xBCCB,0xBCCB,0xBCCB,0xBCAB,0xB4AC,0xB4AB,0xBCAB,0xBCAB,
0x0A0B,0x020B,0x020B,0x020B,0x01EB,0x01EA,0x01EA,0x020A,0x020B,0x020B,0x0A2C,0x022C,0x022C,0x022C,0x022C,0x022C,
0x022C,0x022C,0x0A2C,0x022C,0x022C,0x022C,0x024C,0x024C,0x022C,0x022C,0x022C,0x022C,0x022C,0x022C,0x022C,0x020B,
0x020B,0x020B,0x020B,0x022C,0x022C,0x022C,0x022C,0x022C,0x022C,0x022C,0x022C,0x022C,0x022C,0x0A4D,0x0A4D,0x0A2D,
0x0A4D,0x0A2D,0x0A2D,0x024D,0x124B,0x226B,0x124C,0x0A4D,0x0A6D,0x0A6D,0x026D,0x026D,0x026D,0x0A6D,0x0A6D,0x028D,
0x028E,0x0A8E,0x0A8E,0x028E,0x02AE,0x02CF,0x02CF,0x02CF,0x02EF,0x0310,0x02EF,0x02EF,0x0AF0,0x0B10,0x1331,0x1331,
0x0B51,0x0B51,0x0350,0x0330,0x0310,0x0B30,0x0B10,0x0B30,0x0ACE,0x128D,0x12AD,0x0AAE,0x0AAE,0x0AAD,0x0AAE,0x12AE,
0x12AE,0x12AD,0x12AD,0x12AD,0x12AD,0x1A8D,0x1A8D,0x128D,0x126C,0x126C,0x126C,0x126C,0x126C,0x0A4C,0x122C,0x0A4C,
0x0A4C,0x0A2C,0x124B,0x124B,0x124B,0x1A4B,0x226B,0x226B,0x2A6B,0x328B,0x328B,0x328B,0x32CC,0x32CC,0x32CC,0x3ACC,
0x42EC,0x42EB,0x42EC,0x32CC,0x32CC,0x32CC,0x32AC,0x42CC,0x42CC,0x3ACC,0x3ACC,0x32AB,0x32AB,0x3ACC,0x3ACC,0x3AAB,
0x3AAC,0x3ACC,0x42EC,0x4AEC,0x4AEB,0x530C,0x5B0B,0x52EB,0x530B,0x42CB,0x42CC,0x3AAB,0x328B,0x3AAB,0x3A8B,0x3A8B,
0x3A8A,0x3A6A,0x324A,0x3249,0x324A,0x322A,0x324A,0x324A,0x326A,0x326A,0x3249,0x326A,0x328A,0x328A,0x3AAB,0x3ACB,
0x3AAB,0x3ACB,0x3ACB,0x3ACB,0x42EC,0x3ACC,0x3ACC,0x3AAC,0x3ACB,0x5B8D,0x42EC,0x3AAC,0x328A,0x4B4C,0x328A,0x2209,
0x19C8,0x1988,0x21C8,0x326A,0x3A8B,0x328B,0x32AB,0x3AAB,0x3ACB,0x3ACB,0x42EB,0x42EB,0x42CB,0x42CB,0x42CC,0x42CB,
0x42AA,0x42AA,0x42CA,0x4AAA,0x52A9,0x5AA8,0x62A7,0x6AA6,0x6AA5,0x6AA5,0x6AA5,0x72A5,0x7AC4,0x8AC2,0x8AC2,0x92E1,
0x92E1,0x8AE2,0x8AE2,0x82C3,0x82A4,0x82C3,0x8AE3,0x8AE2,0x9322,0x9301,0x9B01,0x9B00,0x9300,0x9B00,0x9B20,0x9B00,
0x9B21,0xA301,0xA321,0xA321,0x9B00,0x9B22,0x9B25,0x9B67,0x9327,0x8B27,0x9BAA,0x9C0B,0x9C2C,0xA44C,0xA44C,0x9C2B,
0x9C2B,0xA42B,0xA42B,0xA44B,0xAC6C,0xAC6C,0xAC6B,0xAC8C,0xB48C,0xAC6B,0xB46B,0xAC6B,0xB46B,0xBC8A,0xC4AA,0xC4A9,
0xC469,0xBC69,0xB46A,0xB48A,0xB48A,0xBC69,0xC487,0xC465,0xC442,0xBC22,0xBC02,0xB404,0xB3E5,0xB3E6,0xAC08,0xAC2A,
0xAC4B,0xB44A,0xB44A,0xB429,0xABE8,0xABC7,0xABC7,0xBBC3,0xBBA1,0xB360,0xBBA0,0xBB80,0xB3A0,0xB3C1,0xB3E3,0xBC26,
0xB448,0xBC69,0xBC8B,0xBCCB,0xBCCB,0xBCCB,0xBCCB,0xBCCB,0xBCCB,0xBCCB,0xBCCB,0xBCCB,0xB4AC,0xB4AB,0xBCAB,0xBCAB,
0x020B,0x020B,0x020B,0x020B,0x01EB,0x01EA,0x01EA,0x020A,0x020B,0x020B,0x022C,0x022C,0x022C,0x022C,0x022C,0x022C,
0x022C,0x022C,0x0A2C,0x022C,0x022C,0x022C,0x024C,0x024C,0x022C,0x022C,0x022C,0x022C,0x022C,0x022C,0x020B,0x020B,
0x020B,0x020B,0x020B,0x020B,0x022C,0x022C,0x022C,0x022C,0x022C,0x022C,0x022C,0x022C,0x022C,0x0A4D,0x0A4D,0x0A4D,
0x0A4D,0x024D,0x024D,0x0A2C,0x226C,0x326C,0x1A2B,0x0A4D,0x026C,0x026D,0x026D,0x024D,0x026D,0x026D,0x028D,0x026E,
0x028E,0x0AAE,0x028E,0x02AE,0x02AF,0x02CF,0x02F0,0x0AF0,0x0AF0,0x0AF0,0x02CF,0x02CF,0x0AEF,0x0B10,0x1330,0x0B30,
0x0351,0x0B31,0x0B51,0x0B51,0x1351,0x0B10,0x1330,0x0B0F,0x12AE,0x22EE,0x1AED,0x0AEE,0x0ACE,0x0ACE,0x0ACE,0x12CE,
0x12AE,0x12AE,0x12AD,0x12AD,0x128D,0x12AD,0x128D,0x128D,0x128D,0x126D,0x126C,0x126C,0x0A6C,0x0A4C,0x124C,0x124C,
0x124C,0x124C,0x124C,0x124B,0x124B,0x126B,0x1A6B,0x226C,0x226C,0x2A8C,0x2A8C,0x2AAC,0x32CC,0x2ACC,0x32CC,0x3AEC,
0x42EC,0x42EC,0x42EC,0x3AEC,0x3ACC,0x3AEC,0x42EC,0x42EC,0x3ACC,0x3ACC,0x3ACC,0x3ACC,0x42EC,0x42EC,0x3AEC,0x3ACC,
0x42CC,0x42CC,0x42EC,0x4AEC,0x530B,0x530C,0x532C,0x4AEB,0x4AEB,0x4AEC,0x42EC,0x42CC,0x3ACC,0x3AAB,0x3AAB,0x3AAB,
0x3A8B,0x3A8A,0x3A6A,0x3A6A,0x3A8A,0x3A6A,0x3A6A,0x3A6A,0x3A8A,0x3A8A,0x328A,0x328A,0x3AAA,0x3A8B,0x3AAB,0x42CB,
0x42EC,0x42EC,0x430C,0x42EC,0x3AEC,0x3ACC,0x3AAC,0x328B,0x3ACC,0x7430,0x4B2D,0x32CC,0x328A,0x328B,0x4B2D,0x3249,
0x3AAB,0x2A49,0x1187,0x1988,0x42CC,0x3AAB,0x32AB,0x3AAB,0x3ACB,0x3ACB,0x3ACA,0x42CA,0x4AEB,0x42CB,0x3AAB,0x3ACB,
0x3AAA,0x428A,0x42A9,0x4AA9,0x52A9,0x5AA8,0x62A7,0x62A7,0x6A86,0x6A85,0x6AA5,0x7284,0x7AA4,0x82A2,0x8AC2,0x92C1,
0x92C1,0x92E2,0x8AC2,0x8AC2,0x82C3,0x8AC3,0x8AC3,0x9302,0x9B02,0x9B01,0x92C0,0x9B00,0x9B00,0x9B00,0x9B20,0x9B00,
0x9B00,0x9B01,0xA301,0x9B01,0x9B01,0xA342,0x9325,0x9326,0x9327,0x8B07,0x9BAA,0x9BEB,0x9C0C,0x9C2B,0x9C2B,0x9C2B,
0x9C2B,0x9C2B,0xA42B,0xA44B,0xAC4C,0xAC6C,0xAC6C,0xAC6C,0xAC6C,0xAC6C,0xAC6C,0xAC6B,0xAC6B,0xB46B,0xBC6A,0xC489,
0xBC69,0xB469,0xB46A,0xB46A,0xB48A,0xB449,0xB449,0xBC47,0xBC25,0xBC24,0xBC23,0xBC03,0xB403,0xB404,0xB428,0xB44A,
0xB46A,0xAC6A,0xAC4B,0xB46B,0xAC4A,0xAC2A,0xB408,0xC444,0xC442,0xB3A1,0xB380,0xB380,0xB3A0,0xB3C1,0xBBE2,0xBC05,
0xB448,0xBC69,0xBC8A,0xBCAB,0xB4CB,0xBCCB,0xBCCB,0xBCCB,0xBCAB,0xBCAB,0xBCAB,0xBCAB,0xB4AC,0xB4AB,0xBCAB,0xBCAB,
0x022B,0x020B,0x020B,0x020B,0x020B,0x01EA,0x01EA,0x020A,0x020B,0x020B,0x022C,0x022C,0x022C,0x022C,0x022C,0x022C,
0x022C,0x022C,0x022C,0x022C,0x022C,0x022C,0x022C,0x022C,0x022C,0x022C,0x022C,0x022C,0x024C,0x022C,0x020B,0x020B,
0x020B,0x020B,0x020B,0x020B,0x022C,0x022C,0x022C,0x022C,0x022C,0x022C,0x022C,0x022C,0x022C,0x024D,0x024D,0x024D,
0x0A4D,0x022D,0x024D,0x0A2D,0x1A4C,0x1A4B,0x0A2B,0x0A4C,0x0A4C,0x026C,0x026D,0x024D,0x026D,0x026D,0x026D,0x028D,
0x02AE,0x02AE,0x02AF,0x02CF,0x02EF,0x02F0,0x0AF0,0x0B10,0x0B10,0x0AF0,0x02CF,0x02CF,0x0AEF,0x1310,0x1B30,0x0B30,
0x0331,0x0B31,0x0B30,0x1350,0x1350,0x0B50,0x1350,0x0B30,0x12AF,0x1AAF,0x0ACE,0x0AEF,0x0ACF,0x0ACE,0x0ACE,0x12CE,
0x12AE,0x12AE,0x12AE,0x12AD,0x128D,0x12AD,0x128D,0x128D,0x128D,0x0A6D,0x126D,0x126D,0x0A6C,0x126C,0x126C,0x126C,
0x124C,0x124C,0x124C,0x124C,0x124C,0x126C,0x1A6C,0x1A6C,0x1A6B,0x228C,0x228C,0x2AAC,0x2ACC,0x2ACC,0x32CC,0x3AEC,
0x3AEC,0x430C,0x42EC,0x3AEC,0x42EC,0x430C,0x42EC,0x42EC,0x3AEC,0x3ACC,0x3ACC,0x42EC,0x42EC,0x42EC,0x42EC,0x42CC,
0x430C,0x4AEC,0x4B0C,0x4B0C,0x530C,0x532C,0x532C,0x4B0C,0x4B0C,0x4B0C,0x4B0C,0x42EC,0x42CC,0x3AAB,0x3AAB,0x42AB,
0x3A8B,0x3AAB,0x3A8A,0x42AB,0x42CB,0x42AB,0x42AA,0x428A,0x42AA,0x42CA,0x3A8A,0x3289,0x42CB,0x3AAB,0x3A8B,0x42EC,
0x532D,0x42EC,0x42EC,0x42EC,0x3ACC,0x3ACC,0x328B,0x328B,0x3AAB,0x63AE,0x42EC,0x3ACC,0x2A6B,0x2A8B,0x4B2D,0x4AEC,
0x3AAA,0x3ACB,0x19A8,0x1146,0x326B,0x3AAB,0x32CB,0x3ACB,0x3ACB,0x3ACA,0x4B0B,0x4B2B,0x532B,0x4AEC,0x3AAB,0x3AAB,
0x3AAA,0x3A8A,0x4289,0x4A89,0x5288,0x5A88,0x62A7,0x62A7,0x6AA6,0x6A85,0x72A5,0x72A5,0x7A84,0x82A3,0x8AA2,0x8AC1,
0x92C1,0x92C2,0x8AC2,0x8AC2,0x82C2,0x8AC3,0x8AC2,0x92E2,0x9B01,0x9B01,0xA362,0x9B20,0x9B00,0x9B00,0x9B01,0x9B00,
0x9B01,0xA301,0xA301,0x9AE0,0x9AE0,0x9B22,0x9324,0x9326,0x8B26,0x8B27,0x9389,0x9BEB,0x9C0B,0x9C2B,0x9C2B,0x9C2B,
0x9C2B,0x9C2B,0xA42B,0xA44B,0xAC4C,0xAC4C,0xAC6C,0xAC6C,0xAC8C,0xAC6B,0xAC6B,0xAC6B,0xAC4A,0xB46B,0xB46A,0xB469,
0xB449,0xB469,0xB46A,0xB469,0xB46A,0xB44A,0xB429,0xB408,0xB426,0xBC25,0xBC04,0xBC04,0xB403,0xB424,0xB428,0xB44A,
0xB46A,0xAC6A,0xAC6A,0xB46B,0xAC6A,0xAC4A,0xB429,0xBC44,0xC462,0xBBE3,0xAB60,0xB380,0xB3A0,0xBBC0,0xB3C1,0xBC04,
0xB428,0xB469,0xBC6A,0xBCAB,0xB4CB,0xBCCB,0xBCAB,0xBCAB,0xBCAB,0xBCAB,0xBCAB,0xBCAB,0xB4AC,0xB4AB,0xBCAB,0xB4AB,
0x022C,0x020B,0x020B,0x020B,0x020B,0x01EA,0x020A,0x020A,0x020B,0x022B,0x022C,0x022C,0x022C,0x022C,0x022C,0x022C,
0x022C,0x022C,0x022C,0x022C,0x022C,0x022C,0x0A4C,0x0A4C,0x022C,0x022C,0x022C,0x022C,0x022C,0x022C,0x022C,0x020B,
0x020B,0x020B,0x020B,0x020B,0x020B,0x022C,0x022C,0x022C,0x022C,0x022C,0x022C,0x022C,0x022C,0x024D,0x024D,0x026D,
0x0A6D,0x0A6D,0x0A6D,0x024D,0x024B,0x0A2C,0x0A4C,0x0A4C,0x0A2C,0x0A4C,0x024C,0x024D,0x026D,0x024E,0x026E,0x028E,
0x02AF,0x0ACF,0x0AD0,0x0B10,0x0331,0x0331,0x0331,0x0351,0x0351,0x0B11,0x0AD0,0x0AD0,0x12EF,0x1B0F,0x232F,0x132F,
0x0B30,0x0B30,0x1350,0x1350,0x1371,0x1371,0x1350,0x0B0F,0x0AD0,0x0AD0,0x02EF,0x0AEF,0x0ACF,0x0AEF,0x0ACE,0x12CE,
0x12CE,0x12CE,0x12CE,0x12AE,0x12AE,0x12AE,0x12AE,0x128D,0x128D,0x0A8D,0x0A6D,0x0A6D,0x0A6C,0x0A4C,0x126C,0x126C,
0x124B,0x124C,0x124C,0x126C,0x126C,0x126C,0x1A6C,0x1A6C,0x1A6C,0x228C,0x228C,0x22AC,0x2ACD,0x32ED,0x32ED,0x3AED,
0x32ED,0x3AED,0x42EC,0x4B0C,0x4B2C,0x430C,0x42EC,0x430C,0x430C,0x4B0C,0x530C,0x530C,0x4B0C,0x4B0C,0x4B0D,0x4B0D,
0x4B0C,0x530C,0x530C,0x530C,0x532C,0x5B2C,0x532C,0x532C,0x532C,0x4B2C,0x430C,0x430C,0x42EC,0x42CC,0x42CB,0x42CB,
0x42CB,0x42CB,0x42CB,0x4ACB,0x4ACB,0x4ACB,0x42AA,0x42CA,0x42AB,0x42AB,0x3AAB,0x32AA,0x328A,0x3AAB,0x3AAB,0x3ACB,
0x42EC,0x42EB,0x3AEC,0x432D,0x3AEC,0x3ACC,0x3AAC,0x326B,0x328A,0x532C,0x4B0C,0x328B,0x328B,0x2A6A,0x430C,0x534D,
0x532C,0x430C,0x42CC,0x324A,0x324A,0x2A49,0x32AB,0x3ACB,0x42CC,0x4B2C,0x63AD,0x6BCD,0x63AD,0x4B2C,0x3ACB,0x32AB,
0x32AB,0x328A,0x3A8A,0x4289,0x4A89,0x5288,0x5A88,0x5A87,0x6A86,0x6A85,0x6A85,0x72A5,0x7284,0x7284,0x7A83,0x82A2,
0x8AA2,0x8AA2,0x8AC2,0x8AC2,0x8AE2,0x8AC2,0x92E2,0x92C2,0x92E1,0x92E0,0x9B21,0x9B41,0x9B22,0x9B22,0x9B01,0x9B00,
0x9B01,0x9B00,0xA321,0xA342,0x9B01,0x9302,0x9324,0x9325,0x8B05,0x8B05,0x93A9,0x9BEB,0x93EB,0x9C0B,0x9C0B,0x9C2B,
0x9C2B,0xA42C,0xA42B,0xA44B,0xA44C,0xAC4C,0xAC4C,0xAC6C,0xAC6C,0xAC6B,0xAC6B,0xAC6B,0xAC4A,0xAC6A,0xB46B,0xAC6B,
0xAC6A,0xAC6A,0xAC4A,0xAC4A,0xAC49,0xB449,0xAC29,0xAC09,0xABE7,0xB3E6,0xB3E5,0xBC06,0xB405,0xB405,0xB427,0xAC29,
0xAC49,0xAC4A,0xAC4A,0xAC6B,0xAC6B,0xAC6C,0xB46A,0xC485,0xC484,0xB3E5,0xABA2,0xB380,0xB380,0xB3A0,0xB3C0,0xB3E4,
0xB408,0xB448,0xB469,0xBC8B,0xB4AA,0xBCAA,0xBCAB,0xBCAB,0xBCAB,0xB48A,0xBCAB,0xB4AB,0xB4AB,0xB4AB,0xB4AB,0xB4AA,
0x022C,0x022B,0x022C,0x020B,0x022B,0x020B,0x020B,0x020B,0x020B,0x022B,0x022C,0x022C,0x022C,0x022C,0x022C,0x022C,
0x022C,0x022C,0x022C,0x022C,0x022C,0x022C,0x022C,0x0A4C,0x022C,0x022C,0x022C,0x022C,0x022C,0x020C,0x020C,0x022C,
0x020C,0x020B,0x020C,0x020C,0x020C,0x020C,0x022C,0x024D,0x026D,0x026D,0x022D,0x026D,0x0AAE,0x02AF,0x026E,0x026E,
0x028E,0x02AE,0x0AAE,0x0A6D,0x024D,0x0A2C,0x0A4C,0x0A4C,0x0A4C,0x026C,0x024C,0x026C,0x026D,0x0A6E,0x026E,0x02AE,
0x02CF,0x0AF0,0x1331,0x0B31,0x0351,0x0371,0x0372,0x0372,0x0B71,0x0B31,0x0AF0,0x02EF,0x0AEF,0x1AEE,0x434E,0x1B0F,
0x1350,0x1350,0x1350,0x1350,0x1372,0x1B91,0x1B71,0x1330,0x0AF0,0x0AF0,0x0ACF,0x0AF0,0x0AF0,0x12EF,0x12AE,0x12CE,
0x12CE,0x12EE,0x12EE,0x12CE,0x12AD,0x12AD,0x12AE,0x12AD,0x128E,0x128D,0x0A6D,0x0A6D,0x0A6D,0x0A6C,0x126C,0x126C,
0x126C,0x124C,0x1A6C,0x1A6C,0x126C,0x126C,0x126C,0x1A6C,0x1A8C,0x1A8C,0x228C,0x22AD,0x2ACD,0x32EC,0x32ED,0x32ED,
0x2ACD,0x32ED,0x3AED,0x430D,0x4B0C,0x430D,0x430D,0x430D,0x4B0C,0x5B2C,0x5B2B,0x532C,0x4B0C,0x430C,0x4B0D,0x4B0D,
0x532D,0x532C,0x532B,0x5B2C,0x5B4C,0x5B4C,0x5B2C,0x532C,0x532C,0x532C,0x4B2C,0x4B0C,0x42EC,0x42EC,0x42EB,0x4AEC,
0x42CB,0x4AEB,0x4ACB,0x4AEB,0x4ACA,0x4AEB,0x4ACB,0x42CB,0x42AB,0x42AB,0x3AAB,0x328A,0x328B,0x328A,0x3AAB,0x3ACB,
0x3ACC,0x3ACC,0x3AEC,0x430D,0x3AEC,0x3ACC,0x3AAC,0x328B,0x32AB,0x5B8E,0x534D,0x3ACC,0x328B,0x2A6A,0x328B,0x3AAB,
0x4B0C,0x534D,0x42EC,0x430C,0x328A,0x3AAB,0x3ACB,0x3AEC,0x430C,0x536D,0x5B8D,0x638D,0x5B8C,0x4B0C,0x3ACC,0x32AB,
0x32AB,0x3AAB,0x3A8A,0x426A,0x4289,0x4A88,0x5287,0x5288,0x6286,0x7AE5,0x72A4,0x7284,0x7285,0x7284,0x7AA3,0x7AA2,
0x82A2,0x82C2,0x82A3,0x82A3,0x82A2,0x8AA2,0x8AA2,0x8AC2,0x8AE1,0x92E0,0x92E0,0x9AE0,0x9AE0,0x9B21,0xA342,0x9B42,
0x9321,0x9AE0,0xA301,0xA301,0x9B22,0x9B44,0x9345,0x9345,0x9305,0x8AE5,0x9388,0x9BEB,0x93EB,0x93EB,0x9C0B,0x9C0B,
0x9C0B,0x9C2B,0xA44C,0xA44C,0xA44C,0xA44C,0xA46C,0xA46C,0xA46C,0xAC4C,0xAC6B,0xAC4B,0xAC4A,0xAC4A,0xAC6A,0xAC6B,
0xAC6B,0xAC6B,0xAC4B,0xAC2A,0xAC29,0xAC2A,0xAC29,0xAC09,0xAC08,0xABE8,0xABE7,0xB406,0xB406,0xBC46,0xB426,0xAC07,
0xAC29,0xAC4A,0xAC4A,0xAC6B,0xAC8C,0xB48C,0xB46B,0xB468,0xB447,0xB408,0xABC3,0xAB81,0xB380,0xB3A0,0xB3C1,0xB3E5,
0xB428,0xB449,0xB449,0xB48A,0xB48B,0xB48A,0xB48B,0xB48B,0xB4AA,0xB4AA,0xB4AB,0xB4AB,0xB4AB,0xB4AB,0xB48B,0xB48A,
0x022C,0x022B,0x022B,0x022B,0x022B,0x022B,0x022B,0x020B,0x022B,0x022B,0x022C,0x022C,0x022C,0x022C,0x022C,0x022C,
0x022C,0x022C,0x022C,0x022C,0x022C,0x022C,0x022C,0x022C,0x022C,0x022C,0x022C,0x022C,0x022C,0x020C,0x020C,0x022C,
0x020C,0x020B,0x0A0C,0x0A0C,0x020C,0x020C,0x024D,0x0A8E,0x028E,0x028E,0x026D,0x0ACF,0x0AEF,0x0B10,0x0ACF,0x0AAF,
0x02AE,0x02EF,0x0ACF,0x0A6E,0x0A4D,0x0A4C,0x0A4C,0x0A4D,0x0A4C,0x026C,0x028C,0x026D,0x028D,0x026E,0x0A8E,0x02AE,
0x02CF,0x0AF0,0x0B10,0x0B51,0x0371,0x0391,0x0392,0x0392,0x1392,0x0B51,0x0B10,0x12EE,0x0B0F,0x12EE,0x2B2D,0x130F,
0x1350,0x1350,0x1371,0x1371,0x0B91,0x1BB1,0x1B91,0x1B71,0x1330,0x1310,0x0AF0,0x0AF0,0x0AF0,0x12F0,0x12CF,0x12CE,
0x12EE,0x12EE,0x12EE,0x12EE,0x12CE,0x0ACE,0x0ACE,0x12AE,0x12AD,0x128D,0x0A6D,0x126D,0x0A6D,0x0A6C,0x126C,0x126C,
0x126C,0x126C,0x126C,0x1A6C,0x1A6C,0x126C,0x126C,0x126C,0x1A6C,0x228C,0x228C,0x22AC,0x32ED,0x32EC,0x32ED,0x2ACD,
0x2ACD,0x2AED,0x32ED,0x430D,0x430C,0x432D,0x432D,0x430D,0x532C,0x5B2B,0x5B4B,0x532C,0x4B2C,0x430C,0x4B2D,0x4B2D,
0x534D,0x534C,0x5B4C,0x5B4C,0x636D,0x5B4C,0x5B2C,0x5B4D,0x532C,0x532D,0x4B2C,0x4B0C,0x4B0C,0x42EC,0x4B0C,0x4B0C,
0x4AEC,0x4B0C,0x52EB,0x532C,0x532B,0x530B,0x4AEB,0x4ACB,0x42AB,0x3AAB,0x3AAB,0x3ACB,0x32AB,0x3AAB,0x3AAB,0x32AB,
0x32CC,0x32AC,0x3ACC,0x3ACC,0x3ACC,0x3ACC,0x3ACC,0x3A8B,0x328B,0x534C,0x532C,0x3AAB,0x328B,0x328B,0x2A4A,0x328B,
0x534D,0x532C,0x42EC,0x4B2D,0x3AAB,0x3ACB,0x3AEB,0x3AEB,0x430C,0x534D,0x5B4D,0x5B6D,0x534C,0x42EC,0x3AAC,0x32AC,
0x3AAB,0x3AAB,0x3A8A,0x3A6A,0x4269,0x4A68,0x4A68,0x4A68,0x5A86,0x72A3,0x7263,0x6A64,0x7285,0x7284,0x7A83,0x7AA2,
0x7AA3,0x7AA3,0x7AA3,0x7A84,0x7AA3,0x82A2,0x82A2,0x8AA2,0x8AC1,0x8AC0,0x92C0,0x92C0,0x92C0,0x92E0,0x9301,0x9B22,
0x9B62,0xA342,0xA342,0xA321,0x9B43,0xA3A6,0x9327,0x8B05,0x8B05,0x8B26,0x9388,0x93CA,0x93EB,0x9BEB,0x9C0B,0x9C0B,
0x9C0B,0xA44C,0xA44C,0xA44C,0xA44C,0xA46B,0xA46C,0xA46C,0xA46C,0xA44C,0xAC4B,0xAC4B,0xA44B,0xA44B,0xAC4A,0xAC6B,
0xB46B,0xAC6B,0xAC4B,0xAC2A,0xAC2A,0xAC2A,0xAC2A,0xA409,0xA409,0xA409,0xA3E8,0xAC07,0xB406,0xB426,0xB407,0xAC07,
0xAC29,0xAC4A,0xAC4B,0xAC6C,0xAC8C,0xAC8C,0xAC8B,0xAC49,0xAC49,0xAC09,0xB3C3,0xABA1,0xB380,0xB3A0,0xB3C2,0xB3E6,
0xB408,0xB429,0xB449,0xB46A,0xB48A,0xB48B,0xB48B,0xB48B,0xB48B,0xB4AB,0xB4AB,0xB4AB,0xB4AB,0xB4AB,0xB48A,0xB48A,
0x022C,0x022B,0x022B,0x022B,0x022B,0x022B,0x022B,0x022B,0x022B,0x022B,0x022B,0x022C,0x022C,0x020B,0x022C,0x022C,
0x022C,0x022C,0x022C,0x022C,0x022C,0x022C,0x022C,0x022C,0x022C,0x022C,0x022C,0x022C,0x0A2C,0x0A2C,0x020C,0x022C,
0x020B,0x020C,0x022C,0x0A4D,0x024D,0x0AAE,0x0AAF,0x02CF,0x02CF,0x02CF,0x02CF,0x0310,0x0310,0x0310,0x0AF0,0x0AF0,
0x02EF,0x0AEF,0x0AEF,0x0AAE,0x0A6C,0x126C,0x0A6C,0x0A4D,0x024C,0x024C,0x026C,0x026D,0x028D,0x02AE,0x02AE,0x0ACF,
0x0AF0,0x0B10,0x0B31,0x0351,0x0372,0x0392,0x0393,0x0393,0x0B92,0x0B92,0x1351,0x2B71,0x1B0F,0x0B10,0x0B50,0x1B50,
0x1B50,0x1B70,0x1391,0x0B91,0x1391,0x1BB2,0x1B92,0x1B91,0x1371,0x1351,0x0B10,0x1311,0x0B10,0x1310,0x1B0F,0x1B0F,
0x12EE,0x12EF,0x12EE,0x1ACE,0x1ACD,0x12CD,0x12CE,0x0ACE,0x0AAE,0x0A8E,0x0A8D,0x0A6D,0x0A8D,0x0A6D,0x0A6D,0x126C,
0x126C,0x128D,0x128C,0x128C,0x128C,0x128C,0x126C,0x1A6C,0x228C,0x2AAC,0x2A8C,0x2A8C,0x32ED,0x2AEC,0x2AED,0x2ACD,
0x2AED,0x32ED,0x3AED,0x430D,0x4B2D,0x4B0D,0x4B2D,0x4B2D,0x5B2C,0x634C,0x5B4C,0x532C,0x532C,0x4B2D,0x4B2D,0x4B2D,
0x532D,0x534D,0x5B4C,0x636D,0x636C,0x636C,0x5B4C,0x636D,0x5B4D,0x5B4D,0x532D,0x532D,0x4B0D,0x4B2D,0x532D,0x532C,
0x4B2C,0x4B0C,0x532C,0x530B,0x530B,0x530B,0x530C,0x4B0C,0x4AEB,0x42EB,0x42EB,0x42EC,0x430C,0x430C,0x3AEB,0x32CB,
0x32CC,0x32AC,0x32CC,0x32EC,0x3ACC,0x3AEC,0x430D,0x32AC,0x3AAB,0x536D,0x42CB,0x534D,0x42EC,0x3AAC,0x328B,0x2A6B,
0x328A,0x4B2D,0x42EC,0x3ACB,0x3ACB,0x3ACB,0x3AEC,0x4B4D,0x538D,0x63CE,0x534D,0x4B0C,0x430B,0x3AEC,0x3AAC,0x3AAB,
0x3AAB,0x3AAB,0x3A8A,0x4269,0x4269,0x4269,0x4268,0x4268,0x5287,0x6A65,0x6A65,0x6286,0x6A85,0x6A65,0x6A85,0x7284,
0x7264,0x7264,0x6A85,0x7285,0x7284,0x7AA3,0x82A3,0x82A2,0x8AC1,0x92C1,0x92C0,0x8AA0,0x8AA0,0x92C0,0x92C0,0x92E0,
0x9B00,0xA322,0xA342,0xA342,0xA386,0x9B66,0x9345,0x8B06,0x8B06,0x8B06,0x9388,0x93C9,0x93EA,0x9BEB,0x9C0C,0x9C0B,
0x9C2C,0xA42C,0xA44C,0xA44C,0xA44C,0xA46C,0xA46B,0xA46C,0xA46C,0xA46C,0xA44C,0xA44C,0xA44B,0xA42B,0xA42A,0xAC2A,
0xAC4A,0xAC4B,0xAC4B,0xA42B,0xA42A,0xA42A,0xA40A,0xA40A,0xA40A,0xA409,0xA3EA,0xABE9,0xAC08,0xAC07,0xAC08,0xAC29,
0xB46A,0xAC6B,0xAC6B,0xAC8C,0xAC8C,0xAC8C,0xAC8B,0xA429,0xAC29,0xAC29,0xABC4,0xABA2,0xB3C0,0xB3C1,0xB3C4,0xABE7,
0xAC29,0xAC29,0xB449,0xB469,0xB469,0xB46A,0xB48B,0xB48B,0xB48B,0xB48B,0xB48B,0xB48B,0xB4AB,0xB4AB,0xB4AB,0xBC8A,
0x022C,0x022B,0x022B,0x022B,0x022B,0x022B,0x022B,0x022B,0x022B,0x022B,0x022B,0x020B,0x020B,0x020B,0x020B,0x022C,
0x022C,0x022C,0x022C,0x022C,0x022C,0x022C,0x022C,0x022C,0x022C,0x020C,0x022C,0x022C,0x022C,0x0A2C,0x022C,0x020C,
0x020C,0x0A2C,0x024D,0x026D,0x0AAE,0x02CE,0x02CF,0x02CF,0x02CF,0x02CF,0x02F0,0x0310,0x0310,0x0310,0x0AEF,0x0AEF,
0x02CF,0x02CF,0x0AEF,0x0ACF,0x1AAD,0x1AAC,0x0A4C,0x0A4C,0x024C,0x022C,0x024C,0x024C,0x028D,0x02AE,0x02CE,0x0ACF,
0x0AF0,0x0B30,0x0331,0x0372,0x0372,0x0372,0x0393,0x0B93,0x0B93,0x0BB3,0x0B72,0x1B91,0x2350,0x1B30,0x1B2F,0x2B2E,
0x232F,0x1371,0x1392,0x1391,0x13B2,0x1392,0x13B2,0x13B2,0x1392,0x0B71,0x0B51,0x0B31,0x0B10,0x1310,0x12EF,0x12EF,
0x12EE,0x12EE,0x12CF,0x230E,0x1AEE,0x12CD,0x12CE,0x12CF,0x0ACF,0x0AAE,0x0A8D,0x0A8D,0x0A8D,0x0A6D,0x0A8D,0x0A8D,
0x0A8C,0x128D,0x128C,0x128C,0x128C,0x126C,0x1A6C,0x1A8B,0x1A8C,0x2AAC,0x2AAC,0x328C,0x2ACD,0x22CC,0x22CD,0x2ACD,
0x2AED,0x330D,0x430D,0x4B2D,0x4B2D,0x4B2D,0x4B4D,0x4B4D,0x5B4D,0x5B4C,0x5B4C,0x534C,0x534C,0x4B2C,0x4B2D,0x532D,
0x534D,0x5B4D,0x5B6C,0x636D,0x634C,0x634C,0x5B4C,0x5B4D,0x5B6D,0x5B4D,0x532D,0x534D,0x532D,0x532D,0x532D,0x532C,
0x532C,0x534C,0x532C,0x5B2B,0x5B2C,0x5B4C,0x5B4C,0x532C,0x4B2C,0x4B0C,0x534D,0x4B2D,0x4B2D,0x4B4D,0x430D,0x430D,
0x3AEC,0x32CC,0x32EC,0x32EC,0x3AED,0x3B0D,0x3AEC,0x32AC,0x328B,0x4B0C,0x42EB,0x4B0C,0x3ACB,0x430D,0x328B,0x328B,
0x328B,0x328B,0x3AEC,0x42EC,0x3ACB,0x3AEC,0x4B2D,0x536E,0x5BAE,0x63AD,0x534D,0x430C,0x432C,0x32CB,0x3AAB,0x3AAA,
0x3AAB,0x3AAB,0x3A8A,0x4268,0x4A68,0x4A68,0x4268,0x4268,0x5288,0x5A66,0x6286,0x6286,0x6266,0x6286,0x6266,0x6A65,
0x7264,0x6A64,0x6A65,0x6A65,0x6A64,0x7A83,0x8283,0x82A3,0x82A1,0x8A81,0x8AA0,0x92C0,0x8AA0,0x92A0,0x92C0,0x9AC0,
0x9AE0,0x9AE0,0xA300,0xA301,0xA343,0xB3C4,0xBC66,0x9346,0x9348,0x9347,0x93A8,0x9BC9,0x93A9,0x93EB,0x940C,0x9C0C,
0xA42C,0xA44C,0xA44C,0xA44C,0xA44C,0xA44B,0xA46C,0xA46C,0xA46C,0xA46C,0xA46C,0xA44C,0xA44B,0xA42B,0xA42B,0xAC4B,
0xAC4B,0xAC4B,0xA44B,0xA44B,0xA42B,0xA42B,0xA42B,0xA42B,0x9C0A,0xA40A,0xA3EA,0xA3EA,0xAC09,0xAC09,0xAC29,0xAC2A,
0xAC6A,0xAC6B,0xAC6B,0xAC8C,0xAC8C,0xAC8C,0xAC8C,0xAC4A,0xAC29,0xAC09,0xABE6,0xABC3,0xB3C1,0xB3A3,0xB3C5,0xABE7,
0xAC29,0xAC4A,0xB44A,0xB449,0xB469,0xB469,0xB46A,0xB46A,0xB48B,0xB48B,0xB48B,0xB48C,0xB4AB,0xB48B,0xB48B,0xB469,
0x022C,0x022B,0x022B,0x022B,0x022B,0x022B,0x022B,0x022B,0x020B,0x022B,0x022C,0x020B,0x020B,0x020B,0x020B,0x020B,
0x020B,0x022C,0x022C,0x022C,0x022C,0x022C,0x022C,0x022C,0x020C,0x020C,0x020C,0x022C,0x022C,0x022C,0x022C,0x022C,
0x0A2C,0x022C,0x022D,0x026D,0x0AAF,0x02CF,0x02CF,0x0AD0,0x02CF,0x02CF,0x02F0,0x0310,0x0310,0x02F0,0x02CF,0x0AEF,
0x02CF,0x02CF,0x0ACF,0x0ACE,0x1ACD,0x1ACD,0x0A6C,0x024C,0x022C,0x0A2C,0x022C,0x022C,0x026D,0x02AE,0x02CE,0x02EF,
0x0B10,0x0331,0x0331,0x0372,0x0392,0x0372,0x0393,0x0393,0x0B93,0x0BB2,0x0B72,0x1391,0x2370,0x2330,0x1B2F,0x232E,
0x234F,0x1351,0x1371,0x1372,0x0B92,0x1392,0x13B2,0x13B2,0x13B2,0x0B92,0x0B51,0x0B30,0x0B10,0x1310,0x130F,0x12EF,
0x0AEF,0x0ACF,0x0AEF,0x12EE,0x12EE,0x0ACE,0x0AEE,0x0AEE,0x0ACE,0x0AAE,0x0AAE,0x0A8D,0x0A8D,0x0A8D,0x0A8D,0x0A6D,
0x0A8D,0x0A8D,0x128D,0x128C,0x128C,0x1A6C,0x1A6B,0x1A6B,0x1A8C,0x2AAC,0x2AAC,0x32CC,0x2AAC,0x1AAD,0x22CD,0x22CD,
0x2AEE,0x330E,0x430D,0x4B4D,0x534D,0x532D,0x534D,0x4B4D,0x534D,0x5B4D,0x5B4C,0x5B4C,0x5B4C,0x5B4D,0x534D,0x534D,
0x534D,0x5B4D,0x636D,0x636C,0x636D,0x636D,0x5B4C,0x5B6D,0x5B6D,0x5B4D,0x534D,0x534E,0x534D,0x534D,0x532D,0x532C,
0x534D,0x5B4D,0x5B4C,0x5B4C,0x5B4C,0x5B4C,0x5B6D,0x532C,0x532C,0x532C,0x4B4D,0x4B4D,0x4B2D,0x432D,0x430C,0x430D,
0x432D,0x3AEC,0x32CC,0x3AEC,0x3B0D,0x3AED,0x3AEC,0x32AC,0x328B,0x42CB,0x3AAB,0x3AAB,0x328A,0x42ED,0x328B,0x328B,
0x328B,0x2A6A,0x3AAB,0x42EC,0x3AAB,0x3ACB,0x4B4D,0x4B4D,0x5BAE,0x63AD,0x536D,0x4B2D,0x3B0C,0x3ACC,0x42CC,0x3AAB,
0x3ACB,0x42EC,0x3A69,0x52EA,0x52A8,0x4A68,0x4A88,0x4A68,0x5268,0x5A67,0x5A66,0x5A66,0x5A66,0x5A67,0x6287,0x6A65,
0x6A64,0x6A64,0x6A65,0x6A64,0x6A84,0x7283,0x7A83,0x7AA3,0x8282,0x8AA1,0x8AA1,0x8AA0,0x8AA0,0x92A0,0x92A0,0x92C0,
0x9AE0,0xA2E0,0xA2E0,0xA300,0xA321,0xB402,0xBC44,0x9347,0x9B48,0x9388,0x93A8,0x93A9,0x93A9,0x93CA,0x93EC,0x9C0C,
0x9C2C,0xA42C,0xA44C,0xA44C,0xA44B,0xA44B,0xA44B,0xA46B,0xA46B,0xA46C,0xA46C,0xA44C,0xA42B,0xA42B,0xA42A,0xA42A,
0xA42A,0xA42B,0xA42B,0xA42B,0xA42B,0xA42B,0xA42B,0xA42B,0xA42B,0xA40B,0xA40A,0xA40A,0xA40A,0xA409,0xA42A,0xAC2A,
0xAC4A,0xAC6B,0xAC8C,0xAC8C,0xAC8C,0xAC8C,0xAC8C,0xAC6B,0xAC4A,0xAC2A,0xAC08,0xABE6,0xABC3,0xB3C4,0xABC6,0xABE7,
0xAC2A,0xAC4A,0xAC4A,0xAC4A,0xAC4A,0xAC6A,0xB469,0xAC6A,0xAC6A,0xB48B,0xB48B,0xB4AC,0xB4AC,0xB48B,0xB48B,0xB46A,
0x022C,0x022B,0x022B,0x022B,0x022B,0x022B,0x022B,0x022B,0x022B,0x022B,0x022B,0x020B,0x020B,0x020B,0x020B,0x020B,
0x020B,0x020B,0x022C,0x022C,0x022C,0x022C,0x022C,0x022C,0x022C,0x020C,0x020B,0x020C,0x020C,0x022C,0x024C,0x022C,
0x022C,0x020C,0x024D,0x0A6E,0x02AF,0x02AF,0x02CF,0x02CF,0x0AD0,0x0AF0,0x0310,0x0310,0x02F0,0x02CF,0x02CF,0x02AF,
0x02AE,0x02AE,0x02AE,0x02AE,0x0A8D,0x128D,0x0A6D,0x024C,0x022C,0x022C,0x0A2C,0x022C,0x022C,0x028D,0x02AE,0x02CF,
0x0310,0x0310,0x0331,0x0371,0x0392,0x0392,0x0B92,0x0B93,0x0B92,0x0BB2,0x1BB2,0x1392,0x1B71,0x2B50,0x234F,0x132F,
0x134F,0x0B50,0x1350,0x1350,0x1350,0x0B71,0x0B92,0x13B2,0x13B2,0x1392,0x0B71,0x0B50,0x0B50,0x1330,0x1310,0x0AEF,
0x0AEF,0x0AEF,0x0ACF,0x0AEF,0x0AEF,0x0AEF,0x0AEF,0x12CF,0x12CE,0x12AE,0x0AAE,0x0AAE,0x0AAE,0x0AAD,0x0A8D,0x0A8D,
0x0A8D,0x0A8D,0x128D,0x128D,0x1A8C,0x228C,0x2A8C,0x2A8B,0x228B,0x2AAC,0x32CC,0x3ACC,0x2AAC,0x22CD,0x22CD,0x2ACD,
0x2AED,0x32ED,0x3B0D,0x432D,0x432D,0x4B2E,0x4B2D,0x4B4D,0x534D,0x534D,0x534D,0x5B6D,0x636C,0x6B6D,0x5B6C,0x5B4C,
0x5B6C,0x636D,0x636D,0x636D,0x5B6D,0x5B4D,0x5B6D,0x5B4D,0x5B6D,0x5B6D,0x534D,0x534E,0x534D,0x534D,0x532D,0x534D,
0x5B2C,0x5B4C,0x634C,0x636C,0x636C,0x636D,0x636D,0x534D,0x534D,0x536D,0x534D,0x4B4D,0x4B2D,0x432D,0x4B2D,0x4B4D,
0x536E,0x4B2D,0x3AEC,0x3B0D,0x430D,0x432D,0x3AED,0x32AC,0x32AB,0x42EC,0x4B0D,0x32AB,0x32AB,0x32CC,0x3ACC,0x3ACC,
0x328B,0x328B,0x328B,0x328B,0x3ACB,0x3ACB,0x4B6D,0x538E,0x5B8E,0x5B6D,0x4B4D,0x4B2D,0x430D,0x42EB,0x42CC,0x42CC,
0x3AAB,0x3ACA,0x3A89,0x4289,0x4289,0x4289,0x4A89,0x4A68,0x5288,0x5267,0x5267,0x5A66,0x6265,0x6245,0x6245,0x6285,
0x6A85,0x6A65,0x6A85,0x6A84,0x6A64,0x7284,0x7A83,0x7283,0x7284,0x7A83,0x7A82,0x8AA1,0x8AA0,0x8AC0,0x8AA0,0x92C0,
0x9AC0,0x9AE0,0x9AE0,0x9B00,0xA320,0xAB81,0xA384,0x9327,0x9327,0x9347,0x8B47,0x9388,0x9389,0x8BCB,0x93EB,0x9C0B,
0x9C0B,0xA42C,0xA42B,0xA42B,0xA42B,0x9C4B,0xA44B,0xA44B,0xA44B,0xA44B,0xAC4B,0xA42B,0xA42B,0x9C0B,0xA40B,0xA40A,
0xA40A,0xA42B,0xA42B,0xA42B,0xA42B,0xA42B,0xA42B,0xA42B,0x9C0B,0x9C0B,0xA40B,0x9C0A,0xA40A,0xA42B,0xA44B,0xAC6B,
0xAC6B,0xAC8B,0xAC8C,0xAC8C,0xAC8C,0xACAC,0xACAC,0xAC8C,0xAC8C,0xAC8C,0xAC6B,0xAC29,0xAC07,0xABC6,0xABC7,0xABE7,
0xAC2A,0xAC4B,0xAC4B,0xAC4B,0xAC6B,0xAC6B,0xAC8B,0xAC8B,0xAC8B,0xACAB,0xACAC,0xB4AC,0xB4AC,0xB4AC,0xB48B,0xB48B,
0x022C,0x022B,0x022B,0x022B,0x022B,0x022B,0x022B,0x022B,0x022B,0x022B,0x020B,0x020B,0x020B,0x020B,0x020B,0x020B,
0x020B,0x020B,0x022C,0x022C,0x022C,0x020B,0x022C,0x022C,0x020C,0x020B,0x020B,0x020C,0x020B,0x022C,0x024C,0x020B,
0x020B,0x020C,0x0A6D,0x0A8E,0x028F,0x02AF,0x02CF,0x02AF,0x0AEF,0x030F,0x0310,0x0310,0x02F0,0x02CF,0x02AF,0x02AF,
0x02AE,0x0AAE,0x0AAE,0x02AE,0x0A8E,0x128D,0x124C,0x022C,0x022B,0x022C,0x022C,0x022C,0x022C,0x0A4D,0x0A6D,0x028E,
0x0AF0,0x0B10,0x0330,0x0B71,0x0B72,0x0392,0x0B72,0x0B92,0x03B2,0x0392,0x13B3,0x13B2,0x1391,0x2B71,0x4BAE,0x332C,
0x132F,0x132F,0x1B2F,0x234F,0x336F,0x1330,0x0B71,0x0B92,0x1392,0x1392,0x0B71,0x0B50,0x1350,0x1350,0x1310,0x0B10,
0x0B0F,0x0AEF,0x0AEF,0x0AEF,0x0AEF,0x0B0F,0x0B0F,0x0AEF,0x0ACF,0x0AEF,0x0ACF,0x0AAE,0x0AAE,0x0AAD,0x0AAE,0x0AAD,
0x0AAD,0x128D,0x128D,0x128D,0x1A8C,0x226C,0x2A8B,0x32AB,0x32AB,0x32AB,0x32CB,0x42EB,0x3ACC,0x2ACD,0x2AED,0x2ACD,
0x32CD,0x32ED,0x3B2D,0x3B2D,0x430E,0x4B2D,0x4B2D,0x4B4D,0x4B4D,0x4B2D,0x534D,0x636C,0x6B8C,0x738D,0x6B8C,0x638C,
0x636D,0x634D,0x634D,0x5B6D,0x5B6D,0x5B4D,0x5B6D,0x534D,0x534D,0x536D,0x536E,0x536E,0x4B6E,0x534D,0x534D,0x534D,
0x5B4D,0x636C,0x638D,0x636C,0x638D,0x638D,0x638D,0x5B6E,0x5B6E,0x536E,0x536E,0x4B4E,0x4B2D,0x4B2D,0x536E,0x5B8E,
0x5BAF,0x5BAF,0x430D,0x432E,0x4B4E,0x434D,0x3AEC,0x32CC,0x328B,0x3AAB,0x42EC,0x3AEC,0x32CC,0x32AC,0x42EC,0x3AEC,
0x32AC,0x326B,0x328B,0x32AB,0x3AAB,0x4B2D,0x4B4C,0x534D,0x534D,0x534E,0x4B4D,0x4B4D,0x4B0C,0x5B8A,0x532A,0x4AEB,
0x42CB,0x42CA,0x42C9,0x3A8A,0x3A8A,0x428A,0x4289,0x4A69,0x4A88,0x4A87,0x4A67,0x5267,0x6245,0x7285,0x6A65,0x6265,
0x6265,0x6265,0x6A84,0x6A84,0x6A64,0x7264,0x7284,0x7284,0x6A85,0x6A64,0x7283,0x7A81,0x8281,0x82A0,0x92A0,0x9AC0,
0x9AC0,0xA300,0xA2E0,0x9B00,0xA300,0x9B01,0x9B04,0x8B25,0x8B25,0x8B46,0x8B47,0x8B48,0x8B69,0x8BAA,0x93CB,0x93EB,
0x9C0C,0xA42C,0xA42B,0x9C2B,0x9C2B,0xA44B,0xA42B,0xA44B,0xA44A,0xA42A,0xA42A,0xAC0A,0x9C0A,0x9C0B,0x9C0A,0xA40A,
0xA40A,0xA40B,0xA42B,0xA42B,0xA42B,0xA42B,0xA42B,0xA42B,0x9C0B,0xA42B,0x9C0B,0x9C0B,0x9C0B,0xA42C,0xA44C,0xA46C,
0xAC8C,0xAC8C,0xAC8C,0xAC8C,0xB48C,0xAC8C,0xACAC,0xACAC,0xAC8C,0xAC8B,0xAC6B,0xAC4A,0xAC29,0xABE8,0xABE7,0xAC08,
0xAC4B,0xAC4B,0xAC6B,0xAC6B,0xAC8C,0xAC8C,0xB4AC,0xB4AD,0xB4CD,0xACAC,0xACAC,0xACCC,0xACAC,0xB4AC,0xB4AC,0xB48B,
0x022B,0x022B,0x022B,0x022B,0x022B,0x020B,0x020B,0x020B,0x020B,0x020B,0x020B,0x020B,0x020B,0x020B,0x020B,0x020B,
0x020B,0x020B,0x020B,0x020B,0x020B,0x020B,0x020B,0x022C,0x020B,0x020B,0x020B,0x020B,0x022C,0x0A4C,0x022C,0x020B,
0x020B,0x022C,0x0A8E,0x028E,0x028E,0x02AE,0x02AE,0x02AE,0x02CF,0x02EF,0x02F0,0x02F0,0x02F0,0x0ACF,0x02CF,0x02CF,
0x02AE,0x0A8E,0x0A8E,0x028E,0x0A8D,0x228B,0x226C,0x022C,0x0A2B,0x022C,0x024C,0x024C,0x0A4D,0x0A4D,0x0A6D,0x028D,
0x0ACE,0x0AEF,0x0310,0x0331,0x0B51,0x0B51,0x0B72,0x0B92,0x0392,0x0BB3,0x0BB3,0x0BB2,0x1391,0x1B91,0x43CF,0x536B,
0x2B2E,0x2B2F,0x132F,0x1B50,0x2350,0x1331,0x1371,0x0B91,0x1392,0x1391,0x0B92,0x1351,0x0B51,0x1351,0x1330,0x1310,
0x130F,0x0AEF,0x0AF0,0x0AEF,0x0AEF,0x0B0F,0x0AEF,0x0AEF,0x0ACF,0x0ACE,0x0ACF,0x0ACF,0x0ACE,0x0AAD,0x0AAD,0x0AAD,
0x12AD,0x128D,0x128D,0x128D,0x1A8C,0x1A8C,0x32AC,0x3AAC,0x3AAB,0x32AB,0x3ACC,0x3ACB,0x42EC,0x3AEC,0x32ED,0x32ED,
0x32ED,0x330D,0x3B0D,0x3B2D,0x432D,0x4B2E,0x4B4D,0x536D,0x4B4D,0x4B4D,0x536E,0x638D,0x6B8C,0x73AC,0x6B8C,0x638D,
0x636D,0x636D,0x634C,0x5B4D,0x5B6D,0x5B6E,0x5B6E,0x536E,0x534E,0x534E,0x536E,0x536D,0x536E,0x536E,0x534D,0x5B6D,
0x636C,0x6B8C,0x6B8D,0x638D,0x63AD,0x638E,0x638E,0x5B8E,0x63AE,0x5B8E,0x4B4D,0x4B6D,0x4B6D,0x4B6D,0x536E,0x5B6E,
0x5B8E,0x5B8E,0x4B2E,0x4B4E,0x4B6D,0x432D,0x3B0D,0x3AED,0x32AC,0x42EC,0x42EC,0x3AEC,0x3AEC,0x3ACC,0x3AEC,0x3AEC,
0x3ACC,0x32AC,0x3AAC,0x3AAB,0x3AAC,0x4B2C,0x534C,0x534D,0x4B4E,0x4B4E,0x4B4D,0x4B2D,0x4B0C,0x536B,0x532B,0x4B0C,
0x430B,0x42EB,0x42CB,0x3A8A,0x42AA,0x4289,0x4A68,0x4A68,0x4A88,0x4288,0x4A88,0x4A68,0x6266,0x7AA6,0x6265,0x5A66,
0x6265,0x6245,0x7285,0x7264,0x6A64,0x7265,0x6A65,0x6A65,0x6A85,0x6A65,0x6A64,0x7283,0x7A82,0x82A1,0x92A0,0x92C0,
0x9AE0,0x9B00,0x9B00,0x9AE0,0x9B01,0x9AE2,0x9304,0x8305,0x8B06,0x8306,0x8326,0x8B48,0x8B6A,0x8BAA,0x93CB,0x93EB,
0x9C0B,0x9C2B,0x9C2B,0xA44B,0xA42B,0xA42B,0xA40A,0xA42A,0xA42A,0xA409,0x9BE9,0x93C9,0x93CA,0x9BCA,0x9BCA,0x9C0A,
0x9C0A,0x9C0B,0x9C0B,0x9C0B,0xA40B,0xA40B,0xA40B,0xA42B,0x9C0B,0x9C0B,0x9C0B,0x9C0B,0x9C2B,0xA44C,0xA46C,0xA48C,
0xAC8D,0xAC8C,0xA48C,0xAC8C,0xAC8C,0xAC8C,0xACAD,0xACAD,0xACAC,0xAC8C,0xAC4B,0xAC4A,0xAC29,0xAC29,0xAC29,0xAC4A,
0xAC6B,0xAC6B,0xAC6B,0xAC8C,0xACAC,0xACAD,0xACAD,0xACAD,0xACCD,0xACCD,0xACCD,0xACCD,0xACAC,0xACAC,0xACAC,0xB48C,
0x022B,0x022B,0x022B,0x022B,0x020B,0x020B,0x020B,0x020B,0x020B,0x020B,0x020B,0x020B,0x020B,0x020B,0x020B,0x020B,
0x020B,0x020B,0x020B,0x020B,0x020B,0x020B,0x020B,0x020B,0x020B,0x020B,0x020B,0x020B,0x022C,0x0A2C,0x022C,0x020C,
0x020C,0x026C,0x028D,0x028D,0x0A8E,0x028E,0x028E,0x02AE,0x02CF,0x02CF,0x02EF,0x0AEF,0x0AD0,0x0AEF,0x02EF,0x02EF,
0x0ACE,0x0A8E,0x028E,0x0A8D,0x0A6D,0x0A4C,0x126C,0x0A4C,0x0A2C,0x0A2D,0x024C,0x026C,0x0A6C,0x0A4C,0x0A6D,0x026C,
0x028D,0x02CE,0x02F0,0x0330,0x0B31,0x0B51,0x0B51,0x0352,0x0372,0x0B72,0x0B92,0x0B92,0x0B91,0x0B71,0x1B6F,0x232E,
0x2B4F,0x232F,0x1330,0x1350,0x1B30,0x0B31,0x0B51,0x0B71,0x0B92,0x0B91,0x0391,0x1371,0x1370,0x1351,0x1330,0x1330,
0x1B2F,0x1AEF,0x12EF,0x12EF,0x0B10,0x0B10,0x0AF0,0x0AEF,0x0AEF,0x0AEF,0x0AEF,0x0ACF,0x0ACE,0x0ACD,0x12AD,0x0AAD,
0x0AAD,0x0AAD,0x128D,0x128D,0x12AC,0x1AAC,0x2AAC,0x3AAB,0x3ACB,0x3AAB,0x3ACC,0x42EC,0x4AEC,0x42EC,0x3AED,0x32ED,
0x330D,0x3B0D,0x432E,0x4B4D,0x4B4D,0x4B4E,0x4B4D,0x536D,0x4B4E,0x4B4E,0x536E,0x638D,0x6B8D,0x73AC,0x6B8C,0x638D,
0x638D,0x636D,0x636D,0x636E,0x5B8E,0x5B8E,0x5BAE,0x538E,0x536E,0x536E,0x5B6E,0x5B6E,0x5B8E,0x5B8E,0x5B8E,0x638D,
0x6B8D,0x73AC,0x73AC,0x6BAD,0x63AE,0x63CF,0x63AE,0x63AE,0x5BAE,0x5BAE,0x538E,0x538E,0x4B6E,0x538E,0x538E,0x5B8E,
0x63CE,0x5BAD,0x434E,0x432E,0x4B4E,0x4B4E,0x432D,0x432D,0x3AEC,0x4B2D,0x4B4D,0x42EC,0x42EC,0x3ACB,0x3ACC,0x3ACC,
0x3AEC,0x430D,0x42EC,0x42CC,0x3ACC,0x4AEB,0x6BAC,0x5B4C,0x534D,0x4B4D,0x4B4D,0x4B4D,0x534D,0x5B4D,0x532D,0x4B2D,
0x4B2C,0x4B0B,0x4AEB,0x42CA,0x42A9,0x4AA9,0x5AA8,0x5267,0x5287,0x4A88,0x4288,0x4A68,0x5A47,0x5A46,0x5A66,0x5A45,
0x5A66,0x6265,0x6264,0x6A64,0x6A64,0x6A65,0x6265,0x6265,0x6A85,0x6A85,0x6A84,0x7284,0x7A83,0x82A1,0x92C0,0x92E0,
0x92E0,0x9B00,0x9B00,0x9AE1,0x92E2,0x9303,0x8B04,0x8AE5,0x8AE5,0x8B06,0x8B27,0x8B69,0x8B6A,0x8B8B,0x93CB,0x93EB,
0x9C0B,0x9C2B,0x9C2A,0x9C2A,0xA40A,0xA40A,0xAC09,0xA3E9,0xA3E8,0x9BA8,0x93A8,0x8B88,0x8B89,0x8B89,0x8B89,0x93CA,
0x93CA,0x93CA,0x9C0B,0x9C0B,0x9C0A,0x9C0A,0x9C0B,0x9C0B,0x9C0B,0x9C0B,0x9C0A,0x9C0B,0x9C2B,0x9C4B,0xA46C,0xA48C,
0xA48D,0xACAD,0xAC8C,0xAC8C,0xAC8D,0xAC8D,0xACAD,0xACAD,0xAC8D,0xAC8C,0xAC6B,0xAC4A,0xAC4A,0xAC4A,0xAC6A,0xAC6B,
0xAC8B,0xAC8C,0xAC8C,0xACAD,0xACAD,0xACCD,0xACCD,0xACCD,0xACCD,0xACCD,0xACCD,0xACCD,0xACCD,0xACAD,0xAC8C,0xAC8C,
0x022B,0x022B,0x022B,0x022B,0x020B,0x020B,0x020B,0x020B,0x020B,0x020B,0x020B,0x020B,0x020B,0x020B,0x020B,0x020B,
0x020B,0x020B,0x020B,0x020B,0x020B,0x020B,0x020B,0x020B,0x020B,0x020B,0x020B,0x020B,0x020B,0x022C,0x022C,0x022C,
0x024C,0x0A6D,0x026D,0x028D,0x028E,0x026E,0x028E,0x02AE,0x02CF,0x02CF,0x02CF,0x02CF,0x02F0,0x0AF0,0x0310,0x0310,
0x02EF,0x0AAE,0x028E,0x1AAE,0x1A8D,0x028E,0x026D,0x0A4D,0x0A2D,0x0A2D,0x0A4C,0x0A4C,0x0A4C,0x0A6D,0x0A6C,0x026C,
0x026D,0x0A8D,0x0AAF,0x02F0,0x0330,0x0330,0x0331,0x0331,0x0351,0x0B51,0x0B71,0x0B71,0x0B71,0x0B71,0x1350,0x1B50,
0x232F,0x1AEE,0x1B2F,0x234F,0x232F,0x0B10,0x0B30,0x0B50,0x0B50,0x1370,0x0B71,0x0B71,0x0B71,0x1351,0x1330,0x132F,
0x232F,0x332F,0x2B2E,0x1B0F,0x12EF,0x0AEF,0x0B10,0x0AEF,0x0AEF,0x0AEF,0x0AEF,0x0AEF,0x12CE,0x12CE,0x12AE,0x0AAE,
0x0AAD,0x0AAD,0x12AD,0x1AAD,0x12AC,0x1AAC,0x2A8B,0x3AAB,0x42CC,0x42EC,0x42EB,0x4AEB,0x4AEC,0x42EC,0x3B0D,0x3B0D,
0x3B2D,0x432E,0x4B4E,0x534D,0x536E,0x4B6E,0x534D,0x534D,0x4B4D,0x4B6E,0x536D,0x636D,0x6B8D,0x738C,0x6BAD,0x638D,
0x638D,0x636D,0x638D,0x638E,0x638E,0x5B8E,0x5B8E,0x5B8D,0x5B8E,0x5B8E,0x638F,0x638E,0x5B8E,0x63AF,0x63AE,0x6BAE,
0x73AD,0x73AC,0x7BCC,0x73CD,0x6BCE,0x63AE,0x63AE,0x5BAE,0x5BAE,0x5BAE,0x5BAE,0x53AE,0x538E,0x538E,0x538F,0x5B8E,
0x63AD,0x538D,0x4B4F,0x432F,0x4B6E,0x4B4E,0x434D,0x432D,0x3B0D,0x430D,0x538E,0x430C,0x42EC,0x42EC,0x3ACC,0x3AEC,
0x3AEC,0x42EC,0x42ED,0x42ED,0x430C,0x430C,0x534B,0x5B6C,0x4B4C,0x4B4D,0x4B6D,0x538E,0x5B8E,0x5B6C,0x5B6D,0x534D,
0x4B4C,0x4B0B,0x4AEB,0x4AEA,0x4AEA,0x4AC9,0x5AC7,0x62C7,0x5AA7,0x5288,0x4A88,0x4A68,0x5267,0x5A66,0x5A66,0x6245,
0x6266,0x5A26,0x5A66,0x6265,0x6A65,0x6A65,0x6A64,0x6264,0x6A84,0x6A84,0x7284,0x7AA3,0x8282,0x8AC1,0x92C0,0x9AE0,
0x9AE0,0x9B00,0x9AE0,0x9B01,0x92E2,0x9302,0x8B03,0x8AE3,0x8B04,0x8B06,0x8B48,0x8B49,0x8B8A,0x8BAA,0x93AB,0x940B,
0x9C0B,0x9C2B,0x9C0A,0x9C0A,0x9C0A,0xA40A,0xA3E9,0x9BA8,0x9BA8,0x9387,0x8B67,0x8B47,0x8B69,0x8B69,0x8B89,0x93A9,
0x93AA,0x93AA,0x93CA,0x93CA,0x9BEA,0x9C0A,0x9C0A,0x9C0B,0x9C0B,0x9BEB,0x9C0B,0x9C0A,0x9C0B,0x9C2B,0xA46C,0xA46C,
0xA48C,0xAC8D,0xAC8D,0xAC8D,0xAC6D,0xAC6D,0xAC8D,0xA48C,0xAC8D,0xA46C,0xA46B,0xAC6B,0xAC6B,0xAC6C,0xAC6B,0xAC6B,
0xAC8C,0xAC8C,0xAC8D,0xACAD,0xACAD,0xACAD,0xACCD,0xACCD,0xACCD,0xACCD,0xACCD,0xACCD,0xACAD,0xACAD,0xACAC,0xAC8C,
0x022B,0x022B,0x022B,0x022B,0x020B,0x020B,0x020B,0x020B,0x020B,0x020B,0x020B,0x020B,0x020B,0x020B,0x020B,0x020B,
0x020B,0x020B,0x01EB,0x020B,0x020B,0x020B,0x020B,0x020B,0x020B,0x020B,0x020B,0x020B,0x020B,0x022C,0x022C,0x022C,
0x0A6D,0x0A6D,0x0A6D,0x028D,0x028E,0x028E,0x028E,0x02AE,0x02CF,0x02CF,0x02CF,0x02CF,0x0AF0,0x02F0,0x02F0,0x0310,
0x02EF,0x0ACE,0x02AE,0x1AAD,0x1A8C,0x0A8D,0x028D,0x0A6D,0x0A4D,0x0A4C,0x0A4C,0x0A4C,0x0A6D,0x0A6D,0x0A4C,0x026C,
0x026C,0x0A8D,0x0AAE,0x0ACF,0x0B0F,0x0330,0x0330,0x0331,0x0330,0x0B31,0x0B51,0x0B51,0x0B71,0x0B50,0x1B71,0x1330,
0x1B0F,0x230E,0x1AEE,0x230E,0x2B4F,0x0B0F,0x0B0F,0x0B2F,0x0B50,0x1350,0x0B71,0x0B51,0x1371,0x1351,0x1330,0x1B30,
0x230E,0x230E,0x230E,0x1B2F,0x130F,0x0B0F,0x0B0F,0x0B0F,0x0AEF,0x0AEF,0x0AEF,0x12EE,0x12CE,0x12AD,0x12AE,0x12AE,
0x12AD,0x12AD,0x1A8D,0x1AAD,0x1AAC,0x22AC,0x32AC,0x3AAB,0x42CB,0x42EB,0x4AEB,0x530C,0x4B0C,0x430C,0x430D,0x3B0D,
0x3B0D,0x432D,0x4B2E,0x534D,0x536E,0x4B6E,0x534E,0x534D,0x536D,0x536E,0x536E,0x5B6D,0x638D,0x6B8D,0x638D,0x5B6D,
0x5B6D,0x638D,0x638D,0x638E,0x638E,0x638E,0x63AD,0x5B8E,0x5B8E,0x5B8E,0x5BAF,0x63AF,0x63AF,0x63AF,0x6BCE,0x73AE,
0x7BCD,0x83ED,0x83EC,0x7BED,0x73EE,0x6BCF,0x63AF,0x5BAF,0x5BAE,0x5B8E,0x538E,0x5BAF,0x538E,0x53AF,0x538F,0x63AF,
0x5B8D,0x536D,0x4B4F,0x436F,0x4B4E,0x4B4E,0x434D,0x434E,0x3B0D,0x3AEC,0x536E,0x4B2D,0x4B2D,0x430C,0x3AEC,0x3AEC,
0x430D,0x430D,0x4B0D,0x42EC,0x430C,0x3B0C,0x430B,0x4B4C,0x4B4C,0x4B6D,0x4B6D,0x538E,0x5B8D,0x5B8D,0x5B6D,0x5B6D,
0x536D,0x534C,0x4B0B,0x4B0B,0x4AEA,0x4ACA,0x5AA7,0x5AA7,0x5AA8,0x5288,0x5288,0x5267,0x5267,0x5267,0x5247,0x6285,
0x7B07,0x5A46,0x5267,0x5A66,0x6265,0x6A44,0x6A44,0x6A64,0x6A64,0x7264,0x7AA3,0x82C2,0x8AC1,0x8AC0,0x92E0,0x9AE0,
0x9AE0,0x9B00,0x9B00,0x9301,0x9302,0x9302,0x9302,0x9B23,0x92E3,0x8B05,0x8B48,0x8349,0x8B69,0x8B8A,0x93AB,0x93EB,
0x940B,0x9C0B,0x9C0B,0x9BEA,0x9BEA,0x9BEA,0x9BA9,0x9368,0x8B47,0x8B47,0x8B47,0x8B47,0x8B48,0x8B49,0x8B69,0x8B89,
0x8BAA,0x8BAA,0x93CA,0x9BAA,0x93CA,0x9C0A,0x9C2A,0x9C0A,0x9C0B,0x9C0B,0x9C0B,0x9C0B,0x9C0B,0x9C2B,0xA44C,0x9C6C,
0xA46C,0xAC8D,0xAC8C,0xAC8C,0xA46C,0xA46C,0xA48C,0xAC8C,0xA48C,0xA48C,0xA48C,0xA46C,0xAC8C,0xAC8D,0xAC8C,0xAC8C,
0xAC8C,0xACAD,0xACAD,0xACAD,0xACAD,0xACAD,0xACAD,0xACCD,0xACCD,0xACCD,0xACCD,0xACCD,0xACAD,0xACAD,0xAC8C,0xAC8C,
0x020B,0x020B,0x020B,0x020B,0x020B,0x020B,0x020B,0x020B,0x020B,0x020B,0x020B,0x020B,0x020B,0x020B,0x020B,0x01EB,
0x020B,0x01EB,0x01EA,0x020B,0x020B,0x0A0B,0x0A0B,0x020B,0x01EB,0x020B,0x020B,0x020B,0x020B,0x020B,0x020B,0x026C,
0x028D,0x0A8D,0x0A8D,0x0A8D,0x028D,0x0A8E,0x028E,0x02AE,0x02CE,0x02CF,0x02CF,0x02CF,0x0ACF,0x02EF,0x0AF0,0x02F0,
0x02EF,0x02EF,0x12CD,0x5B08,0x4AE9,0x126C,0x0A8D,0x0A8D,0x026C,0x0A4C,0x0A4C,0x0A4C,0x0A4C,0x0A6D,0x0A6D,0x0A6D,
0x0A8D,0x0A6D,0x0A6C,0x0AAD,0x0ACE,0x0AEF,0x0B10,0x0B10,0x0B10,0x0B10,0x0B30,0x0B51,0x0B50,0x0B30,0x0B10,0x1330,
0x130F,0x1AEF,0x12EE,0x22ED,0x330D,0x12EE,0x130F,0x1310,0x0B10,0x0B30,0x0B31,0x0B51,0x1331,0x1331,0x1330,0x1B2F,
0x232F,0x130F,0x0B0F,0x0B10,0x0B10,0x0B10,0x0B10,0x0B0F,0x0B0F,0x0AEF,0x12EE,0x22EE,0x330E,0x22CD,0x1AAD,0x1ACD,
0x1AAD,0x22AD,0x2ACD,0x22AC,0x22AC,0x2ACC,0x42CC,0x42CB,0x4AEB,0x4AEB,0x4AEB,0x530B,0x532C,0x430C,0x430C,0x430D,
0x432D,0x432D,0x4B2E,0x534E,0x534D,0x4B6E,0x536E,0x534D,0x536E,0x536E,0x536E,0x536D,0x536D,0x5B6D,0x5B6E,0x5B6E,
0x5B8E,0x5B8E,0x5B8E,0x63AE,0x73AE,0x6BAD,0x63AE,0x5BAE,0x5BAE,0x5B8F,0x5BAF,0x63AF,0x63CF,0x63CF,0x73EE,0x73EE,
0x83ED,0x83EC,0x83EC,0x840E,0x740E,0x6BCF,0x63CF,0x5BAF,0x5BAE,0x5BCF,0x538E,0x538E,0x538E,0x536E,0x538E,0x5BAF,
0x5B8E,0x4B4E,0x434E,0x436E,0x4B8E,0x536E,0x4B6E,0x4B4E,0x432D,0x3B0D,0x430D,0x534E,0x4B2D,0x432D,0x430C,0x432C,
0x432D,0x430D,0x532C,0x638D,0x4B0C,0x3B0B,0x430C,0x4B4D,0x4B6D,0x538D,0x538D,0x538D,0x5B8D,0x638D,0x5B8D,0x5B6D,
0x5B8C,0x5B6C,0x5B4C,0x530A,0x4AEA,0x4ACA,0x62E8,0x62C7,0x5AC7,0x62C7,0x62A7,0x5A87,0x5287,0x5267,0x4A68,0x5246,
0x5A67,0x5247,0x4A67,0x5A46,0x6A45,0x7264,0x7A83,0x7A83,0x7A83,0x8283,0x8AC1,0x92E0,0x92E0,0x92E0,0x92E0,0x9AE0,
0x9AE0,0x9AE0,0x9B01,0x9303,0x9323,0x9323,0x9302,0x92E1,0x9302,0x9324,0x8B47,0x8B49,0x8B69,0x8B8A,0x93CB,0x93EB,
0x93EB,0x93EB,0x93EA,0x9BEA,0x93CA,0x9389,0x8B48,0x8B48,0x8348,0x8348,0x8348,0x8328,0x8328,0x8328,0x8348,0x8B48,
0x8B69,0x8B89,0x938A,0x93AA,0x93A9,0x9C0A,0x9C0A,0x93EA,0x9BEB,0x9C0B,0x9BEB,0x9BEB,0x9C0B,0x9C0B,0x9C4C,0x9C4C,
0xA46D,0xA46C,0xA48B,0xB4CC,0xA48B,0xA46B,0xA48C,0xA46C,0xA48C,0xA48D,0xA48D,0xA48D,0xA48D,0xA48D,0xA48C,0xA48C,
0xAC8D,0xACAD,0xACAD,0xACCD,0xACCD,0xACCD,0xACAD,0xACAD,0xACAD,0xACCE,0xACCE,0xACCE,0xACAD,0xACAD,0xAC8C,0xAC6C,
0x020B,0x020B,0x020B,0x020B,0x0A0B,0x0A0A,0x09EA,0x0A0A,0x09EA,0x0A0A,0x0A0A,0x01EA,0x01EA,0x01EA,0x01EA,0x01EA,
0x01EA,0x01EA,0x01EA,0x01EA,0x01EA,0x01EA,0x01EA,0x01EA,0x01EA,0x0A0B,0x020A,0x020A,0x020B,0x020B,0x020B,0x026D,
0x0AAD,0x0A8D,0x0A8D,0x0A6D,0x026D,0x028E,0x028E,0x0AAE,0x02AE,0x02CE,0x02CF,0x02AF,0x0ACF,0x02CF,0x02F0,0x02F0,
0x02EF,0x02CF,0x22CD,0x8BA9,0x6349,0x124B,0x0A6E,0x0A6D,0x0A6C,0x024C,0x0A4C,0x0A4C,0x0A4D,0x0A6D,0x0A6D,0x0A6D,
0x0A8D,0x0A6C,0x128C,0x12AD,0x0A8D,0x0AAE,0x0AEF,0x0B0F,0x0B0F,0x0B10,0x0B10,0x0B30,0x0B30,0x0B30,0x1330,0x1B10,
0x1AEF,0x1AEF,0x0AEE,0x22EC,0x634B,0x32EC,0x2B2F,0x1AEF,0x0B10,0x0B10,0x0B30,0x0B50,0x0B30,0x0B30,0x0B30,0x1330,
0x1B0F,0x1B0F,0x130F,0x0B30,0x0B10,0x0B10,0x0AEF,0x130F,0x12EE,0x12EE,0x22EE,0x32ED,0x3AEC,0x32ED,0x2AED,0x1ACD,
0x22CC,0x22CC,0x2ACC,0x2ACC,0x2AAC,0x32CC,0x4ACB,0x52EB,0x530B,0x4B0C,0x4B0C,0x4B0C,0x4B0C,0x4B0C,0x4B0D,0x432D,
0x432D,0x4B2E,0x4B4E,0x4B4E,0x4B4E,0x4B4E,0x4B6E,0x4B4D,0x536E,0x536E,0x536E,0x5B6E,0x5B6D,0x5B6E,0x5B6E,0x5B8E,
0x5B8E,0x5B8E,0x63AE,0x6BAE,0x73CD,0x73CD,0x63AE,0x5BAF,0x53AF,0x53AF,0x5BCF,0x63CF,0x63CF,0x6BEF,0x73EE,0x7BEE,
0x83ED,0x83EC,0x8C2E,0x7C0E,0x73EF,0x6BCF,0x63CF,0x5BAE,0x5BAF,0x5BAF,0x536E,0x534E,0x536E,0x4B4E,0x536E,0x5BAF,
0x538E,0x4B6E,0x434E,0x434E,0x4B6E,0x536E,0x4B4E,0x4B4E,0x4B4D,0x432D,0x430D,0x4B4D,0x538E,0x4B4D,0x4B2D,0x4B2D,
0x4B2D,0x4B2D,0x532C,0x5B4C,0x5B6C,0x42EB,0x430D,0x4B0D,0x534D,0x5BAD,0x5B8D,0x5B8D,0x5B8D,0x6BEE,0x638C,0x636C,
0x6B8C,0x6B8B,0x636B,0x634B,0x5B2A,0x52EA,0x5AE8,0x62E7,0x6AE6,0x72E6,0x62A6,0x5AA7,0x5A87,0x5287,0x5287,0x5267,
0x5267,0x5268,0x5A47,0x6265,0x7264,0x82A2,0x8281,0x8AA1,0x92E2,0x9B01,0x9B01,0x9B00,0x9AE0,0x92E0,0x92E0,0x9AE0,
0x9AE0,0x92E1,0x92E2,0x9303,0x9323,0x9322,0x9B01,0x9B02,0x9B22,0x9323,0x8B45,0x8B48,0x8B6A,0x8BAB,0x93CB,0x93EB,
0x93EB,0x93EB,0x93CA,0x93CA,0x93A9,0x8B69,0x8B49,0x8B48,0x8B68,0x8348,0x8328,0x8B28,0x8328,0x8307,0x8328,0x8B28,
0x8B48,0x8B69,0x9389,0x9389,0x93A9,0x93A9,0x93C9,0x93CA,0x93EA,0x940A,0x93EB,0x9C0B,0x9C0B,0x9C0B,0x9C2B,0x9C4C,
0x9C6C,0x9C6C,0xA46B,0xA46B,0xA46B,0xA46C,0xA46C,0xA46C,0xA46C,0xA48D,0xA4AD,0xA48D,0xA48D,0xA48D,0xA48D,0xA48D,
0xA4AD,0xA4AD,0xA4AD,0xACAD,0xA4CD,0xA4AD,0xA4AD,0xA4AD,0xA4AE,0xA4AE,0xA4AE,0xACAE,0xACAD,0xACAD,0xAC8C,0xA48C,
0x020B,0x01EB,0x01EB,0x020B,0x0A0A,0x020A,0x0A0A,0x0A0A,0x0A0A,0x0A0A,0x0A0A,0x01EB,0x0A0A,0x01EA,0x01EA,0x01EA,
0x01EA,0x01EA,0x01EA,0x01EA,0x01EA,0x01EA,0x01EA,0x01EA,0x01EA,0x01EA,0x0A0A,0x020B,0x01EB,0x020B,0x020B,0x026D,
0x0A8D,0x0A8D,0x0A8E,0x0A6D,0x0A6D,0x028E,0x028E,0x02AE,0x02AE,0x02CE,0x02CF,0x02AE,0x0ACF,0x02CF,0x02D0,0x02F0,
0x02CF,0x02CF,0x12AE,0x430B,0x32CB,0x0A6D,0x0A6D,0x0A6D,0x026C,0x0A4D,0x0A4C,0x0A4C,0x0A6D,0x0A6D,0x0A6D,0x0A6D,
0x0A6D,0x0A8C,0x126B,0x1A8C,0x128D,0x0AAE,0x0ACF,0x0B0F,0x0AEF,0x0AEF,0x0AF0,0x0B10,0x0B10,0x0B10,0x130F,0x1AEE,
0x2AEE,0x22AD,0x0AEF,0x1ACC,0x6B8B,0x3ACA,0x1AEE,0x12EF,0x0B10,0x0B10,0x0B10,0x0B0F,0x0B30,0x0B30,0x0B30,0x1330,
0x1B0F,0x2330,0x1B2F,0x130F,0x130F,0x130F,0x130F,0x1B0E,0x230E,0x230E,0x2B0D,0x3AEC,0x42EC,0x3AED,0x2AED,0x22ED,
0x22CC,0x2AAC,0x32CC,0x32CC,0x32CC,0x3ACC,0x530B,0x530B,0x530B,0x530C,0x4B0C,0x4B0C,0x532C,0x4B2C,0x4B0D,0x4B2D,
0x4B2E,0x4B4E,0x4B4E,0x4B4E,0x4B4E,0x4B4E,0x536E,0x536E,0x536E,0x536E,0x536D,0x5B8D,0x5B8D,0x5B8E,0x638E,0x638E,
0x63AE,0x63AE,0x6BCE,0x73CE,0x73CD,0x73AD,0x63CE,0x5BAF,0x53AF,0x53AF,0x5BCF,0x5BEF,0x63EF,0x6C0F,0x740F,0x7C0E,
0x83ED,0x8C0D,0x842E,0x740F,0x6BEF,0x63CF,0x63CF,0x5BAE,0x538E,0x538E,0x5B8E,0x536E,0x536E,0x4B4E,0x4B6E,0x5BAF,
0x5BCF,0x4B8E,0x434E,0x434E,0x538E,0x4B4E,0x4B4E,0x4B6E,0x4B6E,0x432D,0x432E,0x4B2D,0x536D,0x536E,0x4B4D,0x4B4D,
0x4B4E,0x4B4E,0x4B4D,0x532C,0x6BCD,0x4B2C,0x4B0D,0x532D,0x534D,0x5B8D,0x5BAD,0x63AD,0x638D,0x6BAC,0x6B8C,0x73AC,
0x73AB,0x73AB,0x736B,0x738A,0x6B69,0x6309,0x6309,0x6B08,0x7B26,0x72C6,0x5AA7,0x5AA8,0x5A87,0x5A67,0x6287,0x5A66,
0x5A67,0x5267,0x6266,0x6A64,0x7283,0x82A1,0x8AC0,0x92C1,0x9B01,0xA321,0xA300,0x9B00,0x9AE0,0x9B00,0x92E0,0x9AE0,
0x9AE0,0x9301,0x9302,0x9B03,0x9B42,0x9B41,0xA341,0x9B21,0x9B41,0x9342,0x8B45,0x8B47,0x8B8A,0x93AB,0x8BAB,0x93EB,
0x93EB,0x93EB,0x93CA,0x93AA,0x9389,0x9369,0x8B48,0x8B48,0x8B48,0x8B48,0x8B28,0x8B28,0x8B28,0x8B28,0x8B28,0x8B28,
0x8B48,0x8B48,0x9389,0x93A9,0x93A9,0x93A9,0x93A9,0x93AA,0x93CA,0x93EA,0x93EB,0x940B,0x9C0B,0x9C0B,0x9C0B,0x9C2C,
0x9C4C,0x9C4C,0xA46C,0xA46C,0xA46D,0xA46C,0xA46C,0xA46C,0xA48C,0xA4AD,0xA4AD,0xA4AD,0xA4AD,0xA4AC,0xA48D,0xA48D,
0xA4AD,0xA4AD,0xA4AD,0xA4AD,0xA4CD,0xA4CD,0xA4AD,0xA4AE,0xACAE,0xA4AE,0xA4AE,0xA4AE,0xACAD,0xA4AD,0xA48C,0xA46C,
0x020B,0x020B,0x01EA,0x0A0A,0x01EA,0x020A,0x020A,0x01EA,0x01EA,0x01EA,0x01EA,0x01EA,0x01EA,0x01EA,0x01CA,0x01EA,
0x01EA,0x01EA,0x01EA,0x01EA,0x01EA,0x01EA,0x01EA,0x01EA,0x020A,0x020A,0x020A,0x020B,0x01EB,0x01EB,0x01EB,0x0A6D,
0x0A8D,0x0A6D,0x024D,0x024D,0x026D,0x028D,0x028E,0x02AE,0x02AE,0x02AE,0x02AE,0x02AE,0x02CF,0x02CF,0x02CF,0x02D0,
0x0AF0,0x02CF,0x02CF,0x02AF,0x02AE,0x0A8E,0x0A6D,0x0A6C,0x0A4C,0x022C,0x0A2C,0x0A4C,0x0A4C,0x0A6C,0x0A6C,0x126C,
0x128C,0x1A8B,0x226B,0x126C,0x0A6D,0x0A6D,0x0AAE,0x0ACE,0x0ACE,0x0ACF,0x0AEF,0x0AEF,0x12EF,0x1ACE,0x2AED,0x6B68,
0xA425,0x7B87,0x2AEC,0x12AD,0x228C,0x2B0E,0x0ACF,0x0AEF,0x0AEF,0x0AEF,0x0AEF,0x0AEF,0x0AF0,0x0B10,0x0B10,0x0B10,
0x130F,0x230E,0x2B2E,0x230E,0x230E,0x2B0E,0x2B2E,0x2B0D,0x3B2D,0x3B0C,0x3AED,0x3AEC,0x3B0C,0x3AED,0x32EC,0x32EC,
0x32CC,0x32CC,0x3ACC,0x42EC,0x42EC,0x42EC,0x4B0B,0x530B,0x532C,0x530C,0x532C,0x532C,0x4B2C,0x4B2C,0x432D,0x432D,
0x4B2D,0x4B4D,0x534E,0x4B4E,0x4B4E,0x536E,0x536E,0x536E,0x5B6E,0x5B6D,0x638D,0x5BAD,0x638D,0x63AD,0x6BAD,0x6BAD,
0x6BAD,0x6BCE,0x6BCE,0x6BCE,0x73EE,0x6BEF,0x63AF,0x5BAF,0x53AF,0x53AF,0x5BCF,0x63CF,0x63EF,0x63EF,0x6BEF,0x73EE,
0x840E,0x7C0E,0x63CF,0x63EF,0x63EF,0x63CF,0x5BAE,0x538F,0x536F,0x536E,0x538E,0x538E,0x538E,0x4B6E,0x4B6F,0x53AF,
0x53AF,0x4B6E,0x434D,0x3B2E,0x434E,0x434E,0x434E,0x434E,0x434E,0x434E,0x434E,0x4B2D,0x4B4D,0x536D,0x5B8D,0x536D,
0x536E,0x536E,0x536D,0x534D,0x534D,0x534D,0x638E,0x6B8C,0x7BEC,0x63AD,0x638D,0x63AD,0x63AD,0x73AC,0x8BEA,0x83AA,
0x7BAB,0x83AB,0x83AA,0xAC25,0xB445,0x7B68,0x7348,0x7B27,0x72E7,0x6AA7,0x5AA7,0x5AA7,0x62A6,0x5A87,0x6287,0x6286,
0x5A66,0x6286,0x7284,0x7A83,0x8282,0x92C1,0x9AE0,0x9B00,0xA340,0x9B00,0x9B20,0xA341,0xABA3,0x9B00,0x9B01,0x9B01,
0x9B00,0x9B21,0x9B21,0x9B21,0xA342,0xA341,0x9B21,0xA342,0xA342,0x9323,0x8B25,0x8347,0x8B89,0x93CB,0x93CA,0x93CB,
0x93CB,0x93EA,0x93CA,0x93AA,0x8B89,0x8B69,0x8B68,0x8B48,0x8B48,0x8B48,0x8B48,0x8B48,0x8B28,0x8B28,0x8B48,0x8B48,
0x8B28,0x8B48,0x93A8,0x9BC8,0x93A9,0x93AA,0x8BAA,0x8BAA,0x93CA,0x93CA,0x93EA,0x93EA,0x93EB,0x940B,0x940B,0x9C0B,
0x9C2C,0x9C4C,0x9C4C,0x9C4C,0x9C4C,0x9C4C,0x9C6C,0xA46D,0x9C6D,0xA48D,0xA48D,0xA48D,0xA48D,0xA48D,0xA4AD,0xA4AD,
0xA4AD,0xA4AD,0xA4AD,0xA4AD,0xA4AD,0xA4AD,0xA4AD,0xA4AD,0xA4CD,0xA4CD,0xA4AD,0xA4AD,0xACAD,0xAC8C,0xAC6C,0xAC6C,
0x020B,0x020B,0x0A0A,0x0A0A,0x01EA,0x01EA,0x01EA,0x09EA,0x01CA,0x01EA,0x01EA,0x01EA,0x01EA,0x01CA,0x01EA,0x01EA,
0x01EA,0x01EA,0x01EA,0x01EA,0x01EA,0x01EA,0x01EA,0x01EA,0x01EA,0x020A,0x020A,0x020B,0x01EB,0x01EB,0x01EB,0x0A6D,
0x0A6D,0x026D,0x026D,0x026D,0x026D,0x028D,0x028E,0x02AD,0x02AE,0x02AE,0x02AE,0x02AE,0x02AF,0x02AF,0x02CF,0x02CF,
0x02CF,0x02CF,0x02CF,0x02AF,0x02AE,0x0A8D,0x0A8D,0x126C,0x126C,0x0A2B,0x0A2C,0x0A4C,0x126C,0x126C,0x0A6C,0x126C,
0x128C,0x1A8B,0x1A8C,0x0A6C,0x128D,0x128D,0x0AAD,0x0AAE,0x0AAE,0x12EE,0x12EE,0x12EE,0x1AED,0x22ED,0x3AEB,0x9BE5,
0xB402,0x7B66,0x32CB,0x1AAD,0x0AAE,0x0ACE,0x02EF,0x0AEF,0x0AEF,0x0AEF,0x0ACF,0x0AEF,0x0AEF,0x0B10,0x0B10,0x0B10,
0x1310,0x1B0E,0x230E,0x230E,0x2B0E,0x330D,0x3B0D,0x4B0B,0x634B,0x532B,0x3B0D,0x3AEC,0x32EC,0x32CC,0x32EC,0x3AEC,
0x3AEC,0x3AEC,0x42EB,0x4B0B,0x4B0C,0x42EC,0x4B0C,0x4B2C,0x4B2C,0x4B2C,0x532C,0x532C,0x534C,0x4B2C,0x4B2D,0x4B4D,
0x534D,0x534D,0x536E,0x534E,0x534E,0x536E,0x536E,0x536E,0x5B8E,0x638E,0x638D,0x63AE,0x63AE,0x6BAD,0x6BCD,0x73CD,
0x6BCD,0x6BCE,0x6BCE,0x63CE,0x63AE,0x63CE,0x5BCE,0x53AE,0x4BAE,0x4BAF,0x5BAF,0x63EF,0x63EF,0x63F0,0x6BEF,0x740F,
0x7C2F,0x6BEF,0x63EF,0x63EF,0x63EF,0x5BCF,0x538F,0x538F,0x4B4E,0x4B6F,0x538E,0x536E,0x538F,0x4B6F,0x4B8F,0x538F,
0x538F,0x436E,0x4B6D,0x4B6D,0x434E,0x434E,0x434E,0x434E,0x434E,0x434E,0x434E,0x4B4E,0x434D,0x538E,0x536E,0x5B8E,
0x5B8E,0x5B8D,0x638D,0x5B8D,0x5B6E,0x5B6E,0x638D,0x5B8D,0x5B6C,0x638C,0x6B8C,0x73CD,0x6B8D,0x73AB,0x83CB,0x83CB,
0x83CB,0x8BCA,0x93C9,0xC464,0xBC64,0x8367,0x8347,0x8347,0x7307,0x5AA8,0x5A88,0x5A88,0x6AE7,0x5A87,0x5A87,0x6286,
0x6285,0x7AC4,0x7A82,0x82A2,0x8AC1,0x92E1,0x9B00,0xA300,0xA300,0xA320,0xA320,0x9B00,0x9B00,0x9B21,0xA342,0x9B21,
0x9B21,0x9B21,0x9B21,0x9B21,0xA342,0xA341,0x9B22,0xA342,0x9B43,0x9344,0x8B46,0x8B68,0x8BAA,0x93CB,0x93CB,0x93CB,
0x93CA,0x93EA,0x93AA,0x8B8A,0x8B69,0x8B69,0x8B48,0x8B48,0x8B48,0x8B68,0x8B48,0x8328,0x8B28,0x8B28,0x8B48,0x8348,
0x8B48,0x8B48,0x9BA7,0x9BA7,0x93A8,0x93A9,0x93A9,0x8BA9,0x8BAA,0x93AA,0x93EA,0x93EA,0x93EA,0x9C0B,0x9C2B,0x9C2C,
0x9C2C,0x9C4C,0x9C4C,0x9C4C,0x9C4C,0x9C6C,0x9C6C,0x9C6D,0xA46D,0xA48D,0xA48D,0xA48D,0xA48D,0xA48D,0xA4AD,0xA48D,
0xA4AD,0xA4AD,0xA4AD,0xA4AD,0xA4AD,0xA4AD,0xA4AD,0xA4AD,0xA4AD,0xA4AD,0xA4AD,0xA4AD,0xA4AC,0xAC8C,0xAC6C,0xA44B,
0x01EA,0x01EA,0x01EA,0x01EA,0x09C9,0x09E9,0x01CA,0x01C9,0x11E9,0x11E9,0x01EA,0x01CA,0x01EA,0x01CA,0x01CA,0x01EA,
0x01EA,0x01CA,0x01CA,0x01CA,0x01CA,0x01CA,0x01CA,0x01CA,0x01CA,0x01EA,0x01EA,0x01EA,0x01EA,0x01EB,0x01EB,0x024C,
0x026D,0x026D,0x024C,0x024C,0x026D,0x026D,0x028E,0x028D,0x028E,0x02AE,0x028E,0x028E,0x028E,0x02AE,0x02AF,0x02AF,
0x02CF,0x02CF,0x02AF,0x02AF,0x028E,0x028D,0x028D,0x126C,0x22AC,0x0A2B,0x022C,0x022C,0x0A4C,0x0A6C,0x0A6C,0x0A6C,
0x0A6C,0x0A6B,0x0A6C,0x0A8C,0x0A8C,0x0A6C,0x028D,0x028D,0x0AAE,0x0AAE,0x0ACE,0x1AED,0x22ED,0x2AEC,0x42CA,0x9BC4,
0xA3C2,0x7325,0x42EB,0x22AC,0x0AAE,0x02CE,0x02CE,0x02CE,0x02CF,0x0ACF,0x0ACF,0x0ACF,0x0AEF,0x0AEF,0x02EF,0x02EF,
0x0AEF,0x1AEE,0x230E,0x230D,0x2B0D,0x3B0D,0x430C,0x5B0A,0x734A,0x5B2A,0x3AEC,0x32EC,0x32EC,0x3ACC,0x3AEC,0x3AEC,
0x3AEC,0x42EC,0x4AEB,0x530B,0x4B0B,0x430C,0x430C,0x430C,0x432C,0x4B0C,0x4B2C,0x532C,0x534D,0x534D,0x4B2D,0x532D,
0x532D,0x534D,0x534D,0x536E,0x536E,0x536E,0x536E,0x536E,0x5B6E,0x5B8E,0x638D,0x63AE,0x63AE,0x6BCD,0x6BCD,0x73CD,
0x6BCD,0x6BCE,0x6BCE,0x63CE,0x5BCE,0x5BAF,0x53AF,0x4BAE,0x4BAF,0x4B8F,0x53AF,0x5BCF,0x5BCF,0x63EF,0x6BF0,0x740F,
0x6C0F,0x6BEF,0x63CF,0x63CF,0x63CF,0x5BCF,0x538F,0x4B8F,0x4B4E,0x4B6F,0x4B6E,0x4B6E,0x4B6E,0x4B6E,0x436E,0x4B8F,
0x538F,0x434E,0x538D,0x63CE,0x434E,0x434E,0x434E,0x434E,0x434E,0x3B4E,0x434E,0x434E,0x434D,0x4B4D,0x536E,0x538E,
0x5B6E,0x5B6D,0x5B8D,0x5B8D,0x5B6E,0x5B8E,0x5B6D,0x5B8D,0x5B6C,0x6BAC,0x6B6B,0x73AC,0x738B,0x83CB,0x93EB,0x8BCA,
0x8BCA,0x9BC8,0xA3E7,0xCC83,0xC463,0x9366,0x8B66,0x9386,0x7B26,0x5AC7,0x5288,0x5288,0x5A87,0x5A67,0x5A87,0x6286,
0x6A84,0x82C3,0x8AC1,0x8AC1,0x92E1,0x9AE0,0x9AE0,0x9B20,0xA300,0xA300,0x9B00,0x9B00,0x92E0,0x9B00,0x9B01,0x9B20,
0x9B20,0x9B20,0xA341,0x9B21,0x9B21,0x9B22,0x9B42,0x9B42,0x9B22,0x9344,0x8B47,0x8B89,0x8BAA,0x8BCB,0x8BCB,0x93CA,
0x93EA,0x93EA,0x8BA9,0x8B69,0x8B69,0x8B49,0x8B48,0x8B48,0x8B48,0x8B48,0x8B48,0x8328,0x8328,0x8328,0x8348,0x8348,
0x8B48,0x9347,0x9B87,0x9387,0x9387,0x9389,0x8B89,0x8BA9,0x8BAA,0x93AA,0x93CA,0x93EA,0x93CA,0x93EB,0x9C0B,0x9C2B,
0x9C2B,0x9C4C,0x9C4C,0x9C4C,0x9C4C,0x9C4C,0x9C4C,0x9C6D,0x9C8D,0xA48D,0xA48D,0xA48D,0xA48D,0xA48D,0xA48D,0xA48D,
0xA4AD,0xA4AD,0xA4AD,0xA4AD,0xA4AD,0xA4AD,0xA4AD,0xA4AD,0xA4AD,0xA4AD,0xA4AD,0xA48D,0xA48C,0xA46C,0xA46C,0xA44B,
};
