#pragma once
#include <pgmspace.h>

const uint16_t backgroundSpace02[76800] PROGMEM = {
0x08C9,0x08C9,0x08E9,0x08E9,0x08C9,0x08A8,0x08C9,0x08E9,0x08E9,0x08E9,0x08E9,0x08E9,0x08E9,0x08E9,0x08C9,0x08C9,
0x10E9,0x10E9,0x08E9,0x08C9,0x08C9,0x08C9,0x08C9,0x08E9,0x08C9,0x08C9,0x08C9,0x08C9,0x08C9,0x08C9,0x08C9,0x08C9,
0x08C9,0x08C9,0x08C9,0x08C9,0x08C9,0x08C9,0x08C9,0x08C9,0x08C8,0x08C9,0x08E9,0x08E9,0x08C9,0x08C9,0x08C9,0x08C9,
0x08E9,0x0067,0x10E9,0x112A,0x0067,0x00A8,0x110A,0x08A8,0x08C8,0x08C8,0x08C8,0x08C8,0x08C8,0x08C8,0x08C8,0x08C8,
0x08C9,0x08C9,0x08C9,0x08C9,0x08C9,0x08C9,0x08C9,0x08C9,0x08C9,0x08C9,0x08C9,0x08C9,0x08C9,0x08C9,0x08C9,0x08C9,
0x08C8,0x08C8,0x08C9,0x08C9,0x08C8,0x08C8,0x08C9,0x08E9,0x08C8,0x08C8,0x08C9,0x08E9,0x08E9,0x08C9,0x08C8,0x08C8,
0x08C9,0x08C9,0x08C9,0x08C9,0x08C9,0x08C9,0x08C9,0x08C9,0x08C8,0x08C8,0x08A8,0x00A8,0x08A8,0x1109,0x194A,0x194B,
0x08C8,0x08C8,0x08C8,0x08C9,0x08C9,0x08C9,0x08C9,0x08C9,0x08C8,0x08C8,0x08C8,0x08C8,0x08C8,0x08C8,0x08C8,0x08C9,
0x08E9,0x08C9,0x08C9,0x10E9,0x08A9,0x0088,0x194B,0x3A2F,0x08C9,0x08C9,0x08C9,0x08C9,0x08C9,0x08C9,0x08C9,0x08C9,
0x08E9,0x08E9,0x08E9,0x08E9,0x08E9,0x08E9,0x08E9,0x08E9,0x08E9,0x08C8,0x08E9,0x08C9,0x08C9,0x08E9,0x00A8,0x08C9,
0x08C8,0x08C8,0x08C8,0x08C8,0x08C9,0x08C9,0x08C9,0x08C9,0x08E9,0x08E9,0x08E9,0x08E9,0x08E9,0x08E9,0x08E9,0x08E9,
0x08E9,0x08E9,0x08E9,0x08E9,0x08E9,0x08E9,0x08E9,0x08E9,0x08E9,0x112A,0x194B,0x1109,0x08C8,0x08E9,0x08E9,0x08E9,
0x08E9,0x08E9,0x08E9,0x08E9,0x08E9,0x08E9,0x08E9,0x08E9,0x08E9,0x08E9,0x08E9,0x08E9,0x08E9,0x08E9,0x08E9,0x08E9,
0x08E9,0x08E9,0x08E9,0x08E9,0x08E9,0x08E9,0x08E9,0x08E9,0x08E9,0x08E9,0x08E9,0x08E9,0x08E9,0x08E9,0x08E9,0x08E9,
0x08C8,0x08E9,0x10E9,0x08C9,0x08A8,0x00A8,0x08C9,0x110A,0x08C9,0x08C9,0x08C9,0x08C9,0x08C9,0x08C9,0x08C9,0x08C8,
0x08C9,0x08C8,0x08C8,0x08A8,0x00A8,0x08E9,0x10E9,0x00A7,0x08C8,0x00A7,0x08E8,0x00A7,0x0067,0x192A,0x216B,0x0067,
0x00C8,0x00C8,0x00C8,0x00C8,0x08A8,0x08A8,0x08A8,0x08A8,0x08A8,0x08A8,0x08C8,0x08A8,0x08A8,0x08A8,0x10E9,0x192A,
0x0888,0x08A7,0x08A7,0x08A8,0x08A8,0x08A8,0x08A8,0x08A8,0x08C8,0x08C8,0x08A8,0x08A8,0x00A8,0x00A8,0x00C8,0x08C8,
0x08A8,0x08A8,0x08C8,0x1108,0x08C7,0x0066,0x29CB,0x1929,0x08A8,0x08A8,0x08A8,0x08A8,0x08A8,0x08A8,0x08A7,0x08A7,
0x08A8,0x08A8,0x08A8,0x10C8,0x10C8,0x10C8,0x10C8,0x10E8,0x10E8,0x08A7,0x10C8,0x10C9,0x08A8,0x10C9,0x10C9,0x08A9,
0x08C9,0x1109,0x08C9,0x08A8,0x110A,0x21AC,0x218C,0x10E9,0x08E9,0x08E9,0x08E9,0x08E9,0x08E9,0x08E9,0x08C9,0x08C9,
0x08C9,0x08C9,0x10E9,0x10E9,0x10E9,0x08E9,0x08C9,0x08A8,0x08C9,0x08C9,0x08C9,0x08C9,0x08C9,0x08C9,0x08C9,0x08C9,
0x08C9,0x08C9,0x08C9,0x08C9,0x08C9,0x08C9,0x08C9,0x08C9,0x08C9,0x08C9,0x08C9,0x08C9,0x08C9,0x08C9,0x08C9,0x08C9,
0x0088,0x1109,0x08C9,0x08A8,0x192A,0x110A,0x00A8,0x08E9,0x08C8,0x08C8,0x08C8,0x08C8,0x08C8,0x08C8,0x08C8,0x08C8,
0x08C9,0x08C9,0x08C9,0x08C9,0x08C9,0x08C9,0x08C9,0x08C9,0x08C9,0x08C9,0x08C9,0x08C9,0x08C9,0x08C9,0x08C9,0x08C9,
0x08C8,0x08C9,0x08E9,0x08C9,0x08C8,0x08C8,0x08C8,0x08C9,0x08C8,0x08C8,0x08C9,0x08C9,0x08C9,0x08C9,0x08C8,0x08C8,
0x08C9,0x08C9,0x08C9,0x08C9,0x08C9,0x08C9,0x08C9,0x08C9,0x08C8,0x08E9,0x08E9,0x08C8,0x08C8,0x08E9,0x08E9,0x08C8,
0x08C8,0x08C8,0x08C8,0x08C9,0x08C9,0x08C9,0x08C9,0x08C9,0x08C9,0x08C9,0x08C9,0x08C9,0x08C9,0x08C9,0x08C9,0x08C9,
0x08C9,0x08A9,0x08E9,0x110A,0x08E9,0x00A8,0x08C9,0x194B,0x08C9,0x08C9,0x08C9,0x08C9,0x08C9,0x08C9,0x08C9,0x08C9,
0x08E9,0x08E9,0x08E9,0x08E9,0x08E9,0x08E9,0x08E9,0x08E9,0x08C8,0x08E9,0x00A8,0x08C9,0x08C9,0x00C8,0x1109,0x08C9,
0x08C9,0x08C9,0x08C9,0x08C9,0x08C9,0x08C9,0x08C9,0x08C9,0x08E9,0x08E9,0x08E9,0x08E9,0x08E9,0x08E9,0x08E9,0x08E9,
0x08E9,0x08E9,0x08E9,0x08E9,0x08E9,0x08E9,0x08E9,0x08E9,0x08C9,0x110A,0x112A,0x08E9,0x08C8,0x08E9,0x08E9,0x08E9,
0x08E9,0x08E9,0x08E9,0x08E9,0x08E9,0x08E9,0x08E9,0x08E9,0x08E9,0x08E9,0x08E9,0x08E9,0x08E9,0x08E9,0x08E9,0x08E9,
0x08E9,0x08E9,0x08E9,0x08E9,0x08E9,0x08E9,0x08E9,0x08E9,0x08E9,0x08E9,0x08E9,0x08E9,0x08E9,0x08E9,0x08E9,0x08E9,
0x08C8,0x08C8,0x08C8,0x08C9,0x08C9,0x08C9,0x08C9,0x08E9,0x08C9,0x08C9,0x08C9,0x08E9,0x10E9,0x10E9,0x08E9,0x08C9,
0x08C9,0x08A8,0x08C8,0x08E9,0x08A8,0x08A8,0x08C8,0x08C8,0x08A8,0x0087,0x08E8,0x08C8,0x00A7,0x194A,0x218B,0x08C8,
0x08C8,0x08C8,0x08C8,0x08C8,0x08C8,0x08C8,0x08C8,0x08C8,0x08A8,0x08C8,0x08C8,0x08A8,0x08A8,0x08A8,0x10C9,0x10E9,
0x0888,0x08A7,0x08A8,0x08A8,0x08A8,0x08A8,0x08A8,0x08A8,0x08C8,0x08C8,0x08A8,0x08A8,0x00A8,0x00A8,0x00C8,0x00C8,
0x1109,0x08C8,0x0087,0x08A7,0x08A7,0x08A7,0x426E,0x3A2D,0x08A8,0x08A8,0x08A8,0x08A8,0x08A8,0x08A8,0x08A7,0x08A7,
0x10C8,0x10A8,0x08A8,0x08A8,0x10C8,0x10C8,0x10C7,0x08A7,0x10E8,0x10C7,0x10C8,0x10C8,0x08A8,0x10A8,0x10C9,0x10A9,
0x10E9,0x1109,0x08C9,0x00A8,0x110A,0x218C,0x196B,0x08A8,0x08E9,0x08E9,0x08E9,0x08E9,0x08E9,0x08E9,0x08C9,0x08C9,
0x08C9,0x08C9,0x08E9,0x08E9,0x08E9,0x08C9,0x08C9,0x08C8,0x08C9,0x08C9,0x08C9,0x08C9,0x08C9,0x08C9,0x08C9,0x08C9,
0x08C9,0x08C9,0x08C9,0x08C9,0x08C9,0x08C9,0x08C9,0x08C9,0x10E9,0x08C9,0x08A8,0x08C8,0x08C9,0x08E9,0x08C9,0x08A8,
0x10E9,0x10E9,0x08C9,0x08A8,0x0088,0x0088,0x08A8,0x08E9,0x08C8,0x08C8,0x08C8,0x08C8,0x08C8,0x08C8,0x08C8,0x08C8,
0x08C9,0x08C9,0x08C9,0x08C9,0x08C9,0x08C9,0x08C9,0x08C9,0x08C9,0x08C9,0x08C9,0x08C9,0x08C9,0x08C9,0x08C9,0x08C9,
0x08C9,0x08E9,0x08E9,0x08C9,0x08C8,0x08C8,0x08C8,0x08C8,0x08E9,0x08C9,0x08C8,0x08C8,0x08C8,0x08C8,0x08C9,0x08E9,
0x08C9,0x08C9,0x08C9,0x08C9,0x08C9,0x08C9,0x08C9,0x08C9,0x08C8,0x08C9,0x08E9,0x08C9,0x08C9,0x08E9,0x08C8,0x08A8,
0x08C8,0x08C8,0x08C8,0x08C9,0x08C9,0x08C9,0x08C9,0x08C9,0x08E9,0x08E9,0x08E9,0x08E9,0x08E9,0x08E9,0x08E9,0x08E9,
0x08C9,0x08C9,0x08E9,0x10EA,0x08E9,0x08C9,0x00A8,0x00A8,0x08C9,0x08C9,0x08C9,0x08C9,0x08C9,0x08C9,0x08C9,0x08C9,
0x08E9,0x08E9,0x08E9,0x08E9,0x08E9,0x08E9,0x08E9,0x08E9,0x08E9,0x08C8,0x08C9,0x08E9,0x0909,0x08E9,0x08E9,0x0909,
0x08C9,0x08C9,0x08C9,0x08C9,0x08C9,0x08E9,0x08E9,0x08E9,0x08E9,0x08E9,0x08E9,0x08E9,0x08E9,0x08E9,0x08E9,0x08E9,
0x08E9,0x08E9,0x08E9,0x08E9,0x08E9,0x08E9,0x08E9,0x08E9,0x08C9,0x08E9,0x0909,0x08C9,0x08C8,0x08E9,0x08E9,0x08C9,
0x08E9,0x08E9,0x08E9,0x08E9,0x08E9,0x08E9,0x08E9,0x08E9,0x08E9,0x08E9,0x08E9,0x08E9,0x08E9,0x08E9,0x08E9,0x08E9,
0x08E9,0x08E9,0x08E9,0x08E9,0x08E9,0x08E9,0x08E9,0x08E9,0x08E9,0x08E9,0x08E9,0x08E9,0x08E9,0x08E9,0x08E9,0x08E9,
0x08C9,0x08A8,0x08A8,0x08C8,0x08E9,0x08E9,0x08C9,0x08A8,0x08C8,0x08C9,0x08C9,0x08E9,0x10E9,0x10E9,0x08E9,0x08C9,
0x08E9,0x00A8,0x08C8,0x1109,0x08A8,0x0087,0x00A8,0x08C8,0x08C8,0x00A7,0x08C8,0x08E8,0x00A7,0x08E8,0x1129,0x00A8,
0x08C8,0x08C8,0x08C8,0x08C8,0x08C8,0x08C8,0x08C8,0x08C8,0x08A8,0x08C8,0x08C8,0x08A8,0x08A8,0x08A8,0x08A8,0x08C9,
0x08A8,0x08A8,0x08A8,0x08C8,0x08C8,0x08C8,0x08C8,0x08C8,0x08C8,0x08C8,0x00A8,0x00A8,0x00A8,0x00A8,0x00C8,0x00C8,
0x08A8,0x08A8,0x08C8,0x1108,0x08C7,0x0066,0x1109,0x0066,0x08A8,0x08A8,0x08A8,0x08A8,0x10A8,0x10A8,0x10C7,0x08A7,
0x10C8,0x10A8,0x10A7,0x10A7,0x10C7,0x10C7,0x10C7,0x10A6,0x18E7,0x10C7,0x10C7,0x10C8,0x10A7,0x10A8,0x10C9,0x10A8,
0x10E9,0x08C9,0x08C9,0x08E9,0x08E9,0x08C8,0x08A8,0x08C9,0x08E9,0x08E9,0x08E9,0x08E9,0x08E9,0x08E9,0x08C9,0x08C9,
0x10E9,0x08E9,0x08C9,0x08A8,0x08A8,0x08C9,0x08C9,0x08E9,0x08C9,0x08C9,0x08C9,0x08C9,0x08C9,0x08C9,0x08C9,0x08C9,
0x08C9,0x08C9,0x08C9,0x08C9,0x08C9,0x08C9,0x08C9,0x08C9,0x08E9,0x08E9,0x08E9,0x08E9,0x08E9,0x08E9,0x08C9,0x08C8,
0x110A,0x08A8,0x08A8,0x08C8,0x08A8,0x08C9,0x08E9,0x00A8,0x08C9,0x08C9,0x08C9,0x08C9,0x08C9,0x08C9,0x08C9,0x08C9,
0x08C9,0x08C9,0x08C9,0x08C9,0x08C9,0x08C9,0x08C9,0x08C9,0x08C9,0x08C9,0x08C9,0x08C9,0x08C9,0x08C9,0x08C9,0x08C9,
0x08C8,0x08C9,0x08E9,0x08C9,0x08C8,0x08C8,0x08C8,0x08C9,0x08C9,0x08C9,0x08C8,0x08C8,0x08C8,0x08C8,0x08C9,0x08C9,
0x08C9,0x08C9,0x08C9,0x08C9,0x08C9,0x08C9,0x08C9,0x08C9,0x10E9,0x10E9,0x08E9,0x08A8,0x08A8,0x08C9,0x08E9,0x08E9,
0x08C8,0x08C8,0x08C8,0x08C9,0x08C9,0x08C9,0x08C9,0x08C9,0x08E9,0x08E9,0x08E9,0x08E9,0x08E9,0x08E9,0x08E9,0x08E9,
0x08E9,0x08E9,0x08C9,0x08A9,0x08C9,0x08C9,0x08C9,0x08C9,0x08C9,0x08C9,0x08C9,0x08C9,0x08C9,0x08C9,0x08C9,0x08C9,
0x08E9,0x08E9,0x08E9,0x08E9,0x08E9,0x08E9,0x08E9,0x08E9,0x08E9,0x00A8,0x112A,0x0067,0x0067,0x112A,0x00A8,0x08E9,
0x08E9,0x08E9,0x08E9,0x08E9,0x08E9,0x08E9,0x08E9,0x08E9,0x08E9,0x08E9,0x08E9,0x08E9,0x08E9,0x08E9,0x08E9,0x08E9,
0x08E9,0x08E9,0x08E9,0x08E9,0x08E9,0x08E9,0x08E9,0x08E9,0x08C9,0x08E9,0x08E9,0x08C8,0x08C9,0x08E9,0x08E9,0x08C9,
0x08E9,0x08E9,0x08E9,0x08E9,0x08E9,0x08E9,0x08E9,0x08E9,0x08E9,0x08E9,0x08E9,0x08E9,0x08E9,0x08E9,0x08E9,0x08E9,
0x08E9,0x08E9,0x08E9,0x08E9,0x08E9,0x08E9,0x08E9,0x08E9,0x08E9,0x08E9,0x08E9,0x08E9,0x08E9,0x08E9,0x08E9,0x08E9,
0x08E9,0x08C9,0x08C9,0x08C9,0x08C9,0x08C9,0x08C9,0x08A8,0x08C9,0x08C8,0x08C9,0x08C9,0x08C9,0x08C9,0x08C9,0x08C8,
0x08E9,0x08A8,0x08C9,0x08E9,0x08A8,0x00A8,0x08A8,0x00A8,0x08E8,0x00A8,0x08C8,0x08E8,0x00A7,0x00A7,0x08C8,0x00A7,
0x08C8,0x08C8,0x08C8,0x08C8,0x08C8,0x08C8,0x08C8,0x08C8,0x08A8,0x08A8,0x08C8,0x08A8,0x08A8,0x08A8,0x08A8,0x08A8,
0x08A8,0x08A8,0x08C8,0x08C8,0x08C8,0x08C8,0x08C8,0x08C8,0x08C8,0x08C8,0x00A8,0x00A8,0x00A8,0x00A8,0x00C8,0x00C8,
0x08C8,0x08A8,0x08A7,0x10E8,0x08C7,0x0087,0x10E8,0x0067,0x08A8,0x08A8,0x08A8,0x10C8,0x10C8,0x10C8,0x10C8,0x10A7,
0x10A7,0x10C8,0x10C8,0x10C7,0x10A6,0x10C6,0x10C7,0x10E7,0x10C6,0x10A6,0x10C7,0x18E7,0x10C7,0x10C8,0x18E8,0x10A8,
0x08C9,0x08C8,0x08E9,0x1109,0x08E9,0x08A8,0x08C9,0x110A,0x08E9,0x08E9,0x08E9,0x08E9,0x08E9,0x08E9,0x08C9,0x08C9,
0x08E9,0x08C9,0x08C9,0x08C9,0x08C9,0x08C9,0x08E9,0x08E9,0x08C9,0x08C9,0x08C9,0x08C9,0x08C9,0x08C9,0x08C9,0x08C9,
0x08E9,0x08E9,0x08E9,0x08E9,0x08E9,0x08E9,0x08E9,0x08E9,0x08C9,0x10E9,0x110A,0x110A,0x10E9,0x08C9,0x08C9,0x08C9,
0x0088,0x110A,0x0088,0x08C9,0x322E,0x29ED,0x08A8,0x00A8,0x08C9,0x08C9,0x08C9,0x08C9,0x08C9,0x08C9,0x08C9,0x08C9,
0x08C9,0x08C9,0x08C9,0x08C9,0x08C9,0x08C9,0x08C9,0x08C9,0x08C9,0x08C9,0x08C9,0x08C9,0x08C9,0x08C9,0x08C9,0x08C9,
0x08C8,0x08C8,0x08C9,0x08C9,0x08C8,0x08C8,0x08C9,0x08E9,0x08C8,0x08C8,0x08C9,0x08E9,0x08E9,0x08C9,0x08C8,0x08C8,
0x08C9,0x08C9,0x08C9,0x08C9,0x08C9,0x08C9,0x08C9,0x08C9,0x112A,0x112A,0x10E9,0x08C8,0x00A8,0x08C8,0x08C8,0x08C8,
0x08C8,0x08C8,0x08C8,0x08C9,0x08C9,0x08C9,0x08C9,0x08C9,0x08C9,0x08C9,0x08C9,0x08C9,0x08C9,0x08C9,0x08C9,0x08C9,
0x08C9,0x08E9,0x08C9,0x08A8,0x08A8,0x08C9,0x10EA,0x10E9,0x08C9,0x08C9,0x08C9,0x08C9,0x08C9,0x08C9,0x08C9,0x08C9,
0x08E9,0x08E9,0x08E9,0x08E9,0x08E9,0x08E9,0x08E9,0x08E9,0x00C8,0x08E9,0x08C9,0x00C8,0x08C8,0x08E9,0x08E9,0x00A8,
0x08C9,0x08C9,0x08C9,0x08E9,0x08E9,0x08E9,0x08E9,0x08E9,0x08C9,0x08C9,0x08C9,0x08C9,0x08C9,0x08C9,0x08C9,0x08C9,
0x08C9,0x08C9,0x08C9,0x08C9,0x08C9,0x08C9,0x08C9,0x08C9,0x08C9,0x08C9,0x08C9,0x08C9,0x08E9,0x08E9,0x08E9,0x08C9,
0x08C9,0x08C9,0x08C9,0x08C9,0x08C9,0x08C9,0x08C9,0x08C9,0x08C9,0x08C9,0x08C9,0x08C9,0x08C9,0x08C9,0x08C9,0x08E9,
0x08E9,0x08E9,0x08E9,0x08E9,0x08E9,0x08E9,0x08E9,0x08E9,0x08E9,0x08E9,0x08E9,0x08E9,0x08E9,0x08E9,0x08E9,0x08E9,
0x08C9,0x08E9,0x10E9,0x08E9,0x08C8,0x08A8,0x08C9,0x1109,0x08E9,0x08C9,0x08C9,0x08C8,0x08C8,0x08C9,0x08C9,0x08C8,
0x08C9,0x08C9,0x08C9,0x08A8,0x08A8,0x110A,0x110A,0x00A8,0x08C8,0x00A8,0x08C8,0x08E9,0x08C8,0x08A8,0x08C8,0x10E9,
0x08C8,0x08C8,0x08C8,0x08C8,0x08C8,0x08C8,0x08C8,0x08C8,0x08A8,0x08A8,0x08A8,0x08A8,0x08A8,0x08A8,0x08A8,0x08A8,
0x08A8,0x08C8,0x08C9,0x08C9,0x08C9,0x08C8,0x08C8,0x08C8,0x00C8,0x00C8,0x00A8,0x00C8,0x00C8,0x00C8,0x00C8,0x00C8,
0x10E9,0x10C9,0x0087,0x08A8,0x08A7,0x08C8,0x1929,0x1909,0x10A8,0x10A8,0x10C8,0x10C8,0x10C8,0x10C8,0x10C8,0x10C7,
0x10A7,0x18E7,0x1907,0x10C6,0x0885,0x10A5,0x10C6,0x18E6,0x0885,0x0884,0x10C5,0x18E7,0x18E7,0x18E7,0x18E7,0x10C7,
0x08C9,0x1109,0x10E9,0x08C8,0x08C9,0x110A,0x110A,0x08C8,0x08E9,0x08E9,0x08E9,0x08E9,0x08E9,0x08E9,0x08C9,0x08C9,
0x00A8,0x08C9,0x10E9,0x112A,0x112A,0x1109,0x08C9,0x08A8,0x08C9,0x08C9,0x08C9,0x08C9,0x08C9,0x08C9,0x08C9,0x08C9,
0x08E9,0x08E9,0x08E9,0x08E9,0x08E9,0x08E9,0x08E9,0x08E9,0x08A8,0x10E9,0x112A,0x110A,0x08E9,0x08C9,0x08C9,0x10E9,
0x00A8,0x110A,0x194A,0x216B,0x29AC,0x196B,0x08E9,0x08C9,0x08C9,0x08C9,0x08C9,0x08C9,0x08C9,0x08C9,0x08C9,0x08C9,
0x08C9,0x08C9,0x08C9,0x08C9,0x08C9,0x08C9,0x08C9,0x08C9,0x08C9,0x08C9,0x08C9,0x08C9,0x08C9,0x08C9,0x08C9,0x08C9,
0x08C8,0x08C8,0x08C9,0x08C9,0x08C8,0x08C8,0x08E9,0x08E9,0x08C8,0x08C8,0x08E9,0x08E9,0x08E9,0x08E9,0x08C8,0x08C8,
0x08C9,0x08C9,0x08C9,0x08C9,0x08C9,0x08C9,0x08C9,0x08C9,0x08E9,0x10E9,0x10E9,0x08C8,0x08C8,0x08C9,0x08C9,0x08C8,
0x08C8,0x08C8,0x08C8,0x08C9,0x08C9,0x08C9,0x08C9,0x08C9,0x08C8,0x08C8,0x08C8,0x08C8,0x08C8,0x08C8,0x08C8,0x08C9,
0x0088,0x08C9,0x08E9,0x08E9,0x08C9,0x08C9,0x08C9,0x08C9,0x08C9,0x08C9,0x08C9,0x08C9,0x08C9,0x08C9,0x08C9,0x08C9,
0x08E9,0x08E9,0x08E9,0x08E9,0x08E9,0x08E9,0x08E9,0x08E9,0x08E9,0x08E9,0x0046,0x4AF1,0x4AF1,0x0067,0x110A,0x08E9,
0x08C9,0x08C9,0x08C9,0x08C9,0x08E9,0x08E9,0x08E9,0x08E9,0x08C9,0x08C9,0x08C9,0x08C9,0x08C9,0x08C9,0x08C9,0x08C9,
0x08C9,0x08C9,0x08C9,0x08C9,0x08C9,0x08C9,0x08C9,0x08C9,0x08E9,0x08E9,0x08C9,0x08C9,0x08E9,0x08E9,0x08E9,0x08C9,
0x08C9,0x08C9,0x08C9,0x08C9,0x08C9,0x08C9,0x08C9,0x08C9,0x08C9,0x08C9,0x08C9,0x08C9,0x08C9,0x08C9,0x08C9,0x08C9,
0x08E9,0x08E9,0x08E9,0x08E9,0x08E9,0x08E9,0x08E9,0x08E9,0x08E9,0x08E9,0x08E9,0x08E9,0x08E9,0x08E9,0x08E9,0x08E9,
0x08A8,0x08C9,0x10E9,0x08E9,0x08A8,0x08C8,0x10E9,0x192A,0x110A,0x10E9,0x08C9,0x08C9,0x08C9,0x08C9,0x08C9,0x08C9,
0x00A8,0x08C8,0x08C9,0x00A8,0x08C8,0x194B,0x196B,0x08C8,0x08C8,0x08C8,0x08C8,0x08E8,0x08E8,0x08A8,0x08A8,0x08E9,
0x08C8,0x08C8,0x08C8,0x08C8,0x08C8,0x08C8,0x08C8,0x08C8,0x08A8,0x08A8,0x08A8,0x08A8,0x08A8,0x08A8,0x08A8,0x08A8,
0x08A8,0x08C8,0x08C8,0x08C9,0x08C9,0x08C9,0x08C9,0x08C8,0x00C8,0x00C8,0x00C8,0x00C8,0x00C8,0x00C8,0x00C8,0x00C8,
0x0088,0x08C8,0x08A8,0x10E9,0x08C8,0x10C8,0x0066,0x0046,0x10C8,0x10C8,0x10C8,0x10C8,0x10C8,0x10C8,0x10C8,0x10C7,
0x10C6,0x18E7,0x1907,0x10A5,0x0884,0x1084,0x10A5,0x10A4,0x0863,0x0863,0x10A4,0x18E6,0x18E6,0x18E6,0x1907,0x18C6,
0x10E9,0x1109,0x08E9,0x08A8,0x08C9,0x110A,0x08E9,0x0088,0x08E9,0x08E9,0x08E9,0x08E9,0x08E9,0x08E9,0x08C9,0x08C9,
0x00A8,0x08C8,0x10E9,0x110A,0x110A,0x10E9,0x08C9,0x08A8,0x08C9,0x08C9,0x08C9,0x08C9,0x08C9,0x08C9,0x08C9,0x08C9,
0x08C9,0x08C9,0x08C9,0x08C9,0x08C9,0x08C9,0x08C9,0x08C9,0x08C9,0x08E9,0x1109,0x10E9,0x08C9,0x08C9,0x08C9,0x10E9,
0x1109,0x08C8,0x216B,0x218C,0x0067,0x0067,0x112A,0x08C9,0x08C9,0x08C9,0x08C9,0x08C9,0x08C9,0x08C9,0x08C9,0x08C9,
0x08C9,0x08C9,0x08C9,0x08C9,0x08C9,0x08C9,0x08C9,0x08C9,0x08C9,0x08C9,0x08C9,0x08C9,0x08C9,0x08C9,0x08C9,0x08C9,
0x08C9,0x08C9,0x08C9,0x08C9,0x08C9,0x08C9,0x08C9,0x08E9,0x08C9,0x08C9,0x08C9,0x08E9,0x08E9,0x08C9,0x08C9,0x08C9,
0x08C9,0x08C9,0x08C9,0x08C9,0x08C9,0x08C9,0x08C9,0x08C9,0x00A8,0x08C8,0x08C9,0x08C9,0x08C9,0x10E9,0x08E9,0x08C9,
0x08C9,0x08C9,0x08C9,0x08C9,0x08C9,0x08C9,0x08C9,0x08C9,0x08C9,0x08C9,0x08C9,0x08C9,0x08C9,0x08C9,0x08C9,0x08C9,
0x08A9,0x08A9,0x08C9,0x10E9,0x10E9,0x08C9,0x08C9,0x08C9,0x08C9,0x08C9,0x08C9,0x08C9,0x08C9,0x08C9,0x08C9,0x08C9,
0x08C9,0x08C9,0x08C9,0x08C9,0x08C9,0x08C9,0x08C9,0x08C9,0x110A,0x08C9,0x0067,0x4AF2,0x5312,0x0088,0x08C9,0x08EA,
0x08C9,0x08C9,0x08C9,0x08C9,0x08C9,0x08C9,0x08E9,0x08E9,0x08C9,0x08C9,0x08C9,0x08C9,0x08C9,0x08C9,0x08C9,0x08C9,
0x08C9,0x08C9,0x08C9,0x08C9,0x08C9,0x08C9,0x08C9,0x08C9,0x08E9,0x08E9,0x08E9,0x08E9,0x08E9,0x08C9,0x08C9,0x08E9,
0x08C9,0x08C9,0x08C9,0x08C9,0x08C9,0x08C9,0x08C9,0x08C9,0x08C9,0x08C9,0x08C9,0x08C9,0x08C9,0x08C9,0x08C9,0x08C9,
0x08E9,0x08E9,0x08E9,0x08E9,0x08E9,0x08E9,0x08E9,0x08E9,0x08E9,0x08E9,0x08E9,0x08E9,0x08E9,0x08E9,0x08E9,0x08E9,
0x08C9,0x08C9,0x08E9,0x08C9,0x08C9,0x08C9,0x10E9,0x110A,0x1109,0x10E9,0x08C9,0x08C9,0x08C9,0x08C9,0x08C9,0x08C9,
0x08C9,0x08C9,0x08C9,0x08C8,0x08C9,0x112A,0x192A,0x08C8,0x08E9,0x08E9,0x08C8,0x08C8,0x08C8,0x00A8,0x0087,0x00A8,
0x08C8,0x08C8,0x08C8,0x08C8,0x08C8,0x08C8,0x08C8,0x08C8,0x08C8,0x08C8,0x08A8,0x08A8,0x08A8,0x08A8,0x08A8,0x08A8,
0x08A8,0x00A9,0x08C9,0x08C9,0x08C9,0x08C9,0x08C8,0x08C8,0x00C8,0x00C8,0x00A8,0x00A8,0x00C8,0x00C8,0x00C8,0x00C8,
0x08A8,0x08C8,0x0888,0x08C8,0x0888,0x10E9,0x08A8,0x1909,0x10C7,0x10C7,0x10C7,0x10C8,0x10C8,0x10C8,0x10C8,0x10C7,
0x18E7,0x18E6,0x18C5,0x1084,0x10A4,0x18E5,0x18E5,0x10A3,0x0862,0x0862,0x10A4,0x18E5,0x18E5,0x18E6,0x2127,0x1906,
0x08E9,0x08A8,0x08C8,0x10E9,0x10E9,0x08A8,0x08A8,0x110A,0x08E9,0x08E9,0x08E9,0x08E9,0x08E9,0x08E9,0x08C9,0x08C9,
0x08C9,0x08C9,0x08C8,0x08A8,0x08C8,0x08C9,0x08E9,0x10E9,0x08C9,0x08C9,0x08C9,0x08C9,0x08C9,0x08C9,0x08C9,0x08C9,
0x08C9,0x08C9,0x08C9,0x08C9,0x08C9,0x08C9,0x08C9,0x08C9,0x08E9,0x08C9,0x08C9,0x08C9,0x08C8,0x08C9,0x08C9,0x08E9,
0x08C9,0x08C8,0x08A8,0x08C8,0x10E9,0x10E9,0x08C9,0x08C8,0x08C9,0x08C9,0x08C9,0x08C9,0x08C9,0x08C9,0x08C9,0x08C9,
0x08C9,0x08C9,0x08C9,0x08C9,0x08C9,0x08C9,0x08C9,0x08C9,0x08C9,0x08C9,0x08C9,0x08C9,0x08C9,0x08C9,0x08C9,0x08C9,
0x08C9,0x08E9,0x08E9,0x08C9,0x08C9,0x08C9,0x08C9,0x08C9,0x08C9,0x08C9,0x08C9,0x08C9,0x08C9,0x08C9,0x08C9,0x08C9,
0x08C9,0x08C9,0x08C9,0x08C9,0x08C9,0x08C9,0x08C9,0x08C9,0x08E9,0x10E9,0x08E9,0x08C9,0x08C8,0x08C9,0x08C9,0x08C8,
0x08C9,0x08C9,0x08C9,0x08C9,0x08C9,0x08C9,0x08C9,0x08C9,0x08C9,0x08C9,0x08C9,0x08C9,0x08C9,0x08C9,0x08C9,0x08C9,
0x110A,0x08C9,0x00A8,0x08C9,0x08E9,0x08C9,0x08E9,0x110A,0x08C9,0x08C9,0x08C9,0x08C9,0x08C9,0x08C9,0x08C9,0x08C9,
0x08C9,0x08C9,0x08C9,0x08C9,0x08C9,0x08C9,0x08C9,0x08C9,0x08C9,0x08E9,0x110A,0x0047,0x0067,0x110A,0x08C9,0x0088,
0x08C9,0x08C9,0x08C9,0x08C9,0x08C9,0x08C9,0x08C9,0x08C9,0x08C9,0x08C9,0x08C9,0x08C9,0x08C9,0x08C9,0x08C9,0x08C9,
0x08C9,0x08C9,0x08C9,0x08C9,0x08C9,0x08C9,0x08C9,0x08C9,0x08C9,0x08E9,0x08E9,0x08E9,0x08C9,0x08C9,0x08C9,0x08E9,
0x08C9,0x08C9,0x08C9,0x08C9,0x08C9,0x08C9,0x08C9,0x08C9,0x08C9,0x08C9,0x08C9,0x08C9,0x08C9,0x08C9,0x08C9,0x08C9,
0x08E9,0x08E9,0x08E9,0x08E9,0x08E9,0x08E9,0x08E9,0x08E9,0x08E9,0x08E9,0x08E9,0x08E9,0x08E9,0x08E9,0x08E9,0x08E9,
0x10E9,0x08C9,0x08C9,0x08C9,0x08E9,0x08E9,0x08C9,0x08A8,0x08C9,0x08C9,0x08C9,0x08C9,0x08C9,0x08C9,0x08C9,0x08C8,
0x08E9,0x08C9,0x08C9,0x08E9,0x08C8,0x08C9,0x08E9,0x08A8,0x08C8,0x08E9,0x08A8,0x08A8,0x08E9,0x08E9,0x08C8,0x08E8,
0x08C8,0x08C8,0x08C8,0x08C8,0x08C8,0x08C8,0x08C8,0x08C8,0x08E9,0x08C8,0x08C8,0x08A8,0x08A8,0x08A8,0x08A8,0x08A8,
0x08A8,0x00A9,0x00A9,0x08C9,0x08C9,0x08C9,0x08C8,0x08C8,0x00C8,0x00C8,0x00A8,0x00A8,0x00C8,0x00C8,0x00C8,0x00C8,
0x08C8,0x10E9,0x08A8,0x10C9,0x0888,0x10C9,0x0067,0x10C8,0x10C7,0x10C7,0x10C7,0x10E7,0x10E7,0x18C8,0x18C8,0x18C7,
0x2127,0x18E6,0x1084,0x1084,0x18E5,0x2966,0x2125,0x10A3,0x0882,0x0862,0x10A3,0x18E4,0x18C4,0x1905,0x2146,0x2126,
0x08E9,0x08E9,0x08E9,0x08E9,0x08E9,0x08E9,0x08E9,0x08E9,0x08E9,0x08E9,0x08E9,0x08E9,0x08E9,0x08E9,0x08E9,0x08E9,
0x08C9,0x08E9,0x08E9,0x08E9,0x08E9,0x08C9,0x08C9,0x08C9,0x08C8,0x10E9,0x00A8,0x08E9,0x08C9,0x08A8,0x112A,0x08A8,
0x08C9,0x08C9,0x08C9,0x08C9,0x08E9,0x08E9,0x08E9,0x08C9,0x192A,0x0088,0x0088,0x08C9,0x10E9,0x08C9,0x00A8,0x110A,
0x08A8,0x10E9,0x08C9,0x08A8,0x08E9,0x08A8,0x0088,0x08E9,0x08E9,0x08C8,0x08C9,0x08A8,0x08C9,0x08C9,0x0088,0x10E9,
0x08C9,0x08C9,0x08C9,0x08C9,0x08C9,0x08C9,0x08E9,0x08E9,0x08C9,0x08C9,0x08C9,0x08C9,0x08C9,0x08C9,0x08E9,0x08E9,
0x08A9,0x08C9,0x08A9,0x08A9,0x08E9,0x08C9,0x08C9,0x10EA,0x08C9,0x08C9,0x08C9,0x08C9,0x08C9,0x08C9,0x08C9,0x08C9,
0x08C9,0x08C9,0x08C9,0x08C9,0x08C9,0x08C9,0x08C9,0x08C9,0x08C9,0x08C9,0x08C9,0x08C9,0x08C9,0x08C9,0x08C9,0x08C9,
0x10E9,0x08E9,0x08C9,0x08C9,0x08C9,0x08A9,0x08A9,0x08A9,0x192A,0x08E9,0x08A8,0x08C9,0x08C9,0x08C9,0x08A9,0x08C9,
0x08C9,0x08C9,0x08C9,0x08C9,0x08C9,0x08C9,0x08C9,0x08C9,0x08E9,0x08C9,0x08C9,0x08C9,0x08C9,0x08C9,0x08C9,0x08C9,
0x08E9,0x08E9,0x08E9,0x08C9,0x00A8,0x08C9,0x08E9,0x08E9,0x08C9,0x110A,0x08C9,0x08C9,0x110A,0x0088,0x08E9,0x3A6F,
0x218C,0x00A8,0x08C9,0x08C9,0x08EA,0x110A,0x0088,0x08E9,0x110A,0x08EA,0x08E9,0x08C9,0x08C9,0x08C9,0x08C9,0x08E9,
0x08E9,0x08C9,0x08C9,0x08E9,0x08E9,0x08E9,0x08E9,0x08E9,0x08E9,0x08E9,0x08E9,0x08E9,0x08E9,0x08C9,0x08C9,0x08C9,
0x00A8,0x110A,0x08C9,0x08C9,0x08E9,0x08C9,0x08C9,0x00A8,0x08C9,0x08E9,0x08C9,0x08C9,0x08C9,0x08E9,0x08C9,0x00A9,
0x110A,0x00A8,0x112A,0x08C9,0x08EA,0x08E9,0x08E9,0x08E9,0x08C9,0x08C9,0x08C9,0x08C9,0x08C9,0x08E9,0x08E9,0x08E9,
0x08C8,0x08C9,0x08E9,0x08E9,0x08C8,0x08C9,0x08C9,0x08C9,0x08E9,0x0088,0x0088,0x110A,0x0088,0x08C9,0x08C9,0x08C9,
0x08C9,0x08C9,0x08C9,0x08C9,0x08C9,0x08C9,0x08C9,0x08C9,0x08C8,0x08C8,0x08C8,0x08C8,0x08C8,0x08C8,0x08C8,0x08C8,
0x08C8,0x08C8,0x08C8,0x08C8,0x08C8,0x08C8,0x08C8,0x08C8,0x08C8,0x08C8,0x08C8,0x08A8,0x08A8,0x08A8,0x08A8,0x08A8,
0x08A9,0x00A9,0x08C9,0x08C9,0x00A8,0x08C9,0x08E9,0x08C8,0x00A8,0x00A8,0x00A8,0x08C8,0x08C8,0x00C8,0x00C8,0x08C8,
0x08A8,0x08A8,0x08A8,0x08A9,0x10A9,0x10A8,0x10A8,0x10A7,0x10C7,0x18E7,0x18E7,0x18E7,0x1907,0x18C7,0x18C8,0x2128,
0x2107,0x2106,0x18E5,0x18C4,0x18C4,0x2125,0x2145,0x2125,0x18C3,0x18C3,0x18C3,0x10C3,0x18C4,0x18E5,0x18E5,0x18C4,
0x08E9,0x08E9,0x08E9,0x08E9,0x08E9,0x08E9,0x08E9,0x08E9,0x08E9,0x08E9,0x08E9,0x08E9,0x08E9,0x08E9,0x08E9,0x08E9,
0x08C9,0x08C9,0x08E9,0x08E9,0x08C9,0x08C9,0x08C9,0x08C9,0x110A,0x110A,0x08A8,0x10E9,0x1109,0x08A8,0x10E9,0x08C8,
0x08C9,0x08C9,0x08C9,0x08C9,0x08E9,0x08E9,0x08E9,0x08C9,0x0067,0x10E9,0x194B,0x1109,0x08C9,0x110A,0x10E9,0x08C8,
0x112A,0x0067,0x110A,0x10E9,0x0067,0x426F,0x5B32,0x0087,0x00A8,0x08A8,0x110A,0x08C9,0x08C8,0x1109,0x08C9,0x08E9,
0x08C9,0x08C9,0x08C9,0x08C9,0x08C9,0x08C9,0x08C9,0x08E9,0x08C9,0x08C9,0x08C9,0x08C9,0x08C9,0x08C9,0x08C9,0x08C9,
0x08C9,0x08E9,0x08C9,0x08C9,0x10E9,0x08C9,0x08A9,0x08C9,0x08C9,0x08C9,0x08C9,0x08C9,0x08C9,0x08C9,0x08C9,0x08C9,
0x08C9,0x08C9,0x08C9,0x08C9,0x08C9,0x08C9,0x08C9,0x08C9,0x08C9,0x08C9,0x08C9,0x08C9,0x08C9,0x08C9,0x08C9,0x08C9,
0x08E9,0x08E9,0x08C9,0x08C9,0x08C9,0x08C9,0x08C9,0x08C9,0x110A,0x08C9,0x08A8,0x08C9,0x08C9,0x08C9,0x08C9,0x08C9,
0x08C9,0x08C9,0x08C9,0x08C9,0x08C9,0x08C9,0x08C9,0x08C9,0x08C9,0x08C9,0x08C9,0x08C9,0x08C9,0x08C9,0x08C9,0x08C9,
0x00A9,0x00A9,0x08C9,0x08E9,0x08E9,0x08C9,0x08C9,0x08C9,0x08C9,0x08E9,0x00A9,0x08C9,0x112A,0x08C9,0x08EA,0x320E,
0x194B,0x110A,0x08EA,0x08C9,0x08C9,0x110A,0x08E9,0x08E9,0x110A,0x08E9,0x08E9,0x08C9,0x08C9,0x08C9,0x08C9,0x08E9,
0x08C9,0x08C9,0x08E9,0x08E9,0x08C9,0x08C9,0x08C9,0x08C9,0x08E9,0x08E9,0x08E9,0x08E9,0x08E9,0x08E9,0x08E9,0x08E9,
0x08EA,0x110A,0x0067,0x08C9,0x194B,0x0067,0x110A,0x08C9,0x08C9,0x08E9,0x08E9,0x08C9,0x08C9,0x08E9,0x08E9,0x08E9,
0x08C9,0x00A8,0x08E9,0x08C9,0x08E9,0x08C9,0x00A9,0x08C9,0x08C9,0x08C9,0x08C9,0x08C9,0x08C9,0x08E9,0x08E9,0x08E9,
0x08C9,0x110A,0x110A,0x0047,0x218C,0x10E9,0x08C9,0x00A8,0x196B,0x7C57,0x08C9,0x08A8,0x08E9,0x1109,0x10E9,0x08C9,
0x08C9,0x08C9,0x08C9,0x08C9,0x08C9,0x08C9,0x08C9,0x08C9,0x08C8,0x08C8,0x08C8,0x08C8,0x08C8,0x08C8,0x08C8,0x08C8,
0x08C8,0x08C8,0x08C8,0x08C8,0x08C8,0x08C8,0x08C8,0x08C8,0x08C8,0x08C8,0x08C8,0x08A8,0x08A8,0x08A8,0x08A8,0x08A8,
0x10EA,0x00A8,0x00A9,0x0088,0x08C9,0x00A9,0x08E9,0x00A8,0x08C9,0x08C8,0x08C8,0x08C8,0x08C8,0x08C8,0x08C8,0x08C8,
0x08A8,0x08A8,0x08A9,0x08A9,0x10A9,0x10A8,0x10C8,0x10C7,0x18E7,0x1927,0x1906,0x1906,0x2107,0x18C7,0x18C7,0x2128,
0x20E6,0x2106,0x18E5,0x18C4,0x18C4,0x18C3,0x10A3,0x0881,0x10A2,0x10C2,0x18C3,0x10C3,0x18C3,0x18E4,0x18C4,0x1083,
0x08E9,0x08E9,0x08E9,0x08E9,0x08E9,0x08E9,0x08E9,0x08E9,0x08E9,0x08E9,0x08E9,0x08E9,0x08E9,0x08C9,0x08C9,0x08C9,
0x08C9,0x08C9,0x08C9,0x08C9,0x08C9,0x08C9,0x08C9,0x08C9,0x08A8,0x08A8,0x0067,0x08C8,0x1109,0x08A8,0x08C9,0x08E9,
0x08C9,0x08C9,0x08C9,0x08C9,0x08E9,0x08E9,0x08E9,0x08C9,0x08E9,0x08C9,0x08A8,0x08A8,0x08A8,0x08C8,0x08C9,0x08E9,
0x10E9,0x08A8,0x10E9,0x08C9,0x08A8,0x31ED,0x3A6F,0x112A,0x428F,0x08C9,0x0067,0x08C8,0x08C9,0x08A8,0x0088,0x08C8,
0x08C9,0x08C9,0x08C9,0x08C9,0x08C9,0x08C9,0x08C9,0x08C9,0x08C9,0x08C9,0x08C9,0x08C9,0x08C9,0x08C9,0x08C9,0x08C9,
0x08A8,0x08C9,0x08C9,0x08C9,0x08E9,0x08C9,0x00A8,0x08C9,0x08C9,0x08C9,0x08C9,0x08C9,0x08C9,0x08C9,0x08C9,0x08C9,
0x08C9,0x08C9,0x08C9,0x08C9,0x08C9,0x08C9,0x08C9,0x08C9,0x08C9,0x08C9,0x08C9,0x08C9,0x08C9,0x08C9,0x08C9,0x08C9,
0x08E9,0x08C9,0x08C9,0x08C9,0x08C9,0x08C9,0x08C9,0x08C9,0x10E9,0x08C9,0x08A9,0x08C9,0x08E9,0x08E9,0x08C9,0x08C9,
0x08E9,0x08E9,0x08E9,0x08E9,0x08E9,0x08E9,0x08E9,0x08E9,0x08C9,0x08E9,0x08E9,0x08E9,0x08C9,0x08C9,0x08E9,0x10E9,
0x08EA,0x00A9,0x00A9,0x08EA,0x110A,0x08C9,0x00A9,0x08C9,0x08C9,0x08EA,0x00A9,0x00A9,0x110A,0x08C9,0x00A9,0x112B,
0x08E9,0x08E9,0x00A8,0x08C9,0x08C9,0x00A8,0x08C9,0x00A8,0x08EA,0x08E9,0x08E9,0x08C9,0x08C9,0x08C9,0x08C9,0x08E9,
0x08C9,0x08E9,0x08E9,0x08E9,0x08C9,0x08C9,0x08C9,0x08C9,0x08E9,0x08E9,0x08E9,0x08E9,0x08E9,0x08E9,0x08E9,0x08E9,
0x08EA,0x0088,0x08E9,0x5333,0x7436,0x08C9,0x08C9,0x08C9,0x00A8,0x08C9,0x08E9,0x08C9,0x08C9,0x08C9,0x08E9,0x08E9,
0x08C9,0x08E9,0x00A8,0x08E9,0x110A,0x08C9,0x08C9,0x08E9,0x08C9,0x08C9,0x08C9,0x08C9,0x08C9,0x08E9,0x08E9,0x08E9,
0x08E9,0x08C9,0x10E9,0x08C9,0x0067,0x08A8,0x10E9,0x08C9,0x1109,0x3A6F,0x00A8,0x08E9,0x00A8,0x112A,0x08C9,0x110A,
0x08C9,0x08C9,0x08C9,0x08C9,0x08C9,0x08C9,0x08C9,0x08C9,0x08C8,0x08C8,0x08C8,0x08C8,0x08C8,0x08C8,0x08C8,0x08C8,
0x08C8,0x08C8,0x08C8,0x08C8,0x08C8,0x08C8,0x08C8,0x08C8,0x08C8,0x08C8,0x08C8,0x08A8,0x08A8,0x08A8,0x08A8,0x08A8,
0x08C9,0x08C9,0x08C9,0x08E9,0x08E9,0x08E9,0x08C8,0x00A8,0x08C9,0x08C8,0x08C8,0x08C8,0x08A8,0x08A8,0x08A8,0x08A8,
0x08A8,0x08C8,0x10C8,0x08A9,0x08A9,0x08A8,0x10C8,0x18E8,0x2127,0x2147,0x2126,0x2106,0x2106,0x18E6,0x18C7,0x2928,
0x18E6,0x18C5,0x10A4,0x10A3,0x10A3,0x18C3,0x10A3,0x0881,0x1082,0x10A2,0x10C3,0x10C3,0x18C3,0x18C3,0x10A3,0x0862,
0x08E9,0x08E9,0x08E9,0x08E9,0x08E9,0x08E9,0x08E9,0x08E9,0x08E9,0x08E9,0x08E9,0x08E9,0x08C9,0x08C9,0x08C9,0x08C9,
0x08C8,0x08C9,0x08C9,0x08C9,0x08C9,0x08C9,0x08C9,0x08C9,0x10E9,0x110A,0x08E9,0x08E9,0x110A,0x08C9,0x00A8,0x08C8,
0x08C9,0x08C9,0x08C9,0x08C9,0x08E9,0x08E9,0x08C9,0x08C9,0x110A,0x10E9,0x08C8,0x10E9,0x10E9,0x08A8,0x08C9,0x08C9,
0x08A8,0x112A,0x08C8,0x08A8,0x110A,0x0067,0x0047,0x218C,0x6394,0x194B,0x08A8,0x110A,0x110A,0x08E9,0x08E9,0x112A,
0x08C9,0x08C9,0x08C9,0x08C9,0x08C9,0x08C9,0x08C9,0x08C9,0x08C9,0x08C9,0x08C9,0x08C9,0x08C9,0x08C9,0x08C9,0x08C9,
0x0088,0x08C9,0x08A9,0x00A8,0x08C9,0x08C9,0x00A8,0x08A9,0x08C9,0x08C9,0x08C9,0x08C9,0x08C9,0x08C9,0x08A9,0x08A9,
0x08C9,0x08C9,0x08C9,0x08C9,0x08C9,0x08C9,0x08C9,0x08C9,0x08C9,0x08C9,0x08C9,0x08C9,0x08C9,0x08C9,0x08C9,0x08C9,
0x08C9,0x08C9,0x08C9,0x08C9,0x08C9,0x08C9,0x08C9,0x08C9,0x08E9,0x08C9,0x08C9,0x08C9,0x08E9,0x08E9,0x08C9,0x08C9,
0x08E9,0x08E9,0x08E9,0x08E9,0x08E9,0x08E9,0x08E9,0x08E9,0x08C9,0x08E9,0x10EA,0x10E9,0x08C9,0x08C9,0x08E9,0x110A,
0x196C,0x08EA,0x00A9,0x08C9,0x08EA,0x00A9,0x08C9,0x110A,0x08C9,0x110A,0x08C9,0x00A9,0x08EA,0x08C9,0x0088,0x00A9,
0x110A,0x08C9,0x00A8,0x218C,0x218C,0x0088,0x08C9,0x08EA,0x08E9,0x08E9,0x08E9,0x08C9,0x08C9,0x08C9,0x08E9,0x08E9,
0x08C9,0x08E9,0x08E9,0x08E9,0x08E9,0x08E9,0x08E9,0x08C9,0x08E9,0x08E9,0x08E9,0x08C9,0x08C9,0x08C9,0x08C9,0x08C9,
0x08C9,0x08E9,0x0088,0x08E9,0x21AC,0x0068,0x110A,0x08C9,0x00A8,0x08E9,0x08EA,0x08C9,0x00A9,0x08C9,0x08C9,0x08E9,
0x08E9,0x110A,0x0088,0x08E9,0x110A,0x08C9,0x08C9,0x110A,0x08C9,0x08C9,0x08C9,0x08C9,0x08C9,0x08C9,0x08C9,0x08C9,
0x10E9,0x08A8,0x08C9,0x110A,0x00A8,0x08C8,0x10E9,0x08E9,0x194B,0x0005,0x110A,0x196B,0x08A8,0x08C9,0x08A8,0x08C9,
0x08C9,0x08C9,0x08C9,0x08C9,0x08C9,0x08C9,0x08C9,0x08C9,0x08C9,0x08C9,0x08C8,0x08C8,0x08C8,0x08C8,0x08C8,0x08C8,
0x08C8,0x08C8,0x08C8,0x08C8,0x08C8,0x08C8,0x08C8,0x08C8,0x08C8,0x08C8,0x08C8,0x08C8,0x08A8,0x08A8,0x08A8,0x08A8,
0x0088,0x10EA,0x00A8,0x112A,0x0088,0x08E9,0x0087,0x10E9,0x08C8,0x08C8,0x08A8,0x08A8,0x08A7,0x08A7,0x08A8,0x08A7,
0x08A8,0x08C8,0x10C8,0x08A8,0x0888,0x10A8,0x18C8,0x1908,0x2147,0x2146,0x2125,0x2105,0x2126,0x2106,0x2107,0x2949,
0x20E6,0x18C5,0x1063,0x0863,0x10A3,0x18E4,0x1904,0x18E3,0x1082,0x10A2,0x10A2,0x10A3,0x10A3,0x10A3,0x1082,0x0862,
0x08E9,0x08E9,0x08E9,0x08E9,0x08E9,0x08E9,0x08E9,0x08E9,0x08E9,0x08E9,0x08E9,0x08C9,0x08C9,0x08C9,0x08C9,0x08C9,
0x08C9,0x08C9,0x08C9,0x08C9,0x08C8,0x08C9,0x08C9,0x08E9,0x0088,0x08C8,0x08C9,0x08A8,0x08C8,0x08E9,0x08C9,0x08C9,
0x08C9,0x08C9,0x08C9,0x08C9,0x08E9,0x08E9,0x08C9,0x08C9,0x0026,0x10E9,0x08E9,0x08C9,0x10E9,0x192A,0x216B,0x08C9,
0x110A,0x08C9,0x08E9,0x10E9,0x08C8,0x08A8,0x08C9,0x08E9,0x10E9,0x0087,0x10E9,0x08C8,0x0047,0x08A8,0x08E9,0x00A8,
0x08C9,0x08C9,0x08C9,0x08C9,0x08C9,0x08C9,0x08C9,0x08C9,0x08C9,0x08C9,0x08C9,0x08C9,0x08C9,0x08C9,0x08C8,0x08C8,
0x08C9,0x10EA,0x08C9,0x0088,0x08A9,0x08C9,0x08A9,0x08C9,0x08C9,0x08C9,0x08C9,0x08C9,0x08C9,0x08C9,0x08C9,0x08C9,
0x08C9,0x08C9,0x08C9,0x08C9,0x08C9,0x08C9,0x08C9,0x08C9,0x08C9,0x08C9,0x08C9,0x08C9,0x08C9,0x08C9,0x08C9,0x08C9,
0x08C9,0x08C9,0x08C9,0x08C9,0x08C9,0x08C9,0x08E9,0x08E9,0x08C9,0x08E9,0x08E9,0x08E9,0x08E9,0x08E9,0x08C9,0x08C9,
0x08C9,0x08C9,0x08C9,0x08C9,0x08C9,0x08C9,0x08C9,0x08C9,0x08C9,0x08E9,0x110A,0x10EA,0x08E9,0x08C9,0x10E9,0x110A,
0x196C,0x08EA,0x00A9,0x08C9,0x08EA,0x00A9,0x08C9,0x110A,0x08C9,0x08EA,0x08E9,0x08C9,0x08E9,0x110A,0x08EA,0x08EA,
0x08EA,0x08E9,0x00A9,0x218C,0x218C,0x0088,0x08C9,0x110A,0x08EA,0x08E9,0x08E9,0x08E9,0x08E9,0x08E9,0x08E9,0x08E9,
0x08C9,0x08C9,0x08C9,0x08C9,0x08E9,0x110A,0x08EA,0x08C9,0x08E9,0x08C9,0x08C9,0x08C9,0x08C9,0x08C9,0x08C9,0x08C9,
0x00A9,0x110A,0x110A,0x0088,0x00A9,0x08EA,0x08C9,0x08C9,0x08E9,0x110A,0x112A,0x08EA,0x08C9,0x08C9,0x08EA,0x08EA,
0x08C9,0x08C9,0x0088,0x00A9,0x08C9,0x00A8,0x08C9,0x08C9,0x08C9,0x08C9,0x08C9,0x08C9,0x08C9,0x08C9,0x08C9,0x08C9,
0x1109,0x08E9,0x1109,0x0047,0x5B53,0x194B,0x00A8,0x08C8,0x08C9,0x194B,0x08C8,0x08C8,0x1109,0x0088,0x110A,0x08A8,
0x08C9,0x08C9,0x08C9,0x08C9,0x08C9,0x08C9,0x08C9,0x08C9,0x08C9,0x08C9,0x08C9,0x08C9,0x08C9,0x08C9,0x08C8,0x08C8,
0x08C8,0x08C8,0x08C8,0x08C8,0x08C8,0x08C8,0x08C8,0x08C8,0x08C8,0x08C8,0x08C8,0x08C8,0x08A8,0x08A8,0x08A8,0x08A8,
0x08C9,0x08C9,0x0088,0x0088,0x08A8,0x08C8,0x08A8,0x1109,0x08A8,0x08A8,0x08C8,0x08A7,0x08A7,0x10C8,0x10C8,0x08C7,
0x08C7,0x08C8,0x10A8,0x08A8,0x1089,0x10A8,0x18E8,0x1907,0x2146,0x2145,0x1904,0x18E4,0x2105,0x20E6,0x20E7,0x2948,
0x2106,0x18C5,0x1084,0x1084,0x10C4,0x18E4,0x18E3,0x10C3,0x10A2,0x10A2,0x10A2,0x10A2,0x10A3,0x0882,0x0882,0x0883,
0x08E9,0x08E9,0x08E9,0x08E9,0x08E9,0x08E9,0x08E9,0x08E9,0x08E9,0x08C9,0x08C9,0x08C9,0x08C9,0x08C9,0x08C9,0x08C9,
0x08C9,0x08C9,0x08C9,0x08C9,0x08C8,0x08C9,0x08E9,0x10E9,0x08E9,0x0067,0x00A8,0x00A8,0x0088,0x10E9,0x10E9,0x08E9,
0x08C9,0x08C9,0x08C9,0x08C9,0x08C9,0x08C9,0x08C9,0x08C8,0x4AD0,0x3A2E,0x08A8,0x0067,0x08C9,0x110A,0x216B,0x08C9,
0x1109,0x0088,0x08E9,0x110A,0x08A8,0x08E9,0x192A,0x08A8,0x0088,0x0088,0x112A,0x110A,0x08C9,0x110A,0x1109,0x08C9,
0x08C9,0x08C9,0x08C9,0x08C9,0x08C9,0x08C9,0x08C9,0x08C9,0x08C9,0x08C9,0x08C9,0x08C9,0x08C9,0x08C9,0x08C9,0x08C9,
0x110A,0x192A,0x10EA,0x00A8,0x08C9,0x08C9,0x08C9,0x08C9,0x08C9,0x08C9,0x08C9,0x08C9,0x08C9,0x08C9,0x08C9,0x08C9,
0x08C9,0x08C9,0x08C9,0x08C9,0x08C9,0x08C9,0x08C9,0x08C9,0x08E9,0x08E9,0x08E9,0x08E9,0x08E9,0x08E9,0x08E9,0x08E9,
0x08C9,0x08C9,0x08C9,0x08C9,0x08C9,0x08C9,0x08E9,0x08E9,0x08C9,0x08E9,0x10E9,0x08E9,0x08C9,0x08E9,0x08E9,0x08C9,
0x08C9,0x08C9,0x08C9,0x08C9,0x08C9,0x08C9,0x08C9,0x08C9,0x08C9,0x08E9,0x10EA,0x10E9,0x08E9,0x08C9,0x08E9,0x10EA,
0x08EA,0x00A9,0x00A9,0x08EA,0x110A,0x08C9,0x00A9,0x08C9,0x08C9,0x08EA,0x08EA,0x08C9,0x08C9,0x08E9,0x08EA,0x08EA,
0x00A9,0x08EA,0x08C9,0x08C9,0x08C9,0x00A9,0x08EA,0x08C9,0x08E9,0x08E9,0x08E9,0x08E9,0x08E9,0x08E9,0x08E9,0x08E9,
0x08C9,0x08C9,0x08C9,0x08C9,0x08C9,0x08EA,0x08EA,0x00A9,0x08EA,0x08EA,0x08EA,0x08EA,0x08E9,0x08E9,0x08E9,0x08E9,
0x110A,0x0088,0x08C9,0x08C9,0x00A9,0x00A9,0x0027,0x112B,0x08E9,0x110A,0x110A,0x08EA,0x08C9,0x08C9,0x08E9,0x08E9,
0x08E9,0x00A8,0x196B,0x08C9,0x08C9,0x00A8,0x08E9,0x08C9,0x08E9,0x08E9,0x08E9,0x08C9,0x08C9,0x08C9,0x08C9,0x08C9,
0x10E9,0x08C8,0x08C9,0x0088,0x4AD0,0x192A,0x00A8,0x08C9,0x0047,0x196B,0x0067,0x00A8,0x08C9,0x1109,0x08C9,0x10E9,
0x08C9,0x08C9,0x08C9,0x08C9,0x08C9,0x08C9,0x08C9,0x08C9,0x08C9,0x08C9,0x08C9,0x08C9,0x08C9,0x08C9,0x08C8,0x08C8,
0x08C8,0x08C8,0x08C8,0x08C8,0x08C8,0x08C8,0x08C8,0x08C8,0x08C8,0x08C8,0x08C8,0x08C8,0x08A8,0x08A8,0x08A8,0x08C8,
0x10E9,0x0088,0x08C9,0x0088,0x31ED,0x110A,0x10E9,0x0887,0x08A7,0x10C8,0x10C8,0x10C8,0x10C8,0x1908,0x1908,0x10C8,
0x10C7,0x10C8,0x08A8,0x08A8,0x10A9,0x10C9,0x18E8,0x1907,0x1905,0x1904,0x10C2,0x10A2,0x10A3,0x1084,0x1885,0x20E7,
0x18A5,0x10A5,0x1084,0x18C5,0x18E5,0x10C4,0x0882,0x0861,0x10A2,0x0882,0x0882,0x10A2,0x0882,0x0862,0x0882,0x10A3,
0x08E9,0x08E9,0x08E9,0x08E9,0x08E9,0x08E9,0x08E9,0x08E9,0x08C9,0x08C9,0x08C9,0x08C9,0x08C9,0x08C9,0x08C9,0x08C9,
0x08C9,0x08C9,0x08C9,0x08C9,0x08C9,0x08C9,0x08E9,0x10E9,0x4AF1,0x192A,0x112A,0x192A,0x08C8,0x08E9,0x08C9,0x08A8,
0x08C9,0x08C9,0x08C9,0x08C9,0x08C9,0x08C9,0x08C9,0x08A8,0x84B8,0x5332,0x08E9,0x08C9,0x10E9,0x0087,0x08E9,0x08A8,
0x00A8,0x08E9,0x08C9,0x08C9,0x10E9,0x00A8,0x0088,0x10E9,0x192A,0x0088,0x00A8,0x08C9,0x08E9,0x08C8,0x0067,0x08A8,
0x08C9,0x08C9,0x08C9,0x08C9,0x08C9,0x08C8,0x08C8,0x08C8,0x08C9,0x08C9,0x08C9,0x08C9,0x08C9,0x08C9,0x08C9,0x08C9,
0x08E9,0x112B,0x10EA,0x00A9,0x08C9,0x08EA,0x08C9,0x08C9,0x08C9,0x08C9,0x08C9,0x08C9,0x08C9,0x08C9,0x08C9,0x08C9,
0x08C9,0x08C9,0x08C9,0x08C9,0x08C9,0x08C9,0x08C9,0x08C9,0x08C9,0x08C9,0x08C9,0x08C9,0x08C9,0x08C9,0x08C9,0x08C9,
0x08C9,0x08C9,0x08C9,0x08C9,0x08C9,0x08C9,0x08C9,0x08C9,0x08C9,0x10EA,0x10EA,0x08C9,0x08C9,0x08EA,0x08EA,0x08C9,
0x08E9,0x08E9,0x08E9,0x08E9,0x08E9,0x08E9,0x08E9,0x08E9,0x08E9,0x08E9,0x08E9,0x08E9,0x08E9,0x08E9,0x08E9,0x08E9,
0x00A9,0x00A9,0x08C9,0x08EA,0x08EA,0x08C9,0x08C9,0x08C9,0x08EA,0x08C9,0x08EA,0x08E9,0x00A9,0x00A9,0x08C9,0x00A9,
0x08EA,0x110A,0x110A,0x00A9,0x08C9,0x112A,0x110A,0x08EA,0x08C9,0x08C9,0x08E9,0x08E9,0x08EA,0x08E9,0x08E9,0x08E9,
0x08C9,0x110A,0x110A,0x08E9,0x08C9,0x08C9,0x08E9,0x08C9,0x08EA,0x08EA,0x08EA,0x08EA,0x08E9,0x08E9,0x08E9,0x08E9,
0x0088,0x08EA,0x194B,0x00A9,0x08EA,0x110A,0x08C9,0x00A9,0x08C9,0x08C9,0x08C9,0x08C9,0x08C9,0x08C9,0x08C9,0x08C9,
0x08EA,0x00A9,0x42B1,0x194B,0x08C9,0x00A9,0x110A,0x08C9,0x08E9,0x08E9,0x08E9,0x08C9,0x08C9,0x08C9,0x08C9,0x08C9,
0x08E9,0x0088,0x00A8,0x192A,0x0067,0x08C8,0x08E9,0x08E9,0x192A,0x0088,0x110A,0x194B,0x08C8,0x112A,0x0067,0x08E9,
0x08C9,0x08C9,0x08C9,0x08C9,0x08C9,0x08C9,0x08C9,0x08C9,0x08C9,0x08C9,0x08C9,0x08C9,0x08C9,0x08C9,0x08C8,0x08C8,
0x08C8,0x08C8,0x08C8,0x08C8,0x08C8,0x08C8,0x08C8,0x08C8,0x08C8,0x08C8,0x08C8,0x08C8,0x08A8,0x08A8,0x08C8,0x08C8,
0x08A8,0x08C8,0x10E9,0x10E9,0x320D,0x192A,0x08A8,0x0887,0x08A7,0x10E8,0x10E8,0x10C8,0x10E8,0x1908,0x1908,0x10C7,
0x10E8,0x10C8,0x10A8,0x10A9,0x10C9,0x18E9,0x1908,0x1907,0x2146,0x2124,0x10C2,0x0881,0x1082,0x1063,0x0844,0x1086,
0x18C6,0x10A5,0x10A5,0x18C5,0x18C5,0x10A3,0x0862,0x0862,0x0882,0x0882,0x0882,0x0882,0x0882,0x0862,0x0863,0x1083,
0x08E9,0x08E9,0x08E9,0x08E9,0x08E9,0x08E9,0x08E9,0x08E9,0x08C9,0x08C9,0x08C9,0x08C9,0x08C9,0x08C9,0x08C9,0x08C9,
0x08C9,0x08C9,0x08C9,0x08C9,0x08C9,0x08C9,0x08E9,0x1109,0x5B53,0x08A8,0x0088,0x110A,0x08A8,0x08E9,0x10E9,0x10E9,
0x08C9,0x08C9,0x08C9,0x08C9,0x08C9,0x08C9,0x08C9,0x08A9,0x0068,0x110A,0x0088,0x10EA,0x08E9,0x0088,0x110A,0x08C9,
0x00A8,0x110A,0x08C9,0x0068,0x08C9,0x110A,0x08C9,0x00A8,0x08A8,0x08C9,0x10EA,0x00A8,0x08A8,0x08E9,0x08A8,0x08E9,
0x08C9,0x08C9,0x08C9,0x08C9,0x08C9,0x08C8,0x08C8,0x08C8,0x08C8,0x08C8,0x08C8,0x08C9,0x08C9,0x08C9,0x08C9,0x08C9,
0x00A8,0x10EA,0x08C9,0x0088,0x08C9,0x10EA,0x08C9,0x08C9,0x08C9,0x08C9,0x08C9,0x08C9,0x08C9,0x08C9,0x08EA,0x08EA,
0x08C9,0x08C9,0x08C9,0x08C9,0x08C9,0x08C9,0x08C9,0x08C9,0x08C9,0x08C9,0x08C9,0x08C9,0x08C9,0x08C9,0x08C9,0x08C9,
0x08EA,0x08C9,0x08C9,0x08C9,0x08C9,0x08C9,0x08C9,0x08C9,0x08C9,0x08EA,0x10EA,0x08C9,0x08C9,0x10EA,0x10EA,0x08EA,
0x08E9,0x08E9,0x08E9,0x08E9,0x08E9,0x08E9,0x08E9,0x08E9,0x10E9,0x08E9,0x08E9,0x08E9,0x08E9,0x08E9,0x08C9,0x08C9,
0x08EA,0x08EA,0x08EA,0x08C9,0x00A9,0x08C9,0x08EA,0x08EA,0x08EA,0x00A9,0x08C9,0x08EA,0x08EA,0x08EA,0x110A,0x08E9,
0x08EA,0x0088,0x08EA,0x08C9,0x08C9,0x110A,0x0088,0x08EA,0x08C9,0x08C9,0x08EA,0x08EA,0x08EA,0x08EA,0x08EA,0x08EA,
0x08C9,0x194B,0x196C,0x110A,0x08C9,0x08C9,0x08EA,0x08EA,0x08C9,0x08C9,0x08C9,0x08C9,0x08C9,0x08C9,0x08C9,0x08C9,
0x08EA,0x08C9,0x08C9,0x0088,0x194B,0x0068,0x110A,0x08EA,0x08C9,0x08C9,0x08C9,0x08C9,0x08C9,0x08EA,0x08EA,0x08C9,
0x08EA,0x0088,0x5B74,0x218C,0x08C9,0x0088,0x110A,0x08C9,0x08E9,0x08E9,0x08E9,0x08C9,0x08C9,0x08C9,0x08C9,0x08C9,
0x08C9,0x08C9,0x08E9,0x08C9,0x0088,0x08E9,0x110A,0x08C9,0x110A,0x0067,0x08E9,0x08C9,0x10E9,0x0088,0x110A,0x08E9,
0x08C9,0x08C9,0x08C9,0x08C9,0x08C9,0x08C9,0x08C9,0x08C9,0x08C9,0x08C9,0x08C9,0x08C9,0x08C9,0x08C9,0x08C9,0x08C8,
0x08C8,0x08C8,0x08C9,0x08C9,0x08C9,0x08C9,0x08C9,0x08C9,0x08C8,0x08C8,0x08C8,0x08C8,0x08A8,0x08A8,0x08C8,0x08A9,
0x08A8,0x192A,0x0067,0x10E9,0x08A7,0x10E8,0x0045,0x2149,0x10A6,0x18E7,0x1908,0x10E7,0x10E7,0x1908,0x10E7,0x10A7,
0x1908,0x10E8,0x10A8,0x10C8,0x18E9,0x2109,0x2108,0x2106,0x31C7,0x3186,0x2123,0x18C2,0x18C3,0x1083,0x1064,0x18A6,
0x3169,0x2128,0x18C6,0x10C5,0x1084,0x0863,0x0862,0x0883,0x0862,0x0862,0x0862,0x0882,0x0882,0x0862,0x0862,0x1083,
0x08E9,0x08E9,0x08E9,0x08C9,0x08C9,0x08C9,0x08C9,0x08C9,0x08C9,0x08C9,0x08E9,0x08E9,0x08A8,0x08A9,0x08E9,0x10E9,
0x08C9,0x08C9,0x08E9,0x08E9,0x08E9,0x08E9,0x08C9,0x08C9,0x08C9,0x08A9,0x08A8,0x08C9,0x08E9,0x08E9,0x08C9,0x08E9,
0x08E9,0x08E9,0x08E9,0x08C9,0x08C9,0x08C9,0x08C9,0x08C9,0x08C9,0x08C9,0x08C9,0x08C9,0x08C9,0x08C9,0x08C9,0x08C9,
0x08C9,0x08C9,0x08C9,0x08C9,0x08C9,0x08A9,0x08C9,0x08C9,0x08C9,0x08A9,0x08A9,0x08A9,0x08A9,0x08A9,0x08C9,0x08C9,
0x08C9,0x08C9,0x08C9,0x08C9,0x08C9,0x08C9,0x08C9,0x08C9,0x08C9,0x08C9,0x08C9,0x08C9,0x08C9,0x08C9,0x08C9,0x00A9,
0x08C9,0x08C9,0x08C9,0x08C9,0x08C9,0x08C9,0x08C9,0x08C9,0x08C9,0x08C9,0x08C9,0x08C9,0x08C9,0x08C9,0x08C9,0x08C9,
0x08EA,0x08EA,0x08EA,0x08EA,0x08EA,0x08C9,0x08C9,0x08C9,0x08E9,0x08E9,0x08E9,0x08C9,0x08C9,0x08C9,0x08C9,0x08C9,
0x08E9,0x08E9,0x08E9,0x08E9,0x08E9,0x08E9,0x08E9,0x08E9,0x08C9,0x08C9,0x08E9,0x08E9,0x08E9,0x08E9,0x08EA,0x08EA,
0x08E9,0x08E9,0x08E9,0x08E9,0x08E9,0x08E9,0x08E9,0x08E9,0x08E9,0x08E9,0x08E9,0x08E9,0x08E9,0x08E9,0x08E9,0x08EA,
0x08EA,0x08CA,0x08CA,0x08CA,0x08CA,0x08CA,0x08C9,0x08C9,0x08CA,0x08CA,0x08CA,0x08CA,0x08CA,0x08CA,0x08CA,0x08C9,
0x08C9,0x08C9,0x08C9,0x08C9,0x08C9,0x08CA,0x08CA,0x08CA,0x08CA,0x08CA,0x08EA,0x10EA,0x10EA,0x08EA,0x08CA,0x08CA,
0x08C9,0x08C9,0x08C9,0x08C9,0x08C9,0x08C9,0x08C9,0x08C9,0x08C9,0x08C9,0x08E9,0x08C9,0x08C9,0x08C9,0x08E9,0x08E9,
0x08C9,0x08C9,0x08C9,0x08C9,0x08C9,0x08C9,0x08C9,0x08C9,0x08C9,0x08C9,0x08C9,0x08C9,0x08C9,0x08C9,0x08C9,0x08C9,
0x08EA,0x08C9,0x00A9,0x08C9,0x08C9,0x08E9,0x08C9,0x08C9,0x08C9,0x08C9,0x08C9,0x08C9,0x08C9,0x08C9,0x08C9,0x08C9,
0x08C9,0x08C9,0x08C9,0x08C9,0x08C9,0x08C9,0x08C9,0x08C9,0x08E9,0x08E9,0x08E9,0x08C9,0x08C9,0x08C9,0x08C9,0x08C9,
0x110A,0x08C9,0x0088,0x00A8,0x08E9,0x08C9,0x08C9,0x08C9,0x08C9,0x08C9,0x08C9,0x08C9,0x08C9,0x08C9,0x08C9,0x08C9,
0x08C8,0x08C9,0x08C9,0x08C9,0x08C9,0x08C9,0x08C9,0x08C9,0x08A8,0x218B,0x31ED,0x08E8,0x08A8,0x08A8,0x110A,0x0088,
0x0889,0x08A9,0x10E9,0x10C8,0x10C6,0x1907,0x2106,0x1084,0x10A4,0x18E6,0x2107,0x18C6,0x0885,0x0885,0x10E6,0x1928,
0x10C8,0x10A9,0x18E9,0x18E9,0x18E8,0x2949,0x3188,0x2926,0x3186,0x2965,0x2944,0x2924,0x18E4,0x1084,0x18A5,0x20E7,
0x18C7,0x18C7,0x10A7,0x1086,0x18E6,0x2947,0x18E5,0x0022,0x0862,0x0882,0x10A3,0x10A3,0x0882,0x0862,0x0862,0x0862,
0x08E9,0x08E9,0x08E9,0x08C9,0x08C9,0x08C9,0x08C9,0x08C9,0x110A,0x08C9,0x0088,0x08A8,0x10E9,0x110A,0x08E9,0x08A8,
0x08C9,0x08C9,0x08E9,0x08E9,0x08E9,0x08E9,0x08C9,0x08C9,0x08C9,0x08C9,0x08C9,0x08C9,0x08C9,0x08C9,0x08C9,0x08C9,
0x08E9,0x08E9,0x08E9,0x08C9,0x08C9,0x08C9,0x08C9,0x08C9,0x08C9,0x08C9,0x08C9,0x08C9,0x08C9,0x08C9,0x08C9,0x08C9,
0x0088,0x0088,0x08A9,0x08A9,0x08A9,0x08C9,0x08C9,0x08C9,0x112B,0x110A,0x10EA,0x08EA,0x08C9,0x08C9,0x08A9,0x08A9,
0x08C9,0x08C9,0x08C9,0x08C9,0x08C9,0x08C9,0x08C9,0x08C9,0x08C9,0x08C9,0x08C9,0x08C9,0x08C9,0x08C9,0x08C9,0x08C9,
0x08C9,0x08C9,0x08C9,0x08C9,0x08C9,0x08C9,0x08C9,0x08C9,0x08C9,0x08C9,0x08C9,0x08C9,0x08C9,0x08C9,0x08C9,0x08C9,
0x08C9,0x08C9,0x08C9,0x08C9,0x08C9,0x08C9,0x08C9,0x08C9,0x08E9,0x08E9,0x08E9,0x08C9,0x08C9,0x08C9,0x08C9,0x08C9,
0x08E9,0x08E9,0x08E9,0x08E9,0x08E9,0x08E9,0x08E9,0x08E9,0x08C9,0x08C9,0x08E9,0x08E9,0x08E9,0x08E9,0x08EA,0x08EA,
0x08E9,0x08E9,0x08E9,0x08E9,0x08E9,0x08E9,0x08E9,0x08E9,0x08E9,0x08E9,0x08E9,0x08E9,0x08E9,0x08E9,0x08E9,0x08E9,
0x08EA,0x08CA,0x08CA,0x08CA,0x08CA,0x08CA,0x08CA,0x08C9,0x08CA,0x08CA,0x08CA,0x08CA,0x08CA,0x08CA,0x08CA,0x08C9,
0x08C9,0x08C9,0x08C9,0x08C9,0x08C9,0x08C9,0x08C9,0x08C9,0x08C9,0x08CA,0x08EA,0x08EA,0x08EA,0x08EA,0x08CA,0x08CA,
0x08C9,0x08C9,0x08C9,0x08C9,0x08C9,0x08C9,0x08C9,0x08C9,0x08C9,0x08C9,0x08C9,0x08C9,0x08C9,0x08C9,0x08C9,0x08E9,
0x08C9,0x08C9,0x08C9,0x08C9,0x08C9,0x08C9,0x08C9,0x08C9,0x08C9,0x08C9,0x08C9,0x08C9,0x08C9,0x08C9,0x08C9,0x08C9,
0x08C9,0x08C9,0x08C9,0x08C9,0x08C9,0x08C9,0x08C9,0x08C9,0x08C9,0x08C9,0x08C9,0x08C9,0x08C9,0x08C9,0x08C9,0x08C9,
0x08C9,0x08C9,0x08C9,0x08C9,0x08C9,0x08C9,0x08C9,0x08C9,0x08E9,0x08E9,0x08E9,0x08C9,0x08C9,0x08C9,0x08C9,0x08C9,
0x08C9,0x08E9,0x114A,0x196B,0x112A,0x08E9,0x08C9,0x08C9,0x08C9,0x08C9,0x08C9,0x08C9,0x08C9,0x08C9,0x08C9,0x08C9,
0x08C9,0x08C9,0x08C9,0x08A9,0x08CA,0x08CA,0x08C9,0x08C9,0x00A8,0x10E9,0x194A,0x08C8,0x08C8,0x08A8,0x10E9,0x08A9,
0x10CA,0x08C9,0x1109,0x1908,0x10C6,0x10C5,0x18E5,0x18C4,0x18A4,0x18E5,0x18E5,0x18C5,0x10A5,0x10C5,0x18E6,0x18E7,
0x18E9,0x18C9,0x18C9,0x18E8,0x20E8,0x2928,0x3167,0x2946,0x20E3,0x18C2,0x20E3,0x2944,0x2925,0x18C4,0x18C5,0x2107,
0x2929,0x2109,0x18C7,0x10A6,0x10A6,0x10A5,0x0864,0x0042,0x0862,0x0883,0x10A3,0x10A2,0x0882,0x0862,0x0862,0x0882,
0x08E9,0x08E9,0x08E9,0x08C9,0x08C9,0x08C9,0x08C9,0x08C9,0x08E9,0x110A,0x08E9,0x08C9,0x10E9,0x08E9,0x08C9,0x08E9,
0x08C9,0x08C9,0x08E9,0x08E9,0x08E9,0x08E9,0x08C9,0x08C9,0x08E9,0x110A,0x110A,0x08E9,0x08C9,0x08E9,0x08E9,0x08C9,
0x08E9,0x08E9,0x08E9,0x08C9,0x08C9,0x08C9,0x08C9,0x08C9,0x08C9,0x08C9,0x08C9,0x08C9,0x08C9,0x08C9,0x08C9,0x08C9,
0x08C9,0x08C9,0x08C9,0x08C9,0x08C9,0x08C9,0x08C9,0x08A9,0x10EA,0x08EA,0x08C9,0x08C9,0x08C9,0x08C9,0x08C9,0x08C9,
0x08C9,0x08C9,0x08C9,0x08C9,0x08C9,0x08C9,0x08C9,0x08C9,0x08C9,0x08C9,0x08C9,0x08C9,0x08C9,0x08C9,0x08E9,0x08E9,
0x08E9,0x08E9,0x08E9,0x08E9,0x08E9,0x08E9,0x08E9,0x08E9,0x08C9,0x08C9,0x08C9,0x08C9,0x08C9,0x08C9,0x08C9,0x08C9,
0x08C9,0x08EA,0x08EA,0x08C9,0x08C9,0x110A,0x110A,0x08EA,0x08C9,0x08C9,0x08C9,0x08C9,0x08C9,0x08C9,0x08C9,0x08C9,
0x08E9,0x08E9,0x08E9,0x08E9,0x08E9,0x08E9,0x08E9,0x08E9,0x08C9,0x08C9,0x08E9,0x08E9,0x08E9,0x08E9,0x08EA,0x08EA,
0x08E9,0x08E9,0x08E9,0x08E9,0x08E9,0x08E9,0x08E9,0x08E9,0x08E9,0x08E9,0x08E9,0x08E9,0x08E9,0x08E9,0x08E9,0x08E9,
0x08E9,0x08EA,0x08C9,0x08C9,0x08C9,0x08C9,0x08C9,0x08C9,0x08C9,0x08C9,0x08C9,0x08C9,0x08C9,0x08C9,0x08EA,0x08EA,
0x08E9,0x08E9,0x08E9,0x08E9,0x08E9,0x08E9,0x08C9,0x08C9,0x08C9,0x08C9,0x08EA,0x08EA,0x08EA,0x08CA,0x08CA,0x08C9,
0x08C9,0x08C9,0x08C9,0x08C9,0x08C9,0x08C9,0x08C9,0x08C9,0x08E9,0x08C9,0x08C9,0x08C9,0x08E9,0x08E9,0x08EA,0x08EA,
0x08C9,0x08C9,0x08C9,0x08C9,0x08C9,0x08C9,0x08C9,0x08C9,0x08C9,0x08C9,0x08C9,0x08C9,0x08C9,0x08C9,0x08C9,0x08C9,
0x08C9,0x08C9,0x08E9,0x08C9,0x08C9,0x08C9,0x08C9,0x08E9,0x08C9,0x08C9,0x08C9,0x08C9,0x08C9,0x08C9,0x08C9,0x08C9,
0x08C9,0x08C9,0x08C9,0x08C9,0x08C9,0x08C9,0x08C9,0x08C9,0x08C9,0x08C9,0x08C9,0x08C9,0x08C9,0x08C9,0x08C9,0x08C9,
0x08E9,0x00A8,0x110A,0x194B,0x08C9,0x00A9,0x08E9,0x08A8,0x08C9,0x08E9,0x08E9,0x08C9,0x08C9,0x08C9,0x08C9,0x08A9,
0x08C9,0x08C9,0x08C9,0x08C9,0x08CA,0x08CA,0x10CA,0x10C9,0x08C9,0x08A8,0x10E8,0x10C8,0x1109,0x08A9,0x10C9,0x10EA,
0x08CA,0x08A9,0x10E9,0x10E8,0x08A5,0x0864,0x10C4,0x18E4,0x2125,0x2105,0x18E5,0x18C5,0x18E6,0x18E6,0x10C5,0x0885,
0x2109,0x214A,0x294A,0x18E8,0x18A7,0x2928,0x2927,0x18A3,0x18C3,0x18A2,0x18C3,0x2104,0x2125,0x20E5,0x18C6,0x18E6,
0x2108,0x2108,0x2128,0x2148,0x2107,0x10A5,0x0863,0x0883,0x0883,0x0883,0x10A3,0x0882,0x0882,0x0862,0x0862,0x0882,
0x08E9,0x08E9,0x08E9,0x08C9,0x08C9,0x08C9,0x08C9,0x08C9,0x08C9,0x110A,0x10EA,0x08C9,0x08C9,0x00A8,0x00A8,0x110A,
0x08C9,0x08C9,0x08E9,0x08E9,0x08E9,0x08E9,0x08C9,0x08C9,0x08C9,0x192A,0x192B,0x08E9,0x08C9,0x08E9,0x10E9,0x08C9,
0x08E9,0x08E9,0x08E9,0x08C9,0x08C9,0x08C9,0x08C9,0x08C9,0x00A9,0x00A9,0x08C9,0x08C9,0x08C9,0x08C9,0x08C9,0x08C9,
0x08EA,0x08C9,0x08C9,0x08C9,0x08C9,0x08C9,0x08A9,0x08A9,0x00A9,0x08A9,0x08A9,0x08A9,0x08A9,0x08C9,0x08C9,0x10EA,
0x08C9,0x08C9,0x08C9,0x08C9,0x08C9,0x08C9,0x08C9,0x08C9,0x08C9,0x08C9,0x08C9,0x08E9,0x08E9,0x08E9,0x08E9,0x08E9,
0x08E9,0x08E9,0x08E9,0x08E9,0x08E9,0x08E9,0x08E9,0x08E9,0x08C9,0x08C9,0x08C9,0x08C9,0x08C9,0x08C9,0x08C9,0x08C9,
0x08C9,0x08EA,0x08EA,0x08C9,0x08C9,0x110A,0x112A,0x08EA,0x08C9,0x08C9,0x08C9,0x08C9,0x08C9,0x08C9,0x08E9,0x08E9,
0x08E9,0x08E9,0x08E9,0x08E9,0x08E9,0x08E9,0x08E9,0x08E9,0x08C9,0x08C9,0x08E9,0x08E9,0x08E9,0x08E9,0x08EA,0x08EA,
0x08E9,0x08E9,0x08E9,0x08E9,0x08E9,0x08E9,0x08E9,0x08E9,0x08C9,0x08C9,0x08C9,0x08C9,0x08C9,0x08C9,0x08C9,0x08C9,
0x08E9,0x08E9,0x08E9,0x08E9,0x08E9,0x08E9,0x08E9,0x08E9,0x08C9,0x08C9,0x08C9,0x08C9,0x08EA,0x08EA,0x08EA,0x08EA,
0x08E9,0x08E9,0x08E9,0x08E9,0x08E9,0x08E9,0x08C9,0x08C9,0x08C9,0x08C9,0x08C9,0x08C9,0x08C9,0x08C9,0x08C9,0x08C9,
0x08C9,0x08C9,0x08C9,0x08C9,0x08C9,0x08C9,0x08C9,0x08C9,0x08E9,0x08C9,0x08C9,0x08C9,0x08E9,0x08C9,0x08C9,0x08EA,
0x08C9,0x08C9,0x08C9,0x08C9,0x08C9,0x08C9,0x08C9,0x08C9,0x08EA,0x08EA,0x08EA,0x08EA,0x08EA,0x08EA,0x08EA,0x08EA,
0x08C9,0x08C9,0x08C9,0x08C9,0x08C9,0x08C9,0x08C9,0x08C9,0x08C9,0x08C9,0x08C9,0x08C9,0x08C9,0x08C9,0x08C9,0x08C9,
0x08C9,0x08C9,0x08C9,0x08C9,0x08C9,0x08C9,0x08C9,0x08C9,0x08C9,0x08C9,0x08C9,0x08C9,0x08C9,0x08C9,0x08E9,0x08E9,
0x112A,0x0088,0x00A8,0x08E9,0x0088,0x08A9,0x110A,0x00A8,0x08C9,0x08C9,0x08C9,0x08A9,0x08A9,0x08C9,0x10C9,0x08A8,
0x08C9,0x08C9,0x08C9,0x10C9,0x10CA,0x10CA,0x10CA,0x10C9,0x1109,0x08C8,0x10C8,0x1109,0x190A,0x10C9,0x10C9,0x10EA,
0x10EA,0x10E9,0x1929,0x1928,0x10C6,0x18E5,0x2146,0x2966,0x2946,0x2105,0x18E5,0x18E5,0x18E6,0x18E6,0x0884,0x0044,
0x0886,0x10A7,0x2108,0x2929,0x2108,0x2928,0x2927,0x18C4,0x18A3,0x20E4,0x20E4,0x18A3,0x10A3,0x18E5,0x18E6,0x18A5,
0x0824,0x0885,0x18C7,0x1907,0x18C5,0x0884,0x0863,0x0883,0x08A3,0x08A3,0x08A2,0x0882,0x0862,0x0862,0x0862,0x0882,
0x08E9,0x08E9,0x08E9,0x08C9,0x08C9,0x08C9,0x08C9,0x08C9,0x08E9,0x08C9,0x00A8,0x00A8,0x08C9,0x10E9,0x08E9,0x08E9,
0x08C9,0x08C9,0x08E9,0x08E9,0x08E9,0x08E9,0x08C9,0x08C9,0x00A8,0x110A,0x110A,0x08C9,0x00A8,0x08C9,0x08E9,0x08A9,
0x08E9,0x08E9,0x08E9,0x08C9,0x08C9,0x08C9,0x08C9,0x08C9,0x00A9,0x00A9,0x08C9,0x08C9,0x08C9,0x08C9,0x08C9,0x08C9,
0x08A9,0x08A9,0x08A9,0x08A9,0x08C9,0x08C9,0x08C9,0x08C9,0x10EA,0x08EA,0x08EA,0x08C9,0x08C9,0x08C9,0x08C9,0x08C9,
0x08C9,0x08C9,0x08C9,0x08E9,0x08E9,0x08E9,0x08E9,0x08E9,0x08E9,0x08E9,0x08E9,0x08E9,0x08E9,0x08E9,0x08E9,0x08E9,
0x08C9,0x08C9,0x08C9,0x08C9,0x08C9,0x08C9,0x08C9,0x08C9,0x08C9,0x08C9,0x08C9,0x08C9,0x08C9,0x08C9,0x08C9,0x08C9,
0x00A9,0x08C9,0x08C9,0x00A9,0x08C9,0x08EA,0x08EA,0x08C9,0x08C9,0x08C9,0x08C9,0x08C9,0x08C9,0x08E9,0x08E9,0x08E9,
0x08E9,0x08E9,0x08E9,0x08E9,0x08E9,0x08E9,0x08E9,0x08E9,0x08C9,0x08C9,0x08E9,0x08E9,0x08E9,0x08E9,0x08EA,0x08EA,
0x08E9,0x08E9,0x08E9,0x08E9,0x08E9,0x08E9,0x08E9,0x08E9,0x08C9,0x08C9,0x08C9,0x08C9,0x08C9,0x08C9,0x08C9,0x08C9,
0x08E9,0x08E9,0x08E9,0x08E9,0x08E9,0x08E9,0x08E9,0x08E9,0x08E9,0x08E9,0x08EA,0x08EA,0x08EA,0x08EA,0x08EA,0x08EA,
0x08E9,0x08E9,0x08E9,0x08E9,0x08E9,0x08E9,0x08E9,0x08E9,0x08E9,0x08C9,0x08C9,0x08C9,0x08C9,0x08C9,0x08C9,0x08C9,
0x08C9,0x08C9,0x08C9,0x08C9,0x08C9,0x08C9,0x08C9,0x08C9,0x08C9,0x00A9,0x00A9,0x08C9,0x08E9,0x08C9,0x08C9,0x08C9,
0x08C9,0x08C9,0x08C9,0x08C9,0x08C9,0x08C9,0x08C9,0x08C9,0x08EA,0x08EA,0x08EA,0x08EA,0x08EA,0x08EA,0x08EA,0x08EA,
0x08EA,0x08C9,0x08C9,0x08C9,0x110A,0x110A,0x08EA,0x08C9,0x08C9,0x08C9,0x08C9,0x08C9,0x08C9,0x08C9,0x08C9,0x08C9,
0x08C9,0x08C9,0x08C9,0x08C9,0x08C9,0x08C9,0x08C9,0x08C9,0x08C9,0x08C9,0x08C9,0x08C9,0x08C9,0x08E9,0x08E9,0x08E9,
0x110A,0x00A8,0x08E9,0x112A,0x08C9,0x08C9,0x10EA,0x08A9,0x08C9,0x08C9,0x08C9,0x08A9,0x08A9,0x10A9,0x10A9,0x08A9,
0x10C9,0x10C9,0x10C9,0x10C9,0x10CA,0x10CA,0x10CA,0x10C9,0x10C9,0x10E9,0x10E9,0x10E9,0x10C9,0x10C9,0x10C9,0x10C9,
0x08C9,0x10E9,0x1909,0x1907,0x10E5,0x2146,0x2987,0x2966,0x18C4,0x18C4,0x18C4,0x18C5,0x18E6,0x18E5,0x10A5,0x0884,
0x18C6,0x0845,0x10A6,0x3169,0x2949,0x18A6,0x18A5,0x20E6,0x1083,0x18A3,0x18E4,0x18C4,0x10A3,0x10A4,0x10A4,0x10A5,
0x0864,0x1085,0x10A5,0x0864,0x0843,0x0863,0x10A3,0x10A3,0x08A3,0x0882,0x0882,0x0882,0x0862,0x0862,0x0862,0x0882,
0x08E9,0x08E9,0x08E9,0x08C9,0x08C9,0x08C9,0x08C9,0x08C9,0x08E9,0x08C9,0x110A,0x192A,0x08E9,0x110A,0x194B,0x194B,
0x08C9,0x08C9,0x08E9,0x08E9,0x08E9,0x08E9,0x08C9,0x08C9,0x08A8,0x08E9,0x10EA,0x08C9,0x08A9,0x08C9,0x08E9,0x08C9,
0x08E9,0x08E9,0x08E9,0x08C9,0x08C9,0x08C9,0x08C9,0x08C9,0x08C9,0x08C9,0x08C9,0x08C9,0x08C9,0x08C9,0x08C9,0x08C9,
0x10EA,0x08C9,0x08C9,0x08C9,0x08C9,0x08EA,0x08C9,0x08C9,0x10EA,0x10EA,0x10EA,0x10EA,0x08EA,0x08C9,0x08C9,0x08C9,
0x08C9,0x08E9,0x08E9,0x08E9,0x08E9,0x08E9,0x08E9,0x08E9,0x08E9,0x08E9,0x08E9,0x08E9,0x08E9,0x08E9,0x08C9,0x08C9,
0x08C9,0x08C9,0x08C9,0x08C9,0x08C9,0x08C9,0x08C9,0x08C9,0x08C9,0x08C9,0x08C9,0x08C9,0x08C9,0x08C9,0x08C9,0x08C9,
0x08C9,0x08C9,0x08C9,0x08C9,0x08C9,0x08C9,0x08C9,0x08C9,0x08C9,0x08C9,0x08C9,0x08C9,0x08E9,0x08E9,0x08EA,0x08EA,
0x08E9,0x08E9,0x08E9,0x08E9,0x08E9,0x08E9,0x08E9,0x08E9,0x08C9,0x08C9,0x08E9,0x08E9,0x08E9,0x08E9,0x08EA,0x08EA,
0x08C9,0x08C9,0x08C9,0x08C9,0x08C9,0x08C9,0x08C9,0x08C9,0x08E9,0x08E9,0x08E9,0x08E9,0x08E9,0x08E9,0x08E9,0x08E9,
0x08E9,0x08E9,0x08E9,0x08E9,0x08E9,0x08E9,0x08E9,0x08E9,0x08EA,0x08EA,0x08EA,0x08EA,0x08EA,0x08EA,0x08EA,0x08EA,
0x00E9,0x00E9,0x08E9,0x08E9,0x08E9,0x08E9,0x08E9,0x08E9,0x08E9,0x08E9,0x08C9,0x08C9,0x08C9,0x08C9,0x08E9,0x08E9,
0x08E9,0x08E9,0x08E9,0x08E9,0x08E9,0x08E9,0x08E9,0x08E9,0x08EA,0x08C9,0x08C9,0x110A,0x110A,0x08EA,0x08C9,0x08E9,
0x08EA,0x08EA,0x08EA,0x08EA,0x08EA,0x08EA,0x08EA,0x08EA,0x08EA,0x08EA,0x08EA,0x08EA,0x08EA,0x08EA,0x08EA,0x08EA,
0x110A,0x08E9,0x08C9,0x08EA,0x112A,0x112B,0x110A,0x08C9,0x08C9,0x08C9,0x08C9,0x08C9,0x08C9,0x08C9,0x08C9,0x08C9,
0x08C9,0x08C9,0x08C9,0x08C9,0x08C9,0x08C9,0x08C9,0x08C9,0x08C9,0x08C9,0x08C9,0x08C9,0x08E9,0x08E9,0x08EA,0x08EA,
0x08E9,0x08C9,0x10E9,0x08C9,0x08A9,0x0088,0x08A9,0x10EA,0x10C9,0x08A9,0x08A9,0x10C9,0x10C9,0x08A9,0x08A9,0x10C9,
0x10C9,0x10C9,0x10C9,0x10CA,0x10CA,0x10CA,0x10CA,0x10C9,0x10C8,0x1909,0x10E9,0x10E9,0x08A8,0x18EA,0x10CA,0x10EA,
0x10C9,0x10E9,0x1908,0x10E7,0x10C5,0x2126,0x2946,0x18E4,0x1083,0x1084,0x10A4,0x18A4,0x10A5,0x10A4,0x0884,0x0884,
0x18E6,0x18C6,0x18E7,0x2107,0x18C7,0x18C6,0x20E7,0x18C5,0x18C4,0x10A3,0x18E4,0x2966,0x2125,0x0842,0x0022,0x1084,
0x0864,0x10A5,0x10C5,0x10A4,0x10A4,0x10C4,0x10C4,0x10C3,0x0882,0x0882,0x0882,0x0862,0x0862,0x0862,0x0862,0x0862,
0x08E9,0x08E9,0x08E9,0x08C9,0x08C9,0x08C9,0x08C9,0x08C9,0x08C9,0x08C9,0x29AD,0x29CD,0x08C9,0x08A9,0x196B,0x196B,
0x08C9,0x08C9,0x08E9,0x08E9,0x08E9,0x08E9,0x08C9,0x08C9,0x08E9,0x08E9,0x08E9,0x08E9,0x08E9,0x08E9,0x08E9,0x08E9,
0x08E9,0x08E9,0x08E9,0x08C9,0x08C9,0x08C9,0x08C9,0x08C9,0x08C9,0x08C9,0x08C9,0x08E9,0x08C9,0x08C9,0x08C9,0x08C9,
0x194B,0x110A,0x10EA,0x08C9,0x08EA,0x08EA,0x08C9,0x08C9,0x08C9,0x08C9,0x08C9,0x08C9,0x08C9,0x08EA,0x08EA,0x08EA,
0x08E9,0x08E9,0x08E9,0x08E9,0x08E9,0x08E9,0x08E9,0x08E9,0x08E9,0x08E9,0x08E9,0x08E9,0x08E9,0x08E9,0x08E9,0x08E9,
0x08E9,0x08E9,0x08E9,0x08E9,0x08E9,0x08E9,0x08E9,0x08E9,0x08C9,0x08C9,0x08C9,0x08C9,0x08C9,0x08C9,0x08C9,0x08C9,
0x08EA,0x08C9,0x08E9,0x110A,0x110A,0x08E9,0x08C9,0x08EA,0x08C9,0x08C9,0x08C9,0x08C9,0x08E9,0x08E9,0x08EA,0x08EA,
0x08E9,0x08E9,0x08E9,0x08E9,0x08E9,0x08E9,0x08E9,0x08E9,0x08C9,0x08C9,0x08E9,0x08E9,0x08E9,0x08E9,0x08EA,0x08EA,
0x08C9,0x08C9,0x08C9,0x08C9,0x08C9,0x08C9,0x08C9,0x08C9,0x08E9,0x08E9,0x08E9,0x08E9,0x08E9,0x08E9,0x08E9,0x08E9,
0x08E9,0x08E9,0x08E9,0x08E9,0x08E9,0x08EA,0x08EA,0x08EA,0x08EA,0x08EA,0x08EA,0x08CA,0x08CA,0x08CA,0x08CA,0x00CA,
0x00CA,0x00CA,0x00EA,0x00CA,0x00EA,0x08EA,0x08EA,0x08EA,0x08EA,0x08E9,0x08E9,0x08E9,0x08E9,0x08E9,0x08E9,0x08E9,
0x08E9,0x08EA,0x08EA,0x08EA,0x08EA,0x08EA,0x08EA,0x08EA,0x110A,0x08C9,0x08EA,0x112B,0x194B,0x110A,0x08EA,0x08EA,
0x08EA,0x08EA,0x08EA,0x08EA,0x08EA,0x08EA,0x08EA,0x08EA,0x08EA,0x08EA,0x08EA,0x08EA,0x08EA,0x08EA,0x08EA,0x08EA,
0x08EA,0x08EA,0x08C9,0x08EA,0x110A,0x112B,0x110A,0x08C9,0x08C9,0x08C9,0x08C9,0x08C9,0x08C9,0x08C9,0x08C9,0x08C9,
0x08C9,0x08C9,0x08C9,0x08C9,0x08C9,0x08C9,0x08C9,0x08C9,0x08C9,0x08C9,0x08C9,0x08C9,0x08E9,0x08E9,0x08EA,0x08EA,
0x08C9,0x10EA,0x0888,0x0088,0x190A,0x10EA,0x0888,0x18EA,0x10C9,0x0888,0x10C9,0x212B,0x212B,0x10C9,0x0888,0x10C9,
0x10C9,0x10C9,0x10C9,0x10CA,0x10CA,0x10CA,0x10CA,0x10C9,0x10E9,0x190A,0x10C9,0x1909,0x10C8,0x190A,0x18EA,0x190A,
0x192A,0x1929,0x2169,0x2148,0x1926,0x2126,0x2125,0x18C4,0x10A3,0x1083,0x1084,0x10A4,0x10A4,0x0863,0x0863,0x0884,
0x0843,0x10A5,0x2106,0x18E6,0x18C6,0x2949,0x3189,0x2127,0x20E6,0x18C5,0x2105,0x2126,0x18E5,0x0863,0x0042,0x0863,
0x0022,0x0043,0x0884,0x10C4,0x10C4,0x10A3,0x0882,0x0862,0x0882,0x0882,0x0862,0x0862,0x0862,0x0862,0x0862,0x0042,
0x08E9,0x08E9,0x08E9,0x08C9,0x08C9,0x08C9,0x08C9,0x08C9,0x08E9,0x0088,0x216C,0x29AD,0x08A8,0x00A8,0x112A,0x0088,
0x08C9,0x08C9,0x08E9,0x08E9,0x08E9,0x08E9,0x08C9,0x08C9,0x08E9,0x08C9,0x08A9,0x08C9,0x08E9,0x08C9,0x08C9,0x08C9,
0x08E9,0x08E9,0x08E9,0x08C9,0x08C9,0x08C9,0x08C9,0x08C9,0x08E9,0x08E9,0x08E9,0x08E9,0x08E9,0x08C9,0x08C9,0x08C9,
0x110A,0x10EA,0x08C9,0x08A9,0x08C9,0x10EA,0x10EA,0x08EA,0x08C9,0x08EA,0x08EA,0x08EA,0x08EA,0x08C9,0x08C9,0x08C9,
0x08E9,0x08E9,0x08E9,0x08E9,0x08E9,0x08E9,0x08E9,0x08E9,0x08C9,0x08C9,0x08C9,0x08E9,0x08E9,0x08E9,0x08E9,0x08E9,
0x08EA,0x08EA,0x08EA,0x08EA,0x08EA,0x08EA,0x08EA,0x08EA,0x08C9,0x08C9,0x08C9,0x08C9,0x08C9,0x08C9,0x08C9,0x08C9,
0x08E9,0x00A9,0x08C9,0x110A,0x112A,0x08C9,0x00A9,0x08EA,0x08C9,0x08C9,0x08C9,0x08C9,0x08E9,0x08E9,0x08EA,0x08EA,
0x08E9,0x08E9,0x08E9,0x08E9,0x08E9,0x08E9,0x08E9,0x08E9,0x08C9,0x08C9,0x08E9,0x08E9,0x08E9,0x08E9,0x08EA,0x08EA,
0x08C9,0x08C9,0x08C9,0x08C9,0x08C9,0x08C9,0x08C9,0x08C9,0x08EA,0x08EA,0x08EA,0x08EA,0x08EA,0x08EA,0x08EA,0x08EA,
0x08E9,0x08E9,0x08E9,0x08E9,0x08EA,0x08EA,0x08EA,0x08EA,0x08CA,0x08CA,0x08CA,0x08CA,0x08CA,0x00AA,0x00AA,0x00AA,
0x00AA,0x00CA,0x00CA,0x00CA,0x00CA,0x08EA,0x08EA,0x08EA,0x08EA,0x08EA,0x08EA,0x08EA,0x08EA,0x08EA,0x08EA,0x08C9,
0x08C9,0x08C9,0x08C9,0x08C9,0x08C9,0x08C9,0x08C9,0x08C9,0x08EA,0x00A9,0x08C9,0x110A,0x112B,0x08EA,0x08C9,0x08C9,
0x08C9,0x08C9,0x08C9,0x08C9,0x08C9,0x08C9,0x08C9,0x08C9,0x08EA,0x08EA,0x08EA,0x08EA,0x08EA,0x08EA,0x08EA,0x08EA,
0x08C9,0x08C9,0x08C9,0x08EA,0x110A,0x110A,0x08EA,0x08EA,0x08C9,0x08C9,0x08C9,0x08C9,0x08C9,0x08C9,0x08C9,0x08C9,
0x08C9,0x08C9,0x08C9,0x08C9,0x08C9,0x08C9,0x08C9,0x08C9,0x08C9,0x08C9,0x08C9,0x08C9,0x08E9,0x08E9,0x08EA,0x08EA,
0x08C9,0x190A,0x0888,0x10EA,0x3A4F,0x320E,0x10C9,0x10C9,0x10C9,0x0888,0x10C9,0x296C,0x296C,0x10C9,0x0888,0x10C9,
0x10C9,0x10C9,0x10C9,0x10C9,0x10CA,0x10CA,0x10CA,0x10C9,0x18E9,0x18E9,0x10A7,0x1909,0x10C9,0x18EA,0x10A9,0x18E9,
0x18E9,0x10C7,0x1908,0x2147,0x18E5,0x10A3,0x1082,0x0862,0x1083,0x0862,0x0863,0x1084,0x10A4,0x1084,0x10A4,0x10C4,
0x2126,0x10A4,0x2106,0x39EA,0x31AA,0x18C6,0x10A6,0x20E7,0x1084,0x18E5,0x18C4,0x0842,0x0022,0x10A4,0x10C4,0x0863,
0x10C4,0x0883,0x10A4,0x18E5,0x10C4,0x0862,0x0041,0x08A3,0x0862,0x0862,0x0862,0x0862,0x0862,0x0862,0x0042,0x0042,
0x08C9,0x08E9,0x10E9,0x08E9,0x08C9,0x08A9,0x08C9,0x08E9,0x08C9,0x08C9,0x08C9,0x08C9,0x08C9,0x08C9,0x08C9,0x08C9,
0x08C9,0x08C9,0x08C9,0x08C9,0x08C9,0x08C9,0x08C9,0x08C9,0x08C9,0x08C9,0x08C9,0x08C9,0x08C9,0x08C9,0x08C9,0x08C9,
0x08C9,0x08C9,0x08C9,0x08C9,0x08C9,0x08C9,0x08E9,0x08E9,0x08E9,0x08E9,0x08E9,0x08E9,0x08E9,0x08E9,0x08E9,0x08E9,
0x08EA,0x08EA,0x08EA,0x110A,0x08C9,0x08C9,0x112B,0x08A9,0x08EA,0x08EA,0x08EA,0x08EA,0x08EA,0x08EA,0x08EA,0x08EA,
0x08E9,0x08E9,0x08E9,0x08E9,0x08E9,0x08E9,0x08E9,0x08E9,0x08E9,0x08E9,0x08E9,0x08E9,0x08E9,0x08E9,0x08E9,0x08E9,
0x08C9,0x08C9,0x08E9,0x08E9,0x08E9,0x08E9,0x08E9,0x08C9,0x08C9,0x08C9,0x08C9,0x08C9,0x08C9,0x08C9,0x08C9,0x08C9,
0x08E9,0x08E9,0x08E9,0x08E9,0x08E9,0x08E9,0x08E9,0x08E9,0x110A,0x08EA,0x08E9,0x08E9,0x08E9,0x08E9,0x08E9,0x08C9,
0x08EA,0x08EA,0x08EA,0x08EA,0x08EA,0x08EA,0x08EA,0x08EA,0x08E9,0x08E9,0x08E9,0x08E9,0x08E9,0x08E9,0x08E9,0x08E9,
0x08EA,0x08EA,0x08EA,0x08EA,0x08EA,0x08EA,0x08EA,0x08EA,0x08E9,0x08E9,0x08E9,0x08E9,0x08E9,0x08E9,0x08E9,0x08EA,
0x08EA,0x08EA,0x08EA,0x08CA,0x08CA,0x08CA,0x08CA,0x08CA,0x00AA,0x00AA,0x08CB,0x110C,0x112D,0x192D,0x194D,0x114D,
0x198E,0x196E,0x112D,0x08EC,0x08CB,0x00CB,0x00CB,0x00CA,0x08EA,0x110B,0x110B,0x00CA,0x00A9,0x08EA,0x08EA,0x08C9,
0x08C9,0x08EA,0x08EA,0x08EA,0x08C9,0x08EA,0x08C9,0x08C9,0x08EA,0x08EA,0x08EA,0x08EA,0x08EA,0x08EA,0x08EA,0x08EA,
0x08C9,0x110A,0x110A,0x08C9,0x08EA,0x110A,0x110A,0x08EA,0x08EA,0x08EA,0x08EA,0x08C9,0x08C9,0x08EA,0x08EA,0x08EA,
0x08EA,0x08EA,0x08EA,0x08EA,0x08EA,0x08EA,0x08EA,0x08EA,0x08EA,0x08EA,0x08EA,0x08EA,0x08EA,0x08EA,0x08EA,0x08EA,
0x08C9,0x08C9,0x08C9,0x08C9,0x08C9,0x08C9,0x08C9,0x08C9,0x08E9,0x08C9,0x08C9,0x08C9,0x08C9,0x08E9,0x08EA,0x08EA,
0x10EA,0x08C9,0x08C9,0x10E9,0xD6DF,0xDF1F,0x08A9,0x0888,0x10C9,0x10A9,0x10A9,0x10A9,0x10A9,0x10A9,0x10C9,0x10C9,
0x1909,0x08A8,0x10A9,0x18EA,0x10CA,0x18CA,0x18EA,0x18C9,0x18C9,0x18C8,0x18E8,0x1909,0x18E9,0x18C9,0x18C9,0x18E9,
0x18E9,0x18E7,0x10E6,0x10C5,0x10A4,0x0862,0x0862,0x1082,0x1083,0x0863,0x0863,0x1063,0x1084,0x10A4,0x10A4,0x10A4,
0x10A3,0x10A3,0x2106,0x31A9,0x18C6,0x18E7,0x18C6,0x1085,0x1084,0x0864,0x1083,0x10C4,0x10A4,0x0862,0x0842,0x0863,
0x0883,0x10C4,0x10C4,0x08A3,0x0062,0x0062,0x0882,0x0882,0x0062,0x0062,0x0062,0x0062,0x0062,0x0042,0x0042,0x0042,
0x08C9,0x08C9,0x08E9,0x08C9,0x08C9,0x08C9,0x110A,0x112A,0x08C9,0x08C9,0x08C9,0x08C9,0x08C9,0x08C9,0x08C9,0x08C9,
0x08C9,0x08C9,0x08C9,0x08C9,0x08C9,0x08C9,0x08C9,0x08C9,0x08C9,0x08C9,0x08C9,0x08C9,0x08C9,0x08C9,0x08C9,0x08C9,
0x08C9,0x08C9,0x08C9,0x08C9,0x08C9,0x08E9,0x08E9,0x08E9,0x08E9,0x08E9,0x08E9,0x08E9,0x08E9,0x08E9,0x08E9,0x08E9,
0x08A9,0x08C9,0x08C9,0x08EA,0x08C9,0x08C9,0x192B,0x08C9,0x08EA,0x08EA,0x08EA,0x08EA,0x08EA,0x08EA,0x08EA,0x08EA,
0x08E9,0x08E9,0x08E9,0x08E9,0x08E9,0x08E9,0x08E9,0x08E9,0x08E9,0x08E9,0x08E9,0x08E9,0x08E9,0x08E9,0x08E9,0x08E9,
0x08EA,0x08EA,0x08EA,0x08EA,0x08EA,0x08EA,0x08EA,0x08EA,0x08C9,0x08C9,0x08C9,0x08C9,0x08C9,0x08C9,0x08C9,0x08C9,
0x08E9,0x08E9,0x08E9,0x08E9,0x08E9,0x08E9,0x08E9,0x08E9,0x08EA,0x08EA,0x08E9,0x08E9,0x08E9,0x08EA,0x08E9,0x08C9,
0x08EA,0x08EA,0x08EA,0x08EA,0x08EA,0x08EA,0x08EA,0x08EA,0x08E9,0x08E9,0x08E9,0x08E9,0x08E9,0x08E9,0x08E9,0x08E9,
0x08EA,0x08EA,0x08EA,0x08EA,0x08EA,0x08EA,0x08EA,0x08EA,0x08E9,0x08E9,0x08E9,0x08E9,0x08E9,0x08E9,0x08E9,0x08EA,
0x08EA,0x08EB,0x08CA,0x08CA,0x08CA,0x08EB,0x08EB,0x10EC,0x194D,0x196E,0x218E,0x29AF,0x29D0,0x31F0,0x3210,0x3211,
0x29F1,0x2A11,0x3232,0x3252,0x3211,0x21CF,0x196E,0x112C,0x08EB,0x008A,0x00AA,0x110B,0x110B,0x08CA,0x00C9,0x110B,
0x08EA,0x08EA,0x08EA,0x08C9,0x08EA,0x110A,0x110A,0x08EA,0x08EA,0x08EA,0x08EA,0x08EA,0x08EA,0x08EA,0x08EA,0x08EA,
0x08EA,0x110A,0x08EA,0x08C9,0x110A,0x194B,0x112B,0x08EA,0x08EA,0x08EA,0x08EA,0x08EA,0x08EA,0x08EA,0x08EA,0x08EA,
0x08EA,0x08EA,0x08EA,0x08EA,0x08EA,0x08EA,0x08EA,0x08EA,0x08EA,0x08EA,0x08EA,0x08EA,0x08EA,0x08EA,0x08EA,0x08EA,
0x08C9,0x08C9,0x08C9,0x08C9,0x08C9,0x08C9,0x08C9,0x08C9,0x08E9,0x08E9,0x08C9,0x08C9,0x08C9,0x08E9,0x08EA,0x08EA,
0x08C9,0x190A,0x10EA,0x0047,0x52D1,0x52D1,0x0027,0x192B,0x10C9,0x10C9,0x10C9,0x10C9,0x10A9,0x10C9,0x10C9,0x10C9,
0x10E9,0x08A8,0x10C9,0x18EA,0x18EA,0x18EA,0x190A,0x18E9,0x2129,0x1909,0x2109,0x2129,0x2129,0x2129,0x210A,0x212A,
0x1087,0x10A6,0x10A5,0x10C5,0x10A4,0x0882,0x0862,0x0862,0x0882,0x0863,0x0863,0x0863,0x0863,0x0863,0x0883,0x0883,
0x18C4,0x0862,0x1083,0x18E6,0x10A5,0x18C6,0x10A6,0x0864,0x10A5,0x0884,0x10A4,0x10C4,0x10C4,0x0883,0x0863,0x0883,
0x0063,0x08A3,0x10C4,0x0883,0x0062,0x0062,0x0062,0x0062,0x0062,0x0062,0x0062,0x0062,0x0062,0x0062,0x0062,0x0062,
0x08C9,0x08E9,0x08E9,0x08C9,0x08C9,0x08E9,0x110A,0x192B,0x08C9,0x08C9,0x08C9,0x08C9,0x08C9,0x08C9,0x08C9,0x08C9,
0x08C9,0x08C9,0x08C9,0x08C9,0x08C9,0x08C9,0x08C9,0x08C9,0x08C9,0x08C9,0x08C9,0x08C9,0x08C9,0x08C9,0x08C9,0x08C9,
0x08C9,0x08C9,0x08E9,0x08E9,0x08EA,0x08E9,0x08E9,0x08C9,0x08E9,0x08E9,0x08E9,0x08E9,0x08E9,0x08E9,0x08E9,0x08E9,
0x08EA,0x192B,0x08C9,0x08C9,0x08EA,0x08C9,0x10EA,0x08C9,0x08EA,0x08EA,0x08EA,0x08EA,0x08EA,0x08EA,0x08EA,0x08EA,
0x08E9,0x08E9,0x08E9,0x08E9,0x08E9,0x08E9,0x08E9,0x08E9,0x08E9,0x08E9,0x08E9,0x08E9,0x08E9,0x08E9,0x08E9,0x08E9,
0x08EA,0x08EA,0x08EA,0x08C9,0x08C9,0x08C9,0x08C9,0x08EA,0x08C9,0x08C9,0x08C9,0x08C9,0x08C9,0x08C9,0x08C9,0x08C9,
0x08E9,0x08E9,0x08E9,0x08E9,0x08E9,0x08E9,0x08E9,0x08E9,0x08C9,0x08C9,0x08E9,0x08E9,0x08E9,0x08E9,0x08E9,0x08C9,
0x08EA,0x08EA,0x08EA,0x08EA,0x08EA,0x08EA,0x08EA,0x08EA,0x08E9,0x08E9,0x08E9,0x08E9,0x08E9,0x08E9,0x08E9,0x08E9,
0x08EA,0x08EA,0x08EA,0x08EA,0x08EA,0x08EA,0x08EA,0x08EA,0x08EA,0x08EA,0x08EA,0x08EA,0x08EA,0x08EA,0x08EA,0x08CA,
0x08CA,0x08EA,0x08EA,0x08EB,0x090B,0x110C,0x112C,0x114D,0x194D,0x196D,0x196E,0x196E,0x196E,0x196E,0x196E,0x196E,
0x196F,0x198F,0x21B0,0x29F1,0x3232,0x3252,0x3A52,0x3A72,0x3231,0x198E,0x08EB,0x00AA,0x08EB,0x114C,0x090B,0x00A9,
0x08EA,0x08EA,0x08CA,0x08C9,0x08CA,0x08EA,0x08EA,0x08CA,0x08EA,0x08EA,0x08EA,0x08EA,0x08EA,0x08EA,0x08EA,0x08EA,
0x08EA,0x08EA,0x08EA,0x08C9,0x110A,0x194B,0x112B,0x08EA,0x08EA,0x08EA,0x08EA,0x08EA,0x08EA,0x08EA,0x08EA,0x08EA,
0x08EA,0x08EA,0x08EA,0x08EA,0x08EA,0x08EA,0x08EA,0x08EA,0x08EA,0x08EA,0x08EA,0x08EA,0x08EA,0x08EA,0x08CA,0x08CA,
0x08EA,0x08EA,0x08EA,0x08EA,0x08EA,0x08EA,0x08EA,0x08EA,0x08EA,0x08EA,0x08C9,0x08C9,0x08EA,0x08EA,0x08EA,0x10EA,
0x08A9,0x110A,0x08C9,0x08A9,0x08A9,0x08A9,0x08A9,0x190A,0x10C9,0x10C9,0x10C9,0x10C9,0x10C9,0x10C9,0x10C9,0x10C9,
0x18E9,0x10E9,0x18E9,0x18EA,0x18EA,0x18EA,0x18E9,0x18E9,0x1909,0x18E8,0x18E8,0x2108,0x2108,0x20E8,0x20E9,0x2129,
0x2108,0x18E6,0x10A5,0x1084,0x0883,0x0862,0x0862,0x0882,0x0882,0x0863,0x0863,0x0863,0x0863,0x0862,0x0883,0x1083,
0x10A3,0x18A4,0x2105,0x18E6,0x18C5,0x0864,0x0885,0x0885,0x0884,0x0863,0x0883,0x10A3,0x0883,0x0862,0x0863,0x0883,
0x0062,0x0883,0x08A3,0x0883,0x0062,0x0062,0x0062,0x0042,0x0062,0x0062,0x0062,0x0062,0x0062,0x0082,0x0082,0x0082,
0x08E9,0x08E9,0x08E9,0x08C9,0x08C9,0x08C9,0x08E9,0x110A,0x08C9,0x08C9,0x08C9,0x08C9,0x08C9,0x08C9,0x08E9,0x08E9,
0x08C9,0x08C9,0x08C9,0x08C9,0x08C9,0x08C9,0x08C9,0x08C9,0x08C9,0x08C9,0x08C9,0x08C9,0x08C9,0x08C9,0x08C9,0x08C9,
0x08C9,0x08C9,0x08E9,0x08EA,0x08EA,0x08EA,0x08E9,0x08C9,0x08E9,0x08E9,0x08E9,0x08E9,0x08E9,0x08E9,0x08E9,0x08E9,
0x110A,0x216C,0x10EA,0x08C9,0x10EA,0x08C9,0x08C9,0x08C9,0x08EA,0x08EA,0x08EA,0x08EA,0x08EA,0x08EA,0x08EA,0x08EA,
0x08E9,0x08E9,0x08E9,0x08E9,0x08E9,0x08E9,0x08E9,0x08E9,0x08E9,0x08E9,0x08E9,0x08E9,0x08E9,0x08E9,0x08E9,0x08EA,
0x08EA,0x08EA,0x08C9,0x08C9,0x08C9,0x08C9,0x08EA,0x08EA,0x08EA,0x08EA,0x08EA,0x08EA,0x08EA,0x08EA,0x08EA,0x08EA,
0x08E9,0x08E9,0x08E9,0x08E9,0x08E9,0x08E9,0x08E9,0x08E9,0x08C9,0x08E9,0x08EA,0x08EA,0x08E9,0x08C9,0x08C9,0x08C9,
0x08EA,0x08EA,0x08EA,0x08EA,0x08EA,0x08EA,0x08EA,0x08EA,0x08EA,0x08EA,0x08EA,0x08EA,0x08EA,0x08EA,0x08EA,0x08EA,
0x08EA,0x08EA,0x08EA,0x08EA,0x08EA,0x08EA,0x08EA,0x08EA,0x08EA,0x08EA,0x08EA,0x08EA,0x08EA,0x08EA,0x08EA,0x08EA,
0x08CA,0x08CA,0x08EB,0x090B,0x112B,0x112C,0x114C,0x194D,0x112C,0x112C,0x112C,0x110C,0x090C,0x090C,0x090C,0x08EC,
0x112E,0x112E,0x110D,0x110D,0x114E,0x218F,0x29F0,0x3231,0x3251,0x42B3,0x3A72,0x198E,0x00CB,0x00AA,0x08EB,0x090B,
0x08EA,0x08EA,0x08EA,0x08CA,0x08CA,0x08CA,0x08CA,0x08CA,0x08EA,0x08EA,0x08EA,0x08EA,0x08EA,0x08EA,0x08EA,0x08EA,
0x08EA,0x08EA,0x08EA,0x08C9,0x08EA,0x110A,0x08EA,0x08C9,0x08EA,0x08EA,0x08EA,0x08EA,0x08EA,0x08EA,0x08EA,0x08EA,
0x08EA,0x08EA,0x08EA,0x08EA,0x08EA,0x08EA,0x08EA,0x08EA,0x08EA,0x08EA,0x08EA,0x08EA,0x08EA,0x08EA,0x08EA,0x08EA,
0x08EA,0x08EA,0x08EA,0x08EA,0x08EA,0x08EA,0x08EA,0x08EA,0x08EA,0x08EA,0x08EA,0x08EA,0x08EA,0x08EA,0x08EA,0x10EA,
0x10CA,0x10C9,0x08A9,0x216C,0x10E9,0x190A,0x214B,0x0888,0x10C9,0x10C9,0x10C9,0x10C9,0x10C9,0x10C9,0x10EA,0x10E9,
0x10E9,0x18E9,0x18EA,0x18EA,0x18EA,0x18EA,0x18E9,0x2109,0x2129,0x2129,0x2128,0x2928,0x2108,0x20E8,0x2108,0x2949,
0x2948,0x2107,0x10A4,0x0883,0x0862,0x0862,0x0882,0x0882,0x0862,0x0862,0x0863,0x0863,0x0862,0x0862,0x1083,0x10A3,
0x1062,0x18C4,0x2967,0x2126,0x2127,0x0864,0x0884,0x10A5,0x0883,0x0863,0x0062,0x0883,0x0862,0x0042,0x0863,0x0883,
0x0063,0x0883,0x08A3,0x08A3,0x0883,0x0062,0x0062,0x0062,0x0062,0x0062,0x0062,0x0062,0x0062,0x0062,0x0062,0x0062,
0x08C9,0x08E9,0x08E9,0x08E9,0x08C9,0x08C9,0x08C9,0x08C9,0x08C9,0x08C9,0x08C9,0x08C9,0x08E9,0x08E9,0x08E9,0x08E9,
0x08C9,0x08C9,0x08C9,0x08C9,0x08C9,0x08C9,0x08C9,0x08C9,0x08C9,0x08C9,0x08C9,0x08C9,0x08C9,0x08C9,0x08C9,0x08C9,
0x08C9,0x08C9,0x08EA,0x08EA,0x08EA,0x08EA,0x08E9,0x08C9,0x08E9,0x08E9,0x08E9,0x08E9,0x08E9,0x08E9,0x08E9,0x08E9,
0x08C9,0x192B,0x08C9,0x08A9,0x110A,0x08EA,0x10EA,0x110A,0x08EA,0x08EA,0x08EA,0x08EA,0x08EA,0x08EA,0x08EA,0x08EA,
0x08E9,0x08E9,0x08E9,0x08E9,0x08E9,0x08E9,0x08E9,0x08E9,0x08E9,0x08E9,0x08E9,0x08E9,0x08E9,0x08E9,0x08E9,0x08EA,
0x08EA,0x08EA,0x08EA,0x08EA,0x08EA,0x110A,0x110A,0x112B,0x08EA,0x08EA,0x08EA,0x08EA,0x08EA,0x08EA,0x08EA,0x08EA,
0x08E9,0x08E9,0x08E9,0x08E9,0x08E9,0x08E9,0x08E9,0x08E9,0x08C9,0x08EA,0x08EA,0x08EA,0x08C9,0x08C9,0x08C9,0x08E9,
0x08EA,0x08EA,0x08EA,0x08EA,0x08EA,0x08EA,0x08EA,0x08EA,0x08EA,0x08EA,0x08EA,0x08EA,0x08EA,0x08EA,0x08EA,0x08EA,
0x08EA,0x08EA,0x08EA,0x08EA,0x08EA,0x08EA,0x08EA,0x08EA,0x08EA,0x08EA,0x08EA,0x08EA,0x08EA,0x08EA,0x08EA,0x08EA,
0x08EA,0x08EB,0x090B,0x112B,0x112C,0x112C,0x112C,0x112B,0x090B,0x090B,0x090B,0x090B,0x090B,0x110B,0x112C,0x112C,
0x110C,0x110C,0x110D,0x112D,0x112D,0x194D,0x196E,0x196E,0x21EF,0x2A10,0x3A72,0x42B3,0x2A31,0x112D,0x00CB,0x08EC,
0x08CA,0x08EA,0x110A,0x110A,0x08EA,0x08CA,0x08EA,0x08EA,0x08EA,0x08EA,0x08EA,0x08EA,0x08EA,0x08EA,0x08EA,0x08EA,
0x08C9,0x08EA,0x08EA,0x08C9,0x08C9,0x08C9,0x08C9,0x08C9,0x08EA,0x08EA,0x08EA,0x08EA,0x08EA,0x08EA,0x08EA,0x08EA,
0x08EA,0x08EA,0x08EA,0x08EA,0x08EA,0x08EA,0x08EA,0x08EA,0x08EA,0x08EA,0x08EA,0x08EA,0x08EA,0x08EA,0x08EA,0x08EA,
0x08EA,0x08EA,0x08EA,0x08EA,0x08EA,0x08EA,0x08EA,0x08EA,0x08EA,0x08EA,0x08EA,0x08EA,0x08EA,0x08EA,0x08EA,0x10EA,
0x10EA,0x10E9,0x10EA,0x216B,0x08C9,0x110A,0x110A,0x08C9,0x10EA,0x10C9,0x10C9,0x10C9,0x10C9,0x10EA,0x10EA,0x10E9,
0x10A8,0x18E9,0x18E9,0x10C9,0x190A,0x190A,0x210A,0x296A,0x2108,0x2108,0x2128,0x2107,0x20E7,0x18C7,0x20E7,0x2928,
0x18A6,0x1084,0x1084,0x10A4,0x10C3,0x1082,0x0862,0x0861,0x0862,0x0862,0x0862,0x0862,0x0862,0x0862,0x1082,0x1083,
0x0862,0x0863,0x18C5,0x18A5,0x2947,0x10C5,0x10A5,0x0884,0x0883,0x0883,0x0882,0x0882,0x0862,0x0863,0x0883,0x10A4,
0x0863,0x0883,0x08A4,0x08A4,0x08A3,0x0883,0x0062,0x0062,0x0062,0x0062,0x0062,0x0062,0x0062,0x0062,0x0062,0x0062,
0x08C9,0x08C9,0x08E9,0x08E9,0x08E9,0x08E9,0x08C9,0x08C9,0x08C9,0x08C9,0x08C9,0x08E9,0x08E9,0x08E9,0x08E9,0x08E9,
0x08E9,0x08E9,0x08E9,0x08E9,0x08E9,0x08E9,0x08E9,0x08E9,0x08C9,0x08C9,0x08C9,0x08C9,0x08C9,0x08C9,0x08C9,0x08C9,
0x08C9,0x08E9,0x08EA,0x08EA,0x08EA,0x08EA,0x08EA,0x08E9,0x08E9,0x08E9,0x08E9,0x08E9,0x08E9,0x08E9,0x08E9,0x08E9,
0x08C9,0x110A,0x08C9,0x08C9,0x08EA,0x08C9,0x10EA,0x08C9,0x08EA,0x08EA,0x08EA,0x08EA,0x08EA,0x08EA,0x08EA,0x08EA,
0x08E9,0x08E9,0x08E9,0x08E9,0x08E9,0x08E9,0x08E9,0x08E9,0x08E9,0x08E9,0x08E9,0x08E9,0x08E9,0x08E9,0x08E9,0x08EA,
0x08EA,0x08EA,0x08EA,0x08EA,0x08EA,0x110A,0x110A,0x110A,0x08EA,0x08EA,0x08EA,0x08EA,0x08EA,0x08EA,0x08EA,0x08EA,
0x08E9,0x08E9,0x08E9,0x08E9,0x08E9,0x08E9,0x08E9,0x08E9,0x08E9,0x08EA,0x08EA,0x08EA,0x08C9,0x08C9,0x08EA,0x110A,
0x08EA,0x08EA,0x08EA,0x08EA,0x08EA,0x08EA,0x08EA,0x08EA,0x08EA,0x08EA,0x08EA,0x08EA,0x08EA,0x08EA,0x08EA,0x08EA,
0x08EA,0x08EA,0x08EA,0x08EA,0x08EA,0x08EA,0x08EA,0x08EA,0x08EA,0x08EA,0x08EA,0x08EA,0x08EA,0x08EA,0x08EA,0x08EA,
0x110B,0x110B,0x112B,0x112B,0x112B,0x090B,0x08EA,0x08CA,0x08EA,0x08EA,0x08CA,0x00CA,0x08CA,0x08EA,0x08EA,0x08EA,
0x00AA,0x08CA,0x110B,0x112C,0x194D,0x196D,0x196D,0x196D,0x21CF,0x198E,0x19AF,0x3252,0x4B14,0x42D4,0x19AF,0x00AB,
0x00CA,0x08CA,0x08EA,0x08EA,0x08EA,0x08CA,0x08EA,0x110A,0x08EA,0x08EA,0x08EA,0x08EA,0x08EA,0x08EA,0x08EA,0x08EA,
0x08C9,0x08EA,0x08EA,0x08EA,0x08EA,0x08EA,0x08EA,0x110A,0x08EA,0x08EA,0x08EA,0x08EA,0x08EA,0x08EA,0x08EA,0x08EA,
0x08EA,0x08EA,0x08EA,0x08EA,0x08EA,0x08EA,0x08EA,0x08EA,0x08EA,0x08EA,0x08EA,0x08EA,0x08EA,0x08EA,0x08EA,0x08EA,
0x08EA,0x08EA,0x08EA,0x08EA,0x08EA,0x08EA,0x08EA,0x08EA,0x08EA,0x08EA,0x08EA,0x08EA,0x08EA,0x08EA,0x08EA,0x08EA,
0x08EA,0x10EA,0x110A,0x10EA,0x08A9,0x10E9,0x08C9,0x190A,0x10EA,0x10EA,0x10C9,0x10C9,0x10C9,0x10EA,0x10EA,0x10E9,
0x10C9,0x214B,0x190A,0x18C9,0x190A,0x18EA,0x18E9,0x296A,0x18C7,0x18C6,0x18C6,0x18E6,0x18C6,0x18C6,0x18C6,0x20E7,
0x18A5,0x1084,0x1084,0x10A3,0x10A3,0x1082,0x0862,0x0862,0x10A3,0x0883,0x0883,0x0883,0x0883,0x0882,0x1082,0x1062,
0x1083,0x0843,0x1084,0x1084,0x10A5,0x0884,0x0884,0x0883,0x0883,0x0882,0x0082,0x0082,0x0062,0x0863,0x0883,0x1084,
0x0883,0x0883,0x08A4,0x08A4,0x08A4,0x0883,0x0063,0x0883,0x0082,0x0082,0x0082,0x0062,0x0062,0x0062,0x0062,0x0062,
0x08C9,0x08C9,0x08E9,0x08E9,0x10E9,0x10E9,0x08E9,0x08C9,0x08C9,0x08E9,0x08E9,0x08E9,0x08E9,0x08E9,0x08E9,0x08E9,
0x08E9,0x08E9,0x08E9,0x08E9,0x08E9,0x08E9,0x08E9,0x08E9,0x08E9,0x08E9,0x08E9,0x08C9,0x08C9,0x08E9,0x08E9,0x08E9,
0x08E9,0x08E9,0x08EA,0x08EA,0x08EA,0x08EA,0x08EA,0x08EA,0x08E9,0x08E9,0x08E9,0x08E9,0x08E9,0x08E9,0x08E9,0x08E9,
0x08EA,0x110A,0x08C9,0x10EA,0x08C9,0x08C9,0x110A,0x08A9,0x08EA,0x08EA,0x08EA,0x08EA,0x08EA,0x08EA,0x08EA,0x08EA,
0x08E9,0x08E9,0x08E9,0x08E9,0x08E9,0x08E9,0x08E9,0x08E9,0x08E9,0x08E9,0x08E9,0x08E9,0x08E9,0x08E9,0x08E9,0x08EA,
0x08C9,0x08CA,0x08CA,0x08CA,0x08CA,0x08CA,0x08CA,0x08CA,0x08EA,0x08EA,0x08EA,0x08EA,0x08EA,0x08EA,0x08EA,0x08EA,
0x08E9,0x08E9,0x08E9,0x08E9,0x08E9,0x08E9,0x08E9,0x08E9,0x08C9,0x08EA,0x08EA,0x08EA,0x08C9,0x08E9,0x110A,0x112B,
0x08EA,0x08EA,0x08EA,0x08EA,0x08EA,0x08EA,0x08EA,0x08EA,0x08EA,0x08EA,0x08EA,0x08EA,0x08EA,0x08EA,0x08EA,0x08EA,
0x08EA,0x08EA,0x08EA,0x08EA,0x08EA,0x08EA,0x08EA,0x08EA,0x08EA,0x08EA,0x08EA,0x08EA,0x08EA,0x08EA,0x08EA,0x08EA,
0x110B,0x090B,0x090B,0x090A,0x090A,0x08EA,0x08E9,0x00C9,0x090A,0x090A,0x090A,0x08EA,0x08E9,0x08E9,0x08E9,0x08E9,
0x110A,0x110A,0x08EA,0x08EA,0x08EA,0x090B,0x090B,0x112C,0x114D,0x21AF,0x21F0,0x21F0,0x2A31,0x3293,0x3273,0x2A10,
0x110B,0x08CA,0x08A9,0x08CA,0x08EA,0x08EA,0x08EA,0x08EA,0x08EA,0x08EA,0x08EA,0x08EA,0x08EA,0x08EA,0x08EA,0x08EA,
0x08EA,0x08EA,0x08EA,0x08EA,0x08EA,0x08EA,0x110A,0x110A,0x08EA,0x08EA,0x08EA,0x08EA,0x08EA,0x08EA,0x08EA,0x08EA,
0x08EA,0x08EA,0x08EA,0x08EA,0x08EA,0x08EA,0x08EA,0x08EA,0x08EA,0x08EA,0x08EA,0x08EA,0x08EA,0x08EA,0x08EA,0x08EA,
0x08EA,0x08EA,0x08EA,0x08EA,0x08EA,0x08EA,0x08EA,0x08EA,0x08EA,0x08EA,0x08EA,0x08EA,0x08EA,0x08EA,0x08EA,0x08EA,
0x08EA,0x110A,0x08E9,0x08E9,0x192A,0x10E9,0x110A,0x10EA,0x10EA,0x10E9,0x10E9,0x10E9,0x10C9,0x10EA,0x10EA,0x10E9,
0x190A,0x298C,0x212B,0x18C9,0x210A,0x18EA,0x20E9,0x318B,0x2969,0x2128,0x2106,0x2927,0x2948,0x2947,0x2907,0x20E6,
0x20E6,0x18A5,0x10A4,0x1082,0x0862,0x0861,0x0882,0x10A3,0x10C3,0x10A3,0x10A3,0x10A3,0x18C4,0x18C3,0x10A3,0x1082,
0x18A4,0x1084,0x18C5,0x2106,0x0864,0x0864,0x08A4,0x08A3,0x0082,0x0082,0x0082,0x0062,0x0062,0x0063,0x0864,0x0884,
0x0884,0x0883,0x0883,0x08A4,0x0883,0x0063,0x0062,0x0883,0x0062,0x0062,0x0062,0x0062,0x0062,0x0062,0x0062,0x0062,
0x10EA,0x08E9,0x08E9,0x08C9,0x08E9,0x08E9,0x08E9,0x08E9,0x08E9,0x08E9,0x08E9,0x08E9,0x08E9,0x08E9,0x08E9,0x08E9,
0x08C9,0x08C9,0x08C9,0x08C9,0x08C9,0x08C9,0x08C9,0x08C9,0x08E9,0x08E9,0x08E9,0x08E9,0x08E9,0x08E9,0x08E9,0x08E9,
0x08EA,0x08EA,0x08C9,0x08C9,0x08EA,0x08EA,0x08EA,0x08EA,0x08E9,0x08E9,0x08E9,0x08E9,0x08E9,0x08E9,0x08E9,0x08E9,
0x08C9,0x08C9,0x08EA,0x110A,0x10EA,0x10EA,0x196C,0x10EA,0x08EA,0x08EA,0x08EA,0x08EA,0x08EA,0x08EA,0x08EA,0x08EA,
0x08E9,0x08E9,0x08E9,0x08E9,0x08E9,0x08E9,0x08E9,0x08E9,0x08EA,0x08EA,0x08EA,0x08EA,0x08EA,0x08EA,0x08EA,0x08EA,
0x08EA,0x08CA,0x08CA,0x08EA,0x08CA,0x08CA,0x08CA,0x08CA,0x08EA,0x08EA,0x08EA,0x08EA,0x08EA,0x08EA,0x08EA,0x08EA,
0x08EA,0x08E9,0x08E9,0x08E9,0x08E9,0x08E9,0x08E9,0x08E9,0x08C9,0x08E9,0x08EA,0x08E9,0x08C9,0x08EA,0x112A,0x194B,
0x08EA,0x08EA,0x08EA,0x08EA,0x08EA,0x08EA,0x08EA,0x08EA,0x08EA,0x08EA,0x08EA,0x08EA,0x08EA,0x08EA,0x08EA,0x08EA,
0x08EA,0x08EA,0x08EA,0x08EA,0x08EA,0x08EA,0x08EA,0x08EA,0x08EA,0x08EA,0x08EA,0x08EA,0x08EA,0x08EA,0x08EA,0x08EA,
0x08EA,0x08EA,0x08EA,0x08EA,0x08E9,0x08EA,0x08EA,0x090A,0x08E9,0x08E9,0x08EA,0x08EA,0x08EA,0x090A,0x090A,0x090A,
0x08C9,0x08C9,0x08C9,0x08EA,0x08EA,0x090B,0x112B,0x112B,0x112C,0x092C,0x116E,0x21CF,0x21F0,0x21F1,0x3293,0x4B15,
0x21AE,0x112C,0x00CA,0x08CA,0x110B,0x110B,0x10EA,0x08EA,0x08EA,0x08EA,0x08EA,0x08EA,0x08EA,0x08EA,0x08EA,0x08EA,
0x10EA,0x08EA,0x08CA,0x08EA,0x08EA,0x08EA,0x08EA,0x08EA,0x10EA,0x08EA,0x08EA,0x08EA,0x08EA,0x08EA,0x08EA,0x10EA,
0x08EA,0x08EA,0x08EA,0x08EA,0x08EA,0x08EA,0x08EA,0x08EA,0x08EA,0x08EA,0x08EA,0x08EA,0x08EA,0x08EA,0x08EA,0x08EA,
0x08EA,0x08EA,0x08EA,0x08EA,0x08EA,0x08EA,0x08EA,0x08EA,0x08EA,0x08EA,0x08EA,0x08EA,0x08EA,0x08EA,0x08EA,0x08EA,
0x10EA,0x190B,0x10CA,0x10EA,0x110A,0x0068,0x192B,0x08C9,0x10EA,0x10EA,0x10EA,0x10CA,0x10CA,0x10CA,0x10EA,0x10EA,
0x10C9,0x296C,0x212B,0x18C9,0x210A,0x212A,0x2949,0x41EB,0x39CA,0x2947,0x2105,0x2926,0x3187,0x3168,0x2106,0x18A5,
0x0863,0x1063,0x1083,0x10A3,0x10A3,0x0882,0x1082,0x10A3,0x10C3,0x10A2,0x0882,0x10A3,0x18C4,0x18E4,0x10C3,0x1083,
0x10A4,0x0843,0x0864,0x2147,0x18C5,0x2126,0x18E5,0x0063,0x0882,0x0882,0x0882,0x0082,0x0862,0x0883,0x1084,0x08A4,
0x0883,0x0063,0x0063,0x0883,0x0883,0x0062,0x0062,0x0082,0x0062,0x0062,0x0062,0x0062,0x0062,0x0062,0x0062,0x0062,
0x192A,0x110A,0x08E9,0x08E9,0x10E9,0x10EA,0x10E9,0x08C9,0x10E9,0x08C9,0x10E9,0x192A,0x112A,0x08E9,0x08C9,0x08E9,
0x08E9,0x08E9,0x08E9,0x08E9,0x08E9,0x08E9,0x08E9,0x08E9,0x08E9,0x08E9,0x08E9,0x08E9,0x08E9,0x08E9,0x08C9,0x08C9,
0x10EA,0x08C9,0x08C9,0x110A,0x10EA,0x00A8,0x110A,0x08C9,0x08E9,0x08E9,0x08E9,0x08E9,0x08E9,0x08E9,0x08E9,0x08E9,
0x08EA,0x08EA,0x08EA,0x08EA,0x08EA,0x08EA,0x08EA,0x08EA,0x08E9,0x08C9,0x08EA,0x08EA,0x08EA,0x08EA,0x08C9,0x08E9,
0x08EA,0x08EA,0x08EA,0x08EA,0x08EA,0x08EA,0x08EA,0x08EA,0x08EA,0x08EA,0x08EA,0x08EA,0x08EA,0x08EA,0x08EA,0x08EA,
0x08EA,0x08EA,0x08EA,0x08EA,0x08EA,0x08EA,0x08EA,0x08EA,0x08EA,0x08EA,0x08EA,0x08EA,0x08EA,0x08EA,0x08EA,0x08EA,
0x08CA,0x08CA,0x08CA,0x08CA,0x08CA,0x08CA,0x08CA,0x08CA,0x10EA,0x08EA,0x08EA,0x08EA,0x08CA,0x08CA,0x08CA,0x08C9,
0x08EA,0x08EA,0x08EA,0x08EA,0x08EA,0x08EA,0x08EA,0x08EA,0x08EA,0x08EA,0x08EA,0x08EA,0x08EA,0x08EA,0x08EA,0x08EA,
0x08EA,0x08EA,0x08EA,0x08EA,0x08EA,0x08EA,0x08EA,0x08EA,0x08EA,0x08EA,0x08EA,0x08EA,0x08EA,0x08EA,0x08EA,0x08EA,
0x08EA,0x08EA,0x08EA,0x08EA,0x08EA,0x08EA,0x08EA,0x08EA,0x08EA,0x08EA,0x08EA,0x08EA,0x08EA,0x08EA,0x08EA,0x08EA,
0x08EA,0x08CA,0x08EA,0x08EA,0x08EA,0x08EA,0x08EA,0x090A,0x112B,0x112B,0x114C,0x116D,0x19AF,0x21F0,0x2A32,0x3A93,
0x4315,0x3272,0x00AB,0x08EB,0x00CA,0x090A,0x112B,0x08EA,0x00C9,0x090A,0x00C9,0x00CA,0x08EA,0x08EA,0x112B,0x08EA,
0x10EA,0x10EA,0x10EA,0x10EA,0x10EA,0x10EA,0x10EA,0x10EA,0x10EB,0x10EB,0x10EB,0x10EB,0x10EB,0x10EB,0x10EB,0x10EB,
0x08EA,0x08EA,0x08EA,0x08EA,0x08EA,0x08EA,0x08EA,0x08EA,0x08EA,0x08EA,0x08EA,0x08EA,0x10EA,0x10EA,0x10EA,0x08EA,
0x08EA,0x110A,0x090A,0x08EA,0x08EA,0x110A,0x110A,0x08EA,0x08EA,0x08EA,0x08EA,0x08EA,0x08EA,0x08EA,0x08EA,0x08EA,
0x10EA,0x10EA,0x10EA,0x10EA,0x10EA,0x10CA,0x10CA,0x10CA,0x10EA,0x10EA,0x10EA,0x10EA,0x10EA,0x10EA,0x10EA,0x10EA,
0x190B,0x10AA,0x18EA,0x294B,0x2109,0x2928,0x39A9,0x41C9,0x3126,0x28E4,0x20A3,0x20E4,0x3146,0x20E5,0x1884,0x18A4,
0x2106,0x18A5,0x1084,0x1083,0x1082,0x1082,0x10A2,0x0861,0x0861,0x10A2,0x18E3,0x10C3,0x10A3,0x0882,0x0883,0x0883,
0x0883,0x0863,0x0863,0x1084,0x18E5,0x1905,0x10C4,0x0063,0x0062,0x0062,0x0062,0x0062,0x0062,0x0062,0x0062,0x0062,
0x0062,0x0062,0x0062,0x0062,0x0062,0x0062,0x0062,0x0062,0x0062,0x0062,0x0042,0x0042,0x0042,0x0042,0x0062,0x0062,
0x112A,0x110A,0x08E9,0x08C9,0x08E9,0x10EA,0x08E9,0x08C9,0x192B,0x110A,0x110A,0x192B,0x112A,0x10E9,0x08E9,0x110A,
0x08E9,0x08E9,0x08E9,0x08E9,0x08E9,0x08E9,0x08E9,0x08E9,0x08E9,0x08E9,0x08E9,0x08E9,0x08E9,0x08E9,0x08C9,0x08C9,
0x08A9,0x08C9,0x08C9,0x0088,0x08A8,0x110A,0x0088,0x110A,0x08E9,0x08E9,0x08E9,0x08E9,0x08E9,0x08E9,0x08E9,0x08E9,
0x08EA,0x08EA,0x08EA,0x08EA,0x08EA,0x08EA,0x08EA,0x08EA,0x08E9,0x08C9,0x08EA,0x08E9,0x08E9,0x08EA,0x08E9,0x08EA,
0x08EA,0x08EA,0x08EA,0x08EA,0x08EA,0x08EA,0x08EA,0x08EA,0x08CA,0x08CA,0x08CA,0x08CA,0x08CA,0x08CA,0x08CA,0x08CA,
0x08EA,0x08EA,0x08EA,0x08EA,0x08EA,0x08EA,0x08EA,0x08EA,0x08E9,0x08E9,0x08E9,0x08E9,0x08E9,0x08E9,0x08E9,0x08E9,
0x08CA,0x08CA,0x08CA,0x08CA,0x08CA,0x08CA,0x08CA,0x08CA,0x08EA,0x08EA,0x08EA,0x08EA,0x08EA,0x08CA,0x08CA,0x08CA,
0x08EA,0x08EA,0x08EA,0x08EA,0x08EA,0x08EA,0x08EA,0x08EA,0x08EA,0x08EA,0x08EA,0x08EA,0x08EA,0x08EA,0x08EA,0x08EA,
0x08EA,0x08EA,0x08EA,0x08EA,0x08EA,0x08EA,0x08EA,0x08EA,0x08EA,0x08EA,0x08EA,0x08EA,0x08EA,0x08EA,0x08EA,0x08EA,
0x08EA,0x08EA,0x08EA,0x08EA,0x08EA,0x08EA,0x08EA,0x08EA,0x08EA,0x08EA,0x08EA,0x08EA,0x08EA,0x08EA,0x08EA,0x08EA,
0x08CA,0x10CA,0x08EA,0x08EA,0x08EA,0x08EA,0x08E9,0x090A,0x090A,0x090B,0x112C,0x196D,0x198E,0x21CF,0x2A11,0x3252,
0x3AF5,0x4316,0x2211,0x008A,0x112C,0x090B,0x08C9,0x112A,0x090A,0x112B,0x090A,0x112B,0x114B,0x08EA,0x08EA,0x00A9,
0x10EB,0x10EB,0x10EB,0x10EB,0x10EB,0x10EB,0x10EB,0x10EB,0x10EB,0x10EB,0x10EB,0x10EB,0x10EB,0x10EB,0x10EB,0x10EB,
0x08EA,0x090A,0x090A,0x090A,0x08EA,0x08EA,0x08EA,0x08EA,0x08EA,0x08EA,0x08EA,0x08EA,0x10EA,0x10EA,0x10EA,0x10EA,
0x08EA,0x090A,0x08EA,0x08EA,0x08EA,0x090A,0x090A,0x08EA,0x08EA,0x08EA,0x08EA,0x08EA,0x08EA,0x08EA,0x08EA,0x08EA,
0x10EA,0x10EA,0x10EA,0x10EA,0x10EA,0x10EA,0x10CA,0x10CA,0x10EA,0x10EA,0x10EA,0x10EA,0x10EA,0x10EA,0x10EA,0x10EA,
0x18EB,0x10CA,0x212B,0x294A,0x20E7,0x2106,0x3167,0x3987,0x3145,0x3145,0x2904,0x2904,0x3986,0x41C8,0x39A8,0x39A9,
0x20E6,0x1084,0x1064,0x1063,0x0842,0x0862,0x10A2,0x10A2,0x10C2,0x1903,0x1904,0x18E4,0x10C3,0x10A3,0x0883,0x0883,
0x0883,0x0883,0x0863,0x0883,0x08A4,0x08A4,0x0883,0x0062,0x0063,0x0063,0x0062,0x0062,0x0062,0x0062,0x0062,0x0062,
0x0062,0x0062,0x0062,0x0062,0x0062,0x0062,0x0062,0x0062,0x0062,0x0062,0x0042,0x0042,0x0042,0x0062,0x0062,0x0062,
0x110A,0x10E9,0x08C9,0x08C9,0x08E9,0x10E9,0x08E9,0x08C9,0x112A,0x10EA,0x08E9,0x110A,0x10EA,0x08C9,0x08C9,0x110A,
0x08E9,0x08E9,0x08E9,0x08E9,0x08E9,0x08E9,0x08E9,0x08E9,0x08E9,0x08E9,0x08E9,0x08E9,0x08E9,0x08E9,0x08C9,0x08C9,
0x10EA,0x10EA,0x110A,0x110A,0x0088,0x110A,0x08C9,0x00A8,0x08E9,0x08E9,0x08E9,0x08E9,0x08E9,0x08E9,0x08E9,0x08E9,
0x08EA,0x08EA,0x08EA,0x08EA,0x08EA,0x08EA,0x08EA,0x08EA,0x08E9,0x08E9,0x08E9,0x08E9,0x08E9,0x08E9,0x08EA,0x08EA,
0x08EA,0x08EA,0x08EA,0x08EA,0x08EA,0x08EA,0x08EA,0x08EA,0x08CA,0x08CA,0x08CA,0x08CA,0x08CA,0x08CA,0x08CA,0x08CA,
0x08EA,0x08EA,0x08EA,0x08EA,0x08EA,0x08EA,0x08EA,0x08EA,0x08E9,0x08E9,0x08E9,0x08E9,0x08E9,0x08E9,0x08E9,0x08E9,
0x08CA,0x08CA,0x08CA,0x08CA,0x08CA,0x08CA,0x08CA,0x08CA,0x08EA,0x08EA,0x08EA,0x08EA,0x08EA,0x08EA,0x08EA,0x08EA,
0x08EA,0x08EA,0x08EA,0x08EA,0x08EA,0x08EA,0x08EA,0x08EA,0x08EA,0x08EA,0x08EA,0x08EA,0x08EA,0x08EA,0x08EA,0x08EA,
0x08EA,0x08EA,0x08EA,0x08EA,0x08EA,0x08EA,0x08EA,0x08EA,0x08EA,0x08EA,0x08EA,0x08EA,0x08EA,0x08EA,0x08EA,0x08EA,
0x08EA,0x08EA,0x08EA,0x08EA,0x08EA,0x08EA,0x08EA,0x08EA,0x08EA,0x08EA,0x08EA,0x08EA,0x08EA,0x08EA,0x08EA,0x08EA,
0x08CA,0x08CA,0x08EA,0x08EA,0x08EA,0x08E9,0x08E9,0x090A,0x08EA,0x090A,0x112B,0x114C,0x196D,0x198E,0x21CF,0x2A11,
0x32B5,0x4337,0x4B36,0x092D,0x090C,0x090B,0x00A9,0x112B,0x114B,0x0088,0x00A9,0x3250,0x3A70,0x08EA,0x00A9,0x194C,
0x10EB,0x10EB,0x10EB,0x10EB,0x10EB,0x10EB,0x10EB,0x10EB,0x10EB,0x10EB,0x10EB,0x10EB,0x10EB,0x10EB,0x10EB,0x10EB,
0x090B,0x090A,0x090A,0x090A,0x090A,0x090A,0x090A,0x090A,0x10EA,0x10EA,0x10EA,0x10EA,0x10EA,0x10EA,0x10EA,0x10EA,
0x08EA,0x10EA,0x08EA,0x08EA,0x08EA,0x08EA,0x10EA,0x08EA,0x10EA,0x10EA,0x10EA,0x10EA,0x10EA,0x10EA,0x10EA,0x10EA,
0x10EA,0x10EA,0x10EA,0x10EA,0x10EA,0x10EA,0x10EA,0x10EA,0x10EA,0x10EA,0x10EA,0x10EA,0x10EA,0x10EA,0x10EA,0x10EA,
0x10EA,0x190A,0x214A,0x2148,0x18E6,0x2126,0x3187,0x3987,0x49E8,0x49E8,0x3985,0x3145,0x3986,0x3987,0x3148,0x3128,
0x18C5,0x1064,0x1064,0x1083,0x0842,0x0841,0x1082,0x10A2,0x10C2,0x1903,0x1904,0x10C3,0x08A2,0x0882,0x0863,0x0863,
0x0883,0x0883,0x0883,0x0863,0x0062,0x0042,0x0062,0x0063,0x0062,0x0062,0x0062,0x0062,0x0062,0x0062,0x0062,0x0062,
0x0062,0x0062,0x0062,0x0062,0x0062,0x0062,0x0062,0x0062,0x0042,0x0042,0x0042,0x0042,0x0042,0x0062,0x0062,0x0062,
0x10E9,0x08E9,0x08C9,0x08C9,0x08E9,0x08E9,0x08E9,0x08C9,0x08E9,0x08C9,0x08A9,0x08C9,0x08C9,0x08C9,0x08C9,0x10EA,
0x08E9,0x08E9,0x08E9,0x08E9,0x08E9,0x08E9,0x08E9,0x08E9,0x08C9,0x08C9,0x08E9,0x08E9,0x08E9,0x08E9,0x10E9,0x10E9,
0x08A8,0x110A,0x0068,0x10E9,0x08C9,0x08A8,0x110A,0x08C9,0x08E9,0x08E9,0x08E9,0x08E9,0x08E9,0x08E9,0x08E9,0x08E9,
0x08EA,0x08EA,0x08EA,0x08EA,0x08EA,0x08EA,0x08EA,0x08EA,0x08E9,0x08EA,0x08C9,0x08EA,0x08EA,0x08C9,0x08EA,0x08C9,
0x08EA,0x08EA,0x08EA,0x08EA,0x08EA,0x08EA,0x08EA,0x08EA,0x08CA,0x08CA,0x08CA,0x08CA,0x08CA,0x08CA,0x08CA,0x08CA,
0x08EA,0x08EA,0x08EA,0x08EA,0x08EA,0x08EA,0x08EA,0x08EA,0x08EA,0x08EA,0x08EA,0x08EA,0x08EA,0x08EA,0x08EA,0x08EA,
0x08EA,0x08EA,0x08EA,0x08EA,0x08EA,0x08EA,0x08EA,0x08EA,0x08EA,0x08EA,0x08EA,0x08EA,0x08EA,0x08EA,0x10EA,0x10EA,
0x08EA,0x08EA,0x08EA,0x08EA,0x08EA,0x08EA,0x08EA,0x08EA,0x08EA,0x08EA,0x08EA,0x08EA,0x08EA,0x08EA,0x08EA,0x08EA,
0x08EA,0x08EA,0x08EA,0x08EA,0x08EA,0x08EA,0x08EA,0x08EA,0x08EA,0x08EA,0x08EA,0x08EA,0x08EA,0x08EA,0x08EA,0x08EA,
0x08EA,0x08EA,0x08EA,0x08EA,0x08EA,0x08EA,0x08EA,0x08EA,0x08EA,0x08EA,0x08EA,0x08EA,0x08EA,0x08EA,0x08EA,0x08EA,
0x08CA,0x08CA,0x08EA,0x08EA,0x08E9,0x08E9,0x08E9,0x090A,0x08EA,0x08EA,0x090B,0x112C,0x114C,0x116D,0x21AF,0x21F0,
0x3294,0x3AB5,0x4B56,0x3AB4,0x00CB,0x090B,0x090B,0x08EA,0x08CA,0x090B,0x090B,0x114C,0x112B,0x08CA,0x08EA,0x08CA,
0x10EB,0x10EB,0x10EB,0x10EB,0x10EB,0x10EB,0x10EB,0x10EB,0x10EB,0x10EB,0x10EB,0x10EB,0x10EB,0x10EB,0x10EB,0x10EB,
0x090B,0x090A,0x090A,0x090A,0x090A,0x090A,0x090A,0x090A,0x10EA,0x10EA,0x10EA,0x10EA,0x10EA,0x10EA,0x10EA,0x10EA,
0x10EA,0x110A,0x110A,0x10EA,0x08EA,0x10EA,0x110A,0x110A,0x10EA,0x10EA,0x10EA,0x10EA,0x10EA,0x10EA,0x10EA,0x10EA,
0x10EA,0x10EA,0x10EA,0x10EA,0x10EA,0x10EA,0x10EA,0x10EA,0x10EA,0x10EA,0x10EA,0x10EA,0x10EA,0x10EA,0x10EA,0x10EA,
0x18EA,0x192A,0x2129,0x1907,0x2126,0x3187,0x39C8,0x39A8,0x3987,0x3146,0x2925,0x3145,0x3987,0x3127,0x20E7,0x2907,
0x18A5,0x1063,0x1084,0x18C4,0x10A3,0x0862,0x0862,0x0861,0x10A2,0x10C3,0x10C3,0x10A3,0x0882,0x0862,0x0862,0x0862,
0x0063,0x0863,0x0863,0x0063,0x0042,0x0042,0x0062,0x0883,0x0062,0x0062,0x0062,0x0062,0x0062,0x0062,0x0062,0x0062,
0x0062,0x0062,0x0062,0x0062,0x0062,0x0062,0x0062,0x0062,0x0042,0x0042,0x0042,0x0042,0x0042,0x0062,0x0062,0x0062,
0x08E9,0x08C9,0x08C9,0x08C9,0x08E9,0x08E9,0x08E9,0x08E9,0x08E9,0x08C9,0x08C9,0x08E9,0x08E9,0x08E9,0x08E9,0x110A,
0x08E9,0x08E9,0x08E9,0x08E9,0x08E9,0x08E9,0x08E9,0x08E9,0x08C9,0x08C9,0x08C9,0x08C9,0x08C9,0x08C9,0x10E9,0x10E9,
0x10EA,0x192B,0x08A9,0x0068,0x192B,0x08A8,0x0088,0x192B,0x08E9,0x08E9,0x08E9,0x08E9,0x08E9,0x08E9,0x08E9,0x08E9,
0x08EA,0x08EA,0x08EA,0x08EA,0x08EA,0x08EA,0x08EA,0x08EA,0x08C9,0x110A,0x08C9,0x110A,0x110A,0x08C9,0x110A,0x08C9,
0x08EA,0x08EA,0x08EA,0x08EA,0x08EA,0x08EA,0x08EA,0x08EA,0x08CA,0x08CA,0x08CA,0x08CA,0x08CA,0x08CA,0x08CA,0x08CA,
0x08EA,0x08EA,0x08EA,0x08EA,0x08EA,0x08EA,0x08EA,0x08EA,0x08EA,0x08EA,0x08EA,0x08EA,0x08EA,0x08EA,0x08EA,0x08EA,
0x08EA,0x08CA,0x08CA,0x08CA,0x08CA,0x08CA,0x08CA,0x08CA,0x08CA,0x08CA,0x10EA,0x10EA,0x10EA,0x10EA,0x10EA,0x10EA,
0x08EA,0x08EA,0x08EA,0x08EA,0x08EA,0x08EA,0x08EA,0x08EA,0x08EA,0x08EA,0x08EA,0x08EA,0x08EA,0x08EA,0x08EA,0x08EA,
0x08EA,0x08EA,0x08EA,0x08EA,0x08EA,0x08EA,0x08EA,0x08EA,0x08EA,0x08EA,0x08EA,0x08EA,0x08EA,0x08EA,0x08EA,0x08EA,
0x08EA,0x08EA,0x08EA,0x08EA,0x08EA,0x08EA,0x08EA,0x08EA,0x08EA,0x08EA,0x08EA,0x08EA,0x08EA,0x08EA,0x08EA,0x08EA,
0x08EA,0x08EA,0x08EA,0x08EA,0x08E9,0x08E9,0x08E9,0x090A,0x08EA,0x08EA,0x08EA,0x090B,0x090C,0x114C,0x198E,0x21F0,
0x3274,0x3274,0x3AD5,0x5B77,0x21D0,0x08EC,0x090C,0x08EB,0x08EB,0x114C,0x08EA,0x00A9,0x0089,0x08EA,0x21AD,0x29CE,
0x10EB,0x10EB,0x10EB,0x10EB,0x10EB,0x10EB,0x10EB,0x10EB,0x10EB,0x10EB,0x10EB,0x10EB,0x10EB,0x10EB,0x10EB,0x110B,
0x110B,0x110B,0x110B,0x110B,0x110B,0x110B,0x110B,0x110B,0x110B,0x110B,0x10EB,0x10EB,0x10EB,0x10EB,0x10EB,0x10EB,
0x10EA,0x10EA,0x110B,0x110B,0x10EA,0x10EA,0x10EA,0x10EA,0x10EA,0x10EA,0x10EA,0x10EA,0x10EA,0x10EA,0x10EA,0x10EA,
0x10EA,0x10EA,0x10EA,0x10EA,0x10EA,0x10EA,0x10EA,0x10EA,0x10EA,0x10EA,0x10EA,0x10EA,0x10EA,0x10EA,0x10EA,0x10EA,
0x190A,0x1929,0x1928,0x2148,0x31A9,0x39E9,0x3188,0x2926,0x2906,0x3126,0x2906,0x2905,0x3127,0x3148,0x2908,0x2928,
0x2927,0x10A4,0x1084,0x18C4,0x10A3,0x10A3,0x0882,0x0861,0x10A2,0x10C3,0x10C3,0x10A3,0x0882,0x0882,0x0883,0x0883,
0x0062,0x0063,0x0062,0x0062,0x0063,0x0063,0x0063,0x0063,0x0062,0x0062,0x0062,0x0062,0x0062,0x0062,0x0042,0x0042,
0x0062,0x0062,0x0062,0x0062,0x0062,0x0062,0x0062,0x0062,0x0042,0x0042,0x0042,0x0042,0x0042,0x0042,0x0042,0x0042,
0x08C9,0x08C9,0x08E9,0x08E9,0x08E9,0x08E9,0x08E9,0x08E9,0x10E9,0x10E9,0x10E9,0x10E9,0x10E9,0x08E9,0x08E9,0x08E9,
0x08E9,0x08E9,0x08E9,0x08E9,0x08E9,0x08E9,0x08E9,0x08E9,0x08E9,0x08E9,0x08C9,0x08C9,0x08C9,0x08C9,0x08C9,0x08C9,
0x110A,0x0006,0x194B,0x192B,0x08C9,0x192A,0x08C9,0x08C9,0x08E9,0x08E9,0x08E9,0x08E9,0x08E9,0x08E9,0x08E9,0x08E9,
0x08EA,0x08EA,0x08EA,0x08EA,0x08EA,0x08EA,0x08EA,0x08EA,0x08C9,0x112B,0x08C9,0x112A,0x112A,0x08C9,0x112B,0x08E9,
0x08EA,0x08EA,0x08EA,0x08EA,0x08EA,0x08EA,0x08EA,0x08EA,0x08EA,0x08EA,0x08EA,0x08EA,0x08EA,0x08EA,0x08EA,0x08EA,
0x08EA,0x08EA,0x08EA,0x08EA,0x08EA,0x08EA,0x08EA,0x08EA,0x08EA,0x08EA,0x08EA,0x08EA,0x08EA,0x08EA,0x08EA,0x08EA,
0x08CA,0x08CA,0x08CA,0x08CA,0x08CA,0x08CA,0x08CA,0x08CA,0x10EA,0x10EA,0x10EA,0x10EA,0x10EA,0x10EA,0x10EA,0x10EA,
0x08EA,0x08EA,0x08EA,0x08EA,0x08EA,0x08EA,0x08EA,0x08EA,0x08EA,0x08EA,0x08EA,0x08EA,0x08EA,0x08EA,0x08EA,0x08EA,
0x08EA,0x08EA,0x08EA,0x08EA,0x08EA,0x08EA,0x08EA,0x08EA,0x08EA,0x08EA,0x08EA,0x08EA,0x08EA,0x08EA,0x08EA,0x08EA,
0x08EA,0x08EA,0x08EA,0x08EA,0x08EA,0x08EA,0x08EA,0x08EA,0x08EA,0x08EA,0x08EA,0x08EA,0x08EA,0x08EA,0x08EA,0x08EA,
0x08EA,0x08EA,0x08EA,0x08EA,0x08E9,0x08E9,0x08E9,0x0909,0x090A,0x08EA,0x08EA,0x08EA,0x090B,0x112C,0x198D,0x21D0,
0x2A33,0x3A95,0x3274,0x4B16,0x5356,0x090D,0x00CB,0x090C,0x110C,0x00CA,0x00A9,0x196C,0x196C,0x08EA,0x218D,0x3A70,
0x10EB,0x10EB,0x10EB,0x10EB,0x10EB,0x10EB,0x10EB,0x10EB,0x10EB,0x10EB,0x10EB,0x10EB,0x10EB,0x10EB,0x10EB,0x10EB,
0x110B,0x110B,0x110B,0x110B,0x110B,0x110B,0x110B,0x110B,0x110B,0x110B,0x10EB,0x10EB,0x10EB,0x10EB,0x10EB,0x10EB,
0x08CA,0x10EA,0x110B,0x110B,0x110B,0x08CA,0x08CA,0x10EA,0x10EA,0x10EA,0x10EA,0x10EA,0x10EA,0x10EA,0x10EA,0x10EA,
0x10EA,0x10EA,0x10EA,0x10EA,0x10EB,0x10EB,0x10EB,0x10EB,0x10EA,0x10EA,0x10EA,0x10EA,0x10EA,0x10EA,0x10EB,0x110A,
0x10E9,0x1929,0x1929,0x296A,0x39EC,0x39CA,0x20E7,0x1064,0x3168,0x41CA,0x3968,0x20A6,0x20C7,0x3149,0x3149,0x20E8,
0x39A9,0x18E5,0x1083,0x1083,0x1083,0x10A3,0x10C3,0x10C3,0x10A2,0x10C3,0x10C3,0x08A2,0x0882,0x0882,0x0882,0x0862,
0x0063,0x0042,0x0062,0x0062,0x0863,0x0863,0x0062,0x0042,0x0062,0x0062,0x0062,0x0062,0x0062,0x0062,0x0042,0x0042,
0x0042,0x0042,0x0042,0x0042,0x0042,0x0042,0x0042,0x0042,0x0042,0x0042,0x0042,0x0042,0x0042,0x0042,0x0042,0x0042,
0x08C9,0x08E9,0x08E9,0x08E9,0x08E9,0x08E9,0x08E9,0x08E9,0x08E9,0x08E9,0x08E9,0x08C9,0x08C9,0x08C9,0x08C9,0x08C9,
0x08E9,0x08E9,0x08E9,0x08E9,0x08E9,0x08E9,0x08E9,0x08E9,0x08E9,0x08E9,0x08C9,0x08C9,0x08C9,0x08C9,0x10C9,0x10C9,
0x08C9,0x10E9,0x08A9,0x214B,0x0047,0x192B,0x192B,0x08A8,0x10E9,0x10E9,0x10E9,0x10E9,0x10E9,0x10E9,0x10E9,0x10E9,
0x08EA,0x08EA,0x08EA,0x08EA,0x08EA,0x08EA,0x08EA,0x08EA,0x08C9,0x112B,0x00A9,0x110A,0x112A,0x08C9,0x196C,0x110A,
0x08EA,0x08EA,0x08EA,0x08EA,0x08EA,0x08EA,0x08EA,0x08EA,0x10EA,0x10EA,0x10EA,0x10EA,0x10EA,0x10EA,0x10EA,0x10EA,
0x08EA,0x08EA,0x08EA,0x08EA,0x08EA,0x08EA,0x08EA,0x08EA,0x08EA,0x08EA,0x08EA,0x08EA,0x08EA,0x08EA,0x08EA,0x08EA,
0x10EA,0x10EA,0x10EA,0x10EA,0x10EA,0x10EA,0x10EA,0x10EA,0x10EA,0x10EA,0x10EA,0x10EA,0x10EA,0x10EA,0x10EA,0x10EA,
0x08EA,0x08EA,0x08EA,0x08EA,0x08EA,0x08EA,0x08EA,0x08EA,0x08EA,0x08EA,0x08EA,0x08EA,0x08EA,0x08EA,0x08EA,0x08EA,
0x08EA,0x08EA,0x08EA,0x08EA,0x08EA,0x08EA,0x08EA,0x08EA,0x08EA,0x08EA,0x08EA,0x08EA,0x08EA,0x08EA,0x08EA,0x08EA,
0x08EA,0x08EA,0x08EA,0x08EA,0x08EA,0x08EA,0x08EA,0x08EA,0x08EA,0x08EA,0x08EA,0x08EA,0x08EA,0x08EA,0x08EA,0x08EA,
0x08EA,0x08EA,0x08EA,0x08EA,0x08E9,0x08E9,0x08E9,0x0909,0x090A,0x08EA,0x08EA,0x08EA,0x08EA,0x090B,0x196C,0x21AF,
0x2A12,0x3274,0x3274,0x3AB5,0x5B98,0x21F1,0x00CC,0x090C,0x00AA,0x194C,0x112C,0x110B,0x08EA,0x08EA,0x08EB,0x0089,
0x10EB,0x10EB,0x10EB,0x10EB,0x10EB,0x10EB,0x10EB,0x10EB,0x10EB,0x10EB,0x10EB,0x10EB,0x10EB,0x10EB,0x10EB,0x10EB,
0x110B,0x110B,0x110B,0x110B,0x110B,0x110B,0x110B,0x110B,0x110B,0x110B,0x110B,0x110B,0x10EB,0x10EB,0x10EB,0x10EB,
0x10CA,0x10EA,0x190B,0x192B,0x192B,0x10EA,0x10EA,0x10EA,0x110B,0x110B,0x110B,0x110B,0x110B,0x110B,0x110B,0x110B,
0x10EA,0x10EA,0x18EB,0x18EB,0x18EB,0x18EB,0x18EB,0x18EB,0x10EA,0x10EA,0x10EA,0x10EA,0x18EB,0x18EB,0x18EB,0x18EA,
0x10E9,0x192A,0x190A,0x214C,0x31AD,0x296B,0x18C7,0x18A6,0x2928,0x3969,0x314A,0x28E9,0x2909,0x314A,0x2949,0x2948,
0x39A9,0x18E5,0x0863,0x1083,0x0862,0x0862,0x10A3,0x10C3,0x0882,0x08A2,0x08A2,0x0882,0x0882,0x0882,0x0062,0x0042,
0x0062,0x0062,0x0062,0x0062,0x0062,0x0062,0x0062,0x0042,0x0062,0x0062,0x0062,0x0062,0x0062,0x0062,0x0062,0x0042,
0x0042,0x0042,0x0042,0x0042,0x0042,0x0042,0x0042,0x0042,0x0063,0x0062,0x0062,0x0042,0x0042,0x0042,0x0042,0x0042,
0x08C9,0x08E9,0x10E9,0x10E9,0x08E9,0x08E9,0x08E9,0x08E9,0x08E9,0x08E9,0x08E9,0x08C9,0x08C9,0x08E9,0x10EA,0x10EA,
0x08E9,0x08E9,0x08E9,0x08E9,0x08E9,0x10E9,0x10E9,0x10E9,0x08E9,0x10E9,0x08C9,0x08C9,0x08C9,0x08C9,0x08C9,0x08C9,
0x4AB1,0xB5FE,0x10EA,0x10EA,0x10EA,0x08A9,0x0088,0x192A,0x10E9,0x10E9,0x10E9,0x10E9,0x10E9,0x10E9,0x10E9,0x10E9,
0x08EA,0x08EA,0x08EA,0x08EA,0x08EA,0x08EA,0x08EA,0x08EA,0x08C9,0x112B,0x00A8,0x110A,0x110A,0x08E9,0x218C,0x194B,
0x08EA,0x08EA,0x08EA,0x08EA,0x08EA,0x08EA,0x08EA,0x08EA,0x10EA,0x10EA,0x10EA,0x10EA,0x10EA,0x10EA,0x10EA,0x10EA,
0x08EA,0x08EA,0x08EA,0x08EA,0x08EA,0x08EA,0x08EA,0x08EA,0x08EA,0x08EA,0x08EA,0x08EA,0x08EA,0x08EA,0x08EA,0x08EA,
0x10EA,0x10EA,0x10EA,0x10EA,0x10EA,0x10EA,0x10EA,0x10EA,0x10EA,0x10EA,0x10EA,0x10EA,0x10EA,0x10EA,0x10EA,0x08CA,
0x08EA,0x08EA,0x08EA,0x08EA,0x08EA,0x08EA,0x08EA,0x08EA,0x08EA,0x08EA,0x08EA,0x08EA,0x08EA,0x08EA,0x08EA,0x08EA,
0x08EA,0x08EA,0x08EA,0x08EA,0x08EA,0x08EA,0x08EA,0x08EA,0x08EA,0x08EA,0x08EA,0x08EA,0x08EA,0x08EA,0x08EA,0x08EA,
0x08EA,0x08EA,0x08EA,0x08EA,0x08EA,0x08EA,0x08EA,0x08EA,0x08EA,0x08EA,0x08EA,0x08EA,0x08EA,0x08EA,0x08EA,0x08EA,
0x08EA,0x08EA,0x08EA,0x08EA,0x08E9,0x08E9,0x08E9,0x0909,0x090A,0x08E9,0x08EA,0x090A,0x090A,0x090B,0x112C,0x196E,
0x29F1,0x21D2,0x3274,0x42F6,0x3AD5,0x42D5,0x092E,0x00CC,0x08EC,0x110B,0x08CA,0x10EA,0x110B,0x08EA,0x112B,0x08EB,
0x10EB,0x10EB,0x10EB,0x10EB,0x10EB,0x10EB,0x10EB,0x10EB,0x10EB,0x10EB,0x10EB,0x10EB,0x10EB,0x10EB,0x10EB,0x10EB,
0x110B,0x110B,0x110B,0x110B,0x110B,0x110B,0x110B,0x110B,0x110B,0x110B,0x110B,0x110B,0x10EB,0x10EB,0x10EB,0x10EB,
0x10EB,0x110B,0x192B,0x216C,0x194C,0x110B,0x10EA,0x190B,0x110B,0x110B,0x110B,0x110B,0x110B,0x110B,0x110B,0x10EB,
0x10EA,0x10EA,0x18EB,0x18EB,0x18EB,0x18EB,0x18EB,0x18EB,0x10EA,0x10EA,0x10EA,0x10EA,0x18EB,0x18EB,0x18EB,0x18EA,
0x10EA,0x190B,0x10CB,0x18EC,0x292D,0x210B,0x20E9,0x318A,0x318A,0x2928,0x312A,0x41AD,0x41AC,0x20C8,0x1885,0x2927,
0x2946,0x10A4,0x1083,0x10A3,0x0882,0x0842,0x0882,0x0882,0x0861,0x0882,0x0882,0x0882,0x0882,0x0882,0x0882,0x0062,
0x0062,0x0062,0x0062,0x0062,0x0062,0x0062,0x0862,0x0883,0x0062,0x0062,0x0062,0x0062,0x0062,0x0062,0x0062,0x0062,
0x0042,0x0042,0x0042,0x0042,0x0042,0x0042,0x0042,0x0042,0x0883,0x0883,0x0063,0x0062,0x0062,0x0042,0x0042,0x0042,
0x10E9,0x10E9,0x10E9,0x10E9,0x10E9,0x10E9,0x10E9,0x10E9,0x08C9,0x08C9,0x08C9,0x08C9,0x08C9,0x08C9,0x08C9,0x08C9,
0x08E9,0x08E9,0x08E9,0x08E9,0x08E9,0x08E9,0x10E9,0x10E9,0x10E9,0x10E9,0x10E9,0x10E9,0x10EA,0x10EA,0x10EA,0x10EA,
0x29AD,0x422F,0x192B,0x10EA,0x08A9,0x190A,0x0088,0x110A,0x08C9,0x08C9,0x10E9,0x10EA,0x08E9,0x08E9,0x194B,0x29AC,
0x112B,0x08C9,0x08EA,0x08A9,0x10EA,0x192B,0x08C9,0x110A,0x10EA,0x10EA,0x10EA,0x10EA,0x10EA,0x10EA,0x10EA,0x10EA,
0x08C9,0x110A,0x10EA,0x08A9,0x08CA,0x10EA,0x10EA,0x10EA,0x10EA,0x10EA,0x10EA,0x10EA,0x10EA,0x10EA,0x10EA,0x10EA,
0x08EA,0x08EA,0x08EA,0x08EA,0x08EA,0x08EA,0x08EA,0x08EA,0x08EA,0x08EA,0x08EA,0x08EA,0x08EA,0x08EA,0x08EA,0x08EA,
0x10EA,0x10EA,0x10EA,0x10EA,0x10EA,0x10EA,0x10EA,0x10EA,0x10EA,0x10EA,0x10EA,0x10EA,0x10EA,0x10EA,0x10EA,0x10EA,
0x08EA,0x08EA,0x08EA,0x08EA,0x08EA,0x08EA,0x08EA,0x08EA,0x10EA,0x10EA,0x10EA,0x10EA,0x10EA,0x10EA,0x10EA,0x10EA,
0x10EB,0x10EB,0x10EB,0x10EB,0x10EB,0x10EB,0x10EB,0x10EB,0x08EA,0x08EA,0x08EA,0x08EA,0x08EA,0x08EA,0x08EA,0x08EA,
0x08EA,0x08EA,0x08EA,0x08EA,0x08EA,0x08EA,0x08EA,0x08EA,0x08EA,0x08EA,0x08EA,0x08EA,0x08EA,0x08EA,0x08EA,0x08EA,
0x10EA,0x10EA,0x10EA,0x10EA,0x08EA,0x08E9,0x08E9,0x08E9,0x08E9,0x08E9,0x090A,0x08EA,0x08EA,0x110A,0x112B,0x112C,
0x21B0,0x3253,0x21D1,0x42D6,0x3AB5,0x4B57,0x21F2,0x00AC,0x090C,0x110C,0x10EB,0x10EA,0x10EA,0x110B,0x090B,0x08EB,
0x110B,0x08AA,0x194C,0x110B,0x110B,0x10EB,0x10EB,0x08CA,0x110B,0x110B,0x110B,0x110B,0x110B,0x110B,0x110B,0x110B,
0x110B,0x110B,0x110B,0x110B,0x110B,0x110B,0x110B,0x110B,0x110B,0x110B,0x110B,0x110B,0x110B,0x110B,0x110B,0x110B,
0x10EB,0x10EB,0x10EB,0x10EB,0x10EB,0x10EB,0x10EB,0x10EB,0x190B,0x10EB,0x10EB,0x192C,0x190B,0x08CA,0x10CA,0x192B,
0x10EA,0x10EA,0x10EA,0x10EA,0x18EB,0x18EB,0x18EB,0x18EB,0x10EA,0x10EA,0x10EA,0x18EB,0x18EB,0x190B,0x190B,0x190B,
0x18EA,0x18EB,0x18EC,0x18ED,0x18EC,0x20EC,0x210A,0x292A,0x318A,0x316A,0x292A,0x2909,0x2909,0x2928,0x2927,0x2946,
0x2105,0x10C4,0x0883,0x0883,0x0862,0x0842,0x0862,0x10A3,0x0882,0x0882,0x0882,0x08A3,0x08A3,0x0883,0x0862,0x0062,
0x0062,0x0062,0x0062,0x0062,0x0062,0x0062,0x0062,0x0062,0x0062,0x0062,0x0062,0x0061,0x0061,0x0061,0x0061,0x0042,
0x0042,0x0042,0x0042,0x0042,0x0042,0x0042,0x0042,0x0042,0x0042,0x0042,0x0042,0x0042,0x0042,0x0042,0x0042,0x0042,
0x10E9,0x10E9,0x10E9,0x10E9,0x10E9,0x10E9,0x10E9,0x10E9,0x08C9,0x08C9,0x08C9,0x08C9,0x08C9,0x08C9,0x08C9,0x08C9,
0x08E9,0x08E9,0x10E9,0x10E9,0x10E9,0x10E9,0x10E9,0x10E9,0x10E9,0x10E9,0x10EA,0x10EA,0x10EA,0x10EA,0x10EA,0x10EA,
0x0068,0x190A,0x10EA,0x0888,0x10EA,0x10E9,0x08C9,0x110A,0x10E9,0x10E9,0x10EA,0x10EA,0x08E9,0x08C9,0x110A,0x194B,
0x192B,0x08C9,0x194B,0x110A,0x08C9,0x10EA,0x08C9,0x10EA,0x10EA,0x10EA,0x10EA,0x10EA,0x10EA,0x10EA,0x10EA,0x10EA,
0x08C9,0x10EA,0x08EA,0x10EA,0x110A,0x110A,0x08CA,0x08EA,0x10EA,0x10EA,0x10EA,0x10EA,0x10EA,0x10EA,0x10EA,0x10EA,
0x08EA,0x08EA,0x08EA,0x08EA,0x08EA,0x08EA,0x08EA,0x08EA,0x08EA,0x08EA,0x08EA,0x08EA,0x08EA,0x08EA,0x08EA,0x08EA,
0x10EA,0x10EA,0x10EA,0x10EA,0x10EA,0x10EA,0x10EA,0x10EA,0x10EA,0x10EA,0x10EA,0x10EA,0x10EA,0x10EA,0x10EA,0x10EA,
0x08EA,0x08EA,0x08EA,0x08EA,0x08EA,0x08EA,0x08EA,0x08EA,0x10EA,0x10EA,0x10EA,0x10EA,0x10EA,0x10EA,0x10EA,0x10EA,
0x10EB,0x10EB,0x10EB,0x10EB,0x10EB,0x10EB,0x10EB,0x10EB,0x08EA,0x08EA,0x08EA,0x08EA,0x08EA,0x08EA,0x10EB,0x10EB,
0x08EA,0x08EA,0x08EA,0x08EA,0x08EA,0x08EA,0x08EA,0x08EA,0x10EA,0x10EA,0x10EA,0x10EA,0x10EA,0x10EA,0x10EA,0x10EA,
0x10EA,0x10EA,0x10EA,0x10EA,0x08EA,0x08EA,0x08EA,0x08E9,0x08E9,0x08E9,0x090A,0x090A,0x08EA,0x110A,0x112B,0x112C,
0x21AF,0x2A12,0x21F2,0x3AD5,0x3AD6,0x4B58,0x3274,0x00ED,0x090D,0x10EC,0x10EB,0x10CA,0x10EB,0x112B,0x090B,0x00CA,
0x08EB,0x29AE,0x0089,0x110B,0x08CA,0x10EB,0x10EB,0x216D,0x110B,0x110B,0x110B,0x110B,0x110B,0x110B,0x110B,0x110B,
0x110B,0x110B,0x110B,0x110B,0x110B,0x110B,0x110B,0x110B,0x110B,0x110B,0x110B,0x110B,0x110B,0x110B,0x110B,0x10EB,
0x190B,0x190B,0x110B,0x110B,0x110B,0x10EB,0x10EB,0x10EB,0x10CA,0x190B,0x190B,0x10EA,0x10EB,0x192B,0x192C,0x10EB,
0x18EB,0x18EB,0x18EB,0x18EB,0x18EB,0x18EB,0x18EB,0x18EB,0x10EA,0x10EA,0x18EB,0x18EB,0x18EB,0x190B,0x190B,0x190B,
0x18EB,0x18EC,0x18EC,0x18ED,0x18ED,0x20EC,0x210B,0x292A,0x294A,0x2949,0x314A,0x316A,0x3989,0x3188,0x2946,0x2124,
0x2105,0x18E4,0x10C4,0x10A3,0x10A3,0x0882,0x08A2,0x10A3,0x0882,0x0882,0x0882,0x0882,0x0883,0x0882,0x0062,0x0042,
0x0062,0x0062,0x0062,0x0062,0x0062,0x0062,0x0062,0x0062,0x0062,0x0062,0x0062,0x0061,0x0061,0x0061,0x0061,0x0061,
0x0042,0x0042,0x0042,0x0042,0x0042,0x0042,0x0042,0x0042,0x0042,0x0042,0x0042,0x0042,0x0042,0x0042,0x0042,0x0042,
0x10E9,0x10E9,0x10E9,0x10E9,0x10E9,0x10E9,0x10E9,0x10E9,0x08E9,0x08E9,0x08E9,0x08E9,0x08E9,0x08E9,0x08E9,0x08E9,
0x10EA,0x10EA,0x10EA,0x10EA,0x10EA,0x10EA,0x10EA,0x10EA,0x10EA,0x10EA,0x10EA,0x10EA,0x10EA,0x10EA,0x10EA,0x10EA,
0x10C9,0x214B,0x298C,0x10A9,0x214B,0x0888,0x08C9,0x08C9,0x10EA,0x10E9,0x10EA,0x10EA,0x10EA,0x08C9,0x08C9,0x10EA,
0x192B,0x0088,0x08C9,0x10EA,0x10EA,0x194B,0x192B,0x08A9,0x10EA,0x10EA,0x10EA,0x10EA,0x10EA,0x10EA,0x10EA,0x10EA,
0x10EA,0x08EA,0x08EA,0x10EA,0x110A,0x10EA,0x08CA,0x10EA,0x10EA,0x10EA,0x10EA,0x10EA,0x10EA,0x10EA,0x10EA,0x10EA,
0x08EA,0x08EA,0x08EA,0x08EA,0x08EA,0x08EA,0x08EA,0x08EA,0x08EA,0x08EA,0x08EA,0x08EA,0x08EA,0x08EA,0x08EA,0x08EA,
0x10EA,0x10EA,0x10EA,0x10EA,0x10EA,0x10EA,0x10EA,0x10EA,0x10EA,0x10EA,0x10EA,0x10EA,0x10EA,0x10EA,0x10EA,0x10EA,
0x08EA,0x08EA,0x08EA,0x08EA,0x08EA,0x08EA,0x08EA,0x08EA,0x10EA,0x10EA,0x10EA,0x10EA,0x10EA,0x10EA,0x10EA,0x10EA,
0x10EB,0x10EB,0x10EB,0x10EB,0x10EB,0x10EB,0x10EB,0x10EB,0x08EB,0x08EB,0x08EB,0x08EB,0x10EB,0x10EB,0x10EB,0x10EB,
0x10EA,0x10EA,0x10EA,0x10EA,0x10EA,0x10EA,0x10EA,0x10EA,0x110A,0x110A,0x110A,0x110A,0x110A,0x110A,0x110A,0x110A,
0x10EA,0x10EA,0x10EA,0x10EA,0x10EA,0x10EA,0x08EA,0x08EA,0x08EA,0x08EA,0x08EA,0x08EA,0x08EA,0x110A,0x110A,0x112B,
0x196E,0x21B0,0x2A12,0x3294,0x32B5,0x4338,0x42F6,0x092F,0x090D,0x10EC,0x10CB,0x10CA,0x110B,0x192C,0x090B,0x00AA,
0xADFF,0xADDE,0x10EB,0x192C,0x110B,0x216D,0x08CA,0x08CA,0x110B,0x110B,0x110B,0x110B,0x110B,0x110B,0x110B,0x110B,
0x110B,0x110B,0x110B,0x110B,0x110B,0x110B,0x110B,0x110B,0x110B,0x110B,0x110B,0x110B,0x10EB,0x10EB,0x10EB,0x10EB,
0x190C,0x190C,0x190C,0x190C,0x190B,0x190B,0x18EB,0x18EB,0x18EB,0x192C,0x190C,0x10CB,0x10EB,0x192C,0x190C,0x10CA,
0x18EB,0x18EB,0x190B,0x190B,0x190B,0x190B,0x190B,0x190B,0x18EB,0x18EB,0x18EB,0x18EB,0x190B,0x190B,0x190B,0x190B,
0x18EB,0x18EC,0x18EC,0x18EC,0x18EC,0x210C,0x210B,0x292B,0x18A8,0x18C7,0x2928,0x39A8,0x39C8,0x3186,0x2123,0x18E2,
0x2104,0x1904,0x18E4,0x10C3,0x10C3,0x10C3,0x10C3,0x10A3,0x0882,0x0882,0x0882,0x0882,0x08A3,0x0882,0x0062,0x0062,
0x0062,0x0062,0x0062,0x0062,0x0062,0x0062,0x0062,0x0062,0x0062,0x0062,0x0062,0x0062,0x0061,0x0061,0x0061,0x0062,
0x0062,0x0042,0x0042,0x0041,0x0041,0x0042,0x0042,0x0062,0x0062,0x0062,0x0062,0x0062,0x0062,0x0062,0x0062,0x0062,
0x10E9,0x10E9,0x10E9,0x10E9,0x10E9,0x10E9,0x10E9,0x10E9,0x08E9,0x08E9,0x08E9,0x08E9,0x08E9,0x08E9,0x08E9,0x08E9,
0x10E9,0x10E9,0x10E9,0x10E9,0x10E9,0x10E9,0x10E9,0x10E9,0x10E9,0x10E9,0x10E9,0x10E9,0x10EA,0x10EA,0x10EA,0x10EA,
0x10C9,0x190A,0x190A,0x0888,0x10EA,0x08A9,0x10E9,0x110A,0x10E9,0x10C9,0x10E9,0x10EA,0x10EA,0x10EA,0x10E9,0x10E9,
0x110A,0x10EA,0x08C9,0x08C9,0x192B,0x216C,0x192B,0x08C9,0x10EA,0x10EA,0x10EA,0x10EA,0x10EA,0x10EA,0x10EA,0x10EA,
0x110A,0x10EA,0x10EA,0x08EA,0x08C9,0x08CA,0x110A,0x110A,0x10EA,0x10EA,0x10EA,0x10EA,0x10EA,0x10EA,0x10EA,0x10EA,
0x10EA,0x10EA,0x10EA,0x10EA,0x10EA,0x10EA,0x10EA,0x10EA,0x08EA,0x08EA,0x08EA,0x08EA,0x08EA,0x08EA,0x08EA,0x08EA,
0x10EA,0x10EA,0x10EA,0x10EA,0x10EA,0x10EA,0x10EA,0x10EA,0x10EA,0x10EA,0x10EA,0x10EA,0x10EA,0x10EA,0x10EA,0x10EA,
0x08EA,0x08EA,0x08EA,0x08EA,0x08EA,0x08EA,0x08EA,0x08EA,0x10EA,0x10EA,0x10EA,0x10EA,0x10EA,0x10EA,0x10EA,0x10EB,
0x10EB,0x10EB,0x10EB,0x10EB,0x10EB,0x10EB,0x10EB,0x10EB,0x08EB,0x10EB,0x10EB,0x10EB,0x10EB,0x110B,0x110B,0x110B,
0x10EB,0x10EA,0x10EA,0x10EA,0x10EA,0x10EA,0x10EA,0x10EA,0x110B,0x110B,0x110B,0x110B,0x110B,0x110B,0x110B,0x110B,
0x10EA,0x10EB,0x10EB,0x10EA,0x10EA,0x10EA,0x10EA,0x08EA,0x08EA,0x110A,0x110A,0x08EA,0x08EA,0x110A,0x110A,0x112B,
0x192D,0x196E,0x2A32,0x2A53,0x2A95,0x3B17,0x4B58,0x1170,0x08ED,0x10EC,0x10EB,0x18EA,0x190B,0x192C,0x090B,0x00CA,
0x4AB2,0x6375,0x0028,0x10EB,0x10EB,0x192C,0x10EB,0x192C,0x110B,0x110B,0x110B,0x110B,0x110B,0x110B,0x110B,0x110B,
0x110B,0x110B,0x110B,0x110B,0x110B,0x110B,0x110B,0x110B,0x110B,0x110B,0x110B,0x110B,0x190B,0x190B,0x190B,0x190B,
0x190C,0x190C,0x190C,0x190C,0x190C,0x190B,0x18EB,0x18EB,0x190C,0x10EB,0x10EB,0x190B,0x190B,0x10CB,0x10CB,0x18EB,
0x190B,0x190B,0x190B,0x190B,0x190B,0x190B,0x190B,0x190B,0x190B,0x190B,0x190B,0x190B,0x190B,0x190B,0x190B,0x190B,
0x18EB,0x190B,0x190B,0x190B,0x210B,0x210B,0x210C,0x292B,0x18A8,0x20C7,0x2927,0x31A7,0x3186,0x2923,0x18C1,0x10A1,
0x18E3,0x1904,0x18E4,0x10A3,0x10A3,0x10C3,0x10C3,0x0882,0x08A2,0x0882,0x0882,0x08A2,0x08A3,0x08A3,0x0882,0x0062,
0x0062,0x0062,0x0062,0x0062,0x0062,0x0062,0x0062,0x0062,0x0062,0x0062,0x0062,0x0062,0x0062,0x0062,0x0062,0x0062,
0x0062,0x0062,0x0062,0x0062,0x0062,0x0062,0x0062,0x0062,0x0062,0x0062,0x0062,0x0062,0x0062,0x0062,0x0062,0x0062,
0x10E9,0x10E9,0x10E9,0x10E9,0x10E9,0x10E9,0x10E9,0x10E9,0x08E9,0x08E9,0x08E9,0x08E9,0x08E9,0x08E9,0x08E9,0x08E9,
0x08E9,0x08E9,0x10E9,0x10E9,0x10E9,0x10E9,0x10E9,0x10E9,0x10C9,0x10C9,0x10C9,0x10C9,0x10C9,0x10C9,0x10C9,0x10C9,
0x10A9,0x10EA,0x0888,0x10A9,0x0888,0x190A,0x10C9,0x190A,0x10EA,0x10EA,0x10C9,0x10C9,0x10EA,0x110A,0x110A,0x10EA,
0x08C9,0x29CD,0x218C,0x110A,0x110A,0x08C9,0x08A9,0x194B,0x10EA,0x10EA,0x10EA,0x10EA,0x10EA,0x10EA,0x10EA,0x10EA,
0x08CA,0x08EA,0x110A,0x10EA,0x08A9,0x10EA,0x192B,0x10EA,0x10EA,0x10EA,0x10EA,0x10EA,0x10EA,0x10EA,0x10EA,0x10EA,
0x10EA,0x10EA,0x10EA,0x10EA,0x10EA,0x10EA,0x10EA,0x10EA,0x10EA,0x10EA,0x10EA,0x10EA,0x10EA,0x10EA,0x10EA,0x10EA,
0x10EB,0x10EB,0x10EB,0x10EB,0x10EB,0x10EB,0x10EB,0x10EB,0x110B,0x110B,0x110B,0x110B,0x110B,0x110B,0x110B,0x110B,
0x10EB,0x10EB,0x10EB,0x10EB,0x10EB,0x10EB,0x10EB,0x10EB,0x110B,0x110B,0x110B,0x110B,0x110B,0x110B,0x110B,0x110B,
0x110B,0x110B,0x110B,0x110B,0x110B,0x110B,0x110B,0x110B,0x10EB,0x10EB,0x10EB,0x110B,0x110B,0x110B,0x110B,0x110B,
0x110B,0x110B,0x110B,0x110B,0x110B,0x110B,0x110B,0x110B,0x110B,0x110B,0x110B,0x110B,0x110B,0x110B,0x110B,0x110B,
0x110B,0x10EB,0x10EB,0x10EB,0x10EB,0x10EB,0x10EB,0x10EA,0x10EA,0x10EA,0x10EA,0x10EA,0x10EA,0x10EA,0x110A,0x110B,
0x112C,0x194D,0x2A32,0x2253,0x2A95,0x32F6,0x4B79,0x19D1,0x08CC,0x10EC,0x190B,0x18EB,0x18EB,0x110B,0x090C,0x08EB,
0x0049,0x192C,0x110B,0x216D,0x110B,0x08CA,0x10EB,0x192C,0x110B,0x110B,0x110B,0x110B,0x110B,0x110B,0x110B,0x110B,
0x110B,0x110B,0x110B,0x110B,0x110C,0x110C,0x190C,0x190C,0x190C,0x190C,0x190C,0x190C,0x190C,0x190C,0x190C,0x190C,
0x190B,0x190B,0x190B,0x190B,0x190B,0x190B,0x190B,0x190B,0x10CB,0x10CB,0x18EB,0x190C,0x18EB,0x10CA,0x18EB,0x212C,
0x190B,0x190B,0x190B,0x190B,0x190B,0x190B,0x190B,0x190B,0x190B,0x190B,0x190B,0x190B,0x190B,0x190B,0x190B,0x190B,
0x190B,0x190B,0x210B,0x190A,0x210A,0x210B,0x210C,0x292C,0x292B,0x316A,0x3188,0x3187,0x2944,0x2102,0x18E1,0x18E2,
0x18C3,0x18E4,0x10C3,0x0882,0x0882,0x10A3,0x10C3,0x0882,0x0883,0x0883,0x0883,0x0883,0x08A3,0x0883,0x0882,0x0062,
0x0062,0x0062,0x0062,0x0062,0x0062,0x0062,0x0062,0x0062,0x0062,0x0062,0x0062,0x0062,0x0061,0x0062,0x0062,0x0062,
0x0061,0x0062,0x0882,0x0882,0x0882,0x0882,0x0062,0x0062,0x0062,0x0062,0x0062,0x0062,0x0062,0x0062,0x0062,0x0062,
0x10E9,0x10E9,0x10E9,0x10E9,0x10E9,0x10E9,0x10E9,0x10E9,0x10E9,0x10E9,0x10E9,0x10E9,0x10E9,0x10E9,0x10E9,0x10E9,
0x08E9,0x08E9,0x08C9,0x08C9,0x08C9,0x08C9,0x08C9,0x08C9,0x10C9,0x10C9,0x10E9,0x10E9,0x10C9,0x10C9,0x10EA,0x10EA,
0x190A,0x192B,0x10A9,0x214B,0x10C9,0x212B,0x10A9,0x10C9,0x110A,0x110A,0x10EA,0x10C9,0x10E9,0x110A,0x110A,0x10EA,
0x08C9,0x31EE,0x216C,0x08C9,0x10EA,0x08A9,0x08A9,0x190B,0x10EA,0x10EA,0x10EA,0x10EA,0x10EA,0x10EA,0x10EA,0x10EA,
0x110A,0x08C9,0x110A,0x192B,0x08EA,0x110A,0x192B,0x08A9,0x10EA,0x10EA,0x10EA,0x10EA,0x10EA,0x10EA,0x10EA,0x10EA,
0x10EA,0x10EA,0x10EA,0x10EA,0x10EA,0x10EA,0x10EA,0x10EA,0x110A,0x110A,0x110A,0x110A,0x110A,0x110A,0x110A,0x110A,
0x10EB,0x10EB,0x10EB,0x10EB,0x10EB,0x10EB,0x10EB,0x10EB,0x110B,0x110B,0x110B,0x110B,0x110B,0x110B,0x110B,0x110B,
0x110B,0x110B,0x110B,0x110B,0x110B,0x110B,0x110B,0x110B,0x110B,0x110B,0x110B,0x110B,0x110B,0x110B,0x110B,0x110B,
0x110B,0x110B,0x110B,0x110B,0x110B,0x110B,0x110B,0x110B,0x110B,0x110B,0x110B,0x110B,0x110B,0x110B,0x110B,0x110B,
0x110B,0x110B,0x110B,0x110B,0x110B,0x110B,0x110B,0x110B,0x110B,0x110B,0x110B,0x110B,0x110B,0x110B,0x110B,0x110B,
0x110B,0x110B,0x110B,0x110B,0x10EB,0x10EB,0x10EB,0x10EB,0x10EB,0x10EA,0x10EA,0x10EA,0x10EA,0x10EA,0x110A,0x110A,
0x192B,0x196D,0x2A31,0x2A53,0x2A95,0x32D6,0x4B78,0x2A33,0x00CC,0x10EC,0x190C,0x18EB,0x10EB,0x10EB,0x090C,0x090C,
0x196D,0x0089,0x192C,0x08CA,0x110B,0x192C,0x194C,0x10EB,0x110B,0x110B,0x110B,0x110B,0x110B,0x110B,0x110B,0x110B,
0x110C,0x110C,0x110C,0x110C,0x110C,0x190C,0x190C,0x190C,0x190C,0x190C,0x190C,0x190C,0x190C,0x190C,0x190C,0x190C,
0x190C,0x190B,0x190B,0x18EB,0x190B,0x190C,0x190C,0x190C,0x18EB,0x296D,0x298E,0x190C,0x10CB,0x190C,0x212C,0x18EB,
0x190B,0x190B,0x190B,0x190B,0x190B,0x190B,0x190B,0x190B,0x190B,0x190B,0x190B,0x190B,0x190B,0x190B,0x190B,0x190B,
0x190B,0x190B,0x212A,0x210A,0x210B,0x210B,0x210C,0x292C,0x20EA,0x294A,0x3168,0x2925,0x2103,0x2102,0x2922,0x2923,
0x10C2,0x10C3,0x10C3,0x08A2,0x0882,0x10A3,0x08A3,0x08A3,0x0882,0x0862,0x0062,0x0062,0x0082,0x0082,0x0062,0x0062,
0x0062,0x0062,0x0062,0x0062,0x0062,0x0062,0x0062,0x0062,0x0062,0x0062,0x0062,0x0062,0x0062,0x0062,0x0062,0x0882,
0x0062,0x0882,0x0882,0x08A2,0x08A2,0x0882,0x0882,0x0062,0x0062,0x0062,0x0062,0x0062,0x0062,0x0061,0x0061,0x0061,
0x10E9,0x10E9,0x10E9,0x10E9,0x10E9,0x10E9,0x10E9,0x10E9,0x10E9,0x10E9,0x10E9,0x10E9,0x10E9,0x10E9,0x10E9,0x10E9,
0x08E9,0x08E9,0x10E9,0x10E9,0x10E9,0x10E9,0x10C9,0x10C9,0x10EA,0x10EA,0x10EA,0x10EA,0x10EA,0x10EA,0x10EA,0x10EA,
0x10A9,0x08A9,0x10A9,0x18EA,0x10C9,0x18EA,0x10EA,0x10C9,0x10EA,0x110A,0x110A,0x10E9,0x10E9,0x110A,0x110A,0x10EA,
0x10EA,0x192B,0x08A9,0x08A9,0x10EA,0x192B,0x216C,0x08C9,0x10EA,0x10EA,0x10EA,0x10EA,0x10EA,0x10EA,0x10EA,0x10EA,
0x3A4F,0x112B,0x08EA,0x192B,0x10EA,0x10EA,0x110B,0x08C9,0x10EA,0x10EA,0x10EA,0x10EA,0x10EA,0x10EA,0x10EA,0x10EA,
0x08EA,0x08EA,0x08EA,0x08EA,0x08EA,0x08EA,0x08EA,0x08EA,0x110A,0x110A,0x110A,0x110A,0x110A,0x110A,0x110A,0x110A,
0x110B,0x110B,0x110B,0x110B,0x110B,0x110B,0x110B,0x110B,0x110B,0x110B,0x110B,0x110B,0x110B,0x110B,0x110B,0x110B,
0x110B,0x110B,0x110B,0x110B,0x110B,0x110B,0x110B,0x110B,0x110B,0x110B,0x110B,0x110B,0x110B,0x110B,0x110B,0x110B,
0x110B,0x110B,0x110B,0x110B,0x110B,0x110B,0x110B,0x110B,0x110B,0x110B,0x110B,0x110B,0x110B,0x110B,0x110B,0x110B,
0x110B,0x110B,0x110B,0x110B,0x110B,0x110B,0x110B,0x110B,0x110B,0x110B,0x110B,0x110B,0x110B,0x110B,0x110B,0x110B,
0x110B,0x110B,0x10EB,0x10EB,0x10EB,0x110B,0x10EB,0x10EB,0x110B,0x110B,0x10EA,0x10EA,0x10EA,0x10EA,0x10EA,0x110A,
0x112B,0x218D,0x2A11,0x2A73,0x2AB5,0x32B6,0x4337,0x3294,0x08ED,0x10EC,0x18EB,0x18EB,0x10EB,0x110B,0x110C,0x090C,
0x194D,0x08CA,0x218D,0x192C,0x110B,0x192C,0x192C,0x10EB,0x110B,0x110B,0x110B,0x110B,0x110B,0x110B,0x110B,0x110B,
0x110C,0x110C,0x110C,0x190C,0x190C,0x190C,0x190C,0x190C,0x190C,0x190C,0x190C,0x190C,0x190C,0x190C,0x190C,0x190C,
0x212C,0x190C,0x190C,0x190B,0x190B,0x190C,0x190C,0x212C,0x212C,0x31AE,0x31AE,0x212C,0x18EB,0x212C,0x212C,0x18EB,
0x190B,0x190B,0x190B,0x210B,0x210B,0x210B,0x210B,0x210B,0x210C,0x210C,0x210B,0x210B,0x210B,0x210B,0x210B,0x210B,
0x212B,0x212A,0x212A,0x212B,0x210B,0x210C,0x210C,0x292C,0x20CA,0x292A,0x2929,0x20E5,0x20E4,0x2944,0x3144,0x2123,
0x10C2,0x10A3,0x10A3,0x10C3,0x10A3,0x08A3,0x0883,0x08A3,0x0862,0x0062,0x0062,0x0062,0x0062,0x0062,0x0062,0x0042,
0x0062,0x0062,0x0062,0x0062,0x0062,0x0062,0x0062,0x0062,0x0062,0x0062,0x0062,0x0062,0x0062,0x0062,0x0882,0x0882,
0x0882,0x0882,0x0882,0x0882,0x0882,0x0882,0x0882,0x0882,0x0061,0x0061,0x0061,0x0061,0x0061,0x0061,0x0041,0x0041,
0x10E9,0x10E9,0x10E9,0x10E9,0x10E9,0x10E9,0x10E9,0x10E9,0x10E9,0x10E9,0x10E9,0x10E9,0x10E9,0x10E9,0x10E9,0x10E9,
0x10E9,0x10E9,0x10E9,0x10E9,0x10E9,0x10E9,0x10E9,0x10E9,0x10EA,0x10EA,0x10EA,0x10EA,0x18EA,0x18EA,0x18EA,0x18EA,
0x192B,0x10C9,0x192B,0x10A9,0x10EA,0x0889,0x190B,0x10EA,0x08C9,0x10EA,0x110A,0x10EA,0x10EA,0x10EA,0x110A,0x10EA,
0x10EA,0x10EA,0x10EA,0x192B,0x08A9,0x194B,0x3A0F,0x10EA,0x10EA,0x10EA,0x10EA,0x10EA,0x10EA,0x10EA,0x10EA,0x10EA,
0x6BB5,0x218D,0x08A9,0x110A,0x08CA,0x08A9,0x110A,0x110A,0x10EA,0x10EA,0x10EA,0x10EA,0x10EA,0x10EA,0x10EA,0x110A,
0x08EA,0x08EA,0x08EA,0x08EA,0x08EA,0x08EA,0x08EA,0x08EA,0x110A,0x110A,0x110A,0x110A,0x110A,0x110A,0x110A,0x110A,
0x110B,0x110B,0x110B,0x110B,0x110B,0x110B,0x110B,0x110B,0x10EB,0x10EB,0x10EB,0x10EB,0x10EB,0x10EB,0x10EB,0x10EB,
0x110B,0x110B,0x110B,0x110B,0x110B,0x110B,0x110B,0x110B,0x110B,0x110B,0x110B,0x110B,0x110B,0x110B,0x110B,0x110B,
0x110B,0x110B,0x110B,0x110B,0x110B,0x110B,0x110B,0x110B,0x110B,0x110B,0x110B,0x110B,0x110B,0x110B,0x110B,0x110B,
0x110B,0x110B,0x110B,0x110B,0x110B,0x110B,0x110B,0x110B,0x110B,0x110B,0x110B,0x110B,0x110B,0x110B,0x110B,0x110B,
0x110B,0x110B,0x110B,0x10EB,0x10EB,0x110B,0x110B,0x110B,0x110B,0x110B,0x110B,0x10EA,0x10EA,0x10EA,0x10EA,0x110A,
0x110A,0x218D,0x21F0,0x2A52,0x2A95,0x2AB5,0x3AF6,0x3AB5,0x08ED,0x10EC,0x10EB,0x10EA,0x18EB,0x190C,0x110C,0x090C,
0x110B,0x10EB,0x110B,0x110B,0x10EB,0x192C,0x110B,0x192C,0x110B,0x110B,0x110B,0x110B,0x110B,0x110B,0x110B,0x110B,
0x110C,0x110C,0x190C,0x190C,0x190C,0x190C,0x192C,0x192C,0x190C,0x190C,0x190C,0x190C,0x190C,0x190C,0x190C,0x190C,
0x214D,0x212C,0x190C,0x190C,0x190B,0x190C,0x190C,0x212C,0x18EB,0x18EB,0x190C,0x190C,0x190C,0x18EB,0x190C,0x210C,
0x190B,0x190B,0x190B,0x190B,0x210B,0x210B,0x210B,0x210B,0x210C,0x210C,0x210C,0x210B,0x210B,0x210B,0x210B,0x210B,
0x212B,0x212B,0x212B,0x212B,0x210B,0x210B,0x210C,0x292C,0x316C,0x39CD,0x39AB,0x2948,0x2946,0x39A6,0x3165,0x18C2,
0x10A2,0x0882,0x08A3,0x10C3,0x10C3,0x0882,0x0862,0x0883,0x0882,0x0862,0x0062,0x0062,0x0062,0x0062,0x0062,0x0062,
0x0062,0x0062,0x0062,0x0062,0x0062,0x0062,0x0062,0x0062,0x0062,0x0062,0x0062,0x0062,0x0062,0x0062,0x0882,0x0882,
0x08A2,0x0882,0x0882,0x0061,0x0061,0x0882,0x0882,0x08A2,0x0882,0x0062,0x0062,0x0061,0x0061,0x0041,0x0041,0x0041,
0x08EA,0x08EA,0x08EA,0x08EA,0x08EA,0x08EA,0x08EA,0x08EA,0x10E9,0x10EA,0x10EA,0x10EA,0x10EA,0x10EA,0x10EA,0x10E9,
0x110A,0x00A9,0x08C9,0x218C,0x29AD,0x190B,0x08C9,0x10EA,0x10EA,0x10EA,0x10EA,0x10EA,0x10EA,0x10EA,0x10EA,0x10EA,
0x10EA,0x10EA,0x10EA,0x10EA,0x10EA,0x10CA,0x10CA,0x10CA,0x10CA,0x10CA,0x10CA,0x10EA,0x10EA,0x10EA,0x10EA,0x10EA,
0x10EA,0x10EA,0x10EA,0x10EA,0x10EA,0x10EA,0x10EA,0x10EA,0x10EA,0x10EA,0x10EA,0x10EA,0x10EA,0x10EA,0x10EA,0x10EA,
0x10EA,0x10EA,0x10EA,0x10EA,0x10EA,0x10EA,0x110A,0x110A,0x110A,0x110A,0x110A,0x110A,0x110A,0x110A,0x110A,0x110A,
0x08EA,0x10EA,0x10EA,0x10EA,0x10EA,0x10EA,0x10EA,0x10EA,0x110B,0x110B,0x110B,0x110B,0x10EA,0x10EA,0x10EA,0x10EA,
0x10EB,0x110B,0x110B,0x10EB,0x10EB,0x110B,0x110B,0x10EA,0x110B,0x110B,0x110B,0x110B,0x110B,0x110B,0x110B,0x110B,
0x110B,0x110B,0x110B,0x110B,0x110B,0x110B,0x110B,0x110B,0x110B,0x110B,0x110B,0x110B,0x110B,0x110B,0x110B,0x110B,
0x110B,0x110B,0x110B,0x110B,0x110B,0x110B,0x110B,0x110B,0x110B,0x110B,0x110B,0x110B,0x110B,0x110B,0x110B,0x110B,
0x110B,0x110B,0x110B,0x110B,0x110B,0x110B,0x110B,0x110B,0x110B,0x110B,0x110B,0x110B,0x110B,0x110B,0x110B,0x110B,
0x110B,0x110B,0x110B,0x110B,0x110B,0x110B,0x110B,0x110B,0x110B,0x110A,0x110A,0x110A,0x110A,0x110A,0x110A,0x110A,
0x112A,0x194B,0x198E,0x2A32,0x3274,0x3296,0x42F7,0x3AB5,0x090D,0x090C,0x110B,0x110A,0x110B,0x10EB,0x110C,0x110C,
0x110C,0x10EB,0x110B,0x190C,0x110C,0x10EB,0x110B,0x192C,0x192C,0x192C,0x192C,0x192C,0x192C,0x192C,0x192C,0x110B,
0x192C,0x192C,0x192C,0x192C,0x192C,0x192C,0x192C,0x192C,0x190C,0x190C,0x190B,0x190B,0x190B,0x190C,0x190C,0x190B,
0x296D,0x214C,0x212C,0x210C,0x210C,0x210B,0x190B,0x18EB,0x210C,0x210C,0x210C,0x210C,0x210C,0x210C,0x210C,0x210C,
0x18EB,0x212C,0x212C,0x210C,0x18EB,0x212C,0x212C,0x210C,0x212C,0x212B,0x192B,0x190B,0x190B,0x192B,0x212B,0x212B,
0x210B,0x212B,0x212B,0x212B,0x212B,0x212B,0x212B,0x210B,0x292B,0x210A,0x2949,0x2948,0x2106,0x2145,0x2985,0x2124,
0x18E3,0x10C3,0x08A3,0x0883,0x08A3,0x10A3,0x10A3,0x10A3,0x0062,0x0062,0x0062,0x0063,0x0063,0x0062,0x0062,0x0042,
0x0862,0x0062,0x0062,0x0062,0x0062,0x0062,0x0062,0x0062,0x0062,0x0062,0x0062,0x0062,0x0061,0x0061,0x0061,0x0061,
0x0882,0x0882,0x08A2,0x0882,0x0862,0x0862,0x0862,0x0882,0x0061,0x0062,0x0862,0x0862,0x0062,0x0041,0x0041,0x0041,
0x090A,0x090A,0x08EA,0x08EA,0x08EA,0x08EA,0x08EA,0x08EA,0x10E9,0x10EA,0x10EA,0x10EA,0x10EA,0x10EA,0x10EA,0x10E9,
0x10EA,0x08C9,0x08C9,0x110A,0x192B,0x110A,0x10EA,0x10EA,0x10EA,0x10EA,0x10EA,0x10EA,0x10EA,0x10EA,0x10EA,0x10EA,
0x10EA,0x10EA,0x10EA,0x10EA,0x10EA,0x10CA,0x10CA,0x10CA,0x10CA,0x10CA,0x10CA,0x10EA,0x10EA,0x10EA,0x10EA,0x10EA,
0x10EA,0x10EA,0x10EA,0x10EA,0x10EA,0x10EA,0x10EA,0x10EA,0x10EA,0x10EA,0x10EA,0x10EA,0x10EA,0x10EA,0x10EA,0x10EA,
0x10EA,0x10EA,0x10EA,0x10EA,0x10EA,0x10EA,0x10EA,0x110A,0x110A,0x110A,0x110A,0x110A,0x110A,0x110A,0x090A,0x110A,
0x10EA,0x10EA,0x10EA,0x10EA,0x10EA,0x10EA,0x10EA,0x110B,0x10EA,0x10EA,0x110B,0x110B,0x110B,0x10EA,0x10EA,0x10EA,
0x110B,0x110B,0x110B,0x110B,0x110B,0x110B,0x110B,0x10EA,0x110B,0x110B,0x110B,0x110B,0x110B,0x110B,0x110B,0x110B,
0x110B,0x110B,0x110B,0x110B,0x110B,0x110B,0x110B,0x110B,0x110B,0x110B,0x110B,0x110B,0x110B,0x110B,0x110B,0x110B,
0x110B,0x110B,0x110B,0x110B,0x110B,0x110B,0x110B,0x110B,0x110B,0x110B,0x110B,0x110B,0x110B,0x110B,0x110B,0x110B,
0x110B,0x110B,0x110B,0x110B,0x110B,0x110B,0x110B,0x110B,0x110B,0x110B,0x110B,0x110B,0x110B,0x110B,0x110B,0x110B,
0x110B,0x110B,0x110B,0x110B,0x110B,0x110B,0x110B,0x110B,0x110B,0x110B,0x110A,0x110A,0x110A,0x110A,0x110A,0x110A,
0x112A,0x194B,0x198E,0x2A11,0x3254,0x3A95,0x42F7,0x3A95,0x090D,0x090C,0x110B,0x110A,0x110B,0x10EB,0x10EC,0x110C,
0x192C,0x10EB,0x10EB,0x190C,0x192C,0x192C,0x192C,0x192C,0x192C,0x192C,0x192C,0x192C,0x192C,0x192C,0x192C,0x190C,
0x192C,0x192C,0x192C,0x192C,0x192C,0x192C,0x192C,0x192C,0x190C,0x190C,0x190C,0x190C,0x190C,0x190C,0x190B,0x190C,
0x212C,0x212C,0x210B,0x190B,0x210C,0x212C,0x210C,0x210B,0x210C,0x210C,0x210C,0x210C,0x210C,0x210C,0x210C,0x210C,
0x212C,0x210C,0x210C,0x212C,0x212C,0x212C,0x212C,0x212C,0x212C,0x212C,0x212C,0x212B,0x212B,0x212B,0x212B,0x212B,
0x212B,0x212C,0x212C,0x212B,0x212B,0x212B,0x212B,0x210A,0x294B,0x212A,0x2129,0x18E7,0x10A5,0x1905,0x2145,0x18E3,
0x1904,0x10E4,0x08A3,0x0883,0x0883,0x08A3,0x08A3,0x08A3,0x0062,0x0062,0x0062,0x0062,0x0063,0x0063,0x0063,0x0042,
0x0883,0x0062,0x0062,0x0062,0x0062,0x0882,0x0062,0x0062,0x0061,0x0061,0x0061,0x0061,0x0061,0x0882,0x0882,0x0882,
0x0882,0x0882,0x08A2,0x0882,0x0862,0x0862,0x0862,0x0862,0x0862,0x0862,0x0062,0x0062,0x0062,0x0042,0x0042,0x0042,
0x090A,0x090A,0x08EA,0x08EA,0x08EA,0x08EA,0x08EA,0x08EA,0x10E9,0x10EA,0x10EA,0x10EA,0x10EA,0x10EA,0x10EA,0x10E9,
0x10EA,0x10EA,0x10CA,0x08A9,0x08C9,0x110A,0x110A,0x10CA,0x10EA,0x10EA,0x10EA,0x10EA,0x10EA,0x10EA,0x10EA,0x10EA,
0x10EA,0x10EA,0x10EA,0x10EA,0x10EA,0x10EA,0x10EA,0x10CA,0x10CA,0x10EA,0x10EA,0x10EA,0x10EA,0x10EA,0x10EA,0x10EA,
0x10EA,0x10EA,0x10EA,0x10EA,0x10EA,0x10EA,0x10EA,0x10EA,0x10EA,0x10EA,0x10EA,0x10EA,0x10EA,0x10EA,0x10EA,0x10EA,
0x10EA,0x10EA,0x10EA,0x10EA,0x10EA,0x10EA,0x10EA,0x10EA,0x10EA,0x10EA,0x10EA,0x10EA,0x10EA,0x10EA,0x090A,0x10EA,
0x10EA,0x10EA,0x110B,0x110B,0x110B,0x110B,0x110B,0x110B,0x10EA,0x10EA,0x10EA,0x110B,0x110B,0x110B,0x110B,0x10EA,
0x110B,0x110B,0x110B,0x10EB,0x10EB,0x110B,0x110B,0x10EB,0x110B,0x110B,0x110B,0x110B,0x110B,0x110B,0x110B,0x110B,
0x110B,0x110B,0x110B,0x110B,0x110B,0x110B,0x110B,0x110B,0x110B,0x110B,0x110B,0x110B,0x110B,0x110B,0x110B,0x110B,
0x110B,0x110B,0x110B,0x110B,0x110B,0x110B,0x110B,0x110B,0x110B,0x110B,0x110B,0x110B,0x110B,0x110B,0x110B,0x110B,
0x110B,0x110B,0x110B,0x110B,0x110B,0x110B,0x110B,0x110B,0x110B,0x110B,0x110B,0x110B,0x110B,0x110B,0x110B,0x110B,
0x110B,0x110B,0x110B,0x110B,0x110B,0x110B,0x110B,0x110B,0x110B,0x110B,0x110A,0x110A,0x110A,0x110A,0x110A,0x110A,
0x110A,0x194B,0x196D,0x29F1,0x3254,0x3A95,0x42F7,0x3294,0x090D,0x110C,0x110B,0x110B,0x110B,0x110B,0x110C,0x110C,
0x110C,0x10EB,0x110B,0x190C,0x192C,0x110C,0x110B,0x192C,0x192C,0x192C,0x192C,0x192C,0x192C,0x192C,0x192C,0x192C,
0x192C,0x192C,0x192C,0x192C,0x192C,0x192C,0x192C,0x192C,0x190C,0x190C,0x190C,0x190C,0x190C,0x190C,0x190C,0x212C,
0x212C,0x210B,0x190B,0x210B,0x212C,0x212C,0x212C,0x212C,0x212C,0x212C,0x212C,0x212C,0x212C,0x212C,0x212C,0x212C,
0x294C,0x190B,0x18EB,0x212C,0x294C,0x210C,0x210B,0x212C,0x18EB,0x210B,0x210C,0x212C,0x210B,0x210B,0x210B,0x212B,
0x212C,0x210C,0x212C,0x212B,0x212B,0x210B,0x210B,0x210B,0x294C,0x292B,0x292A,0x18E8,0x18C6,0x2107,0x2126,0x10A3,
0x18E4,0x10C4,0x08A3,0x0882,0x0862,0x0882,0x0882,0x0883,0x0062,0x0062,0x0062,0x0062,0x0063,0x0063,0x0063,0x0062,
0x0883,0x0862,0x0062,0x0062,0x0882,0x0882,0x0062,0x0062,0x0061,0x0061,0x0061,0x0061,0x0061,0x0882,0x0882,0x08A2,
0x0882,0x0882,0x0882,0x0882,0x0862,0x0862,0x0862,0x0862,0x0862,0x0862,0x0062,0x0041,0x0042,0x0042,0x0062,0x0862,
0x090A,0x090A,0x08EA,0x08EA,0x08EA,0x08EA,0x08EA,0x08EA,0x10E9,0x10EA,0x10EA,0x10EA,0x10EA,0x10EA,0x10EA,0x10E9,
0x10CA,0x110A,0x10EA,0x08C9,0x10EA,0x110A,0x110A,0x08C9,0x10EA,0x10EA,0x10EA,0x10EA,0x10EA,0x10EA,0x10EA,0x10EA,
0x10EA,0x10EA,0x10EA,0x10EA,0x10EA,0x10EA,0x10EA,0x10EA,0x10EA,0x10EA,0x10EA,0x10EA,0x10EA,0x10EA,0x10EA,0x10EA,
0x10EA,0x10EA,0x10EA,0x10EA,0x10EA,0x10EA,0x10EA,0x10EA,0x10EA,0x10EA,0x10EA,0x10EA,0x10EA,0x10EA,0x10EA,0x10EA,
0x10EA,0x10EA,0x10EA,0x10EA,0x10EA,0x10EA,0x10EA,0x10EA,0x10EA,0x10EA,0x10EA,0x10EA,0x10EA,0x10EA,0x090A,0x10EA,
0x10EA,0x10EA,0x10EA,0x110B,0x110B,0x110B,0x110B,0x110B,0x10EA,0x10EA,0x10EA,0x110B,0x110B,0x110B,0x110B,0x110B,
0x10EA,0x110B,0x110B,0x10EA,0x10EB,0x110B,0x110B,0x10EB,0x110B,0x110B,0x110B,0x110B,0x110B,0x110B,0x110B,0x110B,
0x110B,0x110B,0x110B,0x110B,0x110B,0x110B,0x110B,0x110B,0x110B,0x110B,0x110B,0x110B,0x110B,0x110B,0x110B,0x110B,
0x110B,0x110B,0x110B,0x110B,0x110B,0x110B,0x110B,0x110B,0x110B,0x110B,0x110B,0x110B,0x110B,0x110B,0x110B,0x110B,
0x110B,0x110B,0x110B,0x110B,0x110B,0x110B,0x110B,0x110B,0x110B,0x110B,0x110B,0x110B,0x110B,0x110B,0x110B,0x110B,
0x110B,0x110B,0x110B,0x110B,0x110B,0x110B,0x110B,0x110B,0x110B,0x110B,0x110A,0x110A,0x110A,0x110A,0x110A,0x110A,
0x192A,0x194B,0x196D,0x21D0,0x2A33,0x3A95,0x42F6,0x3253,0x090D,0x110C,0x112B,0x110B,0x110B,0x110B,0x110C,0x190C,
0x10EB,0x110C,0x192C,0x192C,0x110B,0x10EB,0x110B,0x192C,0x192C,0x192C,0x192C,0x192C,0x192C,0x192C,0x192C,0x192C,
0x192C,0x192C,0x192C,0x192C,0x192C,0x192C,0x192C,0x192C,0x192C,0x192C,0x192C,0x190C,0x190C,0x190C,0x212C,0x212C,
0x212C,0x212C,0x212C,0x212C,0x212C,0x212C,0x212C,0x212C,0x212C,0x212C,0x212C,0x212C,0x212C,0x212C,0x212C,0x212C,
0x212B,0x210B,0x190B,0x212B,0x212B,0x212C,0x210C,0x210C,0x20EB,0x210C,0x210C,0x210C,0x210B,0x210B,0x292B,0x292C,
0x292C,0x210B,0x210C,0x292B,0x292B,0x210B,0x210B,0x290B,0x290C,0x314C,0x316C,0x292A,0x2949,0x3189,0x2927,0x1083,
0x10A3,0x08A3,0x0882,0x0862,0x0862,0x0882,0x0883,0x0883,0x0082,0x0082,0x0062,0x0062,0x0062,0x0063,0x0063,0x0063,
0x0862,0x0062,0x0062,0x0062,0x0062,0x0062,0x0062,0x0062,0x0882,0x0882,0x0062,0x0062,0x0061,0x0061,0x0882,0x0882,
0x0882,0x0882,0x0882,0x0882,0x0862,0x0862,0x0862,0x0862,0x0862,0x0862,0x0062,0x0041,0x0042,0x0062,0x0862,0x0862,
0x090A,0x090A,0x08EA,0x08EA,0x08EA,0x08EA,0x08EA,0x08EA,0x10E9,0x10EA,0x10EA,0x10EA,0x10EA,0x10EA,0x10EA,0x10E9,
0x10EA,0x10EA,0x10EA,0x110A,0x110A,0x10EA,0x10EA,0x10EA,0x10EA,0x10EA,0x10EA,0x10EA,0x18EA,0x18EA,0x18EA,0x18EA,
0x10EA,0x10EA,0x10EA,0x10EA,0x10EA,0x10EA,0x10EA,0x10EA,0x10EA,0x10EA,0x10EA,0x10EA,0x10EA,0x10EA,0x10EA,0x10EA,
0x10EA,0x10EA,0x10EA,0x10EA,0x10EA,0x10EA,0x10EA,0x10EA,0x10EA,0x10EA,0x10EA,0x10EA,0x10EA,0x10EA,0x10EA,0x10EA,
0x10EA,0x10EA,0x10EA,0x10EA,0x10EA,0x10EA,0x10EA,0x10EA,0x110A,0x110A,0x110A,0x110A,0x110A,0x110A,0x110A,0x110A,
0x10EB,0x10EB,0x10EB,0x10EB,0x10EB,0x10EB,0x10EB,0x110B,0x10EB,0x10EB,0x110B,0x110B,0x110B,0x110B,0x110B,0x110B,
0x110B,0x110B,0x110B,0x10EB,0x10EB,0x110B,0x110B,0x10EB,0x110B,0x110B,0x110B,0x110B,0x110B,0x110B,0x110B,0x110B,
0x110B,0x110B,0x110B,0x110B,0x110B,0x110B,0x110B,0x110B,0x110B,0x110B,0x110B,0x110B,0x110B,0x110B,0x110B,0x110B,
0x110B,0x110B,0x110B,0x110B,0x110B,0x110B,0x110B,0x110B,0x110B,0x110B,0x110B,0x110B,0x110B,0x110B,0x110B,0x110B,
0x110B,0x110B,0x110B,0x110B,0x110B,0x110B,0x110B,0x110B,0x110B,0x110B,0x110B,0x110B,0x110B,0x110B,0x110B,0x110B,
0x110B,0x110B,0x110B,0x110B,0x110B,0x110B,0x110B,0x110B,0x110B,0x110B,0x110B,0x110B,0x110A,0x110A,0x110A,0x110A,
0x192A,0x194C,0x194D,0x21B0,0x2A33,0x3A95,0x42D6,0x2A12,0x110D,0x110C,0x192C,0x192B,0x190B,0x190B,0x190C,0x192C,
0x110C,0x192C,0x192C,0x192C,0x192C,0x192C,0x192C,0x192C,0x192C,0x192C,0x192C,0x192C,0x192C,0x192C,0x192C,0x192C,
0x192C,0x192C,0x192C,0x192C,0x192C,0x192C,0x192C,0x192C,0x212C,0x212C,0x212C,0x212C,0x212C,0x212C,0x212C,0x212C,
0x212C,0x212C,0x212C,0x212C,0x212C,0x212C,0x212C,0x212C,0x212C,0x212C,0x212C,0x212C,0x212C,0x212C,0x212C,0x212B,
0x190A,0x296C,0x296C,0x212B,0x20EB,0x212C,0x292C,0x210B,0x292C,0x292C,0x290B,0x292B,0x290B,0x292B,0x292B,0x290B,
0x292B,0x210B,0x210B,0x292B,0x292C,0x290B,0x290B,0x292C,0x28EC,0x314D,0x316C,0x314C,0x398B,0x39AB,0x2928,0x10A5,
0x0863,0x0883,0x0883,0x0883,0x0882,0x0882,0x08A2,0x08A3,0x0882,0x0862,0x0062,0x0062,0x0062,0x0063,0x0083,0x0883,
0x0062,0x0062,0x0062,0x0062,0x0062,0x0062,0x0062,0x0061,0x08A2,0x0882,0x0882,0x0062,0x0061,0x0061,0x0882,0x0882,
0x0861,0x0861,0x0861,0x0861,0x0862,0x0882,0x0882,0x0862,0x0862,0x0862,0x0062,0x0041,0x0042,0x0062,0x0862,0x0862,
0x090A,0x090A,0x08EA,0x08EA,0x08EA,0x08EA,0x08EA,0x08EA,0x10E9,0x10EA,0x10EA,0x10EA,0x10EA,0x10EA,0x10EA,0x10E9,
0x110A,0x10CA,0x08C9,0x10EA,0x10EA,0x08C9,0x10C9,0x110A,0x10EA,0x10EA,0x10EA,0x10EA,0x18EA,0x18EA,0x18EA,0x18EA,
0x10EA,0x10EA,0x10EA,0x10EA,0x10EA,0x10EA,0x10EA,0x10EA,0x10EA,0x10EA,0x10EA,0x10EA,0x10EA,0x10EA,0x10EA,0x10EA,
0x10EA,0x10EA,0x10EA,0x10EA,0x10EA,0x10EA,0x10EA,0x10EA,0x10EA,0x10EA,0x10EA,0x10EA,0x10EA,0x10EA,0x10EA,0x10EA,
0x10EA,0x10EA,0x10EA,0x10EA,0x10EA,0x10EA,0x10EA,0x10EA,0x110A,0x110A,0x110A,0x110A,0x110A,0x110A,0x110A,0x110A,
0x10EB,0x10EB,0x10EB,0x10EB,0x10EB,0x10EB,0x10EB,0x10EB,0x10EB,0x110B,0x110B,0x110B,0x110B,0x110B,0x110B,0x110B,
0x194C,0x194C,0x192C,0x110B,0x110B,0x110B,0x110B,0x10EB,0x110B,0x110B,0x110B,0x110B,0x110B,0x110B,0x110B,0x110B,
0x110B,0x110B,0x110B,0x110B,0x110B,0x110B,0x110B,0x110B,0x110B,0x110B,0x110B,0x110B,0x110B,0x110B,0x110B,0x110B,
0x110B,0x110B,0x110B,0x110B,0x110B,0x110B,0x110B,0x110B,0x112B,0x112B,0x112B,0x112B,0x112B,0x112B,0x112B,0x112B,
0x110B,0x110B,0x110B,0x110B,0x110B,0x110B,0x110B,0x110B,0x110B,0x110B,0x110B,0x110B,0x110B,0x110B,0x110B,0x110B,
0x110B,0x110B,0x110B,0x110B,0x110B,0x110B,0x110B,0x110B,0x110B,0x110B,0x110B,0x110B,0x110A,0x110A,0x110B,0x110B,
0x192B,0x194C,0x194D,0x21AF,0x2A12,0x3A95,0x3AB5,0x21B0,0x110D,0x112C,0x192C,0x192B,0x190B,0x190C,0x192C,0x192C,
0x192C,0x110C,0x10EB,0x190C,0x216D,0x218D,0x216D,0x110B,0x192C,0x192C,0x192C,0x192C,0x192C,0x192C,0x192C,0x192C,
0x192C,0x192C,0x192C,0x192C,0x192C,0x192C,0x192C,0x212C,0x212C,0x212C,0x212C,0x212C,0x212C,0x212C,0x212C,0x212C,
0x210B,0x212C,0x212C,0x212C,0x212C,0x212C,0x212C,0x212C,0x212C,0x212C,0x212C,0x212C,0x212C,0x212C,0x212C,0x212C,
0x212B,0x31AD,0x31AD,0x214B,0x20EB,0x292C,0x292C,0x20EB,0x292C,0x290B,0x28EA,0x290A,0x292A,0x292A,0x2909,0x20E9,
0x292B,0x290A,0x290A,0x292B,0x294B,0x292B,0x292B,0x314C,0x290B,0x314C,0x290C,0x290B,0x314B,0x316B,0x2108,0x18C6,
0x1084,0x10A3,0x10C3,0x10C3,0x10A3,0x10A3,0x08A3,0x08A3,0x0882,0x0862,0x0082,0x0082,0x0082,0x0082,0x0083,0x0883,
0x0862,0x0062,0x0062,0x0062,0x0062,0x0062,0x0062,0x0062,0x0882,0x0062,0x0062,0x0062,0x0061,0x0882,0x08A2,0x08A2,
0x0882,0x0882,0x0861,0x0882,0x0882,0x0882,0x0882,0x0862,0x0862,0x0862,0x0862,0x0062,0x0062,0x0862,0x0862,0x0862,
0x090A,0x090A,0x08EA,0x08EA,0x08EA,0x08EA,0x08EA,0x08EA,0x10EA,0x10EA,0x10EA,0x10EA,0x10EA,0x10EA,0x10EA,0x10EA,
0x110A,0x10CA,0x10C9,0x10EA,0x10EA,0x08C9,0x10CA,0x190A,0x10EA,0x10EA,0x18EA,0x18EA,0x18EA,0x18EA,0x18EA,0x18EA,
0x10EA,0x10EA,0x10EA,0x10EA,0x10EA,0x10EA,0x10EA,0x10EA,0x10EA,0x10EA,0x10EA,0x10EA,0x10EA,0x10EA,0x10EA,0x10EA,
0x10EA,0x10EA,0x10EA,0x10EA,0x10EA,0x10EA,0x10EA,0x10EA,0x10EA,0x10EA,0x10EA,0x10EA,0x10EA,0x10EA,0x10EA,0x10EA,
0x10EA,0x10EA,0x10EA,0x10EA,0x10EA,0x10EA,0x10EA,0x10EA,0x110A,0x110A,0x110A,0x110A,0x110A,0x110A,0x110A,0x110A,
0x10EB,0x10EB,0x10EB,0x10EB,0x110B,0x110B,0x110B,0x110B,0x110B,0x110B,0x110B,0x110B,0x110B,0x110B,0x110B,0x110B,
0x192C,0x194C,0x192C,0x110B,0x10EB,0x110B,0x110B,0x110B,0x110B,0x110B,0x110B,0x110B,0x110B,0x110B,0x110B,0x110B,
0x110B,0x110B,0x110B,0x110B,0x110B,0x110B,0x110B,0x110B,0x110B,0x110B,0x110B,0x110B,0x110B,0x110B,0x110B,0x110B,
0x110B,0x110B,0x110B,0x110B,0x110B,0x110B,0x110B,0x110B,0x112B,0x112B,0x112B,0x112B,0x112B,0x112B,0x112B,0x112B,
0x110B,0x110B,0x110B,0x110B,0x110B,0x110B,0x110B,0x110B,0x110B,0x110B,0x110B,0x110B,0x110B,0x110B,0x110B,0x110B,
0x110B,0x110B,0x110B,0x110B,0x110B,0x110B,0x110B,0x110B,0x110B,0x110B,0x110B,0x110B,0x110B,0x110B,0x110B,0x112B,
0x192B,0x216C,0x194D,0x218F,0x2A12,0x3A95,0x3A94,0x196F,0x112D,0x112C,0x192C,0x192C,0x192C,0x192C,0x192C,0x192D,
0x190C,0x192C,0x192C,0x192C,0x194C,0x214D,0x192C,0x190B,0x192C,0x192C,0x192C,0x192C,0x192C,0x192C,0x192C,0x192C,
0x192C,0x212C,0x212C,0x212C,0x212C,0x212C,0x212C,0x212C,0x212C,0x212C,0x212C,0x212C,0x212C,0x212C,0x212C,0x212C,
0x210B,0x210C,0x292C,0x292C,0x212C,0x212C,0x212C,0x292C,0x212C,0x212C,0x212C,0x212C,0x212C,0x212C,0x212C,0x212C,
0x214C,0x318D,0x318D,0x294B,0x210B,0x292B,0x292B,0x290A,0x290A,0x28EA,0x28E9,0x312A,0x398A,0x39AA,0x3969,0x3129,
0x316A,0x292A,0x2929,0x314A,0x314A,0x292A,0x292B,0x314C,0x290B,0x312C,0x290B,0x290B,0x314B,0x290A,0x18A7,0x18A6,
0x10A4,0x10C4,0x18C4,0x10C3,0x10A3,0x08A3,0x0882,0x0882,0x0062,0x0882,0x0882,0x0882,0x0882,0x0882,0x0882,0x0882,
0x0882,0x0882,0x0862,0x0862,0x0882,0x0882,0x0882,0x0062,0x0062,0x0061,0x0061,0x0061,0x0882,0x08A2,0x10C3,0x10C3,
0x08A2,0x0882,0x0882,0x0882,0x0882,0x0882,0x0862,0x0862,0x0862,0x0862,0x0862,0x0862,0x0862,0x0862,0x0862,0x0862,
0x090A,0x090A,0x08EA,0x08EA,0x08EA,0x08EA,0x08EA,0x08EA,0x10EA,0x10EA,0x10EA,0x10EA,0x10EA,0x10EA,0x10EA,0x10EA,
0x10CA,0x10EA,0x10EA,0x110A,0x10EA,0x10EA,0x10EA,0x10EA,0x10EA,0x10EA,0x18EA,0x18EA,0x18EA,0x18EA,0x18EA,0x18EA,
0x10EA,0x10EA,0x10EA,0x10EA,0x10EA,0x10EA,0x10EA,0x10EA,0x10EA,0x10EA,0x10EA,0x10EA,0x10EA,0x10EA,0x10EA,0x10EA,
0x10EA,0x10EA,0x10EA,0x10EA,0x10EA,0x10EA,0x10EA,0x10EA,0x10EA,0x10EA,0x10EA,0x10EA,0x10EA,0x10EA,0x10EA,0x10EA,
0x10EA,0x10EA,0x10EA,0x10EA,0x10EA,0x10EA,0x10EA,0x10EA,0x110A,0x110A,0x110A,0x110A,0x110A,0x110A,0x110A,0x110B,
0x110B,0x110B,0x110B,0x110B,0x110B,0x110B,0x110B,0x110B,0x110B,0x110B,0x110B,0x110B,0x110B,0x110B,0x110B,0x10EB,
0x110B,0x110B,0x110B,0x10EB,0x10EB,0x110B,0x110B,0x110B,0x110B,0x110B,0x110B,0x110B,0x110B,0x110B,0x110B,0x110B,
0x110B,0x110B,0x110B,0x110B,0x110B,0x110B,0x110B,0x110B,0x110B,0x110B,0x110B,0x110B,0x110B,0x110B,0x110B,0x110B,
0x110B,0x110B,0x110B,0x110B,0x110B,0x110B,0x110B,0x110B,0x110B,0x110B,0x110B,0x110B,0x110B,0x110B,0x110B,0x110B,
0x110B,0x110B,0x110B,0x110B,0x110B,0x110B,0x110B,0x110B,0x110B,0x110B,0x110B,0x110B,0x110B,0x110B,0x110B,0x110B,
0x110B,0x110B,0x110B,0x110B,0x110B,0x110B,0x110B,0x110B,0x110B,0x110B,0x110B,0x110B,0x110B,0x110B,0x110B,0x110B,
0x192B,0x216D,0x194D,0x218F,0x2A11,0x3A94,0x3A73,0x112E,0x110D,0x112C,0x192C,0x192C,0x190C,0x192C,0x192C,0x192C,
0x110B,0x218D,0x31EF,0x298E,0x190C,0x10EB,0x190C,0x214D,0x192C,0x192C,0x192C,0x192C,0x192C,0x192C,0x192C,0x192C,
0x212C,0x212C,0x212C,0x212C,0x212C,0x212C,0x212C,0x212C,0x212C,0x212C,0x212C,0x212C,0x212C,0x212C,0x212C,0x292C,
0x210C,0x292C,0x294C,0x294C,0x292C,0x212C,0x212C,0x212C,0x292C,0x292C,0x292C,0x292C,0x292C,0x292C,0x292C,0x292C,
0x212B,0x214C,0x214C,0x212B,0x292B,0x290B,0x290B,0x292A,0x292A,0x2929,0x3129,0x41AA,0x522B,0x5A4B,0x522A,0x41C9,
0x3989,0x2949,0x2948,0x3169,0x3149,0x2929,0x2929,0x314B,0x290A,0x314C,0x312B,0x316C,0x39AC,0x2909,0x1046,0x1065,
0x10A4,0x10C3,0x10C3,0x10A3,0x0882,0x0882,0x0882,0x0882,0x0062,0x0882,0x0882,0x0882,0x0882,0x0882,0x0882,0x0882,
0x0883,0x0883,0x0882,0x0882,0x0882,0x0882,0x0882,0x0882,0x0062,0x0061,0x0061,0x0061,0x0882,0x08A2,0x10C3,0x10E3,
0x10A2,0x08A2,0x0882,0x0882,0x0882,0x0882,0x0862,0x0041,0x0062,0x0862,0x0862,0x0862,0x0862,0x0862,0x0862,0x0862,
0x090A,0x090A,0x08EA,0x08EA,0x08EA,0x08EA,0x08EA,0x110A,0x08EA,0x10EA,0x10EA,0x10EA,0x10EA,0x10EA,0x10EA,0x10EA,
0x10EA,0x10EA,0x10EA,0x10CA,0x10CA,0x10EA,0x10EA,0x190A,0x18EA,0x18EA,0x18EA,0x18EA,0x18EA,0x18EA,0x18EA,0x18EA,
0x10CA,0x18EA,0x190B,0x190B,0x10EA,0x10CA,0x08C9,0x10CA,0x10EA,0x10EA,0x08A9,0x10EA,0x194B,0x08A9,0x298D,0x10EA,
0x110B,0x110B,0x110B,0x110B,0x110B,0x110B,0x110B,0x110B,0x110B,0x110B,0x110B,0x10EA,0x10EA,0x110B,0x110B,0x110B,
0x10EB,0x10EB,0x10EB,0x10EB,0x10EB,0x10EB,0x10EB,0x10EB,0x10EB,0x10EB,0x10EB,0x110B,0x110B,0x110B,0x110B,0x110B,
0x110B,0x110B,0x110B,0x110B,0x110B,0x110B,0x110B,0x110B,0x110B,0x110B,0x110B,0x110B,0x110B,0x110B,0x110B,0x110B,
0x110B,0x110B,0x10EB,0x10EB,0x10EB,0x10EB,0x110B,0x110B,0x110B,0x110B,0x110B,0x110B,0x110B,0x110B,0x110B,0x110B,
0x110C,0x110B,0x110B,0x110B,0x110B,0x10EB,0x10EB,0x10EB,0x110B,0x110B,0x110B,0x110B,0x110B,0x110B,0x110B,0x110B,
0x110B,0x110B,0x110B,0x110B,0x110B,0x110B,0x110B,0x110B,0x110B,0x110B,0x110B,0x110B,0x110B,0x192C,0x192C,0x192C,
0x110C,0x110C,0x110C,0x110C,0x110C,0x110C,0x110C,0x110C,0x110C,0x110C,0x110C,0x110C,0x110C,0x110C,0x110C,0x110C,
0x190C,0x190C,0x190C,0x190C,0x190B,0x190B,0x190B,0x190B,0x190B,0x192C,0x192C,0x192C,0x192B,0x190B,0x110B,0x110B,
0x214C,0x110C,0x218E,0x29F0,0x2A11,0x3273,0x2A11,0x08ED,0x112D,0x192C,0x190C,0x190C,0x190C,0x192C,0x192C,0x192C,
0x298E,0x29AE,0x5B14,0x31EF,0x190C,0x216D,0x08AA,0x298D,0x190C,0x214D,0x214D,0x190B,0x214C,0x214C,0x10EB,0x214C,
0x216D,0x10AA,0x190B,0x296D,0x210C,0x210C,0x296D,0x212C,0x212C,0x212C,0x212C,0x294C,0x294C,0x294C,0x212C,0x210B,
0x294C,0x292C,0x292C,0x292C,0x292C,0x292C,0x292C,0x292C,0x210C,0x292C,0x292C,0x292C,0x292C,0x294C,0x294C,0x212C,
0x296C,0x294C,0x292C,0x212B,0x292B,0x290B,0x292B,0x316B,0x39AB,0x524D,0x5A6C,0x522A,0x526A,0x5A69,0x41C6,0x3145,
0x2905,0x2906,0x20E5,0x2927,0x39C9,0x2927,0x18A6,0x316A,0x398B,0x314A,0x316B,0x314B,0x314A,0x20E8,0x1045,0x18C6,
0x18E5,0x10C3,0x10A3,0x10A3,0x10A3,0x0882,0x0882,0x10A2,0x08A2,0x0882,0x0062,0x0882,0x08A2,0x08A3,0x08A3,0x08A2,
0x08A3,0x0882,0x0062,0x0862,0x0882,0x0062,0x0062,0x0882,0x0062,0x0062,0x0062,0x0062,0x0882,0x0882,0x08A2,0x08A2,
0x0882,0x0882,0x0882,0x0882,0x0882,0x0862,0x0862,0x0862,0x0862,0x0862,0x0862,0x0862,0x0862,0x0882,0x0882,0x0882,
0x090A,0x090A,0x08EA,0x08EA,0x08EA,0x08EA,0x08EA,0x110A,0x08EA,0x10EA,0x10EA,0x10EA,0x10EA,0x10EA,0x10EA,0x10EA,
0x10EA,0x10EA,0x10EA,0x10EA,0x10EA,0x18EA,0x190A,0x190B,0x10EA,0x18EA,0x18EA,0x18EA,0x190B,0x210B,0x212B,0x212B,
0x190B,0x190B,0x10CA,0x10A9,0x10CA,0x192B,0x29AD,0x3A0F,0x190B,0x08A9,0x214C,0x10CA,0x08CA,0x08CA,0x10EA,0x110B,
0x110B,0x110B,0x110B,0x110B,0x110B,0x110B,0x110B,0x110B,0x110B,0x110B,0x10EA,0x10EA,0x10EA,0x10EA,0x110B,0x10EB,
0x10EB,0x10EB,0x10EB,0x10EB,0x10EB,0x10EB,0x10EB,0x10EB,0x10EB,0x10EB,0x110B,0x110B,0x110B,0x110B,0x110B,0x110B,
0x110B,0x110B,0x110B,0x110B,0x110B,0x110B,0x110B,0x110B,0x110B,0x110B,0x110B,0x110B,0x110B,0x110B,0x110B,0x110B,
0x110B,0x110B,0x10EB,0x10EB,0x10EB,0x10EB,0x110B,0x110B,0x110B,0x110B,0x110B,0x110B,0x110B,0x110B,0x110B,0x110B,
0x110C,0x110C,0x110B,0x110B,0x110B,0x110B,0x110B,0x10EB,0x110B,0x110B,0x110B,0x110B,0x110B,0x110B,0x110B,0x110B,
0x110B,0x110B,0x110B,0x110B,0x110B,0x110B,0x110B,0x110B,0x110B,0x110B,0x110B,0x110B,0x110B,0x192C,0x192C,0x192C,
0x190C,0x190C,0x190C,0x190C,0x190C,0x190C,0x190C,0x190C,0x110C,0x110C,0x110C,0x110C,0x110C,0x110C,0x110C,0x110C,
0x190C,0x190C,0x190C,0x190C,0x190C,0x190C,0x190C,0x190C,0x190C,0x192C,0x192C,0x192C,0x192B,0x190B,0x190B,0x190B,
0x192C,0x194D,0x216E,0x29D0,0x3252,0x3252,0x21AF,0x110D,0x112D,0x190C,0x190C,0x190C,0x190C,0x190C,0x192C,0x190C,
0x214D,0x10EB,0x298E,0x10EB,0x192C,0x31CF,0x10EB,0x190C,0x298D,0x10EB,0x190B,0x216D,0x192C,0x192C,0x216D,0x190C,
0x212C,0x214D,0x296D,0x5292,0x18EB,0x298E,0x212C,0x296D,0x294D,0x294C,0x212C,0x212C,0x212C,0x292C,0x294C,0x316D,
0x294C,0x292C,0x292C,0x292C,0x294C,0x294C,0x292C,0x292C,0x294C,0x294D,0x316D,0x294C,0x292C,0x210B,0x210B,0x210C,
0x212C,0x210C,0x292C,0x294C,0x314C,0x292C,0x292B,0x312A,0x4A0C,0x4A2B,0x49E9,0x49E8,0x49E7,0x39A5,0x3163,0x3163,
0x2924,0x2925,0x18E4,0x20E5,0x3167,0x2106,0x20E6,0x3989,0x316A,0x316A,0x39AB,0x41CB,0x41CB,0x3169,0x18C6,0x2106,
0x2946,0x2105,0x18E4,0x10C3,0x0882,0x0862,0x0861,0x0882,0x0882,0x0882,0x08A2,0x08A3,0x08A3,0x08A2,0x0882,0x0882,
0x0882,0x0862,0x0883,0x10C3,0x10C3,0x08A3,0x0882,0x0882,0x0062,0x0062,0x0062,0x0062,0x0882,0x0882,0x08A2,0x08A2,
0x0882,0x0882,0x0882,0x0882,0x0882,0x0862,0x0862,0x0862,0x0862,0x0862,0x0862,0x0862,0x0862,0x0862,0x0862,0x0862,
0x090A,0x090A,0x08EA,0x08EA,0x08EA,0x08EA,0x110A,0x110A,0x10EA,0x10EA,0x10EA,0x10EA,0x10EA,0x10EA,0x10EA,0x10EA,
0x10EA,0x10CA,0x10CA,0x10EA,0x10EA,0x190A,0x190B,0x192B,0x10EA,0x10EA,0x18EA,0x190A,0x190B,0x212B,0x212B,0x212B,
0x190B,0x190A,0x10EA,0x10CA,0x10EA,0x192B,0x298D,0x31CE,0x190B,0x08A9,0x214C,0x10EA,0x192B,0x194B,0x10CA,0x10EA,
0x110B,0x10EB,0x10EB,0x10EB,0x10EB,0x10EB,0x10EB,0x10EB,0x10EB,0x10EB,0x10EB,0x10EB,0x10EB,0x10EB,0x10EB,0x10EB,
0x10EB,0x10EB,0x10EB,0x10EB,0x10EB,0x10EB,0x10EB,0x10EB,0x110B,0x110B,0x110B,0x110B,0x110B,0x110B,0x110B,0x110B,
0x110B,0x110B,0x110B,0x110B,0x110B,0x110B,0x110B,0x110B,0x110B,0x110B,0x110B,0x110B,0x110B,0x110B,0x110B,0x110B,
0x110B,0x110B,0x110B,0x110B,0x110B,0x110B,0x110B,0x110B,0x110B,0x110B,0x110B,0x110B,0x110B,0x110B,0x110B,0x110B,
0x110C,0x110C,0x110B,0x110B,0x110B,0x110B,0x110B,0x110B,0x110B,0x110B,0x110B,0x110B,0x110B,0x110B,0x110B,0x110B,
0x110B,0x110B,0x110B,0x110B,0x110B,0x110B,0x110B,0x110B,0x110B,0x110B,0x110B,0x110B,0x192C,0x192C,0x192C,0x192C,
0x192C,0x192C,0x192C,0x192C,0x192C,0x192C,0x192C,0x192C,0x192C,0x192C,0x192C,0x192C,0x192C,0x192C,0x192C,0x192C,
0x192C,0x192C,0x192C,0x192C,0x192C,0x192C,0x192C,0x192C,0x190C,0x192C,0x192C,0x192C,0x192C,0x190C,0x190B,0x190C,
0x192C,0x218E,0x216E,0x29CF,0x3A92,0x2A11,0x112D,0x192D,0x192D,0x190C,0x190C,0x190C,0x192C,0x192C,0x192C,0x192C,
0x192C,0x190B,0x192C,0x10EB,0x190B,0x216D,0x192C,0x192C,0x190C,0x214C,0x190B,0x214C,0x192C,0x190C,0x298E,0x192C,
0x18EB,0x296D,0x296D,0x52B2,0x18EB,0x318E,0x18EB,0x294D,0x292C,0x292C,0x292C,0x212C,0x210C,0x292C,0x294C,0x294C,
0x292C,0x292C,0x292C,0x292C,0x294C,0x294C,0x292C,0x292C,0x292C,0x290C,0x292C,0x294C,0x292C,0x20EB,0x290C,0x316D,
0x294D,0x292C,0x292C,0x294C,0x316C,0x314C,0x292B,0x292A,0x398A,0x41CA,0x41C8,0x41E7,0x49E6,0x39A4,0x3162,0x3163,
0x3144,0x3166,0x2104,0x18C3,0x2124,0x2125,0x2926,0x41E9,0x41CA,0x39CA,0x39CB,0x3169,0x3169,0x3168,0x20E6,0x20E6,
0x2125,0x2104,0x18C3,0x10A3,0x0882,0x0882,0x10A2,0x10C3,0x10A2,0x10A2,0x10C2,0x10C3,0x08A2,0x08A2,0x08A2,0x10C3,
0x0061,0x0042,0x0862,0x08A3,0x10C3,0x08A2,0x0062,0x0062,0x0882,0x0882,0x0062,0x0062,0x0882,0x0882,0x0882,0x0882,
0x0882,0x0882,0x0882,0x0882,0x0882,0x0862,0x0862,0x0862,0x0862,0x0862,0x0862,0x0862,0x0862,0x0862,0x0862,0x0862,
0x090A,0x090A,0x08EA,0x08EA,0x08EA,0x08EA,0x110A,0x110A,0x10EA,0x10EA,0x10EA,0x10EA,0x10EA,0x10EA,0x10EA,0x10EA,
0x10EA,0x10EA,0x10EA,0x10EA,0x10EA,0x190A,0x190B,0x190B,0x18EA,0x18EA,0x18EA,0x18EA,0x190A,0x190A,0x190B,0x190B,
0x10CA,0x10EA,0x190B,0x190B,0x190B,0x10EA,0x10CA,0x10CA,0x10CA,0x192B,0x10EA,0x10EA,0x192B,0x10EA,0x192B,0x110B,
0x10EB,0x10EB,0x10EB,0x10EB,0x10EB,0x10EB,0x10EB,0x10EB,0x10EB,0x10EB,0x10EB,0x10EB,0x10EB,0x10EB,0x10EB,0x10EB,
0x10EB,0x10EB,0x10EB,0x10EB,0x10EB,0x10EB,0x10EB,0x10EB,0x110B,0x110B,0x110B,0x110B,0x110B,0x110B,0x110B,0x110B,
0x110B,0x110B,0x110B,0x110B,0x110B,0x110B,0x110B,0x110B,0x110B,0x110B,0x110B,0x110B,0x110B,0x110B,0x110B,0x110B,
0x110B,0x110B,0x110B,0x110B,0x110B,0x110B,0x110B,0x110B,0x110C,0x110C,0x110C,0x110C,0x110C,0x110C,0x110C,0x110C,
0x110C,0x110C,0x110C,0x110C,0x110C,0x110B,0x110B,0x110B,0x110B,0x110B,0x110B,0x110B,0x110B,0x110B,0x110B,0x110B,
0x110B,0x110B,0x110B,0x110B,0x110B,0x110B,0x110B,0x110B,0x110B,0x110B,0x192C,0x192C,0x192C,0x192C,0x192C,0x192C,
0x192C,0x192C,0x192C,0x192C,0x192C,0x192C,0x192C,0x192C,0x192C,0x192C,0x192C,0x192C,0x192C,0x192C,0x192C,0x192C,
0x192C,0x192C,0x192C,0x192C,0x192C,0x192C,0x192C,0x192C,0x192C,0x192C,0x192C,0x192C,0x192C,0x192C,0x192B,0x192C,
0x192C,0x216E,0x29AF,0x3210,0x3251,0x21AF,0x112D,0x192D,0x192D,0x192D,0x210C,0x212C,0x192C,0x192C,0x192C,0x192C,
0x190C,0x216D,0x298D,0x214D,0x190B,0x10EB,0x214C,0x216D,0x214C,0x6355,0x3A30,0x192C,0x216D,0x190B,0x192C,0x190C,
0x212C,0x190C,0x212C,0x318E,0x212C,0x294D,0x212C,0x212C,0x212C,0x292C,0x294C,0x294D,0x294C,0x292C,0x292B,0x210B,
0x292C,0x292C,0x292C,0x292C,0x294C,0x294C,0x292C,0x292C,0x294C,0x290C,0x290C,0x294C,0x294C,0x292C,0x314D,0x39AE,
0x39CE,0x316D,0x292C,0x290B,0x292C,0x292B,0x312B,0x314A,0x3149,0x4A0B,0x522A,0x41C7,0x41C5,0x41E4,0x3982,0x2921,
0x3164,0x3165,0x2104,0x18C2,0x18E3,0x2104,0x2966,0x41E9,0x39C9,0x39A9,0x3169,0x20E7,0x2927,0x2948,0x18C5,0x10A4,
0x18E4,0x18C3,0x10A3,0x1082,0x0882,0x10A2,0x10C3,0x1904,0x10C3,0x10A2,0x0881,0x0861,0x0881,0x08A2,0x10E3,0x10E3,
0x0882,0x0062,0x0062,0x0062,0x0062,0x0062,0x0062,0x0062,0x0882,0x0882,0x0882,0x0882,0x0882,0x0882,0x0882,0x0882,
0x0882,0x0882,0x0882,0x0882,0x0882,0x0882,0x0882,0x0882,0x0882,0x0882,0x0862,0x0862,0x0862,0x0862,0x0862,0x0862,
0x110A,0x090A,0x110A,0x08EA,0x08EA,0x110A,0x110A,0x110A,0x10EA,0x110A,0x110A,0x110A,0x10EA,0x10EA,0x10EA,0x10EA,
0x10EA,0x10EA,0x10EA,0x10EA,0x18EA,0x18EA,0x18EA,0x18EA,0x190A,0x190A,0x18EA,0x18EA,0x18EA,0x18EA,0x18EA,0x18EA,
0x190B,0x190B,0x18EA,0x10EA,0x10EA,0x10EA,0x10EA,0x110A,0x10CA,0x214C,0x10EA,0x08C9,0x08C9,0x08C9,0x110B,0x216C,
0x10EB,0x10EB,0x10EB,0x10EB,0x10EB,0x10EB,0x10EB,0x10EB,0x10EB,0x10EB,0x10EB,0x10EB,0x10EB,0x10EB,0x10EB,0x10EB,
0x10EB,0x10EB,0x10EB,0x10EB,0x10EB,0x10EB,0x10EB,0x10EB,0x110B,0x110B,0x110B,0x110B,0x110B,0x110B,0x110B,0x110B,
0x110B,0x110B,0x110B,0x110B,0x110B,0x110B,0x110B,0x110B,0x10EB,0x10EB,0x10EB,0x10EB,0x10EB,0x10EB,0x10EB,0x10EB,
0x110C,0x110C,0x110C,0x110C,0x110C,0x110C,0x110C,0x110C,0x110C,0x110C,0x110C,0x110C,0x110C,0x110C,0x110C,0x110C,
0x110C,0x110C,0x110C,0x110C,0x110C,0x190C,0x190C,0x190C,0x110B,0x110B,0x110B,0x110B,0x110B,0x110B,0x110B,0x110B,
0x190C,0x190C,0x190C,0x190C,0x190C,0x190C,0x190C,0x190C,0x190C,0x192C,0x192C,0x192C,0x192C,0x192C,0x192C,0x192C,
0x192C,0x192C,0x192C,0x192C,0x192C,0x192C,0x192C,0x192C,0x192C,0x192C,0x192C,0x192C,0x192C,0x192C,0x192C,0x192C,
0x192C,0x192C,0x192C,0x192C,0x192C,0x192C,0x192C,0x192C,0x190C,0x192C,0x192C,0x192C,0x192C,0x190C,0x192C,0x192C,
0x194D,0x194D,0x31F0,0x3251,0x21CF,0x114D,0x194D,0x192D,0x192D,0x212D,0x212C,0x212C,0x212C,0x192C,0x192C,0x192C,
0x192C,0x214D,0x190C,0x214C,0x214D,0x192C,0x216D,0x192C,0x10EB,0x5B13,0x31EF,0x190B,0x214D,0x190C,0x214C,0x212C,
0x296D,0x18EB,0x212C,0x18EB,0x294D,0x212C,0x316D,0x292C,0x292C,0x294C,0x294C,0x294C,0x314C,0x294C,0x292C,0x292C,
0x314C,0x292C,0x292C,0x292C,0x314C,0x314C,0x292C,0x292C,0x41CE,0x316D,0x292C,0x314C,0x316D,0x314C,0x314C,0x39AE,
0x39CE,0x316D,0x292C,0x290B,0x292C,0x292C,0x314B,0x314B,0x41CC,0x5A6D,0x524B,0x3966,0x3144,0x3164,0x2922,0x20C1,
0x2103,0x2924,0x2104,0x18C3,0x18C3,0x2104,0x2945,0x3187,0x2106,0x2106,0x2107,0x20E7,0x3168,0x39A9,0x18E6,0x1083,
0x18E4,0x18C4,0x10A3,0x0862,0x0862,0x1082,0x10C3,0x18E3,0x10C2,0x10A2,0x0881,0x0881,0x08A2,0x10C2,0x10C2,0x08A2,
0x08A3,0x0883,0x0862,0x0062,0x0062,0x0062,0x0882,0x0062,0x0882,0x0882,0x0882,0x0882,0x0882,0x0882,0x0061,0x0061,
0x0882,0x0882,0x0882,0x0882,0x0882,0x0882,0x0882,0x0882,0x0882,0x0882,0x0882,0x0862,0x0862,0x0862,0x0862,0x0862,
0x110A,0x090A,0x110A,0x110A,0x110A,0x110A,0x110A,0x110A,0x10EA,0x110A,0x110A,0x110A,0x110A,0x10EA,0x10EA,0x10EA,
0x10EA,0x10EA,0x10EA,0x10EA,0x18EA,0x10EA,0x10EA,0x10EA,0x18EA,0x18EA,0x18EA,0x18EA,0x18EA,0x18EA,0x18EA,0x18EA,
0x190B,0x190B,0x10EA,0x10EA,0x10EA,0x10EA,0x190B,0x192B,0x190B,0x08C9,0x192B,0x10CA,0x216C,0x4270,0x10EA,0x194C,
0x10EB,0x10EB,0x10EB,0x10EB,0x10EB,0x10EB,0x10EB,0x10EB,0x110B,0x10EB,0x10EB,0x10EB,0x10EB,0x10EB,0x10EB,0x110B,
0x10EB,0x10EB,0x10EB,0x10EB,0x10EB,0x10EB,0x110B,0x110B,0x110B,0x110B,0x110B,0x110B,0x110B,0x110B,0x110B,0x110B,
0x10EB,0x10EB,0x10EB,0x10EB,0x10EB,0x10EB,0x10EB,0x10EB,0x110B,0x110B,0x110B,0x110B,0x110B,0x110B,0x110B,0x110B,
0x110C,0x110C,0x190C,0x190C,0x190C,0x190C,0x110C,0x110C,0x190C,0x190C,0x190C,0x190C,0x190C,0x190C,0x190C,0x190C,
0x110C,0x110C,0x190C,0x190C,0x190C,0x190C,0x192C,0x192C,0x110C,0x110C,0x110C,0x110C,0x110C,0x110C,0x110C,0x110C,
0x192C,0x192C,0x192C,0x192C,0x192C,0x192C,0x192C,0x192C,0x192C,0x192C,0x192C,0x192C,0x192C,0x192C,0x192C,0x192C,
0x192C,0x192C,0x192C,0x192C,0x192C,0x192C,0x192C,0x192C,0x192C,0x192C,0x192C,0x192C,0x192C,0x192C,0x192C,0x192C,
0x192C,0x192C,0x192C,0x192C,0x192C,0x192C,0x192C,0x192C,0x192C,0x192C,0x192C,0x192C,0x192C,0x192C,0x192C,0x192C,
0x216E,0x194E,0x31F0,0x3230,0x194D,0x112C,0x196D,0x192D,0x192D,0x212D,0x212D,0x212D,0x212C,0x192C,0x194C,0x194C,
0x214C,0x214D,0x190C,0x192C,0x214D,0x214D,0x214D,0x190C,0x10EB,0x190C,0x10EB,0x192C,0x190C,0x190C,0x29AE,0x214C,
0x214D,0x294D,0x294C,0x294C,0x292C,0x292C,0x294C,0x296D,0x294C,0x292C,0x292C,0x210B,0x290B,0x292C,0x314C,0x316D,
0x316D,0x314C,0x314C,0x314C,0x314C,0x314C,0x314C,0x292C,0x41CE,0x316D,0x292C,0x292C,0x314C,0x314C,0x314C,0x314C,
0x294C,0x294B,0x292C,0x314C,0x316D,0x314C,0x292B,0x292B,0x39AC,0x49EC,0x41CA,0x39A8,0x39A6,0x3165,0x2923,0x2923,
0x20E3,0x20E4,0x2104,0x20E4,0x18E3,0x20E4,0x2125,0x2926,0x18E5,0x18C5,0x18A6,0x18A6,0x2948,0x3189,0x18E6,0x10A4,
0x18C4,0x18C3,0x10A3,0x0882,0x0862,0x10A2,0x10C3,0x18E3,0x10C2,0x10C2,0x18E3,0x1903,0x1903,0x18E3,0x08A2,0x0061,
0x08A2,0x0883,0x0882,0x0862,0x0062,0x0882,0x0062,0x0041,0x0062,0x0062,0x0882,0x0882,0x0882,0x0882,0x0061,0x0061,
0x0882,0x0882,0x0882,0x0882,0x0882,0x0882,0x0882,0x0882,0x0882,0x0882,0x0882,0x0882,0x0882,0x0882,0x0882,0x0882,
0x110A,0x110A,0x10EA,0x10EA,0x10EA,0x10EA,0x110A,0x110A,0x10EA,0x110B,0x110B,0x110B,0x110B,0x10EA,0x10EA,0x10EA,
0x10EA,0x10EA,0x18EA,0x18EA,0x18EA,0x18EA,0x18EA,0x18EA,0x18EA,0x18EA,0x18EA,0x18EA,0x18EA,0x190B,0x190B,0x190B,
0x18EA,0x190A,0x190B,0x190B,0x190B,0x110A,0x10EA,0x10EA,0x190B,0x08A9,0x190B,0x10EA,0x31EE,0x5312,0x10CA,0x110B,
0x10EB,0x10EB,0x10EB,0x10EB,0x10EB,0x10EB,0x10EB,0x10EB,0x110B,0x110B,0x110B,0x110B,0x110B,0x110B,0x110B,0x110B,
0x110B,0x110B,0x110B,0x110B,0x110B,0x110B,0x110B,0x110B,0x110B,0x110B,0x110B,0x110B,0x110B,0x110B,0x110B,0x110B,
0x110B,0x110B,0x110B,0x110B,0x110B,0x110B,0x110B,0x110B,0x110C,0x110C,0x110C,0x110C,0x110C,0x110C,0x110C,0x110C,
0x110C,0x110C,0x190C,0x192C,0x192C,0x190C,0x110C,0x110C,0x190C,0x190C,0x190C,0x190C,0x190C,0x190C,0x190C,0x190C,
0x110C,0x110C,0x190C,0x190C,0x192C,0x192C,0x192C,0x192C,0x192C,0x192C,0x192C,0x192C,0x192C,0x192C,0x192C,0x192C,
0x192C,0x192C,0x192C,0x192C,0x192C,0x192C,0x192C,0x192C,0x192C,0x192C,0x192C,0x192C,0x192C,0x192C,0x192C,0x192C,
0x192C,0x192C,0x192C,0x192C,0x192C,0x192C,0x192C,0x192C,0x192C,0x192C,0x192C,0x192C,0x192C,0x192C,0x192C,0x192C,
0x192C,0x192C,0x192C,0x192C,0x192C,0x192C,0x192C,0x192C,0x192C,0x192C,0x192C,0x192C,0x192C,0x192C,0x192C,0x214D,
0x216E,0x298F,0x29CF,0x21AE,0x194D,0x114C,0x196D,0x194D,0x212D,0x212D,0x212D,0x212D,0x212C,0x214C,0x194C,0x194C,
0x214D,0x214D,0x296D,0x214D,0x212C,0x192C,0x192C,0x214C,0x31CE,0x192C,0x212C,0x298E,0x214C,0x212C,0x216D,0x190C,
0x210C,0x296D,0x294D,0x296D,0x212C,0x294C,0x210B,0x294C,0x292C,0x294C,0x316D,0x314C,0x290B,0x290B,0x294C,0x316D,
0x398D,0x398D,0x316D,0x314C,0x314C,0x314C,0x314C,0x314C,0x316D,0x314C,0x292C,0x292C,0x292C,0x314C,0x314C,0x292C,
0x292B,0x292B,0x292B,0x316C,0x316D,0x314C,0x292C,0x314C,0x290A,0x396A,0x3989,0x3988,0x41C8,0x41C7,0x3985,0x3165,
0x20E4,0x18C4,0x18E4,0x2105,0x2104,0x18E4,0x2105,0x2105,0x18E6,0x18A5,0x10A5,0x0864,0x10A5,0x18E6,0x10A4,0x10C4,
0x1083,0x10A3,0x10A3,0x1082,0x1082,0x18C3,0x18E3,0x1903,0x10C2,0x18E3,0x2124,0x2144,0x1903,0x10C2,0x0881,0x0861,
0x0062,0x0882,0x0862,0x0062,0x0062,0x0062,0x0061,0x0021,0x0061,0x0062,0x0062,0x0882,0x0882,0x0882,0x0061,0x0061,
0x0882,0x0882,0x0882,0x0882,0x0882,0x0882,0x0882,0x0882,0x0882,0x0882,0x0882,0x0882,0x0883,0x0883,0x0883,0x0883,
0x110A,0x110A,0x10EA,0x10EA,0x10EA,0x10EA,0x110A,0x110A,0x10EA,0x110B,0x110B,0x110B,0x110B,0x10EA,0x110B,0x10EA,
0x10EA,0x10EA,0x18EA,0x190A,0x190A,0x190B,0x190B,0x190B,0x18EA,0x18EA,0x18EA,0x190A,0x190A,0x190A,0x190B,0x190B,
0x190B,0x190B,0x18EA,0x18EA,0x110A,0x190B,0x190B,0x190B,0x10CA,0x216C,0x10EA,0x08C9,0x10EA,0x216C,0x08A9,0x190B,
0x10EB,0x10EB,0x10EB,0x10EB,0x10EB,0x10EB,0x10EB,0x10EB,0x190B,0x110B,0x110B,0x110B,0x110B,0x110B,0x110B,0x190B,
0x190B,0x190B,0x190B,0x190B,0x190B,0x190B,0x190B,0x110B,0x110B,0x110B,0x110B,0x110B,0x110B,0x110B,0x110B,0x110B,
0x192C,0x192C,0x192C,0x192C,0x192C,0x192C,0x192C,0x192C,0x192C,0x192C,0x192C,0x192C,0x192C,0x192C,0x192C,0x192C,
0x110C,0x110C,0x192C,0x192C,0x192C,0x192C,0x110C,0x110C,0x190C,0x190C,0x190C,0x190C,0x190C,0x190C,0x190C,0x190C,
0x110C,0x112C,0x112C,0x112C,0x192C,0x192C,0x192C,0x192C,0x192C,0x192C,0x192C,0x192C,0x192C,0x192C,0x192C,0x192C,
0x192C,0x192C,0x192C,0x192C,0x192C,0x192C,0x192C,0x192C,0x192C,0x192C,0x192C,0x192C,0x192C,0x192C,0x192C,0x192C,
0x192C,0x190C,0x190C,0x190C,0x190C,0x190C,0x190C,0x190C,0x192C,0x192C,0x192C,0x192C,0x192C,0x192C,0x192C,0x192C,
0x192C,0x192C,0x192C,0x192C,0x192C,0x192C,0x192C,0x192C,0x192C,0x192C,0x192C,0x192C,0x192C,0x192C,0x192C,0x214D,
0x296E,0x31F0,0x218E,0x112C,0x216D,0x216D,0x192C,0x214D,0x212D,0x212D,0x212D,0x212D,0x212D,0x212C,0x214C,0x194C,
0x214D,0x190C,0x212D,0x192C,0x212C,0x296D,0x212C,0x214D,0x190B,0x214C,0x214D,0x190C,0x214D,0x214D,0x190B,0x296D,
0x212C,0x294D,0x294C,0x212C,0x316D,0x294D,0x292C,0x292C,0x292C,0x398E,0x4A0F,0x4A0F,0x398D,0x292C,0x294C,0x316D,
0x39AE,0x398D,0x316D,0x314C,0x314C,0x314C,0x314C,0x314C,0x314C,0x316D,0x316D,0x314C,0x312C,0x314C,0x314C,0x292C,
0x316C,0x314B,0x292C,0x292C,0x292C,0x290C,0x312C,0x396D,0x312B,0x41CC,0x396A,0x20C6,0x2906,0x39A7,0x3986,0x2905,
0x20E4,0x1083,0x18A4,0x20E4,0x18E4,0x18C4,0x18E5,0x18C5,0x1084,0x1084,0x10A5,0x1085,0x10C5,0x10A5,0x0863,0x10A4,
0x10A3,0x18C3,0x18C3,0x10A3,0x1082,0x10C3,0x18E3,0x10E3,0x0881,0x10C2,0x1903,0x10C2,0x0881,0x0041,0x0861,0x0882,
0x0882,0x0882,0x0062,0x0042,0x0061,0x0882,0x0882,0x0062,0x0061,0x0061,0x0862,0x0862,0x0882,0x0862,0x0862,0x0862,
0x0862,0x0862,0x0862,0x0882,0x0882,0x0882,0x0882,0x0882,0x0882,0x0882,0x0882,0x0883,0x0883,0x0883,0x1083,0x1083,
0x08EA,0x110A,0x110A,0x110A,0x110A,0x110A,0x110A,0x110A,0x10EA,0x110B,0x110B,0x10EA,0x10EA,0x110B,0x110B,0x10CA,
0x18EA,0x18EA,0x18EA,0x18EA,0x18EA,0x18EA,0x18EA,0x18EA,0x190A,0x18EA,0x18EA,0x18EA,0x18EA,0x18EA,0x18EA,0x18EA,
0x190A,0x190A,0x190A,0x190A,0x110A,0x110A,0x110A,0x110A,0x190B,0x190B,0x190B,0x190B,0x110B,0x110B,0x10EB,0x10EB,
0x110B,0x110B,0x110B,0x110B,0x110B,0x110B,0x110B,0x110B,0x10EB,0x110B,0x190C,0x190B,0x10EB,0x10EB,0x190C,0x192C,
0x10EB,0x190C,0x190C,0x10EB,0x190B,0x192C,0x192C,0x190B,0x10EB,0x190B,0x190C,0x192C,0x192C,0x212C,0x214D,0x214D,
0x216D,0x216D,0x214D,0x212C,0x214C,0x296D,0x216D,0x192C,0x214D,0x214D,0x216D,0x216D,0x216D,0x214C,0x192C,0x190C,
0x192C,0x112C,0x112C,0x112C,0x112C,0x110C,0x110C,0x190C,0x10EC,0x18EC,0x190C,0x190D,0x190D,0x18ED,0x18ED,0x190D,
0x110C,0x112C,0x112C,0x112C,0x192C,0x192C,0x192C,0x192C,0x192C,0x192C,0x192C,0x192C,0x192C,0x192C,0x114C,0x192C,
0x192C,0x192C,0x192C,0x192C,0x192C,0x192C,0x192C,0x192C,0x190C,0x190C,0x190C,0x190C,0x192C,0x192C,0x192C,0x192C,
0x192C,0x192C,0x192C,0x192C,0x192C,0x192C,0x192C,0x192C,0x192C,0x192C,0x192C,0x192C,0x192C,0x192C,0x192C,0x192C,
0x192C,0x192C,0x192C,0x192C,0x192C,0x192C,0x192C,0x192C,0x214D,0x192D,0x192C,0x192C,0x192C,0x192D,0x214D,0x216D,
0x298E,0x296E,0x214D,0x214D,0x192D,0x192D,0x214D,0x214D,0x212D,0x212D,0x212D,0x212D,0x212D,0x212D,0x212C,0x212D,
0x214D,0x214D,0x214D,0x214D,0x214D,0x214D,0x214D,0x214D,0x214D,0x214D,0x214D,0x214D,0x214D,0x214D,0x214D,0x214C,
0x190B,0x296C,0x294C,0x294D,0x294D,0x292D,0x292D,0x314D,0x310D,0x396E,0x41AE,0x398D,0x314C,0x314C,0x314C,0x316C,
0x314C,0x314C,0x314C,0x314C,0x314C,0x314C,0x314C,0x314C,0x314C,0x314C,0x314C,0x314C,0x314C,0x314C,0x314C,0x314C,
0x314C,0x314B,0x314C,0x314C,0x314D,0x314D,0x314D,0x312C,0x314B,0x41AC,0x49EC,0x2907,0x1884,0x3146,0x3166,0x2905,
0x18C5,0x18C5,0x18C4,0x18A4,0x18A4,0x10C4,0x10A4,0x10A4,0x18C5,0x18C5,0x10C5,0x10A5,0x10A5,0x10A5,0x10A4,0x10A4,
0x0883,0x10A3,0x10A3,0x0882,0x0861,0x0881,0x10E2,0x1923,0x10E2,0x10C2,0x10C2,0x10C2,0x10A2,0x0882,0x0862,0x0862,
0x0882,0x0882,0x0062,0x0062,0x0062,0x0062,0x0862,0x0862,0x0021,0x0862,0x1083,0x0862,0x0862,0x0882,0x0862,0x0842,
0x0041,0x0862,0x0882,0x10A3,0x10C3,0x0862,0x0862,0x10C3,0x18A3,0x0842,0x18C4,0x18C4,0x0822,0x1083,0x20E5,0x0843,
0x08EA,0x090A,0x110A,0x110A,0x08EA,0x08EA,0x10EA,0x110A,0x194B,0x216C,0x194C,0x110B,0x10EA,0x110B,0x110A,0x10CA,
0x18EA,0x18EA,0x18EA,0x18EA,0x18EA,0x18EA,0x18EA,0x18EA,0x190B,0x190B,0x190B,0x190B,0x190B,0x190B,0x190B,0x190B,
0x190A,0x190A,0x190A,0x190A,0x110A,0x110A,0x110A,0x110A,0x190B,0x190B,0x190B,0x190B,0x110B,0x110B,0x10EB,0x10EB,
0x110B,0x110B,0x110B,0x110B,0x110B,0x110B,0x110B,0x110B,0x110B,0x110B,0x190B,0x190B,0x110B,0x10EB,0x10EB,0x10CB,
0x10EB,0x192C,0x192C,0x192C,0x192C,0x214C,0x192C,0x192C,0x296E,0x214D,0x214D,0x212C,0x210C,0x190C,0x190C,0x190C,
0x210C,0x294D,0x296D,0x296D,0x296D,0x298E,0x296D,0x214D,0x214D,0x214D,0x212C,0x212C,0x214D,0x296D,0x296D,0x298E,
0x216E,0x214D,0x192C,0x192C,0x192C,0x192C,0x190C,0x190C,0x190C,0x190C,0x190C,0x190C,0x18ED,0x18ED,0x18ED,0x18ED,
0x112C,0x114C,0x112C,0x112C,0x192C,0x192C,0x190C,0x190C,0x190C,0x192C,0x192C,0x192C,0x192C,0x192C,0x114C,0x112C,
0x192C,0x192C,0x192C,0x192C,0x192C,0x192C,0x192C,0x192C,0x190C,0x190C,0x192C,0x192C,0x192C,0x192C,0x192C,0x192C,
0x192C,0x192C,0x192C,0x192C,0x192C,0x192C,0x192C,0x192C,0x192C,0x192C,0x192C,0x192C,0x192C,0x192C,0x192C,0x192C,
0x192D,0x192D,0x192D,0x192D,0x192D,0x192D,0x192D,0x192D,0x214D,0x214D,0x192D,0x192C,0x192D,0x214D,0x216D,0x216D,
0x296E,0x294D,0x214D,0x212D,0x212D,0x212D,0x214D,0x214D,0x214D,0x214D,0x212D,0x212D,0x214D,0x294D,0x214D,0x214D,
0x214D,0x214D,0x214D,0x214D,0x214D,0x214D,0x214D,0x214D,0x214D,0x214D,0x214D,0x214D,0x214D,0x214D,0x214D,0x294C,
0x216C,0x298D,0x212C,0x292C,0x292C,0x314D,0x312D,0x418E,0x310D,0x394D,0x396E,0x314D,0x314C,0x314C,0x316C,0x316C,
0x314C,0x314C,0x314C,0x314C,0x314C,0x314C,0x314C,0x314C,0x314C,0x314C,0x314C,0x314C,0x314C,0x314C,0x314C,0x314C,
0x314C,0x394C,0x394C,0x312D,0x312D,0x312D,0x312C,0x312C,0x398C,0x314A,0x39AA,0x3148,0x20E5,0x20E5,0x18A4,0x18A4,
0x10A4,0x18C5,0x18E5,0x18E5,0x18C5,0x10C4,0x10C4,0x18C5,0x10C5,0x10C5,0x10A4,0x10A4,0x1084,0x0884,0x0884,0x0883,
0x0883,0x08A3,0x08A3,0x0882,0x0881,0x08A2,0x10E2,0x1903,0x10E2,0x10C2,0x10A2,0x10C2,0x10A2,0x0882,0x0882,0x0883,
0x0882,0x0882,0x0882,0x0062,0x0862,0x0862,0x0862,0x0882,0x0862,0x0862,0x0882,0x0882,0x0862,0x0862,0x0862,0x0862,
0x0883,0x0883,0x0862,0x0862,0x1082,0x1082,0x1082,0x20E4,0x1083,0x18A3,0x0842,0x1083,0x20E5,0x1884,0x1063,0x1064,
0x110A,0x110A,0x110A,0x110A,0x08EA,0x110A,0x110A,0x110B,0x110A,0x192B,0x192B,0x110A,0x10EA,0x190B,0x110B,0x10EA,
0x190A,0x18EA,0x18EA,0x18EA,0x18EA,0x18EA,0x18EA,0x18EA,0x190B,0x190B,0x190B,0x190B,0x190B,0x190B,0x190B,0x190B,
0x190A,0x190A,0x190A,0x190A,0x110A,0x110A,0x110A,0x110A,0x190B,0x190B,0x190B,0x190B,0x110B,0x110B,0x110B,0x110B,
0x110B,0x110B,0x110B,0x110B,0x110B,0x10EB,0x10EB,0x10EB,0x192B,0x110B,0x10EB,0x10EB,0x10EB,0x190B,0x190C,0x190C,
0x192C,0x192C,0x192C,0x192C,0x192C,0x190C,0x192D,0x214D,0x212D,0x214D,0x298E,0x39F0,0x4251,0x52B3,0x5AF4,0x5AF4,
0x6B76,0x7397,0x7BD7,0x7BD7,0x7BD7,0x7BD7,0x7BD7,0x7BB7,0x7BD7,0x7BB7,0x7376,0x6314,0x5AB3,0x4A51,0x39AF,0x296E,
0x296E,0x296E,0x294D,0x296D,0x298E,0x298E,0x296D,0x214C,0x192C,0x214C,0x214D,0x214D,0x190C,0x190C,0x190D,0x192D,
0x112C,0x112C,0x112C,0x112C,0x192C,0x192C,0x190C,0x190C,0x190C,0x190C,0x190C,0x192C,0x192C,0x192C,0x194C,0x192C,
0x192C,0x192C,0x192C,0x192C,0x192C,0x192C,0x192C,0x192C,0x192C,0x192C,0x192C,0x192C,0x192C,0x192C,0x192C,0x192C,
0x192C,0x192C,0x192C,0x192C,0x192C,0x192C,0x192C,0x192C,0x192C,0x192C,0x192C,0x192C,0x192C,0x192C,0x192C,0x192C,
0x214D,0x214D,0x214D,0x214D,0x214D,0x214D,0x214D,0x214D,0x214D,0x214D,0x214D,0x214D,0x214D,0x214D,0x214D,0x216D,
0x214D,0x214D,0x212D,0x212D,0x212D,0x214D,0x214D,0x214D,0x214D,0x212D,0x212D,0x212D,0x214D,0x214D,0x214D,0x212D,
0x214D,0x214D,0x214D,0x214D,0x214D,0x214D,0x214D,0x214D,0x214D,0x214D,0x214D,0x294D,0x294D,0x294D,0x294D,0x294D,
0x296D,0x318E,0x212C,0x316D,0x312D,0x396E,0x290C,0x394E,0x392D,0x394D,0x394D,0x312D,0x314C,0x316D,0x316D,0x314C,
0x314D,0x314D,0x314D,0x314D,0x314D,0x314D,0x314D,0x314D,0x314C,0x314C,0x314C,0x314C,0x314C,0x314C,0x394C,0x394C,
0x312B,0x314C,0x396D,0x394D,0x394D,0x396D,0x396D,0x398C,0x398B,0x2928,0x3168,0x2947,0x20C5,0x18A4,0x1062,0x1062,
0x1083,0x18C4,0x1905,0x1905,0x18E5,0x10C4,0x10C4,0x18E5,0x10A4,0x10A4,0x08A4,0x0884,0x0884,0x0883,0x0863,0x0863,
0x0862,0x0862,0x0862,0x0861,0x0881,0x0881,0x08A1,0x08A1,0x10E2,0x10A2,0x08A2,0x10A2,0x10A2,0x0882,0x0883,0x10A3,
0x0882,0x0882,0x0862,0x0062,0x0862,0x0862,0x0882,0x0882,0x1083,0x0882,0x0883,0x1083,0x1083,0x0862,0x0862,0x1083,
0x10A3,0x10A3,0x0862,0x0842,0x1083,0x10A3,0x18A3,0x20E4,0x20E5,0x2905,0x1083,0x2105,0x3147,0x18A4,0x1884,0x1884,
0x110A,0x112B,0x110A,0x110A,0x110A,0x110A,0x192B,0x192B,0x08C9,0x10EA,0x10EA,0x10EA,0x10EA,0x190B,0x192B,0x110A,
0x190A,0x190A,0x190A,0x190A,0x18EA,0x18EA,0x18EA,0x18EA,0x190B,0x190B,0x190B,0x190B,0x190B,0x190B,0x190B,0x190B,
0x190A,0x190A,0x190A,0x190A,0x110A,0x110A,0x110A,0x110A,0x190B,0x190B,0x190B,0x190B,0x110B,0x110B,0x110B,0x110B,
0x110B,0x110B,0x110A,0x110A,0x110A,0x110B,0x110B,0x110B,0x110B,0x110B,0x110B,0x190B,0x192C,0x192C,0x192C,0x192C,
0x192C,0x190C,0x192D,0x214E,0x216E,0x298F,0x3A11,0x4A93,0x5B15,0x6356,0x73D8,0x843A,0x8C9B,0x9CDC,0x9D1D,0xA53D,
0xAD3E,0xAD3D,0xAD1D,0xA4FD,0xA4FD,0xA4FD,0xA4FC,0xA4FC,0xA4DC,0xA4FC,0xAD1D,0xB57E,0xBD9F,0xBD9F,0xBD7E,0xB55E,
0x945A,0x83B7,0x62F4,0x4A10,0x39AE,0x316E,0x294D,0x212C,0x31CE,0x296D,0x192C,0x190B,0x192C,0x194C,0x192C,0x110B,
0x192C,0x192C,0x190C,0x190C,0x192C,0x192C,0x192C,0x192C,0x190C,0x190C,0x190C,0x192C,0x192C,0x194C,0x194C,0x194D,
0x192D,0x192D,0x192D,0x192D,0x192D,0x192D,0x192D,0x192D,0x192C,0x192C,0x192C,0x192C,0x192C,0x192C,0x192C,0x192C,
0x192C,0x192C,0x192C,0x192C,0x192C,0x192C,0x192C,0x192C,0x192C,0x192C,0x192C,0x192C,0x192C,0x192C,0x192C,0x192C,
0x214D,0x214D,0x214D,0x214D,0x214D,0x214D,0x214D,0x214D,0x212D,0x214D,0x214D,0x214D,0x214D,0x214D,0x214D,0x214D,
0x212D,0x212D,0x212D,0x214D,0x214D,0x214D,0x214D,0x214D,0x212D,0x214D,0x214D,0x214D,0x214D,0x212D,0x212D,0x214D,
0x214D,0x214D,0x214D,0x214D,0x214D,0x214D,0x214D,0x214D,0x214D,0x214D,0x294D,0x294D,0x294D,0x294D,0x294D,0x294D,
0x294D,0x318E,0x212C,0x316E,0x314D,0x398E,0x312D,0x396E,0x394E,0x394D,0x394D,0x394D,0x394D,0x396D,0x316D,0x314D,
0x314D,0x314D,0x314D,0x314D,0x314D,0x314D,0x314D,0x314D,0x314D,0x394D,0x394D,0x394D,0x394D,0x394D,0x394D,0x394C,
0x312C,0x314C,0x396D,0x396D,0x396D,0x398D,0x396C,0x314B,0x3149,0x2907,0x2947,0x20C5,0x18A4,0x2105,0x20E4,0x18A3,
0x18A3,0x18C4,0x1905,0x1905,0x18E4,0x18C4,0x10C4,0x10C4,0x0863,0x0883,0x0883,0x0883,0x0883,0x0883,0x0883,0x0883,
0x0883,0x0862,0x0862,0x0882,0x08A2,0x0881,0x0881,0x0881,0x10E2,0x10C2,0x08A2,0x08A2,0x0882,0x0882,0x0862,0x0882,
0x0062,0x0062,0x0062,0x0062,0x0862,0x0862,0x0862,0x0882,0x0883,0x1083,0x10A3,0x10A3,0x1083,0x1083,0x0862,0x0862,
0x10A3,0x10A4,0x1083,0x1083,0x18C4,0x18E4,0x18A3,0x18A3,0x3166,0x2905,0x2906,0x41E9,0x3167,0x2926,0x41C9,0x2906,
0x112B,0x112B,0x112B,0x110A,0x110A,0x110A,0x192B,0x192B,0x110A,0x190B,0x110B,0x110A,0x10EA,0x190B,0x190B,0x10EA,
0x18EB,0x18EB,0x18EB,0x18EB,0x18EB,0x18EB,0x18EB,0x18EB,0x190B,0x190B,0x190B,0x190B,0x190B,0x190B,0x190B,0x190B,
0x190B,0x190B,0x190B,0x190B,0x190B,0x190B,0x190B,0x190B,0x110B,0x110B,0x110B,0x110B,0x110B,0x110B,0x110B,0x110B,
0x110A,0x110A,0x110A,0x110A,0x110A,0x110A,0x110B,0x110B,0x10EB,0x190B,0x192C,0x194C,0x192C,0x190C,0x192C,0x192D,
0x216E,0x216F,0x31D0,0x4252,0x4AB4,0x52F5,0x6B77,0x7BF9,0x73B8,0x73F9,0x841A,0x841A,0x7C19,0x7BF9,0x7C19,0x843A,
0x945B,0x8C3A,0x8BF9,0x8BF9,0x8C19,0x8C19,0x8BD9,0x83D8,0x8C1A,0x8BF9,0x8BD9,0x8BD9,0x8BD9,0x8BF9,0x943A,0x9C3A,
0xA49C,0xACDC,0xB4FD,0xACFC,0xA49B,0x8C18,0x6B34,0x5291,0x294C,0x298D,0x31AD,0x29AD,0x216C,0x194B,0x194B,0x194C,
0x192C,0x190C,0x190C,0x190C,0x190C,0x192C,0x192D,0x192D,0x192C,0x192D,0x192D,0x192D,0x194D,0x194D,0x194D,0x194D,
0x194D,0x214D,0x214D,0x214D,0x214D,0x214D,0x214D,0x214D,0x192C,0x192C,0x192C,0x192D,0x192D,0x192D,0x192D,0x214D,
0x192C,0x192C,0x192C,0x192C,0x192C,0x192C,0x192C,0x192C,0x214C,0x214C,0x214C,0x214C,0x214C,0x214C,0x214C,0x214C,
0x212D,0x212D,0x212D,0x212D,0x212D,0x212D,0x212D,0x212D,0x212D,0x212D,0x214D,0x214D,0x214D,0x214D,0x214D,0x214D,
0x214D,0x214D,0x214D,0x214D,0x214D,0x214D,0x214D,0x214D,0x214D,0x296D,0x31AE,0x31AE,0x296D,0x214D,0x214D,0x296E,
0x214D,0x214D,0x214D,0x214D,0x214D,0x214D,0x214D,0x214D,0x294D,0x294D,0x294D,0x294D,0x294D,0x294D,0x294D,0x296D,
0x296E,0x316E,0x290C,0x314D,0x312D,0x396E,0x394D,0x49AF,0x394D,0x394D,0x414D,0x396D,0x394D,0x394D,0x394D,0x396D,
0x314D,0x314D,0x314D,0x314D,0x314D,0x394D,0x394D,0x394D,0x394D,0x394D,0x394D,0x394D,0x394D,0x394D,0x394D,0x394D,
0x394D,0x396D,0x394D,0x314C,0x396D,0x396C,0x290A,0x20A7,0x20E7,0x20C5,0x2926,0x2105,0x20E4,0x2945,0x2925,0x2104,
0x2104,0x18E4,0x18E4,0x18E4,0x18E4,0x18E4,0x10C4,0x10A3,0x0862,0x0883,0x0883,0x0883,0x0883,0x08A3,0x0883,0x0883,
0x08A3,0x0882,0x0882,0x10C3,0x10E3,0x10C2,0x10C2,0x10C2,0x1903,0x10E2,0x10A2,0x08A2,0x0882,0x0862,0x0062,0x0862,
0x0062,0x0062,0x0062,0x0062,0x0862,0x0862,0x0882,0x0882,0x0883,0x10A3,0x10A3,0x0882,0x0862,0x10A3,0x1083,0x0862,
0x18E4,0x2105,0x18C4,0x18A4,0x20E4,0x2105,0x18C4,0x18A4,0x18A4,0x1063,0x18A4,0x3147,0x3126,0x3988,0x522B,0x3127,
0x110A,0x110A,0x110A,0x110A,0x10EA,0x110A,0x110A,0x112B,0x190B,0x192B,0x190B,0x110B,0x190B,0x190B,0x110A,0x10EA,
0x18EB,0x18EB,0x18EB,0x18EB,0x190B,0x190B,0x190B,0x190B,0x190B,0x190B,0x190B,0x190B,0x190B,0x190B,0x190B,0x190B,
0x190B,0x190B,0x190B,0x190B,0x190B,0x190B,0x190B,0x190B,0x110B,0x110B,0x110B,0x110B,0x110B,0x110B,0x110B,0x110B,
0x110A,0x110A,0x110A,0x190B,0x190B,0x190B,0x192B,0x190B,0x192C,0x192C,0x190C,0x110C,0x110C,0x214D,0x29CF,0x3A11,
0x4A93,0x4AB4,0x5B16,0x6357,0x6B77,0x6377,0x6B77,0x6B98,0x6377,0x6B77,0x6B77,0x6336,0x5AF6,0x5AF6,0x6336,0x6B77,
0x6B36,0x6B16,0x7337,0x7B98,0x83D9,0x83D9,0x83B9,0x83B9,0x9C3B,0x943B,0x941A,0x93FA,0x8BDA,0x93FA,0x9C3B,0xA45B,
0x93D9,0x9BFA,0x9C3A,0x9C3A,0xA49B,0xB51C,0xB55D,0xB55C,0xA4FB,0x7BD6,0x4A70,0x29AD,0x298C,0x29CD,0x29CD,0x218C,
0x214C,0x212C,0x212D,0x212C,0x192C,0x192C,0x194D,0x194D,0x194D,0x194D,0x194D,0x194D,0x194D,0x194D,0x194D,0x214D,
0x214D,0x214D,0x214D,0x214D,0x214D,0x214D,0x214D,0x214D,0x192D,0x192D,0x192D,0x214D,0x214D,0x214D,0x214D,0x214D,
0x214C,0x214C,0x214C,0x214C,0x214C,0x214C,0x214C,0x214C,0x214D,0x214D,0x214D,0x214D,0x214D,0x214D,0x214D,0x214D,
0x212D,0x212D,0x212D,0x212D,0x212D,0x212D,0x212D,0x212D,0x212D,0x214D,0x214D,0x214D,0x214D,0x214D,0x214D,0x214D,
0x214D,0x214D,0x214D,0x214D,0x214D,0x214D,0x214D,0x214D,0x212C,0x296D,0x31AE,0x31AE,0x296D,0x214D,0x214D,0x296D,
0x214D,0x214D,0x214D,0x214D,0x214D,0x214D,0x214D,0x294D,0x294D,0x294D,0x294D,0x296D,0x296D,0x296D,0x296D,0x296D,
0x294D,0x314E,0x316E,0x316E,0x396E,0x312D,0x392D,0x416E,0x414D,0x394D,0x414D,0x414D,0x394D,0x394D,0x394D,0x396D,
0x396D,0x396D,0x396D,0x396D,0x396D,0x396D,0x396D,0x394D,0x394D,0x394D,0x394D,0x394D,0x394D,0x394D,0x394D,0x394D,
0x396D,0x396D,0x394D,0x314C,0x398D,0x418D,0x312A,0x1886,0x20C5,0x1884,0x2946,0x39A6,0x3165,0x2944,0x2103,0x2924,
0x2945,0x2124,0x18E4,0x18C3,0x18E4,0x18E4,0x10C3,0x10A3,0x08A3,0x08A3,0x08A3,0x08A3,0x0883,0x0883,0x0083,0x0883,
0x0883,0x0862,0x0862,0x10C3,0x18E3,0x10E3,0x10C2,0x10E3,0x1903,0x10E3,0x10C2,0x10A2,0x08A2,0x0862,0x0862,0x0862,
0x0862,0x0862,0x0062,0x0862,0x0882,0x0882,0x0883,0x08A3,0x10A3,0x10A3,0x10A3,0x0883,0x1083,0x10A3,0x10A3,0x1083,
0x2926,0x2947,0x20E5,0x1083,0x18A4,0x20E5,0x2105,0x2905,0x20C4,0x2905,0x20C5,0x20E5,0x41C9,0x524B,0x49EA,0x4189,
0x10EA,0x110A,0x110A,0x110A,0x110A,0x110A,0x110A,0x110A,0x10EA,0x10EA,0x10EA,0x10EA,0x110A,0x110A,0x110A,0x190B,
0x10EA,0x18EB,0x18EB,0x18EB,0x190B,0x190B,0x190B,0x190B,0x190B,0x190B,0x190B,0x190B,0x190B,0x190B,0x190B,0x190B,
0x190B,0x190B,0x190B,0x190B,0x190B,0x190B,0x190B,0x190B,0x10EB,0x10EB,0x110B,0x110B,0x110B,0x110B,0x190B,0x190B,
0x110B,0x110B,0x112B,0x192B,0x192B,0x192C,0x192C,0x192C,0x194D,0x194D,0x194D,0x216E,0x29AF,0x3A31,0x4AB3,0x5B15,
0x5B36,0x6357,0x6357,0x5B37,0x5B16,0x52F5,0x4AB4,0x4A94,0x5B16,0x5AF6,0x52D5,0x52B4,0x5294,0x52B4,0x52D5,0x5AD5,
0x6316,0x6B16,0x7357,0x7BB8,0x83B9,0x83B9,0x83B9,0x8BD9,0x8399,0x8BD9,0x93FA,0x941B,0x93FB,0x941B,0x9C3C,0xA47D,
0xA45C,0xAC9C,0xAC9C,0xA47B,0xA49B,0xACFD,0xB53D,0xB55D,0xB57D,0xC61F,0xC65F,0xAD7C,0x73F6,0x426F,0x29AD,0x298C,
0x318D,0x296D,0x296D,0x294D,0x214D,0x214C,0x194C,0x194D,0x194D,0x194D,0x194D,0x194D,0x194D,0x192D,0x192D,0x192D,
0x192D,0x192D,0x192D,0x192D,0x192D,0x192D,0x192D,0x192D,0x214D,0x214D,0x214D,0x214D,0x214D,0x214D,0x214D,0x214D,
0x214D,0x214D,0x214D,0x214D,0x214D,0x214D,0x214D,0x214D,0x214D,0x214D,0x214D,0x214D,0x214D,0x214D,0x214D,0x214D,
0x214D,0x214D,0x214D,0x214D,0x214D,0x214D,0x214D,0x214D,0x214D,0x214D,0x214D,0x214D,0x214D,0x214D,0x214D,0x214D,
0x294D,0x294D,0x294D,0x294D,0x294D,0x294D,0x294D,0x294D,0x294D,0x294D,0x296D,0x296D,0x214D,0x212C,0x212D,0x294D,
0x294D,0x294D,0x294D,0x294D,0x294D,0x294D,0x294D,0x294D,0x296D,0x296D,0x296D,0x296D,0x296D,0x296D,0x296D,0x296D,
0x294D,0x292D,0x398F,0x396E,0x5210,0x418E,0x5A10,0x6A72,0x51CF,0x498D,0x414D,0x414D,0x416D,0x394D,0x394D,0x394D,
0x394D,0x394D,0x394D,0x394D,0x394D,0x394D,0x394D,0x394D,0x394D,0x394D,0x394D,0x394D,0x394D,0x394D,0x394D,0x394D,
0x394D,0x396D,0x394D,0x396C,0x418D,0x49CD,0x398B,0x2907,0x20E6,0x20E5,0x39A6,0x39C6,0x3165,0x2924,0x2103,0x2944,
0x2965,0x2944,0x2104,0x18E3,0x18E4,0x18E3,0x10C3,0x10C3,0x08A3,0x08A3,0x08A3,0x0883,0x0883,0x0083,0x0083,0x0883,
0x0882,0x0042,0x0862,0x10A3,0x10C3,0x08A2,0x08A2,0x10C3,0x10C3,0x10A2,0x08A2,0x08A2,0x08A2,0x0882,0x0862,0x0862,
0x0062,0x0062,0x0062,0x0862,0x0863,0x0883,0x0883,0x10A3,0x10C4,0x0883,0x10A4,0x2125,0x2126,0x18C4,0x1083,0x10A3,
0x2106,0x2947,0x2105,0x1063,0x1083,0x20C4,0x20E5,0x2905,0x1883,0x20A4,0x3106,0x20A5,0x2906,0x3948,0x20A5,0x3107,
0x110A,0x110A,0x110B,0x110B,0x110A,0x110A,0x110A,0x110A,0x110B,0x110A,0x110A,0x110A,0x110A,0x10EA,0x10EA,0x10EA,
0x10EA,0x10EA,0x18EB,0x18EB,0x190B,0x190B,0x190B,0x190B,0x190B,0x190B,0x190B,0x190B,0x190B,0x190B,0x190B,0x190B,
0x190B,0x190B,0x190B,0x190B,0x190B,0x190B,0x190B,0x190B,0x10EB,0x10EB,0x110B,0x110B,0x110B,0x110B,0x190B,0x190B,
0x110B,0x110B,0x110B,0x192C,0x192C,0x192C,0x192C,0x192D,0x190D,0x216E,0x3211,0x4A93,0x5315,0x5B35,0x5315,0x52F5,
0x52D5,0x52D5,0x4A94,0x4253,0x4233,0x4A74,0x4A94,0x4A74,0x4253,0x4253,0x4253,0x4A94,0x5AD5,0x6316,0x6316,0x6316,
0x6B77,0x7377,0x7378,0x7357,0x62F6,0x5AB5,0x62D5,0x6B17,0x6B16,0x7337,0x7337,0x72F6,0x6AD6,0x72D6,0x7B58,0x8BBA,
0x93DA,0x93FB,0x93DA,0x8399,0x8BD9,0x9C7B,0xB51D,0xBD7E,0xC5DF,0xB59E,0xB57D,0xC5FF,0xCE7F,0xBDFE,0x8C78,0x6312,
0x39AE,0x398E,0x318D,0x296D,0x294D,0x214C,0x214C,0x194C,0x194C,0x194C,0x194C,0x192C,0x192C,0x192C,0x192C,0x192C,
0x192D,0x192D,0x192D,0x192D,0x192D,0x192D,0x192D,0x192D,0x214D,0x214D,0x214D,0x214D,0x214D,0x214D,0x214D,0x214D,
0x214D,0x214D,0x214D,0x214D,0x214D,0x214D,0x214D,0x214D,0x214D,0x214D,0x214D,0x214D,0x214D,0x214D,0x214D,0x214D,
0x214D,0x214D,0x214D,0x214D,0x214D,0x214D,0x214D,0x214D,0x294D,0x214D,0x214D,0x214D,0x214D,0x294D,0x294D,0x296D,
0x294D,0x294D,0x294D,0x294D,0x294D,0x294D,0x296D,0x296D,0x318E,0x296D,0x294D,0x214D,0x294D,0x294D,0x294D,0x294D,
0x294D,0x294D,0x294D,0x294D,0x294D,0x294D,0x294D,0x294D,0x296D,0x296D,0x296D,0x296D,0x296D,0x296D,0x296D,0x316D,
0x316E,0x292D,0x398E,0x312C,0x5A51,0x6271,0x93F7,0xB4DA,0x6251,0x51CF,0x496D,0x414D,0x416E,0x416E,0x394D,0x394D,
0x394D,0x394D,0x394D,0x394D,0x394D,0x394D,0x394D,0x394D,0x394D,0x394D,0x394D,0x414D,0x414D,0x414D,0x414D,0x414D,
0x394D,0x416D,0x416D,0x394C,0x416C,0x41AC,0x398A,0x3128,0x2906,0x3987,0x4A08,0x3165,0x20E2,0x3144,0x3165,0x3144,
0x2944,0x2944,0x2944,0x2124,0x2103,0x18E3,0x18E3,0x10C3,0x08A2,0x08A2,0x0882,0x0882,0x0883,0x0883,0x08A3,0x0883,
0x08A3,0x0882,0x0882,0x10A3,0x10A3,0x0882,0x0882,0x10C2,0x0882,0x0861,0x0861,0x0882,0x0882,0x0862,0x0862,0x0862,
0x0062,0x0062,0x0062,0x0062,0x0862,0x0863,0x0883,0x0883,0x10A4,0x0862,0x18C4,0x39E8,0x39E8,0x18E5,0x0862,0x1083,
0x18A4,0x2926,0x2105,0x1883,0x1883,0x18C4,0x20C4,0x20C4,0x2905,0x1884,0x524B,0x49EA,0x20C5,0x2906,0x28E7,0x4189,
0x110A,0x110A,0x110B,0x112B,0x190B,0x110B,0x110A,0x110A,0x190B,0x190B,0x10EA,0x10EA,0x18EA,0x18EA,0x10EA,0x10EA,
0x18EB,0x18EB,0x18EB,0x190B,0x190B,0x190B,0x190B,0x192B,0x190B,0x190B,0x190B,0x190B,0x190B,0x190B,0x190B,0x190B,
0x190B,0x190B,0x190B,0x190B,0x190B,0x190B,0x190B,0x190B,0x110B,0x110B,0x10EB,0x10EB,0x110B,0x110B,0x110B,0x110B,
0x110B,0x110C,0x110C,0x112C,0x112C,0x192D,0x194D,0x194E,0x31F0,0x4273,0x5315,0x5B56,0x5315,0x4AB4,0x4273,0x4274,
0x4A94,0x4253,0x3A13,0x3A12,0x4253,0x4274,0x4274,0x4233,0x4A94,0x4A74,0x4A73,0x4A94,0x52B4,0x52D5,0x4A94,0x4A73,
0x52B4,0x52D4,0x5AD5,0x52B4,0x5273,0x5294,0x62F6,0x7357,0x62D5,0x62B5,0x6295,0x62B5,0x62D6,0x6AF6,0x6AF7,0x6AD6,
0x6295,0x6AF7,0x7317,0x6AD6,0x6B16,0x83B9,0x943A,0x943A,0x9C9B,0xB55E,0xBD9E,0xB55D,0xBD9D,0xC5DE,0xC5DF,0xCDFF,
0xAD1B,0x7354,0x39CE,0x318D,0x31AE,0x298D,0x214C,0x216C,0x194C,0x194C,0x192C,0x110B,0x190B,0x214D,0x214D,0x18EB,
0x212D,0x212D,0x212D,0x214D,0x214D,0x212D,0x212D,0x212D,0x214D,0x212C,0x212C,0x214D,0x216D,0x214D,0x214D,0x214D,
0x296D,0x214D,0x214D,0x296D,0x216D,0x212C,0x212C,0x216D,0x214D,0x214D,0x214D,0x214D,0x214D,0x214D,0x214D,0x214D,
0x214D,0x214D,0x214D,0x294D,0x294D,0x296D,0x296D,0x294D,0x294D,0x296E,0x294D,0x212C,0x318E,0x294D,0x18CB,0x318E,
0x318E,0x212C,0x296D,0x4210,0x4210,0x296D,0x212C,0x318E,0x296D,0x52B2,0x4210,0x210C,0x31AE,0x39EF,0x296D,0x296D,
0x294D,0x294D,0x294D,0x294D,0x294D,0x294D,0x294D,0x294D,0x296D,0x296D,0x296D,0x296D,0x296D,0x316D,0x316D,0x316D,
0x292D,0x39AF,0x396E,0x312D,0x51EF,0x9C58,0xF6DF,0xFF5F,0xD5DE,0x72D2,0x59EF,0x51AE,0x416D,0x416D,0x310C,0x418E,
0x394D,0x394D,0x416D,0x416D,0x416D,0x416D,0x416D,0x416D,0x416D,0x416D,0x416D,0x416D,0x416D,0x416D,0x416D,0x414D,
0x394D,0x416D,0x418D,0x418D,0x416C,0x416C,0x396A,0x3969,0x3126,0x28E4,0x3145,0x2924,0x2903,0x3144,0x3144,0x3144,
0x2944,0x2103,0x18C2,0x20E3,0x2144,0x2124,0x18E3,0x10C3,0x10A3,0x0862,0x08A3,0x0883,0x0883,0x0882,0x10C4,0x08A3,
0x08A3,0x0882,0x0882,0x10A3,0x10C3,0x10C3,0x08A2,0x0061,0x0882,0x0882,0x0862,0x0862,0x0062,0x0062,0x0862,0x0862,
0x0062,0x0062,0x0062,0x0062,0x0882,0x0882,0x0882,0x0882,0x1083,0x1083,0x1083,0x1083,0x1083,0x10A3,0x10A3,0x10A4,
0x2105,0x20E5,0x18C4,0x18A4,0x18A3,0x18A3,0x18A3,0x18A4,0x20A4,0x20C4,0x41A9,0x5A6B,0x3127,0x28C6,0x28C6,0x3968,
0x110B,0x110B,0x110A,0x110A,0x10EA,0x110A,0x110A,0x110A,0x190B,0x190B,0x190B,0x190B,0x190B,0x190B,0x190B,0x190B,
0x190B,0x190B,0x190B,0x190B,0x190B,0x190B,0x190B,0x190B,0x190B,0x190B,0x190B,0x190B,0x190B,0x190B,0x190B,0x190B,
0x190B,0x190B,0x190B,0x190B,0x190B,0x190B,0x190B,0x190B,0x190B,0x190B,0x190B,0x190B,0x190B,0x190B,0x190C,0x190C,
0x192C,0x194D,0x194D,0x194D,0x192D,0x216E,0x31F0,0x4272,0x4AD4,0x4AD5,0x52F5,0x4AD5,0x4A94,0x4273,0x3A53,0x3A53,
0x4253,0x4253,0x4253,0x4253,0x4253,0x4274,0x4A94,0x4273,0x4AB4,0x4A94,0x4A73,0x4273,0x4273,0x4A73,0x4A73,0x4A73,
0x4252,0x4A73,0x4AB3,0x52B4,0x52B4,0x52B4,0x52B4,0x5AB5,0x52B4,0x5294,0x5294,0x5274,0x5A94,0x5A95,0x5AB5,0x5AB5,
0x5A75,0x5AB6,0x62F6,0x62D6,0x62D6,0x62D6,0x6B16,0x7337,0x7B77,0x945B,0xACDC,0xACFD,0xB51D,0xBD5E,0xC57E,0xC5BE,
0xC5DE,0xCE3F,0xBD9D,0x7BB5,0x420F,0x318D,0x298D,0x296C,0x214C,0x298D,0x216D,0x214C,0x216D,0x190C,0x190B,0x31AE,
0x212C,0x212D,0x212D,0x214D,0x214D,0x214D,0x214D,0x214D,0x214D,0x214D,0x214D,0x214D,0x214D,0x212D,0x214D,0x214D,
0x214D,0x212C,0x212C,0x214D,0x214D,0x214D,0x214D,0x214D,0x214D,0x214D,0x214D,0x214D,0x214D,0x214D,0x214D,0x214D,
0x212C,0x294D,0x296E,0x296D,0x212C,0x210C,0x212D,0x296D,0x294D,0x318E,0x294D,0x294D,0x212D,0x214D,0x31AE,0x214D,
0x296D,0x294D,0x296D,0x31AE,0x31AE,0x296D,0x294D,0x296D,0x212C,0x39EF,0x318E,0x190C,0x298E,0x318E,0x212C,0x296D,
0x296D,0x296D,0x296D,0x296D,0x296D,0x296D,0x296D,0x296D,0x296D,0x296D,0x296D,0x296D,0x296D,0x316D,0x316D,0x316D,
0x398E,0x398E,0x312D,0x49EF,0x8375,0xCDDE,0xFF7F,0xFEFF,0xFF3F,0x9BF6,0x6A71,0x51CE,0x496D,0x498E,0x392C,0x416D,
0x416D,0x414D,0x414D,0x414D,0x416D,0x416D,0x416D,0x416D,0x416D,0x416D,0x416D,0x414D,0x414D,0x414D,0x414D,0x414D,
0x414D,0x414D,0x414D,0x414C,0x416C,0x49AD,0x51ED,0x522C,0x3947,0x3987,0x41A6,0x28E3,0x20C2,0x39A5,0x3985,0x28E2,
0x2102,0x3164,0x39A5,0x3185,0x2123,0x2103,0x18E3,0x18C3,0x10C2,0x10A3,0x1904,0x10C3,0x10C4,0x10A3,0x10C4,0x0862,
0x0883,0x0882,0x0882,0x0882,0x10A3,0x10A3,0x10A3,0x08A2,0x0861,0x0862,0x0882,0x0882,0x0862,0x0862,0x0062,0x0862,
0x0882,0x0062,0x0062,0x0062,0x0862,0x0882,0x0882,0x0882,0x0883,0x0883,0x0883,0x0883,0x1083,0x1083,0x1083,0x1083,
0x10A3,0x1083,0x1883,0x1883,0x18A3,0x18C4,0x20C4,0x20E5,0x20C4,0x20E5,0x3126,0x3968,0x3988,0x28E6,0x20A5,0x28C6,
0x110A,0x110A,0x10EA,0x10EA,0x110B,0x192B,0x214C,0x216C,0x10EA,0x10EA,0x190B,0x190B,0x190A,0x18EA,0x190A,0x190B,
0x190B,0x190B,0x190B,0x190B,0x190B,0x190B,0x190B,0x190B,0x190B,0x190B,0x190B,0x190B,0x190B,0x190B,0x190B,0x190B,
0x190B,0x190B,0x190B,0x190B,0x190B,0x190B,0x190B,0x190B,0x190B,0x190B,0x190B,0x190C,0x190C,0x192C,0x192C,0x190C,
0x192D,0x192D,0x192D,0x216E,0x31F0,0x4272,0x4AB4,0x52F5,0x52F5,0x4AB4,0x4273,0x3A53,0x3A32,0x3A32,0x3A12,0x3212,
0x3A12,0x4253,0x4273,0x4273,0x3A52,0x4253,0x4273,0x4273,0x4252,0x4252,0x4252,0x3A31,0x3A11,0x3A11,0x3A31,0x3A31,
0x31D0,0x31D0,0x31D0,0x31F0,0x3A11,0x3A31,0x4232,0x4232,0x4232,0x4212,0x4212,0x4212,0x4212,0x4212,0x4212,0x4A53,
0x4A54,0x4A54,0x5275,0x5AB6,0x5295,0x5275,0x5A95,0x6AF6,0x7358,0x8BDA,0x943B,0x9C5B,0xAC9C,0xB4FD,0xB4FD,0xB51D,
0xCDFF,0xBDBE,0xCE3F,0xE6DF,0xBDDE,0x7375,0x41EF,0x39CE,0x31AE,0x212C,0x294C,0x298D,0x212C,0x296D,0x296D,0x10CA,
0x212C,0x212D,0x212D,0x214D,0x214D,0x214D,0x214D,0x214D,0x214D,0x296D,0x296D,0x214D,0x214D,0x214D,0x214D,0x214D,
0x214D,0x214D,0x212C,0x212C,0x214D,0x296D,0x214D,0x214D,0x214D,0x214D,0x214D,0x214D,0x214D,0x214D,0x214D,0x214D,
0x294D,0x296D,0x298E,0x296D,0x294D,0x212D,0x294D,0x296D,0x214D,0x296E,0x294D,0x31AE,0x210C,0x298E,0x5AD3,0x296D,
0x294D,0x296D,0x296D,0x294D,0x294D,0x296D,0x296D,0x294D,0x294D,0x296D,0x294D,0x294D,0x318E,0x296D,0x294D,0x318E,
0x296D,0x296D,0x296D,0x296D,0x296D,0x296D,0x296D,0x296D,0x296D,0x296D,0x316D,0x316D,0x316D,0x316D,0x316D,0x316D,
0x316D,0x41AE,0x418E,0x418E,0x51EF,0x93D6,0xE65F,0xFF5F,0xC53B,0x72B2,0x51CE,0x496D,0x414C,0x49AE,0x416D,0x414D,
0x414D,0x416D,0x416D,0x416D,0x416D,0x416D,0x416D,0x416D,0x416D,0x416D,0x416D,0x496D,0x496D,0x496D,0x496D,0x416D,
0x416C,0x416C,0x414C,0x414C,0x414C,0x418D,0x49CD,0x520C,0x51EB,0x3126,0x3125,0x3945,0x3144,0x3143,0x3123,0x3164,
0x2902,0x39C5,0x4206,0x3185,0x2103,0x18E2,0x18E3,0x18E3,0x18C3,0x18E4,0x18C4,0x18E4,0x0883,0x10C4,0x10A3,0x0883,
0x10A3,0x10A3,0x0882,0x0882,0x0862,0x0862,0x0862,0x0882,0x0862,0x0862,0x0882,0x0882,0x0882,0x0862,0x0062,0x0062,
0x0882,0x0882,0x0882,0x0882,0x0862,0x0882,0x0882,0x0882,0x0862,0x0882,0x0882,0x0882,0x1082,0x1082,0x1082,0x0882,
0x10A3,0x1083,0x1083,0x1083,0x10A3,0x18A3,0x18C4,0x20C4,0x18C4,0x2905,0x20A4,0x20A4,0x41C9,0x2906,0x3106,0x28C6,
0x110A,0x110A,0x110A,0x110A,0x192B,0x194B,0x216C,0x298D,0x10EA,0x110A,0x192B,0x192B,0x190B,0x10EA,0x18EA,0x190B,
0x18EB,0x18EB,0x190B,0x190B,0x190B,0x190B,0x192B,0x192B,0x190B,0x190B,0x190B,0x190B,0x190B,0x190B,0x190B,0x190B,
0x190B,0x190B,0x190B,0x190B,0x190B,0x190B,0x190B,0x190B,0x190B,0x190B,0x190B,0x190B,0x190C,0x190C,0x192C,0x190C,
0x190D,0x192D,0x216F,0x3211,0x4293,0x4AD4,0x4AB4,0x4273,0x3A52,0x3211,0x31F1,0x31F1,0x31F1,0x3212,0x3211,0x3211,
0x31F1,0x3A32,0x3A52,0x3A32,0x31F1,0x31F1,0x3211,0x3A11,0x31D0,0x31CF,0x31D0,0x31F0,0x31F0,0x31CF,0x31CF,0x31CF,
0x3210,0x31F0,0x31EF,0x31F0,0x3A10,0x3A31,0x4252,0x4252,0x4232,0x4232,0x3A31,0x4232,0x3A11,0x3A11,0x4232,0x4A73,
0x4A74,0x4254,0x4233,0x4A74,0x5295,0x5AB6,0x6317,0x7358,0x7378,0x8BDA,0x8BDA,0x8BB9,0x8BDA,0x9C1B,0xA47C,0xACFD,
0xA4BB,0xBDBE,0xC5DE,0xAD1C,0xBD9E,0xD65F,0xAD1C,0x62D3,0x39AE,0x41EF,0x314D,0x210C,0x318D,0x214C,0x18CB,0x296D,
0x214D,0x214D,0x214D,0x214D,0x214D,0x214D,0x214D,0x214D,0x212D,0x214D,0x216D,0x214D,0x214D,0x296D,0x296D,0x214D,
0x214D,0x296D,0x296D,0x214D,0x214D,0x296D,0x214D,0x212C,0x296D,0x296D,0x296D,0x296D,0x296D,0x296D,0x296D,0x296D,
0x296D,0x294D,0x212C,0x294D,0x296E,0x318E,0x296D,0x214D,0x294D,0x296D,0x296D,0x31AE,0x212C,0x31AE,0x5AD3,0x318E,
0x294D,0x318E,0x296D,0x294D,0x294D,0x296D,0x318E,0x294D,0x318E,0x296D,0x296D,0x318E,0x318E,0x294D,0x296D,0x318E,
0x296D,0x296D,0x296D,0x296D,0x296D,0x296D,0x296D,0x296D,0x296D,0x296D,0x316D,0x316D,0x316D,0x316D,0x316D,0x316D,
0x292C,0x396D,0x396D,0x394D,0x392C,0x51EF,0x8B95,0xAC79,0x6230,0x414C,0x496D,0x498D,0x414C,0x498D,0x416D,0x416D,
0x416D,0x416D,0x416D,0x416D,0x416D,0x416D,0x416D,0x416D,0x416D,0x496D,0x496D,0x496D,0x496D,0x496D,0x496D,0x496D,
0x496C,0x496D,0x496D,0x496D,0x414D,0x414C,0x414B,0x416B,0x4149,0x3906,0x3946,0x3104,0x3103,0x41A5,0x4184,0x3123,
0x3164,0x3184,0x3164,0x2102,0x18C2,0x20E3,0x20E3,0x18E3,0x20E3,0x2105,0x0862,0x18E4,0x0842,0x18E5,0x0863,0x18C4,
0x10C3,0x10A3,0x0882,0x0882,0x0862,0x0862,0x0862,0x0862,0x0862,0x0882,0x0882,0x0882,0x0862,0x0862,0x0862,0x0862,
0x0882,0x0882,0x0882,0x0882,0x0862,0x0862,0x0882,0x0882,0x0882,0x0882,0x0882,0x0882,0x1082,0x1082,0x0882,0x0882,
0x10A3,0x10A3,0x10A3,0x1083,0x1083,0x10A3,0x18A3,0x18A3,0x20C4,0x3166,0x20C4,0x20C5,0x3147,0x20C5,0x3988,0x3147,
0x192B,0x192B,0x110B,0x110A,0x10EA,0x10EA,0x110A,0x190B,0x190B,0x212B,0x214C,0x214C,0x192B,0x190B,0x190B,0x192B,
0x190B,0x190B,0x190B,0x190B,0x190B,0x190B,0x192C,0x192C,0x190B,0x190B,0x190B,0x190B,0x190B,0x190B,0x190B,0x190B,
0x190B,0x190B,0x190B,0x190B,0x190B,0x190B,0x190B,0x190B,0x190B,0x190B,0x190B,0x190B,0x190C,0x192C,0x192C,0x192D,
0x214E,0x29D0,0x4272,0x4AB3,0x4293,0x3A52,0x3211,0x3211,0x29D0,0x29D0,0x29D0,0x29D0,0x29D0,0x29D0,0x29D0,0x29D0,
0x29AF,0x29F0,0x31F0,0x29D0,0x29CF,0x29CF,0x29AF,0x29AE,0x29AE,0x298E,0x298E,0x29AE,0x31EF,0x31EF,0x29CE,0x29AE,
0x29CE,0x320F,0x3A30,0x3A51,0x4251,0x3A31,0x3A30,0x3A30,0x3A31,0x3A10,0x3A11,0x3A31,0x3A11,0x39F1,0x3A31,0x4252,
0x4A93,0x4253,0x4232,0x4212,0x4A74,0x5AD6,0x62F7,0x62F6,0x5AB5,0x7358,0x83B9,0x7B78,0x7337,0x7B58,0x93FA,0xACFD,
0xAD3D,0xAD3D,0xAD1C,0xACFC,0xACDC,0xACFC,0xBD5D,0xCDBF,0x9419,0x5231,0x396E,0x39AF,0x294D,0x294D,0x318E,0x296D,
0x214D,0x214D,0x214D,0x214D,0x214D,0x214D,0x294D,0x294D,0x214D,0x214D,0x214D,0x214D,0x294D,0x296E,0x214D,0x212D,
0x212C,0x296D,0x298E,0x296D,0x214D,0x214D,0x214D,0x214D,0x296D,0x296D,0x296D,0x296D,0x296D,0x296D,0x296D,0x296D,
0x294D,0x212D,0x212C,0x294D,0x296D,0x296E,0x294D,0x212C,0x296E,0x294D,0x296E,0x294D,0x212D,0x296D,0x318E,0x294D,
0x296D,0x296D,0x296D,0x296D,0x296D,0x296D,0x296D,0x296D,0x318D,0x294D,0x296D,0x318D,0x294D,0x296D,0x296D,0x294D,
0x296D,0x296D,0x296D,0x296D,0x296D,0x296D,0x296D,0x296D,0x316D,0x316D,0x316D,0x316D,0x316D,0x316D,0x316D,0x316D,
0x39AE,0x398E,0x394D,0x418E,0x418E,0x416D,0x51EF,0x59EF,0x496D,0x412C,0x51AE,0x51AE,0x414C,0x416D,0x418E,0x418E,
0x416D,0x416D,0x416D,0x416D,0x416D,0x496D,0x496D,0x496D,0x496D,0x496D,0x496D,0x496D,0x496D,0x496D,0x496D,0x496D,
0x494C,0x496C,0x496D,0x496D,0x496E,0x496D,0x498D,0x498C,0x3909,0x30E7,0x4147,0x3946,0x4165,0x49C6,0x41A5,0x3944,
0x3984,0x2923,0x20E2,0x20E2,0x2903,0x20E3,0x20E3,0x2104,0x2104,0x20C4,0x1083,0x18C4,0x2105,0x18C4,0x1084,0x18E5,
0x0882,0x0862,0x0862,0x0882,0x0882,0x08A3,0x0882,0x0882,0x0882,0x0882,0x0882,0x0862,0x0862,0x0862,0x0862,0x0882,
0x0061,0x0882,0x0882,0x0882,0x0861,0x0861,0x0861,0x0861,0x0882,0x0882,0x0882,0x0882,0x1082,0x1082,0x1082,0x1082,
0x1082,0x1082,0x1082,0x10A3,0x18A3,0x18C3,0x18E4,0x20E4,0x2904,0x3187,0x2105,0x3166,0x18A4,0x1884,0x3147,0x20E5,
0x192B,0x192B,0x192B,0x190B,0x190B,0x110A,0x10EA,0x10EA,0x192B,0x192B,0x214B,0x214B,0x190B,0x190B,0x190B,0x190B,
0x192C,0x190B,0x190B,0x190B,0x190B,0x190B,0x190B,0x190B,0x190B,0x190B,0x190B,0x190B,0x190B,0x190B,0x190B,0x190B,
0x190B,0x190B,0x190B,0x190B,0x190B,0x190B,0x190C,0x190C,0x190C,0x190B,0x190B,0x190C,0x192C,0x194C,0x216D,0x218E,
0x3210,0x3A31,0x3A52,0x3A52,0x3A52,0x3A31,0x3211,0x3A31,0x31F0,0x3210,0x31F0,0x29F0,0x29CF,0x21AE,0x21AE,0x29AE,
0x21AE,0x29AE,0x21AE,0x218E,0x21AE,0x29AE,0x29AE,0x218D,0x31EF,0x29CE,0x218D,0x298D,0x29CE,0x31EE,0x31CE,0x29AD,
0x298D,0x29CE,0x31EE,0x31CE,0x29AE,0x29AE,0x29CE,0x31EF,0x31CF,0x29AF,0x29AF,0x31D0,0x31D0,0x29CF,0x31CF,0x3A11,
0x3A11,0x3A11,0x31F1,0x39F1,0x4233,0x5294,0x4A74,0x4213,0x5275,0x5AD6,0x62F6,0x6B37,0x7B79,0x7B99,0x83B9,0x8C1A,
0x949B,0x9CBB,0xAD3D,0xBD9F,0xBD3E,0xA49B,0xAC9C,0xC53E,0xC55E,0xB4DC,0x7B15,0x41AF,0x39AF,0x398E,0x294D,0x294D,
0x296D,0x294D,0x214D,0x214D,0x214D,0x214D,0x294D,0x294D,0x296E,0x214D,0x214D,0x294D,0x296D,0x214D,0x214D,0x214D,
0x214D,0x214D,0x214D,0x296D,0x296D,0x214D,0x214D,0x296D,0x296D,0x296D,0x296D,0x296D,0x296D,0x296D,0x296D,0x296D,
0x294D,0x318E,0x31AF,0x31AE,0x296D,0x292D,0x294D,0x296E,0x296E,0x294D,0x296E,0x294D,0x296E,0x296D,0x20EC,0x296D,
0x318E,0x294D,0x296D,0x318D,0x318D,0x296D,0x294D,0x318D,0x296D,0x296D,0x318D,0x296D,0x294D,0x296D,0x318E,0x294D,
0x296D,0x296D,0x296D,0x296D,0x316D,0x316D,0x316D,0x316D,0x316D,0x316D,0x316D,0x316D,0x316D,0x316D,0x318D,0x318D,
0x41EF,0x41EF,0x398E,0x416E,0x394D,0x392C,0x498E,0x51CF,0x51AE,0x494D,0x496D,0x496D,0x414D,0x416D,0x418E,0x416D,
0x416D,0x496D,0x496D,0x496D,0x496D,0x496D,0x496D,0x496D,0x496D,0x496D,0x496D,0x496D,0x496D,0x496D,0x496D,0x496D,
0x496C,0x496C,0x494C,0x492C,0x494D,0x516E,0x59AE,0x59EF,0x518C,0x38E8,0x4989,0x5A2A,0x5A08,0x4985,0x3923,0x49A5,
0x3164,0x2943,0x3143,0x3184,0x3144,0x20E3,0x20E3,0x2924,0x20E4,0x1883,0x20E5,0x1883,0x41E9,0x18A4,0x18A4,0x10A4,
0x1083,0x0882,0x0882,0x0882,0x10A3,0x10A3,0x0882,0x0862,0x0882,0x0882,0x0882,0x0862,0x0862,0x0862,0x0862,0x0882,
0x0041,0x0061,0x0882,0x0882,0x0881,0x0861,0x0861,0x0861,0x0881,0x0881,0x0881,0x0881,0x0882,0x1082,0x10A2,0x10A2,
0x1082,0x1082,0x1082,0x10A3,0x18C3,0x18E3,0x20E4,0x20E4,0x20E4,0x2104,0x18A3,0x3166,0x1063,0x1884,0x20E5,0x1043,
0x190B,0x190B,0x190B,0x192B,0x192B,0x192B,0x192B,0x192B,0x190B,0x190B,0x190B,0x190B,0x190B,0x190B,0x190B,0x18EB,
0x192C,0x192C,0x190B,0x190B,0x190B,0x190B,0x190B,0x190B,0x190B,0x190B,0x190B,0x190B,0x190B,0x190B,0x190B,0x190B,
0x190B,0x190B,0x190B,0x190B,0x190B,0x190B,0x190C,0x190C,0x190C,0x190C,0x190C,0x192C,0x214D,0x298E,0x29CF,0x31F0,
0x3A51,0x31F0,0x29AF,0x29CF,0x3210,0x3A51,0x3231,0x3210,0x320F,0x320F,0x320F,0x29EF,0x29CE,0x29CE,0x21AE,0x29CE,
0x21AE,0x21AE,0x218D,0x216D,0x218D,0x21AE,0x29AD,0x218D,0x29CE,0x29AD,0x218C,0x218C,0x29AD,0x29AD,0x29AD,0x29AC,
0x29CD,0x29AD,0x29AD,0x218C,0x216C,0x218D,0x31CE,0x3A0F,0x320F,0x31CF,0x31CF,0x3210,0x3A10,0x31EF,0x31CF,0x3210,
0x31CF,0x298F,0x298F,0x31B0,0x39F1,0x39F2,0x39F2,0x39F2,0x5295,0x5275,0x5254,0x5AB6,0x6B58,0x7378,0x6B37,0x6B37,
0x7BD9,0x7BD8,0x8C1A,0xA4BC,0xB51E,0xBCFE,0xB4BD,0xB49C,0xBCFE,0xCD7F,0xCDBF,0x943A,0x5231,0x318E,0x39CF,0x298E,
0x296E,0x296E,0x294D,0x214D,0x214D,0x214D,0x214D,0x294D,0x296E,0x214D,0x214D,0x296E,0x294D,0x212D,0x296D,0x31CF,
0x39CF,0x296D,0x212C,0x296D,0x296D,0x294D,0x294D,0x298E,0x296D,0x296D,0x296D,0x296D,0x296D,0x296D,0x296D,0x296D,
0x296D,0x31AE,0x39EF,0x39CF,0x316E,0x294D,0x296D,0x318E,0x294D,0x296D,0x294D,0x318E,0x318E,0x296D,0x316E,0x318E,
0x296D,0x296D,0x296D,0x318D,0x318D,0x296D,0x296D,0x296D,0x296D,0x296D,0x296D,0x318D,0x318D,0x318D,0x318D,0x296D,
0x296D,0x296D,0x296D,0x296D,0x296D,0x296D,0x316D,0x316D,0x316D,0x316D,0x316D,0x316D,0x316D,0x318D,0x318D,0x318D,
0x398E,0x398E,0x312D,0x416E,0x49AF,0x498E,0x498E,0x412D,0x51AF,0x496E,0x414D,0x496E,0x416D,0x416D,0x418E,0x392C,
0x496D,0x496D,0x496D,0x496D,0x496D,0x496D,0x496D,0x496D,0x496D,0x496D,0x496D,0x496D,0x496D,0x496D,0x496D,0x496D,
0x518C,0x516C,0x494C,0x492C,0x492D,0x494E,0x516E,0x518E,0x518C,0x59CC,0x6A6D,0x622A,0x51A7,0x49A6,0x4144,0x3102,
0x3143,0x3984,0x39A5,0x39A5,0x3144,0x20E3,0x20E3,0x3125,0x20E4,0x28E5,0x28E5,0x1884,0x41C9,0x3127,0x20C5,0x1083,
0x10C3,0x10C3,0x10C3,0x10A3,0x08A3,0x0882,0x0862,0x0062,0x0882,0x0883,0x0882,0x0882,0x0862,0x0862,0x0862,0x0882,
0x0061,0x08A1,0x10C2,0x10C2,0x10C2,0x08A2,0x08A2,0x08A2,0x0881,0x0881,0x0881,0x0881,0x1081,0x10A2,0x10A2,0x10C3,
0x10A2,0x10A2,0x10A3,0x10C2,0x10C3,0x18C3,0x18C3,0x18C3,0x18A2,0x1082,0x1082,0x18C4,0x18A4,0x18A4,0x18A4,0x1063,
0x192B,0x190B,0x190B,0x110A,0x110A,0x110A,0x190B,0x190B,0x192B,0x190B,0x190B,0x190B,0x190B,0x190B,0x190B,0x190B,
0x190B,0x190B,0x190B,0x190B,0x190B,0x190B,0x190B,0x192C,0x192C,0x192C,0x190B,0x190B,0x190B,0x190B,0x190B,0x190B,
0x190B,0x190B,0x190B,0x190B,0x190B,0x190B,0x190C,0x190C,0x192C,0x192C,0x192C,0x192D,0x216D,0x29CF,0x3A10,0x3A51,
0x31F0,0x29F0,0x29CF,0x29AF,0x29AF,0x29AF,0x29AE,0x21AE,0x218E,0x21AE,0x29CE,0x29EE,0x320F,0x320F,0x29EE,0x29EE,
0x29CE,0x29CE,0x21AD,0x216C,0x216C,0x218D,0x218D,0x216C,0x194C,0x216C,0x216C,0x218C,0x218C,0x218C,0x216B,0x216C,
0x216C,0x218C,0x298C,0x218C,0x216C,0x218C,0x298D,0x29AE,0x31EF,0x29AE,0x29AE,0x31EF,0x320F,0x31CF,0x29AE,0x31CF,
0x3A10,0x31AF,0x298E,0x31AF,0x31AF,0x298F,0x31D0,0x4233,0x39F1,0x4233,0x4A54,0x4A74,0x4A74,0x4A74,0x5AD5,0x6B77,
0x5AF5,0x6B36,0x7377,0x83B9,0x941B,0xAC9D,0xB4DD,0xB4BD,0xBCDE,0xB4BD,0xBD1E,0xCDBF,0xB51D,0x6AF4,0x398F,0x39AF,
0x316E,0x296E,0x296D,0x294D,0x214D,0x214D,0x214D,0x216E,0x296E,0x214D,0x214D,0x296E,0x214D,0x212C,0x318E,0x4A51,
0x4A72,0x31AE,0x212C,0x296D,0x318E,0x296D,0x294D,0x318E,0x296D,0x296D,0x296D,0x296D,0x296D,0x296D,0x296D,0x296D,
0x294D,0x316E,0x318E,0x318E,0x316E,0x296D,0x294D,0x296D,0x296D,0x318E,0x212C,0x31AE,0x296D,0x210C,0x39EF,0x294D,
0x296D,0x318E,0x318E,0x296D,0x296D,0x318E,0x318E,0x296D,0x296D,0x296D,0x294D,0x318E,0x318E,0x294D,0x294D,0x296D,
0x296D,0x294D,0x294D,0x294D,0x294D,0x294D,0x294D,0x294D,0x316E,0x316D,0x316D,0x316D,0x316D,0x396D,0x396D,0x398D,
0x396D,0x41AE,0x396E,0x418E,0x418E,0x394D,0x416E,0x496E,0x414D,0x414D,0x414D,0x49AE,0x418E,0x416D,0x49AE,0x416D,
0x496D,0x496D,0x496D,0x496D,0x496D,0x496D,0x496D,0x496D,0x496D,0x496D,0x516D,0x516D,0x516D,0x516D,0x516D,0x516D,
0x494C,0x516C,0x518D,0x518E,0x516E,0x514E,0x514E,0x514D,0x61EE,0x59AC,0x6A6D,0x728C,0x59C8,0x3903,0x28A1,0x3102,
0x3964,0x39A4,0x3984,0x3143,0x28E2,0x28C2,0x3103,0x3124,0x3125,0x41C8,0x20A4,0x28E6,0x2906,0x4A0A,0x20C5,0x20C5,
0x1083,0x10A3,0x10C3,0x10A3,0x0883,0x0882,0x0883,0x10A3,0x0882,0x0882,0x0883,0x0882,0x0882,0x0862,0x0862,0x0862,
0x0882,0x10C2,0x1903,0x1903,0x1903,0x18E3,0x10C2,0x10E2,0x10A1,0x0881,0x0881,0x0881,0x08A2,0x10C2,0x10E3,0x18E3,
0x0882,0x1082,0x10A2,0x10A3,0x10C3,0x18C3,0x18C3,0x18C3,0x18C3,0x18C3,0x18C3,0x0842,0x2104,0x1883,0x1062,0x20E4,
0x192B,0x192B,0x192B,0x192B,0x192B,0x192B,0x190B,0x190B,0x190B,0x190B,0x190B,0x190B,0x190B,0x192B,0x192B,0x192B,
0x192B,0x190B,0x190B,0x190B,0x190B,0x190B,0x190B,0x190B,0x190B,0x190B,0x190B,0x190B,0x190B,0x190B,0x190B,0x190B,
0x190B,0x190B,0x190B,0x190B,0x190B,0x10EB,0x10EB,0x190C,0x192C,0x192C,0x194D,0x298E,0x31F0,0x3A31,0x3A31,0x3211,
0x29AF,0x29AF,0x298E,0x218E,0x218E,0x218E,0x218D,0x218D,0x218D,0x218D,0x218D,0x29AD,0x29CD,0x29CD,0x29CD,0x29AD,
0x218D,0x218C,0x218C,0x218C,0x218C,0x218C,0x216C,0x214C,0x216C,0x216C,0x216B,0x194B,0x194B,0x216B,0x216C,0x216C,
0x216C,0x216C,0x216C,0x216C,0x216C,0x216C,0x216C,0x216C,0x218D,0x29AD,0x29AD,0x29CD,0x29CD,0x29CE,0x29AD,0x298D,
0x31CF,0x29AE,0x298E,0x298E,0x298E,0x298F,0x31AF,0x31D0,0x31D0,0x31D0,0x3A32,0x4A73,0x4A94,0x4A94,0x52B4,0x52D5,
0x6316,0x62F6,0x6B37,0x7BB9,0x8C1B,0x941B,0x943B,0x9C5C,0xACBD,0xB4DD,0xBCDD,0xBD1D,0xD59F,0xCD7E,0x93B7,0x498E,
0x41AE,0x41CF,0x318E,0x318E,0x294D,0x214D,0x29AF,0x192D,0x216E,0x216E,0x216E,0x296D,0x296D,0x298D,0x296D,0x296D,
0x296D,0x296D,0x296D,0x296D,0x296D,0x296D,0x296E,0x298E,0x294D,0x318E,0x318E,0x294D,0x294D,0x316E,0x318E,0x318E,
0x296D,0x318E,0x31AE,0x31AE,0x31AE,0x318E,0x296D,0x296D,0x296E,0x296D,0x296D,0x296D,0x296E,0x296E,0x296D,0x294D,
0x296D,0x214D,0x296E,0x296D,0x296E,0x31AF,0x31AF,0x39F0,0x41F0,0x4210,0x4210,0x4210,0x4231,0x4A31,0x4A31,0x4A51,
0x4210,0x4A31,0x4A31,0x4A51,0x4A31,0x4210,0x4210,0x41F0,0x39CF,0x39AF,0x398E,0x314D,0x314D,0x314D,0x398E,0x41AF,
0x418D,0x418E,0x418E,0x416D,0x416D,0x416D,0x418E,0x498E,0x416E,0x416D,0x416D,0x418E,0x418E,0x418E,0x418E,0x496E,
0x498E,0x496E,0x496E,0x496D,0x496D,0x516D,0x516D,0x516D,0x516D,0x518D,0x59AE,0x518E,0x516D,0x516D,0x516D,0x516D,
0x516D,0x516D,0x516D,0x516D,0x514D,0x516D,0x516D,0x596D,0x59AD,0x516B,0x518A,0x5188,0x4966,0x4124,0x4122,0x5A26,
0x5A67,0x41A4,0x49A4,0x51A5,0x4984,0x38C1,0x51A4,0x5A07,0x3944,0x3946,0x3106,0x28E6,0x28C6,0x6A8D,0x51EA,0x1843,
0x1063,0x20E4,0x20E4,0x1083,0x1083,0x10A3,0x08A3,0x0882,0x0882,0x0882,0x0882,0x0882,0x0882,0x0882,0x08A2,0x10A3,
0x10C3,0x10A3,0x0882,0x0861,0x08A2,0x1082,0x10A2,0x1903,0x10A1,0x08A1,0x0881,0x08A1,0x10C2,0x10C2,0x10C2,0x10C3,
0x1082,0x0862,0x10A3,0x1082,0x10A3,0x18E3,0x10A2,0x1082,0x18C3,0x10A3,0x10A3,0x10A3,0x18A3,0x18A3,0x1083,0x1082,
0x190B,0x190B,0x190B,0x190B,0x190B,0x190B,0x190B,0x190B,0x190B,0x190B,0x190B,0x190B,0x192B,0x192B,0x192B,0x192B,
0x192B,0x192B,0x192B,0x192B,0x192B,0x192B,0x192B,0x192B,0x192B,0x192B,0x192B,0x192B,0x190B,0x190B,0x190B,0x190B,
0x190B,0x18EB,0x190B,0x192C,0x192C,0x190C,0x190C,0x190C,0x190C,0x194D,0x298E,0x31F0,0x3A10,0x3211,0x31D0,0x29AF,
0x298E,0x218E,0x216D,0x216D,0x216D,0x216D,0x216D,0x216C,0x216D,0x216C,0x216C,0x218C,0x298D,0x29AD,0x218C,0x218C,
0x218C,0x218C,0x29AC,0x218C,0x216C,0x216B,0x194B,0x216B,0x216B,0x216B,0x194B,0x194B,0x194B,0x194B,0x216B,0x216B,
0x214C,0x214C,0x194B,0x194B,0x214C,0x214C,0x216C,0x216C,0x216C,0x218C,0x218C,0x29AD,0x29AD,0x298D,0x218C,0x218C,
0x29AD,0x218D,0x218D,0x29AE,0x29AE,0x29AE,0x31CF,0x31F0,0x3A31,0x31F0,0x31F0,0x4252,0x4A93,0x4252,0x4253,0x4A94,
0x5AF6,0x5AD5,0x5AF6,0x6317,0x7378,0x83DA,0x943B,0x9C7C,0xA47C,0xAC9C,0xC55F,0xC51D,0xAC7A,0xD57E,0xE5BF,0xAC39,
0x5230,0x396D,0x398E,0x316E,0x294D,0x296E,0x214D,0x29CF,0x216E,0x218E,0x296E,0x296E,0x296D,0x296D,0x296D,0x296D,
0x296D,0x296D,0x298E,0x298E,0x318E,0x318E,0x298E,0x296E,0x316E,0x296D,0x296D,0x296E,0x296E,0x294D,0x292D,0x210C,
0x296D,0x296D,0x296D,0x294D,0x296D,0x296D,0x318E,0x31AE,0x318E,0x296D,0x296D,0x296D,0x316E,0x31AE,0x39CF,0x39CF,
0x4210,0x39F0,0x4231,0x4A52,0x4A31,0x4A51,0x4231,0x4210,0x39D0,0x39D0,0x39CF,0x39AF,0x39AF,0x31AF,0x318F,0x318F,
0x39CF,0x39CF,0x39CF,0x39AF,0x31AF,0x39AF,0x39EF,0x4210,0x4210,0x41F0,0x4A10,0x4A10,0x49F0,0x41CF,0x418E,0x394D,
0x416D,0x418D,0x418E,0x418D,0x416D,0x416D,0x416D,0x416D,0x418D,0x416D,0x418E,0x418E,0x418E,0x496E,0x498E,0x498E,
0x496E,0x516E,0x516E,0x516E,0x516D,0x516D,0x516D,0x516D,0x516D,0x518D,0x598E,0x598E,0x516D,0x516D,0x516D,0x516D,
0x516D,0x516D,0x516D,0x516D,0x516D,0x596D,0x596D,0x596D,0x61CE,0x69EE,0x724E,0x61EB,0x59C8,0x51C6,0x59E5,0x72E9,
0x5205,0x51E6,0x51A5,0x4943,0x4102,0x59C5,0x7AC8,0x72A9,0x51A6,0x3945,0x3927,0x3907,0x2865,0x2064,0x30C5,0x30E5,
0x20C4,0x20C4,0x18A4,0x18C4,0x2925,0x2145,0x18C4,0x10A3,0x0882,0x0882,0x0882,0x0882,0x0882,0x0882,0x08A2,0x10A3,
0x0041,0x0882,0x0882,0x10A2,0x10A2,0x0861,0x0840,0x0881,0x10A1,0x08A1,0x08A1,0x08A1,0x10C2,0x10C2,0x10C2,0x08A2,
0x10A2,0x1083,0x1062,0x1082,0x1082,0x1082,0x10A3,0x10A3,0x10A3,0x10A3,0x10A3,0x10A3,0x10A3,0x10A3,0x1083,0x1082,
0x190B,0x190B,0x190B,0x190B,0x190B,0x190B,0x190B,0x190B,0x190B,0x190B,0x190B,0x192B,0x192B,0x192B,0x192B,0x192B,
0x190B,0x190B,0x190B,0x190B,0x190B,0x190B,0x190B,0x190B,0x192B,0x192B,0x190B,0x190B,0x190B,0x190B,0x190B,0x190B,
0x192B,0x190B,0x190B,0x212C,0x214C,0x192C,0x192C,0x190C,0x214D,0x298E,0x31CF,0x31F0,0x31F0,0x29AF,0x218E,0x216E,
0x216D,0x216D,0x216D,0x216D,0x216D,0x216D,0x216D,0x214C,0x218D,0x216C,0x216C,0x216C,0x216C,0x216C,0x216B,0x194B,
0x216C,0x218C,0x29AC,0x218C,0x194B,0x192B,0x194B,0x194B,0x194B,0x194B,0x194B,0x192B,0x192B,0x194B,0x194B,0x194B,
0x194B,0x194B,0x194B,0x194B,0x194B,0x194B,0x194B,0x194B,0x194B,0x214C,0x216C,0x216C,0x216C,0x216C,0x216C,0x216C,
0x216C,0x214C,0x216D,0x298E,0x29AE,0x29CE,0x31CF,0x31F0,0x4292,0x31D0,0x29AF,0x3A11,0x4252,0x3A11,0x3A11,0x4A73,
0x4A93,0x5294,0x52B4,0x52B5,0x5AD6,0x6B57,0x83B9,0x8BFA,0x8BFA,0x9C5B,0xB4DD,0xBD1E,0xC51D,0xC51D,0xD59E,0xE61F,
0xBD3C,0x49EF,0x41AF,0x4A10,0x292D,0x296E,0x31AF,0x214D,0x216E,0x216E,0x216E,0x296E,0x296D,0x296D,0x296D,0x296D,
0x298E,0x298E,0x296D,0x296D,0x296D,0x296D,0x298E,0x318E,0x318E,0x294D,0x294D,0x31AE,0x39CF,0x31AE,0x318E,0x31AE,
0x318E,0x318E,0x298E,0x296E,0x296E,0x296E,0x318E,0x31AE,0x39CF,0x39F0,0x4231,0x4A72,0x4A92,0x4A72,0x4231,0x39F0,
0x4210,0x39AF,0x39CF,0x39AF,0x294D,0x294D,0x316E,0x210D,0x39AF,0x39AF,0x398F,0x398F,0x398F,0x398F,0x318F,0x318F,
0x398F,0x39AF,0x398F,0x316E,0x296D,0x316E,0x318E,0x39AF,0x398E,0x39AF,0x41CF,0x4A10,0x5231,0x5210,0x49CF,0x418E,
0x396D,0x396D,0x418D,0x418E,0x418E,0x416D,0x416D,0x416D,0x418E,0x418E,0x498D,0x498D,0x498D,0x498D,0x498D,0x496D,
0x518E,0x516E,0x516D,0x516D,0x516D,0x516D,0x516D,0x516D,0x516D,0x518D,0x598E,0x598D,0x516D,0x516D,0x516D,0x516D,
0x516D,0x516D,0x516D,0x516D,0x516D,0x596D,0x596D,0x596D,0x61AE,0x594C,0x4909,0x40E7,0x61C9,0x7AAA,0x6A27,0x59E6,
0x51C6,0x59C6,0x4944,0x59C5,0x59C5,0x82E9,0x7AE9,0x51A5,0x4945,0x38C4,0x30C5,0x59EB,0x622C,0x30C6,0x30A4,0x2063,
0x28E4,0x18A3,0x0842,0x1062,0x18E4,0x18C3,0x0882,0x0882,0x0882,0x0882,0x0882,0x0882,0x0882,0x0882,0x08A2,0x10A3,
0x10C3,0x2104,0x2145,0x2965,0x3186,0x2124,0x18E3,0x2103,0x10A2,0x10C2,0x10C2,0x10C2,0x10E2,0x10C2,0x08A2,0x0882,
0x0882,0x10A3,0x0862,0x18C3,0x10A3,0x0041,0x10A3,0x1082,0x10A3,0x10A3,0x10A3,0x10A3,0x10A3,0x10A3,0x1082,0x1082,
0x190B,0x190B,0x190B,0x190B,0x190B,0x192B,0x192B,0x212B,0x190B,0x190B,0x192B,0x192B,0x192B,0x192B,0x192B,0x192B,
0x192B,0x192B,0x192B,0x192B,0x192B,0x192B,0x192B,0x192B,0x192B,0x192B,0x192B,0x192B,0x192B,0x190B,0x190B,0x190B,
0x212C,0x212C,0x192C,0x192C,0x192C,0x192C,0x192C,0x214D,0x31EF,0x31CF,0x29AF,0x298E,0x218E,0x216E,0x216D,0x216E,
0x216D,0x216D,0x216D,0x216D,0x218D,0x218D,0x216D,0x216C,0x216C,0x216C,0x216C,0x216C,0x216B,0x194B,0x194B,0x194B,
0x216C,0x218C,0x218C,0x216C,0x194B,0x192B,0x192B,0x194B,0x194B,0x194B,0x192B,0x192B,0x192A,0x192B,0x192B,0x192B,
0x192B,0x192B,0x194B,0x194B,0x194B,0x194B,0x194B,0x194B,0x194B,0x194B,0x194B,0x194B,0x194B,0x214C,0x216C,0x216C,
0x216C,0x194C,0x216C,0x218D,0x29AD,0x29AE,0x29CE,0x31CF,0x3A51,0x31CF,0x29AF,0x31F0,0x3A11,0x31F1,0x3A11,0x4273,
0x3A11,0x4A73,0x52B4,0x52B4,0x5AB5,0x62F6,0x6B37,0x6B37,0x7B99,0x8BD9,0x9C1A,0xB4DD,0xCD7F,0xC51D,0xBCBC,0xCD7E,
0xD5FF,0xCDFF,0x5A51,0x41AE,0x4A10,0x294D,0x39CF,0x212D,0x296E,0x296E,0x296E,0x296E,0x296E,0x296D,0x296D,0x296D,
0x298E,0x298E,0x298E,0x298E,0x296E,0x298E,0x298E,0x298E,0x318E,0x296E,0x294D,0x294D,0x294D,0x294D,0x294D,0x296E,
0x212D,0x294D,0x31AF,0x39F0,0x4231,0x4A51,0x4A71,0x4A72,0x4251,0x4210,0x39CF,0x318E,0x318E,0x318E,0x31AF,0x39AF,
0x318E,0x296E,0x318E,0x39CF,0x318E,0x39F0,0x5272,0x4A31,0x316E,0x316E,0x318E,0x318F,0x398F,0x398F,0x398F,0x39AF,
0x318E,0x398F,0x39AF,0x39AF,0x39AF,0x318E,0x316E,0x316E,0x314D,0x314D,0x316E,0x398E,0x41AF,0x49F0,0x5210,0x5210,
0x418E,0x396D,0x396D,0x418E,0x418E,0x418E,0x418E,0x418E,0x418E,0x498D,0x498D,0x498D,0x498D,0x498D,0x498D,0x498D,
0x518E,0x516E,0x516D,0x516D,0x516D,0x516D,0x516D,0x516D,0x516D,0x518D,0x598D,0x598D,0x516D,0x516D,0x516D,0x516D,
0x516D,0x516D,0x516D,0x596D,0x596D,0x596D,0x616E,0x616E,0x616D,0x71EF,0x720E,0x5129,0x5127,0x5987,0x5165,0x5145,
0x5166,0x4924,0x40E3,0x6A68,0x7AC9,0x7287,0x59C5,0x3080,0x4104,0x5988,0x4107,0x6A2C,0x6A4D,0x51A9,0x4147,0x28C4,
0x20C3,0x20E4,0x18A3,0x1082,0x10A2,0x0882,0x0861,0x10A3,0x0882,0x0882,0x0882,0x0882,0x0882,0x0882,0x08A2,0x10A3,
0x0862,0x10A3,0x10A2,0x18C3,0x2104,0x20E3,0x18C2,0x18C2,0x18C2,0x18E2,0x18E2,0x18E2,0x10E2,0x10C2,0x10A2,0x08A2,
0x0861,0x18C3,0x1082,0x2945,0x2125,0x0041,0x10A3,0x0862,0x1082,0x1082,0x1082,0x1082,0x1082,0x1082,0x1082,0x0882,
0x190B,0x192B,0x192B,0x192B,0x192B,0x192B,0x192B,0x214B,0x192B,0x192B,0x192B,0x192B,0x192B,0x192B,0x192B,0x192B,
0x192B,0x192B,0x192B,0x192B,0x192B,0x192B,0x192B,0x192B,0x192B,0x192B,0x192B,0x192B,0x192B,0x192B,0x192B,0x192C,
0x212C,0x212C,0x192C,0x190C,0x190C,0x192C,0x216D,0x29AE,0x31EF,0x29CE,0x218D,0x214D,0x216D,0x216D,0x216D,0x216D,
0x216D,0x216C,0x216D,0x216D,0x218D,0x218D,0x218D,0x216C,0x216C,0x216C,0x214C,0x194B,0x194B,0x194B,0x194B,0x194B,
0x216C,0x216B,0x194B,0x194B,0x194B,0x194B,0x194B,0x194B,0x194B,0x194B,0x192B,0x192B,0x192A,0x192A,0x192A,0x192A,
0x192B,0x192B,0x192B,0x194B,0x194B,0x194B,0x192B,0x192B,0x194B,0x194B,0x194B,0x194B,0x194B,0x214C,0x216C,0x216C,
0x216C,0x216C,0x216C,0x216C,0x218D,0x216D,0x298D,0x29AE,0x29CE,0x29CF,0x31CF,0x31CF,0x31F0,0x3A10,0x3A31,0x4252,
0x39F1,0x4A72,0x52B4,0x5294,0x5294,0x5AD5,0x62F6,0x62F6,0x7337,0x7B78,0x943B,0xA45B,0xA45B,0xC53E,0xCD9F,0xBCFC,
0xC55D,0xD5FF,0xCDDF,0x5A51,0x418E,0x5251,0x20EC,0x41F0,0x294D,0x296E,0x296E,0x296E,0x296E,0x296E,0x296E,0x296E,
0x294E,0x298E,0x31AF,0x31CF,0x31CF,0x29AF,0x296E,0x214D,0x296E,0x31AF,0x31AF,0x296E,0x296E,0x31AF,0x39D0,0x39CF,
0x4A72,0x4A92,0x5292,0x4A72,0x4231,0x39F0,0x39CF,0x31AF,0x31AF,0x31AF,0x39EF,0x39F0,0x39F0,0x31AF,0x296E,0x212D,
0x318E,0x39AF,0x318E,0x39AF,0x316E,0x294D,0x398F,0x210C,0x318E,0x398E,0x318E,0x316E,0x316E,0x316E,0x314E,0x314E,
0x316E,0x316E,0x316E,0x398E,0x39CF,0x39CF,0x39AE,0x318E,0x39AF,0x39AE,0x398E,0x396E,0x396D,0x418E,0x51EF,0x5A31,
0x49EF,0x41AE,0x396E,0x418E,0x418E,0x418E,0x418E,0x498E,0x498D,0x498D,0x498D,0x498D,0x498D,0x498D,0x498D,0x518D,
0x518E,0x518E,0x518E,0x518E,0x518D,0x518D,0x516D,0x516D,0x518D,0x518D,0x598D,0x598D,0x516D,0x516D,0x596D,0x598D,
0x598D,0x598D,0x598D,0x598D,0x598D,0x618D,0x618E,0x618E,0x696E,0x7A30,0x8270,0x69AC,0x69AA,0x69EA,0x5946,0x48E4,
0x5126,0x4905,0x4925,0x6A69,0x72C9,0x4123,0x4943,0x4923,0x61C7,0x8AEE,0x61AA,0x828E,0x6A0C,0x728D,0x51E8,0x3104,
0x20C3,0x2945,0x2925,0x18C3,0x10A2,0x1082,0x0882,0x08A2,0x08A2,0x08A2,0x0882,0x0882,0x0882,0x0882,0x10A3,0x10A3,
0x18C3,0x18C3,0x10A3,0x20E4,0x2945,0x2945,0x20E3,0x20E3,0x20E3,0x18E3,0x18E3,0x18C2,0x10C2,0x10A2,0x08A2,0x0882,
0x0882,0x18E4,0x10A3,0x2966,0x2145,0x0841,0x10C3,0x1082,0x1082,0x1082,0x1082,0x1082,0x0882,0x0882,0x0882,0x0882,
0x190B,0x190B,0x192B,0x192B,0x192B,0x190B,0x190B,0x192B,0x192B,0x192B,0x192B,0x192B,0x192B,0x192B,0x192B,0x192B,
0x192B,0x192B,0x192B,0x192B,0x192B,0x192B,0x192B,0x192B,0x212C,0x212C,0x192B,0x192B,0x192B,0x192B,0x192B,0x192C,
0x192C,0x192C,0x190C,0x190C,0x192C,0x216D,0x29AE,0x31EF,0x298E,0x216D,0x216D,0x216D,0x29AE,0x29AE,0x218D,0x216D,
0x216C,0x216C,0x216C,0x216C,0x216C,0x216C,0x216C,0x216C,0x194B,0x194B,0x194B,0x194B,0x194B,0x194B,0x194B,0x194B,
0x216B,0x194B,0x194B,0x194B,0x194B,0x194B,0x194B,0x194B,0x194B,0x194B,0x194B,0x194B,0x192B,0x192B,0x192B,0x192A,
0x192B,0x192B,0x192B,0x192B,0x192B,0x192B,0x192B,0x192B,0x194B,0x194B,0x194B,0x194B,0x194B,0x194B,0x214C,0x214C,
0x218C,0x216C,0x194B,0x216C,0x216C,0x216C,0x216C,0x218D,0x218D,0x29CE,0x31EF,0x31CF,0x31CF,0x31F0,0x3A10,0x3210,
0x3A10,0x3A31,0x4232,0x3A32,0x3A32,0x4A73,0x5AD5,0x62F6,0x5AB5,0x7B98,0x941B,0x941A,0x9C3B,0xACBD,0xC53E,0xCD7F,
0xC55D,0xCD7D,0xDE1F,0xCDDF,0x7314,0x396D,0x49F0,0x314D,0x316E,0x316E,0x296E,0x296E,0x296E,0x296E,0x296E,0x298E,
0x298E,0x296E,0x296E,0x216E,0x296E,0x296E,0x298E,0x31AF,0x31AF,0x4251,0x5292,0x4231,0x4211,0x4A72,0x5292,0x4A52,
0x39F0,0x39F0,0x39CF,0x31CF,0x31AF,0x31AF,0x39AF,0x39CF,0x31AF,0x318E,0x294D,0x212D,0x294D,0x318E,0x31CF,0x39CF,
0x316E,0x41F0,0x318F,0x39CF,0x4210,0x4A11,0x5A93,0x5251,0x41F0,0x41F0,0x41F0,0x41F0,0x41D0,0x41CF,0x41CF,0x41CF,
0x41AF,0x398E,0x316E,0x316D,0x396E,0x398E,0x398E,0x398E,0x41CF,0x41CF,0x41CF,0x41AF,0x396E,0x416D,0x41AE,0x49CF,
0x5A51,0x49EF,0x418E,0x418E,0x418E,0x418E,0x416D,0x498E,0x498D,0x498D,0x498D,0x498D,0x518D,0x518D,0x518D,0x518D,
0x518D,0x518E,0x518E,0x518E,0x518D,0x518D,0x518D,0x518D,0x598D,0x598D,0x598D,0x516D,0x516D,0x598D,0x598D,0x598D,
0x598D,0x598D,0x598D,0x598D,0x618D,0x618D,0x698E,0x698E,0x696E,0x696E,0x698D,0x71AD,0x8AAF,0xA330,0x79EA,0x50E6,
0x6989,0x720B,0x61C9,0x6A29,0x72CA,0x4143,0x51A4,0x59A5,0x69C8,0x8A8D,0x698A,0x826E,0x61AA,0x7ACD,0x5A08,0x3944,
0x41E7,0x41E7,0x2944,0x0861,0x0840,0x08A2,0x08A2,0x0882,0x08A2,0x08A2,0x08A2,0x0882,0x0882,0x0882,0x10A3,0x10A3,
0x18C3,0x18C3,0x18C3,0x2104,0x3166,0x2945,0x18C3,0x18A2,0x18C2,0x18C2,0x18C2,0x18A2,0x1082,0x0881,0x0881,0x0881,
0x0882,0x18C3,0x0882,0x18C3,0x10A3,0x0021,0x1082,0x1082,0x1082,0x1082,0x1082,0x1082,0x0862,0x0862,0x0862,0x1082,
0x190B,0x192B,0x214C,0x214C,0x212B,0x190B,0x190B,0x192B,0x190B,0x192B,0x192B,0x192B,0x192B,0x212B,0x212B,0x212B,
0x192B,0x192B,0x192B,0x192B,0x192B,0x192B,0x192B,0x192B,0x212C,0x212C,0x212C,0x212C,0x192B,0x192B,0x192B,0x192C,
0x192C,0x192C,0x192C,0x212C,0x216D,0x31CE,0x31CF,0x31CE,0x216D,0x216D,0x298D,0x29AE,0x29CE,0x29CE,0x29AD,0x218D,
0x216C,0x216C,0x216C,0x216C,0x216C,0x216C,0x216C,0x216B,0x194B,0x216B,0x216B,0x194B,0x194B,0x194A,0x194B,0x216B,
0x194B,0x194B,0x194B,0x194B,0x194B,0x194B,0x194B,0x194B,0x216B,0x216B,0x194B,0x194B,0x194B,0x194B,0x192B,0x192B,
0x192B,0x192B,0x192B,0x192B,0x192B,0x192B,0x192B,0x192B,0x194B,0x194B,0x194B,0x194B,0x194B,0x194B,0x194B,0x194B,
0x194B,0x194B,0x194B,0x216C,0x216C,0x214C,0x216C,0x218D,0x218D,0x298D,0x29AE,0x29CE,0x31CF,0x31CF,0x29CF,0x29AF,
0x31F0,0x31F0,0x3210,0x3A11,0x3A31,0x4232,0x4A93,0x5AD5,0x5294,0x7398,0x7B78,0x83D9,0xACDD,0xA47C,0x9C3B,0xCD9F,
0xCD7E,0xCD9E,0xCD5D,0xE65F,0xD5DF,0x7314,0x418E,0x41AE,0x398E,0x318E,0x318E,0x318E,0x296E,0x296F,0x296E,0x296E,
0x31AF,0x298F,0x296E,0x296E,0x298E,0x31AF,0x39F0,0x3A11,0x4231,0x4A92,0x4A92,0x4231,0x39D0,0x39D0,0x31AF,0x296E,
0x31AF,0x31AF,0x31AF,0x318E,0x316E,0x316E,0x318F,0x318F,0x39D0,0x41F0,0x4211,0x4A31,0x4A52,0x4A51,0x4231,0x4210,
0x6335,0x7BB7,0x5272,0x4210,0x4210,0x398E,0x41CF,0x39AF,0x4A10,0x4A10,0x4A10,0x4A10,0x4A10,0x5211,0x5211,0x5231,
0x4A10,0x49F0,0x41CF,0x39AE,0x396E,0x316D,0x396D,0x396E,0x396E,0x39AE,0x41CF,0x41CF,0x418E,0x418E,0x418E,0x418E,
0x5A72,0x49EF,0x418E,0x418E,0x498E,0x418E,0x416D,0x498E,0x498D,0x498D,0x518D,0x518D,0x518D,0x518D,0x518D,0x518D,
0x518D,0x518D,0x518D,0x518D,0x518D,0x518D,0x598D,0x598D,0x598E,0x598D,0x596D,0x596D,0x598D,0x598D,0x598D,0x598D,
0x598D,0x598D,0x598D,0x618D,0x618D,0x698D,0x698E,0x698E,0x694E,0x79F0,0x9271,0x8A30,0x8A4F,0x926F,0x820C,0x8A4D,
0x79EC,0xA351,0x722B,0x6A29,0x72CB,0x51C5,0x4984,0x4924,0x48A3,0x6968,0x79CB,0x698B,0x4086,0x4947,0x5208,0x5227,
0x4A48,0x4207,0x2944,0x1081,0x0881,0x10A2,0x10C2,0x10E3,0x08A2,0x08A2,0x08A2,0x08A2,0x0882,0x0882,0x10A3,0x10A3,
0x18C3,0x18E4,0x20C3,0x2104,0x2945,0x2904,0x20C3,0x20C3,0x18A2,0x20C3,0x20C3,0x18C3,0x10A2,0x1082,0x0881,0x0861,
0x0862,0x0882,0x0862,0x0862,0x0041,0x0041,0x0862,0x0882,0x0882,0x10A2,0x10A2,0x0882,0x0862,0x0862,0x0882,0x0882,
0x190B,0x212B,0x216C,0x216C,0x214C,0x212B,0x192B,0x212B,0x192B,0x192B,0x192B,0x192B,0x192B,0x212B,0x212B,0x212B,
0x192B,0x192B,0x192B,0x192B,0x192B,0x192B,0x192B,0x192B,0x212C,0x212C,0x212C,0x212C,0x212C,0x192B,0x192B,0x192C,
0x214D,0x212D,0x212C,0x214D,0x31CE,0x3A0F,0x31CF,0x216D,0x29AE,0x29AE,0x29CE,0x29AE,0x29AD,0x29AD,0x29AD,0x29CD,
0x218D,0x218C,0x216C,0x216C,0x216C,0x216C,0x216C,0x216C,0x216B,0x216B,0x216B,0x216B,0x194B,0x194B,0x216B,0x216B,
0x194B,0x216B,0x216C,0x194B,0x192B,0x192A,0x194B,0x216B,0x216B,0x216B,0x216B,0x216B,0x194B,0x194B,0x194B,0x194B,
0x194B,0x192B,0x192B,0x192B,0x192B,0x192B,0x194B,0x194B,0x194B,0x194B,0x194B,0x194B,0x192B,0x192B,0x192A,0x192A,
0x192A,0x192A,0x194B,0x216B,0x216C,0x216C,0x216C,0x218C,0x29AD,0x214C,0x216C,0x29CE,0x31EF,0x29AE,0x218D,0x298E,
0x31EF,0x31EF,0x3A31,0x4292,0x4A93,0x4252,0x4252,0x4A73,0x6316,0x6316,0x6B16,0x7B78,0x943B,0xACDD,0xACDE,0xA49C,
0xB4DB,0xC53C,0xCD7D,0xCD9D,0xE63F,0xC59E,0x7314,0x49CF,0x39AE,0x39AE,0x398F,0x318F,0x316E,0x296E,0x294E,0x294E,
0x296E,0x29AF,0x3A11,0x4A72,0x4A92,0x4A72,0x4251,0x4211,0x31CF,0x31AF,0x31AF,0x318F,0x318F,0x318F,0x318F,0x318F,
0x296E,0x31AF,0x39F0,0x4211,0x4A31,0x4A52,0x5252,0x5272,0x4A31,0x4A31,0x4211,0x4210,0x41F0,0x39F0,0x39CF,0x31AF,
0x316D,0x5272,0x316E,0x314D,0x41F0,0x398E,0x41CF,0x41CF,0x398E,0x418F,0x418F,0x41AE,0x418E,0x41AE,0x41AE,0x41AE,
0x49EF,0x5210,0x5231,0x5230,0x41CF,0x398E,0x398E,0x41AE,0x396D,0x398E,0x41AE,0x41AE,0x49AE,0x418E,0x418E,0x416E,
0x5A71,0x49CF,0x416E,0x418E,0x49AE,0x498E,0x498D,0x498E,0x498D,0x518D,0x518D,0x518D,0x516D,0x518D,0x518D,0x516D,
0x598D,0x518D,0x518D,0x518D,0x518D,0x598D,0x598D,0x598D,0x598D,0x598D,0x596D,0x596D,0x598D,0x598D,0x598D,0x598D,
0x598D,0x598D,0x618D,0x618D,0x618D,0x698D,0x698E,0x718E,0x79AF,0x79AF,0x79AF,0x798E,0x8A0F,0x9A90,0x926F,0xA2F1,
0x798B,0xBBB3,0x7A2C,0x6A0A,0x6229,0x4144,0x38E2,0x4924,0x4883,0x6127,0x9AAF,0x79EC,0x69CB,0x59E9,0x5A28,0x2923,
0x18A1,0x18C2,0x18C2,0x18C2,0x18C2,0x0881,0x0060,0x08A1,0x08A2,0x08A2,0x08A2,0x0882,0x0882,0x0882,0x10A3,0x10A3,
0x10A3,0x18A2,0x1082,0x1062,0x1882,0x1882,0x1882,0x2904,0x20A3,0x20C3,0x20E3,0x20E3,0x18C3,0x10A2,0x1082,0x0882,
0x0862,0x0862,0x10C3,0x0882,0x0882,0x10A3,0x0862,0x0882,0x0882,0x10A2,0x10A2,0x0882,0x0862,0x0862,0x0882,0x0882,
0x192B,0x192B,0x192B,0x192B,0x190B,0x190B,0x190B,0x190B,0x190B,0x212B,0x192B,0x216C,0x10CA,0x192B,0x190B,0x192B,
0x192B,0x192C,0x192C,0x192C,0x192C,0x192C,0x192C,0x192C,0x192C,0x212C,0x212C,0x212C,0x192C,0x192C,0x192C,0x190C,
0x190C,0x212C,0x214D,0x298E,0x29AE,0x298E,0x216D,0x216D,0x218D,0x298D,0x29AD,0x29AD,0x29AD,0x29CD,0x29AD,0x29AD,
0x218C,0x218C,0x218C,0x218C,0x218C,0x218C,0x218C,0x218C,0x216B,0x194B,0x194B,0x194B,0x194A,0x194A,0x194A,0x194B,
0x194B,0x194B,0x194B,0x194B,0x194B,0x194B,0x192B,0x192B,0x194B,0x194B,0x194B,0x194B,0x194B,0x194B,0x194B,0x194B,
0x194B,0x194B,0x194B,0x194B,0x194B,0x194B,0x194B,0x194B,0x194B,0x194B,0x194B,0x194B,0x194B,0x194B,0x192B,0x192B,
0x192A,0x194A,0x194A,0x194B,0x194B,0x194B,0x194B,0x194B,0x218C,0x29AD,0x29AD,0x29AD,0x29CE,0x31EE,0x31CE,0x29AE,
0x320F,0x320F,0x320F,0x3210,0x3210,0x3210,0x4272,0x52F4,0x5B36,0x5B16,0x62F6,0x6B57,0x7B98,0x7B99,0x8C1B,0xACFD,
0xBD1D,0xCD7D,0xC57D,0xC55D,0xC57D,0xDE5F,0xCDDF,0x6AF3,0x41AE,0x41CF,0x318E,0x316E,0x296E,0x318F,0x39F0,0x4211,
0x52B3,0x4A72,0x4231,0x31D0,0x31AF,0x31AF,0x31AF,0x31AF,0x318F,0x318F,0x318F,0x318F,0x31AF,0x39F0,0x4231,0x4A52,
0x5292,0x4231,0x5AB3,0x4210,0x41D0,0x4A31,0x398E,0x41F0,0x398F,0x398F,0x398F,0x398F,0x318E,0x318E,0x318E,0x318E,
0x398E,0x398E,0x398E,0x398E,0x398E,0x398E,0x396E,0x396E,0x41AE,0x418E,0x418E,0x418E,0x418E,0x41AE,0x41AE,0x41AF,
0x49CF,0x416E,0x396D,0x5230,0x5251,0x49CF,0x49CF,0x418E,0x418E,0x41AE,0x41AE,0x41AE,0x49AE,0x49CE,0x498E,0x416D,
0x5210,0x5210,0x418E,0x5210,0x394D,0x51EF,0x496D,0x496D,0x518D,0x59CE,0x412B,0x61CE,0x494C,0x61EE,0x514C,0x598D,
0x598D,0x598D,0x598D,0x598D,0x598D,0x598D,0x598D,0x598D,0x598D,0x598D,0x598D,0x598D,0x598D,0x598D,0x598D,0x598D,
0x514C,0x618D,0x69AD,0x698D,0x698D,0x71AD,0x71AE,0x716D,0x716E,0x81CF,0x81CF,0x9231,0x89EF,0x9A50,0x922F,0x9A6F,
0x9A90,0x81EC,0x8A8E,0x82AD,0x6209,0x30E3,0x51A6,0x6A08,0x930D,0x71C9,0x718A,0x8A8E,0x828D,0x4967,0x28C2,0x18C1,
0x18A1,0x10A1,0x10C2,0x10A1,0x10A1,0x08A1,0x10A2,0x10C2,0x10C2,0x0881,0x0861,0x0882,0x0882,0x0862,0x1082,0x18C3,
0x18C3,0x1061,0x18C3,0x18A3,0x1862,0x2904,0x3966,0x41A7,0x20A3,0x1862,0x20C3,0x20C3,0x10A2,0x1082,0x0861,0x10A2,
0x0882,0x10A2,0x0882,0x0862,0x10A3,0x10A3,0x0862,0x0882,0x0882,0x10A2,0x0882,0x0041,0x0041,0x0882,0x10A3,0x10C3,
0x192B,0x192B,0x212B,0x212B,0x192B,0x190B,0x190B,0x190B,0x214C,0x190B,0x212B,0x214C,0x214C,0x190B,0x212B,0x212B,
0x192C,0x192C,0x192C,0x192C,0x192C,0x192C,0x192C,0x192C,0x212C,0x212C,0x212C,0x212C,0x212C,0x192C,0x192C,0x192C,
0x212C,0x214D,0x296D,0x298E,0x298E,0x298D,0x298D,0x216D,0x216D,0x218D,0x218D,0x218D,0x218D,0x218C,0x218C,0x218C,
0x216B,0x216B,0x216B,0x216B,0x194B,0x194B,0x194B,0x194B,0x194B,0x194B,0x194B,0x194B,0x194A,0x194A,0x194A,0x192A,
0x194B,0x194B,0x194B,0x194B,0x192B,0x192B,0x192B,0x192B,0x192B,0x192B,0x192B,0x192B,0x192B,0x192B,0x192B,0x192B,
0x194B,0x194B,0x194B,0x194B,0x194B,0x194B,0x194B,0x194B,0x194B,0x194B,0x194B,0x194B,0x194B,0x194B,0x194B,0x194B,
0x194A,0x196B,0x216B,0x216B,0x216B,0x216B,0x216B,0x216C,0x218C,0x218C,0x29AD,0x298D,0x29AD,0x29CD,0x29AD,0x218D,
0x29CE,0x29CE,0x29CE,0x29CE,0x31F0,0x3A31,0x3A31,0x3A31,0x4A93,0x52D4,0x52B4,0x5AB5,0x6B57,0x7BB9,0x7BB9,0x8398,
0xACDC,0xB51C,0xBD5D,0xCDBE,0xC59E,0xCDDE,0xDE5F,0xC59D,0x5A71,0x398E,0x5271,0x4A10,0x4210,0x5AD4,0x4211,0x4A52,
0x298E,0x298F,0x31AF,0x31CF,0x31D0,0x31CF,0x31AF,0x31AF,0x39F0,0x4211,0x4A32,0x4A52,0x4A52,0x4A31,0x4211,0x39F0,
0x39D0,0x31AF,0x318E,0x316E,0x39AF,0x41F0,0x41AF,0x396E,0x398F,0x398F,0x398F,0x398F,0x318E,0x318E,0x318E,0x318E,
0x398E,0x398E,0x398E,0x398E,0x39AE,0x39AF,0x39AE,0x41AE,0x418E,0x418E,0x418E,0x418E,0x418E,0x498E,0x49AE,0x49AE,
0x418E,0x49CF,0x49AF,0x49AF,0x49CF,0x5210,0x5230,0x396D,0x418E,0x418E,0x41AE,0x49AE,0x49AE,0x49AE,0x498E,0x498E,
0x6271,0x49AE,0x414D,0x416D,0x498D,0x498D,0x518E,0x496D,0x518D,0x518D,0x9395,0xCD1B,0x61EE,0x492B,0x598D,0x598D,
0x598D,0x598D,0x598D,0x598D,0x598D,0x598D,0x598D,0x596D,0x598D,0x598D,0x598D,0x598D,0x598D,0x598D,0x598D,0x618D,
0x61AD,0x61AD,0x618D,0x616C,0x696C,0x718D,0x79AD,0x798E,0x89F0,0x89CF,0x81AF,0x9A51,0x9230,0x9A50,0x9A2F,0xA2B1,
0x9A90,0xAB31,0x7A2C,0x82AD,0x51A8,0x3904,0x59C7,0x7249,0x5926,0x8AAC,0xA370,0x7A0B,0x40C5,0x30C4,0x2903,0x1080,
0x10A1,0x10A1,0x1081,0x10A1,0x10C2,0x10C2,0x10C2,0x10C2,0x10C2,0x0881,0x0861,0x0882,0x0882,0x0861,0x0882,0x10C3,
0x1081,0x18C3,0x2104,0x1882,0x20C3,0x41C8,0x41A7,0x3125,0x28C4,0x5A6A,0x3125,0x0000,0x10A3,0x10A2,0x0861,0x10A2,
0x2125,0x1904,0x10A2,0x0861,0x0862,0x0882,0x0882,0x10A3,0x0862,0x0882,0x10A2,0x0882,0x0882,0x0882,0x0882,0x0862,
0x212B,0x212B,0x212B,0x212B,0x212B,0x212B,0x210B,0x210B,0x294C,0x18EB,0x214C,0x190B,0x214C,0x190B,0x294C,0x190B,
0x192C,0x192C,0x192C,0x192C,0x192C,0x192C,0x192C,0x192C,0x212C,0x212C,0x212C,0x212C,0x212C,0x212C,0x212C,0x212C,
0x216D,0x296D,0x298E,0x298D,0x216D,0x216D,0x218D,0x298D,0x216D,0x216C,0x216C,0x216C,0x196C,0x194C,0x194B,0x194B,
0x194B,0x194B,0x194B,0x194B,0x192B,0x192B,0x192B,0x192B,0x192B,0x192B,0x192A,0x192A,0x192A,0x192A,0x192A,0x192A,
0x192B,0x192B,0x192B,0x192B,0x192B,0x192B,0x192B,0x192B,0x192A,0x192A,0x192A,0x192A,0x192A,0x192A,0x192A,0x192A,
0x192A,0x192A,0x192A,0x192A,0x192A,0x192A,0x192A,0x192A,0x194B,0x194B,0x194B,0x194B,0x194B,0x194B,0x194B,0x194B,
0x196B,0x216B,0x216B,0x216B,0x216B,0x216B,0x216B,0x216C,0x218C,0x218C,0x218C,0x218C,0x218C,0x29AD,0x218C,0x216C,
0x216C,0x29CE,0x29CE,0x29CE,0x29EF,0x3230,0x3A30,0x31F0,0x3A31,0x4A93,0x4AB4,0x4A74,0x5AB5,0x6316,0x7378,0x83D9,
0x8C19,0xA49A,0xB51C,0xCDDF,0xC5BE,0xBD5C,0xD5FF,0xE69F,0xCDDE,0x5271,0x5AB2,0x5251,0x41EF,0x31AF,0x31AF,0x296E,
0x39CF,0x31AF,0x31AF,0x318F,0x31AF,0x39F0,0x4231,0x4A52,0x4231,0x4211,0x4211,0x41F0,0x39F0,0x39D0,0x39AF,0x398F,
0x316E,0x39CF,0x318E,0x398E,0x398E,0x396E,0x41AF,0x418E,0x418F,0x418F,0x398F,0x398E,0x398E,0x398E,0x398E,0x398E,
0x318E,0x398E,0x398E,0x398E,0x398E,0x398E,0x398E,0x418E,0x418E,0x418E,0x418E,0x418E,0x418E,0x498E,0x49AE,0x49AE,
0x416E,0x51EF,0x49CF,0x418E,0x416E,0x5210,0x5A71,0x418E,0x41AE,0x418D,0x41AE,0x49AE,0x49AE,0x498E,0x49AE,0x51CE,
0x6271,0x498E,0x414D,0x498E,0x51AE,0x496D,0x518D,0x51AE,0x518D,0x518D,0xCD3C,0xFF1F,0x82D2,0x514C,0x6A0F,0x514C,
0x598D,0x598D,0x598D,0x598D,0x598D,0x598D,0x598D,0x598D,0x598D,0x598D,0x598D,0x598D,0x598D,0x598D,0x618D,0x618D,
0x61AD,0x618D,0x618C,0x698C,0x71AD,0x79CD,0x79CD,0x81CE,0x81AE,0x818E,0x816E,0x91F0,0x9210,0x9A30,0x920F,0x9A4F,
0x89ED,0x926E,0x5928,0x5127,0x5167,0x51A7,0x4945,0x4945,0x7A4A,0x722A,0x828C,0x82AC,0x59E9,0x3104,0x20A2,0x18A1,
0x10A1,0x1081,0x1081,0x10A1,0x10C2,0x18E2,0x10C2,0x10A2,0x10C2,0x0881,0x0861,0x0881,0x0881,0x0861,0x0882,0x10C2,
0x1082,0x2124,0x2944,0x1882,0x20C3,0x3987,0x3126,0x28C4,0x3126,0x734E,0x3987,0x1042,0x20E4,0x18C3,0x18E4,0x18E3,
0x2145,0x2125,0x10A3,0x0041,0x0862,0x0862,0x0862,0x10A3,0x0882,0x08A2,0x10A3,0x0882,0x0862,0x0882,0x0882,0x0882,
0x212B,0x212B,0x212B,0x212B,0x212B,0x212B,0x212B,0x212B,0x212B,0x212B,0x294C,0x18EA,0x18EB,0x212B,0x296C,0x18EB,
0x212C,0x212C,0x212C,0x212C,0x212C,0x212C,0x212C,0x212C,0x212C,0x212C,0x212C,0x212C,0x212C,0x214C,0x214C,0x214C,
0x296D,0x298D,0x298E,0x298D,0x216D,0x216C,0x216D,0x216D,0x216C,0x214C,0x194C,0x194B,0x194B,0x192B,0x192B,0x192B,
0x194B,0x194B,0x194B,0x194B,0x194B,0x194B,0x194B,0x194B,0x192B,0x192B,0x192B,0x192B,0x194B,0x194B,0x194B,0x194B,
0x192B,0x192B,0x192B,0x192B,0x192B,0x192B,0x192A,0x192A,0x192A,0x192A,0x192A,0x192A,0x192A,0x192A,0x192A,0x192A,
0x192A,0x192A,0x192A,0x192A,0x192A,0x192A,0x192A,0x192A,0x192A,0x192A,0x192A,0x192A,0x192A,0x192A,0x192A,0x192A,
0x194A,0x194B,0x196B,0x216B,0x194B,0x194B,0x216B,0x216B,0x216C,0x218C,0x216C,0x216C,0x216C,0x218C,0x216C,0x214C,
0x216C,0x29CD,0x320E,0x29EE,0x29CE,0x29CE,0x3210,0x3A51,0x31D0,0x3A31,0x4A93,0x5AF5,0x5B16,0x52B5,0x5AD5,0x7B98,
0x7B97,0x945A,0xA4BB,0xAD1C,0xBD9D,0xBD9D,0xC59D,0xCDDE,0xEF1F,0xACFA,0x41EE,0x4A30,0x316D,0x39AE,0x39AF,0x39F0,
0x39F0,0x4211,0x4A52,0x5272,0x4A72,0x4A31,0x39F0,0x39AF,0x39D0,0x39AF,0x316E,0x294E,0x294E,0x314E,0x316E,0x398F,
0x316E,0x39AE,0x39AF,0x398E,0x398E,0x398E,0x418E,0x416E,0x418F,0x41AF,0x41AF,0x41AF,0x39AF,0x39AF,0x39AF,0x39AE,
0x398E,0x398E,0x398E,0x398E,0x398E,0x418E,0x418E,0x418E,0x418E,0x418E,0x418E,0x418E,0x498E,0x498E,0x498E,0x498E,
0x49AE,0x49AE,0x498E,0x49CF,0x49AE,0x49AE,0x5A30,0x51EF,0x49AE,0x418D,0x418E,0x49CE,0x49CE,0x498D,0x49AE,0x51EF,
0x51CE,0x51CE,0x51AE,0x6A71,0x496D,0x51AE,0x494D,0x59CE,0x59AD,0x59AE,0x9BB5,0xBC99,0x6A0F,0x598D,0x69EE,0x514C,
0x598D,0x598D,0x598D,0x598D,0x598D,0x598D,0x598D,0x598D,0x598D,0x598D,0x598D,0x598D,0x618D,0x618D,0x618D,0x618D,
0x616C,0x616C,0x698C,0x71CD,0x79CD,0x79CC,0x79AD,0x79AD,0x81AE,0x9230,0x9A30,0x9A30,0x9A30,0xA291,0x920F,0x796B,
0x6108,0x7A0B,0xABB2,0x61AA,0x4927,0x5167,0x40E4,0x61E7,0x6A49,0x61E7,0x61E8,0x59E8,0x4166,0x28C3,0x18A2,0x10A1,
0x10A1,0x1081,0x1081,0x10A2,0x10C2,0x10C2,0x10A2,0x0881,0x08A2,0x0881,0x0881,0x08A2,0x10A2,0x1082,0x1082,0x10A2,
0x10C2,0x18E3,0x2104,0x18C3,0x20E4,0x28E4,0x28E4,0x49A8,0x41A8,0x41A8,0x2905,0x2925,0x10A3,0x0841,0x18E3,0x0061,
0x10C3,0x10C3,0x08A2,0x0862,0x0882,0x0862,0x0041,0x0862,0x10C3,0x10A3,0x0882,0x0041,0x0041,0x0882,0x10C3,0x10E3,
0x212B,0x212B,0x212B,0x212B,0x212C,0x212B,0x212B,0x212B,0x210B,0x212B,0x294C,0x31AD,0x212B,0x214C,0x212B,0x212B,
0x212C,0x212C,0x212C,0x212C,0x212C,0x212C,0x212C,0x212C,0x212C,0x212C,0x212C,0x212C,0x214C,0x214C,0x214D,0x214D,
0x216D,0x298D,0x298D,0x298D,0x216C,0x214C,0x214C,0x214C,0x194C,0x194C,0x194B,0x192B,0x194B,0x194B,0x194B,0x194B,
0x194B,0x194B,0x194B,0x194B,0x194B,0x194B,0x194B,0x194B,0x192B,0x192B,0x192B,0x192B,0x192B,0x192B,0x194B,0x194B,
0x192B,0x192B,0x192B,0x192B,0x192B,0x192B,0x192A,0x192A,0x192B,0x192B,0x192B,0x192B,0x192B,0x192B,0x192B,0x192B,
0x192A,0x192A,0x192A,0x192A,0x192A,0x192A,0x192A,0x192A,0x192A,0x192A,0x192A,0x192A,0x192A,0x192A,0x192A,0x192A,
0x192A,0x194A,0x194B,0x194B,0x194B,0x194B,0x194B,0x194B,0x194B,0x194B,0x194B,0x194B,0x214C,0x216C,0x216C,0x214C,
0x218C,0x218D,0x29CD,0x29EE,0x29CE,0x218D,0x29CE,0x3A30,0x3A51,0x3210,0x31F0,0x4252,0x52B4,0x52B4,0x52D5,0x6B37,
0x7BD9,0x8C5A,0x8C39,0x8C59,0xB53C,0xC5FF,0xC5DE,0xCDFE,0xCDFE,0xEEFF,0x8C37,0x41CE,0x5AB2,0x4A71,0x4A71,0x4A71,
0x4A71,0x4A31,0x39F0,0x31AF,0x318E,0x318E,0x39AF,0x39CF,0x316E,0x316E,0x398F,0x39AF,0x39AF,0x39AF,0x39AF,0x398E,
0x41EF,0x314D,0x39AE,0x398E,0x5210,0x6293,0x49CF,0x498F,0x49AF,0x49AF,0x49AF,0x41AF,0x41AF,0x41AE,0x39AE,0x39AE,
0x41CF,0x41AF,0x41AF,0x41AF,0x41AF,0x41AE,0x41AE,0x41AE,0x49AE,0x49AE,0x498E,0x498E,0x498E,0x498D,0x498E,0x498E,
0x51AF,0x498E,0x416D,0x51EF,0x51CF,0x498E,0x520F,0x5210,0x49AE,0x418D,0x49AE,0x49CE,0x49AE,0x49AE,0x51CE,0x5A0F,
0x496D,0x59CE,0x59CE,0x6A71,0x496D,0x59AE,0x516D,0x59AE,0x516D,0x59AE,0x598D,0x61CE,0x596D,0x61AE,0x516C,0x596D,
0x598D,0x598D,0x598D,0x598D,0x598D,0x598D,0x598D,0x598D,0x618D,0x618D,0x618D,0x618D,0x618D,0x61AD,0x61AD,0x618D,
0x616C,0x698C,0x69AC,0x71AC,0x71AC,0x71AC,0x798C,0x798C,0x796C,0x89CE,0x9A2F,0x920F,0xA270,0xAAD1,0xAAB0,0x8A0D,
0x71AA,0x71EA,0xABD3,0x69CB,0x4907,0x5988,0x4905,0x4945,0x59C6,0x59E6,0x4985,0x28C3,0x1041,0x1882,0x20E3,0x10A2,
0x0861,0x0881,0x10A2,0x10A2,0x10A2,0x08A2,0x08A2,0x08A2,0x0881,0x0881,0x08A2,0x10C2,0x10C2,0x10A2,0x10A2,0x10A2,
0x10A1,0x1081,0x18C3,0x20E4,0x2925,0x28E4,0x3105,0x522A,0x6AEC,0x3146,0x3967,0x41E8,0x18E4,0x1082,0x18E3,0x0882,
0x0061,0x0882,0x0862,0x0862,0x0882,0x0862,0x0041,0x0862,0x10C3,0x10C3,0x0882,0x0041,0x0041,0x0882,0x10C3,0x10C3,
0x212B,0x212B,0x212B,0x212B,0x212C,0x212C,0x212B,0x212B,0x214C,0x190B,0x214C,0x4A70,0x31AE,0x214C,0x18EA,0x296D,
0x212C,0x212C,0x212C,0x212C,0x212C,0x212C,0x212C,0x212C,0x214C,0x214C,0x212C,0x212C,0x214C,0x214D,0x216D,0x216D,
0x296D,0x296D,0x296D,0x296D,0x216C,0x214C,0x214C,0x192C,0x194C,0x194C,0x194B,0x194B,0x194B,0x194B,0x194B,0x194B,
0x194B,0x194B,0x194B,0x194B,0x194B,0x194B,0x192B,0x192B,0x192B,0x192B,0x192B,0x192B,0x192B,0x192B,0x192B,0x192B,
0x192B,0x192B,0x192B,0x192B,0x192B,0x192B,0x192B,0x192B,0x192B,0x192B,0x192B,0x192B,0x192B,0x192B,0x192B,0x192B,
0x192A,0x192A,0x192A,0x192A,0x192A,0x192A,0x192A,0x192A,0x192A,0x192A,0x192A,0x192A,0x192A,0x192A,0x192A,0x192A,
0x192A,0x194A,0x194B,0x194B,0x194B,0x194B,0x194B,0x194B,0x194B,0x216B,0x216B,0x216B,0x216C,0x29AD,0x29AD,0x218C,
0x29EE,0x216C,0x218C,0x320E,0x320F,0x29CE,0x218D,0x29CE,0x31EF,0x3A51,0x3A31,0x3A31,0x4A93,0x5B15,0x6336,0x6B77,
0x7BF9,0x8439,0x8C5A,0x8C7A,0xAD3C,0xBDBE,0xBDBD,0xD63F,0xCE1E,0xDE9F,0xDE9F,0x7BB5,0x5AB1,0x41EF,0x4230,0x39CE,
0x316E,0x318E,0x39AF,0x39CF,0x39CF,0x39AF,0x316E,0x316D,0x39AE,0x39AF,0x39CF,0x41CF,0x41CF,0x41CF,0x39AF,0x39AE,
0x49F0,0x316D,0x49EF,0x41AE,0x5210,0x6AB3,0x49AF,0x51CF,0x498E,0x498E,0x498E,0x418E,0x41AE,0x41AE,0x39AE,0x39AE,
0x39AE,0x39AF,0x41AE,0x41AF,0x41AF,0x41CF,0x49CF,0x49CF,0x49AE,0x49AE,0x49AE,0x49AE,0x498E,0x498E,0x51AE,0x51AE,
0x498E,0x51AE,0x498E,0x51CF,0x49AE,0x49CE,0x5A30,0x49CE,0x49AE,0x49AE,0x49AE,0x49CE,0x49AE,0x51CE,0x51CE,0x59EF,
0x51AE,0x518D,0x51AE,0x518D,0x516D,0x518D,0x59AE,0x516D,0x518D,0x59CE,0x516D,0x59AE,0x61CE,0x59AD,0x492C,0x61CE,
0x598D,0x598D,0x598D,0x598D,0x59AD,0x59AD,0x598D,0x598D,0x61AD,0x61AD,0x618D,0x618D,0x61AD,0x61AD,0x61AD,0x618D,
0x698D,0x69AD,0x698C,0x698C,0x71AC,0x81ED,0x8A2D,0x8A0E,0x9A4F,0x920E,0x9A2F,0x9A2F,0xA270,0x920E,0x9A2E,0x926E,
0x71C9,0x720A,0x7A2C,0x69CB,0x4085,0x5948,0x5967,0x4925,0x5A27,0x3963,0x28E2,0x20E2,0x18C2,0x18C2,0x1082,0x0841,
0x0861,0x0862,0x1082,0x10A2,0x08A2,0x08A2,0x08A2,0x10C2,0x0881,0x0881,0x10A2,0x10C2,0x18C2,0x10C2,0x10A2,0x10A2,
0x10A2,0x10A2,0x18C3,0x18A2,0x20C4,0x28E4,0x2083,0x28A4,0x522A,0x3146,0x2905,0x20C4,0x1082,0x0882,0x0041,0x0061,
0x0862,0x0882,0x0862,0x0041,0x0862,0x0061,0x0061,0x08A2,0x08A2,0x10A3,0x10A3,0x0882,0x0862,0x0882,0x0882,0x0862,
0x212B,0x212B,0x212B,0x212B,0x212B,0x212C,0x212B,0x212B,0x296C,0x190B,0x294C,0x39EF,0x31AD,0x212B,0x210B,0x294C,
0x212C,0x214C,0x214C,0x214C,0x214C,0x214C,0x214C,0x214C,0x214C,0x214C,0x212C,0x214C,0x214C,0x214D,0x296D,0x296D,
0x298D,0x216C,0x214C,0x214C,0x216C,0x216C,0x214C,0x192B,0x194B,0x194C,0x214C,0x214C,0x216C,0x194C,0x194C,0x194B,
0x194B,0x194B,0x194B,0x192B,0x192B,0x192B,0x192B,0x192B,0x192B,0x192B,0x192B,0x192B,0x192B,0x192B,0x192B,0x192B,
0x194B,0x194B,0x194B,0x194B,0x192B,0x192B,0x192B,0x192B,0x192B,0x192B,0x192B,0x192B,0x192B,0x192B,0x192B,0x192B,
0x192A,0x192A,0x192A,0x192A,0x192A,0x192A,0x192A,0x192A,0x194B,0x194B,0x194B,0x194B,0x192A,0x192A,0x192A,0x192A,
0x192A,0x194B,0x194B,0x194B,0x194B,0x194B,0x194B,0x194B,0x216B,0x216C,0x216C,0x216C,0x218C,0x29CD,0x29CD,0x29AD,
0x31CE,0x218C,0x216C,0x29CE,0x322F,0x320E,0x29EE,0x29EF,0x196D,0x3A51,0x52D4,0x5B15,0x6356,0x6336,0x5AF5,0x52D5,
0x6377,0x73F9,0x94BC,0x949B,0x9CDB,0xAD3C,0xAD3B,0xC5BD,0xCE1E,0xC5DD,0xCE3E,0xDEBF,0x5270,0x4A2F,0x39CE,0x39CE,
0x39CF,0x39AF,0x318E,0x318E,0x318E,0x39AF,0x41CF,0x41F0,0x41CF,0x41AF,0x398F,0x398E,0x398E,0x398E,0x39AF,0x41AF,
0x398D,0x396D,0x49CF,0x418E,0x416D,0x49AE,0x414D,0x496E,0x498E,0x498E,0x498E,0x418E,0x41AE,0x41AE,0x39AE,0x39AE,
0x398E,0x398E,0x398E,0x398E,0x41AE,0x41AE,0x41AE,0x49AE,0x49CE,0x49AE,0x49AE,0x49AE,0x49AE,0x51AE,0x51AE,0x51AE,
0x518E,0x51CF,0x51AE,0x49AE,0x49AE,0x51EF,0x5A30,0x49AE,0x49AE,0x49CE,0x49CE,0x49AD,0x49AE,0x51EF,0x59EF,0x51CE,
0x59CE,0x516D,0x518D,0x59AE,0x59AE,0x518D,0x59AD,0x518D,0x61CE,0x61CE,0x59AE,0x61CE,0x59AE,0x516D,0x598D,0x69EF,
0x598D,0x59AD,0x59AD,0x61AD,0x61AD,0x618D,0x618D,0x598D,0x61AD,0x61AD,0x61AD,0x61AD,0x61AD,0x61AD,0x61AD,0x61AD,
0x698D,0x71AD,0x71AD,0x71AC,0x820D,0x928F,0x9AAF,0x922E,0x89CC,0x818C,0x920E,0x9A4F,0xAAB1,0xA28F,0xBB32,0xC3D3,
0x930E,0x722A,0x48C6,0x6149,0x71EB,0x8ACE,0x722A,0x4945,0x4184,0x3163,0x2942,0x18E2,0x1081,0x1082,0x10A2,0x0841,
0x1082,0x1082,0x0882,0x10A2,0x10A2,0x10A2,0x10C3,0x08A2,0x08A2,0x10A2,0x10A2,0x10C2,0x10A2,0x10A2,0x1082,0x1082,
0x10C2,0x10C2,0x18E3,0x1082,0x1862,0x28E4,0x2083,0x1022,0x3126,0x41A8,0x2905,0x1062,0x10A3,0x10A3,0x08A2,0x08A2,
0x0882,0x08A2,0x0882,0x0041,0x0862,0x0061,0x0061,0x0882,0x0882,0x10A3,0x10A3,0x0882,0x0862,0x0862,0x0862,0x0041,
0x210B,0x212B,0x212B,0x212B,0x212B,0x212B,0x212B,0x212B,0x214C,0x212B,0x296C,0x18EA,0x210B,0x212B,0x296D,0x190B,
0x212C,0x214C,0x214C,0x214C,0x214C,0x214C,0x214C,0x214C,0x214C,0x214C,0x214C,0x214C,0x214C,0x216D,0x296D,0x298D,
0x29AD,0x296C,0x214B,0x212B,0x214C,0x216C,0x216C,0x214C,0x214C,0x214C,0x214C,0x216C,0x216C,0x214C,0x194C,0x194B,
0x194B,0x194B,0x194B,0x194B,0x194B,0x192B,0x192B,0x192B,0x192B,0x192B,0x192B,0x192B,0x192B,0x192B,0x190B,0x190B,
0x194B,0x194B,0x194B,0x194B,0x194B,0x194B,0x192B,0x192B,0x194B,0x194B,0x194B,0x194B,0x194B,0x194B,0x194B,0x194B,
0x192B,0x192B,0x192B,0x192B,0x192B,0x192B,0x192B,0x192A,0x192A,0x192A,0x192A,0x192A,0x192A,0x192A,0x192A,0x192A,
0x192A,0x192A,0x194B,0x194B,0x192A,0x192A,0x194B,0x194B,0x194B,0x194B,0x194B,0x194B,0x216C,0x298D,0x29AD,0x218C,
0x218C,0x218C,0x218C,0x21AD,0x29AD,0x29EE,0x322F,0x3A50,0x52F3,0x4292,0x3A31,0x4272,0x52D4,0x4A93,0x4252,0x4A93,
0x5B15,0x73F9,0x94DC,0x8439,0x8439,0xA51B,0xAD3B,0xB57C,0xC5DD,0xDE9F,0xE6DF,0xDEBF,0xB55B,0x420E,0x4A2F,0x39AE,
0x39AE,0x39AF,0x41CF,0x41CF,0x41CF,0x41CF,0x39CF,0x39AF,0x398F,0x39AF,0x39AF,0x39AF,0x41AF,0x41AF,0x41AF,0x41AE,
0x41CF,0x49CF,0x418E,0x418E,0x49AF,0x49AF,0x51CF,0x416E,0x498E,0x498E,0x49AE,0x498E,0x41AE,0x41AE,0x41AE,0x41AE,
0x41AE,0x41AE,0x41AE,0x41AE,0x41AE,0x41AE,0x41AE,0x49AE,0x49CE,0x49CE,0x49AE,0x51AE,0x51AE,0x51AE,0x51AE,0x51AE,
0x59CF,0x51AE,0x498E,0x51AE,0x51AE,0x51AE,0x5A0F,0x49AE,0x498E,0x51CE,0x51CE,0x498D,0x51AE,0x5A0F,0x59EF,0x51AE,
0x518D,0x51AD,0x59AD,0x7AB2,0x59CE,0x59CE,0x514C,0x61CE,0x59AE,0x59AE,0x61EF,0x598D,0x598D,0x61AD,0x69EE,0x596D,
0x59AD,0x59AD,0x59AD,0x61AD,0x61AD,0x618D,0x618D,0x618D,0x61AD,0x61AD,0x61AD,0x61AD,0x61AD,0x61AD,0x61AD,0x698D,
0x696C,0x71AD,0x71CC,0x79CB,0x8A4D,0x9AEE,0x926D,0x798A,0x8A4D,0x924E,0xA2D0,0x924E,0x9A6E,0x8A0D,0x9A6E,0x928D,
0x7A2A,0x5967,0x6189,0x50E7,0x79EC,0x79EB,0x5106,0x59A7,0x6269,0x3163,0x18C1,0x10E1,0x10A2,0x0881,0x18E3,0x2945,
0x18C3,0x10A3,0x0882,0x10A2,0x10C3,0x10C3,0x10A2,0x0882,0x10C2,0x10C2,0x10A2,0x10A2,0x1081,0x1082,0x1081,0x1081,
0x08A1,0x0881,0x18E3,0x18C2,0x18A2,0x3145,0x41A7,0x41A7,0x2083,0x3987,0x20C4,0x18A3,0x1082,0x0041,0x10E4,0x0041,
0x0041,0x0882,0x0882,0x0882,0x0882,0x0862,0x0041,0x0862,0x10C3,0x10C3,0x0882,0x0061,0x0041,0x0862,0x0882,0x08A2,
0x212B,0x296C,0x210B,0x210B,0x210B,0x318D,0x190B,0x294C,0x212C,0x212C,0x212B,0x212B,0x212B,0x214C,0x214B,0x214C,
0x212C,0x212C,0x214D,0x214D,0x212C,0x212C,0x214C,0x214C,0x214C,0x214C,0x214C,0x214C,0x214C,0x214C,0x214C,0x214C,
0x216C,0x216C,0x216C,0x216C,0x214C,0x214C,0x214B,0x214B,0x216C,0x214C,0x214C,0x214C,0x192B,0x192B,0x192B,0x192B,
0x192B,0x192B,0x192B,0x192B,0x192B,0x194B,0x194B,0x194B,0x192B,0x192B,0x192B,0x192B,0x192B,0x192B,0x192B,0x192B,
0x192B,0x192B,0x192B,0x192B,0x192B,0x192B,0x192B,0x192B,0x194B,0x194B,0x194B,0x194B,0x194B,0x194B,0x194B,0x194B,
0x194B,0x194B,0x194B,0x192B,0x192B,0x192B,0x192B,0x194B,0x194B,0x192B,0x192A,0x192A,0x194B,0x194B,0x194A,0x192A,
0x194A,0x192A,0x192A,0x192A,0x192A,0x192A,0x192B,0x194B,0x194B,0x194B,0x192B,0x194B,0x216C,0x218C,0x218C,0x218C,
0x218D,0x218D,0x29AD,0x320F,0x3A70,0x4291,0x42B2,0x4AF3,0x3A50,0x320F,0x31EF,0x3A30,0x4292,0x4AD3,0x52F4,0x5314,
0x6BB7,0x7C3A,0x7C3A,0x73F9,0x7C19,0x8C7A,0x9CDB,0xAD5C,0xBDBC,0xD67E,0xDE9E,0xD67F,0xE6DF,0x8BF6,0x49CE,0x4A10,
0x41EF,0x41CF,0x41CF,0x398E,0x39AF,0x41AF,0x396E,0x41D0,0x39AF,0x39AF,0x39AF,0x39AE,0x39AE,0x39AE,0x41AE,0x41AE,
0x41AE,0x41AE,0x49AE,0x49AE,0x49AE,0x49AE,0x49AE,0x49AE,0x49AE,0x49AE,0x49AE,0x49AE,0x49AE,0x49AE,0x41AE,0x41AE,
0x41CE,0x41AE,0x418E,0x41AE,0x41AE,0x41AE,0x49AE,0x49CE,0x49AE,0x49AE,0x51AE,0x51AE,0x518E,0x518E,0x518E,0x59AE,
0x59CF,0x518E,0x518E,0x59EF,0x6A51,0x6A71,0x620F,0x518D,0x518D,0x51AE,0x51CE,0x59CE,0x59EE,0x59CE,0x51CE,0x59AE,
0x59AE,0x59CE,0x59CE,0x59CE,0x59CE,0x59CE,0x59AD,0x59AD,0x59AE,0x59AE,0x59AD,0x61AD,0x61AD,0x61AD,0x61AD,0x61AD,
0x61AD,0x59AD,0x59AD,0x598D,0x598D,0x618D,0x618D,0x618D,0x69AD,0x69AD,0x616C,0x698D,0x71EE,0x71CE,0x698D,0x698C,
0x71AC,0x79EC,0x79EB,0x822B,0x8AAB,0x8A8A,0x71C8,0x6166,0x71E9,0x79EA,0x79CA,0x92AE,0xA30F,0x81EB,0x9AAE,0x822B,
0x930E,0x824C,0x820C,0x6908,0x68E8,0x81EC,0xA32F,0x7A2B,0x4125,0x1881,0x0860,0x18E2,0x2164,0x1924,0x10A3,0x2945,
0x4229,0x10A3,0x10A2,0x10C3,0x0882,0x0882,0x0882,0x0881,0x10C2,0x10A2,0x10A2,0x10A2,0x10A2,0x10A2,0x1082,0x0861,
0x18E2,0x0860,0x0881,0x20E3,0x20E3,0x20C3,0x4186,0x6ACB,0x4187,0x1862,0x20C4,0x20C4,0x18C3,0x0862,0x10C3,0x0882,
0x0882,0x0882,0x08A2,0x08A2,0x0862,0x0861,0x0861,0x0862,0x0861,0x0861,0x0861,0x0861,0x0861,0x0861,0x0061,0x0882,
0x212B,0x294C,0x190B,0x214C,0x212B,0x212C,0x10CA,0x296C,0x214C,0x214C,0x214C,0x214C,0x214C,0x214C,0x214C,0x214C,
0x212C,0x214D,0x214D,0x214D,0x214C,0x212C,0x214C,0x214C,0x214C,0x214C,0x214C,0x214C,0x216C,0x216C,0x216C,0x214C,
0x216C,0x216C,0x216C,0x214C,0x214C,0x214C,0x214B,0x214B,0x214C,0x214C,0x214B,0x214B,0x212B,0x192B,0x192B,0x192B,
0x192B,0x192B,0x192B,0x192B,0x192B,0x192B,0x194B,0x194B,0x192B,0x192B,0x192B,0x192B,0x192B,0x192B,0x192B,0x192B,
0x192B,0x192B,0x192B,0x192B,0x192B,0x192B,0x192B,0x192B,0x194B,0x194B,0x194B,0x194B,0x194B,0x194B,0x194B,0x194B,
0x194B,0x194C,0x194B,0x194B,0x192B,0x192B,0x192B,0x192B,0x194B,0x192B,0x192B,0x192A,0x194B,0x194B,0x192A,0x192A,
0x110A,0x192A,0x194B,0x194B,0x194B,0x194B,0x192A,0x110A,0x190B,0x194B,0x216C,0x194C,0x110B,0x110B,0x214C,0x29AD,
0x322F,0x3250,0x3A70,0x42B1,0x4291,0x3230,0x29CE,0x21AE,0x3230,0x3230,0x3A71,0x42B2,0x4AD2,0x4AF3,0x5334,0x5B55,
0x5B76,0x6BF8,0x73F9,0x73F9,0x7C19,0x845A,0x94BB,0xAD3C,0xBDBD,0xBDDC,0xCE3D,0xDE7E,0xDE9F,0xD63E,0x6AF2,0x49CF,
0x49EF,0x41CF,0x41CF,0x398E,0x39AF,0x41CF,0x398E,0x41CF,0x39AF,0x39AF,0x39AE,0x39AE,0x41AE,0x41AE,0x41CE,0x41AE,
0x41AE,0x49AE,0x49AE,0x49AE,0x49AE,0x49AE,0x49AE,0x49AE,0x49AE,0x49AE,0x49CE,0x49CE,0x49CE,0x49CE,0x49AE,0x49AE,
0x41AE,0x41AE,0x41AE,0x41AE,0x49CE,0x49CF,0x49CE,0x49CE,0x49AE,0x51CE,0x51CE,0x51AE,0x59AE,0x598E,0x598E,0x59AE,
0x59AE,0x518E,0x518E,0x59CF,0x6210,0x6210,0x59CE,0x516D,0x59CE,0x59CE,0x59CE,0x59CE,0x59CE,0x59CE,0x59CE,0x59AE,
0x51AD,0x59AE,0x59CE,0x59CE,0x59CE,0x59AE,0x59AD,0x598D,0x59AD,0x61AD,0x61AD,0x61AD,0x61AD,0x61AD,0x61AD,0x61AD,
0x61AD,0x61AD,0x61AD,0x61AD,0x61AD,0x61AD,0x61AD,0x69AD,0x69AD,0x69AD,0x698D,0x69AD,0x71EE,0x71CE,0x71CE,0x820E,
0x820C,0x8A6D,0x928C,0x92AB,0x92EB,0x8AA9,0x69C6,0x5924,0x5124,0x6166,0x69A8,0x8A6C,0x9AEE,0x79EA,0x822A,0x71C8,
0x71C9,0x7A0B,0xA2EF,0x798A,0x70E8,0xA28E,0xB371,0x92EF,0x40E5,0x28C3,0x18C3,0x2144,0x2964,0x2124,0x18E3,0x18C3,
0x18E4,0x0021,0x0862,0x0882,0x0862,0x10A2,0x10A2,0x10E3,0x10C2,0x10A2,0x10A2,0x10A2,0x10A2,0x0861,0x0841,0x0861,
0x0880,0x1081,0x18E2,0x2923,0x28E3,0x20A2,0x28E3,0x3945,0x20A3,0x2904,0x2905,0x1062,0x20C4,0x18C3,0x0021,0x10A3,
0x0882,0x08A2,0x10A2,0x10A2,0x0882,0x0882,0x0862,0x0862,0x0882,0x0882,0x0882,0x0882,0x0861,0x0861,0x0882,0x0882,
0x318D,0x20EB,0x294C,0x39EE,0x212B,0x212B,0x296C,0x298D,0x294C,0x294C,0x216C,0x214C,0x214C,0x214C,0x214C,0x214C,
0x212C,0x214D,0x214D,0x214D,0x214C,0x214C,0x214C,0x214C,0x214C,0x214C,0x214C,0x214C,0x214C,0x214C,0x216C,0x214C,
0x214C,0x214C,0x214C,0x214C,0x214C,0x214B,0x214B,0x214B,0x214B,0x214B,0x214B,0x214B,0x212B,0x212B,0x212B,0x192B,
0x192B,0x192B,0x192B,0x192B,0x192B,0x192B,0x192B,0x192B,0x192B,0x192B,0x192B,0x192B,0x192B,0x192B,0x192B,0x192B,
0x212B,0x212B,0x212B,0x212B,0x212B,0x212B,0x212B,0x212B,0x212B,0x212B,0x212B,0x212B,0x212B,0x212B,0x212B,0x194B,
0x194B,0x194B,0x194B,0x194B,0x194B,0x192B,0x192B,0x192B,0x192B,0x192B,0x192B,0x194B,0x194B,0x194B,0x194B,0x192B,
0x196B,0x194B,0x192B,0x192A,0x192A,0x194B,0x196C,0x216C,0x192B,0x192B,0x112B,0x192B,0x216C,0x29AD,0x320F,0x3A50,
0x3A50,0x320F,0x29CE,0x29CE,0x29CE,0x29EE,0x3A50,0x4291,0x42B1,0x4AB2,0x4AD2,0x4AB2,0x3A71,0x3230,0x3A50,0x4291,
0x5314,0x6376,0x6BD8,0x73F9,0x7C19,0x7C19,0x8C7A,0xA51B,0xBDBD,0xBDDC,0xCE1D,0xD65E,0xDE7F,0xF73F,0xACD9,0x49EF,
0x41EF,0x41AE,0x49EF,0x41AE,0x398E,0x41CF,0x398E,0x41CF,0x41AF,0x41AF,0x41AF,0x41AF,0x41AE,0x41CE,0x41CE,0x41AE,
0x41AE,0x49AE,0x49AE,0x49AE,0x49AE,0x49AE,0x49AE,0x49AE,0x49CF,0x49CF,0x49CE,0x49CE,0x49CE,0x49CE,0x49CE,0x49CE,
0x41AE,0x49AE,0x49CE,0x49AE,0x49CF,0x51EF,0x51EF,0x49CE,0x49CE,0x51CE,0x51CF,0x59CF,0x59AE,0x59AE,0x59AE,0x59AE,
0x59CE,0x59CE,0x59CE,0x59EF,0x61EF,0x59EF,0x59CE,0x518D,0x61EF,0x61EF,0x59EE,0x59CE,0x59CE,0x59CE,0x59CE,0x59CE,
0x59AD,0x59AD,0x59AD,0x59AD,0x59AD,0x59AD,0x59AD,0x59AD,0x61AD,0x61AD,0x61AD,0x61AD,0x618D,0x61AD,0x61AD,0x61AD,
0x61CD,0x61CD,0x61AD,0x61AD,0x61AD,0x61AD,0x69AD,0x69AD,0x69AD,0x71CE,0x71CD,0x71AD,0x71CD,0x71AD,0x71AD,0x822E,
0x7169,0x8A2A,0x8A8B,0x8A69,0x8288,0x8287,0x6A05,0x61A4,0x5143,0x5965,0x61A6,0x69C8,0x826A,0x71E8,0x71C7,0x7A08,
0x8ACD,0x826C,0xAB30,0x926E,0x796A,0x9A6E,0x8A4C,0x826C,0x38E5,0x3925,0x20E3,0x2123,0x18C2,0x18A2,0x2924,0x1062,
0x1062,0x1083,0x18E4,0x10A3,0x0882,0x10A2,0x0882,0x10C2,0x18E3,0x10A2,0x10C2,0x18E3,0x10C3,0x0861,0x0861,0x10C2,
0x0860,0x18E2,0x2944,0x3164,0x3124,0x3124,0x30E4,0x28C3,0x4166,0x1862,0x20A3,0x20C4,0x0821,0x20E4,0x18E4,0x1082,
0x0882,0x0882,0x0882,0x0882,0x10A2,0x0882,0x0862,0x0861,0x10A2,0x0882,0x0882,0x0862,0x0861,0x0882,0x0882,0x0882,
0x210A,0x318C,0x296C,0x210B,0x18CA,0x294C,0x296C,0x18CA,0x296C,0x296C,0x296C,0x216C,0x216C,0x214C,0x214C,0x214C,
0x214C,0x214D,0x214D,0x214D,0x214D,0x214C,0x214C,0x214C,0x216C,0x214C,0x214C,0x214C,0x214C,0x214C,0x216C,0x214C,
0x214C,0x214C,0x214C,0x214B,0x214B,0x214B,0x214B,0x214B,0x212B,0x212B,0x212B,0x212B,0x214B,0x214B,0x214B,0x214B,
0x192B,0x192B,0x192B,0x192B,0x192B,0x192B,0x192B,0x192B,0x194B,0x194B,0x194B,0x194B,0x194B,0x194B,0x194B,0x194B,
0x214B,0x214B,0x214B,0x214B,0x214B,0x214B,0x214B,0x214B,0x212B,0x212B,0x212B,0x212B,0x212B,0x212B,0x212B,0x212B,
0x194B,0x194B,0x194B,0x194B,0x194B,0x194B,0x192B,0x192B,0x192B,0x192B,0x194B,0x194B,0x194B,0x194B,0x194B,0x192B,
0x112A,0x192B,0x194B,0x196C,0x196C,0x194B,0x192B,0x112B,0x192B,0x194B,0x21AD,0x320E,0x3A50,0x3A50,0x31EE,0x218D,
0x196C,0x196C,0x21AD,0x29EE,0x322F,0x3A50,0x4291,0x42B1,0x322F,0x3230,0x322F,0x320F,0x29CE,0x29CE,0x3A30,0x4292,
0x4AF3,0x5B55,0x6BB7,0x73F9,0x7C19,0x73D8,0x7BF8,0x949A,0xAD3B,0xCE1E,0xC61D,0xCE3D,0xDE9F,0xD65F,0xDE7F,0x7B54,
0x49EF,0x41AE,0x41CF,0x41AE,0x41AE,0x41CF,0x41AF,0x41AF,0x41AF,0x41AF,0x41AF,0x41AF,0x41AE,0x41AE,0x41CE,0x41CE,
0x41AE,0x49AE,0x49AE,0x49AE,0x49AE,0x49AE,0x49AE,0x49AE,0x49CF,0x49CF,0x49CE,0x49CE,0x49CE,0x49CE,0x49AE,0x49CE,
0x49AE,0x49CF,0x49CF,0x49AE,0x49CE,0x51EF,0x520F,0x49CE,0x51CE,0x51CE,0x59CF,0x59CF,0x59CF,0x59AE,0x59AE,0x59AE,
0x59CF,0x61EF,0x61EF,0x61EF,0x59CF,0x59CE,0x59CE,0x59CE,0x620F,0x620F,0x59EE,0x59CE,0x59AE,0x59CE,0x59CE,0x59CE,
0x59CE,0x59CE,0x59CE,0x59CE,0x59CE,0x59CD,0x61CE,0x61CE,0x61AD,0x61AD,0x61AD,0x618D,0x61AD,0x61AD,0x61AD,0x61AD,
0x69CD,0x61CD,0x61AD,0x61AD,0x61AD,0x61AD,0x698D,0x698D,0x69AD,0x71CD,0x71AD,0x71AD,0x71AD,0x718D,0x718D,0x81ED,
0x8A2C,0xA2ED,0xA30C,0x8248,0x69C5,0x69E4,0x61E4,0x61E4,0x6A26,0x6A06,0x6A07,0x61A6,0x7A28,0x7A28,0x69A6,0x826A,
0xC473,0x9B0F,0x822C,0x79AA,0x7129,0x926E,0x8A4C,0x720B,0x38E4,0x3945,0x28E3,0x2944,0x18A2,0x1882,0x3966,0x1883,
0x1062,0x18E4,0x2946,0x18C3,0x10A3,0x10A3,0x0861,0x10A2,0x10A2,0x0881,0x0861,0x08A2,0x10A2,0x0881,0x0861,0x1081,
0x18C2,0x2123,0x3144,0x2924,0x3124,0x3965,0x4165,0x3925,0x5A4A,0x6AAB,0x3946,0x28E4,0x20A3,0x20C4,0x1083,0x10A3,
0x1082,0x1082,0x0882,0x0882,0x10A2,0x10A2,0x0882,0x0861,0x0882,0x0882,0x0861,0x0861,0x0882,0x0882,0x10A2,0x10A2,
0x294B,0x39AD,0x18EA,0x210B,0x39CE,0x212B,0x18EA,0x296C,0x296C,0x296C,0x296C,0x296C,0x214C,0x214C,0x214C,0x214C,
0x214D,0x214D,0x214D,0x214D,0x214D,0x214D,0x214C,0x216D,0x214C,0x214C,0x214C,0x214C,0x214C,0x214C,0x214C,0x214C,
0x214C,0x214C,0x214C,0x214B,0x214B,0x214B,0x214B,0x214B,0x212B,0x212B,0x214B,0x214B,0x214B,0x214B,0x214B,0x214B,
0x192B,0x192B,0x192B,0x192B,0x194B,0x194B,0x194B,0x194B,0x194B,0x194B,0x194B,0x194B,0x194B,0x194B,0x194B,0x194B,
0x214B,0x214B,0x214B,0x214B,0x214B,0x214B,0x214B,0x214B,0x212B,0x212B,0x212B,0x212B,0x212B,0x212B,0x212B,0x212B,
0x194B,0x194B,0x194B,0x194B,0x194B,0x194B,0x194B,0x194B,0x192B,0x194B,0x194B,0x194C,0x194C,0x194B,0x194B,0x194B,
0x194B,0x194B,0x112B,0x112B,0x112B,0x194B,0x196C,0x196C,0x29EE,0x320F,0x322F,0x29EE,0x218D,0x194C,0x196C,0x218D,
0x29CD,0x29EE,0x322F,0x3A70,0x3A70,0x320F,0x29CE,0x21AD,0x29CD,0x21AD,0x21AD,0x29CE,0x29CE,0x320F,0x4271,0x4AD2,
0x5313,0x5B55,0x6396,0x6BD8,0x73D8,0x6B97,0x6B97,0x7BF8,0x8C38,0xB59D,0xBDBC,0xCE1D,0xD65E,0xC5BC,0xE6BF,0xC57C,
0x5A71,0x41AE,0x41CE,0x41CF,0x41AE,0x49CF,0x41AF,0x41AF,0x41AF,0x41AF,0x41AF,0x41AF,0x41AF,0x41AF,0x41CE,0x49CE,
0x49AE,0x49AE,0x49AE,0x49AE,0x49AE,0x49AE,0x49AE,0x49AE,0x49CE,0x49CE,0x49CE,0x51CE,0x51CE,0x51CE,0x49AE,0x49AE,
0x49CE,0x51CF,0x49CE,0x498E,0x49AE,0x51CF,0x51EF,0x49AE,0x51AE,0x51CE,0x59CE,0x59CE,0x59AE,0x59AE,0x59AE,0x61CE,
0x61CE,0x61EF,0x61EF,0x61EF,0x59CE,0x59AE,0x59CE,0x61CE,0x61EF,0x61EE,0x59CE,0x59AD,0x59AD,0x59AD,0x59CE,0x61CE,
0x61CE,0x61CE,0x59CD,0x61AD,0x61AD,0x61CD,0x61CE,0x61CE,0x61AD,0x61AD,0x61AD,0x61AD,0x61AD,0x61AD,0x69AD,0x69AD,
0x69CD,0x69AD,0x69AD,0x69AD,0x69AD,0x69AD,0x69AD,0x69AD,0x698C,0x69AC,0x698C,0x71AD,0x79CE,0x79CD,0x79AD,0x820D,
0x9AAE,0xAB2E,0x9ACC,0x7A07,0x69A4,0x61C4,0x61C3,0x59A3,0x6A26,0x6A47,0x7268,0x6A07,0x7A48,0x7A48,0x6165,0x7A08,
0x71E9,0x826C,0x71CA,0x81EB,0x8A4D,0xB392,0xA350,0x5967,0x30A3,0x3104,0x3124,0x41C7,0x3965,0x3104,0x49C8,0x3105,
0x1022,0x1083,0x18C4,0x1082,0x1083,0x18C3,0x1082,0x18C2,0x10A2,0x10A2,0x0881,0x0881,0x10C2,0x18E3,0x10C2,0x0881,
0x18E2,0x20E3,0x20C3,0x20A2,0x20A2,0x28E3,0x3104,0x3925,0x30E4,0x730D,0x51E8,0x49C8,0x2905,0x1862,0x20C4,0x18A3,
0x18C3,0x10A3,0x1082,0x1082,0x10A2,0x10A2,0x1082,0x1082,0x0882,0x0882,0x0861,0x0861,0x0882,0x10A2,0x10A2,0x10A3,
0x292B,0x210B,0x292B,0x294B,0x292B,0x31AD,0x52B1,0x212B,0x294C,0x294C,0x296C,0x294C,0x214C,0x214C,0x214C,0x214C,
0x214D,0x296D,0x296D,0x296D,0x214D,0x214D,0x216D,0x216D,0x214C,0x214C,0x216C,0x214C,0x214C,0x214C,0x214C,0x214C,
0x214C,0x214C,0x214C,0x214C,0x214C,0x214C,0x214C,0x214C,0x214B,0x214B,0x214B,0x214B,0x214B,0x214C,0x214C,0x214C,
0x214B,0x194B,0x194B,0x194B,0x214C,0x214C,0x214C,0x214C,0x214C,0x214C,0x214C,0x214C,0x214C,0x214C,0x214C,0x214C,
0x214B,0x214B,0x214B,0x214B,0x214B,0x214B,0x214B,0x214B,0x214B,0x214B,0x214B,0x214B,0x214B,0x214B,0x214B,0x214B,
0x214B,0x194B,0x194B,0x194B,0x194B,0x194B,0x194B,0x194B,0x194B,0x194B,0x194C,0x194C,0x194B,0x194C,0x214C,0x216C,
0x194B,0x194B,0x194B,0x196C,0x218C,0x29CD,0x320E,0x322F,0x320F,0x29CE,0x218D,0x192B,0x112B,0x196C,0x29CE,0x3A2F,
0x3A70,0x322F,0x29EE,0x29CD,0x21AD,0x218C,0x218C,0x21AD,0x29EE,0x29CE,0x29EE,0x320F,0x322F,0x322F,0x3A50,0x3A70,
0x5313,0x5334,0x5B55,0x5B56,0x6377,0x6357,0x6336,0x6B77,0x7BD7,0x9499,0xB55C,0xCDFE,0xC5DD,0xD61D,0xC5BC,0xE69F,
0x83B5,0x5230,0x49CF,0x49CF,0x41AE,0x49CF,0x41AF,0x41AF,0x41AF,0x49AF,0x49AF,0x49AF,0x49AF,0x49AF,0x49AE,0x49CF,
0x49AE,0x49AE,0x49AF,0x49AF,0x49AE,0x49AE,0x49CF,0x51AF,0x51CE,0x51CE,0x51CE,0x51CF,0x51CE,0x51CE,0x51AE,0x51AE,
0x51CF,0x51CE,0x49AE,0x49AE,0x49AE,0x51CE,0x51CE,0x51AE,0x51CE,0x51CE,0x59CE,0x59CE,0x59AE,0x61AE,0x61CF,0x61CF,
0x61EF,0x61EF,0x61EF,0x61EF,0x61CE,0x61CE,0x61CE,0x61EF,0x61EE,0x61CE,0x59CE,0x59AD,0x59AD,0x59AD,0x61CE,0x61CE,
0x59CD,0x59AD,0x59AD,0x61AD,0x61AD,0x61AD,0x61CD,0x69CD,0x69AD,0x69AD,0x69AD,0x69AD,0x69AD,0x69AD,0x69AD,0x69AD,
0x69AD,0x69AD,0x69AD,0x69CD,0x71CD,0x71EE,0x71EE,0x79EE,0x71CD,0x71CD,0x71AD,0x79CD,0x820E,0x81EE,0x79CD,0x81ED,
0x8A0C,0x926C,0x8A2A,0x79E7,0x7A27,0x7A67,0x6A05,0x59A3,0x59E4,0x6226,0x6A47,0x6A07,0x69E7,0x7228,0x5944,0x69A7,
0x5926,0x7A2A,0x6968,0x71AA,0x79CA,0x824C,0x9B2F,0x722B,0x38C4,0x30E3,0x30E3,0x41A6,0x4165,0x4125,0x59C8,0x5188,
0x30E5,0x1883,0x1883,0x1863,0x1862,0x18A3,0x1082,0x18A2,0x20E3,0x18E3,0x10A2,0x1081,0x10E2,0x2144,0x1903,0x0881,
0x1081,0x18A2,0x20A2,0x20C2,0x20A2,0x28C3,0x30C4,0x3104,0x1842,0x3945,0x3946,0x72EC,0x4A09,0x1862,0x2905,0x1883,
0x18A3,0x10A3,0x1082,0x1082,0x1082,0x0882,0x0862,0x0862,0x10A2,0x0882,0x0862,0x0862,0x0882,0x10A2,0x10A2,0x10A2,
0x292B,0x5250,0x62F2,0x318C,0x18C9,0x6B33,0xA4FA,0x210A,0x296B,0x294C,0x296C,0x296C,0x216C,0x216C,0x214C,0x214C,
0x294D,0x294D,0x296D,0x296D,0x296D,0x214D,0x296D,0x296D,0x216C,0x214C,0x214C,0x214C,0x214C,0x214C,0x214C,0x214C,
0x214C,0x214C,0x214C,0x214C,0x214C,0x214C,0x214C,0x214C,0x214C,0x214C,0x214C,0x214C,0x214C,0x214C,0x214C,0x214C,
0x214C,0x214C,0x214C,0x214C,0x214C,0x214C,0x214C,0x214C,0x214C,0x214C,0x214C,0x214C,0x214C,0x214C,0x214C,0x214C,
0x214C,0x214C,0x214C,0x214C,0x214C,0x214C,0x214C,0x214C,0x214C,0x214C,0x214C,0x214C,0x214C,0x214C,0x214C,0x214C,
0x214B,0x194B,0x194B,0x194B,0x194B,0x194B,0x194B,0x194B,0x194C,0x194C,0x194C,0x194C,0x194C,0x194C,0x214C,0x216C,
0x110B,0x196C,0x29EE,0x3A4F,0x3A50,0x322F,0x29CE,0x218C,0x112B,0x192C,0x216D,0x29CE,0x322F,0x3A50,0x31EF,0x21AD,
0x218C,0x218C,0x218C,0x21AC,0x21AD,0x21AD,0x29CD,0x29CD,0x29CD,0x29CD,0x29EE,0x322F,0x3A4F,0x3A70,0x4290,0x42B1,
0x4AF2,0x4B13,0x4AF3,0x4AF4,0x5B36,0x6356,0x6336,0x6356,0x7BB8,0x7BD7,0xAD1B,0xC5DD,0xBD9C,0xCE1D,0xBD7A,0xD63E,
0xB53B,0x6AF3,0x49EF,0x49EF,0x49AE,0x49AF,0x49AF,0x49AF,0x49AF,0x49AF,0x49AF,0x49AF,0x49AF,0x49AF,0x49AF,0x49AF,
0x49CE,0x49AE,0x49AE,0x49AE,0x51AF,0x51CE,0x51CE,0x51AE,0x51CF,0x51CE,0x51CE,0x51CE,0x51CE,0x51CE,0x51CE,0x51CE,
0x59EF,0x51AE,0x51AE,0x51EF,0x59EF,0x51CE,0x51AE,0x51CE,0x59CE,0x59CE,0x59CE,0x59CE,0x59AE,0x61CE,0x61CF,0x69EF,
0x6A0F,0x6A0F,0x69EF,0x61EF,0x69EF,0x69EF,0x69EF,0x61EE,0x61CE,0x61CE,0x61CE,0x61CD,0x61CD,0x61CD,0x61CD,0x61CD,
0x61AD,0x61AD,0x61AD,0x61AD,0x61AD,0x61AD,0x69AD,0x69CD,0x69CD,0x69AD,0x69AD,0x69AD,0x69AD,0x71AD,0x71AD,0x71CD,
0x71CD,0x69CD,0x71CD,0x71CD,0x71CD,0x71ED,0x79EE,0x79EE,0x7A0E,0x820E,0x79CD,0x79CD,0x81EE,0x79CD,0x79AD,0x81CD,
0x9A4D,0xA2AD,0x9AAD,0x928B,0x8A8A,0x7A68,0x61E5,0x5183,0x51A4,0x59E5,0x61E5,0x61E6,0x5985,0x69C6,0x6165,0x6186,
0x6166,0x6988,0x6988,0x71CA,0x6989,0x5907,0x71EA,0x7A6B,0x4966,0x3924,0x30E3,0x30E3,0x3904,0x4125,0x5187,0x59A9,
0x5A2B,0x28E5,0x2084,0x2084,0x1863,0x1862,0x1882,0x20C3,0x20C2,0x18A2,0x1081,0x0881,0x10C2,0x1903,0x18E3,0x0881,
0x0860,0x18A2,0x2103,0x2904,0x2904,0x2904,0x3104,0x30E4,0x30E4,0x4187,0x3105,0x4A08,0x6B0D,0x20C4,0x0000,0x20C4,
0x18A3,0x18A3,0x18A3,0x10A3,0x1082,0x0862,0x0861,0x0861,0x1082,0x0882,0x0861,0x0862,0x1082,0x10A2,0x10A2,0x1082,
0x314C,0x41CD,0x292B,0x290A,0x39AD,0x210A,0x39AD,0x318C,0x294B,0x294C,0x294C,0x294C,0x296C,0x296C,0x296D,0x296D,
0x294D,0x296D,0x296D,0x296D,0x296D,0x214D,0x296D,0x296D,0x216C,0x214C,0x216C,0x214C,0x214C,0x214C,0x214C,0x214C,
0x214C,0x214C,0x214C,0x214C,0x214C,0x214C,0x214C,0x214C,0x214C,0x214C,0x214C,0x214C,0x214C,0x214C,0x214C,0x214C,
0x214C,0x214C,0x214C,0x214C,0x214C,0x214C,0x214C,0x214C,0x214C,0x214C,0x214C,0x214C,0x214C,0x214C,0x214C,0x214C,
0x214C,0x214C,0x214C,0x214C,0x214C,0x214C,0x214C,0x214C,0x214C,0x214C,0x214C,0x214C,0x214C,0x214C,0x214C,0x214C,
0x214B,0x194B,0x194B,0x194B,0x194B,0x194B,0x194B,0x194B,0x194C,0x214C,0x214C,0x194C,0x192C,0x194C,0x216C,0x218D,
0x4270,0x3A2F,0x29EE,0x21AD,0x196C,0x194C,0x194B,0x194B,0x29AE,0x31EF,0x322F,0x322F,0x29CE,0x218D,0x196C,0x194C,
0x196B,0x196B,0x198B,0x21AC,0x29CD,0x29CD,0x29ED,0x29EE,0x322E,0x320E,0x320E,0x322E,0x322F,0x3A4F,0x4290,0x4AD1,
0x42D1,0x4AF3,0x42B2,0x42B2,0x5315,0x6377,0x6357,0x6356,0x6B97,0x7397,0x9CDB,0xB57D,0xBDBD,0xBD7B,0xCE1D,0xC5BC,
0xDE7F,0x7B75,0x520F,0x51EF,0x49AE,0x49AE,0x49AE,0x49AF,0x49AF,0x49AF,0x49AF,0x49AF,0x49AF,0x49AF,0x49CF,0x49CF,
0x49AE,0x49AE,0x49AE,0x51AF,0x51CE,0x51AE,0x51AE,0x51AE,0x51CF,0x51CF,0x59EF,0x59CF,0x59CE,0x59CE,0x51CE,0x51CE,
0x59EF,0x51AE,0x51CE,0x6230,0x6230,0x59CF,0x51AE,0x59EF,0x59EF,0x59EF,0x61CE,0x61CE,0x61AE,0x61CF,0x69EF,0x69EF,
0x6A0F,0x69EF,0x61CE,0x61CE,0x69EE,0x69EE,0x61EE,0x61CE,0x61CE,0x61CD,0x61CD,0x61CD,0x61CD,0x61CD,0x61CD,0x61AD,
0x61CD,0x61AD,0x61AD,0x61CD,0x69CD,0x69CD,0x69CD,0x69CD,0x69AD,0x69CD,0x71AD,0x71AD,0x71AD,0x71CD,0x71AD,0x71CD,
0x71CD,0x71CD,0x71CD,0x71AD,0x71AD,0x71AD,0x71AD,0x71AD,0x79CD,0x79CD,0x79AD,0x79AD,0x79CD,0x79AD,0x79AD,0x89ED,
0x91EC,0xA28E,0xAAEE,0x9AAC,0x8229,0x69A6,0x5964,0x5984,0x5183,0x59E5,0x61E5,0x6A26,0x5985,0x69E6,0x6185,0x5945,
0x6166,0x5926,0x6147,0x50E5,0x6127,0x6168,0x826C,0x934E,0x59C8,0x4986,0x4145,0x38E3,0x4125,0x5146,0x4926,0x5147,
0x728C,0x30C5,0x2863,0x28A4,0x2063,0x2083,0x30E4,0x3945,0x28E3,0x20C3,0x18A2,0x20E3,0x2124,0x2144,0x2124,0x2124,
0x0860,0x18E3,0x2924,0x2103,0x20E3,0x28E3,0x20C3,0x2083,0x1882,0x20A3,0x2904,0x1041,0x20C4,0x20C4,0x1883,0x1883,
0x18C3,0x20E4,0x20E4,0x20E4,0x18C3,0x10A2,0x1082,0x0882,0x0862,0x0861,0x0841,0x0861,0x1082,0x10A3,0x10A3,0x10A2,
0x314C,0x314C,0x314C,0x314C,0x314C,0x314C,0x294B,0x294B,0x296C,0x294C,0x294C,0x294C,0x294C,0x294C,0x214C,0x214C,
0x294C,0x294D,0x296D,0x296D,0x296D,0x296D,0x296C,0x296C,0x214C,0x214C,0x216C,0x216C,0x216C,0x216C,0x216C,0x216C,
0x214C,0x214C,0x214C,0x214C,0x214C,0x214C,0x214C,0x214C,0x214C,0x214C,0x214C,0x214C,0x214C,0x214C,0x214C,0x214C,
0x214C,0x214C,0x214C,0x214C,0x214C,0x214C,0x214C,0x214C,0x214C,0x214C,0x214C,0x214C,0x214C,0x214C,0x214C,0x214C,
0x216C,0x216C,0x216C,0x216C,0x216C,0x216C,0x216C,0x216C,0x216C,0x216C,0x216C,0x216C,0x216C,0x216C,0x216C,0x296C,
0x298D,0x218C,0x214C,0x194B,0x194C,0x214C,0x214C,0x194C,0x216C,0x192B,0x190B,0x214C,0x29AE,0x320F,0x320F,0x31EF,
0x29AD,0x218D,0x194C,0x194C,0x196C,0x21AD,0x31EF,0x322F,0x322F,0x29EE,0x21AD,0x194C,0x192B,0x192B,0x194C,0x196C,
0x218C,0x218B,0x218C,0x218C,0x218C,0x218C,0x218C,0x21AC,0x29CD,0x29CD,0x29EE,0x31EE,0x320E,0x3A4F,0x4270,0x42B1,
0x42B1,0x5313,0x5313,0x4272,0x42B3,0x6376,0x73D9,0x6B98,0x7398,0x8419,0x8C5A,0xA4FB,0xBDBD,0xB55B,0xB55A,0xD65E,
0xCDDD,0xCDDE,0x5A30,0x5230,0x49CF,0x49CF,0x51CF,0x49AE,0x49AF,0x49AF,0x49AF,0x51AF,0x51CF,0x51CF,0x51CF,0x51CF,
0x5A10,0x51EF,0x51CE,0x51AE,0x51CE,0x51CF,0x51CF,0x51CF,0x51CF,0x59CF,0x59EF,0x59CE,0x51AE,0x59EF,0x59EF,0x518D,
0x518D,0x620F,0x51AE,0x51AE,0x6A71,0x620F,0x498D,0x620F,0x59CE,0x59CE,0x61CE,0x61CE,0x61CE,0x69CF,0x69EF,0x69EF,
0x69CE,0x720F,0x61AD,0x82B2,0x82B2,0x61AD,0x720F,0x61AD,0x69CE,0x69CD,0x69CD,0x69CD,0x69CE,0x69CD,0x69CD,0x69EE,
0x69CE,0x69CD,0x69CD,0x69CD,0x69AD,0x69AD,0x69CD,0x71CD,0x71CD,0x71CD,0x71CD,0x71CD,0x71CD,0x71CD,0x71CD,0x71CD,
0x71CD,0x71CD,0x71CD,0x79CD,0x79CD,0x79CD,0x79CD,0x79CD,0x79CD,0x79CD,0x79AD,0x79AD,0x79CD,0x81CD,0x81CD,0x81CC,
0x89CB,0xA26D,0x922B,0x7988,0x9AEC,0x69A6,0x61A5,0x5163,0x59A3,0x61E4,0x59C4,0x59A3,0x5984,0x61A5,0x61A6,0x6165,
0x6186,0x6167,0x5946,0x5106,0x5947,0x6188,0x61A8,0x7AAC,0x726A,0x38E4,0x6A49,0x5186,0x4946,0x726A,0xA3D0,0x7A8C,
0x4927,0x38C5,0x4127,0x51A8,0x38E5,0x3905,0x51A8,0x93F0,0x5A49,0x3104,0x1861,0x28E3,0x3145,0x20E3,0x1081,0x10A1,
0x1903,0x18E3,0x2124,0x2104,0x18A2,0x1061,0x1082,0x1062,0x1882,0x18A3,0x1882,0x1062,0x18A3,0x2905,0x20C4,0x0841,
0x1882,0x3145,0x3125,0x18C3,0x39C7,0x18C3,0x0021,0x10A3,0x0861,0x0862,0x0862,0x0862,0x1082,0x18C3,0x18C3,0x10A3,
0x314C,0x314C,0x314C,0x314C,0x314C,0x314B,0x314B,0x294B,0x294B,0x294C,0x294C,0x294C,0x294C,0x294C,0x214D,0x294D,
0x294D,0x294D,0x296D,0x296D,0x296D,0x296D,0x296C,0x296C,0x216C,0x216C,0x216C,0x216C,0x216C,0x216C,0x216C,0x216C,
0x214C,0x214C,0x214C,0x214C,0x214C,0x214C,0x214C,0x214C,0x214C,0x214C,0x214C,0x214C,0x214C,0x214C,0x214C,0x214C,
0x214C,0x216C,0x216C,0x216C,0x216C,0x216C,0x216C,0x216C,0x216C,0x216C,0x216C,0x216C,0x216C,0x216C,0x216C,0x216C,
0x216C,0x216C,0x216C,0x216C,0x216C,0x216C,0x216C,0x216C,0x214C,0x216C,0x216C,0x296C,0x216C,0x214C,0x214B,0x192B,
0x190B,0x214C,0x218D,0x298D,0x216C,0x214C,0x214C,0x216C,0x192B,0x218D,0x31EE,0x3A0F,0x320F,0x31CE,0x29AE,0x298D,
0x192C,0x216C,0x29AE,0x31EF,0x3A2F,0x320F,0x31EE,0x29AE,0x194C,0x194C,0x194C,0x194C,0x216C,0x216C,0x216C,0x218C,
0x216B,0x218B,0x218B,0x218B,0x216B,0x218B,0x218C,0x218C,0x21AC,0x29AD,0x29CD,0x29EE,0x320E,0x322F,0x3A4F,0x4270,
0x42B1,0x4AF2,0x4AF2,0x4292,0x4292,0x5314,0x5B56,0x5B36,0x6B98,0x845A,0x8C7B,0x949B,0xAD3C,0xB55B,0xB55A,0xC5DD,
0xD61F,0xDE7F,0x8BD6,0x51EF,0x5A30,0x49AE,0x51CF,0x49AF,0x49AF,0x49AF,0x51AF,0x51CF,0x51CF,0x51CF,0x51CF,0x51CF,
0x5A0F,0x51EF,0x51CF,0x51AE,0x51CF,0x51CF,0x59EF,0x59CF,0x59EF,0x59CE,0x51CE,0x59EF,0x620F,0x59CF,0x59AE,0x59CE,
0x59AE,0x59CF,0x61EF,0x61EF,0x59CF,0x61EF,0x61EF,0x59AE,0x59CE,0x61CE,0x61CE,0x61CE,0x69CF,0x69CF,0x69CF,0x69CE,
0x71EE,0x720F,0x69CE,0x8270,0x8291,0x69CE,0x720F,0x69CE,0x69CE,0x69CD,0x69CD,0x69CD,0x69CD,0x69CE,0x69EE,0x69ED,
0x69CD,0x69CD,0x69CD,0x69CD,0x69CD,0x69CD,0x71CD,0x71CD,0x71CD,0x71CD,0x71CD,0x71CD,0x79CD,0x79CD,0x79CD,0x79CD,
0x79AD,0x79AD,0x79CD,0x79CD,0x79CD,0x79CD,0x79CD,0x79CD,0x81CD,0x81CD,0x81CD,0x81CD,0x81CD,0x81CD,0x81CD,0x81CD,
0x89CC,0x920C,0x924C,0x922B,0x9ACC,0x8229,0x8289,0x7206,0x61A4,0x61E4,0x61C4,0x5983,0x5963,0x6185,0x61A5,0x6185,
0x6166,0x6166,0x6166,0x5126,0x5947,0x5967,0x5967,0x722A,0x7AAB,0x4945,0x938E,0x6208,0x5166,0x6209,0x4905,0x4927,
0x7AAD,0x59A9,0x5188,0x620A,0x59C9,0x59C8,0x4966,0x6229,0x4966,0x3924,0x28C3,0x1882,0x1882,0x1081,0x1061,0x0861,
0x08A2,0x0881,0x10C2,0x10C2,0x1081,0x1082,0x18E3,0x20E3,0x20C3,0x18C3,0x18A3,0x18C3,0x20E4,0x20E4,0x18A3,0x1042,
0x28E4,0x1862,0x3987,0x3145,0x4A29,0x18C3,0x2925,0x10A3,0x0861,0x0862,0x0862,0x0862,0x1082,0x18A3,0x18C3,0x10A3,
0x394D,0x394D,0x394D,0x314C,0x314C,0x314C,0x314C,0x316C,0x294C,0x294C,0x294C,0x296C,0x296C,0x296C,0x296D,0x294D,
0x294D,0x294D,0x294C,0x296D,0x296D,0x296D,0x296C,0x296C,0x216C,0x216C,0x216C,0x216C,0x216C,0x216C,0x216C,0x216C,
0x214C,0x294C,0x294C,0x294C,0x294C,0x294C,0x294C,0x294C,0x296C,0x296C,0x296C,0x296C,0x296C,0x296C,0x296C,0x296C,
0x216C,0x216C,0x216C,0x216C,0x216C,0x216C,0x216C,0x216C,0x296C,0x296C,0x296C,0x296C,0x296C,0x296C,0x296C,0x296C,
0x216C,0x216C,0x216C,0x216C,0x216C,0x216C,0x216C,0x216C,0x214C,0x214C,0x214C,0x214C,0x214C,0x214C,0x216C,0x216C,
0x29AD,0x29AD,0x218D,0x214C,0x194C,0x194C,0x298D,0x29CE,0x3A0F,0x3A2F,0x320F,0x29CE,0x216D,0x194C,0x214D,0x218D,
0x3A0F,0x3A0F,0x320F,0x320F,0x29CE,0x218D,0x194C,0x110B,0x194C,0x194C,0x216C,0x216C,0x218C,0x218C,0x216C,0x216C,
0x216B,0x216B,0x216B,0x216B,0x216B,0x216B,0x216C,0x218C,0x218C,0x218C,0x29AD,0x29CD,0x31EE,0x31EE,0x3A0F,0x3A2F,
0x4291,0x42B1,0x42B1,0x42B2,0x42B2,0x42B3,0x4AD4,0x52F5,0x6357,0x7C1A,0x8C5B,0x8C5A,0xA4FC,0xB55C,0xB55B,0xBD7C,
0xCDFE,0xE69F,0xC5BD,0x5A50,0x5A50,0x49CE,0x49CF,0x49AF,0x49AF,0x49AF,0x51AF,0x51CF,0x51CF,0x51CF,0x51CF,0x51CF,
0x51EF,0x59EF,0x51CE,0x51CE,0x59CF,0x59CF,0x59CF,0x59CE,0x59CE,0x59EF,0x59CF,0x61EF,0x61EF,0x516D,0x620F,0x9354,
0x9B95,0x59AE,0x516D,0x6A30,0x59AE,0x59AE,0x6A10,0x59AE,0x61CE,0x61CE,0x61CF,0x69EF,0x69EF,0x69EF,0x69CF,0x71CE,
0x71EF,0x71EE,0x71CE,0x79EF,0x7A0F,0x71EE,0x71CE,0x71AD,0x71CE,0x71CD,0x71CD,0x71CD,0x71CD,0x71CD,0x71CE,0x71CD,
0x71CD,0x71CD,0x69CD,0x71CD,0x71CD,0x71CD,0x71CD,0x71CD,0x71CD,0x79CD,0x79CD,0x79CD,0x79CD,0x79CD,0x79CD,0x79CD,
0x79CD,0x79CD,0x79AD,0x79CD,0x79CD,0x81CD,0x81CD,0x81CD,0x81CD,0x81CD,0x81CD,0x81CD,0x81CD,0x81CD,0x81CD,0x89CD,
0x9A2E,0x920D,0xA28F,0xAAF0,0x9A8D,0x928C,0xA32D,0x8A69,0x7A27,0x7A46,0x7206,0x61A4,0x5964,0x6185,0x6186,0x6186,
0x6166,0x5966,0x6166,0x5125,0x5946,0x5946,0x5126,0x61A8,0x48E4,0x4904,0x5186,0x5165,0x4125,0x30A3,0x3083,0x4105,
0x51A8,0x4106,0x38C5,0x4947,0x4926,0x4967,0x38E4,0x4946,0x3905,0x3104,0x28C3,0x2082,0x1882,0x1882,0x18A2,0x18C3,
0x0882,0x0881,0x08A2,0x08A2,0x0861,0x10A2,0x2104,0x2125,0x2945,0x18E4,0x18A3,0x18C3,0x18C3,0x1082,0x0862,0x1062,
0x1862,0x1021,0x20A3,0x2905,0x20C3,0x18C3,0x18C3,0x0841,0x0862,0x0862,0x0862,0x0862,0x1082,0x18A3,0x18A3,0x18A3,
0x394E,0x394E,0x394E,0x394D,0x394D,0x314C,0x316C,0x316C,0x316C,0x316C,0x296C,0x296C,0x296D,0x296D,0x294D,0x294D,
0x294D,0x296D,0x296D,0x296D,0x296D,0x296D,0x296C,0x294C,0x216C,0x216C,0x216C,0x216C,0x216C,0x216C,0x216C,0x216C,
0x296C,0x296C,0x296C,0x296C,0x296C,0x296C,0x296C,0x296C,0x296C,0x296C,0x296C,0x296C,0x296C,0x296C,0x296C,0x296C,
0x296C,0x296C,0x296C,0x296C,0x296C,0x296C,0x296C,0x296C,0x296C,0x296C,0x296C,0x296C,0x296C,0x296C,0x296C,0x296C,
0x296C,0x296C,0x296C,0x296C,0x296C,0x296C,0x296C,0x296C,0x296C,0x296C,0x296C,0x296C,0x296C,0x296D,0x296D,0x296D,
0x216C,0x214C,0x194C,0x216D,0x29AE,0x320F,0x3A30,0x3A30,0x31CE,0x29AD,0x216D,0x214C,0x216D,0x29CE,0x320F,0x3A30,
0x320F,0x31CE,0x218D,0x194C,0x194C,0x194C,0x216C,0x216C,0x29AD,0x298D,0x218C,0x216C,0x214C,0x194B,0x194B,0x194B,
0x194B,0x216B,0x216B,0x216B,0x216B,0x216B,0x216C,0x218C,0x218C,0x218C,0x29AD,0x29CD,0x29CD,0x31EE,0x31EE,0x320E,
0x3A0F,0x4270,0x4291,0x42B1,0x42B2,0x4AD2,0x4AD3,0x4AD4,0x4AD5,0x6BB8,0x7C1A,0x843A,0x949B,0xA51C,0xAD1B,0xAD3B,
0xBD9C,0xD61F,0xDE9F,0x8394,0x5A30,0x51EF,0x49CF,0x49CF,0x49AF,0x49CF,0x51CF,0x51CF,0x51CF,0x51CF,0x51CF,0x51CF,
0x51CF,0x51CF,0x51CF,0x59CF,0x59EF,0x59CF,0x59EF,0x59CF,0x59CE,0x6210,0x61EF,0x61CF,0x61CE,0x516D,0x6A0F,0x9B96,
0xA3D7,0x598E,0x514D,0x6A30,0x59AE,0x598E,0x6A0F,0x61CE,0x61CE,0x61CE,0x69EE,0x69EF,0x69EF,0x71EF,0x69EE,0x71CE,
0x79EE,0x71CE,0x820F,0x71CE,0x71AE,0x79EE,0x71AD,0x71CE,0x71CE,0x71CD,0x71CD,0x71CD,0x71CD,0x71CD,0x71CD,0x71CD,
0x71CD,0x71CD,0x71CD,0x71CD,0x71CD,0x71CD,0x79ED,0x79ED,0x79CD,0x79CD,0x79CD,0x79CD,0x79CD,0x79CD,0x79CD,0x81CD,
0x81CD,0x81CD,0x81CD,0x81CD,0x81CD,0x81CD,0x81CD,0x81CD,0x81CD,0x89CD,0x89CD,0x89CD,0x89CD,0x89ED,0x89ED,0x89ED,
0x89CD,0x89AD,0x922E,0xAAD0,0x9A4D,0xAAEF,0xB36F,0xA30C,0x8228,0x8247,0x7A27,0x71C5,0x6185,0x6186,0x69A7,0x69C7,
0x61A7,0x5986,0x6186,0x5946,0x5946,0x5967,0x5946,0x61A7,0x5966,0x5986,0x5165,0x5165,0x38E3,0x30C3,0x28A3,0x4146,
0x4105,0x40E5,0x38C4,0x38E5,0x3083,0x38E4,0x4125,0x51A7,0x4986,0x30E3,0x2062,0x20C3,0x2904,0x20E3,0x18C3,0x2104,
0x10A2,0x08A2,0x10C2,0x10A2,0x0882,0x10C3,0x2124,0x2124,0x2945,0x18C3,0x1082,0x1062,0x1082,0x1082,0x10A3,0x18A3,
0x1862,0x3925,0x1862,0x20A3,0x1021,0x2904,0x1062,0x18E3,0x1082,0x0862,0x0862,0x0862,0x10A2,0x18A3,0x18A3,0x1883,
0x416F,0x414F,0x394E,0x394E,0x394D,0x314D,0x314C,0x314C,0x316C,0x316C,0x296C,0x296C,0x296D,0x296D,0x294D,0x294D,
0x296D,0x296D,0x296D,0x296D,0x296D,0x296D,0x296C,0x294C,0x294C,0x294C,0x216C,0x216C,0x216C,0x216C,0x216C,0x216C,
0x296C,0x296C,0x296C,0x296C,0x296C,0x296C,0x296C,0x296C,0x296C,0x296C,0x296C,0x296C,0x296C,0x296C,0x296C,0x296C,
0x296C,0x296C,0x296C,0x296C,0x296C,0x296C,0x296C,0x296C,0x296C,0x296C,0x296C,0x296C,0x296C,0x296C,0x296C,0x296C,
0x296D,0x296D,0x296D,0x296D,0x296D,0x296D,0x296D,0x296D,0x296D,0x298D,0x298D,0x298D,0x298D,0x296D,0x214C,0x214C,
0x214C,0x218D,0x31EF,0x3A30,0x3A50,0x320F,0x29AE,0x216D,0x214C,0x218D,0x29CE,0x320F,0x3A30,0x3A0F,0x31EE,0x29AD,
0x214C,0x214C,0x194C,0x214C,0x216C,0x216C,0x218C,0x218C,0x216C,0x216C,0x194B,0x192B,0x192B,0x194B,0x214B,0x216B,
0x216B,0x216B,0x216C,0x216B,0x216B,0x216C,0x216C,0x218C,0x216C,0x218C,0x29AD,0x29AD,0x29CD,0x29CD,0x31CE,0x31EE,
0x29AE,0x3A30,0x4291,0x4291,0x42B1,0x4AF3,0x4AF3,0x4AB3,0x4294,0x5B16,0x6B98,0x73D9,0x8419,0x8C5A,0x94BA,0xA51B,
0xBD9C,0xC5BD,0xDE9F,0xB53B,0x522F,0x5230,0x49CE,0x51EF,0x51CF,0x51CF,0x51CF,0x51CF,0x51CF,0x51CF,0x51CF,0x51CF,
0x51CF,0x51CF,0x59EF,0x59EF,0x59EF,0x59EF,0x59EF,0x59EF,0x59CE,0x6A0F,0x59CE,0x59AE,0x6A30,0x61EF,0x598D,0x69EF,
0x61CE,0x61CE,0x6A0F,0x6A0F,0x59AE,0x61CE,0x6A0F,0x61CE,0x61EF,0x69EF,0x69EF,0x69EE,0x69EE,0x71EF,0x71EF,0x71EF,
0x79EE,0x79CE,0x8A70,0x79EE,0x79AD,0x820F,0x71AD,0x820E,0x79CD,0x79CD,0x79CD,0x79CD,0x79CD,0x79CD,0x79CD,0x79CD,
0x71CD,0x71CD,0x71CD,0x71CD,0x71CD,0x79CD,0x79ED,0x79ED,0x79ED,0x81ED,0x81ED,0x81CD,0x81CD,0x81CD,0x81CD,0x81CD,
0x81CD,0x81CD,0x81CD,0x81CD,0x81CD,0x81CD,0x81CD,0x89CD,0x89ED,0x89CC,0x89CC,0x89CC,0x89CC,0x89CD,0x89CD,0x89ED,
0x89CD,0x91EE,0x89CD,0x9A2F,0x9A0E,0xAACF,0xA26D,0xA28C,0x81E7,0x81E7,0x79E6,0x71C5,0x69A6,0x69A7,0x69C8,0x69C8,
0x69E7,0x5986,0x61A6,0x5946,0x5946,0x61A7,0x61A7,0x69C8,0x69C8,0x930C,0x61C7,0x728A,0x4145,0x2062,0x41A6,0x28A3,
0x4146,0x4146,0x30C4,0x38E4,0x38E4,0x51A7,0x59E8,0x5A09,0x51A7,0x3104,0x2082,0x20A3,0x20E4,0x18C3,0x10A2,0x10A2,
0x0882,0x0882,0x10A2,0x10A2,0x0882,0x18C3,0x2104,0x18E3,0x18C3,0x18A3,0x1062,0x1062,0x18A3,0x20E4,0x2104,0x20C4,
0x1842,0x28A3,0x2083,0x1842,0x1882,0x1062,0x1062,0x18E4,0x10A2,0x0882,0x0861,0x1082,0x10A3,0x18C3,0x18A3,0x18A3,
0x49D1,0x4990,0x414F,0x394E,0x394D,0x394D,0x314C,0x312C,0x316C,0x316C,0x316D,0x296D,0x296D,0x296D,0x296D,0x296D,
0x296D,0x296D,0x296D,0x296D,0x296D,0x296D,0x296C,0x294C,0x296C,0x296C,0x296C,0x296C,0x296C,0x296C,0x296C,0x296C,
0x296C,0x296C,0x296C,0x296C,0x296C,0x296C,0x296C,0x296C,0x296C,0x296C,0x296C,0x296C,0x296C,0x296C,0x296C,0x296C,
0x296C,0x296C,0x296C,0x296C,0x296C,0x296C,0x296C,0x296C,0x296C,0x296C,0x296C,0x296C,0x296C,0x296C,0x296C,0x296C,
0x296D,0x296D,0x296D,0x296D,0x296D,0x296D,0x296D,0x296D,0x298D,0x298D,0x216C,0x214C,0x214C,0x298D,0x31AE,0x31CE,
0x3A10,0x3A30,0x3A30,0x31EF,0x218D,0x214D,0x216D,0x29AE,0x320F,0x3A30,0x3A30,0x320F,0x29AE,0x216C,0x194C,0x194C,
0x298D,0x298D,0x298D,0x298D,0x298D,0x216C,0x214C,0x192B,0x212B,0x212B,0x214B,0x214B,0x216C,0x216C,0x216C,0x216B,
0x216B,0x216B,0x216C,0x216C,0x216C,0x216C,0x216C,0x218C,0x216C,0x218C,0x298D,0x29AD,0x29AD,0x29AD,0x29AD,0x29CE,
0x298E,0x3A10,0x4271,0x4270,0x4290,0x4AD2,0x4AF3,0x42B3,0x4293,0x4AB4,0x52F6,0x6378,0x73B8,0x8419,0x9CBB,0xAD5C,
0xC5FE,0xC5BC,0xD63F,0xDE7F,0x6AF2,0x5230,0x49EF,0x5210,0x51CF,0x51CF,0x51CF,0x51CF,0x51CF,0x51CF,0x51CF,0x51CF,
0x51CF,0x59EF,0x59EF,0x59EF,0x59EF,0x59EF,0x59EF,0x61EF,0x61CE,0x6A10,0x61CF,0x59AE,0x6A0F,0x69EF,0x61AE,0x618E,
0x596D,0x69CF,0x69EF,0x69EF,0x69EF,0x61EF,0x61EE,0x69EF,0x6A0F,0x69EF,0x69EE,0x69CE,0x69EE,0x71EF,0x71EF,0x79EF,
0x79CE,0x79CE,0x9250,0x820F,0x79CE,0x81EF,0x79AD,0x820F,0x81CE,0x79CE,0x79CE,0x79CD,0x79CD,0x79CD,0x79CD,0x79CD,
0x79ED,0x79ED,0x71ED,0x79CD,0x79CD,0x79ED,0x79ED,0x81ED,0x81ED,0x81ED,0x81ED,0x81ED,0x81ED,0x81CD,0x81CD,0x81CD,
0x81CD,0x81CD,0x81CD,0x89CD,0x89CD,0x89CD,0x89ED,0x89ED,0x89CD,0x89CD,0x89CD,0x89CD,0x89CD,0x89ED,0x89EC,0x89ED,
0x920E,0x9A4F,0x89EE,0x91ED,0x9A0E,0xAA8F,0x91EB,0xA24B,0x9228,0x9227,0x8A06,0x79E6,0x71C6,0x69A6,0x69A7,0x61A7,
0x61A6,0x5144,0x5966,0x5145,0x5125,0x6187,0x61A7,0x6187,0x5945,0x5945,0x7A8A,0x59C7,0x2041,0x3965,0x28E4,0x3145,
0x30E4,0x3905,0x2883,0x30E4,0x30E4,0x4166,0x4986,0x4186,0x30E4,0x3104,0x28E3,0x1882,0x1082,0x10C3,0x10C3,0x0062,
0x0861,0x0882,0x10A2,0x1082,0x0862,0x10A2,0x18C3,0x1082,0x1082,0x1883,0x1883,0x1882,0x18A3,0x20E4,0x20C4,0x1883,
0x28C4,0x2042,0x28A3,0x41A7,0x28E4,0x18A3,0x20E4,0x2945,0x18C3,0x1082,0x0861,0x1062,0x18A3,0x18A3,0x20C3,0x20C3,
0x6274,0x51F2,0x4190,0x394E,0x394E,0x396E,0x314D,0x314C,0x316C,0x316C,0x316C,0x316D,0x296D,0x296D,0x298E,0x298E,
0x296D,0x296D,0x296D,0x296D,0x296C,0x296C,0x296C,0x294C,0x296C,0x296C,0x296C,0x296C,0x296C,0x296C,0x296C,0x296C,
0x296C,0x296C,0x296C,0x296C,0x296C,0x296C,0x296C,0x296C,0x296C,0x296C,0x296C,0x296C,0x296C,0x296C,0x296C,0x296C,
0x296C,0x296C,0x296C,0x296C,0x296C,0x296C,0x296C,0x296C,0x296C,0x296C,0x296C,0x296C,0x296C,0x296C,0x296C,0x296C,
0x298D,0x298D,0x298D,0x298D,0x298D,0x298D,0x298D,0x298D,0x298D,0x296D,0x296C,0x296C,0x298D,0x31CE,0x3A0F,0x4230,
0x31EF,0x31CF,0x298E,0x216D,0x216D,0x29AE,0x3A30,0x4291,0x31EF,0x31CE,0x29AD,0x214C,0x192B,0x194C,0x29AD,0x31EE,
0x298D,0x296C,0x296C,0x296C,0x296C,0x298C,0x298C,0x298C,0x214C,0x216C,0x296C,0x296C,0x296C,0x216B,0x216B,0x216B,
0x216B,0x216C,0x216C,0x216C,0x216C,0x216C,0x216C,0x218C,0x218C,0x218C,0x218C,0x218C,0x218D,0x218D,0x29AD,0x29AE,
0x31CF,0x3A10,0x4250,0x4270,0x4290,0x4AD1,0x4AD2,0x4AD3,0x4293,0x3A73,0x4AB5,0x5B37,0x6B98,0x7C19,0x94BB,0xA51C,
0xBD9C,0xBD9C,0xC5DD,0xDE9F,0x9C78,0x522F,0x5230,0x51EF,0x51EF,0x51EF,0x51EF,0x51CF,0x51CF,0x51CF,0x51CF,0x51CF,
0x51CF,0x59EF,0x59EF,0x59EF,0x59EF,0x59CF,0x61EF,0x61EF,0x61CE,0x6A0F,0x6A0F,0x61CE,0x61AE,0x61CE,0x6A0F,0x7230,
0x7A51,0x69CF,0x598D,0x61CE,0x6A0F,0x69EF,0x61CE,0x722F,0x6A0F,0x6A0F,0x69EF,0x71EF,0x71EE,0x71EF,0x71EF,0x79EF,
0x79CE,0x79AD,0x81EE,0x81EE,0x81CE,0x81CE,0x79CE,0x820E,0x81EE,0x81EE,0x81EE,0x81EE,0x81EE,0x81EE,0x81EE,0x81EE,
0x820E,0x7A0D,0x79ED,0x79ED,0x79ED,0x81ED,0x81ED,0x81ED,0x820D,0x81ED,0x81ED,0x81ED,0x81ED,0x81ED,0x81CD,0x81CD,
0x89CD,0x89CD,0x89CD,0x89CD,0x89CD,0x89ED,0x89ED,0x89ED,0x89ED,0x89ED,0x89ED,0x89EC,0x89ED,0x89ED,0x89ED,0x89ED,
0x81CC,0x89ED,0x89ED,0x91CD,0xA22E,0xB2CF,0xAA8D,0xBB0D,0xAAAA,0xA288,0x9246,0x8206,0x79E6,0x69A6,0x6186,0x5965,
0x5965,0x4923,0x5985,0x5966,0x5946,0x61A7,0x6167,0x5925,0x50E4,0x5945,0x61A6,0x4924,0x2061,0x3124,0x2945,0x2945,
0x3145,0x4186,0x3104,0x3924,0x28C3,0x30E3,0x30E3,0x28A2,0x1861,0x20C3,0x20E3,0x1082,0x0882,0x10E3,0x10E4,0x08A2,
0x10A2,0x1082,0x10A3,0x1082,0x0862,0x18A3,0x20E4,0x18A3,0x1883,0x18A3,0x18A3,0x18A3,0x1883,0x1883,0x20C4,0x3105,
0x3105,0x28C4,0x1842,0x3946,0x1842,0x20A3,0x1062,0x18E4,0x18E4,0x10A2,0x0861,0x1082,0x18A3,0x18C3,0x20C3,0x20E4,
0x7AF7,0x6A74,0x49B1,0x414F,0x414E,0x418E,0x398E,0x316D,0x314C,0x296C,0x296C,0x316D,0x318D,0x318D,0x318E,0x318E,
0x296D,0x296D,0x296D,0x296D,0x296C,0x296C,0x296C,0x294C,0x294C,0x294C,0x216C,0x216C,0x216C,0x216C,0x216C,0x296C,
0x296C,0x296C,0x296C,0x296C,0x296C,0x296C,0x296C,0x296C,0x298C,0x298C,0x298C,0x296D,0x296D,0x296D,0x296D,0x298C,
0x298C,0x296C,0x296C,0x296D,0x296D,0x296D,0x296D,0x296D,0x296D,0x296D,0x296D,0x296D,0x296D,0x296D,0x296D,0x296D,
0x298D,0x296D,0x296D,0x296D,0x296D,0x296D,0x296D,0x296D,0x212C,0x298D,0x39EF,0x4250,0x4250,0x3A10,0x31CE,0x298D,
0x298E,0x216D,0x298E,0x3A0F,0x4271,0x4271,0x31EF,0x216D,0x298D,0x216D,0x214C,0x218D,0x29CE,0x31CE,0x29AD,0x216C,
0x298D,0x298D,0x296C,0x296C,0x296C,0x216C,0x214C,0x214C,0x216C,0x216C,0x214B,0x214B,0x214B,0x214B,0x214B,0x216B,
0x216B,0x216C,0x216C,0x216C,0x216C,0x216C,0x216C,0x216C,0x218C,0x218C,0x218C,0x216C,0x216C,0x218D,0x298D,0x29AD,
0x3A0F,0x39EF,0x3A30,0x4A91,0x4AB1,0x42B1,0x4AD2,0x5314,0x4292,0x3A53,0x4294,0x52F6,0x6357,0x73D9,0x843A,0x8418,
0x9CBA,0xAD1B,0xBD7C,0xD63F,0xC5BD,0x520F,0x5A50,0x51CF,0x51EF,0x51CF,0x51CF,0x51CF,0x51CF,0x51CF,0x51CF,0x51CF,
0x59CF,0x59EF,0x59EF,0x59EF,0x59CF,0x59CF,0x61EF,0x61EF,0x61EF,0x61CF,0x69EF,0x69EF,0x69EF,0x69EF,0x69EF,0x61AE,
0x69CE,0x69CE,0x69EF,0x69CE,0x61CE,0x6A0F,0x722F,0x69EE,0x69EF,0x71EE,0x71EF,0x71EF,0x720F,0x71EF,0x71EE,0x79CE,
0x820E,0x81CE,0x79CE,0x89EE,0x8A0F,0x81EE,0x81EE,0x8A0E,0x8A0E,0x8A0E,0x89EE,0x81EE,0x81EE,0x81EE,0x81EE,0x81EE,
0x820E,0x820E,0x820D,0x820D,0x81ED,0x81ED,0x820D,0x820E,0x81ED,0x81ED,0x89ED,0x81ED,0x81ED,0x89ED,0x89ED,0x89CD,
0x89CD,0x89CD,0x89CD,0x89CD,0x89CD,0x89ED,0x89ED,0x89ED,0x91ED,0x91ED,0x91ED,0x91ED,0x91ED,0x91ED,0x91ED,0x920D,
0x922E,0x89ED,0x9A4E,0x91ED,0x91EC,0xAA6D,0xAA4C,0xB2AC,0xB2AB,0xA269,0x9207,0x89E6,0x79E6,0x71C5,0x6985,0x6185,
0x5985,0x5144,0x61C6,0x69E7,0x61A6,0x71E8,0x6186,0x5104,0x5124,0x5945,0x4904,0x38E3,0x3924,0x3965,0x3145,0x2103,
0x3144,0x3945,0x2082,0x3104,0x3104,0x3945,0x3945,0x28E3,0x20A2,0x1882,0x1082,0x10C3,0x10E3,0x08C3,0x08A3,0x0882,
0x1082,0x1082,0x10A3,0x1082,0x1082,0x2904,0x3186,0x3166,0x20A3,0x1882,0x1862,0x1883,0x1863,0x2083,0x3966,0x5A4A,
0x51C8,0x622A,0x3926,0x0800,0x28E4,0x20C3,0x1882,0x2104,0x2104,0x10A3,0x0861,0x1082,0x18A3,0x20C4,0x28C4,0x28C4,
0xAC1B,0x82F7,0x59D2,0x4970,0x416F,0x41AF,0x41AE,0x39AE,0x316D,0x318C,0x318C,0x318D,0x318D,0x318D,0x318D,0x318D,
0x296D,0x298D,0x298D,0x298D,0x296D,0x296D,0x296D,0x296D,0x296D,0x296C,0x296C,0x296C,0x296C,0x296C,0x296D,0x296D,
0x296C,0x296C,0x296C,0x296C,0x296C,0x296C,0x296C,0x296C,0x296D,0x296D,0x296D,0x296D,0x296D,0x296D,0x296D,0x296D,
0x298C,0x318C,0x318C,0x316D,0x316D,0x316D,0x316D,0x316D,0x318D,0x318D,0x318D,0x316D,0x316D,0x316D,0x316D,0x318D,
0x31AE,0x31AE,0x298E,0x298D,0x296D,0x296D,0x298D,0x298E,0x4230,0x4230,0x4230,0x39EF,0x31AE,0x296D,0x298D,0x31AE,
0x31EF,0x3A30,0x4271,0x4250,0x31EF,0x298D,0x216D,0x296D,0x29AD,0x29AD,0x29AD,0x29AD,0x298D,0x298D,0x296D,0x296C,
0x296C,0x296C,0x296C,0x296C,0x296C,0x296C,0x296C,0x296C,0x216C,0x216C,0x216C,0x216C,0x216C,0x216C,0x216C,0x216C,
0x216C,0x216C,0x216C,0x216C,0x216C,0x216C,0x216C,0x216C,0x216C,0x218C,0x218C,0x218C,0x21AD,0x29AD,0x29AD,0x29AD,
0x29AD,0x31EE,0x3A4F,0x4290,0x42B1,0x42B1,0x4292,0x4292,0x4292,0x4293,0x4AB4,0x52F5,0x5B56,0x6BB8,0x7BF9,0x8419,
0x945A,0xA4DB,0xACFB,0xBD5D,0xDE5F,0x8354,0x5A30,0x51EF,0x51CF,0x51CF,0x51CF,0x59D0,0x51D0,0x51F0,0x51F0,0x59EF,
0x59EF,0x59EF,0x59EF,0x61EF,0x61EF,0x61EF,0x61EF,0x61CF,0x69EF,0x69EF,0x69EF,0x69EF,0x69EF,0x69EF,0x71EF,0x71EF,
0x69EE,0x69EE,0x69EF,0x69EF,0x71EE,0x720F,0x720F,0x720F,0x720F,0x720F,0x71EE,0x71CE,0x71CE,0x79EE,0x79EF,0x820F,
0x81EE,0x81EE,0x81EE,0x89EE,0x89EE,0x89EE,0x89EE,0x89EE,0x89EE,0x89EE,0x89EE,0x89EE,0x89EE,0x89EE,0x89EE,0x8A0E,
0x81ED,0x8A0E,0x81ED,0x81ED,0x8A0D,0x81ED,0x81ED,0x8A0E,0x89ED,0x89ED,0x89ED,0x89ED,0x89ED,0x89ED,0x89ED,0x89ED,
0x89CD,0x89ED,0x91ED,0x91ED,0x91ED,0x91ED,0x91ED,0x920D,0x89CD,0x91CD,0x91ED,0x91CD,0x91CD,0x91CD,0x91ED,0x91ED,
0x91ED,0x920D,0x9A0D,0x920D,0x9A0C,0xAA4D,0xBAF0,0xCB71,0xAA8D,0xBAEE,0x9209,0x89C8,0x81E7,0x8A27,0x6102,0x71C5,
0x69C6,0x61C6,0x61A5,0x61A5,0x69E6,0x61A5,0x5984,0x5985,0x5985,0x5185,0x4944,0x3904,0x30C2,0x41A6,0x3123,0x3103,
0x3944,0x3104,0x3925,0x3904,0x3905,0x3925,0x28E4,0x3124,0x3124,0x1881,0x20E3,0x2124,0x1903,0x0082,0x10E4,0x08A3,
0x18C3,0x1042,0x1062,0x1883,0x1042,0x2925,0x1883,0x1883,0x20A3,0x3146,0x20A3,0x1021,0x28C4,0x30E5,0x2083,0x30C5,
0x4126,0x51A7,0x4187,0x2062,0x1862,0x1882,0x20C3,0x20C3,0x10A2,0x1082,0x18C3,0x18A3,0x1842,0x4167,0x3085,0x61AA,
0xDD7F,0xA3FB,0x7254,0x5190,0x414E,0x394D,0x396D,0x398D,0x318D,0x318D,0x318D,0x318D,0x318D,0x318D,0x316D,0x316D,
0x296D,0x298D,0x318D,0x298D,0x296D,0x296D,0x296C,0x296D,0x296D,0x296D,0x296D,0x296D,0x296D,0x296D,0x296D,0x298D,
0x296C,0x296C,0x296C,0x296C,0x296C,0x296C,0x296D,0x296D,0x298D,0x298D,0x296D,0x296D,0x296D,0x296D,0x296D,0x298D,
0x318C,0x318C,0x318C,0x318C,0x318C,0x318D,0x318D,0x318D,0x318D,0x318D,0x316D,0x296D,0x296D,0x316D,0x318D,0x318E,
0x296D,0x296D,0x296D,0x296D,0x296D,0x31AE,0x4230,0x4A91,0x3A10,0x31CF,0x298E,0x298E,0x31CE,0x39EF,0x3A10,0x4230,
0x3A0F,0x39EF,0x31CE,0x298D,0x296C,0x296D,0x31AE,0x39EE,0x29AD,0x29AD,0x29AD,0x298D,0x298D,0x298D,0x298D,0x296D,
0x296C,0x296C,0x296C,0x296C,0x296C,0x296C,0x296C,0x296C,0x296C,0x296C,0x296C,0x296C,0x216C,0x216C,0x216C,0x216C,
0x216C,0x216C,0x216C,0x216C,0x216C,0x216C,0x216C,0x216C,0x216C,0x216C,0x218C,0x218C,0x21AD,0x29AD,0x29AD,0x29AD,
0x29EE,0x320E,0x322F,0x3A50,0x4271,0x4291,0x4AB2,0x4AD3,0x4AD3,0x52F4,0x5315,0x5B35,0x5B56,0x6377,0x73D9,0x7C19,
0x8C3A,0x9C9B,0xACFC,0xBD5D,0xCDDE,0x9C38,0x5A0F,0x5A0F,0x59CF,0x59CF,0x59D0,0x59D0,0x59F0,0x59F0,0x59F0,0x59F0,
0x59EF,0x61EF,0x61EF,0x61EF,0x61EF,0x61EF,0x61EF,0x69EF,0x69EF,0x69EF,0x69EF,0x69EF,0x69EF,0x71EF,0x71EF,0x71EF,
0x71EE,0x71EE,0x71EE,0x71EF,0x71EE,0x720F,0x720F,0x720F,0x720E,0x71EE,0x71EE,0x71CE,0x79EE,0x79EE,0x81EE,0x820E,
0x820E,0x89EE,0x89EE,0x89EE,0x89EE,0x89EE,0x89EE,0x89EE,0x89EE,0x89EE,0x89EE,0x89EE,0x89ED,0x89ED,0x89ED,0x89ED,
0x89ED,0x8A0D,0x89ED,0x81ED,0x89ED,0x81ED,0x81CC,0x89ED,0x89ED,0x89ED,0x89ED,0x89ED,0x89ED,0x89ED,0x89ED,0x89ED,
0x89ED,0x91ED,0x91ED,0x91ED,0x91ED,0x89ED,0x91ED,0x91ED,0x91ED,0x91ED,0x91ED,0x91ED,0x91ED,0x91ED,0x91ED,0x91ED,
0x91ED,0x9A0D,0x9A0D,0x9A0D,0x99ED,0xA22D,0xB28F,0xBAD0,0xBAD0,0xEC96,0xBB30,0x8168,0x9209,0x9A69,0x9247,0x79E5,
0x6185,0x61A5,0x6184,0x5943,0x6184,0x69C5,0x71E6,0x69E6,0x5164,0x5185,0x4124,0x4124,0x38E3,0x4965,0x4124,0x4124,
0x4965,0x38E3,0x38E3,0x30A3,0x30E4,0x3925,0x30E4,0x3104,0x2903,0x3144,0x2103,0x10A2,0x10A2,0x08A2,0x10E3,0x10C3,
0x1083,0x20C4,0x3146,0x3987,0x28E4,0x28E4,0x18A3,0x20E4,0x41A8,0x28C4,0x2083,0x28A4,0x3905,0x38E5,0x4146,0x4146,
0x59C9,0x40E5,0x2863,0x49A7,0x28E4,0x28E3,0x1862,0x20E3,0x2904,0x18A3,0x1062,0x20C4,0x4167,0x2864,0x5948,0x71EB,
0xFE7F,0xBCBE,0x7AD6,0x59F1,0x498F,0x394D,0x396D,0x39AD,0x318D,0x318C,0x318C,0x318D,0x318D,0x318D,0x316D,0x316D,
0x318D,0x318D,0x318D,0x318D,0x296D,0x296C,0x296C,0x296C,0x296C,0x296C,0x296C,0x296C,0x296C,0x296D,0x298D,0x298D,
0x318D,0x318C,0x318D,0x318D,0x318D,0x318D,0x318D,0x318D,0x318D,0x318D,0x318D,0x318D,0x318D,0x318D,0x318D,0x318D,
0x318D,0x318D,0x318D,0x318D,0x318D,0x318D,0x318D,0x318D,0x296D,0x296D,0x318D,0x318D,0x318E,0x318D,0x296D,0x296D,
0x31AE,0x296D,0x296D,0x39CF,0x4A51,0x4A71,0x3A10,0x318E,0x31AE,0x31AE,0x31AE,0x39CF,0x4210,0x4230,0x4210,0x39EF,
0x31AE,0x318D,0x296D,0x296D,0x318D,0x31AE,0x31AE,0x31AE,0x318D,0x318D,0x318D,0x298D,0x298D,0x298D,0x298D,0x298D,
0x296D,0x298C,0x298C,0x298C,0x296C,0x296C,0x296C,0x296C,0x296C,0x296C,0x298C,0x298C,0x298C,0x296C,0x296C,0x296C,
0x216C,0x216C,0x216C,0x216C,0x216C,0x216C,0x216C,0x216C,0x216C,0x216C,0x218C,0x218C,0x21AD,0x29AD,0x29AD,0x29AD,
0x29EE,0x320E,0x320E,0x320F,0x322F,0x3A71,0x42B2,0x4AD3,0x5334,0x5B35,0x5B56,0x6377,0x6356,0x5B36,0x6B98,0x7BF9,
0x8419,0x9C7B,0xB53D,0xBD7D,0xC57D,0xC55C,0x6250,0x6230,0x59EF,0x59F0,0x59F0,0x59F0,0x59F0,0x59F0,0x59F0,0x59EF,
0x61EF,0x61EF,0x61EF,0x61EF,0x61EF,0x61EF,0x69EF,0x69EF,0x69EF,0x69EF,0x69EF,0x69EF,0x71EF,0x71EF,0x71EF,0x71EF,
0x720F,0x720F,0x720F,0x720F,0x720F,0x720F,0x720F,0x720F,0x720E,0x71EE,0x71EE,0x79EE,0x79EE,0x79EE,0x81EE,0x81EE,
0x820E,0x89EE,0x89EE,0x89EE,0x89EE,0x89EE,0x89EE,0x89EE,0x89EE,0x89EE,0x89EE,0x89EE,0x89ED,0x89ED,0x89ED,0x89ED,
0x89ED,0x8A2E,0x8A0D,0x81ED,0x8A0D,0x89ED,0x89ED,0x8A0E,0x89ED,0x8A0D,0x89ED,0x89ED,0x89ED,0x89ED,0x89ED,0x89ED,
0x91ED,0x91ED,0x91EE,0x91ED,0x91ED,0x89CD,0x89CD,0x91ED,0x91EE,0x920E,0x920E,0x91EE,0x91ED,0x91ED,0x91ED,0x91EE,
0x91EE,0x9A0E,0x9A0E,0x9A0E,0x9A0D,0xA20E,0xA22E,0xAA4F,0xBAF1,0xB28F,0xB2AF,0xBB30,0xBB2E,0x9208,0xBB8D,0xA30B,
0x6144,0x6185,0x69A5,0x6964,0x6984,0x8206,0x8247,0x71E6,0x69C6,0x4923,0x3081,0x5165,0x5185,0x4924,0x5124,0x5986,
0x5985,0x4904,0x4104,0x40E4,0x4945,0x51A7,0x4125,0x3904,0x28C2,0x3985,0x20C2,0x1060,0x1082,0x1082,0x10A3,0x20C4,
0x1862,0x28A4,0x30E4,0x4167,0x30E5,0x2083,0x2083,0x30E4,0x3926,0x30E5,0x30C5,0x30A4,0x5188,0x5188,0x5147,0x3884,
0x61C9,0x48E5,0x4105,0x30A3,0x3905,0x2062,0x49A7,0x72EC,0x3104,0x28E4,0x1042,0x28A4,0x3906,0x5148,0x826D,0xAB51,
0xDD7F,0x9BBA,0x6A53,0x51B0,0x416F,0x392D,0x314C,0x398D,0x318D,0x318C,0x318C,0x318C,0x318C,0x316D,0x316D,0x316D,
0x318D,0x31AD,0x31AD,0x318D,0x296D,0x296C,0x296C,0x296C,0x296D,0x296C,0x296C,0x296C,0x296D,0x298D,0x298D,0x298D,
0x318D,0x318C,0x318D,0x318D,0x318D,0x318D,0x318D,0x318D,0x318D,0x318D,0x318D,0x318D,0x318D,0x318D,0x318D,0x318D,
0x318D,0x318D,0x318D,0x318D,0x318D,0x318D,0x318D,0x318D,0x318D,0x318D,0x296D,0x318D,0x318D,0x318E,0x318E,0x31AE,
0x31AE,0x3A10,0x4A51,0x4251,0x39EF,0x318E,0x318E,0x318E,0x39CF,0x39EF,0x4230,0x4230,0x39EF,0x31AE,0x318E,0x318E,
0x298D,0x298D,0x31AD,0x39CE,0x39EF,0x39CE,0x298D,0x214C,0x318D,0x318D,0x298D,0x298D,0x298D,0x298D,0x318D,0x318D,
0x298D,0x298D,0x298D,0x298D,0x298D,0x298C,0x298C,0x298C,0x298D,0x298C,0x298C,0x298C,0x298C,0x298C,0x298C,0x298C,
0x216C,0x216C,0x216C,0x216C,0x216C,0x216C,0x216C,0x216C,0x216C,0x216C,0x216C,0x218C,0x21AD,0x29AD,0x29AD,0x29AD,
0x29EE,0x29EE,0x29EE,0x29EE,0x29EE,0x320F,0x3A50,0x3A71,0x4AD3,0x4AF4,0x5335,0x5B56,0x5B36,0x5B15,0x6357,0x73D8,
0x7BF9,0x947B,0xB53D,0xB55D,0xBD7C,0xD5DE,0x7B13,0x622F,0x620F,0x6210,0x59F0,0x59F0,0x59F0,0x59F0,0x5A10,0x59EF,
0x61EF,0x61EF,0x61EF,0x61EF,0x61EF,0x69EF,0x69EF,0x69EF,0x69EF,0x69EF,0x71EF,0x71EF,0x71EF,0x71EF,0x71EF,0x71EF,
0x7A0F,0x7A0F,0x7A0F,0x7A0F,0x7A0F,0x7A0F,0x720F,0x720F,0x71EE,0x79EE,0x79EE,0x7A0E,0x7A0E,0x820F,0x820F,0x820E,
0x8A0E,0x8A0E,0x8A0E,0x8A0E,0x8A0E,0x8A0E,0x89EE,0x89EE,0x8A0E,0x8A0E,0x89EE,0x89EE,0x89EE,0x89EE,0x89EE,0x8A0E,
0x89ED,0x8A2E,0x8A0D,0x81ED,0x8A0D,0x8A0E,0x89ED,0x8A0E,0x8A0D,0x8A0E,0x8A0E,0x8A0E,0x8A0E,0x89ED,0x89ED,0x89ED,
0x91EE,0x920E,0x91EE,0x91ED,0x91ED,0x91ED,0x91ED,0x91ED,0x920E,0x920E,0x920E,0x91EE,0x91ED,0x91ED,0x91ED,0x91EE,
0x920E,0x9A0F,0x9A0E,0x9A0E,0xA20E,0xA20E,0xA20F,0xA20F,0xAA2F,0x99ED,0xB2B0,0xCB92,0xBB0F,0xAAAC,0xD411,0xA2EB,
0x69A5,0x6185,0x69A5,0x71A5,0x81C5,0x9227,0x9268,0x8227,0x5944,0x69C6,0x5985,0x5165,0x48E3,0x50E4,0x71A7,0x7A08,
0x5104,0x48E3,0x5104,0x5124,0x5966,0x59A7,0x4104,0x38A2,0x3903,0x4985,0x28A2,0x20A1,0x2082,0x1862,0x18A3,0x20A3,
0x30C4,0x38E4,0x30A3,0x51A7,0x51A8,0x30A4,0x2883,0x2863,0x4967,0x7AAD,0x5188,0x3043,0x5989,0x828D,0x6189,0x5107,
0x48A5,0x92CE,0x828C,0x40C5,0x2842,0x4106,0x4106,0x4967,0x51A8,0x2883,0x30E5,0x30E5,0x59C9,0xA3B1,0x92AE,0xBBD3,
0xAC1B,0x7AB5,0x51B1,0x498F,0x418F,0x394D,0x314D,0x398D,0x316C,0x316C,0x318C,0x318C,0x318D,0x318D,0x318D,0x318D,
0x318D,0x31AD,0x31AD,0x318D,0x296D,0x296C,0x296C,0x296C,0x296D,0x296D,0x296D,0x296D,0x298D,0x318D,0x318D,0x318D,
0x318D,0x318C,0x318D,0x318D,0x318D,0x318D,0x318D,0x318D,0x318D,0x318D,0x318D,0x318D,0x318D,0x318D,0x318D,0x318D,
0x318D,0x318D,0x318D,0x318D,0x318D,0x318D,0x318D,0x318D,0x31AE,0x318E,0x296D,0x296D,0x296D,0x31AE,0x39EF,0x4230,
0x4230,0x4230,0x420F,0x31AE,0x296D,0x296D,0x39EF,0x4A71,0x4230,0x4230,0x420F,0x39CE,0x318D,0x296D,0x318E,0x31AE,
0x39CE,0x31AE,0x31AE,0x31AE,0x318D,0x318D,0x318D,0x318D,0x318D,0x318D,0x318D,0x318D,0x318D,0x318D,0x318D,0x318D,
0x318D,0x318D,0x318D,0x318D,0x298D,0x298D,0x298D,0x298D,0x298D,0x298D,0x298D,0x298D,0x298C,0x298C,0x298C,0x298C,
0x216C,0x216C,0x216C,0x216C,0x216C,0x216C,0x216C,0x216C,0x216C,0x216C,0x218C,0x218C,0x298D,0x29AD,0x29AD,0x29AD,
0x21AD,0x29AD,0x29CD,0x29CE,0x29CE,0x31EF,0x31EF,0x31EF,0x3A51,0x3A51,0x4293,0x52F4,0x5315,0x5B36,0x6377,0x6BB8,
0x7BD8,0x949B,0xA4FC,0xAD3C,0xBD9D,0xCDBD,0x93F6,0x5A0F,0x620F,0x61EF,0x61F0,0x61F0,0x61F0,0x61EF,0x61EF,0x620F,
0x61EF,0x61EF,0x61EF,0x61EF,0x69EF,0x69EF,0x6A0F,0x69EF,0x720F,0x720F,0x720F,0x720F,0x720F,0x7A0F,0x7A0F,0x7A0F,
0x7A0F,0x7A2F,0x7A0F,0x7A0F,0x7A0F,0x7A0F,0x7A0F,0x7A0F,0x79EE,0x79EE,0x7A0E,0x820F,0x820F,0x820F,0x820F,0x820F,
0x8A0F,0x8A0E,0x8A0E,0x8A0E,0x8A0E,0x8A0E,0x8A0E,0x8A0E,0x8A0E,0x8A0E,0x8A0E,0x8A0E,0x8A0E,0x8A0E,0x8A0E,0x8A0E,
0x89ED,0x8A2E,0x8A0E,0x81ED,0x89EE,0x8A0E,0x89ED,0x8A0E,0x8A0E,0x8A0E,0x8A0E,0x8A0E,0x8A0E,0x8A0E,0x89EE,0x89EE,
0x91ED,0x91EE,0x920E,0x920E,0x91EE,0x91ED,0x91EE,0x91EE,0x91EE,0x920E,0x9A0E,0x91EE,0x91EE,0x91ED,0x91EE,0x91EE,
0x9A0F,0x9A0F,0x9A0F,0x9A0F,0xA20F,0xA20F,0xA20F,0xA20F,0x99CE,0xBAB2,0xB270,0xAA4F,0xB2CF,0xD3B2,0xC34F,0xC38F,
0x7A07,0x69A4,0x6964,0x7984,0x89E6,0x9A27,0x9A68,0x9A88,0x8A89,0x69A5,0x5123,0x5965,0x71A6,0x7186,0x81C7,0x8A28,
0x6924,0x6124,0x6965,0x6145,0x6145,0x6166,0x50E3,0x40A2,0x5985,0x59A5,0x40E3,0x30A2,0x2861,0x2882,0x4166,0x2883,
0x3083,0x40E4,0x4905,0x61E8,0x6A09,0x38A4,0x38A4,0x48E6,0x48E6,0x7A4B,0x5928,0x50E7,0x6989,0x8A4D,0x6108,0x58E7,
0x79EB,0x7189,0x6148,0x69A9,0x5107,0x48C5,0x48E6,0x61C9,0xA3F2,0x3063,0x4105,0x2843,0x7A8C,0xB433,0x92CE,0xCC14,
0x8B37,0x6A53,0x51B0,0x498F,0x498F,0x418E,0x39AE,0x41CE,0x318C,0x318C,0x318C,0x318C,0x318D,0x318D,0x398D,0x318D,
0x31AD,0x31AD,0x31AD,0x318D,0x296D,0x296C,0x296D,0x298D,0x298D,0x298D,0x298D,0x298D,0x318D,0x318D,0x318D,0x318D,
0x318D,0x318D,0x318D,0x318D,0x318D,0x318D,0x318D,0x318D,0x318D,0x318D,0x318D,0x318D,0x318D,0x318D,0x318D,0x318D,
0x31AD,0x31AD,0x31AD,0x31AD,0x31AD,0x31AD,0x31AD,0x31AE,0x296D,0x318D,0x31AE,0x39EF,0x39EF,0x4210,0x4210,0x4210,
0x420F,0x31AE,0x296D,0x31AE,0x4230,0x4A71,0x4230,0x39CF,0x39EF,0x31AE,0x318E,0x318E,0x31AE,0x39CF,0x39CF,0x31AE,
0x39CE,0x31AE,0x31AE,0x318D,0x296D,0x296D,0x318D,0x31AE,0x31AE,0x318D,0x318D,0x318D,0x318D,0x318D,0x318D,0x31AD,
0x318D,0x318D,0x318D,0x318D,0x318D,0x318D,0x318D,0x318D,0x298D,0x298D,0x298D,0x298D,0x298C,0x298C,0x298C,0x298C,
0x296C,0x296C,0x216C,0x216C,0x216C,0x216C,0x296C,0x218C,0x216C,0x218C,0x218C,0x218C,0x298D,0x298D,0x29AD,0x29AD,
0x216C,0x218C,0x29CD,0x29CE,0x31EE,0x31EE,0x31EF,0x31CF,0x3210,0x3A10,0x3A52,0x4A93,0x5315,0x6377,0x6BB8,0x73D8,
0x7BD8,0x949B,0x94BA,0xA4FB,0xBD9D,0xBD5C,0xACB9,0x5A2F,0x620F,0x620F,0x61EF,0x61EF,0x61EF,0x61EF,0x620F,0x6A0F,
0x61EF,0x69EF,0x69EF,0x69EF,0x69EF,0x69EF,0x69EF,0x71EF,0x720F,0x720F,0x720F,0x7A0F,0x7A0F,0x7A0F,0x7A0F,0x7A0F,
0x822F,0x820F,0x820F,0x7A0F,0x7A0F,0x7A0F,0x7A0F,0x7A0F,0x7A0E,0x7A0E,0x820F,0x820F,0x820F,0x820F,0x8A0F,0x8A0F,
0x8A0F,0x8A0E,0x8A0E,0x8A0E,0x8A0E,0x8A0E,0x8A0E,0x8A0E,0x8A0E,0x8A0E,0x8A0E,0x8A0E,0x8A0E,0x8A0E,0x8A0E,0x8A0E,
0x922E,0x9A6F,0x924F,0x8A0E,0x8A0E,0x8A0E,0x8A0E,0x8A0E,0x8A0E,0x8A0E,0x920E,0x920E,0x920E,0x8A0E,0x89EE,0x89EE,
0x91EE,0x91EE,0x920E,0x920E,0x91EE,0x91EE,0x920E,0x920E,0x91EE,0x920E,0x9A0E,0x91EE,0x91EE,0x91EE,0x91EE,0x99EE,
0x9A0F,0x9A0F,0x9A0F,0x9A0F,0x9A0F,0xA1EF,0xA1F0,0xA9F0,0xAA30,0xA9F0,0x99AE,0xB270,0xB28F,0xC331,0xAA8D,0xCBB0,
0x79A6,0x71A4,0x7984,0x89E5,0xA267,0xA247,0x9A27,0xA2A9,0xB38D,0x71C6,0x6144,0x6965,0x8A49,0x9228,0x89C7,0x91E7,
0x89E7,0x81C7,0x81E7,0x7145,0x6925,0x7145,0x6124,0x6144,0x6965,0x69A5,0x50E3,0x3040,0x3020,0x40C3,0x728B,0x5146,
0x3042,0x48C4,0x48E4,0x4905,0x5105,0x4083,0x71EA,0xB3F2,0x5106,0x50A6,0x6148,0xA330,0x92AE,0x926E,0x81AB,0x798B,
0x8A2D,0x8A0C,0xB371,0x8A6D,0x71AA,0x824C,0x9B2F,0x48A5,0x932F,0x5106,0x38A4,0x3064,0x61A9,0xABB1,0xA330,0xDC95,
0x6A53,0x59D1,0x496F,0x414E,0x414D,0x396D,0x396D,0x398C,0x398D,0x398C,0x318C,0x398D,0x398D,0x398D,0x398D,0x318D,
0x318D,0x31AD,0x318D,0x318D,0x316D,0x296C,0x316D,0x318D,0x318D,0x318D,0x318D,0x318D,0x318D,0x318D,0x318D,0x318D,
0x318D,0x318D,0x318D,0x318D,0x318D,0x318D,0x318D,0x318D,0x318D,0x318D,0x318D,0x318D,0x318D,0x318D,0x318D,0x318D,
0x31AE,0x31AE,0x31AE,0x31AE,0x31AE,0x31AE,0x31AE,0x31AE,0x318E,0x31CF,0x4210,0x4251,0x4251,0x4210,0x39CF,0x31AE,
0x296D,0x39CE,0x4A30,0x4A71,0x4A50,0x41EF,0x39AE,0x318D,0x318D,0x316D,0x318D,0x39AE,0x39EF,0x41EF,0x39CE,0x318D,
0x318D,0x318D,0x31AD,0x31AD,0x31AD,0x31AD,0x318D,0x318D,0x31AD,0x31AD,0x31AD,0x31AD,0x31AD,0x31AD,0x318D,0x318D,
0x318D,0x318D,0x318D,0x318D,0x318D,0x318D,0x318D,0x318D,0x298D,0x298D,0x298D,0x298C,0x298C,0x298C,0x298C,0x298C,
0x298C,0x296C,0x296C,0x296C,0x296C,0x296C,0x298C,0x298C,0x218C,0x218C,0x218C,0x298C,0x298C,0x298D,0x298D,0x298D,
0x218C,0x29AD,0x29CD,0x31CE,0x31EE,0x31CE,0x31EF,0x31EF,0x3210,0x3A31,0x3A31,0x4252,0x4AD4,0x6377,0x73F9,0x73F9,
0x7C19,0x8C7A,0x949A,0xA51B,0xBD9D,0xBD7C,0xBD3B,0x6A91,0x6230,0x620F,0x61F0,0x61EF,0x61EF,0x6A0F,0x6A0F,0x6A30,
0x6A0F,0x6A0F,0x6A0F,0x6A0F,0x6A0F,0x6A0F,0x720F,0x720F,0x7210,0x7A0F,0x7A30,0x7A2F,0x7A2F,0x7A2F,0x7A2F,0x822F,
0x820F,0x820F,0x820F,0x820F,0x820F,0x7A0F,0x7A0F,0x7A0E,0x7A0F,0x820F,0x820E,0x820F,0x820F,0x8A0F,0x8A0F,0x8A0F,
0x8A0F,0x8A0F,0x8A0F,0x8A0F,0x8A0E,0x8A0E,0x8A0E,0x8A0E,0x8A0E,0x8A0E,0x8A0E,0x8A0E,0x8A0E,0x8A0E,0x920E,0x920E,
0x922E,0x9A90,0x926F,0x8A0E,0x8A2E,0x922F,0x8A0E,0x8A0E,0x8A0E,0x8A0E,0x920E,0x920E,0x920E,0x920E,0x920E,0x920E,
0x89EE,0x920E,0x920E,0x920E,0x91EE,0x91EE,0x91EE,0x920E,0x920E,0x920E,0x9A0E,0x99EE,0x99EE,0x99EE,0x9A0E,0x9A0F,
0x9A0F,0x9A0F,0x9A0F,0x9A0F,0x9A0F,0xA1EF,0xA210,0xAA10,0xB251,0xA9F0,0xAA30,0xBA71,0xA1EE,0xB28F,0xC2F0,0x9A0B,
0x81C7,0x9268,0x9247,0x9A26,0xB2A8,0xAA67,0x9A26,0xB30A,0x9247,0xA30A,0xBBCE,0x79A5,0x7144,0x9A48,0x9A28,0x99E7,
0x9A28,0x9A08,0x91E7,0x8125,0x70E4,0x7945,0x7145,0x7965,0x7165,0x7185,0x58E3,0x4040,0x50C3,0x4883,0x8ACC,0x826B,
0x5905,0x5925,0x5946,0x48A3,0x50C5,0x50C5,0x8A6C,0xDCF6,0x79CA,0x5085,0x7169,0x9A8E,0x922D,0x81AB,0x922E,0x9A2E,
0x920D,0x9A6E,0xA2CF,0xA2CF,0x7169,0xB371,0xCC55,0xB391,0x50A5,0x5927,0x40A5,0x5968,0x5106,0xABB1,0xAB50,0xD495,
0x51D0,0x518F,0x496F,0x496E,0x416E,0x418E,0x41AD,0x398D,0x39AD,0x39AD,0x39AD,0x39AD,0x398D,0x398D,0x318D,0x318D,
0x318D,0x318D,0x318D,0x318D,0x316D,0x316D,0x318D,0x318D,0x318D,0x318D,0x318D,0x318D,0x318D,0x318D,0x318D,0x318D,
0x31AD,0x31AD,0x31AD,0x31AD,0x31AD,0x31AD,0x31AD,0x31AD,0x31AD,0x31AD,0x318E,0x318E,0x318E,0x318E,0x318E,0x318E,
0x31AE,0x31AE,0x31AE,0x31AE,0x31AE,0x31AE,0x31AE,0x31AE,0x4A51,0x4230,0x4210,0x39EF,0x39CF,0x31AE,0x31CF,0x39CE,
0x4A71,0x4A30,0x41EF,0x39AE,0x318D,0x318D,0x31AE,0x39CE,0x39CE,0x39CF,0x39CF,0x39AE,0x318D,0x316D,0x318D,0x39AE,
0x39AE,0x31AD,0x31AD,0x31AD,0x39CE,0x39CE,0x31AE,0x31AD,0x31AE,0x31AE,0x39AE,0x39AE,0x31AE,0x31AD,0x318D,0x318D,
0x31AD,0x31AD,0x318D,0x318D,0x31AD,0x31AD,0x318D,0x318D,0x298D,0x298D,0x298C,0x298C,0x298C,0x298C,0x296C,0x296C,
0x298C,0x298C,0x296C,0x296C,0x296C,0x296C,0x298C,0x298C,0x298C,0x298C,0x298C,0x298C,0x298C,0x298C,0x218C,0x218C,
0x29CD,0x29CD,0x31CE,0x31CE,0x31CE,0x29CE,0x31CE,0x31EF,0x31EF,0x3A30,0x3A10,0x31F0,0x3A52,0x5B35,0x6BB8,0x73D8,
0x845A,0x8C7A,0x949A,0xAD5C,0xBD9D,0xC5BD,0xBD5B,0x7B13,0x6230,0x620F,0x6A0F,0x69EF,0x69EF,0x6A0F,0x722F,0x7230,
0x6A0F,0x6A0F,0x6A0F,0x6A0F,0x7210,0x7210,0x720F,0x720F,0x7A30,0x7A30,0x7A2F,0x7A30,0x7A30,0x8230,0x8230,0x8230,
0x820F,0x820F,0x820F,0x820F,0x820F,0x820F,0x820F,0x820F,0x820F,0x820F,0x820E,0x820F,0x820F,0x8A0F,0x8A0F,0x8A0F,
0x8A0F,0x8A0F,0x8A0F,0x8A0F,0x8A0E,0x8A0E,0x8A0E,0x8A0E,0x8A0E,0x8A0E,0x8A0E,0x8A0E,0x8A0E,0x8A0E,0x920E,0x8A0E,
0x81ED,0x922F,0x8A2E,0x81ED,0x8A0E,0x8A2E,0x8A0E,0x8A0E,0x920E,0x920E,0x920E,0x920E,0x920E,0x920E,0x920E,0x920E,
0x920E,0x920E,0x920E,0x920E,0x91EE,0x91EE,0x91EE,0x920E,0x920E,0x9A0E,0x9A0E,0x9A0E,0x9A0E,0x9A0E,0x9A0F,0x9A0F,
0x91CE,0x99EF,0x9A0F,0xA20F,0xA20F,0xA20F,0xAA10,0xAA30,0xA9F0,0xB231,0xAA10,0xAA10,0xC2D2,0xBA90,0xDBB4,0xBAEF,
0xAAAB,0xC38C,0xB2C9,0x9A06,0xAA67,0xA247,0xA287,0xCBAC,0xAAEA,0x9A88,0xC3CE,0x9268,0x9207,0x9207,0x8985,0xA248,
0xAA28,0xAA28,0xAA29,0x9986,0x9145,0x91A7,0x8986,0x89A6,0x9207,0x89C6,0x6903,0x60C3,0x81E7,0x4821,0x8A4B,0xA32E,
0x6967,0x6146,0x71C8,0x6126,0x71A8,0x5906,0x58C5,0x820B,0x924C,0x924C,0xA2AE,0x89CB,0x9A4E,0x89CC,0x9A2E,0x89AC,
0x91EC,0x91EC,0x920D,0x9A4E,0xAB10,0x9A8E,0xA2CF,0xC3D3,0x71AA,0x5907,0x40A5,0x40C5,0x5106,0x932E,0xA34F,0xE537,
0x496F,0x496E,0x496E,0x418E,0x418D,0x418D,0x398D,0x398C,0x398D,0x398D,0x39AD,0x39AD,0x398D,0x398D,0x398D,0x39AD,
0x39AD,0x318D,0x318D,0x318D,0x316D,0x318D,0x318D,0x318D,0x318D,0x318D,0x318D,0x318D,0x318D,0x318D,0x318D,0x318D,
0x31AD,0x318D,0x318D,0x318D,0x39AE,0x39AE,0x39AE,0x318D,0x318D,0x318D,0x318E,0x39AE,0x39AE,0x39AE,0x39AE,0x31AE,
0x31AE,0x31AE,0x31AE,0x31AE,0x31AE,0x39CF,0x4230,0x5292,0x39EF,0x39CF,0x31AE,0x31AE,0x39CE,0x420F,0x4A50,0x4A71,
0x39AE,0x39AE,0x39AE,0x39CE,0x39CE,0x39CE,0x39CE,0x39CE,0x39AE,0x39AE,0x39AE,0x39AE,0x39AE,0x39AE,0x39AE,0x39AE,
0x39AE,0x39AE,0x39AE,0x39AE,0x39AE,0x39AE,0x39AE,0x39AE,0x39AE,0x39AE,0x39AE,0x39AE,0x39AE,0x39AE,0x39AE,0x39AE,
0x39AD,0x39AD,0x31AD,0x31AD,0x31AD,0x31AD,0x31AD,0x31AD,0x318D,0x318D,0x31AD,0x318D,0x318D,0x298D,0x298D,0x298D,
0x298C,0x298C,0x298D,0x298D,0x298D,0x298D,0x298D,0x298D,0x298C,0x298C,0x298D,0x298C,0x218C,0x298C,0x298D,0x29AD,
0x29AD,0x29CD,0x31EE,0x31EE,0x31CE,0x31CE,0x31EF,0x31EF,0x31EF,0x3210,0x3A10,0x3A31,0x4AD4,0x5B36,0x6397,0x73F9,
0x847A,0x845A,0x9D1C,0xA51B,0xB55C,0xBD9C,0xC57C,0x93D6,0x620F,0x6A10,0x6A10,0x69EF,0x61CF,0x69CF,0x6A0F,0x720F,
0x7210,0x7210,0x720F,0x7230,0x7230,0x7230,0x7A30,0x7A30,0x7A10,0x7A2F,0x7A30,0x822F,0x7A2F,0x7A0F,0x820F,0x820F,
0x8A0F,0x8A0F,0x820F,0x820F,0x820F,0x820F,0x820F,0x820F,0x820E,0x820E,0x820F,0x820E,0x8A0F,0x8A0F,0x8A0F,0x8A0F,
0x922F,0x922F,0x922F,0x922F,0x922F,0x922F,0x922F,0x922F,0x922E,0x922E,0x8A0E,0x8A0E,0x8A0E,0x8A0E,0x922E,0x922E,
0x8A2E,0x8A2E,0x8A0E,0x8A0E,0x8A0E,0x8A0E,0x8A0E,0x8A0E,0x8A0E,0x8A0E,0x920E,0x920E,0x920E,0x920E,0x920E,0x920E,
0x922E,0x920E,0x920E,0x920E,0x920E,0x920E,0x920E,0x920E,0x920E,0x9A0E,0x9A0E,0x9A0E,0x9A0F,0x9A0F,0x9A0F,0x9A0F,
0x9A0F,0x9A0E,0x9A0E,0x9A0E,0xA20F,0xA20F,0xAA0F,0xAA10,0xAA10,0xAA10,0xB210,0xB230,0xB250,0xBA70,0xBA90,0xBAAE,
0xAA6A,0x99E7,0xAA68,0x9A06,0x9A06,0xA287,0xAAC8,0x91E5,0xBB4B,0xAAA9,0x89C6,0x89C6,0x7103,0x9A07,0x9A07,0x8964,
0xA9E7,0xA9C7,0xB208,0xB208,0x9966,0x9966,0xA1C7,0x99A6,0x9165,0x91C6,0x7924,0x89A6,0x8166,0xA28B,0x9A8C,0xD453,
0x928B,0x928B,0x81E9,0x6926,0x6947,0x60E6,0x7168,0x7148,0xBBB1,0xBB51,0xAAF0,0xA26E,0x91ED,0x91CC,0x91CC,0x99ED,
0x99ED,0x91ED,0x920D,0x9A2D,0x922D,0x920D,0xA26E,0xAB10,0xCC13,0x71A9,0x4064,0x40C5,0x4906,0x8AED,0xB412,0xDD16,
0x498E,0x418E,0x418E,0x418E,0x418D,0x418D,0x398D,0x398C,0x39AD,0x39AD,0x39AD,0x39AD,0x39AD,0x39AD,0x39AD,0x39AD,
0x39AD,0x318D,0x318D,0x318D,0x318D,0x318D,0x318D,0x318D,0x318D,0x318D,0x318D,0x318D,0x318D,0x318D,0x318D,0x318D,
0x39AD,0x39AD,0x318D,0x318D,0x39AD,0x39AD,0x39AD,0x318D,0x318D,0x318D,0x39AE,0x39AE,0x39AE,0x39AE,0x318E,0x318E,
0x31AE,0x318E,0x39AE,0x4210,0x4A51,0x4A51,0x41EF,0x318E,0x318E,0x39CF,0x4210,0x4A51,0x4A51,0x4230,0x41EF,0x39CE,
0x39CE,0x39AE,0x39AE,0x39AE,0x39AE,0x39AE,0x39CE,0x39CE,0x39AE,0x39AE,0x39AE,0x39AE,0x39AE,0x39AE,0x39AE,0x39AE,
0x39AE,0x39AE,0x39AE,0x39AE,0x39AE,0x39AE,0x39AE,0x39AE,0x39AE,0x39AE,0x39AE,0x39AE,0x39AE,0x39AE,0x39AE,0x39AE,
0x39AD,0x39AD,0x31AD,0x31AD,0x31AD,0x31AD,0x31AD,0x31AD,0x31AD,0x31AD,0x318D,0x31AD,0x318D,0x318D,0x318D,0x298D,
0x298D,0x298D,0x298D,0x298D,0x298D,0x298D,0x298D,0x298D,0x298C,0x298D,0x298D,0x298D,0x298C,0x298C,0x29AD,0x29AD,
0x29AD,0x31AD,0x31CE,0x31EE,0x31EE,0x31EE,0x31EF,0x320F,0x3A10,0x3A51,0x3A51,0x4272,0x4AD4,0x5315,0x5B56,0x6397,
0x6BB8,0x6BB8,0x94BB,0x9CFB,0xB57C,0xBD9D,0xC57C,0x9C17,0x6A50,0x6A30,0x6A30,0x6A10,0x7210,0x7230,0x722F,0x722F,
0x720F,0x7210,0x720F,0x7210,0x7230,0x7A30,0x7A30,0x7A30,0x7A2F,0x8230,0x8230,0x8230,0x822F,0x820F,0x820F,0x822F,
0x8A0F,0x8A0F,0x8A0F,0x8A0F,0x820F,0x820F,0x820F,0x820F,0x820F,0x820F,0x820F,0x820F,0x8A0F,0x8A0F,0x8A0F,0x8A0F,
0x922F,0x922F,0x922F,0x922F,0x922F,0x922F,0x922F,0x922F,0x922E,0x922E,0x922E,0x8A0E,0x8A0E,0x922E,0x922E,0x922E,
0x8A0E,0x8A0E,0x8A0E,0x8A2E,0x8A2E,0x8A2F,0x922F,0x922F,0x922F,0x922F,0x922F,0x922F,0x922F,0x922F,0x920F,0x920F,
0x922E,0x922E,0x920E,0x920E,0x920E,0x920E,0x920E,0x920E,0x9A0E,0x9A0E,0x9A0F,0x9A0F,0x9A2F,0x9A2F,0x9A0F,0x9A0F,
0x9A0E,0x9A0E,0x9A0E,0xA20E,0xA20E,0xA20F,0xAA0F,0xAA10,0xAA30,0xB210,0xB210,0xB210,0xB250,0xC2D2,0xDB94,0xEC14,
0xB26B,0xA1E8,0xA207,0xAA89,0x9A06,0x9A47,0x9A47,0x89A5,0x89A5,0xAA89,0xA249,0x9A08,0xB2EB,0x91C7,0x91E6,0xDBCE,
0xA186,0xB1A7,0xC209,0xB9C8,0xA125,0xA146,0xA9C7,0xA1A7,0x9124,0x9144,0x9186,0x8966,0x8126,0x8947,0x9A0B,0xCB91,
0xD433,0x81C8,0xB34F,0x8A2A,0x81A9,0xAB0E,0xE4B5,0xC3B1,0x89EB,0x89EB,0x91EC,0x91EC,0x91EC,0x91CC,0x99CC,0x99CD,
0x9A0D,0x99ED,0x920D,0x9A2D,0x9A2D,0x9A0D,0xA26E,0xAACF,0xCC14,0xB3B1,0x6168,0x4905,0x4905,0x724A,0xB432,0xDD57,
0x418E,0x418E,0x418D,0x418D,0x418D,0x418D,0x398D,0x398C,0x39AD,0x39AD,0x39AD,0x39AD,0x39AD,0x39AD,0x398D,0x39AD,
0x39AD,0x39AD,0x318D,0x318D,0x318D,0x318D,0x318D,0x318D,0x318D,0x398D,0x398D,0x398D,0x398D,0x39AD,0x39AD,0x39AD,
0x39CD,0x39AD,0x318D,0x318D,0x39AD,0x39AD,0x39AE,0x39AE,0x39CE,0x39AE,0x39AE,0x39AE,0x39AE,0x39AE,0x39AE,0x398E,
0x41F0,0x4210,0x4210,0x4210,0x41EF,0x39CF,0x39CF,0x39CF,0x4A10,0x4A30,0x4A30,0x4A30,0x420F,0x41EF,0x39AE,0x318E,
0x39CE,0x41CE,0x41CE,0x41CE,0x39AE,0x39AE,0x39AE,0x39AE,0x39AE,0x39AE,0x39AE,0x39AE,0x39AE,0x39AE,0x39AE,0x39AE,
0x39AE,0x39AE,0x39AE,0x39AE,0x39AE,0x39AE,0x39AE,0x39AE,0x39AE,0x39AE,0x39AE,0x39AE,0x39AE,0x39AE,0x39AE,0x39AE,
0x39AD,0x39AD,0x39AD,0x39AD,0x39AD,0x39AD,0x31AD,0x31AD,0x31AD,0x31AD,0x31AD,0x31AD,0x31AD,0x318D,0x318D,0x318D,
0x318D,0x318D,0x298D,0x318D,0x318D,0x318D,0x318D,0x318D,0x298D,0x298D,0x298D,0x298D,0x298D,0x298D,0x298D,0x29AD,
0x31AD,0x31AD,0x31AD,0x31CE,0x31EE,0x3A0F,0x3A0F,0x3A10,0x3A10,0x3A31,0x3A51,0x4272,0x4AB3,0x4AD4,0x4AD4,0x52F5,
0x5B36,0x5B56,0x7C39,0x94BA,0xAD1B,0xB55C,0xC57C,0xB4B9,0x6A50,0x6A30,0x6A10,0x6A10,0x7230,0x7230,0x722F,0x720F,
0x720F,0x7210,0x7210,0x7210,0x7A30,0x7A30,0x7A30,0x7A2F,0x8230,0x8230,0x8230,0x8230,0x822F,0x820F,0x822F,0x8A2F,
0x8A0F,0x8A0F,0x8A0F,0x8A0F,0x8A0F,0x8A0F,0x822F,0x820F,0x822F,0x822F,0x8A0F,0x8A2F,0x8A2F,0x8A2F,0x8A2F,0x8A2F,
0x922F,0x922F,0x922F,0x922F,0x922F,0x922F,0x922F,0x922F,0x922E,0x922E,0x922E,0x922E,0x8A2E,0x8A2E,0x8A2E,0x8A2E,
0x8A2E,0x8A2E,0x8A2E,0x8A2E,0x922E,0x922E,0x922F,0x922F,0x922E,0x922E,0x922E,0x922E,0x922E,0x922E,0x922E,0x922E,
0x922E,0x922E,0x922E,0x922E,0x922E,0x922E,0x9A2E,0x9A2E,0x9A0E,0x9A2E,0x9A2F,0x9A2F,0xA22F,0xA22F,0xA22F,0xA22F,
0x9A0E,0x9A0E,0xA20E,0xA20E,0xA22E,0xA22E,0xAA2F,0xAA0F,0xAA30,0xB230,0xB230,0xB230,0xAA0F,0xB230,0xC2B1,0xCB11,
0xBA6C,0xEC12,0xEC11,0xAA8A,0x91A6,0xB2CA,0xD3EF,0xA269,0xB2EB,0xBB0D,0x9A09,0xAA4A,0xDBD0,0xA229,0xDC30,0xC32C,
0xCA8A,0xD229,0xCA09,0xC1C8,0xA946,0xA925,0xB187,0xB1C7,0xBA08,0x9945,0xA9C7,0x8905,0x99A8,0x8927,0xAA4C,0xBB0F,
0xA26C,0xAAEE,0xB32F,0x920B,0x7107,0x7948,0x7107,0xB30F,0xA26D,0x9A4D,0x9A2C,0x9A0C,0x99EC,0x99EC,0x99EC,0x99EC,
0xA20D,0x9A0D,0x9A0D,0x9A2D,0x9A2D,0x9A0D,0xA24D,0xAA8E,0xB351,0xDCD6,0x69C9,0x48E5,0x4926,0x59A7,0xB452,0xE597,
0x418D,0x418D,0x418D,0x418D,0x418D,0x418D,0x398C,0x398C,0x39AD,0x39AD,0x39AD,0x39AD,0x39AD,0x39AE,0x39AE,0x39AE,
0x39AD,0x39AD,0x398D,0x318D,0x318D,0x318D,0x398D,0x398D,0x398D,0x398D,0x39AD,0x39AD,0x39AD,0x39AD,0x39AD,0x39AD,
0x39AD,0x39AD,0x39AD,0x39AD,0x39AE,0x39AE,0x39AE,0x39AE,0x39AE,0x39AE,0x39AE,0x39AE,0x39AE,0x39CE,0x41EF,0x420F,
0x4A30,0x4A30,0x4A10,0x41CF,0x398E,0x39AE,0x4210,0x5251,0x5251,0x4A30,0x41CF,0x398E,0x318D,0x398E,0x39AE,0x41CE,
0x41CE,0x41CE,0x41CE,0x41CE,0x41CE,0x39AE,0x39AE,0x39AE,0x41CE,0x41CE,0x41CE,0x41CE,0x41CE,0x41CE,0x41CE,0x41CE,
0x39AE,0x39AE,0x39AE,0x39AE,0x39AE,0x39AE,0x39AE,0x39AE,0x39AE,0x39AE,0x39AE,0x39AE,0x39AE,0x39AE,0x39AE,0x39AE,
0x39AE,0x39AE,0x39AE,0x39AE,0x39AE,0x39AE,0x31AD,0x31AD,0x31AD,0x31AD,0x31AD,0x31AD,0x31AD,0x31AD,0x31AD,0x31AD,
0x318D,0x318D,0x31AD,0x31AD,0x31AD,0x31AD,0x318D,0x318D,0x298D,0x298D,0x298D,0x298D,0x298D,0x298D,0x29AD,0x29AD,
0x31AD,0x29AC,0x31AD,0x31CE,0x3A0E,0x3A0F,0x3A30,0x3A30,0x3A10,0x3A30,0x3A31,0x4252,0x42B3,0x4293,0x4293,0x4AB4,
0x5B36,0x5B36,0x73B7,0x8439,0x9479,0xACFA,0xBD5C,0xBD1B,0x7271,0x6A50,0x6A10,0x6A10,0x7210,0x6A0F,0x720F,0x720F,
0x722F,0x7210,0x7A30,0x7A30,0x7A30,0x7A30,0x7A30,0x8230,0x8230,0x8230,0x8230,0x8230,0x822F,0x8A2F,0x8A2F,0x8A30,
0x8A2F,0x8A0F,0x8A2F,0x8A0F,0x8A2F,0x8A2F,0x8A2F,0x822F,0x822F,0x822F,0x8A0F,0x8A2F,0x8A2F,0x8A2F,0x8A2F,0x8A2F,
0x922F,0x922F,0x922F,0x922F,0x922F,0x922F,0x922F,0x922F,0x922E,0x922E,0x922E,0x922E,0x8A2E,0x8A2E,0x8A2E,0x922E,
0x922F,0x922F,0x922F,0x922E,0x922E,0x8A2E,0x922E,0x922E,0x922E,0x922E,0x922E,0x922E,0x922E,0x922E,0x922E,0x922E,
0x922E,0x922E,0x922E,0x922E,0x922E,0x9A2E,0x9A2F,0x9A2F,0x9A2E,0x9A2E,0x9A2F,0x9A2F,0xA22F,0xA22F,0xA22F,0xA22F,
0xA22E,0xA20E,0xA20E,0xA22E,0xA22E,0xA22E,0xAA2F,0xAA2F,0xA1EF,0xAA10,0xB251,0xB251,0xB250,0xB250,0xBA70,0xBA8F,
0xCAF0,0xE3B2,0xEC13,0xC30E,0xC32D,0xA24A,0xE472,0xD3F0,0xBAED,0x99E9,0xEC33,0xCB0E,0xB26B,0xBAAD,0xF4B4,0xFC73,
0xDAAC,0xC9C8,0xC187,0xC9E9,0xC9E9,0xC1C8,0xC1E8,0xD28A,0xB1C7,0xB1E7,0xBA29,0x9105,0xB24B,0xBA8D,0xCAEF,0xCB30,
0xAA8D,0x8989,0x7928,0x68A6,0x7907,0x5844,0x89AA,0xA28D,0xAA8D,0xA24D,0x9A0C,0x99CB,0x99CB,0x99EC,0xA20C,0xA20C,
0xA22D,0xA20C,0x9A0C,0xA22D,0xA22D,0xA22D,0xA22D,0xA24E,0xAAAE,0xD454,0x6147,0x40C4,0x5146,0x5187,0xBC72,0xE5D8,
0x418D,0x41AD,0x418D,0x418D,0x418C,0x418C,0x41AC,0x41AC,0x41AD,0x41AD,0x39AD,0x39AD,0x39AD,0x39AE,0x39AE,0x39AE,
0x39AD,0x39AD,0x39AD,0x398D,0x398D,0x398D,0x398D,0x398D,0x398D,0x398D,0x39AD,0x39AD,0x39AD,0x39AD,0x39AD,0x39AD,
0x31AD,0x39AD,0x39AE,0x39AE,0x39AE,0x39AE,0x39AE,0x39AE,0x318D,0x318D,0x39AE,0x39CE,0x41EF,0x4A30,0x4A30,0x4A50,
0x41EF,0x41CF,0x41AF,0x41EF,0x4A30,0x5250,0x4A30,0x41EF,0x39AE,0x39AE,0x39AE,0x39AE,0x41CE,0x41CE,0x41CE,0x41CE,
0x41CE,0x41CE,0x41CE,0x41CE,0x41CE,0x41AE,0x41AE,0x41AE,0x41CE,0x41CE,0x41CE,0x41CE,0x41CE,0x41CE,0x41CE,0x41CE,
0x41AE,0x41AE,0x41AE,0x41AE,0x41AE,0x41AE,0x41AE,0x41AE,0x41AE,0x41AE,0x41AE,0x41AE,0x41AE,0x41AE,0x41AE,0x41CE,
0x39CE,0x39CE,0x39CE,0x39CE,0x39AE,0x39AE,0x39AE,0x39AE,0x39CE,0x39CE,0x39AE,0x39AE,0x31AD,0x31AD,0x31AD,0x31AD,
0x31AD,0x31AD,0x31AD,0x31AD,0x31AD,0x31AD,0x31AD,0x31AD,0x318D,0x318D,0x29AD,0x298D,0x298D,0x298D,0x29AD,0x31AD,
0x31AD,0x31AD,0x31AD,0x31CD,0x39EE,0x3A0F,0x3A30,0x3A30,0x3A50,0x4251,0x3A51,0x4272,0x4AB3,0x4293,0x4293,0x4AD4,
0x5316,0x5B36,0x6B77,0x7BF8,0x8C38,0xA49A,0xB4FB,0xC53C,0x7AD3,0x7AB2,0x7271,0x7251,0x7210,0x6A0F,0x722F,0x7A70,
0x7A30,0x7A30,0x7A30,0x7A30,0x7A30,0x7A30,0x8230,0x8230,0x8230,0x8230,0x8230,0x8A30,0x8A30,0x8A2F,0x8A2F,0x8A2F,
0x8A2F,0x8A2F,0x8A2F,0x8A2F,0x8A2F,0x8A2F,0x8A2F,0x822F,0x822F,0x822E,0x822E,0x8A2E,0x8A2F,0x8A2F,0x8A2E,0x8A2E,
0x922F,0x922F,0x922F,0x922F,0x922F,0x922F,0x922F,0x922F,0x922E,0x922E,0x8A2E,0x8A2E,0x8A2E,0x8A2E,0x8A2E,0x8A2E,
0x924E,0x924E,0x924E,0x922E,0x922E,0x8A2E,0x922E,0x922E,0x922E,0x922E,0x922E,0x922E,0x922E,0x922E,0x922E,0x922E,
0x922E,0x922E,0x922E,0x924E,0x922E,0x9A2E,0x9A2F,0x9A2F,0x9A2E,0x9A2E,0x9A2E,0x9A2F,0xA22F,0xA22F,0xA22F,0xA22F,
0xA22E,0xA20E,0xA22E,0xA22E,0xA22E,0xA22E,0xAA2F,0xAA2F,0xAA30,0xAA30,0xAA10,0xB210,0xB250,0xBA70,0xBA90,0xBA90,
0xCAD1,0xB20E,0xBA8F,0xD351,0xEC54,0xB26C,0xDBF2,0xE3F2,0xCB30,0xBA8E,0xE3B3,0xE3B3,0xE3D3,0xDB92,0xC2CF,0xC26C,
0xD24B,0xD1E9,0xC9C8,0xD209,0xDA2A,0xD209,0xD229,0xDAAB,0xCA6A,0xA986,0x9925,0xBA2A,0xD2EE,0x9969,0x88E8,0xDB93,
0xD392,0x91CB,0x78E7,0x8969,0x78E7,0x898A,0xAA6D,0x91CA,0x9A0C,0x9A0B,0x99EB,0x99EB,0xA20B,0xA20C,0xA1EB,0xA1EB,
0xA20C,0xA1EC,0xA1EC,0xA20D,0xAA2D,0xAA2D,0xAA2D,0xAA4D,0xB2CF,0xBB91,0x6147,0x48E5,0x4925,0x5166,0xB472,0xEE39,
0x418C,0x418C,0x418C,0x418C,0x418C,0x418C,0x41AC,0x41AC,0x41AD,0x41AD,0x41AD,0x41AD,0x41AE,0x39AE,0x39AE,0x39AE,
0x39AE,0x39AD,0x39AD,0x398D,0x398D,0x398D,0x39AD,0x39AD,0x39AD,0x39AD,0x39AD,0x39AD,0x39AD,0x39AD,0x39AD,0x39AD,
0x39AD,0x39AD,0x39CE,0x39AE,0x39AE,0x39AD,0x39AD,0x39AD,0x39CE,0x41EE,0x420F,0x4A30,0x4A30,0x4210,0x420F,0x41EF,
0x41CF,0x41EF,0x4A10,0x4A30,0x4A30,0x4A10,0x41CF,0x398E,0x398D,0x39AE,0x41CE,0x41EF,0x41EF,0x41EE,0x41CE,0x39AD,
0x41CE,0x41CE,0x41CE,0x41CE,0x41CE,0x41CE,0x41CE,0x41CE,0x41CE,0x41CE,0x41CE,0x41CE,0x41CE,0x41CE,0x41CE,0x41CE,
0x41CE,0x41CE,0x41CE,0x41CE,0x41CE,0x41CE,0x41CE,0x41CE,0x41CE,0x41CE,0x41CE,0x41CE,0x41CE,0x41CE,0x41CE,0x41CE,
0x41CE,0x39CE,0x39CE,0x39CE,0x39CE,0x39CE,0x39CE,0x39CE,0x39CE,0x39CE,0x39CE,0x39CE,0x39CE,0x31CE,0x31CE,0x31CE,
0x31AD,0x31AD,0x31AD,0x31AD,0x31AD,0x31AD,0x31AD,0x31AD,0x318D,0x31AD,0x31AD,0x29AD,0x298D,0x298D,0x29AD,0x31AD,
0x31AD,0x31AD,0x31AD,0x31CD,0x39EE,0x3A0F,0x3A0F,0x3A30,0x4251,0x4251,0x3A31,0x3A51,0x4292,0x4272,0x4272,0x4AD4,
0x4AD5,0x5B36,0x6B77,0x83F8,0x8C38,0xA4BA,0xACDA,0xBD1B,0x8B34,0x82D3,0x7A72,0x7251,0x7230,0x6A0F,0x7230,0x8271,
0x7A30,0x7A30,0x7A30,0x7A30,0x8230,0x8230,0x8230,0x8230,0x8230,0x8230,0x8A30,0x8A30,0x8A2F,0x8A2F,0x8A2F,0x8A2F,
0x8A2F,0x8A2F,0x8A2F,0x8A2F,0x8A2F,0x8A2F,0x8A4F,0x8A4F,0x822E,0x822E,0x822E,0x8A2F,0x8A2F,0x8A2F,0x8A2E,0x8A2E,
0x922F,0x922F,0x922F,0x922F,0x924F,0x924F,0x922F,0x922F,0x922F,0x922E,0x922E,0x922E,0x922E,0x922E,0x8A2E,0x924E,
0x8A2E,0x8A2E,0x922E,0x922E,0x924E,0x924E,0x924E,0x924E,0x922E,0x922E,0x922E,0x922E,0x922E,0x922E,0x922E,0x922E,
0x924E,0x924E,0x924E,0x924E,0x924E,0x9A4F,0x9A2F,0x9A2F,0x9A2E,0x9A2E,0x9A2F,0xA22F,0xA22F,0xA22F,0xA22F,0xA22F,
0xA22F,0xA22F,0xA22E,0xA22E,0xA22E,0xAA2E,0xAA2F,0xAA30,0xB271,0xB231,0xAA10,0xAA10,0xB230,0xB250,0xB230,0xB22F,
0xB22F,0xC291,0xBA70,0xC2B1,0xCB11,0xCB11,0xDB72,0xCB11,0xCB11,0xF457,0xBA4F,0xCAD1,0xD312,0xCA90,0xF3D4,0xEB31,
0xE28C,0xF2CD,0xEA6B,0xD1C9,0xC988,0xC9C9,0xDA4A,0xE2EC,0xDAAB,0xFBD0,0xCA6B,0xA167,0xBA0B,0xE392,0xC28F,0xCAD0,
0xAA2D,0xD372,0xBAAF,0xD372,0xAA4D,0xEC75,0xA20C,0xC310,0xAA6D,0xAA4D,0xAA2C,0xA20B,0xA20B,0xAA0B,0xAA0B,0xAA0B,
0xAA0C,0xAA0C,0xA20C,0xAA0D,0xAA2D,0xB22D,0xB22E,0xB24E,0xBAF0,0xBB50,0x71A9,0x50E5,0x40E4,0x4904,0xAC31,0xEE39,
0x41AC,0x41AC,0x41AC,0x41AC,0x41AC,0x41AC,0x41AC,0x41AC,0x41AD,0x41AD,0x41AD,0x41AD,0x41AE,0x41AE,0x39AE,0x39AE,
0x41CE,0x39AE,0x39AD,0x39AD,0x39AD,0x39AD,0x39AD,0x39AD,0x39AD,0x39AD,0x39AD,0x39AD,0x39AD,0x39AD,0x39AD,0x39AD,
0x39AD,0x39CE,0x39CE,0x39AE,0x39AD,0x39AE,0x39CE,0x41EF,0x4A30,0x4A30,0x4A30,0x4A10,0x420F,0x41EF,0x41CF,0x41CF,
0x4A10,0x5230,0x5251,0x4A10,0x41AE,0x398D,0x398E,0x41CE,0x49EF,0x41EF,0x41CE,0x41CE,0x41CE,0x41CE,0x41AE,0x39AD,
0x41CE,0x41CE,0x41CE,0x41CE,0x41CE,0x41CE,0x41CE,0x41CE,0x41CE,0x41CE,0x41CE,0x41CE,0x41CE,0x41CE,0x41CE,0x41CE,
0x41CE,0x41CE,0x41CE,0x41CE,0x41CE,0x41CE,0x41CE,0x41CE,0x41CE,0x41CE,0x41CE,0x41CE,0x41CE,0x41CE,0x41CE,0x41CE,
0x41CE,0x39CE,0x39CE,0x39CE,0x39CE,0x39CE,0x39CE,0x39CE,0x39CE,0x39CE,0x39CE,0x39CE,0x39CE,0x39CE,0x39CE,0x39CE,
0x39AE,0x39AE,0x31CE,0x31AD,0x31AD,0x31AD,0x31AD,0x31AD,0x31AD,0x31AD,0x31AD,0x31AD,0x29AD,0x29AD,0x31AD,0x31AD,
0x31AD,0x31CD,0x31CD,0x31CD,0x31CE,0x39EE,0x3A0F,0x3A10,0x3A50,0x3A30,0x3210,0x3A31,0x4272,0x3A72,0x4272,0x4AD4,
0x4A94,0x6337,0x6357,0x7BD8,0x8C18,0xA4DB,0xACDB,0xBD1C,0x8B55,0x7AB2,0x7231,0x7230,0x7230,0x7230,0x7230,0x7A50,
0x7A50,0x7A30,0x7A30,0x7A30,0x8230,0x8230,0x8230,0x8230,0x8230,0x8230,0x8A30,0x8A30,0x8A2F,0x8A2F,0x8A2F,0x8A2F,
0x922F,0x922F,0x8A2F,0x8A2F,0x8A2F,0x8A4F,0x8A4F,0x8A4F,0x822F,0x822F,0x8A2F,0x8A2F,0x8A2F,0x8A2F,0x8A2F,0x8A2F,
0x922F,0x922F,0x922F,0x9A2F,0x924F,0x924F,0x924F,0x922F,0x922F,0x922F,0x922E,0x922E,0x922E,0x922E,0x924E,0x924E,
0x924E,0x924E,0x924E,0x924E,0x924E,0x924E,0x924E,0x924F,0x922E,0x922E,0x922E,0x922E,0x922E,0x922E,0x922E,0x922E,
0x924F,0x924E,0x924E,0x924E,0x9A4E,0x9A4E,0x9A4E,0x9A2E,0x9A2E,0x9A2E,0xA22E,0xA24F,0xA24F,0xA22F,0xA22F,0xA22F,
0xA22F,0xAA2F,0xAA2F,0xA22E,0xAA2E,0xAA2F,0xAA2F,0xAA30,0xAA10,0xAA30,0xB251,0xB272,0xBA92,0xBA92,0xBA91,0xBA71,
0xB251,0xBA72,0xBA51,0xBA71,0xB22F,0xBA4F,0xBA50,0xCAD2,0xCAF2,0xDB95,0xE3B5,0xD313,0xD2B2,0xDAD2,0xDAD2,0xD22E,
0xE26D,0xEA6C,0xDA0A,0xC988,0xC9A8,0xD1C9,0xDA6B,0xFB6F,0xD26A,0xD28B,0xB1A8,0x9906,0xBA0B,0xF3F4,0xE352,0xCA90,
0xC2B0,0xC2B0,0xD352,0xBAAF,0xBAAF,0xD351,0xB24D,0xB24D,0xAA2C,0xA20C,0xA1EB,0xA1CA,0xA1CA,0xA9EB,0xB22C,0xB26D,
0xAA0C,0xAA0C,0xAA2C,0xB22D,0xB20D,0xB22D,0xBA2D,0xB24E,0xB28E,0xCBB2,0x820A,0x50E5,0x48E5,0x40C4,0x936E,0xC4B3,
0x39AC,0x39AC,0x39AC,0x41AC,0x41AC,0x41AC,0x41AC,0x41AC,0x41AD,0x41AD,0x41AD,0x41AE,0x41AE,0x41AE,0x41AE,0x41AE,
0x41CE,0x39CD,0x39AD,0x39AD,0x39AD,0x39AD,0x39AD,0x39AD,0x39AD,0x39AD,0x39AD,0x39AD,0x39AD,0x39AD,0x39AE,0x39AE,
0x39CE,0x39CE,0x39AE,0x39AE,0x39AE,0x41CE,0x4A0F,0x4A30,0x4A30,0x420F,0x41CF,0x39AE,0x41AE,0x41EF,0x4A30,0x5251,
0x5230,0x4A0F,0x41CF,0x41AE,0x41CE,0x41EF,0x41EF,0x41CE,0x41CE,0x41CE,0x41CE,0x41CE,0x41CE,0x41CE,0x41CE,0x41CE,
0x41CE,0x41AE,0x41AE,0x41CE,0x41CE,0x41CE,0x41CE,0x41CE,0x41CE,0x41CE,0x41CE,0x41CE,0x41CE,0x41CE,0x41CE,0x41CE,
0x41CE,0x41CE,0x41CE,0x41CE,0x41CE,0x41CE,0x41CE,0x41CE,0x41CE,0x41CE,0x41CE,0x41CE,0x41CE,0x41CE,0x41CE,0x41CE,
0x41CE,0x41CE,0x41CE,0x41CE,0x41CE,0x41CE,0x39CE,0x39CE,0x39CE,0x39CE,0x39CE,0x39CE,0x39CE,0x39CE,0x39CE,0x39CE,
0x39CE,0x39CE,0x39AE,0x31AD,0x31AD,0x31AD,0x31AD,0x31AD,0x31AD,0x31AD,0x31AD,0x31AD,0x31AD,0x31AD,0x31AD,0x31CD,
0x31CD,0x31CD,0x31CD,0x31CD,0x31CD,0x31CE,0x39EF,0x3A0F,0x3A30,0x3A30,0x3A10,0x3A51,0x4293,0x4292,0x4A93,0x52F5,
0x52D5,0x6357,0x6356,0x7397,0x83D8,0xA4DB,0xB4FB,0xC55C,0x8B75,0x7AB2,0x6A10,0x7230,0x7A71,0x7A51,0x7230,0x720F,
0x7A30,0x7A30,0x7A30,0x7A50,0x8230,0x8230,0x8230,0x8230,0x822F,0x8230,0x8A30,0x822F,0x8A2F,0x8A2F,0x8A2F,0x8A2F,
0x8A2F,0x8A2F,0x8A4F,0x8A4F,0x8A4F,0x8A4F,0x8A4F,0x8A4F,0x822F,0x822F,0x8A2F,0x8A2F,0x8A4F,0x8A4F,0x8A4F,0x8A4F,
0x924F,0x922F,0x922F,0x924F,0x924F,0x924F,0x924F,0x924F,0x924F,0x922F,0x922F,0x922E,0x922E,0x924E,0x924E,0x924E,
0x926F,0x926F,0x924F,0x924F,0x924E,0x924E,0x924E,0x924E,0x924E,0x924E,0x924E,0x924E,0x924E,0x924E,0x924E,0x924E,
0x9A4E,0x926E,0x9A4E,0x924E,0x9A4E,0x9A4E,0x9A4E,0x9A4E,0x9A4E,0xA24E,0xA24E,0xA24F,0xA24F,0xA24F,0xA24F,0xA24F,
0xAA2F,0xA22F,0xA22F,0xA22E,0xA22E,0xAA2F,0xAA2F,0xAA30,0xAA50,0xAA51,0xB251,0xB231,0xAA30,0xAA30,0xB230,0xB250,
0xBA52,0xB231,0xC272,0xB230,0xCAB2,0xC291,0xBA51,0xC271,0xC292,0xBA71,0xC292,0xC251,0xD2D3,0xCA31,0xE2D3,0xFB74,
0xE28E,0xD1EA,0xC189,0xDA2B,0xE26C,0xC1A8,0xB967,0xDA8B,0xF36E,0xB187,0xB9E9,0xE32F,0xEB91,0xD2AF,0xC22E,0xC24E,
0xBA4F,0xBA2E,0xBA4E,0xB20D,0xC2AF,0xA1AB,0xB22D,0xAA0C,0xA9EB,0xAA0C,0xB22C,0xAA2C,0xAA0B,0xA9EA,0xA9CA,0xA1CA,
0xAA0B,0xB22C,0xB22C,0xB22C,0xB20D,0xBA2D,0xBA2D,0xBA4D,0xB26D,0xE474,0x924B,0x50C4,0x5946,0x40C3,0x7AAB,0x82CB,
0x41ED,0x41CD,0x39AC,0x39AC,0x41AC,0x41AC,0x41AD,0x41AD,0x418D,0x41AD,0x41AD,0x41AE,0x41AE,0x41AE,0x41AE,0x41AE,
0x41AD,0x39AD,0x39AD,0x41AD,0x41AD,0x39AD,0x39AD,0x39AD,0x39AD,0x41CD,0x41EE,0x39CE,0x39AD,0x398D,0x39CE,0x41EE,
0x39CE,0x39AE,0x398D,0x39CE,0x4A30,0x5251,0x5230,0x4A10,0x41CF,0x41CE,0x41CE,0x49EF,0x5230,0x5251,0x4A30,0x49EF,
0x41CE,0x41CE,0x41CE,0x41CE,0x41CE,0x41CE,0x41EF,0x41EF,0x41CE,0x41CE,0x41CE,0x41CE,0x41CE,0x41CE,0x41CE,0x41CE,
0x41CE,0x41AE,0x41AE,0x41AE,0x41CE,0x41CE,0x41CE,0x41CE,0x41CE,0x41CE,0x41CE,0x41CE,0x41CE,0x41CE,0x41CE,0x41CE,
0x41CE,0x41CE,0x41CE,0x41CE,0x41CE,0x41CE,0x41CE,0x41CE,0x49CE,0x49CE,0x49CE,0x41CE,0x41CE,0x41CE,0x41CE,0x41CE,
0x41CE,0x41CE,0x41CE,0x41CE,0x41CE,0x41CE,0x41CE,0x41CE,0x41CE,0x41CE,0x41CE,0x41CE,0x41CE,0x41CE,0x39AE,0x39CE,
0x39CE,0x39CE,0x39CE,0x39CE,0x39CD,0x39CD,0x39CD,0x39CD,0x31AD,0x31AD,0x31AD,0x31AD,0x31AD,0x31AD,0x31AD,0x31AD,
0x31AD,0x31AD,0x31AD,0x31CD,0x31CE,0x39EE,0x3A0F,0x4230,0x3A0F,0x4250,0x4251,0x3A31,0x3A31,0x4272,0x4AB3,0x52B4,
0x5B16,0x6316,0x6336,0x6B36,0x7BB8,0x9C7A,0xBD3C,0xCD7D,0x9BF7,0x6A2F,0x7A70,0x7A50,0x7A50,0x7A30,0x7A30,0x7210,
0x7A30,0x8230,0x8230,0x8250,0x8250,0x8250,0x8250,0x8250,0x8270,0x8A70,0x8250,0x824F,0x824F,0x8A4F,0x822F,0x822F,
0x8A50,0x8A50,0x8A4F,0x8A4F,0x8A4F,0x8A4F,0x8A4F,0x8A4F,0x8A4F,0x8A4F,0x8A4F,0x8A4F,0x8A4F,0x8A4F,0x8A4F,0x8A4F,
0x8A4F,0x924F,0x924F,0x924F,0x924F,0x924F,0x924F,0x924F,0x924F,0x924F,0x924E,0x924E,0x924E,0x924E,0x924E,0x924E,
0x924E,0x924E,0x926F,0x926F,0x924F,0x924F,0x924E,0x924E,0x924E,0x924E,0x924E,0x924E,0x924E,0x924E,0x924E,0x924E,
0x924E,0x924E,0x924E,0x924E,0x924E,0x9A4E,0x9A4E,0x9A4E,0x9A4E,0xA24E,0xA24E,0xA24E,0xA24E,0xA24E,0xA24E,0xA24E,
0xAA4F,0xAA6F,0xAA6F,0xAA4F,0xA24E,0xAA4F,0xAA4F,0xAA4F,0xB270,0xB250,0xB250,0xB250,0xB250,0xB250,0xB250,0xBA71,
0xBA92,0xBA72,0xBA71,0xBA51,0xBA71,0xC271,0xC271,0xC271,0xC271,0xC271,0xC271,0xC271,0xCA71,0xCA92,0xE314,0xF395,
0xDAAF,0xEB30,0xEB50,0xD28D,0xB9A9,0xCA4A,0xDACC,0xB9C8,0xC209,0xB1A8,0xC22A,0xFC53,0xCA6D,0xC24D,0xB1CC,0xBA2E,
0xBA0D,0xB20D,0xB20D,0xB20C,0xB1EC,0xB1EC,0xB1EC,0xB1EC,0xB20B,0xB1EB,0xB20B,0xB20B,0xA9EA,0xB20A,0xB20A,0xB20A,
0xB22B,0xB22B,0xB22C,0xBA2C,0xBA2D,0xBA4D,0xBA6D,0xBA6D,0xC2CE,0xD3D1,0xA2CC,0x58A3,0x5104,0x5125,0x5146,0x6A08,
0x398C,0x39AC,0x41CC,0x41CD,0x41CD,0x41AD,0x418D,0x418D,0x49AD,0x49AD,0x41AD,0x49AE,0x41AE,0x41AE,0x41AE,0x41AE,
0x41CD,0x41AD,0x39AD,0x41CD,0x41CD,0x39AD,0x39AD,0x41CD,0x41CD,0x39AD,0x398D,0x39AD,0x41EE,0x41EE,0x39CE,0x318D,
0x398D,0x41EF,0x4A50,0x5271,0x4A30,0x41EF,0x41AE,0x39AE,0x41CF,0x4A10,0x5251,0x5251,0x5230,0x49EF,0x41CF,0x41AE,
0x41CE,0x41CE,0x41CE,0x41CE,0x41CE,0x41CE,0x41CE,0x41CE,0x41CE,0x41CE,0x41CE,0x41CE,0x41CE,0x41CE,0x41CE,0x41CE,
0x41CE,0x41CE,0x41CE,0x41CE,0x49CE,0x49CE,0x49CE,0x49CE,0x49CF,0x49CF,0x49CF,0x49CF,0x49CF,0x49CF,0x49CF,0x49CF,
0x49CF,0x49CF,0x49CF,0x49CF,0x49CF,0x49CF,0x49CF,0x49CF,0x49CF,0x49CF,0x49CF,0x49CF,0x49CF,0x49CE,0x49CE,0x49CE,
0x41CE,0x41CE,0x41CE,0x41CE,0x41CE,0x41CE,0x41CE,0x41CE,0x41CE,0x41CE,0x41CE,0x41CE,0x41CE,0x41AE,0x41AE,0x41AE,
0x41CE,0x39CE,0x39CE,0x39CE,0x39CE,0x39CE,0x39CE,0x39CD,0x39CD,0x39CD,0x39CD,0x39CD,0x39CD,0x31CD,0x31CD,0x31AD,
0x31AD,0x31CD,0x31CE,0x31CE,0x31CE,0x39EE,0x3A0F,0x422F,0x4250,0x4271,0x4271,0x4251,0x4231,0x4272,0x4A93,0x5294,
0x5AD5,0x6316,0x6B77,0x7BB8,0x83F9,0x945A,0xB4FC,0xC55D,0xA437,0x7250,0x7A70,0x7A50,0x7A50,0x7A51,0x7A31,0x7A30,
0x7A30,0x8230,0x8230,0x8250,0x8250,0x8250,0x8250,0x8250,0x824F,0x8A70,0x8A70,0x822F,0x824F,0x92B1,0x9290,0x822F,
0x8A50,0x8A50,0x8A4F,0x8A4F,0x8A4F,0x8A4F,0x8A4F,0x8A4F,0x8A4F,0x8A4F,0x8A4F,0x8A4F,0x8A4F,0x8A4F,0x8A6F,0x8A4F,
0x8A4F,0x8A4F,0x924F,0x924F,0x924F,0x924F,0x924F,0x924F,0x924F,0x924F,0x924F,0x924E,0x924E,0x924E,0x924E,0x924F,
0x924E,0x926F,0x926F,0x926F,0x926F,0x924F,0x924E,0x924E,0x924E,0x924E,0x924E,0x924E,0x924E,0x924E,0x924E,0x924E,
0x9A4E,0x9A4E,0x9A4E,0x9A6E,0x9A4E,0x9A6E,0x9A4E,0x9A6E,0xA24E,0xA24E,0xA24E,0xA24E,0xA24E,0xA24E,0xA24E,0xA24E,
0xAA6F,0xAA6F,0xAA6F,0xAA6F,0xAA6F,0xAA6F,0xB290,0xB290,0xB270,0xB270,0xB250,0xB250,0xB250,0xB270,0xBA70,0xBA70,
0xC271,0xBA71,0xBA71,0xBA71,0xBA71,0xBA71,0xC271,0xC271,0xC271,0xC271,0xC271,0xC271,0xC271,0xC271,0xD292,0xDAF3,
0xD2B0,0xFC35,0xF3B3,0xD2AE,0xC20B,0xE34F,0xFC73,0xD28B,0xD28B,0xDACD,0xCA6B,0xC22B,0xC22C,0xDB10,0xCAAF,0xB1CC,
0xBA0D,0xBA0D,0xB20C,0xB20C,0xB1EC,0xB1EC,0xB1EB,0xB20B,0xB20B,0xB20B,0xB20B,0xB20A,0xB20A,0xB20A,0xB20A,0xB20A,
0xB22B,0xB22B,0xBA2C,0xBA4C,0xBA4D,0xC24D,0xC26D,0xBA8D,0xBACD,0xE411,0xBB4D,0x58C3,0x5904,0x5125,0x5125,0x61C8,
0x418C,0x418C,0x41AC,0x49AD,0x41AC,0x41AC,0x418D,0x418D,0x49AD,0x49AD,0x49CD,0x49CD,0x49CD,0x41CD,0x41CD,0x41CD,
0x41CD,0x41AD,0x39AD,0x41AD,0x41AD,0x39AD,0x41AD,0x41CE,0x39CD,0x41CE,0x41CE,0x41CE,0x39AE,0x39AD,0x39CE,0x39CE,
0x41EF,0x4A30,0x5250,0x4A30,0x41EF,0x41CE,0x41EF,0x4A0F,0x5230,0x5230,0x4A30,0x4A0F,0x41CE,0x41AE,0x41CE,0x49EF,
0x49EF,0x49EF,0x49CF,0x49CF,0x49CE,0x49CE,0x41CE,0x41CE,0x49CE,0x49CE,0x49CE,0x49CE,0x49CE,0x49CE,0x49CE,0x49CE,
0x49EF,0x49EF,0x49EF,0x49EF,0x49EF,0x49EF,0x49EF,0x49EF,0x49EF,0x49EF,0x49EF,0x49EF,0x49EF,0x49EF,0x49EF,0x49EF,
0x49EF,0x49EF,0x49EF,0x49EF,0x49EF,0x49EF,0x49EF,0x49EF,0x49EF,0x49EF,0x49EF,0x49EF,0x49EF,0x49EF,0x49EF,0x49EF,
0x49CF,0x49CF,0x49CF,0x49CF,0x49CF,0x49CF,0x41EF,0x41EF,0x41CE,0x41CE,0x41CE,0x41CE,0x41CE,0x41CE,0x41CE,0x41CE,
0x41CE,0x41CE,0x41CE,0x41CE,0x39CE,0x39CE,0x39CE,0x39CE,0x39CE,0x39CE,0x39CE,0x39CE,0x39CE,0x39CE,0x39CE,0x39CE,
0x39CE,0x39CE,0x39CE,0x39CE,0x39CE,0x39EE,0x3A0F,0x420F,0x4A71,0x4A91,0x4A71,0x4251,0x4251,0x4252,0x4A73,0x4A93,
0x52B4,0x5AF5,0x6B77,0x7BB8,0x83D8,0x8BD8,0xA47A,0xBD1C,0xAC58,0x7270,0x7A70,0x7A50,0x7A50,0x7A51,0x7A51,0x7A31,
0x7A30,0x8230,0x8250,0x8250,0x8250,0x8250,0x824F,0x824F,0x822F,0x8A90,0x8A70,0x7A0E,0x824F,0x92D1,0x92D1,0x822F,
0x8A50,0x8A50,0x8A4F,0x8A4F,0x8A4F,0x8A4F,0x8A4F,0x8A4F,0x8A4F,0x8A4F,0x8A4F,0x8A4F,0x8A6F,0x8A6F,0x8A6F,0x8A6F,
0x8A4F,0x8A4F,0x8A4F,0x924F,0x924F,0x926F,0x926F,0x924F,0x924F,0x924F,0x924F,0x924E,0x924E,0x924E,0x924E,0x924E,
0x926E,0x926E,0x926E,0x926E,0x926E,0x926E,0x924E,0x926E,0x926E,0x926E,0x924E,0x924E,0x926E,0x926E,0x926E,0x926E,
0x9A6E,0x9A6E,0x9A6E,0x9A6E,0x9A6E,0x9A6E,0x9A6E,0x9A6E,0x9A6E,0xA26E,0xA26E,0xA26E,0xA26E,0xA26E,0xA26E,0xA26E,
0xAA6F,0xAA6F,0xAA6F,0xAA6F,0xAA6F,0xAA6F,0xB290,0xBAB0,0xAA4F,0xB26F,0xB26F,0xB270,0xB270,0xBA70,0xBA70,0xBA70,
0xC291,0xBA71,0xBA71,0xBA71,0xBA71,0xBA71,0xC271,0xC271,0xC271,0xC271,0xC271,0xCA71,0xC271,0xC250,0xC250,0xCA70,
0xDB11,0xDB11,0xCA8E,0xF3D3,0xF391,0xD2AD,0xFBD2,0xEB90,0xB188,0xEB50,0xF3B1,0xDAEF,0xD28E,0xC24D,0xB1CC,0xC24E,
0xBA0D,0xBA0C,0xBA0C,0xBA0C,0xB1EC,0xB20C,0xB20B,0xB20B,0xBA0B,0xBA0B,0xB20B,0xB20B,0xB20A,0xB22A,0xBA2A,0xB22B,
0xBA4B,0xBA4B,0xBA4C,0xC24C,0xC26D,0xC26D,0xC28D,0xC2AD,0xBACC,0xEC93,0xCBD0,0x60E4,0x58E4,0x5925,0x4904,0x5986,
0x5A0C,0x51CC,0x49AB,0x498B,0x498B,0x49AC,0x49AD,0x49CD,0x49AD,0x49AD,0x49CD,0x49CD,0x49CD,0x49CD,0x49CD,0x41CD,
0x41CE,0x41AD,0x41AD,0x41CD,0x41CD,0x39AD,0x39AD,0x41CE,0x39AD,0x41CE,0x41EE,0x41CE,0x39AD,0x41CE,0x4A2F,0x5271,
0x4A50,0x4A0F,0x41CE,0x41CE,0x41EF,0x4A30,0x5250,0x5271,0x5250,0x49EF,0x39AE,0x398E,0x41AE,0x49EF,0x49EF,0x49EF,
0x49EF,0x49EF,0x49EF,0x49EF,0x49CF,0x49CF,0x49CF,0x49CF,0x49CF,0x49CF,0x49CF,0x49CF,0x49CF,0x49CF,0x49CF,0x49CF,
0x49EF,0x49EF,0x49EF,0x49EF,0x49EF,0x49EF,0x49EF,0x49EF,0x49EF,0x49EF,0x49EF,0x49EF,0x49EF,0x49EF,0x49EF,0x49EF,
0x49EF,0x49EF,0x49EF,0x49EF,0x49EF,0x49EF,0x49EF,0x49EF,0x49EF,0x49EF,0x49EF,0x49EF,0x49EF,0x49EF,0x49EF,0x49EF,
0x49EF,0x49EF,0x49EF,0x49EF,0x49EF,0x49EF,0x49EF,0x49EF,0x41CE,0x41CE,0x41CE,0x41CE,0x41CE,0x41CE,0x41CE,0x41CE,
0x41CE,0x41CE,0x41CE,0x41CE,0x41CE,0x41CE,0x41CE,0x39CE,0x39CE,0x39CE,0x39CE,0x39CE,0x39CE,0x39CE,0x39CE,0x39CE,
0x39CE,0x39CE,0x39CE,0x39EE,0x39EE,0x39EE,0x3A0F,0x420F,0x4A70,0x4A71,0x4A71,0x4A71,0x4251,0x4A52,0x4A73,0x4A93,
0x52B4,0x5AD5,0x6B36,0x7377,0x7377,0x7B76,0x9C19,0xBCFB,0xAC78,0x7270,0x7A90,0x7A2F,0x7A50,0x7A51,0x7A51,0x7A30,
0x7A50,0x8250,0x8250,0x8250,0x8250,0x8250,0x8250,0x8250,0x824F,0x8A90,0x8A70,0x822F,0x824F,0x92B0,0x9290,0x822F,
0x8A50,0x8A50,0x8A4F,0x8A4F,0x8A4F,0x8A4F,0x8A4F,0x8A4F,0x8A4F,0x8A4F,0x8A6F,0x8A6F,0x8A6F,0x8A6F,0x8A6F,0x8A6F,
0x8A6F,0x926F,0x926F,0x926F,0x926F,0x926F,0x926F,0x926F,0x926F,0x926F,0x926F,0x926F,0x926E,0x924E,0x926E,0x926E,
0x926E,0x926E,0x926F,0x926F,0x926F,0x926E,0x926E,0x926E,0x926E,0x926E,0x926E,0x926E,0x9A6E,0x9A6E,0x9A6E,0x9A6E,
0x9A6E,0x9A6E,0x9A6E,0x9A6E,0x9A6E,0x9A8E,0x9A6E,0x9A6E,0xA26E,0xA26E,0xA26E,0xA26E,0xA26E,0xA26E,0xA26E,0xA26E,
0xAA6F,0xAA6F,0xAA6F,0xAA6F,0xAA4E,0xAA4F,0xAA6F,0xB28F,0xAA6F,0xB26F,0xB26F,0xB270,0xBA70,0xBA70,0xBA70,0xBA70,
0xBA70,0xBA70,0xBA70,0xBA70,0xBA70,0xBA70,0xC270,0xC270,0xC271,0xC270,0xC270,0xCA70,0xCA71,0xC270,0xC250,0xC24F,
0xC26F,0xC26F,0xC22E,0xE331,0xDB10,0xCA6D,0xE30F,0xDACE,0xE330,0xEB50,0xC22C,0xD2CF,0xD2CF,0xDAF0,0xA98B,0xBA0D,
0xBA0C,0xBA0C,0xBA0C,0xBA0C,0xBA0B,0xBA0B,0xBA0B,0xBA0B,0xBA0B,0xBA0B,0xBA0B,0xBA2A,0xBA2A,0xBA2A,0xBA2A,0xBA2B,
0xBA4B,0xBA4B,0xC24C,0xC26C,0xC26D,0xCA8D,0xCAAD,0xCAAD,0xC2CC,0xF493,0xDC51,0x7145,0x5904,0x5924,0x48E4,0x5986,
0x726C,0x622B,0x59CA,0x51AA,0x51AB,0x51CB,0x49CC,0x49AC,0x49AD,0x49AD,0x49AD,0x49CD,0x49CD,0x49CD,0x49CD,0x49CD,
0x41CD,0x41AD,0x41AD,0x41CE,0x41CE,0x41AD,0x39AD,0x41AD,0x41CE,0x39AD,0x398D,0x41CE,0x4A0F,0x5250,0x5250,0x5250,
0x4A0F,0x41EF,0x41CE,0x4A0F,0x5250,0x5271,0x5230,0x49EF,0x41CE,0x41AE,0x41AE,0x49CF,0x520F,0x5210,0x49EF,0x41CE,
0x49CF,0x49EE,0x49EE,0x49EE,0x49EF,0x49EF,0x49EF,0x49EF,0x49CE,0x49CE,0x49CE,0x49CE,0x49CE,0x49CE,0x49CE,0x49CE,
0x49EF,0x49EF,0x49EF,0x49EF,0x49EF,0x49EF,0x49EF,0x51EF,0x49EF,0x49EF,0x49EF,0x49EF,0x49EF,0x49EF,0x49EF,0x49EF,
0x49EF,0x49EF,0x49EF,0x49EF,0x49EF,0x49EF,0x49EF,0x49EF,0x49EF,0x49EF,0x49EF,0x49EF,0x49EF,0x49EF,0x49EF,0x49EF,
0x49EE,0x49EE,0x49EE,0x49EE,0x49EE,0x49EE,0x49EE,0x49EE,0x49EE,0x49EE,0x49EE,0x49EE,0x49CE,0x49CE,0x49CE,0x41EE,
0x41EE,0x41EE,0x41EE,0x41EE,0x41EE,0x41EE,0x41EE,0x41EE,0x41CE,0x41CE,0x39CE,0x39CE,0x39CE,0x39CE,0x39CD,0x39CE,
0x39CE,0x41EE,0x41EE,0x39EE,0x39EE,0x39EE,0x41EF,0x420F,0x4230,0x4A50,0x4A51,0x4A71,0x4A52,0x4A72,0x5293,0x5293,
0x5AD4,0x5AD4,0x6336,0x7377,0x7B77,0x8397,0x9C19,0xB4DB,0xAC78,0x7270,0x7A70,0x7A2F,0x7A50,0x7A50,0x7A51,0x7A31,
0x8250,0x8250,0x8250,0x8270,0x8270,0x8270,0x8250,0x8250,0x8270,0x8270,0x8A6F,0x8A70,0x824F,0x824F,0x8A4F,0x8A6F,
0x8A4F,0x8A4F,0x8A4F,0x8A6F,0x8A6F,0x8A6F,0x8A6F,0x8A6F,0x8A6F,0x8A6F,0x8A6F,0x8A6F,0x8A6F,0x8A6F,0x8A6F,0x8A6F,
0x926F,0x926F,0x926F,0x926F,0x926F,0x926F,0x926F,0x928F,0x926F,0x926F,0x926F,0x926E,0x926E,0x926E,0x926E,0x926E,
0x926E,0x926E,0x928E,0x928E,0x928E,0x928E,0x926E,0x926E,0x926E,0x926E,0x926E,0x926E,0x926E,0x928E,0x928E,0x928E,
0x9A6E,0x9A6E,0x9A8E,0x9A8E,0x9A8E,0x9A8E,0x9A8E,0x9A6E,0xA26E,0xA28E,0xA28E,0xA26E,0xA26E,0xA28E,0xA28E,0xA28E,
0xAA6E,0xAA6F,0xAA8F,0xAA8F,0xAA6E,0xAA6E,0xAA4E,0xAA4F,0xB26F,0xB26F,0xB26F,0xB270,0xBA90,0xBA90,0xBA70,0xBA70,
0xBA70,0xBA70,0xBA70,0xBA70,0xBA70,0xBA70,0xC270,0xC270,0xC270,0xC270,0xC250,0xC270,0xCA70,0xCA70,0xCA70,0xC24F,
0xC24F,0xC26F,0xCA6F,0xB9ED,0xB9EC,0xCA6E,0xD28E,0xCA4D,0xDACF,0xE331,0xD2AE,0xD28E,0xA98A,0xBA0C,0xB9EC,0xCA6E,
0xBA2C,0xBA0C,0xBA0B,0xBA0B,0xBA0B,0xBA0B,0xBA0B,0xBA0B,0xBA2B,0xBA2B,0xBA0A,0xBA2A,0xBA2A,0xBA2A,0xBA2A,0xBA4A,
0xC24B,0xC24B,0xC26B,0xCA6C,0xCA8D,0xCAAD,0xCAAD,0xCACC,0xCB0D,0xEC51,0xEC92,0x89E7,0x6124,0x5904,0x48E3,0x69C7,
0x7228,0x6A08,0x61C8,0x61C8,0x59E9,0x51CA,0x498A,0x416A,0x49AC,0x49AC,0x49CD,0x49CD,0x49CD,0x49CD,0x49CD,0x49CD,
0x49CD,0x41CE,0x41CE,0x41CE,0x41CE,0x41AD,0x41AE,0x41CE,0x41CE,0x41EE,0x4A0F,0x4A30,0x5230,0x4A0F,0x41EF,0x41CE,
0x49EF,0x4A0F,0x5250,0x5250,0x5230,0x4A0F,0x41CE,0x41AE,0x49CE,0x49EF,0x4A0F,0x520F,0x49EF,0x49CF,0x49CF,0x49EF,
0x49EE,0x49EE,0x49EF,0x49EF,0x49EF,0x49EF,0x49EF,0x49EF,0x49EE,0x49EE,0x49EE,0x49EE,0x49EE,0x49EE,0x49EE,0x49CE,
0x49EF,0x49EF,0x49EF,0x49EF,0x49EF,0x49EF,0x51EF,0x51EF,0x49EF,0x49EF,0x49EF,0x49EF,0x49EF,0x49EF,0x49EF,0x49EF,
0x49EF,0x49EF,0x49EF,0x49EF,0x49EF,0x49EF,0x49EF,0x49EF,0x51EF,0x51EF,0x51EF,0x51EF,0x49EF,0x49EF,0x49EF,0x49EF,
0x49EF,0x49EF,0x49EF,0x49EF,0x49EF,0x49EF,0x49EF,0x49EF,0x49EF,0x49EF,0x49EF,0x49EF,0x49EF,0x49EF,0x49EE,0x49EE,
0x49EE,0x49EE,0x49EE,0x49EE,0x41EE,0x41EE,0x41EE,0x41EE,0x41CE,0x41EE,0x41EE,0x41CE,0x41CE,0x41CE,0x41CE,0x41CE,
0x41EE,0x41EE,0x41EE,0x41EE,0x41EE,0x41EE,0x41EF,0x420F,0x422F,0x4230,0x4A50,0x4A71,0x4A72,0x4A72,0x5293,0x52B4,
0x5AB4,0x5AD4,0x6B36,0x7B97,0x83B8,0x83B7,0x93F8,0xAC79,0xAC38,0x7270,0x7A90,0x7A4F,0x7A50,0x7A50,0x7A51,0x7A50,
0x8250,0x8250,0x8270,0x8270,0x8270,0x8270,0x8270,0x8270,0x826F,0x824F,0x8A6F,0x8A90,0x8A6F,0x824F,0x8A4F,0x9290,
0x8A4F,0x8A6F,0x8A6F,0x8A6F,0x8A6F,0x8A6F,0x8A6F,0x8A6F,0x8A6F,0x8A6F,0x8A6F,0x8A6F,0x8A6F,0x8A6F,0x8A8F,0x8A8F,
0x926F,0x926F,0x926F,0x928F,0x928F,0x928F,0x928F,0x928F,0x928F,0x928F,0x928F,0x926E,0x926E,0x928E,0x928E,0x928E,
0x928E,0x928E,0x928E,0x928E,0x928E,0x928E,0x928E,0x928E,0x928E,0x928E,0x928E,0x928E,0x9A8E,0x9A8E,0x9A8E,0x9A8D,
0x9A8D,0x9A8D,0x9A8E,0x9A8E,0x9A8E,0x9A8E,0x9A8E,0x9A6D,0xA28E,0xA28E,0xA28E,0xA28E,0xA28E,0xA28E,0xAA8E,0xAA8E,
0xAA6E,0xAA6E,0xAA8E,0xB28F,0xB28F,0xB26F,0xB26E,0xB26E,0xB26F,0xB26F,0xB28F,0xBA8F,0xBA8F,0xBA8F,0xBA8F,0xBA6F,
0xBA6F,0xBA6F,0xBA6F,0xBA6F,0xBA6F,0xBA6F,0xC26F,0xC26F,0xC24F,0xC26F,0xC24F,0xC24E,0xC24F,0xC26F,0xC26F,0xC24E,
0xCAB0,0xB9ED,0xC24E,0xC22E,0xC22E,0xC22E,0xB1CC,0xCA8F,0xC22D,0xC20D,0xD28E,0xC24D,0xC22C,0xBA0C,0xC24D,0xB1CA,
0xBA2C,0xBA2C,0xBA2B,0xBA0B,0xBA0B,0xBA0B,0xBA0B,0xBA2B,0xBA2A,0xBA2A,0xBA2A,0xBA2A,0xC22A,0xC22A,0xC24A,0xC24A,
0xC26A,0xC26A,0xCA6B,0xCA8C,0xD28C,0xD2AD,0xD2CC,0xD2EC,0xD32D,0xE40F,0xF4D2,0xA289,0x6964,0x5903,0x50E3,0x69E8,
0x71E4,0x7204,0x7206,0x7227,0x6A28,0x59E9,0x51A9,0x498A,0x49CC,0x49CC,0x49CD,0x49CD,0x51CD,0x51CD,0x51CD,0x51CD,
0x49EE,0x41CE,0x41AE,0x41CE,0x49CE,0x41CE,0x49CE,0x49EF,0x49EF,0x5230,0x5A71,0x5250,0x49EF,0x41AE,0x41CE,0x49EF,
0x5250,0x5250,0x5230,0x4A0F,0x41CE,0x41AE,0x41CE,0x49EE,0x520F,0x520F,0x520F,0x49CE,0x49AE,0x49AE,0x49EF,0x520F,
0x49EF,0x49EE,0x49EE,0x49EE,0x49EE,0x49EE,0x49EE,0x49EE,0x49EE,0x49EE,0x49EE,0x49EE,0x49EE,0x49EE,0x49EE,0x49EE,
0x51EE,0x51EE,0x51EF,0x51EF,0x51EF,0x51EF,0x51EF,0x51EF,0x51EF,0x51EF,0x51EF,0x51EF,0x51EF,0x51EF,0x51EF,0x51EF,
0x51EF,0x51EF,0x51EF,0x51EF,0x51EF,0x51EF,0x51EF,0x51EF,0x51EF,0x51EF,0x51EF,0x51EF,0x51EF,0x51EF,0x51EF,0x51EF,
0x51EF,0x51EF,0x51EF,0x51EF,0x51EF,0x51EF,0x51EF,0x51EF,0x51EF,0x51EF,0x51EF,0x49EE,0x49EE,0x49EE,0x49EE,0x49EE,
0x49EE,0x49EE,0x49EE,0x49EE,0x49EE,0x49EE,0x49EE,0x49EE,0x41EE,0x41EE,0x41EE,0x41EE,0x41EE,0x41EE,0x41EE,0x41EE,
0x41CE,0x41EE,0x41EE,0x41EE,0x41EE,0x41EE,0x420F,0x420F,0x4A30,0x4A30,0x4A51,0x5272,0x5272,0x4A72,0x5272,0x5293,
0x5293,0x62D4,0x6B16,0x7356,0x7B77,0x8397,0x93F8,0xA438,0xA417,0x724F,0x8290,0x7A70,0x7A50,0x7A50,0x7A51,0x8271,
0x8250,0x8270,0x8270,0x8270,0x8270,0x8270,0x8A70,0x8A70,0x826F,0x826F,0x8A70,0x8A6F,0x8A6F,0x8A6F,0x8A6F,0x8A8F,
0x8A6F,0x8A6F,0x8A6F,0x8A6F,0x8A6F,0x8A6F,0x8A6F,0x8A6F,0x8A6F,0x8A6F,0x8A6F,0x8A6F,0x8A6F,0x8A8F,0x8A8F,0x8A8F,
0x928F,0x928F,0x928F,0x928F,0x928F,0x928F,0x928F,0x928F,0x928F,0x928F,0x928E,0x928E,0x928E,0x928E,0x928E,0x928E,
0x928E,0x928E,0x928E,0x92AE,0x928E,0x928E,0x928E,0x928E,0x928E,0x928E,0x928D,0x928D,0x9A8D,0x9A8E,0x9A8E,0x9A8D,
0x9A8D,0x9A8E,0x9AAE,0x9AAE,0xA2AE,0x9AAE,0x9A8D,0xA28D,0xA28E,0xA28E,0xA28D,0xA28D,0xAA8E,0xAA8E,0xAA8D,0xAA8E,
0xAA6E,0xAA8E,0xB28E,0xB28E,0xB28E,0xB28E,0xB28E,0xB28E,0xB28F,0xBA8F,0xBA8F,0xBA8F,0xBA8F,0xBA8F,0xBA8F,0xBA6F,
0xBA6F,0xBA6F,0xBA6F,0xBA6F,0xBA6F,0xBA6E,0xC26E,0xC26E,0xC24E,0xC26F,0xC26F,0xC24E,0xC24E,0xC24E,0xC24E,0xC24E,
0xBA0D,0xC22E,0xCA6E,0xC24E,0xC24E,0xC24E,0xB9ED,0xC20D,0xCA6E,0xB1CB,0xBA0C,0xBA0C,0xC24C,0xB1EA,0xC24C,0xC22B,
0xC22B,0xC22B,0xC22B,0xBA2B,0xBA2B,0xBA2A,0xBA2A,0xC22A,0xC22A,0xC22A,0xC22A,0xC22A,0xC24A,0xC24A,0xC24A,0xCA6A,
0xCA6A,0xCA6A,0xCA8B,0xD28B,0xD2AC,0xD2CC,0xD2EC,0xD30C,0xD34C,0xDBCE,0xFD33,0xB30B,0x7164,0x6123,0x5904,0x69A7,
0x7A02,0x7A24,0x8266,0x7A87,0x7268,0x6A29,0x620A,0x5A0C,0x51CC,0x49CC,0x49CD,0x51CE,0x51CE,0x51CE,0x51CD,0x51CE,
0x51EE,0x49CE,0x41AD,0x41AE,0x49CE,0x49CE,0x520F,0x5230,0x5A51,0x5210,0x49CE,0x41CE,0x49EF,0x5230,0x5251,0x5A91,
0x5230,0x4A0F,0x49CE,0x41CE,0x49CE,0x49EF,0x520F,0x520F,0x49EF,0x49CE,0x49CE,0x49CF,0x520F,0x520F,0x49CE,0x41AE,
0x51EF,0x51EF,0x51EF,0x51EF,0x49EE,0x49EE,0x49EE,0x49EE,0x51EF,0x51EF,0x51EF,0x51EF,0x51EF,0x51EF,0x51EF,0x51EF,
0x51EF,0x51EF,0x51EF,0x51EF,0x51EF,0x51EF,0x51EF,0x51EF,0x520F,0x520F,0x520F,0x520F,0x520F,0x520F,0x520F,0x520F,
0x520F,0x520F,0x520F,0x520F,0x520F,0x520F,0x520F,0x520F,0x520F,0x520F,0x520F,0x520F,0x520F,0x51EF,0x51EF,0x51EF,
0x51EF,0x51EF,0x51EF,0x51EF,0x51EF,0x51EF,0x51EF,0x51EF,0x51EF,0x51EF,0x51EF,0x51EF,0x51EF,0x51EF,0x51EE,0x49EE,
0x49EE,0x49EE,0x49EE,0x49EE,0x49EE,0x49EE,0x49EE,0x49EE,0x49EE,0x49EE,0x49EE,0x49EE,0x49EE,0x49EE,0x49EE,0x41EE,
0x41CE,0x41EE,0x41EE,0x41EF,0x41EE,0x41EF,0x4A0F,0x4A0F,0x4A50,0x4A50,0x5271,0x5292,0x5292,0x5271,0x5272,0x5A93,
0x62D4,0x6B15,0x6B15,0x6B15,0x7315,0x8376,0x9BF8,0xAC58,0xA3D6,0x724F,0x82B1,0x8270,0x8270,0x7A50,0x8271,0x8271,
0x8270,0x8270,0x8270,0x8270,0x8A70,0x8A70,0x8A70,0x8A70,0x826F,0x8A90,0x8A90,0x824F,0x826F,0x8A90,0x8A90,0x824F,
0x8A6F,0x8A6F,0x8A6F,0x8A6F,0x8A6F,0x8A6F,0x8A6F,0x8A6F,0x8A6F,0x8A6F,0x8A6F,0x8A6F,0x8A8F,0x8A8F,0x928F,0x928F,
0x928F,0x928F,0x928F,0x928F,0x928F,0x928F,0x928F,0x928F,0x928F,0x928E,0x928E,0x928E,0x928E,0x928E,0x928E,0x928E,
0x928E,0x928E,0x92AE,0x92AE,0x92AE,0x92AE,0x928D,0x928D,0x928D,0x928D,0x928D,0x9AAD,0x9A8D,0x9A8D,0x9A8D,0x9A8D,
0x9A8D,0x9AAD,0x9AAD,0xA2AE,0xA2CE,0xA2AE,0xA2AD,0xA28D,0xA2AD,0xA28D,0xA2AD,0xAAAD,0xAAAD,0xAA8D,0xAAAD,0xAAAD,
0xAA8D,0xAA8E,0xB28E,0xB28E,0xAA8E,0xB26E,0xB26E,0xB28E,0xBA8E,0xBA8F,0xBAAF,0xBAAF,0xBA8F,0xBA8F,0xBA6E,0xBA6E,
0xBA6E,0xBA6E,0xBA8E,0xBA6E,0xBA6E,0xC26E,0xC26E,0xC26E,0xBA4D,0xC28E,0xC28E,0xC26D,0xC24D,0xC26E,0xC26E,0xC24D,
0xC22D,0xCA6E,0xBA0C,0xC22D,0xC24D,0xB1EC,0xC22D,0xCA6E,0xBA0C,0xC24D,0xC22C,0xC26C,0xBA2B,0xC24B,0xBA2A,0xC26B,
0xC22A,0xC22A,0xC22A,0xC22A,0xC22A,0xC22A,0xC22A,0xC22A,0xC24A,0xC22A,0xC24A,0xC24A,0xC24A,0xCA6A,0xCA6A,0xCA6A,
0xCA8A,0xCA8A,0xD28A,0xD2AB,0xDACC,0xDAEC,0xDB0C,0xDB0C,0xD34C,0xDBAD,0xFD74,0xBB6C,0x7164,0x6924,0x6124,0x6165,
0x92A5,0x8A64,0x8285,0x8AC8,0x7A89,0x6208,0x59C9,0x5A0B,0x51CC,0x49CC,0x49AD,0x51CE,0x51EE,0x59EE,0x59CE,0x51CE,
0x51EF,0x49AD,0x416D,0x41AD,0x520F,0x5A50,0x5A30,0x4A0F,0x520F,0x49EE,0x49CE,0x49EF,0x5230,0x5A50,0x5230,0x4A0F,
0x41CE,0x49CE,0x49EE,0x49EE,0x51EF,0x51EF,0x51EF,0x49EE,0x49EE,0x51EE,0x51EE,0x51EE,0x51EF,0x51EF,0x51EF,0x51EF,
0x51EF,0x51EE,0x51EE,0x51EE,0x51EE,0x51EE,0x51EE,0x51EE,0x51EE,0x51EE,0x51EE,0x51EE,0x51EE,0x51EE,0x51EE,0x51EE,
0x51EE,0x51EE,0x51EE,0x51EF,0x51EF,0x51EF,0x51EF,0x51EF,0x51EF,0x51EF,0x51EF,0x51EF,0x51EF,0x51EF,0x51EF,0x51EF,
0x51EF,0x51EF,0x51EF,0x51EF,0x51EF,0x51EF,0x51EF,0x51EF,0x51EF,0x51EF,0x51EF,0x51EF,0x51EF,0x51EF,0x51EF,0x51EF,
0x51EF,0x51EF,0x51EF,0x51EF,0x51EF,0x51EF,0x51EF,0x51EF,0x51EF,0x51EF,0x51EF,0x51EE,0x51EE,0x51EE,0x51EE,0x51EE,
0x51EE,0x51EE,0x51EE,0x51EE,0x51EE,0x49EE,0x49EE,0x49EE,0x49EE,0x49EE,0x49EE,0x49EE,0x49EE,0x49EE,0x49EE,0x49EE,
0x49EE,0x49EE,0x49EE,0x49EE,0x4A0E,0x4A0F,0x4A0F,0x4A2F,0x4A2F,0x5250,0x5250,0x5271,0x5271,0x5272,0x5272,0x5A92,
0x6314,0x62F4,0x62F4,0x7315,0x7B56,0x8397,0x93D7,0xA418,0x9BB6,0x7A91,0x7A70,0x8270,0x8270,0x8291,0x8250,0x8270,
0x8270,0x8270,0x8270,0x8270,0x8270,0x8A70,0x8A70,0x8A70,0x8A90,0x8A90,0x8A90,0x8A8F,0x8A8F,0x8A8F,0x8A8F,0x8A8F,
0x8A6F,0x8A6F,0x8A6F,0x8A6F,0x8A8F,0x8A8F,0x8A8F,0x8A8F,0x928F,0x928F,0x928F,0x92AF,0x92AF,0x92AF,0x92AF,0x92AF,
0x92AF,0x92AF,0x92AF,0x92AF,0x92AF,0x92AF,0x92AF,0x92AF,0x92AE,0x92AE,0x928E,0x92AE,0x92AE,0x92AE,0x928E,0x928E,
0x92AE,0x9AAE,0x9AAE,0x9AAE,0x9AAE,0x9AAE,0x9AAE,0x9AAE,0x9AAD,0x9AAD,0x9AAD,0x9AAD,0x9AAD,0x9AAD,0x9AAD,0x9AAD,
0xA2CD,0xA2AD,0xA2AD,0xA2AD,0xA2CD,0xA2CD,0xA2AD,0xA2AD,0xA2CD,0xAAAD,0xAAAD,0xAAAD,0xAAAD,0xAAAD,0xAAAD,0xAAAD,
0xB2AD,0xB2AD,0xB2AD,0xB28D,0xB2AE,0xB2AE,0xBAAE,0xBAAE,0xBAAE,0xBAAE,0xBAAE,0xC2AE,0xBA8E,0xBA8E,0xBA8E,0xBA8E,
0xBA6D,0xBA8D,0xBA8D,0xBA8D,0xC26D,0xBA6D,0xC26D,0xC26D,0xC26D,0xC26D,0xC26D,0xC26D,0xC26D,0xC26D,0xC26D,0xC26C,
0xC24C,0xC24C,0xC24C,0xC24C,0xC22C,0xC22C,0xC22C,0xC24C,0xC24C,0xC24C,0xC24B,0xC24B,0xC22A,0xC24A,0xC249,0xC249,
0xC22A,0xC22A,0xC24A,0xC22A,0xC22A,0xC24A,0xC24A,0xC249,0xC24A,0xCA49,0xCA49,0xCA49,0xCA49,0xCA6A,0xCA69,0xCA69,
0xD28A,0xD28A,0xDAAB,0xDACB,0xDACB,0xDAEC,0xDB0C,0xDB2C,0xD34B,0xF44F,0xFD94,0xBB6B,0x7964,0x6944,0x58E3,0x5924,
0x8223,0x8A65,0x92C7,0x8AC8,0x7227,0x5166,0x4947,0x51CB,0x51AB,0x51CD,0x51CE,0x51EE,0x51CE,0x59CE,0x51CE,0x51CE,
0x49AE,0x51EE,0x520F,0x522F,0x520F,0x51EF,0x49EE,0x49CE,0x41AE,0x4A0F,0x5A70,0x5A71,0x5A50,0x4A0F,0x49CE,0x41CE,
0x49EE,0x49CE,0x49EE,0x49EE,0x51EF,0x51EE,0x51EE,0x49CE,0x51EE,0x51EE,0x51EF,0x51EF,0x51EF,0x51EF,0x51EF,0x51EE,
0x51EE,0x51EE,0x51EE,0x51EE,0x51EE,0x51EE,0x51EE,0x520F,0x520F,0x520F,0x520F,0x520F,0x520F,0x520F,0x520F,0x51EF,
0x51EF,0x51EF,0x51EF,0x51EF,0x51EF,0x5A0F,0x5A0F,0x5A0F,0x5A0F,0x5A0F,0x5A0F,0x5A0F,0x5A0F,0x5A0F,0x5A0F,0x5A0F,
0x5A0F,0x5A0F,0x5A0F,0x5A0F,0x5A0F,0x5A0F,0x5A0F,0x5A0F,0x5A0F,0x5A0F,0x5A0F,0x5A0F,0x5A0F,0x5A0F,0x5A0F,0x5A0F,
0x5A0F,0x5A0F,0x5A0F,0x5A0F,0x5A0F,0x5A0F,0x5A0F,0x5A0F,0x5A0F,0x5A0F,0x5A0F,0x520F,0x520F,0x520F,0x520F,0x51EF,
0x51EE,0x51EE,0x51EE,0x51EE,0x51EE,0x51EE,0x51EE,0x51EE,0x51EE,0x49EE,0x49EE,0x49EE,0x49EE,0x49EE,0x49EE,0x49EE,
0x49EF,0x49EF,0x49EE,0x49EE,0x4A0F,0x4A0F,0x4A0F,0x4A2F,0x4A2F,0x5230,0x5250,0x5250,0x5251,0x5272,0x5A72,0x5A92,
0x62F4,0x62D4,0x6AF4,0x7315,0x7B56,0x8376,0x93B7,0xA3F7,0x9B95,0x7A91,0x7A70,0x8270,0x8270,0x8A90,0x8270,0x8270,
0x8A70,0x8A70,0x8A70,0x8A90,0x8A90,0x8A90,0x8A90,0x8A90,0x8A90,0x8A90,0x8A8F,0x8A8F,0x8A8F,0x8A8F,0x8A8F,0x8A8F,
0x8A8F,0x8A8F,0x928F,0x928F,0x928F,0x928F,0x928F,0x928F,0x928F,0x928F,0x928F,0x92AF,0x92AF,0x92AF,0x92AF,0x92AF,
0x92AF,0x92AF,0x92AF,0x92AF,0x92AF,0x92AF,0x92AF,0x92AF,0x92AE,0x92AE,0x92AE,0x92AE,0x92AE,0x92AE,0x92AE,0x92AE,
0x9AAE,0x9AAD,0x9AAE,0x9AAE,0x9AAE,0x9AAD,0x9AAD,0x9AAD,0x9AAD,0x9AAD,0x9AAD,0x9AAD,0x9ACD,0x9AAD,0x9AAD,0x9AAD,
0xA2CD,0xA2AD,0xA2CD,0xA2CD,0xA2CD,0xA2CD,0xA2CD,0xAACD,0xAACD,0xAACD,0xAACD,0xAAAD,0xAAAD,0xAAAD,0xAAAD,0xAAAD,
0xB2AD,0xB2AD,0xB2AD,0xB2AD,0xB2AD,0xBAAD,0xBAAD,0xBAAD,0xBAAD,0xBAAD,0xC2AD,0xC2AD,0xC2AD,0xBA8D,0xBA8D,0xBA8D,
0xBA8D,0xBA8D,0xBA8D,0xBA8D,0xC28D,0xBA6C,0xC26C,0xC26C,0xC26C,0xC26C,0xC26C,0xC26C,0xC26C,0xC26C,0xC26C,0xC24C,
0xC26B,0xC24B,0xC24B,0xC24B,0xC24B,0xC24B,0xC24B,0xC24B,0xC24B,0xC24B,0xC24A,0xC24A,0xC249,0xC249,0xC249,0xC249,
0xC249,0xC249,0xC249,0xC249,0xC249,0xCA49,0xCA49,0xCA49,0xCA49,0xCA49,0xCA49,0xCA69,0xD249,0xD269,0xD269,0xD269,
0xD289,0xDAAA,0xDAAA,0xDACB,0xE2CB,0xDAEB,0xDB0B,0xDB2B,0xD32A,0xF44F,0xFD73,0xB2E9,0x7984,0x6923,0x58E2,0x5903,
0x79E4,0x7A05,0x7A26,0x7A27,0x6A08,0x61C8,0x59CA,0x61EC,0x51AC,0x51CD,0x59EE,0x51CE,0x51CE,0x51CE,0x59CE,0x59EF,
0x51EE,0x520F,0x5A2F,0x5A2F,0x51EE,0x49CE,0x49CE,0x51EE,0x520F,0x5A30,0x5A50,0x5A30,0x49EF,0x41CE,0x49CE,0x520F,
0x49EE,0x51EE,0x51EE,0x51EE,0x51EE,0x51EE,0x51CE,0x49CE,0x51EE,0x51EE,0x51EE,0x51EE,0x51EE,0x51EE,0x51EE,0x51EE,
0x51EE,0x51EE,0x51EE,0x51EE,0x51EE,0x51EE,0x51EE,0x51EE,0x520F,0x520F,0x520F,0x520F,0x520F,0x520F,0x520F,0x520F,
0x5A0F,0x5A0F,0x5A0F,0x5A0F,0x5A0F,0x5A0F,0x5A0F,0x5A0F,0x5A0F,0x5A0F,0x5A0F,0x5A0F,0x5A0F,0x5A0F,0x5A0F,0x5A0F,
0x5A0F,0x5A0F,0x5A0F,0x5A0F,0x5A0F,0x5A0F,0x5A0F,0x5A0F,0x5A0F,0x5A0F,0x5A0F,0x5A0F,0x5A0F,0x5A0F,0x5A0F,0x5A0F,
0x5A0F,0x5A0F,0x5A0F,0x5A0F,0x5A0F,0x5A0F,0x5A0F,0x5A0F,0x5A0F,0x5A0F,0x5A0F,0x5A0F,0x5A0F,0x5A0F,0x5A0F,0x5A0F,
0x51EF,0x51EF,0x51EF,0x51EF,0x51EF,0x51EE,0x51EE,0x51EE,0x51EE,0x51EE,0x51EE,0x51EE,0x51EE,0x51EE,0x49EE,0x49EE,
0x49EF,0x49EF,0x49EF,0x49EF,0x4A0E,0x520F,0x522F,0x522F,0x522F,0x5230,0x5250,0x5251,0x5251,0x5A71,0x5A92,0x5A92,
0x62B3,0x62D3,0x6AF4,0x7335,0x7B36,0x8356,0x9396,0xA3F7,0x9B75,0x8291,0x8270,0x8290,0x8290,0x8A90,0x8270,0x8270,
0x8A90,0x8A90,0x8A90,0x8A90,0x8A90,0x8A90,0x8A90,0x8A90,0x8A90,0x8A90,0x8A90,0x8A90,0x8A8F,0x8A8F,0x8A8F,0x8A8F,
0x928F,0x928F,0x928F,0x92AF,0x92AF,0x92AF,0x92AF,0x92AF,0x928F,0x928F,0x928F,0x92AF,0x92AF,0x92AF,0x92AF,0x92AF,
0x92AF,0x92AF,0x92AF,0x92AE,0x92AF,0x92AF,0x92AF,0x92AE,0x92AE,0x92AE,0x9AAE,0x9AAE,0x9AAE,0x9AAE,0x9AAE,0x9AAE,
0x9AAD,0x9AAD,0x9ACD,0x9ACD,0x9ACD,0x9ACD,0x9AAD,0x9AAD,0x9AAD,0x9AAD,0x9AAD,0xA2CD,0xA2CD,0xA2CD,0xA2CD,0xA2AD,
0xA2CD,0xA2CD,0xA2CD,0xA2CD,0xA2CD,0xA2CD,0xAACD,0xAACD,0xAACD,0xAACD,0xAACD,0xAACD,0xAACD,0xB2CD,0xB2CD,0xB2AD,
0xB2AD,0xB2AD,0xB2AD,0xB2AD,0xBAAD,0xBAAD,0xBAAD,0xBAAD,0xBAAD,0xBAAD,0xC2AD,0xC2AD,0xC2AD,0xC2AD,0xC28D,0xBA8C,
0xBA8C,0xBA8C,0xC28C,0xC28C,0xC28C,0xC28C,0xC28C,0xC26C,0xC26B,0xC26B,0xC26B,0xC26B,0xC26B,0xC26B,0xC24B,0xC26B,
0xC24A,0xC24A,0xC24A,0xC24A,0xC24A,0xC24A,0xC24A,0xC24A,0xC26A,0xC26A,0xC269,0xC249,0xC269,0xC268,0xCA68,0xCA68,
0xCA69,0xCA49,0xCA49,0xCA49,0xCA69,0xCA69,0xCA69,0xCA49,0xD269,0xD269,0xD269,0xD269,0xD269,0xD269,0xD289,0xD289,
0xDA89,0xDAAA,0xDACA,0xE2CA,0xE2EB,0xE2EB,0xDB0B,0xDB2B,0xD32A,0xF46F,0xFD73,0xA247,0x81A5,0x6923,0x6103,0x58E3,
0x71E5,0x71C5,0x69A5,0x69A6,0x69E8,0x724B,0x726D,0x724E,0x59CC,0x59CD,0x59CE,0x51CE,0x51AE,0x59CE,0x5A0F,0x6230,
0x6250,0x5A0F,0x51CE,0x49CE,0x51EE,0x520F,0x522F,0x522F,0x6270,0x522F,0x49CE,0x41AD,0x49AE,0x49EF,0x522F,0x5A30,
0x51EE,0x51EE,0x51EE,0x51EE,0x51EE,0x51EE,0x51EE,0x51EE,0x51EE,0x51EE,0x51EE,0x51EE,0x51EE,0x51EE,0x51EE,0x51EE,
0x51EE,0x51EE,0x520F,0x520F,0x520F,0x520F,0x520F,0x520F,0x520F,0x520F,0x520F,0x520F,0x520F,0x520F,0x520F,0x5A0F,
0x5A0F,0x5A0F,0x5A0F,0x5A0F,0x5A0F,0x5A0F,0x5A0F,0x5A0F,0x5A0F,0x5A0F,0x5A0F,0x5A0F,0x5A0F,0x5A0F,0x5A0F,0x5A0F,
0x5A0F,0x5A0F,0x5A0F,0x5A0F,0x5A0F,0x5A0F,0x5A0F,0x5A0F,0x620F,0x620F,0x620F,0x620F,0x620F,0x620F,0x620F,0x5A0F,
0x5A0F,0x5A0F,0x5A0F,0x5A0F,0x5A0F,0x5A0F,0x5A0F,0x5A0F,0x5A0F,0x5A0F,0x5A0F,0x5A0F,0x5A0F,0x5A0F,0x5A0F,0x5A0F,
0x5A0F,0x5A0F,0x5A0F,0x5A0F,0x5A0F,0x51EF,0x51EF,0x51EF,0x51EF,0x520F,0x51EF,0x51EF,0x51EF,0x51EF,0x51EE,0x51EE,
0x51EF,0x51EF,0x520F,0x520F,0x520F,0x522F,0x522F,0x522F,0x522F,0x5250,0x5A50,0x5A51,0x5A71,0x5A72,0x6292,0x62B3,
0x62B3,0x62D3,0x6AF4,0x7315,0x7B35,0x8335,0x8B76,0x9BB7,0x9354,0x8291,0x8290,0x8290,0x8290,0x8AB0,0x8290,0x8A90,
0x8A90,0x8A90,0x8A90,0x8A90,0x8AB0,0x8AB0,0x8A90,0x8A90,0x8AB0,0x8AB0,0x8A90,0x8A90,0x8A8F,0x8A8F,0x928F,0x928F,
0x928F,0x928F,0x92AF,0x92AF,0x92AF,0x92AF,0x92AF,0x92AF,0x92AF,0x92AF,0x92AF,0x92AF,0x92AF,0x92AF,0x92AF,0x92AF,
0x92AE,0x92AF,0x92AF,0x92AF,0x92AF,0x92AE,0x9AAE,0x9AAE,0x9ACE,0x9AAE,0x9ACE,0x9ACE,0x9ACE,0x9AAE,0x9AAE,0x9ACE,
0x9ACD,0x9ACD,0x9ACD,0x9ACD,0x9ACD,0x9ACD,0x9ACD,0x9AAD,0x9AAD,0xA2CD,0xA2CD,0xA2CD,0xA2CD,0xA2CD,0xA2CD,0xA2CD,
0xA2CD,0xAACD,0xAACD,0xAACD,0xAACD,0xAACD,0xAACD,0xAACD,0xAACD,0xB2CC,0xB2CC,0xB2CC,0xB2CC,0xB2CC,0xB2CC,0xB2CC,
0xB2CC,0xB2CC,0xB2AC,0xBAAC,0xBAAC,0xBACC,0xBACC,0xBACC,0xBACC,0xC2AC,0xC2CC,0xC2AC,0xC2AC,0xC2AC,0xC2AC,0xBA8C,
0xBA8C,0xBA8C,0xC28C,0xC28C,0xC28B,0xC28B,0xC28B,0xC28B,0xC26B,0xC26B,0xC26A,0xC26A,0xC26A,0xC26A,0xC26A,0xC26A,
0xC26A,0xC24A,0xC24A,0xC24A,0xC24A,0xC26A,0xC269,0xC269,0xC28A,0xC269,0xCA69,0xCA68,0xCA68,0xCA68,0xCA68,0xCA68,
0xCA68,0xCA69,0xCA69,0xCA69,0xCA69,0xCA69,0xCA69,0xD269,0xD269,0xD269,0xD269,0xD269,0xD289,0xDA89,0xDA89,0xDA89,
0xDAA9,0xDAAA,0xDACA,0xE2EA,0xE2EB,0xE30A,0xE32B,0xDB4B,0xDB6B,0xFCAF,0xFD31,0x91C4,0x81C5,0x6923,0x6924,0x6104,
0x7205,0x7226,0x7227,0x7207,0x69E8,0x6A0A,0x722B,0x6A2C,0x61EC,0x59CD,0x59CD,0x59CD,0x59EE,0x5A0F,0x622F,0x5A2F,
0x624F,0x520E,0x49CD,0x51CD,0x520E,0x5A2F,0x5A2F,0x5A0F,0x520F,0x49EE,0x49CE,0x49CE,0x520F,0x522F,0x520F,0x49EE,
0x51EE,0x51EE,0x51EE,0x51EE,0x51EE,0x51EE,0x51EE,0x51EE,0x51EE,0x51EE,0x51EE,0x59EE,0x59EE,0x59EE,0x59EE,0x5A0E,
0x5A0E,0x5A0E,0x5A0E,0x5A0E,0x5A0F,0x5A0F,0x5A0F,0x5A0F,0x5A0F,0x5A0F,0x5A0F,0x5A0F,0x5A0F,0x5A0F,0x5A0F,0x5A0F,
0x5A0F,0x5A0F,0x5A0F,0x5A0F,0x5A0F,0x5A0F,0x5A0F,0x5A0F,0x5A0F,0x5A0F,0x5A0F,0x5A0F,0x5A0F,0x5A0F,0x5A0F,0x5A0F,
0x620F,0x620F,0x620F,0x620F,0x620F,0x620F,0x620F,0x620F,0x620F,0x620F,0x620F,0x620F,0x620F,0x620F,0x620F,0x622F,
0x620F,0x620F,0x620F,0x620F,0x620F,0x620F,0x620F,0x5A2F,0x5A2F,0x5A2F,0x5A0F,0x5A0F,0x5A0F,0x5A0F,0x5A0F,0x5A0F,
0x5A0F,0x5A0F,0x5A0F,0x5A0F,0x5A0F,0x5A0F,0x5A0F,0x5A0F,0x5A0F,0x5A0F,0x5A0F,0x5A0F,0x5A0F,0x5A0F,0x520F,0x520F,
0x520F,0x520F,0x520F,0x520F,0x520F,0x522F,0x5A2F,0x5A4F,0x5A4F,0x5A50,0x5A50,0x5A51,0x5A71,0x6272,0x6292,0x62B3,
0x62B2,0x62D3,0x6AF4,0x7315,0x7B15,0x8335,0x8B56,0x9BB6,0x9334,0x8291,0x8A90,0x8A90,0x8A90,0x8AB0,0x8290,0x8AB1,
0x8A90,0x8A90,0x8A90,0x8A90,0x8AB0,0x8AB0,0x8A90,0x8A90,0x8AB0,0x8AB0,0x92B0,0x92B0,0x92B0,0x92AF,0x92AF,0x92AF,
0x928F,0x92AF,0x92AF,0x92AF,0x92AF,0x92AF,0x92AF,0x92AF,0x92AF,0x92AF,0x92AF,0x92AF,0x92AF,0x92AF,0x92CF,0x92CF,
0x92AF,0x9AAE,0x9AAE,0x9AAE,0x9ACF,0x9AAE,0x9AAE,0x9ACE,0x9ACE,0x9ACE,0x9ACE,0x9ACE,0x9ACE,0x9ACE,0x9ACE,0x9ACE,
0x9ACD,0xA2CD,0xA2CD,0xA2CD,0xA2CD,0xA2CD,0xA2CD,0xA2CD,0xA2CD,0xA2CD,0xA2CD,0xA2CD,0xA2CD,0xA2CD,0xA2CD,0xA2CD,
0xAACD,0xAACD,0xAACD,0xAAED,0xAAED,0xAACC,0xAACC,0xB2CC,0xB2CD,0xB2CC,0xB2CC,0xB2CC,0xB2CC,0xB2CC,0xB2CC,0xB2CC,
0xB2CC,0xBACC,0xBACC,0xBACC,0xBACC,0xBACC,0xBACC,0xC2CC,0xC2CC,0xC2CC,0xC2CC,0xC2CC,0xC2AB,0xC2AB,0xC2AB,0xC2AB,
0xC2AB,0xC2AB,0xC28B,0xC28B,0xC28B,0xC28B,0xC28B,0xC28B,0xC26A,0xC26A,0xC26A,0xC26A,0xC26A,0xC26A,0xC26A,0xC26A,
0xCA6A,0xCA49,0xCA49,0xC269,0xC269,0xC269,0xC269,0xC269,0xC289,0xCA88,0xCA68,0xCA68,0xCA68,0xCA68,0xCA68,0xCA68,
0xCA69,0xCA69,0xCA69,0xCA69,0xD269,0xD269,0xD268,0xD268,0xD289,0xD289,0xD289,0xDA89,0xDA89,0xDA89,0xDA89,0xDAA9,
0xDAC9,0xDACA,0xE2CA,0xE2EA,0xE2EA,0xE30A,0xE32A,0xDB4B,0xDB8B,0xFC8F,0xF4AF,0x8183,0x81C5,0x7144,0x6944,0x6124,
0x7A66,0x7A87,0x7A88,0x82A9,0x82AA,0x7A6A,0x6A0A,0x59A9,0x61EB,0x61CC,0x61ED,0x620E,0x622F,0x624F,0x5A0F,0x59EE,
0x51EE,0x520E,0x5A2F,0x5A4F,0x5A2F,0x5A2F,0x520E,0x51EE,0x49CD,0x49EE,0x520F,0x522F,0x522F,0x520F,0x51EE,0x49EE,
0x51EE,0x51EE,0x51EE,0x51EE,0x51EE,0x520E,0x5A0E,0x5A0F,0x59EE,0x59EE,0x59EE,0x5A0E,0x5A0E,0x5A0E,0x5A0E,0x5A0F,
0x5A0F,0x5A0F,0x5A0F,0x5A0F,0x5A0F,0x5A0F,0x5A0F,0x5A0F,0x5A0F,0x5A0F,0x5A0F,0x5A0F,0x5A0F,0x5A0F,0x5A0F,0x5A0F,
0x5A0F,0x5A0F,0x5A0F,0x5A0F,0x5A0F,0x5A0F,0x620F,0x620F,0x622F,0x622F,0x622F,0x622F,0x622F,0x622F,0x622F,0x622F,
0x622F,0x622F,0x622F,0x622F,0x622F,0x622F,0x622F,0x622F,0x622F,0x622F,0x622F,0x622F,0x622F,0x622F,0x622F,0x622F,
0x622F,0x622F,0x622F,0x622F,0x622F,0x622F,0x622F,0x622F,0x622F,0x622F,0x622F,0x5A2F,0x5A2F,0x5A2F,0x5A2F,0x5A2F,
0x5A0F,0x5A0F,0x5A0F,0x5A0F,0x5A0F,0x5A0F,0x5A0F,0x5A0F,0x5A0F,0x5A0F,0x5A0F,0x5A0F,0x5A0F,0x5A0F,0x5A0F,0x5A0F,
0x520F,0x520F,0x5A0F,0x520F,0x5A2F,0x5A2F,0x5A50,0x5A50,0x5A50,0x5A50,0x5A50,0x5A70,0x5A71,0x5A71,0x6292,0x62B2,
0x6AB3,0x6AD3,0x6AF4,0x7315,0x7B15,0x8335,0x8B56,0x9B96,0x8B13,0x8291,0x8AB1,0x8AB0,0x8A90,0x8AB0,0x8A90,0x8AB1,
0x8AB0,0x8AB0,0x8AB0,0x8AB0,0x8AB0,0x8AB0,0x8AB0,0x8AB0,0x92D0,0x92D0,0x92B0,0x92B0,0x92D0,0x92D0,0x92B0,0x92B0,
0x92AF,0x92AF,0x92AF,0x92AF,0x92AF,0x92AF,0x92AF,0x92AF,0x92AF,0x92AF,0x92AF,0x92CF,0x92CF,0x92CF,0x92CF,0x9ACF,
0x9ACF,0x9ACF,0x9ACF,0x9ACF,0x9ACE,0x9ACF,0x9ACE,0x9ACE,0x9ACE,0x9ACE,0x9ACE,0xA2CE,0xA2CE,0xA2CE,0xA2CE,0xA2CE,
0xA2CD,0xA2CD,0xA2CD,0xA2ED,0xA2ED,0xA2CD,0xA2CD,0xA2CD,0xA2CD,0xA2CD,0xA2ED,0xA2ED,0xA2ED,0xAAED,0xAAED,0xAACD,
0xAAED,0xAAEC,0xAAED,0xAAED,0xAAED,0xAACD,0xB2EC,0xB2CC,0xB2CC,0xB2CC,0xB2CC,0xB2CC,0xB2CC,0xB2CC,0xB2CC,0xB2CC,
0xBACC,0xBACC,0xBACC,0xBACC,0xBACC,0xBACC,0xC2CC,0xC2EC,0xC2CB,0xC2CB,0xC2CB,0xC2CB,0xC2CB,0xC2CB,0xC2AB,0xC2AB,
0xC2AB,0xC2AB,0xC2AB,0xC2AB,0xC28B,0xC2AA,0xC28A,0xC28A,0xC28A,0xC28A,0xC28A,0xC28A,0xC28A,0xC28A,0xC28A,0xC26A,
0xCA6A,0xCA69,0xCA69,0xCA69,0xCA69,0xCA89,0xCA89,0xCA88,0xCA88,0xCA88,0xCA88,0xCA88,0xCA88,0xD288,0xD289,0xD289,
0xD289,0xD289,0xD289,0xD289,0xD289,0xD289,0xD289,0xD289,0xDA89,0xDA88,0xDA88,0xDA89,0xDA89,0xDAA9,0xDAA9,0xE2A9,
0xE2C9,0xE2CA,0xE2EA,0xE2EA,0xE2EA,0xE30A,0xE32A,0xE34A,0xE38B,0xF48F,0xE44D,0x89C4,0x89C5,0x79A5,0x79A6,0x7165,
0x7265,0x7265,0x7266,0x82C8,0x8B0A,0x82CA,0x7249,0x61C8,0x620A,0x620B,0x620D,0x622D,0x622E,0x622F,0x5A0E,0x520E,
0x520E,0x5A2E,0x624F,0x5A4F,0x5A0E,0x51EE,0x51EE,0x51EE,0x51EE,0x520E,0x522F,0x520F,0x51EE,0x49EE,0x51EE,0x520F,
0x520E,0x520E,0x51EE,0x51EE,0x51EE,0x59EE,0x5A0F,0x5A0F,0x5A0E,0x5A0E,0x5A0E,0x5A0E,0x5A0F,0x5A0F,0x5A0F,0x5A0F,
0x5A0F,0x5A0F,0x5A0F,0x5A0F,0x5A0F,0x5A0F,0x5A0F,0x5A0F,0x5A0F,0x5A0F,0x5A0F,0x5A0F,0x5A0F,0x5A0F,0x5A0F,0x5A0F,
0x5A2F,0x620F,0x620F,0x622F,0x622F,0x622F,0x622F,0x622F,0x622F,0x622F,0x622F,0x622F,0x622F,0x622F,0x622F,0x622F,
0x622F,0x622F,0x622F,0x622F,0x622F,0x622F,0x622F,0x622F,0x622F,0x622F,0x622F,0x622F,0x622F,0x622F,0x622F,0x622F,
0x622F,0x622F,0x622F,0x622F,0x622F,0x622F,0x622F,0x622F,0x622F,0x622F,0x622F,0x622F,0x622F,0x622F,0x622F,0x622F,
0x622F,0x622F,0x622F,0x622F,0x622F,0x622F,0x5A0F,0x5A0F,0x5A0F,0x5A0F,0x5A2F,0x5A2F,0x5A0F,0x5A0F,0x5A2F,0x5A0F,
0x5A0F,0x5A0F,0x5A2F,0x5A2F,0x5A2F,0x5A30,0x5A50,0x5A50,0x5A70,0x5A70,0x5A70,0x5A71,0x5A51,0x6271,0x6292,0x6AB2,
0x6AD3,0x6AD3,0x72F4,0x7B15,0x7B35,0x8335,0x8B56,0x9B96,0x8AF3,0x8291,0x8AD1,0x8AB0,0x8A90,0x8AB0,0x8AB0,0x8AD1,
0x8AB0,0x8AB0,0x8AB0,0x8AB0,0x8AB0,0x8AB0,0x92B0,0x92B0,0x92D0,0x92D0,0x92B0,0x92B0,0x92D0,0x92D0,0x92B0,0x92B0,
0x92B0,0x92AF,0x92AF,0x92AF,0x92CF,0x92CF,0x92CF,0x92CF,0x92CF,0x92CF,0x92CF,0x92CF,0x9ACF,0x9ACF,0x9ACF,0x9ACF,
0x9ACF,0x9ACF,0x9ACF,0x9ACF,0x9ACF,0x9ACE,0xA2CF,0xA2CF,0xA2CE,0xA2CE,0xA2CE,0xA2CE,0xA2CE,0xA2CE,0xA2CE,0xA2CE,
0xA2CD,0xA2CD,0xA2CD,0xA2ED,0xA2ED,0xA2CD,0xA2CD,0xA2CD,0xA2ED,0xAAED,0xAAED,0xAAED,0xAAED,0xAAED,0xAAED,0xAAED,
0xAAED,0xAAEC,0xAAEC,0xB2EC,0xB2EC,0xB2EC,0xB2ED,0xB2EC,0xB2EC,0xB2EC,0xB2CC,0xBACC,0xBACC,0xBACC,0xBACC,0xBACC,
0xBAEC,0xBACB,0xBACB,0xBACB,0xBACB,0xBAEB,0xC2EC,0xC2EB,0xC2CB,0xC2CB,0xC2CB,0xC2CB,0xC2CB,0xC2AB,0xC2AA,0xC2AA,
0xC2AB,0xC2AB,0xC2AB,0xC2AB,0xC2AA,0xC2AA,0xC28A,0xC2AA,0xC28A,0xC28A,0xC28A,0xC289,0xC289,0xC289,0xC289,0xCA89,
0xCA6A,0xCA6A,0xCA69,0xCA69,0xCA89,0xCA88,0xCAA8,0xCAA8,0xCAA8,0xCAA8,0xCAA8,0xCAA8,0xD288,0xD289,0xD289,0xD289,
0xD2A9,0xD2A9,0xD2A9,0xD2A9,0xDAA9,0xDAA9,0xDAA9,0xDAA9,0xDAA9,0xDAA9,0xDAA9,0xDAA9,0xE2A9,0xE2A9,0xE2A9,0xE2C9,
0xE2EA,0xE2EA,0xE2EA,0xE2EA,0xE30A,0xE32A,0xE34B,0xE36B,0xDB6A,0xEC4D,0xD3CB,0x9A46,0x89E6,0x8A27,0x8207,0x79C7,
0x59E4,0x6225,0x7286,0x7AC8,0x72A8,0x7247,0x7248,0x726A,0x724A,0x6A2B,0x6A2C,0x620C,0x59ED,0x59ED,0x5A0E,0x622F,
0x6A70,0x624F,0x5A0E,0x51CD,0x51CD,0x51ED,0x520E,0x5A2F,0x5A2F,0x520E,0x520E,0x520E,0x520E,0x520E,0x520E,0x51EE,
0x5A0F,0x5A0E,0x59EE,0x51EE,0x59EE,0x59EE,0x5A0E,0x5A0F,0x5A0E,0x59EE,0x5A0F,0x5A0F,0x5A0F,0x5A0F,0x5A0F,0x5A0F,
0x5A0F,0x5A0F,0x5A0F,0x5A0F,0x5A0F,0x5A2F,0x5A2F,0x5A2F,0x5A2F,0x5A2F,0x5A2F,0x620F,0x620F,0x620F,0x620F,0x620F,
0x622F,0x622F,0x622F,0x622F,0x622F,0x622F,0x622F,0x622F,0x622F,0x622F,0x622F,0x622F,0x622F,0x622F,0x622F,0x622F,
0x622F,0x622F,0x622F,0x622F,0x622F,0x622F,0x622F,0x622F,0x6A30,0x6A30,0x6A30,0x6A30,0x6A30,0x6A30,0x6A30,0x6A30,
0x6A30,0x6A30,0x6A30,0x6A30,0x6230,0x6230,0x6230,0x6230,0x6230,0x6230,0x6230,0x622F,0x622F,0x622F,0x622F,0x622F,
0x622F,0x622F,0x622F,0x622F,0x622F,0x622F,0x622F,0x5A0F,0x622F,0x622F,0x622F,0x5A0F,0x5A0F,0x5A2F,0x5A2F,0x5A0F,
0x5A2F,0x5A2F,0x5A2F,0x5A2F,0x5A30,0x5A50,0x5A50,0x5A50,0x6270,0x6270,0x6271,0x6271,0x6271,0x6271,0x6292,0x6AB2,
0x72F4,0x6AD4,0x72F4,0x7B14,0x8335,0x8335,0x9376,0x9B96,0x8AF2,0x8290,0x8AD1,0x8AB0,0x8A90,0x8AB0,0x8AB0,0x92D1,
0x8AB1,0x92B0,0x92B0,0x92B0,0x92B0,0x92D0,0x92D0,0x92D0,0x92B0,0x92D0,0x92D0,0x92B0,0x92B0,0x92B0,0x92B0,0x92B0,
0x92CF,0x92CF,0x92CF,0x92CF,0x92CF,0x9ACF,0x9ACF,0x9ACF,0x9ACF,0x9ACF,0x9ACF,0x9ACF,0x9ACF,0x9ACF,0x9AEF,0x9ACF,
0x9ACF,0xA2CF,0xA2CF,0xA2CF,0xA2CF,0xA2EF,0xA2EF,0xA2EF,0xA2EE,0xA2EE,0xA2EE,0xA2EE,0xA2EE,0xA2EE,0xA2EE,0xA2EE,
0xA2CD,0xA2CD,0xA2ED,0xA2ED,0xA2ED,0xA2ED,0xA2CD,0xA2CD,0xAAED,0xAAED,0xAAED,0xAAED,0xAAED,0xAAED,0xAAED,0xAAED,
0xAAEC,0xAAEC,0xB2EC,0xB2EC,0xB2EC,0xB2EC,0xB2EC,0xB2EC,0xB2EC,0xBAEC,0xBAEC,0xBAEC,0xBAEC,0xBAEC,0xBAEC,0xBAEC,
0xBAEB,0xBAEB,0xBAEB,0xBAEB,0xBACB,0xC2EB,0xC2EB,0xC2EB,0xC2CB,0xC2CB,0xC2CB,0xC2CB,0xC2CB,0xC2AA,0xC2AA,0xC2AA,
0xC2AA,0xC2AA,0xC2AA,0xC2AA,0xC2AA,0xC2AA,0xC2AA,0xC28A,0xC289,0xC289,0xC289,0xC289,0xC289,0xCA89,0xCA89,0xCA89,
0xCA89,0xCA69,0xCA69,0xCA89,0xCA88,0xCA88,0xCAA8,0xCAA8,0xD2C8,0xD2A8,0xD2A8,0xD2A8,0xD2A9,0xDAA9,0xDAA9,0xDAA9,
0xDAC9,0xDAC9,0xDAC9,0xDAC9,0xDAC9,0xDAC9,0xDAC9,0xDAA9,0xDAA9,0xDAA9,0xE2A9,0xE2A9,0xE2A9,0xE2C9,0xE2C9,0xE2C9,
0xE2E9,0xE2E9,0xE2EA,0xE30A,0xE30A,0xDB2A,0xDB4B,0xDB6B,0xCB09,0xDBEC,0xC34A,0x9A67,0x89E6,0x9268,0x8208,0x79C7,
0x3903,0x4144,0x4144,0x51A5,0x6247,0x6226,0x6206,0x7AA9,0x7A89,0x7269,0x6A09,0x620A,0x6A0C,0x61ED,0x61EE,0x7270,
0x61EE,0x61EE,0x59EE,0x59ED,0x59EE,0x5A0E,0x5A2E,0x5A2F,0x5A0E,0x520E,0x5A0E,0x5A0E,0x5A0E,0x5A0E,0x5A0E,0x5A0E,
0x59EE,0x59EE,0x59EE,0x59EE,0x59EE,0x59EE,0x59EE,0x59EE,0x5A0E,0x5A0E,0x620F,0x620F,0x620F,0x620F,0x620F,0x620F,
0x5A0F,0x5A0F,0x620F,0x620F,0x620F,0x620F,0x620F,0x620F,0x620F,0x620F,0x622F,0x620F,0x620F,0x620F,0x622F,0x622F,
0x622F,0x622F,0x622F,0x622F,0x622F,0x622F,0x622F,0x622F,0x622F,0x622F,0x622F,0x622F,0x622F,0x622F,0x622F,0x622F,
0x6A2F,0x6A2F,0x6A2F,0x6A2F,0x6A2F,0x6A2F,0x6A2F,0x6A2F,0x6A2F,0x6A2F,0x6A2F,0x6A2F,0x6A2F,0x6A2F,0x6A2F,0x6A2F,
0x6A2F,0x6A2F,0x6A2F,0x6A2F,0x6A2F,0x6A2F,0x6A2F,0x6A2F,0x6A2F,0x6A2F,0x6A2F,0x6A2F,0x6A2F,0x6A2F,0x6A2F,0x6A2F,
0x624F,0x6250,0x6250,0x6250,0x622F,0x622F,0x622F,0x622F,0x622F,0x622F,0x622F,0x622F,0x622F,0x622F,0x622F,0x622F,
0x5A2F,0x5A2F,0x622F,0x6250,0x6250,0x6270,0x6270,0x6270,0x6270,0x6271,0x6271,0x6271,0x6A91,0x6AB2,0x6AB2,0x72D2,
0x6AB3,0x72F4,0x7B14,0x7AF4,0x8314,0x8B35,0x9375,0x9B75,0x8AD2,0x8AB1,0x8AB1,0x92B1,0x92B1,0x92B1,0x92B1,0x92B0,
0x92D0,0x92D0,0x92D0,0x92D0,0x92D0,0x92D0,0x92D0,0x92D0,0x92D0,0x92D0,0x92D0,0x9AD0,0x9AD0,0x9AD0,0x9AD0,0x9AD0,
0x9ACF,0x9ACF,0x9ACF,0x9ACF,0x9ACF,0x9ACF,0x9ACF,0x9ACF,0x9AEF,0x9AEF,0x9AEF,0x9AEF,0x9AEF,0x9AEF,0x9AEF,0x9AEF,
0xA2EF,0xA2EF,0xA2CF,0xA2EF,0xA2EF,0xA2EE,0xA2EE,0xA2EE,0xA2EE,0xA2EE,0xA2EE,0xA2EE,0xA2EE,0xAAEE,0xAAEE,0xAAEE,
0xA2ED,0xAAED,0xAAED,0xAAED,0xAAED,0xAAED,0xAAED,0xAACD,0xAACC,0xAACC,0xAAEC,0xAAEC,0xAAED,0xB2ED,0xAAEC,0xAAEC,
0xB30C,0xB2EC,0xB2EC,0xB2EC,0xB2EC,0xB30C,0xB2EC,0xB30C,0xB2EB,0xBAEB,0xBAEB,0xBAEB,0xBAEB,0xBAEB,0xBAEB,0xBAEB,
0xBAEB,0xBACB,0xBACB,0xC2CB,0xC2CB,0xC2CB,0xC2EB,0xC2EB,0xCAEB,0xCAEB,0xCAEB,0xCACB,0xCACB,0xCACA,0xCACA,0xCACA,
0xC2CA,0xC2CA,0xC2CA,0xC2C9,0xC2A9,0xC2A9,0xC2A9,0xCAA9,0xC2A9,0xCAA9,0xCAA9,0xCAA9,0xCAA9,0xCAA9,0xCAA9,0xCAA9,
0xD289,0xD288,0xD288,0xD2A8,0xD2A8,0xD2A8,0xD2A8,0xD2C8,0xD2C8,0xD2C8,0xD2C8,0xD2C8,0xDAC9,0xDAC9,0xDAC9,0xDAC9,
0xDAC8,0xDAC8,0xDAC8,0xDAC8,0xDAC8,0xDAC9,0xDAC9,0xE2C9,0xE2C9,0xDAA9,0xE2C9,0xEAEA,0xEAE9,0xE2A8,0xE2C8,0xEB29,
0xEB29,0xE329,0xDB09,0xDAE8,0xDB29,0xE38B,0xDB4A,0xC2C8,0xAA46,0xB2C9,0xAAC9,0x9207,0x7985,0x7185,0x7186,0x6945,
0x3946,0x30E4,0x28A3,0x4985,0x6A68,0x6247,0x59E5,0x6A47,0x7288,0x7A89,0x726A,0x724B,0x726D,0x6A2E,0x61EE,0x6A0F,
0x61EE,0x61EE,0x61EE,0x61EE,0x620E,0x5A0E,0x5A0E,0x5A0E,0x5A0E,0x5A0E,0x5A0E,0x5A0E,0x5A0E,0x5A0E,0x5A0E,0x5A0E,
0x59EE,0x59EE,0x59EE,0x59EE,0x5A0E,0x5A0E,0x5A0E,0x5A0E,0x620F,0x620F,0x620F,0x620F,0x620F,0x620F,0x620F,0x620F,
0x622F,0x622F,0x620F,0x620F,0x620F,0x622F,0x620F,0x620F,0x620F,0x620F,0x6A0F,0x6A0F,0x6A0F,0x6A0F,0x6A0F,0x6A0F,
0x622F,0x622F,0x622F,0x622F,0x622F,0x622F,0x6A2F,0x6A2F,0x6A4F,0x6A4F,0x6A4F,0x6A4F,0x6A4F,0x6A4F,0x6A4F,0x6A2F,
0x6A2F,0x6A2F,0x6A2F,0x6A2F,0x6A2F,0x6A30,0x6A30,0x6A30,0x6A30,0x6A30,0x6A30,0x6A30,0x6A30,0x6A30,0x6A30,0x6A30,
0x6A30,0x6A30,0x6A30,0x6A30,0x6A30,0x6A30,0x6A30,0x6A30,0x6A30,0x6A30,0x6A30,0x6A30,0x6A30,0x6A30,0x6A30,0x6A50,
0x6A50,0x6A50,0x6250,0x6250,0x624F,0x624F,0x624F,0x624F,0x624F,0x624F,0x624F,0x624F,0x624F,0x624F,0x624F,0x624F,
0x624F,0x624F,0x6250,0x6250,0x6250,0x6270,0x6270,0x6A71,0x6A71,0x6A71,0x6A71,0x6A91,0x6A91,0x6AB1,0x6AB2,0x72B2,
0x72B3,0x72D4,0x7AF4,0x7AF4,0x8314,0x9354,0x9B75,0x9B54,0x8AB1,0x8AD1,0x92B1,0x92B1,0x92B1,0x92B1,0x92B1,0x92B0,
0x92D0,0x92D0,0x92D0,0x92D0,0x92D0,0x92D0,0x92D0,0x92D0,0x92D0,0x9AD0,0x9AD0,0x9AD0,0x9AD0,0x9AF0,0x9AD0,0x9AEF,
0x9ACF,0x9ACF,0x9ACF,0x9ACF,0x9ACF,0x9ACF,0x9ACF,0x9ACF,0x9ACF,0x9ACF,0x9AEF,0x9AEF,0xA2EF,0xA2EF,0xA2EF,0xA2EF,
0xA2EF,0xA2EF,0xA2EF,0xA2EE,0xA2EE,0xA2EE,0xA2EE,0xA2EE,0xA2EE,0xA2EE,0xAAEE,0xAAEE,0xAAEE,0xAB0D,0xAB0D,0xAB0D,
0xAAED,0xAAED,0xAAED,0xAAED,0xAAED,0xAAED,0xAAED,0xAAEC,0xAACC,0xAACC,0xAAEC,0xB2EC,0xB2EC,0xB30C,0xB2EC,0xB2EC,
0xB30C,0xB30C,0xB30C,0xB30B,0xB30B,0xB2EB,0xB30B,0xBB0B,0xBAEB,0xBB0B,0xBB0B,0xBAEB,0xBB0B,0xBB0B,0xC30B,0xC30B,
0xC2EB,0xC2EB,0xC2EB,0xC2EB,0xC2EB,0xC2EB,0xC2EB,0xCAEB,0xCAEB,0xCAEB,0xCAEB,0xCACA,0xCACA,0xCACA,0xCACA,0xCACA,
0xCAC9,0xCAC9,0xCAC9,0xCAC9,0xCAC9,0xCAC9,0xCAC9,0xCAC9,0xCAA9,0xCAA9,0xCAA9,0xCAA8,0xCAA8,0xD2A8,0xD2A8,0xD2A8,
0xD2A8,0xD2A8,0xD2A8,0xD2A8,0xD2C8,0xD2C8,0xD2C8,0xD2C8,0xDAE8,0xDAE8,0xDAE8,0xDAE8,0xDAE8,0xDAC9,0xDAE9,0xDAE8,
0xDAE8,0xDAE8,0xDAC8,0xDAE8,0xDAE8,0xE2E9,0xE2E9,0xE2E9,0xD267,0xEB0A,0xE2E9,0xD287,0xDAC8,0xEB09,0xE2E9,0xDAE8,
0xDAE7,0xDB28,0xE349,0xDB29,0xDB49,0xD34A,0xC2E9,0xA246,0x91E5,0x9A47,0x9247,0x79A6,0x6944,0x6144,0x6124,0x5904,
0x20A3,0x20A3,0x28C3,0x4165,0x59E7,0x51C5,0x51A5,0x6227,0x7269,0x7269,0x6A2A,0x61EA,0x6A0C,0x6A0D,0x61ED,0x6A0E,
0x61EE,0x61EE,0x620E,0x620E,0x620E,0x5A0E,0x5A0E,0x5A0E,0x5A0E,0x5A0E,0x5A0E,0x5A0E,0x5A0E,0x5A0E,0x5A0E,0x5A0E,
0x5A0E,0x620E,0x620E,0x620F,0x620F,0x620F,0x620F,0x620F,0x620F,0x620F,0x620F,0x620F,0x620F,0x620F,0x620F,0x620F,
0x622F,0x622F,0x622F,0x622F,0x622F,0x622F,0x6A2F,0x6A2F,0x6A0F,0x6A0F,0x6A0F,0x6A0F,0x6A2F,0x6A2F,0x6A2F,0x6A2F,
0x6A2F,0x6A2F,0x6A2F,0x6A2F,0x6A2F,0x6A2F,0x6A2F,0x6A2F,0x6A4F,0x6A4F,0x6A4F,0x6A4F,0x6A4F,0x6A4F,0x6A4F,0x6A4F,
0x6A4F,0x6A4F,0x6A4F,0x6A4F,0x6A4F,0x6A4F,0x6A4F,0x6A4F,0x6A4F,0x6A4F,0x6A4F,0x6A4F,0x6A4F,0x6A4F,0x6A4F,0x6A4F,
0x6A50,0x6A50,0x6A50,0x6A50,0x6A50,0x6A50,0x6A50,0x6A50,0x7250,0x7250,0x7250,0x7250,0x7250,0x7250,0x7250,0x6A50,
0x6A70,0x6A70,0x6A70,0x6A70,0x6A70,0x6A50,0x6A50,0x6A50,0x6A50,0x6A50,0x6A50,0x6A50,0x6A50,0x6A50,0x6A50,0x6A50,
0x6270,0x6270,0x6270,0x6A70,0x6A70,0x6A70,0x6A90,0x6A91,0x6A91,0x6A91,0x6A91,0x6A91,0x6A91,0x72B1,0x72B1,0x72B2,
0x72B3,0x72D3,0x7AF3,0x7AF4,0x8B34,0x9355,0x9B54,0x9B33,0x8AD1,0x8AD1,0x92D1,0x92D1,0x92D1,0x92D1,0x92D1,0x92D0,
0x92F1,0x92F0,0x9AF0,0x9AF0,0x9AF0,0x9AF0,0x9AD0,0x9AF0,0x9AD0,0x9AD0,0x9AD0,0x9AD0,0x9AD0,0x9AF0,0x9AF0,0x9AF0,
0x9AEF,0x9AEF,0x9AEF,0x9AEF,0x9AEF,0x9AEF,0x9AEF,0x9AEF,0x9AEF,0x9AEF,0xA2EF,0xA2EF,0xA2EF,0xA2EF,0xA2EF,0xA2EF,
0xA2EF,0xA2EF,0xA2EF,0xA2EE,0xA2EE,0xA2EE,0xA2EE,0xA2EE,0xAB0E,0xAB0E,0xAB0E,0xAB0D,0xAB0D,0xAB0D,0xAAED,0xAAED,
0xAB0D,0xAB0D,0xAB0D,0xAB0D,0xAB0D,0xAB0D,0xAAED,0xAB0C,0xAAEC,0xAAEC,0xB2EC,0xB2EC,0xB2EC,0xB30C,0xB30C,0xB30C,
0xB30C,0xB30B,0xB30B,0xB30B,0xB30B,0xBB0B,0xBB0C,0xBB0B,0xBB0B,0xBB0B,0xBB0B,0xC30B,0xC30B,0xC30B,0xC30B,0xC30B,
0xC30B,0xC2EA,0xC2EA,0xC2EA,0xC2EA,0xCAEA,0xCB0B,0xCB0B,0xCB0A,0xCAEA,0xCAEA,0xCACA,0xCACA,0xCACA,0xCACA,0xCACA,
0xCAEA,0xCAEA,0xCAEA,0xCAE9,0xCAE9,0xCAE9,0xCAC9,0xD2C9,0xCAC9,0xD2C9,0xD2C9,0xD2C8,0xD2C9,0xD2C9,0xD2C9,0xD2C8,
0xDAC9,0xDAC8,0xDAC8,0xDAC8,0xDAC8,0xDAE8,0xDAE8,0xDAE8,0xDAE8,0xDAE8,0xDAE8,0xDAE8,0xDAE9,0xDAE9,0xDAE9,0xDAE9,
0xE2E8,0xE2E8,0xE2E8,0xE2E9,0xE2E9,0xE2E9,0xE309,0xE309,0xDAE8,0xEB2A,0xE2E9,0xDAC8,0xE329,0xE329,0xE308,0xE349,
0xDB29,0xE38A,0xE3AB,0xDB6A,0xD34A,0xCB29,0xB2A8,0x9A06,0x81A5,0x81C5,0x79A5,0x6965,0x6124,0x5904,0x5904,0x5104,
0x1862,0x3105,0x4186,0x4186,0x4165,0x4144,0x4965,0x59C6,0x6A28,0x6A29,0x61C9,0x5968,0x59AA,0x61EC,0x69ED,0x6A0E,
0x6A0E,0x6A0E,0x620E,0x620E,0x620E,0x620E,0x5A0E,0x5A0E,0x5A0E,0x5A0E,0x5A0E,0x5A0E,0x5A0E,0x5A0E,0x5A0E,0x620E,
0x620E,0x620F,0x620F,0x620F,0x620F,0x620F,0x620F,0x620F,0x620F,0x620F,0x620F,0x622F,0x622F,0x622F,0x622F,0x622F,
0x622F,0x622F,0x622F,0x6A2F,0x6A2F,0x6A2F,0x6A2F,0x6A2F,0x6A2F,0x6A2F,0x6A2F,0x6A2F,0x6A2F,0x6A2F,0x6A2F,0x6A2F,
0x6A2F,0x6A2F,0x6A2F,0x6A2F,0x6A2F,0x6A4F,0x6A4F,0x6A4F,0x6A50,0x6A50,0x6A50,0x6A50,0x6A50,0x6A50,0x6A50,0x6A50,
0x6A4F,0x7250,0x7250,0x7250,0x7250,0x7250,0x7250,0x7250,0x7250,0x7250,0x7250,0x7250,0x7250,0x7250,0x7250,0x7250,
0x7250,0x7250,0x7250,0x7250,0x7250,0x7250,0x7250,0x7250,0x7250,0x7250,0x7250,0x7250,0x7250,0x7250,0x7250,0x7250,
0x6A70,0x6A70,0x6A70,0x6A70,0x6A70,0x6A70,0x6A70,0x6A70,0x6A50,0x6A50,0x6A50,0x6A50,0x6A50,0x6A50,0x6A50,0x6A70,
0x6A70,0x6A70,0x6A70,0x6A70,0x6A70,0x6A90,0x6A90,0x6A91,0x7291,0x7291,0x72B1,0x72B1,0x72B1,0x72B2,0x72B2,0x72B2,
0x72D3,0x72D3,0x7AD3,0x82F3,0x8B34,0x9375,0x9354,0x9313,0x92D1,0x92D1,0x92D1,0x92D1,0x9AD1,0x9AD1,0x9AD1,0x9AD0,
0x9AF0,0x9AF0,0x9AF0,0x9AF0,0x9AF0,0x9AF0,0x9AF0,0x9AF0,0x9AF0,0x9AD0,0x9AD0,0x9AF0,0x9AF0,0x9AF0,0x9AF0,0x9AF0,
0x9AF0,0x9AF0,0x9AF0,0x9AF0,0x9AEF,0xA2EF,0xA2EF,0xA2EF,0xA2EF,0xA2EF,0xA2EF,0xA2EF,0xA2EF,0xA2EF,0xA2EF,0xA2EF,
0xA30F,0xA2EE,0xA2EE,0xA2EE,0xA2EE,0xA2EE,0xA2EE,0xAB0E,0xAB0E,0xAB0E,0xAB0E,0xAB0D,0xAB0D,0xAAED,0xAAED,0xAAED,
0xAB0D,0xAB0D,0xAB0D,0xAB0D,0xAB0D,0xB30C,0xB30C,0xB30C,0xAAEC,0xB2EC,0xB2EC,0xB30C,0xB30C,0xB30C,0xB30C,0xB30C,
0xBB0C,0xBB0C,0xBB0C,0xBB0B,0xBB0B,0xBB0B,0xBB0C,0xBB0B,0xC32B,0xC30B,0xC30B,0xC30B,0xC30B,0xC30B,0xC30B,0xC30B,
0xC30A,0xCB0A,0xCB0A,0xCB0A,0xCB0A,0xCB0A,0xCB0A,0xD30A,0xCB0A,0xCAEA,0xCAEA,0xCAEA,0xCACA,0xCACA,0xCACA,0xCAC9,
0xCAE9,0xCAE9,0xCAE9,0xD2E9,0xD2E9,0xD2E9,0xD2E9,0xD2E9,0xD2C9,0xD2C8,0xD2C8,0xD2C8,0xD2C8,0xD2C8,0xD2C8,0xD2C8,
0xDAE8,0xDAE8,0xDAE8,0xDAE8,0xDAE8,0xDAE8,0xDB08,0xDB08,0xDB08,0xDB08,0xDB08,0xE308,0xE308,0xE308,0xE308,0xE2E8,
0xE2E9,0xE2E9,0xE2E9,0xE2E9,0xE309,0xE309,0xE309,0xE309,0xEB6A,0xDB08,0xDB28,0xE349,0xDB29,0xDB29,0xE349,0xDB49,
0xCB29,0xCB29,0xC2E8,0xB287,0xAA66,0xA246,0x9205,0x81A5,0x79A5,0x7185,0x6964,0x6144,0x5924,0x5104,0x5104,0x5104,
0x3126,0x3966,0x41A8,0x49C8,0x4166,0x3904,0x3904,0x4125,0x59C8,0x6209,0x61C9,0x61AA,0x69EC,0x6A2D,0x6A0E,0x69EE,
0x6A2E,0x6A2E,0x6A0E,0x620E,0x620E,0x620E,0x620E,0x620E,0x620E,0x622E,0x622E,0x620E,0x620E,0x622E,0x622E,0x620E,
0x620E,0x620E,0x620E,0x620E,0x620F,0x620F,0x620F,0x620F,0x620F,0x622F,0x622F,0x622F,0x622F,0x6A2F,0x6A2F,0x6A2F,
0x622F,0x6A2F,0x6A2F,0x6A2F,0x6A2F,0x6A2F,0x6A2F,0x6A2F,0x6A2F,0x6A2F,0x6A2F,0x6A2F,0x6A2F,0x6A2F,0x6A2F,0x6A2F,
0x6A2F,0x6A2F,0x6A2F,0x6A4F,0x6A4F,0x6A4F,0x6A4F,0x6A4F,0x6A4F,0x6A4F,0x6A4F,0x6A4F,0x6A4F,0x6A4F,0x6A4F,0x6A4F,
0x724F,0x724F,0x7250,0x7250,0x7250,0x7250,0x7250,0x7270,0x7270,0x7270,0x7270,0x7270,0x7270,0x7270,0x7270,0x7270,
0x7270,0x7250,0x7250,0x7250,0x7250,0x7250,0x7250,0x7250,0x7250,0x7250,0x7250,0x7250,0x7250,0x7250,0x7250,0x7270,
0x6A70,0x6A70,0x6A70,0x6A70,0x6A70,0x6A70,0x6A70,0x6A70,0x6A70,0x6A70,0x6A70,0x6A70,0x6A70,0x6A70,0x6A70,0x6A70,
0x6A70,0x6A70,0x6A70,0x6A70,0x6A90,0x6A90,0x7290,0x7291,0x72B1,0x72B1,0x72B1,0x72B2,0x72D2,0x72D2,0x7AD2,0x72D2,
0x7AD3,0x7AD3,0x7AF3,0x82F3,0x8B34,0x9B75,0x9B54,0x9312,0x92F1,0x92F1,0x92F1,0x92F1,0x9AF1,0x9AF1,0x9AF1,0x9AF0,
0x9AF0,0x9AF0,0x9AF0,0x9AF0,0x9AF0,0x9AF0,0x9AF0,0x9AF0,0x9AF0,0x9AF0,0x9AF0,0x9AF0,0xA2F0,0xA2F0,0xA2F0,0xA2F0,
0xA2F0,0xA2F0,0xA2F0,0xA2F0,0xA2F0,0xA2EF,0xA2EF,0xA2EF,0xA2EF,0xA2EF,0xA2EF,0xA30F,0xA30F,0xA30F,0xAAEF,0xAAEF,
0xAB0E,0xAB0E,0xAB0E,0xAB0E,0xAB0E,0xAB0E,0xAB0E,0xAB0E,0xAB0E,0xAB0D,0xAB0D,0xAB0D,0xAB0D,0xAB0D,0xAAED,0xAAED,
0xAB0D,0xB30D,0xB30D,0xB30D,0xB30D,0xB30C,0xB30C,0xB30C,0xB30C,0xB30C,0xB30C,0xB30C,0xB30C,0xBB0C,0xBB2C,0xBB2C,
0xBB2C,0xBB2C,0xBB2C,0xBB0B,0xBB0B,0xC32B,0xC32B,0xC32B,0xC32B,0xC30B,0xC30B,0xCB0B,0xCB0B,0xC30B,0xC30B,0xCB0B,
0xCB0A,0xCB0A,0xCB0A,0xCB0A,0xCB0A,0xCB0A,0xD30A,0xD30A,0xD30A,0xD30A,0xD2E9,0xD2E9,0xD2E9,0xD2E9,0xD2E9,0xD2E9,
0xD2E9,0xD2E9,0xD2E9,0xD2E9,0xD2E9,0xD2E9,0xD2E9,0xD2E9,0xD2E8,0xD2E8,0xD2E8,0xDAC8,0xDAE8,0xDAE8,0xDAE8,0xDAE8,
0xDAE8,0xDAE8,0xDB08,0xDB08,0xDB08,0xDB08,0xDB08,0xDB08,0xE308,0xE308,0xE308,0xE308,0xE308,0xE308,0xE308,0xE2E8,
0xE2E9,0xE2E9,0xE2E9,0xE2E9,0xE308,0xE308,0xE328,0xE328,0xDB28,0xDB07,0xE389,0xE389,0xCAE7,0xDB69,0xE3AA,0xB265,
0xB2C7,0xAA87,0x9A05,0x89A4,0x81A4,0x81C5,0x81A5,0x7164,0x7185,0x6144,0x5924,0x5124,0x5124,0x4904,0x48E3,0x48E4,
0x2906,0x2905,0x3987,0x49C8,0x3925,0x2882,0x30A3,0x4926,0x61E9,0x61EA,0x61CA,0x61AA,0x6A0C,0x722E,0x6A2E,0x722E,
0x722E,0x6A2E,0x6A0E,0x620D,0x61ED,0x620E,0x620E,0x622E,0x622E,0x622E,0x622E,0x622E,0x622E,0x622E,0x622E,0x622E,
0x620E,0x620E,0x620E,0x6A0E,0x6A0E,0x6A0E,0x6A0E,0x6A0E,0x6A2F,0x6A2F,0x6A2F,0x6A2F,0x6A2F,0x6A2F,0x6A2F,0x6A2F,
0x6A2F,0x6A2F,0x6A2F,0x6A2F,0x6A2F,0x6A2F,0x6A2F,0x6A2F,0x6A2F,0x6A2F,0x6A2F,0x6A2F,0x724F,0x722F,0x722F,0x724F,
0x724F,0x724F,0x724F,0x724F,0x724F,0x724F,0x724F,0x724F,0x724F,0x724F,0x724F,0x724F,0x724F,0x724F,0x724F,0x724F,
0x7270,0x7270,0x7270,0x7270,0x7270,0x7270,0x7270,0x7270,0x7270,0x7270,0x7270,0x7270,0x7270,0x7270,0x7270,0x7270,
0x7270,0x7270,0x7270,0x7270,0x7270,0x7270,0x7270,0x7270,0x7270,0x7270,0x7270,0x7270,0x7270,0x7270,0x7270,0x7270,
0x7270,0x7270,0x7270,0x7270,0x7270,0x7270,0x7270,0x7270,0x7270,0x7270,0x7270,0x7270,0x7270,0x7270,0x7270,0x7270,
0x7290,0x7290,0x7290,0x7290,0x7290,0x7290,0x7290,0x72B1,0x7AB1,0x7AD1,0x7AD1,0x7AD2,0x7AF2,0x7AF2,0x7AF2,0x7AF2,
0x7AF3,0x7AF3,0x82F3,0x8313,0x9334,0x9B74,0x9B33,0x92F2,0x92F2,0x9AF1,0x9AF1,0x9AF1,0x9AF1,0x9AF1,0x9AF1,0x9AF1,
0x9AF0,0x9AF0,0x9AF0,0x9AF0,0x9AF0,0x9AF0,0x9AF0,0x9AF0,0x9AF0,0xA2F0,0xA2F0,0xA2F0,0xA2F0,0xA310,0xA310,0xA310,
0xA310,0xA310,0xA310,0xA310,0xA310,0xA310,0xA310,0xA30F,0xA30F,0xA30F,0xA30F,0xA30F,0xA30F,0xAB0F,0xAB0F,0xAB0F,
0xAB0E,0xAB0E,0xAB0E,0xAB0E,0xAB0E,0xAB0E,0xAB0E,0xAB0E,0xAB0D,0xAB0D,0xAB0D,0xAB0D,0xAB0D,0xAB0D,0xAB0D,0xAB0D,
0xB30D,0xB30D,0xB30C,0xB30C,0xB30C,0xB30C,0xB30C,0xB30C,0xB30C,0xB30C,0xB30C,0xBB0C,0xBB0C,0xBB2C,0xBB2C,0xBB2C,
0xC32C,0xC32B,0xC32B,0xC32B,0xC32B,0xC32B,0xC32B,0xC32B,0xCB2B,0xCB2B,0xCB0B,0xCB0B,0xCB0B,0xCB0A,0xCB0A,0xCB0A,
0xCB0A,0xCB0A,0xCB0A,0xCB0A,0xD30A,0xD309,0xD30A,0xD30A,0xD30A,0xD309,0xD309,0xD309,0xD309,0xD309,0xD309,0xD309,
0xD2E9,0xD2E9,0xD2E9,0xD309,0xD309,0xDB09,0xDB09,0xDB09,0xDAE8,0xDAE8,0xDAE8,0xDAE8,0xDB08,0xDB08,0xDB08,0xDB08,
0xDB08,0xDB08,0xDB08,0xDB28,0xDB28,0xE328,0xE328,0xE327,0xE328,0xE328,0xE328,0xE327,0xE328,0xE308,0xE308,0xE308,
0xEB09,0xEAE9,0xEB09,0xEB08,0xE328,0xE328,0xE347,0xE348,0xE389,0xD327,0xDB89,0xE3EA,0xCB48,0xCB49,0xCB29,0xA225,
0x9A46,0x9205,0x81C4,0x79A4,0x79A5,0x81E5,0x79C5,0x6984,0x6965,0x5944,0x5124,0x5124,0x4904,0x4904,0x40E4,0x40E4,
0x1063,0x1883,0x3126,0x3126,0x2884,0x2883,0x38E5,0x40E6,0x59A9,0x59A9,0x5969,0x598A,0x69EC,0x6A0D,0x6A0D,0x724E,
0x720E,0x720E,0x6A0E,0x6A0D,0x6A0D,0x6A0E,0x620E,0x622E,0x622E,0x622E,0x622E,0x622E,0x622E,0x622E,0x622E,0x6A2E,
0x6A2E,0x6A2E,0x6A2E,0x6A2F,0x6A2F,0x6A2F,0x6A2F,0x6A2F,0x6A2F,0x6A2F,0x6A2F,0x6A2F,0x6A2F,0x6A2F,0x6A2F,0x6A2F,
0x6A2F,0x6A2F,0x6A2F,0x6A4F,0x6A4F,0x6A2F,0x6A2F,0x6A2F,0x724F,0x722F,0x722F,0x722F,0x724F,0x724F,0x724F,0x724F,
0x724F,0x724F,0x724F,0x724F,0x724F,0x724F,0x724F,0x724F,0x724F,0x724F,0x724F,0x724F,0x724F,0x724F,0x724F,0x724F,
0x7270,0x7270,0x7270,0x7A70,0x7A70,0x7A70,0x7A70,0x7A70,0x7A70,0x7A70,0x7A70,0x7A70,0x7A70,0x7A70,0x7A70,0x7A70,
0x7A70,0x7A70,0x7A70,0x7A70,0x7A70,0x7A70,0x7A70,0x7A70,0x7A70,0x7A70,0x7A70,0x7A70,0x7A70,0x7A70,0x7A70,0x7A90,
0x7270,0x7270,0x7270,0x7290,0x7290,0x7290,0x7290,0x7290,0x7290,0x7290,0x7290,0x7290,0x7290,0x7290,0x7290,0x7290,
0x7290,0x7290,0x7290,0x7290,0x7290,0x72B0,0x7AB1,0x7AB1,0x7AD1,0x7AD1,0x7AF1,0x82F2,0x82F2,0x82F2,0x8312,0x8313,
0x8313,0x8313,0x8313,0x8B13,0x9333,0x9B53,0x9B33,0x92F2,0x9AF1,0x9AF1,0x9B11,0x9AF1,0x9B11,0xA2F1,0xA2F1,0xA311,
0xA2F0,0xA2F0,0xA2F0,0xA2F0,0xA2F0,0xA310,0xA2F0,0xA2F0,0xA2F0,0xA310,0xA2F0,0xA2F0,0xA310,0xA30F,0xA310,0xA310,
0xA310,0xA310,0xA310,0xA30F,0xA30F,0xAB0F,0xAB0F,0xAB0F,0xA30F,0xAB0F,0xAB0F,0xAB0F,0xAB0F,0xAB0F,0xAB0F,0xAB0F,
0xAB0E,0xAB0E,0xAB0E,0xAB0E,0xAB0E,0xAB0E,0xAB0E,0xAB0D,0xB32D,0xB32D,0xB32D,0xB32D,0xB32D,0xB32D,0xB32D,0xB32D,
0xB32D,0xB32C,0xB32C,0xB32C,0xB32C,0xB32C,0xB32C,0xBB2C,0xBB2C,0xBB0C,0xBB2C,0xBB0C,0xBB2C,0xBB2C,0xBB2C,0xC34C,
0xC32C,0xC32B,0xC32B,0xC32B,0xC32B,0xCB2B,0xCB2B,0xCB2B,0xCB2B,0xCB2B,0xCB2B,0xCB2B,0xCB2B,0xCB2A,0xCB2A,0xCB2A,
0xD30A,0xD30A,0xD30A,0xD30A,0xD30A,0xD32A,0xD32A,0xDB2A,0xD32A,0xDB09,0xD309,0xDB09,0xDB09,0xDB09,0xDB09,0xDB09,
0xDB09,0xDB08,0xDB08,0xDB08,0xDB09,0xDB28,0xDB28,0xE329,0xDB08,0xDB28,0xE308,0xE308,0xE328,0xE328,0xE328,0xE328,
0xDB28,0xDB28,0xDB48,0xE348,0xE348,0xE348,0xE348,0xE347,0xE348,0xE348,0xE347,0xE347,0xE327,0xE327,0xE328,0xE328,
0xEB08,0xEB08,0xEB28,0xEB28,0xEB48,0xE347,0xE367,0xDB67,0xE3C9,0xCB27,0xBAE6,0xC348,0xC329,0xAA66,0x91E5,0x9A46,
0x79A4,0x7184,0x7164,0x6964,0x6964,0x6964,0x6144,0x5923,0x5944,0x5944,0x5124,0x4904,0x4104,0x4104,0x40E4,0x38C3,
0x1063,0x20C4,0x20C5,0x1843,0x2043,0x4968,0x4948,0x2002,0x4907,0x5128,0x5149,0x69CB,0x7A4E,0x722D,0x69ED,0x6A0D,
0x720D,0x720E,0x720E,0x6A0E,0x6A0E,0x6A0E,0x6A0E,0x6A0E,0x6A2E,0x6A2E,0x6A2E,0x6A2E,0x6A2E,0x6A2E,0x6A2E,0x6A2F,
0x6A2F,0x6A2F,0x6A2F,0x6A2F,0x6A2F,0x6A2F,0x6A2F,0x6A2F,0x6A2F,0x6A2F,0x6A2F,0x6A2F,0x6A2F,0x6A2F,0x6A2F,0x6A2F,
0x724F,0x724F,0x724F,0x724F,0x724F,0x724F,0x724F,0x724F,0x722F,0x722F,0x724F,0x724F,0x724F,0x722F,0x724F,0x724F,
0x724F,0x724F,0x724F,0x724F,0x724F,0x724F,0x724F,0x724F,0x7A6F,0x7A6F,0x7A6F,0x7A6F,0x7A6F,0x7A6F,0x7A6F,0x7A6F,
0x7A70,0x7A70,0x7A70,0x7A70,0x7A70,0x7A70,0x7A70,0x7A70,0x7A70,0x7A70,0x7A70,0x7A70,0x7A70,0x7A70,0x7A70,0x7A70,
0x7A90,0x7A90,0x7A90,0x7A90,0x7A90,0x7A90,0x7A90,0x7A90,0x7A90,0x7A90,0x7A90,0x7A90,0x7A90,0x7A90,0x7A90,0x7A90,
0x7270,0x7A90,0x7A90,0x7A90,0x7A90,0x7A90,0x7A90,0x7A90,0x7A90,0x7A90,0x7A90,0x7A90,0x7A90,0x7A90,0x7A90,0x7A90,
0x7A90,0x7A90,0x7A90,0x7A90,0x7AB0,0x7AB0,0x7AD1,0x7AD1,0x7AD1,0x82D1,0x82F1,0x82F2,0x8312,0x8B12,0x8B12,0x8312,
0x8313,0x8333,0x8B33,0x8B33,0x9333,0x9B53,0x9B32,0x9B11,0x9B11,0x9B11,0x9B11,0xA311,0xA311,0xA2F1,0xA2F1,0xA310,
0xA310,0xA310,0xA310,0xA310,0xA310,0xA310,0xA310,0xA310,0xA310,0xA2EF,0xA2EF,0xA30F,0xA30F,0xA30F,0xA30F,0xA30F,
0xAB0F,0xAB0F,0xAB0F,0xAB0F,0xAB0F,0xAB0F,0xAB0F,0xAB0F,0xAB0F,0xAB0F,0xAB0F,0xAB0F,0xAB0F,0xAB0F,0xAB0E,0xAB0E,
0xAB2E,0xAB0E,0xAB0E,0xAB0E,0xAB0E,0xAB0D,0xAB0D,0xB32D,0xB32D,0xB32D,0xB32D,0xB32D,0xB34D,0xB34D,0xB34D,0xB34D,
0xB32C,0xB32C,0xB32C,0xBB2C,0xBB2C,0xBB2C,0xBB2C,0xBB2C,0xBB2C,0xBB2C,0xBB2B,0xBB0B,0xBB2B,0xBB2B,0xC34C,0xC34C,
0xC34B,0xCB4B,0xC32B,0xCB2B,0xCB2B,0xCB2B,0xCB4B,0xCB2B,0xD34B,0xD34B,0xD32A,0xD32A,0xD32A,0xD32A,0xD32A,0xD32A,
0xD32A,0xD30A,0xD32A,0xD32A,0xD32A,0xDB2A,0xDB2A,0xDB2A,0xDB2A,0xDB29,0xDB09,0xDB09,0xDB09,0xDB29,0xDB29,0xDB29,
0xDB28,0xDB28,0xDB28,0xDB28,0xDB28,0xDB28,0xE328,0xE328,0xE328,0xE328,0xE328,0xE328,0xE328,0xE348,0xE348,0xE348,
0xE348,0xDB48,0xE368,0xE368,0xE368,0xE368,0xE368,0xE367,0xEB67,0xEB67,0xEB67,0xEB47,0xE347,0xE348,0xE347,0xE348,
0xEB28,0xEB28,0xEB48,0xEB47,0xE367,0xE367,0xE387,0xDB87,0xCB47,0xCB68,0xA244,0x8982,0x9A25,0x89C4,0x7102,0x81C5,
0x7184,0x7185,0x6964,0x6123,0x5903,0x5903,0x5103,0x50E3,0x48E3,0x4904,0x4904,0x40C3,0x38C3,0x40E4,0x38E4,0x30A3,
0x3988,0x20C5,0x3988,0x2064,0x30A5,0x5189,0x5168,0x40C6,0x5969,0x69EC,0x7A4E,0x7A2D,0x71ED,0x720D,0x720D,0x720D,
0x720E,0x722E,0x722E,0x722E,0x720E,0x6A2E,0x6A2E,0x6A2E,0x6A2E,0x6A2E,0x6A2E,0x6A2E,0x6A2E,0x6A2E,0x6A2E,0x6A2F,
0x6A2F,0x722F,0x722F,0x722F,0x724F,0x724F,0x724F,0x724F,0x722F,0x722F,0x722F,0x724F,0x724F,0x724F,0x724F,0x724F,
0x724F,0x724F,0x724F,0x724F,0x724F,0x724F,0x724F,0x724F,0x724F,0x7A4F,0x7A4F,0x7A4F,0x7A4F,0x7A4F,0x7A4F,0x7A6F,
0x7A6F,0x7A6F,0x7A6F,0x7A6F,0x7A6F,0x7A6F,0x7A6F,0x7A6F,0x7A6F,0x7A6F,0x7A6F,0x7A6F,0x7A6F,0x7A6F,0x7A6F,0x7A6F,
0x7A6F,0x7A6F,0x7A70,0x7A70,0x7A70,0x7A70,0x7A90,0x7A90,0x7A70,0x7A70,0x7A70,0x7A90,0x7A90,0x7A90,0x7A90,0x7A90,
0x8290,0x8290,0x8290,0x8290,0x8290,0x8290,0x8290,0x8290,0x7A70,0x7A70,0x7A70,0x7A70,0x7A70,0x7A70,0x7A70,0x7A90,
0x7A90,0x7A90,0x7A90,0x7A90,0x7A90,0x7A90,0x7A90,0x7A90,0x7A90,0x7A90,0x7A90,0x7A90,0x7A90,0x7A90,0x7A90,0x7A90,
0x7A90,0x7A90,0x7AB0,0x7AB0,0x7AB0,0x7AB0,0x7AB0,0x7AB0,0x82F1,0x82D1,0x82D1,0x82D1,0x82F1,0x82F2,0x8B12,0x8B12,
0x8B12,0x8B13,0x8B12,0x8B32,0x9332,0x9B32,0x9B32,0x9B11,0x9B11,0x9B11,0xA310,0xA310,0xA310,0xA310,0xA310,0xA310,
0xA310,0xA310,0xA310,0xA310,0xA310,0xA310,0xA310,0xA310,0xA30F,0xA30F,0xAB10,0xAB0F,0xAB0F,0xAB0F,0xAB30,0xAB2F,
0xAB2F,0xAB2F,0xAB0F,0xAB0F,0xAB0F,0xAB0F,0xAB0F,0xAB0F,0xAB0F,0xAB0F,0xAB0E,0xAB0E,0xAB0E,0xAB0E,0xAB0E,0xAB2E,
0xAB2E,0xB32E,0xB32E,0xB32E,0xB32D,0xB32D,0xB32D,0xB32D,0xB32D,0xB34D,0xB32D,0xB32D,0xB34D,0xB34D,0xB34C,0xBB4C,
0xBB2C,0xBB2C,0xBB4C,0xBB2C,0xBB2C,0xBB2C,0xBB2C,0xBB4C,0xBB2B,0xBB2B,0xBB2B,0xBB2B,0xC32B,0xC32B,0xC32B,0xC34B,
0xCB4B,0xCB4B,0xCB4B,0xCB4B,0xCB4B,0xCB4B,0xCB4B,0xD34B,0xD34A,0xD34A,0xD34A,0xD34A,0xD32A,0xD32A,0xD32A,0xD32A,
0xDB2A,0xDB2A,0xDB2A,0xDB2A,0xDB2A,0xDB2A,0xDB2A,0xDB2A,0xDB29,0xDB29,0xDB29,0xDB29,0xDB29,0xDB29,0xDB29,0xDB49,
0xDB48,0xDB48,0xE348,0xE348,0xE348,0xE348,0xE348,0xE348,0xE348,0xE348,0xE348,0xE348,0xE368,0xE368,0xE368,0xE368,
0xE368,0xE388,0xE368,0xE368,0xE367,0xEB68,0xEB67,0xEB67,0xEB67,0xEB67,0xEB88,0xEB88,0xE347,0xE347,0xE347,0xEB68,
0xEB68,0xEB47,0xE347,0xE367,0xE367,0xDB87,0xDBA7,0xE3E9,0xC326,0xA243,0x91E3,0x9205,0x81C5,0x7164,0x7144,0x7165,
0x6965,0x6144,0x6124,0x5924,0x5903,0x5103,0x5103,0x4904,0x4904,0x4904,0x40E4,0x40E4,0x38C4,0x38C4,0x38C3,0x30A3,
0x3126,0x1043,0x3947,0x3927,0x5189,0x728D,0x726D,0x5989,0x69EC,0x7A4D,0x826E,0x7A2D,0x7A2D,0x7A2E,0x7A2E,0x720D,
0x720D,0x720E,0x7A2E,0x722E,0x722E,0x720E,0x722E,0x722E,0x6A2E,0x6A2E,0x6A2E,0x6A2E,0x6A2E,0x722E,0x722E,0x722E,
0x722E,0x722E,0x722E,0x722E,0x722F,0x722F,0x722F,0x722F,0x722E,0x722F,0x722F,0x722F,0x724F,0x724F,0x724F,0x724F,
0x724F,0x724F,0x724F,0x724F,0x724F,0x7A4F,0x7A4F,0x7A4F,0x7A4F,0x7A4F,0x7A4F,0x7A4F,0x7A4F,0x7A4F,0x7A4F,0x7A4F,
0x7A4F,0x7A4F,0x7A4F,0x7A4F,0x7A6F,0x7A6F,0x7A6F,0x7A6F,0x7A6F,0x7A6F,0x7A6F,0x7A6F,0x7A6F,0x7A70,0x7A70,0x7A70,
0x7A70,0x7A70,0x7A70,0x7A70,0x7A70,0x7A70,0x7A70,0x8290,0x8290,0x8290,0x8290,0x8290,0x8290,0x8290,0x8290,0x8290,
0x8290,0x8290,0x8290,0x8290,0x8290,0x8290,0x8290,0x8290,0x8290,0x8290,0x8290,0x8290,0x8290,0x8290,0x8290,0x8290,
0x82B0,0x82B0,0x82B0,0x82B0,0x82B0,0x82B0,0x82B0,0x82B0,0x8290,0x8290,0x8290,0x8290,0x8290,0x8290,0x8290,0x7AB0,
0x7AB0,0x7AB0,0x82B0,0x82B0,0x82B0,0x82B0,0x82B0,0x82B0,0x82D1,0x82D1,0x82D1,0x82D1,0x8AF1,0x8AF1,0x8B12,0x8B12,
0x8B33,0x8B12,0x8B32,0x9332,0x9B32,0x9B32,0x9B31,0x9B11,0x9B11,0xA310,0xA310,0xA310,0xA310,0xA310,0xA310,0xA310,
0xA310,0xA330,0xA330,0xA310,0xA310,0xA330,0xA330,0xAB0F,0xAB0F,0xAB2F,0xAB2F,0xAB0F,0xAB0F,0xAB2F,0xAB2F,0xAB2F,
0xAB2F,0xAB2F,0xAB2F,0xAB2F,0xAB2F,0xAB2F,0xAB2F,0xAB0E,0xAB2E,0xAB2F,0xAB2E,0xAB2E,0xAB2E,0xB32E,0xB32E,0xB32E,
0xB32E,0xB34D,0xB34D,0xB34D,0xB34D,0xB32D,0xB34D,0xB34D,0xB34D,0xB34D,0xBB4D,0xBB4D,0xBB4D,0xBB4C,0xBB4C,0xBB4C,
0xBB4C,0xBB4C,0xBB4B,0xBB4C,0xBB4C,0xC34C,0xC34B,0xC34C,0xC34B,0xC32B,0xC32B,0xC34B,0xC34B,0xC34B,0xC34B,0xC34B,
0xCB4B,0xCB4A,0xCB4A,0xCB4A,0xCB4A,0xD34A,0xD34A,0xD34A,0xD34A,0xD34A,0xD34A,0xD34A,0xD34A,0xD32A,0xD329,0xDB2A,
0xDB2A,0xDB2A,0xDB2A,0xDB2A,0xDB2A,0xDB4A,0xDB4A,0xDB49,0xDB49,0xDB49,0xDB49,0xDB49,0xE349,0xE349,0xE349,0xE349,
0xE368,0xE368,0xE368,0xE368,0xE368,0xE368,0xE368,0xE368,0xE368,0xE368,0xE367,0xE367,0xE387,0xE387,0xE387,0xE388,
0xE388,0xE3A8,0xE3A7,0xE3A8,0xE3A7,0xEBA7,0xEB87,0xEB87,0xEB87,0xEB67,0xEB67,0xEB87,0xEB88,0xE388,0xE368,0xDB47,
0xEBA8,0xEBA7,0xEBA8,0xEBE8,0xEBE8,0xDBC8,0xD3C8,0xD3C9,0xB306,0x9A64,0x8A04,0x81E5,0x79A5,0x7165,0x6965,0x6145,
0x6145,0x5944,0x5924,0x5104,0x5104,0x5104,0x4904,0x48E4,0x4904,0x48E4,0x40E4,0x38C4,0x38C4,0x38C4,0x38A4,0x30A3,
0x4168,0x2884,0x1823,0x1001,0x5169,0x728D,0x722C,0x7A6D,0x7A2D,0x7A2D,0x7A0D,0x71EC,0x7A0C,0x7A2D,0x7A2D,0x71ED,
0x7A0D,0x7A2E,0x7A2E,0x7A2E,0x722E,0x722E,0x722E,0x722E,0x722E,0x722E,0x722E,0x722E,0x722E,0x722E,0x722E,0x722E,
0x722E,0x722E,0x722E,0x722E,0x722E,0x722E,0x722E,0x722E,0x724E,0x724E,0x724E,0x724F,0x724F,0x7A4F,0x7A4F,0x7A4F,
0x7A4F,0x7A4F,0x7A4F,0x7A4F,0x7A4F,0x7A4F,0x7A4F,0x7A4F,0x7A4F,0x7A4F,0x7A4F,0x7A4F,0x7A4F,0x826F,0x826F,0x826F,
0x826F,0x826F,0x826F,0x826F,0x826F,0x826F,0x826F,0x826F,0x826F,0x826F,0x826F,0x826F,0x826F,0x826F,0x826F,0x8270,
0x8270,0x8270,0x8270,0x8270,0x8270,0x8290,0x8290,0x8290,0x8290,0x8290,0x8290,0x8290,0x8290,0x8290,0x8290,0x8290,
0x8290,0x8290,0x8290,0x8290,0x8290,0x8290,0x8290,0x8290,0x8290,0x8290,0x8290,0x8290,0x8290,0x8290,0x8290,0x82B0,
0x82B0,0x82B0,0x82B0,0x82B0,0x82B0,0x82B0,0x82B0,0x82B0,0x82B0,0x82B0,0x82B0,0x82B0,0x82B0,0x82B0,0x82B0,0x82B0,
0x82B0,0x82B0,0x82B0,0x82D0,0x82D0,0x82D0,0x82D0,0x82D0,0x8AD1,0x8AD1,0x8AD1,0x8AD1,0x8AF1,0x8AF1,0x8B11,0x8B12,
0x9332,0x9332,0x9332,0x9332,0x9B52,0x9B52,0xA331,0xA331,0xA310,0xA310,0xA310,0xA310,0xAB10,0xAB10,0xAB10,0xAB10,
0xA330,0xA330,0xA330,0xAB30,0xAB30,0xAB30,0xAB30,0xAB2F,0xAB0F,0xAB0F,0xAB2F,0xAB2F,0xAB2F,0xAB2F,0xAB2F,0xAB2F,
0xB34F,0xB34F,0xB32F,0xB32F,0xB32F,0xAB2F,0xB32E,0xB32E,0xB32E,0xB32E,0xB32E,0xB34E,0xB34E,0xB34E,0xB34E,0xB34E,
0xB34E,0xB34D,0xB34D,0xB34D,0xB34D,0xBB4D,0xBB4D,0xBB4D,0xBB6D,0xBB4D,0xBB6D,0xBB6D,0xBB6C,0xBB6D,0xBB6C,0xBB6C,
0xBB4C,0xC34C,0xC34C,0xC34C,0xC36B,0xC34B,0xC36C,0xC34C,0xC34B,0xC34B,0xC34B,0xC34B,0xC34B,0xC34B,0xC34B,0xCB4B,
0xCB4A,0xCB4A,0xD34A,0xD34A,0xD36A,0xD36A,0xD36A,0xD36A,0xD36A,0xDB4A,0xDB4A,0xDB4A,0xDB4A,0xDB4A,0xDB4A,0xDB4A,
0xDB4A,0xDB4A,0xDB4A,0xDB4A,0xE34A,0xDB4A,0xDB49,0xDB49,0xE349,0xE349,0xE369,0xE369,0xE369,0xE369,0xE369,0xE389,
0xE388,0xE388,0xE3A8,0xE388,0xE388,0xE388,0xE388,0xEBA8,0xE3A7,0xEBA7,0xEBA7,0xEBA7,0xEBA7,0xEBA7,0xEBA7,0xEBC8,
0xE3C8,0xE3C8,0xE3C8,0xE3C8,0xEBC7,0xEBC7,0xEBC7,0xEBA7,0xEBA7,0xEB87,0xEB87,0xE388,0xE3A8,0xE3A8,0xEBC9,0xE3C9,
0xDB67,0xDB87,0xE3C8,0xE3E8,0xE3E9,0xD3A8,0xC367,0xBB47,0xA285,0x9224,0x81E4,0x71A4,0x6964,0x6966,0x6166,0x5905,
0x5925,0x5924,0x5104,0x50E4,0x48E4,0x48E4,0x48E4,0x40E4,0x40E4,0x40E4,0x38C4,0x38C3,0x38C3,0x30C3,0x30A3,0x30A3,
0x2043,0x1802,0x4148,0x59CA,0x61CA,0x722C,0x7A4C,0x7A2C,0x824D,0x822D,0x7A0D,0x79ED,0x7A0D,0x824E,0x824E,0x7A2D,
0x7A0D,0x7A2E,0x7A2E,0x7A2E,0x7A2E,0x722E,0x722E,0x722E,0x722E,0x722E,0x722E,0x722E,0x722E,0x722E,0x722E,0x722E,
0x722E,0x722E,0x722E,0x722E,0x722E,0x724E,0x724E,0x724E,0x724E,0x724E,0x7A4F,0x7A4F,0x7A4F,0x7A4F,0x7A6F,0x7A6F,
0x7A6F,0x7A6F,0x7A6F,0x7A6F,0x7A6F,0x7A6F,0x7A6F,0x7A6F,0x7A6F,0x7A6F,0x7A6F,0x826F,0x826F,0x826F,0x826F,0x826F,
0x826F,0x826F,0x826F,0x826F,0x826F,0x826F,0x826F,0x826F,0x826F,0x826F,0x826F,0x8270,0x8270,0x8270,0x8270,0x8290,
0x8290,0x8290,0x8290,0x8290,0x8290,0x8290,0x8290,0x8290,0x8290,0x8290,0x8290,0x8290,0x8290,0x8AB0,0x8AB0,0x8AB0,
0x8AB0,0x8AB0,0x8AB0,0x8AB0,0x8AB0,0x8AB0,0x8AB0,0x8AB0,0x8AB0,0x8AB0,0x8AB0,0x8AB0,0x8AB0,0x8AB0,0x8AB0,0x82B0,
0x8AB0,0x8AB0,0x8AB0,0x8AB0,0x8AB0,0x8AB0,0x8AB0,0x8AB0,0x82B0,0x82B0,0x82B0,0x82B0,0x82B0,0x82B0,0x82B0,0x82B0,
0x82B0,0x8AD0,0x8AD0,0x8AD0,0x8AD0,0x8AD0,0x8AD0,0x8AD0,0x8AD0,0x8AD0,0x8AD1,0x8AF1,0x8AF1,0x92F1,0x9311,0x9312,
0x9332,0x9332,0x9332,0x9B52,0x9B52,0xA351,0xA331,0xA330,0xA310,0xA330,0xAB30,0xAB30,0xAB30,0xAB30,0xAB30,0xAB30,
0xAB30,0xAB30,0xAB30,0xAB30,0xAB30,0xAB2F,0xAB2F,0xAB2F,0xAB2F,0xAB2F,0xAB2F,0xAB2F,0xAB2F,0xAB2F,0xAB2F,0xAB2F,
0xB34F,0xB34F,0xB34E,0xB34E,0xB34E,0xB34E,0xB34E,0xB34E,0xB34E,0xB34E,0xB34E,0xB34E,0xB34E,0xB34E,0xB34E,0xB34E,
0xBB6E,0xBB6D,0xBB6D,0xBB6D,0xBB6D,0xBB6D,0xBB6D,0xBB6D,0xBB6D,0xBB6D,0xBB6D,0xBB6C,0xBB6C,0xBB6C,0xBB6C,0xC36C,
0xC36C,0xC36B,0xC36B,0xC36B,0xC36B,0xC36B,0xC36B,0xCB6B,0xCB6B,0xCB6B,0xCB6B,0xCB6B,0xCB6B,0xCB6B,0xCB6B,0xCB6A,
0xCB6A,0xD36A,0xD36A,0xD36A,0xD36A,0xD38A,0xDB8A,0xDB8A,0xDB8A,0xDB8A,0xDB6A,0xDB8A,0xDB8A,0xDB8A,0xE38A,0xE38A,
0xE36A,0xE36A,0xE36A,0xE36A,0xE36A,0xE349,0xE369,0xE369,0xE389,0xE389,0xE389,0xE389,0xE389,0xE389,0xE389,0xE3A9,
0xE3A8,0xE3C8,0xEBC8,0xEBC8,0xEBC8,0xEBC8,0xEBC8,0xEBC8,0xEBC8,0xEBC8,0xEBC7,0xEBC7,0xEBE7,0xEBE7,0xEBE7,0xEBE7,
0xE3E7,0xE3E7,0xEBE7,0xEBE8,0xEBE8,0xEBE8,0xEBC8,0xEBC8,0xEBA7,0xEBC8,0xEBC8,0xE3A8,0xE387,0xDBA8,0xE3E9,0xEC0A,
0xCB46,0xD367,0xD3A7,0xD387,0xC367,0xB306,0xAAA5,0x9A85,0x8A24,0x79C4,0x71A4,0x6964,0x6144,0x6145,0x5946,0x5104,
0x5104,0x5104,0x48E4,0x48E3,0x48E3,0x40E3,0x40E4,0x40E3,0x40E4,0x38C3,0x38C3,0x30A3,0x30C3,0x30A3,0x30A3,0x28A3,
0x30A5,0x2864,0x1802,0x3885,0x7A6C,0x8ACF,0x7A0C,0x8A6E,0x7A0C,0x820D,0x820D,0x7A0D,0x820D,0x822D,0x822D,0x7A2D,
0x7A0D,0x7A2E,0x822E,0x824E,0x7A2E,0x7A2E,0x722E,0x722E,0x722E,0x722E,0x722E,0x722E,0x722E,0x722E,0x722E,0x722E,
0x724E,0x724E,0x724E,0x7A4E,0x7A4E,0x7A4E,0x7A4E,0x7A4E,0x7A4E,0x7A4E,0x7A4E,0x7A6F,0x7A6F,0x7A6F,0x7A6F,0x7A6F,
0x7A6F,0x7A6F,0x7A6F,0x7A6F,0x7A6F,0x7A6F,0x7A6F,0x7A6F,0x826F,0x826F,0x826F,0x826F,0x826F,0x826F,0x826F,0x826F,
0x826F,0x826F,0x826F,0x826F,0x826F,0x8A8F,0x8A8F,0x8A8F,0x8A8F,0x8A8F,0x8A8F,0x8A90,0x8A90,0x8A90,0x8A90,0x8290,
0x8A90,0x8A90,0x8A90,0x8A90,0x8A90,0x8AB0,0x8AB0,0x8AB0,0x8A90,0x8AB0,0x8AB0,0x8AB0,0x8AB0,0x8AB0,0x8AB0,0x8AB0,
0x8AB0,0x8AB0,0x8AB0,0x8AB0,0x8AB0,0x8AB0,0x8AB0,0x8AB0,0x8AB0,0x8AB0,0x8AB0,0x8AB0,0x8AB0,0x8AB0,0x8AB0,0x8AB0,
0x8AB0,0x8AB0,0x8AB0,0x8AB0,0x8AB0,0x8AB0,0x8AB0,0x8AB0,0x8AB0,0x8AB0,0x8AB0,0x8AB0,0x8AB0,0x8AB0,0x8AB0,0x8AB0,
0x8AD0,0x8AD0,0x8AD0,0x8AD0,0x8AD0,0x8AD0,0x8AD0,0x8AD0,0x8AF0,0x8AF0,0x92F1,0x92F1,0x92F1,0x9311,0x9311,0x9311,
0x9332,0x9332,0x9B52,0x9B52,0x9B51,0xA351,0xA331,0xA330,0xA330,0xAB30,0xAB30,0xAB30,0xAB30,0xAB30,0xAB30,0xAB30,
0xAB30,0xAB30,0xAB30,0xAB30,0xAB30,0xAB2F,0xAB2F,0xAB2F,0xAB2F,0xAB2F,0xAB2F,0xAB2F,0xB32F,0xB34F,0xB34F,0xB34F,
0xB34F,0xB34E,0xB34E,0xB34E,0xB34E,0xB34E,0xB34E,0xB34E,0xB34E,0xB34E,0xBB4E,0xBB4E,0xBB4E,0xBB4E,0xBB4E,0xBB6E,
0xBB4D,0xBB6D,0xBB6D,0xBB6D,0xBB4D,0xBB6D,0xBB6D,0xBB6C,0xBB6C,0xBB6C,0xBB6C,0xBB6C,0xC36C,0xC36C,0xC36C,0xC36C,
0xC36B,0xC36B,0xC36B,0xC36B,0xC36B,0xC36B,0xCB6B,0xCB6B,0xCB6B,0xCB6B,0xCB6B,0xCB6B,0xCB6B,0xCB6B,0xCB6B,0xCB6A,
0xD36A,0xD36A,0xD36A,0xD38A,0xD38A,0xD38A,0xDB8A,0xDB8A,0xDB8A,0xDB8A,0xDB8A,0xDB8A,0xE38A,0xE38A,0xE38A,0xE38A,
0xE389,0xE389,0xE389,0xE389,0xE389,0xE389,0xE388,0xE388,0xE3A9,0xE3A9,0xE3A9,0xE3A9,0xEBC9,0xEBC9,0xEBC8,0xEBC8,
0xEBE8,0xEBE8,0xEBE8,0xEBE8,0xEBE8,0xEBE8,0xEBE8,0xEBE8,0xEC08,0xEC08,0xEC07,0xEC07,0xEC07,0xEC07,0xEC07,0xEC07,
0xEC07,0xEC07,0xEC07,0xEBE7,0xEBE7,0xEBE7,0xEBE7,0xEBE8,0xEBA7,0xEBC8,0xEBC8,0xEBE8,0xE3E9,0xDBA8,0xD387,0xCB47,
0xC306,0xC347,0xC347,0xB306,0xA2A5,0x9A44,0x8A24,0x8A25,0x8205,0x6983,0x6163,0x6184,0x5944,0x5124,0x5124,0x5124,
0x4904,0x48E3,0x40E3,0x40C3,0x40E3,0x40E3,0x38C3,0x38C3,0x38C3,0x38C3,0x30A3,0x30A3,0x30A3,0x28A3,0x28A3,0x28A3,
0x2823,0x2823,0x5148,0x7A8D,0x720B,0x720B,0x7A0C,0x71CB,0x820C,0x820C,0x822D,0x822D,0x820C,0x7A0D,0x7A0D,0x7A0D,
0x820D,0x822E,0x824E,0x824E,0x824E,0x7A2E,0x7A2E,0x7A4E,0x722E,0x722E,0x722E,0x722E,0x722E,0x722E,0x7A2E,0x7A4E,
0x7A4E,0x7A4E,0x7A4E,0x7A4E,0x7A4E,0x7A4E,0x7A4E,0x7A4E,0x7A6F,0x7A6F,0x7A6F,0x7A6F,0x7A6F,0x7A6F,0x7A6F,0x7A6F,
0x7A6F,0x7A6F,0x826F,0x826F,0x826F,0x826F,0x828F,0x826F,0x828F,0x828F,0x828F,0x828F,0x828F,0x828F,0x828F,0x8A8F,
0x8A8F,0x8A8F,0x8A8F,0x8A90,0x8A90,0x8A90,0x8A90,0x8A90,0x8A90,0x8A90,0x8A90,0x8A90,0x8A90,0x8A90,0x8A90,0x8A90,
0x8AB0,0x8AB0,0x8AB0,0x8AB0,0x8AB0,0x8AB0,0x8AB0,0x8AB0,0x8AB0,0x8AB0,0x8AB0,0x8AB0,0x8AB0,0x8AB0,0x8AB0,0x8AB0,
0x8AB0,0x8AB0,0x8AB0,0x8AB0,0x8AB0,0x8AB0,0x8AB0,0x8AB0,0x8AD0,0x8AD0,0x8AD0,0x8AD0,0x8AD0,0x8AD0,0x8AD0,0x8AD0,
0x8AD0,0x8AD0,0x8AD0,0x8AD0,0x8AD0,0x8AD0,0x8AD0,0x8AD0,0x8AD0,0x8AD0,0x8AD0,0x8AD0,0x8AD0,0x8AD0,0x8AD0,0x8AD0,
0x8AD0,0x8AD0,0x8AD0,0x8AD0,0x8AD0,0x8AF0,0x8AF0,0x8AF0,0x92F1,0x92F1,0x9311,0x9311,0x9312,0x9312,0x9312,0x9331,
0x9332,0x9B52,0x9B52,0x9B52,0xA351,0xA351,0xA331,0xA330,0xAB50,0xAB30,0xAB30,0xAB30,0xAB50,0xAB50,0xAB50,0xAB50,
0xAB30,0xAB50,0xAB30,0xAB30,0xAB2F,0xAB2F,0xAB4F,0xAB4F,0xB34F,0xB34F,0xB34F,0xB34F,0xB34F,0xB34F,0xB34F,0xB34F,
0xB34E,0xB34E,0xB34E,0xB34E,0xB36E,0xB36E,0xB36E,0xB36E,0xBB6E,0xBB6E,0xBB6E,0xBB6E,0xBB6E,0xBB6E,0xBB6E,0xBB6E,
0xBB6D,0xBB6D,0xBB6D,0xBB6D,0xBB6D,0xBB6D,0xBB6D,0xBB6C,0xBB6C,0xC38C,0xC38C,0xC38C,0xC38C,0xC38C,0xC38C,0xC38C,
0xC36B,0xC36B,0xCB6B,0xCB6B,0xCB6B,0xCB6B,0xCB6B,0xCB6B,0xCB8B,0xCB6B,0xCB6B,0xCB6B,0xCB6B,0xCB6B,0xCB6B,0xD38A,
0xD38A,0xD38A,0xD38A,0xD38A,0xD38A,0xDB8A,0xDB8A,0xDB8A,0xDB8A,0xDB8A,0xDB8A,0xE38A,0xE38A,0xE3AA,0xE38A,0xE3A9,
0xE3A9,0xE3A9,0xE3A9,0xE3A9,0xE3A9,0xE3A9,0xE3A8,0xE3A8,0xEBC9,0xEBE8,0xEBE8,0xEBE8,0xEBE8,0xEBE8,0xEBE8,0xEC08,
0xEC08,0xEC08,0xEC08,0xEC08,0xEC08,0xEC28,0xEC28,0xEC28,0xEC28,0xEC28,0xEC28,0xEC28,0xEC28,0xEC27,0xEC27,0xEC27,
0xEC27,0xEC27,0xEC07,0xEC07,0xEC07,0xF408,0xF3E7,0xF3E8,0xF408,0xEBC8,0xE3E8,0xEC29,0xEC4A,0xDBC9,0xBAE5,0xA223,
0xA264,0xA285,0xA285,0x9A45,0x8A04,0x89E4,0x8A05,0x8A26,0x79E5,0x6163,0x6143,0x6184,0x5944,0x4903,0x4903,0x4903,
0x48E3,0x40E3,0x40E3,0x40E3,0x40E3,0x38E3,0x38C3,0x38C3,0x30C3,0x30C3,0x28A3,0x28A3,0x28C3,0x28A3,0x20A3,0x20A2,
0x5147,0x61C9,0x6A0A,0x8AEE,0x8AAE,0x826D,0x71CA,0x71AA,0x822C,0x8A2D,0x8A4D,0x8A4D,0x8A4D,0x8A2D,0x8A2D,0x824D,
0x822D,0x822E,0x824E,0x824E,0x824E,0x7A4E,0x7A4E,0x7A2E,0x7A4E,0x7A4E,0x7A4E,0x7A4E,0x7A4E,0x7A4E,0x7A4E,0x7A4E,
0x7A4F,0x7A6E,0x7A6E,0x7A6E,0x7A6E,0x7A6E,0x7A6E,0x7A6E,0x7A6E,0x7A6F,0x7A6F,0x7A6F,0x7A6F,0x828F,0x828F,0x828F,
0x828F,0x828F,0x828F,0x828F,0x828F,0x828F,0x828F,0x828F,0x828F,0x828F,0x828F,0x828F,0x8A8F,0x8A8F,0x8A8F,0x8A8F,
0x8A8F,0x8A8F,0x8A8F,0x8A8F,0x8A8F,0x8A8F,0x8A90,0x8A90,0x8A90,0x8AB0,0x8AB0,0x8AB0,0x8AB0,0x8AB0,0x8AB0,0x8AB0,
0x8AB0,0x8AB0,0x8AB0,0x8AB0,0x8AB0,0x8AB0,0x8AB0,0x8AB0,0x8AB0,0x8AB0,0x8AD0,0x8AD0,0x8AD0,0x8AD0,0x8AD0,0x8AD0,
0x8AD0,0x8AD0,0x8AD0,0x8AD0,0x8AD0,0x8AD0,0x8AD0,0x8AD0,0x8AD0,0x8AD0,0x8AD0,0x8AD0,0x8AD0,0x8AD0,0x8AD0,0x8AD0,
0x8AD0,0x8AD0,0x8AD0,0x8AD0,0x8AD0,0x8AD0,0x8AD0,0x8AD0,0x92D0,0x92D0,0x92D0,0x92D0,0x92D0,0x92D0,0x92D0,0x92D0,
0x92F0,0x92F0,0x92F0,0x92F0,0x92F0,0x92F0,0x92F0,0x92F1,0x92F1,0x9311,0x9311,0x9B32,0x9B32,0x9B32,0x9B32,0x9B32,
0x9B52,0x9B52,0xA372,0xA372,0xA351,0xA351,0xA350,0xAB50,0xAB50,0xAB50,0xAB50,0xAB50,0xB350,0xB350,0xB350,0xB350,
0xAB50,0xAB50,0xAB50,0xAB50,0xAB50,0xAB4F,0xB34F,0xB34F,0xB34F,0xB36F,0xB36F,0xB36F,0xB36F,0xB36F,0xB36F,0xB36F,
0xB36F,0xB36E,0xB36E,0xB36E,0xBB6E,0xBB6E,0xBB6E,0xBB6E,0xBB8E,0xBB8E,0xBB8E,0xBB8E,0xBB6E,0xBB8E,0xBB8E,0xBB8E,
0xBB6D,0xBB8D,0xBB8D,0xBB8D,0xBB8D,0xBB8D,0xC36D,0xC38D,0xC38D,0xC38C,0xC38C,0xC38C,0xC38C,0xC38C,0xC38C,0xC38C,
0xCB8B,0xCB8B,0xCB8B,0xCB8B,0xCB8B,0xCB8B,0xCB8B,0xCB8B,0xD38B,0xD38B,0xD38B,0xD38B,0xD38B,0xD38B,0xD38B,0xD38B,
0xDBAA,0xDBAA,0xDBAA,0xDBAA,0xDBAA,0xDBAA,0xDBAA,0xDBAA,0xE3AA,0xE3AA,0xE3AA,0xE3AA,0xE3AA,0xE3AA,0xEBCA,0xEBCA,
0xEBC9,0xEBC9,0xEBC9,0xEBC9,0xEBE9,0xEBE9,0xEBE9,0xEBE8,0xF409,0xF408,0xEC08,0xF428,0xF428,0xF428,0xF428,0xF428,
0xEC28,0xEC28,0xEC28,0xF448,0xF448,0xF448,0xF448,0xF448,0xF448,0xF448,0xF448,0xF448,0xF448,0xEC48,0xEC48,0xEC48,
0xEC47,0xEC27,0xEC27,0xF427,0xF407,0xF408,0xF408,0xF408,0xFC49,0xEC09,0xE3C8,0xDBA8,0xDBA8,0xCB46,0xAA83,0x91E1,
0x91E3,0x9204,0x8A04,0x81C4,0x81C4,0x81E5,0x81E5,0x79E5,0x71A5,0x6164,0x6164,0x5943,0x5123,0x4902,0x4922,0x40E2,
0x4103,0x4103,0x40E3,0x40E3,0x38E3,0x38E3,0x30C3,0x30C3,0x30C3,0x28C3,0x28A2,0x28C3,0x28C3,0x20C3,0x20C2,0x20C2,
0x61A9,0x5107,0x48E6,0x6189,0x50C6,0x6149,0x71AA,0x6949,0x79AA,0x71AA,0x79AA,0x79CB,0x79EC,0x79EC,0x79EC,0x79EC,
0x822D,0x822E,0x824E,0x824E,0x824E,0x7A4E,0x7A4E,0x7A4E,0x7A6E,0x7A6E,0x7A4E,0x7A6E,0x7A6F,0x7A6F,0x7A6F,0x7A6F,
0x7A6F,0x7A6F,0x7A6F,0x7A6E,0x7A6F,0x7A6F,0x826F,0x826F,0x826E,0x826E,0x826E,0x826E,0x826F,0x828F,0x828F,0x828F,
0x828F,0x828F,0x828F,0x828F,0x828F,0x828F,0x828F,0x8A8F,0x8A8F,0x8A8F,0x8A8F,0x8A8F,0x8A8F,0x8A8F,0x8A8F,0x8A8F,
0x8A8F,0x8A8F,0x8A8F,0x8A90,0x8A90,0x8A90,0x8A90,0x8A8F,0x8AAF,0x8AAF,0x8AB0,0x8AB0,0x8AB0,0x8AB0,0x8AB0,0x8AB0,
0x8AB0,0x8AB0,0x8AB0,0x8AB0,0x8AD0,0x8AB0,0x8AD0,0x8AD0,0x8AD0,0x8AD0,0x8AD0,0x8AD0,0x8AD0,0x8AD0,0x8AD0,0x92D0,
0x92F0,0x92F0,0x92F0,0x92F0,0x92F1,0x92F1,0x92F1,0x92F1,0x92F1,0x92F1,0x92F1,0x92D1,0x92F0,0x92F0,0x92F0,0x92F0,
0x92F0,0x92F0,0x92F0,0x92F0,0x92F0,0x92F0,0x92F0,0x92F0,0x92F0,0x92F0,0x92F0,0x92F0,0x92F0,0x92F0,0x92F0,0x92F0,
0x92F0,0x92F0,0x92F0,0x92F0,0x92F0,0x92F0,0x9310,0x9310,0x9311,0x9B11,0x9B11,0x9B31,0x9B31,0x9B32,0x9B32,0x9B51,
0x9B51,0xA372,0xA372,0xA371,0xA371,0xA351,0xAB50,0xAB50,0xAB50,0xAB50,0xAB50,0xB350,0xB350,0xB350,0xB350,0xB350,
0xB350,0xB350,0xB350,0xB350,0xB34F,0xB34F,0xB36F,0xB34F,0xB36F,0xB36F,0xB36F,0xB36F,0xBB6F,0xBB6F,0xBB6F,0xBB6F,
0xB36E,0xBB8E,0xBB8E,0xBB8E,0xBB8E,0xBB8E,0xBB8E,0xBB8E,0xBB8E,0xBB8E,0xBB8E,0xBB8E,0xC38E,0xC38E,0xC38E,0xC38D,
0xC38D,0xC38D,0xC38D,0xC38D,0xC38D,0xC38D,0xC38D,0xC38C,0xC3AD,0xC3AC,0xC3AC,0xC3AC,0xC3AC,0xC3AC,0xC3AC,0xCBAC,
0xCBAB,0xCB8B,0xCB8B,0xCB8B,0xCB8B,0xCB8B,0xD3AB,0xD3AB,0xD38B,0xD38B,0xD38B,0xD3AB,0xD3AB,0xD3AB,0xD3AB,0xDBAA,
0xDBCB,0xDBCA,0xDBCA,0xDBCA,0xDBCA,0xDBCA,0xE3CA,0xE3CA,0xE3CA,0xE3CA,0xE3CA,0xE3CA,0xEBEA,0xEBEA,0xEBEA,0xEBEA,
0xEBE9,0xEBE9,0xEC09,0xEC09,0xEC09,0xEC29,0xEC28,0xF428,0xF428,0xF448,0xF448,0xF448,0xF448,0xF468,0xF468,0xF468,
0xF468,0xF468,0xF468,0xF468,0xF468,0xF468,0xF468,0xF468,0xF468,0xF468,0xF468,0xF468,0xF468,0xF468,0xF468,0xF468,
0xEC47,0xEC47,0xF447,0xEC27,0xF427,0xF427,0xF428,0xF428,0xF469,0xEC08,0xD387,0xC305,0xAA84,0xA243,0x9A43,0x9A44,
0x9245,0x9225,0x8A05,0x81E4,0x81C5,0x79C5,0x71A5,0x6144,0x6144,0x6144,0x5944,0x5123,0x48E2,0x5123,0x4923,0x40C1,
0x4103,0x4104,0x40E3,0x38E3,0x38E3,0x38E3,0x30C3,0x30C3,0x30C3,0x28C3,0x28C3,0x20A2,0x20C3,0x20C3,0x20C3,0x20A2,
0x4084,0x3003,0x3823,0x5907,0x71AA,0x718A,0x718A,0x798A,0x81EB,0x79CB,0x79CA,0x79EB,0x820C,0x822D,0x822D,0x7A0D,
0x824D,0x824D,0x824D,0x824E,0x826E,0x826E,0x7A4E,0x722D,0x7A8E,0x726E,0x724E,0x726E,0x7A8F,0x728F,0x622D,0x59CC,
0x51CC,0x6A6E,0x7AD0,0x82B0,0x7A6F,0x826F,0x828F,0x8A6F,0x824E,0x824E,0x826E,0x8A8F,0x828E,0x828E,0x828E,0x82AE,
0x828E,0x828F,0x828F,0x828F,0x828F,0x8A8F,0x8A8F,0x8A8F,0x8A8F,0x8A6F,0x8A8F,0x8A8F,0x928F,0x928F,0x928F,0x928F,
0x8AB0,0x8AB0,0x8AB0,0x8AB0,0x8AB0,0x8AB0,0x8AB0,0x92B0,0x8AAF,0x92B0,0x92CF,0x92CF,0x92CF,0x92D0,0x92D0,0x92D0,
0x92CF,0x92CF,0x92CF,0x92D0,0x92D0,0x92D0,0x92D0,0x92D0,0x92D0,0x8AF0,0x8AF0,0x8AF0,0x8AF0,0x92F0,0x92F0,0x92F0,
0x92F0,0x92F0,0x92F0,0x92F0,0x92F1,0x92F1,0x92F1,0x92F1,0x92D1,0x92D1,0x92F0,0x92D0,0x92F0,0x92F0,0x9AD0,0x92F0,
0x92F0,0x92F0,0x92F0,0x92F0,0x92F0,0x92F0,0x92F0,0x92F0,0x9B10,0x9B10,0x9B10,0x9B10,0x9B10,0x9B10,0x9B10,0x9B10,
0x9B10,0x9B10,0x9B10,0x9B10,0x9B10,0x9B10,0x9B10,0x9B10,0x9B10,0x9B10,0x9B10,0x9B31,0x9B31,0xA351,0xA372,0xA371,
0xA371,0xAB71,0xAB71,0xAB71,0xAB70,0xAB70,0xAB70,0xAB50,0xB370,0xB370,0xB370,0xB370,0xB36F,0xB36F,0xB370,0xB370,
0xB370,0xB370,0xB370,0xB370,0xB36F,0xB36F,0xB36F,0xBB6F,0xBB6F,0xBB8F,0xBB8F,0xBB6F,0xBB6F,0xBB8F,0xBB8F,0xBB8E,
0xBB8E,0xBB8E,0xBB8E,0xBB8E,0xBB8E,0xBB8E,0xBB8E,0xBB8E,0xBB8D,0xBB8D,0xC3AD,0xC3AD,0xC3AD,0xC3AD,0xC3AD,0xC3AD,
0xC3AD,0xC3AD,0xC3AD,0xC3AD,0xC3AD,0xC3AD,0xC3AC,0xC3AC,0xCBAC,0xCBAC,0xCBCC,0xCBCC,0xCBCC,0xCBCC,0xCBCC,0xCBCB,
0xCBAB,0xCBAB,0xD3AB,0xD3AB,0xD3AB,0xD3AB,0xD3AA,0xD3AB,0xD3AA,0xD3AA,0xD3CA,0xD3CA,0xDBCA,0xDBCA,0xDBCA,0xDBCA,
0xDBEA,0xDBEA,0xDBEA,0xE3EA,0xE40A,0xE40A,0xE40A,0xE40A,0xE409,0xE40A,0xE409,0xEC09,0xEC0A,0xEC29,0xEC29,0xEC29,
0xEC49,0xEC49,0xEC49,0xEC49,0xEC69,0xEC69,0xEC69,0xEC68,0xEC88,0xEC88,0xEC88,0xF488,0xF488,0xF4A8,0xF4A8,0xF4A8,
0xF4A7,0xF4A7,0xF4A7,0xF4A7,0xF4A8,0xF4A8,0xF488,0xF488,0xF4A9,0xF488,0xF488,0xF488,0xEC88,0xEC67,0xEC67,0xF488,
0xEC26,0xF488,0xF488,0xF447,0xF468,0xF468,0xEC48,0xEC48,0xF48A,0xE449,0xD3C8,0xBB26,0xA284,0x8A02,0x89E2,0x8A03,
0x81E4,0x81E5,0x79C5,0x79C5,0x79A4,0x7184,0x6964,0x6143,0x6144,0x5944,0x5123,0x5123,0x4903,0x4903,0x40E3,0x40E3,
0x40E3,0x38E3,0x38E3,0x38E3,0x38E3,0x38E3,0x30E3,0x30C3,0x28C3,0x28C3,0x28C3,0x28C3,0x28A3,0x20A3,0x20A3,0x20A3,
0x720A,0x69C9,0x69AA,0x7A0B,0x8A4D,0x822C,0x8A0C,0x922D,0x8A2C,0x926D,0x928D,0x926D,0x8A2D,0x822C,0x824D,0x8A6E,
0x822D,0x824D,0x824D,0x826E,0x828E,0x828F,0x828E,0x7A8E,0x724D,0x7AAF,0x7AF0,0x728F,0x59EC,0x414A,0x3909,0x3109,
0x394A,0x49AB,0x5A0D,0x6A4E,0x7AB0,0x82B0,0x826F,0x7A2E,0x928F,0x8A8F,0x8A6E,0x826E,0x828E,0x828E,0x828E,0x828E,
0x82AE,0x828F,0x828F,0x828F,0x8A8F,0x8A8F,0x8A8F,0x8A8F,0x928F,0x928F,0x928F,0x928F,0x928F,0x92AF,0x92AF,0x92AF,
0x92AF,0x8AAF,0x8AAF,0x8AAF,0x92B0,0x92B0,0x92B0,0x92CF,0x92D0,0x92D0,0x92CF,0x92CF,0x92CF,0x92CF,0x92D0,0x92CF,
0x92CF,0x9ACF,0x92CF,0x92CF,0x92D0,0x92D0,0x92D0,0x92D0,0x92D0,0x92F0,0x92F0,0x92F0,0x92F0,0x92F0,0x92F0,0x92F0,
0x92F0,0x92F0,0x92F0,0x92F0,0x92F0,0x92F1,0x92F1,0x92F1,0x92F1,0x92F1,0x92F1,0x92F0,0x9AF0,0x9AF0,0x9AF0,0x9AF0,
0x9AF0,0x9B10,0x9B10,0x9B10,0x9B10,0x9B10,0x9B10,0x9B10,0x9B10,0x9B10,0x9B10,0x9B10,0x9B10,0x9B10,0x9B10,0x9B10,
0x9B10,0x9B10,0x9B10,0x9B10,0x9B30,0x9B30,0x9B30,0x9B30,0x9B30,0x9B30,0x9B30,0xA351,0xA351,0xA371,0xA371,0xA371,
0xAB71,0xAB71,0xAB71,0xAB71,0xAB70,0xAB70,0xAB70,0xB370,0xB370,0xB370,0xB370,0xB370,0xB36F,0xB36F,0xB36F,0xB36F,
0xBB70,0xBB70,0xBB70,0xBB8F,0xBB8F,0xBB8F,0xBB8F,0xBB8F,0xBB8F,0xBB8F,0xBB8F,0xBB8E,0xBB8E,0xBB8E,0xBB8E,0xBB8E,
0xBBAE,0xBBAE,0xBBAE,0xBBAE,0xBBAE,0xBBAE,0xC3AE,0xC3AD,0xC3AD,0xC3AD,0xC3AD,0xC3AD,0xC3AD,0xC3CD,0xC3CD,0xC3AD,
0xC3AD,0xC3AD,0xC3AD,0xC3CD,0xC3CD,0xC3CC,0xCBCC,0xCBCC,0xCBCC,0xCBCC,0xCBCC,0xCBCC,0xCBCB,0xCBCB,0xCBCB,0xCBCB,
0xD3CB,0xD3CB,0xD3CB,0xD3CB,0xD3CB,0xD3CB,0xD3CA,0xD3CA,0xD3CA,0xDBCA,0xDBCA,0xDBEA,0xDBEA,0xDBEA,0xDBEA,0xDBEA,
0xE40A,0xE40A,0xE409,0xE40A,0xE42A,0xE42A,0xE42A,0xE429,0xE429,0xEC29,0xEC29,0xEC49,0xEC49,0xEC49,0xEC49,0xEC49,
0xEC69,0xEC69,0xEC89,0xEC89,0xEC89,0xEC89,0xECA9,0xECA8,0xF4A8,0xF4A8,0xF4C8,0xF4C8,0xF4C8,0xF4C8,0xF4C8,0xF4E7,
0xF4C7,0xF4C7,0xF4C7,0xF4C7,0xF4C8,0xF4C8,0xF4C8,0xF4A8,0xF4C8,0xF4A8,0xF4A8,0xF4C8,0xF4C8,0xF4A7,0xF4A7,0xF4A7,
0xFCC8,0xFCC8,0xF487,0xEC47,0xF468,0xEC68,0xE427,0xDC07,0xDBE8,0xC366,0xAAE5,0x9A84,0x9223,0x81E3,0x81E3,0x81E4,
0x79C4,0x79C5,0x79A4,0x71A4,0x7184,0x6964,0x6164,0x6144,0x5923,0x5924,0x5123,0x4903,0x4903,0x40E3,0x40E3,0x40E3,
0x38E3,0x38E3,0x38E3,0x38E3,0x38C3,0x30C3,0x30C3,0x30C3,0x28C3,0x28C3,0x28C3,0x28A3,0x28A3,0x28A3,0x20A3,0x20A3,
0x824B,0x824B,0x824C,0x8A6D,0x8A4D,0x8A2D,0x922D,0x924D,0x8A0C,0x8A2C,0x8A2C,0x8A2C,0x8A4D,0x8A4D,0x8A4D,0x824E,
0x8A8F,0x8A6E,0x826E,0x824E,0x826E,0x7A6E,0x7A8E,0x7A8E,0x7AD0,0x6A6E,0x51CB,0x3909,0x28A7,0x20A7,0x3109,0x396A,
0x3129,0x312A,0x396B,0x51ED,0x6A6F,0x7AAF,0x828F,0x828F,0x826F,0x826E,0x826E,0x8A8E,0x8AAF,0x8AAE,0x8A8E,0x826D,
0x8A8E,0x8A8F,0x8A8F,0x8A8F,0x8AAF,0x8A8F,0x928F,0x928F,0x92AF,0x92AF,0x92AF,0x92AF,0x92CF,0x92D0,0x92D0,0x92D0,
0x92CF,0x92AF,0x92D0,0x92D0,0x92D0,0x92D0,0x92D0,0x92CF,0x92D0,0x92D0,0x92D0,0x92EF,0x92EF,0x92F0,0x92F0,0x9AF0,
0x92CF,0x9ACF,0x9ACF,0x9ACF,0x92D0,0x92D0,0x92F0,0x92F0,0x92F0,0x92F0,0x92F0,0x92F0,0x92F0,0x92F0,0x92F0,0x92F0,
0x92EF,0x92EF,0x92F0,0x92F0,0x92F0,0x92F0,0x92F0,0x9AF1,0x9B11,0x9B11,0x9B11,0x9B11,0x9B11,0x9B10,0x9B10,0x9B10,
0x9B10,0x9B10,0x9B10,0x9B10,0x9B10,0x9B10,0x9B10,0x9B10,0x9B10,0x9B10,0x9B10,0x9B10,0x9B10,0x9B10,0x9B10,0x9B10,
0x9B10,0x9B10,0x9B30,0x9B30,0x9B30,0x9B30,0x9B30,0x9B30,0xA351,0xA351,0xA351,0xA351,0xA371,0xA371,0xA371,0xAB71,
0xAB71,0xAB71,0xAB70,0xAB70,0xB371,0xB390,0xB390,0xB390,0xB370,0xB370,0xB390,0xB390,0xBB70,0xBB8F,0xBB8F,0xBB8F,
0xBB90,0xBB90,0xBB90,0xBB8F,0xBB8F,0xBB8F,0xBB8F,0xBB8F,0xBBAF,0xBBAF,0xC3AF,0xC3AF,0xC3AF,0xC3AF,0xC3AF,0xC3AF,
0xC3AE,0xC3AE,0xC3AE,0xC3AE,0xC3AE,0xC3AE,0xC3AE,0xC3CD,0xC3CE,0xC3CD,0xC3CD,0xC3CD,0xCBCD,0xCBCD,0xCBCD,0xCBCD,
0xCBCD,0xCBCD,0xCBCD,0xCBCD,0xCBCD,0xCBED,0xCBED,0xCBEC,0xCBEC,0xCBEC,0xCBEC,0xCBEC,0xD3EB,0xD3EC,0xD3EC,0xD3EB,
0xD3EB,0xD3EB,0xD3EB,0xD3EB,0xD3EB,0xDBEB,0xDBEB,0xDBEB,0xDBEA,0xDBEA,0xDBEA,0xDC0A,0xDC0A,0xDC0A,0xE40A,0xE42A,
0xE44A,0xE44A,0xE44A,0xE44A,0xE44A,0xEC4A,0xEC6A,0xEC69,0xEC6A,0xEC6A,0xEC69,0xEC69,0xEC89,0xF489,0xF489,0xF489,
0xF4A9,0xECA9,0xECA9,0xF4C9,0xF4C9,0xF4C9,0xF4C9,0xF4E9,0xF4E9,0xF4E8,0xF4E8,0xF4E8,0xF4E8,0xF508,0xF508,0xF508,
0xF4E8,0xF4E8,0xF508,0xF508,0xFD08,0xFD08,0xF4E8,0xF4E8,0xFD08,0xF4C8,0xF4C8,0xF4E8,0xFCE8,0xF4E7,0xF4C7,0xF4C7,
0xF487,0xF4A7,0xF487,0xF487,0xF4A9,0xF4A9,0xF4CA,0xFD2C,0xCBA8,0xB2E6,0x9A23,0x89C2,0x81C3,0x81C3,0x79A3,0x71A3,
0x79A4,0x7184,0x7184,0x6984,0x6964,0x6144,0x6143,0x5923,0x5123,0x5103,0x4903,0x48E3,0x40E3,0x40E3,0x40E3,0x40E3,
0x38C3,0x38C3,0x38C3,0x38C3,0x30C3,0x30A3,0x30A3,0x28A3,0x28C3,0x28C3,0x28A3,0x28A3,0x28A3,0x28A3,0x20A3,0x20A3,
0x71E9,0x7A2B,0x824C,0x8A4C,0x8A2C,0x8A0C,0x8A0C,0x8A0C,0x924D,0x8A2C,0x8A0B,0x8A4C,0x926D,0x928E,0x8A6E,0x824D,
0x824D,0x824E,0x826E,0x828F,0x82AF,0x82AF,0x7A8E,0x728E,0x51CC,0x414A,0x28E8,0x28C7,0x2929,0x316A,0x316A,0x2929,
0x296A,0x294A,0x314A,0x398B,0x49AC,0x59ED,0x726F,0x8311,0x828F,0x828F,0x828E,0x826E,0x828E,0x8AAE,0x8AAE,0x8A8E,
0x8A8F,0x8A8F,0x8A8F,0x8AAF,0x8AAF,0x92AF,0x92AF,0x92AF,0x92AF,0x92AF,0x92CF,0x92CF,0x8ACF,0x8AEF,0x8AEF,0x92F0,
0x92CF,0x92CF,0x92CF,0x92CF,0x92CF,0x92CF,0x92CF,0x92CF,0x9AF0,0x9AF0,0x9AF0,0x9AF0,0x9AF0,0x9AF0,0x9AF0,0x9AF0,
0x9AEF,0x9ACF,0x9AEF,0x9AF0,0x9AF0,0x92F0,0x9AF0,0x92F0,0x92F0,0x92F0,0x92F0,0x92F0,0x9B10,0x9B10,0x9B10,0x9B10,
0x9B10,0x9B10,0x9AF0,0x9B10,0x9B10,0x9B10,0x9B11,0x9B11,0x9B11,0x9B11,0x9B11,0x9B11,0x9B11,0x9B10,0xA310,0xA310,
0x9B10,0x9B10,0x9B10,0x9B10,0x9B10,0x9B10,0x9B10,0x9B10,0x9B10,0x9B10,0x9B10,0x9B10,0x9B10,0xA330,0xA330,0x9B30,
0x9B30,0x9B30,0x9B30,0xA330,0xA330,0xA351,0xA351,0xA351,0xA351,0xA351,0xA371,0xA371,0xAB71,0xAB71,0xA371,0xAB71,
0xAB71,0xAB70,0xB391,0xB390,0xB390,0xB390,0xB390,0xB390,0xB390,0xBB90,0xBB90,0xBB90,0xBB8F,0xBB90,0xBB90,0xBB8F,
0xBB8F,0xBB8F,0xBBAF,0xBBAF,0xBBAF,0xBBAF,0xBBAF,0xBBAF,0xC3CF,0xC3CF,0xC3AF,0xC3CF,0xC3CF,0xC3CF,0xC3CF,0xC3CF,
0xC3CE,0xC3CE,0xC3CE,0xC3CE,0xC3CE,0xC3CE,0xC3CE,0xC3CD,0xCBEE,0xCBEE,0xCBED,0xCBED,0xCBED,0xCBED,0xCBED,0xCBED,
0xCBED,0xCBED,0xCBED,0xCBED,0xCBED,0xCBED,0xCBED,0xD40D,0xD3EC,0xD3EC,0xD3EC,0xD3EC,0xD40C,0xD40B,0xD40B,0xD3EB,
0xD40B,0xDC0B,0xDBEB,0xDBEB,0xDBEB,0xDC0B,0xDC0B,0xDC0A,0xDC0A,0xDC0A,0xDC2A,0xE42A,0xE42A,0xE44A,0xE44A,0xE44A,
0xE46A,0xE46A,0xEC6A,0xEC8A,0xEC8A,0xEC8A,0xEC8A,0xECAA,0xF4AA,0xF4AA,0xF4A9,0xF4A9,0xF4C9,0xF4C9,0xF4C9,0xF4C9,
0xF4E9,0xF4E9,0xF4E9,0xF4E9,0xF509,0xF509,0xF509,0xF509,0xF509,0xF529,0xF529,0xF528,0xF528,0xF528,0xF528,0xF528,
0xF508,0xF508,0xF529,0xFD28,0xFD28,0xFD28,0xFD28,0xFD28,0xFD28,0xF508,0xF508,0xFD07,0xF507,0xF4E7,0xF4C7,0xF4C7,
0xF4C7,0xF4C8,0xF4E8,0xFCEA,0xFCEA,0xE469,0xD3E8,0xD409,0xBB47,0xA285,0x89E3,0x79A2,0x79A3,0x79A4,0x7183,0x7163,
0x7184,0x6964,0x6964,0x6943,0x6143,0x6143,0x5923,0x5903,0x5103,0x48E3,0x48E3,0x40E3,0x40E3,0x40E3,0x38E3,0x38E3,
0x38C3,0x38C3,0x30C3,0x30C3,0x30C3,0x30A3,0x28A3,0x28A3,0x28A3,0x28A3,0x28A3,0x28A3,0x28A3,0x20A3,0x2083,0x2083,
0x5927,0x6168,0x71A9,0x71CA,0x81EC,0x8A2D,0x924D,0x924D,0x8A2C,0x926D,0x928D,0x928D,0x8A4C,0x822C,0x8A4D,0x8A6E,
0x826E,0x828F,0x8AAF,0x82AF,0x7A8F,0x6A2D,0x51AB,0x496A,0x28A7,0x28E8,0x3129,0x316A,0x296A,0x294A,0x2149,0x2149,
0x296B,0x296B,0x296B,0x294A,0x312A,0x394A,0x51EC,0x6A8F,0x7AF0,0x82F0,0x8AF0,0x82AF,0x826E,0x8A8E,0x92AE,0x92AF,
0x92AF,0x92AF,0x92AF,0x92AF,0x92AF,0x92AF,0x92AF,0x92AF,0x92CF,0x92CF,0x92CF,0x8AEF,0x8AEF,0x8AEF,0x8AEF,0x92EF,
0x92EF,0x9ACF,0x9AEF,0x9AEF,0x9AEF,0x9AEF,0x9AEF,0x9AEF,0x9AEF,0x9AEF,0x9AEF,0x9AF0,0x9AF0,0x9AF0,0x9AF0,0x9AF0,
0x9AEF,0x9AEF,0x9AF0,0x9AF0,0x9AF0,0x9AF0,0x9B10,0x9B10,0x9B10,0x9B10,0x9B10,0x9B10,0x9B10,0x9B10,0x9B10,0x9B10,
0x9B0F,0x9B0F,0x9B10,0x9B10,0x9B10,0x9B10,0x9B10,0x9B10,0x9B11,0x9B11,0xA331,0xA331,0xA331,0xA330,0xA330,0xA330,
0xA331,0xA331,0xA331,0xA331,0xA331,0xA331,0xA331,0xA331,0xA330,0xA330,0xA330,0xA330,0xA330,0xA330,0xA330,0xA351,
0xA351,0xA350,0xA350,0xA351,0xA351,0xA351,0xA351,0xA371,0xA371,0xAB71,0xAB71,0xAB91,0xAB91,0xAB91,0xAB71,0xAB71,
0xB391,0xB390,0xB390,0xB390,0xB390,0xB390,0xBB90,0xBB90,0xBB90,0xBB90,0xBB90,0xBB90,0xBB90,0xBB8F,0xBB8F,0xBB8F,
0xBBAF,0xBBAF,0xBBAF,0xBBAF,0xBBAF,0xBBAF,0xBBAF,0xBBCF,0xC3CF,0xC3CF,0xC3CF,0xC3CF,0xC3CE,0xC3CE,0xC3CE,0xC3CE,
0xC3CE,0xC3CE,0xC3CE,0xC3CE,0xC3EE,0xC3EE,0xCBED,0xCBED,0xCBEE,0xCBED,0xCBED,0xCBED,0xCC0D,0xCC0D,0xCC0D,0xCC0D,
0xCC0D,0xCC0D,0xD40D,0xD40D,0xD40D,0xD40D,0xD40C,0xD40C,0xD40C,0xD40C,0xD40C,0xD40C,0xD40B,0xD40B,0xD40B,0xD40B,
0xDC0B,0xDC0B,0xDC0B,0xDC0B,0xDC0B,0xDC0A,0xDC2A,0xDC2A,0xE44A,0xE44A,0xE44A,0xE46A,0xE46A,0xEC6A,0xEC8A,0xEC8A,
0xECAA,0xECAA,0xECAA,0xECCA,0xECCA,0xECCA,0xF4CA,0xF4CA,0xF4EA,0xF4E9,0xF4E9,0xF4E9,0xF509,0xF509,0xF509,0xFD09,
0xFD29,0xFD29,0xFD29,0xF529,0xF529,0xFD29,0xFD29,0xFD49,0xFD49,0xFD49,0xF549,0xF549,0xF548,0xF548,0xF548,0xF548,
0xF529,0xF529,0xF549,0xF549,0xFD48,0xFD48,0xFD48,0xFD48,0xF527,0xFD47,0xFD47,0xFD27,0xF507,0xF507,0xFD07,0xFD28,
0xF508,0xF509,0xF4E9,0xF4EA,0xECAA,0xC386,0x9A42,0x89A1,0x9A65,0x89E4,0x7983,0x7163,0x7184,0x71A4,0x7184,0x7184,
0x6984,0x6964,0x6143,0x6143,0x5923,0x5923,0x5103,0x5103,0x48E3,0x48E3,0x40E3,0x40E3,0x38C3,0x38C3,0x38C3,0x38C3,
0x38C3,0x38C3,0x30C3,0x30C3,0x30C3,0x30A3,0x28A3,0x28A3,0x28A3,0x28A3,0x28A3,0x28A3,0x20A3,0x2083,0x2083,0x2082,
0x720A,0x71EA,0x69CA,0x69AA,0x698A,0x718B,0x71AB,0x71AB,0x79CB,0x79EB,0x822C,0x824C,0x826D,0x826D,0x8A8E,0x8A8E,
0x82AF,0x7A8E,0x6A0D,0x59AB,0x4949,0x3908,0x30C7,0x28A7,0x3108,0x2929,0x2929,0x2129,0x1908,0x1908,0x216A,0x298B,
0x296B,0x216B,0x296B,0x298B,0x296B,0x316A,0x316A,0x418B,0x5A2D,0x72AF,0x8310,0x8B10,0x8AD0,0x8AD0,0x92CF,0x92AF,
0x92AF,0x92AF,0x92AF,0x92AF,0x92AF,0x92AF,0x92CF,0x92CF,0x92CF,0x92CF,0x92EF,0x92EF,0x92EF,0x92EF,0x8B0F,0x92EF,
0x9AEF,0x9AEF,0x9AEF,0x9AEF,0x9AEF,0x9AEF,0x9AEF,0x9AEF,0x9AEF,0x9AF0,0x9AF0,0x9AF0,0x9AF0,0x9AF0,0x9AF0,0x9AF0,
0x9AF0,0x9AF0,0x9B10,0x9B10,0x9B10,0x9B10,0x9B10,0x9B10,0x9B10,0x9B10,0x9B10,0x9B10,0xA310,0xA330,0xA330,0xA330,
0xA32F,0xA32F,0xA32F,0xA330,0xA330,0xA330,0xA330,0xA330,0xA330,0xA331,0xA331,0xA331,0xA330,0xA351,0xA331,0xA331,
0xA351,0xAB51,0xAB51,0xAB51,0xAB51,0xAB51,0xAB51,0xAB51,0xA331,0xA331,0xAB51,0xAB51,0xAB51,0xAB51,0xAB51,0xA351,
0xAB51,0xA371,0xA371,0xAB71,0xAB71,0xAB71,0xAB71,0xAB71,0xAB71,0xAB91,0xAB91,0xAB91,0xAB91,0xAB91,0xAB91,0xAB91,
0xB3B1,0xB390,0xB390,0xB3B0,0xB3B0,0xBBB0,0xBBB0,0xBBB0,0xBBB0,0xBBB0,0xBBB0,0xBBB0,0xBBB0,0xBBB0,0xBBAF,0xBBAF,
0xBBCF,0xBBCF,0xBBCF,0xBBCF,0xC3CF,0xC3CF,0xC3CF,0xC3CF,0xC3EF,0xC3EF,0xC3EE,0xC3EE,0xC3EE,0xC3EE,0xC3EE,0xC3EE,
0xCBEE,0xCBEE,0xCBEE,0xCBEE,0xCC0E,0xCC0E,0xCBED,0xCBED,0xCC0E,0xCC0E,0xCC0D,0xCC0D,0xD42D,0xD42D,0xD42D,0xD42D,
0xD40D,0xD40D,0xD40D,0xD42D,0xD42D,0xD42C,0xD42C,0xD42C,0xD42C,0xD42C,0xDC2C,0xDC2C,0xDC2B,0xDC2B,0xDC4B,0xDC2B,
0xDC2B,0xDC2B,0xDC2B,0xDC2B,0xDC4A,0xDC4A,0xE44A,0xE46A,0xE48A,0xE48A,0xE48A,0xECAA,0xECAA,0xECCA,0xECCA,0xECCA,
0xECEA,0xECEA,0xECEA,0xED0A,0xF50A,0xF52A,0xF52A,0xF52A,0xF52A,0xF529,0xF529,0xFD29,0xFD49,0xFD49,0xFD49,0xFD49,
0xFD69,0xFD69,0xFD69,0xFD69,0xFD69,0xFD69,0xFD69,0xFD69,0xFD69,0xFD69,0xF589,0xF589,0xF568,0xF568,0xF568,0xF569,
0xF569,0xF569,0xF569,0xF569,0xFD68,0xF568,0xFD68,0xFD67,0xF547,0xFD67,0xFD68,0xFD47,0xFD28,0xFD48,0xFD49,0xFD29,
0xED09,0xF52A,0xE4C9,0xD408,0xB325,0x9222,0x81A1,0x81A2,0x81A3,0x7963,0x7143,0x7164,0x7164,0x6964,0x6964,0x6964,
0x6964,0x6164,0x5943,0x5923,0x5903,0x5103,0x50E3,0x48E3,0x48E3,0x40E3,0x40E3,0x38C3,0x38C3,0x38C3,0x38C3,0x30C3,
0x38C3,0x38C3,0x30C3,0x30C3,0x30C3,0x30A3,0x28A3,0x28A3,0x28A3,0x28A3,0x28A3,0x20A3,0x2083,0x2083,0x2082,0x2082,
0x4927,0x5127,0x5148,0x5969,0x61AB,0x71EC,0x826E,0x8AAF,0x7A2C,0x720C,0x720B,0x7A4C,0x828D,0x82AE,0x7A6D,0x722D,
0x518A,0x4949,0x38E8,0x30A7,0x28A7,0x28C8,0x3129,0x314A,0x2929,0x2909,0x2129,0x2149,0x216A,0x216A,0x214A,0x1929,
0x216B,0x298B,0x298B,0x298B,0x298B,0x31AB,0x318A,0x314A,0x314A,0x49CC,0x626E,0x728F,0x7AAF,0x8AF0,0x8AD0,0x8AAF,
0x92CF,0x92CF,0x92CF,0x92CF,0x92CF,0x92CF,0x9ACF,0x9ACF,0x9AEF,0x9AEF,0x9AEF,0x92EF,0x92EF,0x930F,0x930F,0x9B0F,
0x9B0F,0x9AEF,0x9AEF,0x9AEF,0xA2EF,0xA2EF,0xA2EF,0xA2EF,0xA30F,0xA310,0xA310,0xA310,0xA310,0xA310,0xA310,0xA310,
0xA310,0xA310,0xA310,0xA310,0xA310,0xA310,0xA310,0xA310,0xA310,0xA310,0xA330,0xA330,0xA330,0xA32F,0xA32F,0xA32F,
0xA330,0xA330,0xA330,0xA330,0xAB50,0xA350,0xA350,0xA350,0xA350,0xA350,0xA351,0xA351,0xA351,0xA351,0xA351,0xA351,
0xAB51,0xAB51,0xAB51,0xAB51,0xAB51,0xAB51,0xAB51,0xAB51,0xAB51,0xAB51,0xAB51,0xAB51,0xAB51,0xAB51,0xAB51,0xAB71,
0xAB71,0xAB71,0xAB71,0xAB71,0xAB71,0xAB91,0xAB91,0xAB91,0xAB91,0xAB91,0xAB91,0xAB91,0xABB1,0xB3B1,0xB3B1,0xB3B1,
0xBBB1,0xBBB1,0xBBB1,0xBBB1,0xBBB0,0xBBD0,0xBBB0,0xBBB0,0xBBB0,0xBBB0,0xC3D0,0xC3D0,0xC3CF,0xC3CF,0xC3D0,0xC3CF,
0xC3EF,0xC3EF,0xC3EF,0xC3EF,0xC3EF,0xC3EF,0xC40F,0xC40F,0xC40F,0xC40F,0xC40E,0xC40E,0xC40E,0xC40E,0xC40E,0xCC0E,
0xCC0E,0xCC0E,0xCC0E,0xCC0E,0xCC2E,0xCC2E,0xCC2D,0xCC2D,0xD42D,0xD42D,0xD42D,0xD42D,0xD44D,0xD44D,0xD44D,0xD44D,
0xD42D,0xD44D,0xD44D,0xD44D,0xD44D,0xDC4D,0xDC4C,0xDC4C,0xDC4C,0xDC4C,0xDC4C,0xDC4C,0xDC4B,0xDC4B,0xDC6B,0xDC6B,
0xDC6B,0xE46B,0xE46B,0xE46B,0xE46B,0xE48B,0xE48A,0xE48A,0xECAA,0xECAA,0xECCA,0xECCA,0xECEA,0xF4EA,0xF50A,0xF50A,
0xF52A,0xF52A,0xF52A,0xF54A,0xF54A,0xF56A,0xF56A,0xFD6A,0xF569,0xFD69,0xFD69,0xFD69,0xFD89,0xFD89,0xFD89,0xFD89,
0xFD89,0xFD89,0xFD89,0xFD89,0xFDA9,0xFDA9,0xFDA9,0xFDA9,0xFDA9,0xFDA9,0xF5A8,0xF5A8,0xF5A8,0xF5A8,0xF5A8,0xF5A9,
0xF5A9,0xF5A9,0xF5A9,0xF5A8,0xF5A8,0xF5A8,0xFD87,0xFD87,0xFD87,0xFD67,0xFD68,0xFD68,0xFD69,0xFD6A,0xF529,0xECE9,
0xE4A9,0xE4CA,0xCC08,0xA2C4,0x81C1,0x7120,0x7161,0x81E5,0x7164,0x7164,0x6964,0x7165,0x6965,0x6144,0x6144,0x6144,
0x6164,0x5944,0x5923,0x5103,0x5103,0x5103,0x48E3,0x40E3,0x40E3,0x40E3,0x38C3,0x38C3,0x38C3,0x30C3,0x30C3,0x30C3,
0x30C3,0x30C3,0x30C3,0x30C3,0x30C3,0x30A2,0x28A3,0x28A2,0x28A2,0x28A2,0x20A3,0x2082,0x2083,0x2082,0x2082,0x2082,
0x4106,0x4106,0x4107,0x4128,0x4108,0x40E8,0x4929,0x598B,0x7A8E,0x7AAE,0x7A8D,0x6A2C,0x59AA,0x4948,0x4108,0x3908,
0x30E8,0x3108,0x3108,0x3129,0x3149,0x3129,0x2929,0x2909,0x2929,0x2949,0x214A,0x214A,0x214A,0x216A,0x214A,0x214A,
0x214A,0x298B,0x298B,0x214A,0x214A,0x296A,0x31AB,0x31AB,0x318A,0x398B,0x418B,0x416A,0x51AC,0x726E,0x82F1,0x9311,
0x8AD0,0x8ACF,0x92CF,0x92CF,0x92CF,0x92CF,0x9ACF,0x9ACF,0x9AEF,0x9AEF,0x9AEF,0x9AEF,0x9AEF,0x9B0F,0x9B0F,0x9B0F,
0x9AEF,0xA30F,0xA30F,0xA30F,0xA30F,0xA30F,0xA30F,0xA30F,0xA30F,0xA310,0xA310,0xA310,0xA310,0xA310,0xA310,0xA310,
0xA310,0xA310,0xA310,0xA310,0xA310,0xA310,0xA310,0xA310,0xA310,0xA310,0xA310,0xA330,0xA330,0xA330,0xA32F,0xA32F,
0xAB50,0xAB30,0xAB50,0xAB50,0xAB50,0xAB50,0xAB50,0xAB50,0xAB50,0xAB50,0xAB50,0xAB70,0xAB70,0xAB70,0xAB70,0xAB71,
0xAB51,0xAB51,0xAB51,0xAB51,0xAB51,0xAB51,0xAB70,0xAB70,0xAB71,0xAB71,0xAB71,0xAB71,0xAB71,0xAB71,0xAB71,0xAB71,
0xAB71,0xAB70,0xAB90,0xAB90,0xAB91,0xAB91,0xB390,0xB390,0xB391,0xB391,0xB391,0xB391,0xB3B0,0xB3B1,0xB3D1,0xBBD1,
0xBBF1,0xBBF1,0xBBD0,0xBBD0,0xBBD0,0xBBD0,0xBBD0,0xBBD0,0xC3D0,0xC3D0,0xC3CF,0xC3CF,0xC3EF,0xC3EF,0xC3EF,0xC3EF,
0xC40F,0xC40F,0xC40F,0xC40F,0xC42F,0xC40F,0xC40F,0xC42F,0xC42E,0xC40E,0xC42E,0xCC2E,0xCC2E,0xCC2E,0xCC2E,0xCC2E,
0xCC2E,0xCC2E,0xCC2E,0xCC2E,0xCC2D,0xD44E,0xD44D,0xD44D,0xD44D,0xD44D,0xD44D,0xD44D,0xD44D,0xD44D,0xD44D,0xD44D,
0xD44D,0xD44D,0xD44D,0xD44C,0xDC6C,0xDC6C,0xDC6C,0xDC6C,0xDC6C,0xDC6C,0xDC6B,0xDC6B,0xDC8B,0xDC6B,0xE48B,0xE48B,
0xE48B,0xE48B,0xE48B,0xE4AB,0xE4AB,0xE4AA,0xE4CA,0xE4CA,0xECEA,0xECEA,0xED0A,0xED09,0xF52A,0xF52A,0xF52A,0xF54A,
0xF56A,0xF56A,0xF56A,0xF58A,0xF58A,0xF58A,0xFDAA,0xFDAA,0xF589,0xFDA9,0xFDA9,0xFDA9,0xFDA9,0xFDC9,0xFDC9,0xFDC9,
0xFDA9,0xFDA9,0xFDA9,0xFDC9,0xFDC9,0xFDC9,0xFDC9,0xFDC9,0xFDC9,0xFDC9,0xF5C9,0xF5C8,0xF5C8,0xF5A8,0xF5A8,0xF5A8,
0xF5C9,0xF5C9,0xF5C8,0xF5C8,0xF5C8,0xF5A7,0xF5A7,0xFDA7,0xFDA8,0xFD88,0xFD68,0xFD49,0xFD6A,0xFD4B,0xECC9,0xDC48,
0xBB65,0xAB25,0x8A42,0x7980,0x7981,0x79A3,0x7163,0x6943,0x6944,0x6944,0x6945,0x6985,0x6985,0x6964,0x6144,0x6164,
0x5944,0x5123,0x5103,0x5103,0x4903,0x48E3,0x48E3,0x40E3,0x40E3,0x40E3,0x38E3,0x38C3,0x30C3,0x30C3,0x30C3,0x30C3,
0x30C3,0x30C3,0x30C3,0x30C2,0x30A3,0x28A2,0x28A2,0x28A2,0x28A2,0x28A2,0x20A3,0x2082,0x2082,0x2082,0x2082,0x1882,
0x3927,0x3947,0x3928,0x3908,0x3908,0x4129,0x3929,0x38E8,0x3908,0x3908,0x3908,0x3908,0x3907,0x3108,0x30E8,0x3108,
0x2928,0x2929,0x2929,0x2929,0x2949,0x2949,0x2949,0x2949,0x2949,0x2149,0x214A,0x214A,0x214A,0x214A,0x214A,0x294A,
0x294A,0x294A,0x294A,0x296A,0x296A,0x298A,0x298B,0x298B,0x296A,0x31AB,0x41CC,0x41AC,0x416B,0x498B,0x59ED,0x6A4E,
0x8B10,0x8B10,0x8B10,0x8AEF,0x8ACF,0x92CF,0x9AEF,0xA310,0x9ACF,0xA2CF,0xA310,0xA2EF,0xA2EF,0xA2CF,0xA2EF,0xAB0F,
0xA30F,0xA30F,0xA30F,0xA30F,0xA32F,0xA330,0xA32F,0xA30F,0xA30F,0xA30F,0xA30F,0xA30F,0xA30F,0xA30F,0xA30F,0xA310,
0xA330,0xA330,0xA330,0xA330,0xA330,0xA330,0xA330,0xA330,0xAB30,0xAB30,0xAB50,0xAB50,0xA350,0xA350,0xA350,0xAB70,
0xAB50,0xA32F,0xA32F,0xAB50,0xAB70,0xAB70,0xAB50,0xAB50,0xAB50,0xAB50,0xAB70,0xAB70,0xAB70,0xAB70,0xAB70,0xAB70,
0xAB70,0xAB70,0xAB70,0xAB71,0xAB71,0xAB71,0xAB71,0xAB71,0xB370,0xB370,0xAB70,0xAB70,0xAB70,0xB370,0xB370,0xB391,
0xB390,0xB390,0xB390,0xB390,0xB390,0xB390,0xB3B0,0xB3B0,0xB3B0,0xB3B0,0xB3B0,0xB3B0,0xB3D0,0xB3D0,0xBBD0,0xBBD1,
0xBBF0,0xBBF0,0xBBF0,0xC3F0,0xC3F0,0xC3F0,0xC3F0,0xC3F0,0xC3F0,0xC3F0,0xC40F,0xC410,0xC40F,0xC40F,0xC40F,0xCC0F,
0xC42F,0xC42F,0xC42F,0xC42F,0xC42F,0xC42E,0xC42E,0xC42E,0xC44E,0xCC4E,0xCC4E,0xCC4E,0xCC4E,0xCC4E,0xCC4E,0xCC4E,
0xCC6E,0xD44E,0xD44E,0xD46E,0xD46E,0xD46E,0xD46E,0xD48E,0xD46D,0xD46D,0xD46D,0xD46D,0xDC8D,0xDC8D,0xDC8D,0xDC8D,
0xDC8D,0xDC8D,0xDC8D,0xDC8D,0xDC8D,0xDC8C,0xDC8C,0xDC8C,0xDCAC,0xE4AC,0xE4AC,0xE4AB,0xDCAB,0xE4AB,0xE4AB,0xE4AB,
0xE4AB,0xE4AB,0xE4CB,0xE4CA,0xE4EB,0xECEA,0xECEA,0xED0A,0xED0A,0xED2A,0xED4A,0xF54A,0xF56A,0xF56A,0xF58A,0xF58A,
0xF5AA,0xF5AA,0xF5AA,0xF5AA,0xF5AA,0xF5CA,0xF5C9,0xF5CA,0xFDEA,0xFDCA,0xFDE9,0xFDC9,0xFDC9,0xFDC9,0xFDC9,0xFDC9,
0xFDE9,0xFDE9,0xFDE9,0xFDE9,0xFDE9,0xFDE9,0xFDE9,0xFDE9,0xFDE9,0xFDE9,0xFDE9,0xFDE9,0xFDE9,0xFDE9,0xFDE9,0xF5E9,
0xF5E9,0xFE09,0xF5E8,0xF5C8,0xFDE8,0xFDC8,0xFDA7,0xFDA8,0xFDA9,0xFD89,0xF529,0xF54A,0xFD6C,0xECEB,0xCBC7,0xB325,
0x9243,0x8A03,0x81E3,0x79A2,0x7183,0x7163,0x6944,0x6924,0x6945,0x6945,0x6145,0x6144,0x6164,0x5943,0x5923,0x5102,
0x5103,0x5103,0x4903,0x4903,0x4903,0x48E3,0x40E3,0x40E3,0x38E3,0x38E3,0x38C3,0x30C3,0x30C3,0x30C3,0x30C3,0x30C3,
0x30C3,0x30C3,0x30C3,0x30C3,0x30C3,0x30C3,0x28A3,0x28A3,0x28A2,0x28A2,0x2082,0x2082,0x2082,0x2082,0x2082,0x2082,
0x3988,0x3988,0x3948,0x3128,0x3129,0x3129,0x3129,0x3109,0x3109,0x3108,0x3128,0x3128,0x3128,0x3128,0x2929,0x2929,
0x2949,0x2169,0x2169,0x2169,0x2169,0x2149,0x2949,0x294A,0x2149,0x214A,0x294A,0x294A,0x294A,0x294A,0x294A,0x294A,
0x294A,0x314A,0x314A,0x296A,0x296A,0x298A,0x298B,0x298B,0x31AB,0x31AB,0x39AC,0x398B,0x396B,0x418C,0x49AC,0x51CD,
0x620D,0x726E,0x82F0,0x9351,0x9B51,0x9B31,0x9AF0,0x9ACF,0xAB31,0xAB30,0xAB10,0xAB10,0xAAEF,0xAAEF,0xAAEF,0xA2EF,
0xA2EF,0xA30F,0xA30F,0xA30F,0xA30F,0xA30F,0xA30F,0xA30F,0xA32F,0xA32F,0xA32F,0xA330,0xA330,0xA330,0xA330,0xAB30,
0xA330,0xA330,0xA330,0xAB30,0xAB30,0xAB30,0xAB30,0xAB30,0xAB30,0xAB30,0xA330,0xA330,0xA330,0xA350,0xAB70,0xAB71,
0xAB91,0xAB70,0xAB50,0xAB50,0xAB50,0xAB50,0xAB70,0xAB90,0xAB70,0xAB70,0xAB70,0xAB70,0xAB70,0xAB70,0xAB90,0xAB70,
0xB370,0xB370,0xB370,0xB370,0xB390,0xB390,0xB390,0xB390,0xB390,0xB390,0xB390,0xB390,0xB390,0xB390,0xB390,0xB390,
0xB390,0xB390,0xB3B0,0xB3B0,0xB3B0,0xB3B0,0xB3B0,0xB3D0,0xB3B0,0xB3D0,0xB3D0,0xBBD0,0xBBF0,0xBBF0,0xBBF0,0xBBF0,
0xC3F0,0xC3F0,0xC3F0,0xC3F0,0xC410,0xC410,0xC410,0xC410,0xC40F,0xC40F,0xC40F,0xC42F,0xCC2F,0xCC2F,0xCC2F,0xCC2F,
0xC44F,0xC44F,0xC44E,0xC44F,0xC44E,0xC44E,0xCC4E,0xCC4E,0xCC4E,0xCC6E,0xCC6E,0xCC6E,0xCC6E,0xCC6E,0xCC6E,0xCC6E,
0xD48E,0xD48E,0xD48E,0xD46E,0xD48D,0xD48E,0xD48E,0xDC8D,0xD48D,0xD48D,0xDC8D,0xDC8D,0xDCAD,0xDCAD,0xDCAD,0xDCAD,
0xDCAD,0xDCAD,0xDCAD,0xDCAC,0xDCAC,0xDCAC,0xDCAC,0xE4AC,0xE4CC,0xE4CB,0xE4CB,0xE4CB,0xE4CB,0xE4CB,0xE4CB,0xE4CB,
0xE4EA,0xE4EA,0xE4EA,0xE50A,0xE50A,0xED2A,0xED2A,0xED2A,0xED4A,0xED4A,0xF56A,0xF58A,0xF58A,0xF5AA,0xF5AA,0xF5A9,
0xF5CA,0xF5CA,0xF5CA,0xF5CA,0xF5CA,0xF5EA,0xF5EA,0xF5EA,0xFE0A,0xFE0A,0xFE09,0xFE09,0xFE09,0xFE09,0xFE09,0xFE09,
0xF60A,0xF60A,0xF60A,0xFE0A,0xFE0A,0xFE0A,0xFE0A,0xFE09,0xFE2A,0xFE09,0xFE09,0xFE09,0xFE09,0xFE09,0xF5E9,0xF5E9,
0xF5E8,0xFE09,0xFE09,0xFE09,0xFE09,0xFDE8,0xFDA8,0xFDA9,0xFD89,0xECC8,0xDC67,0xDC48,0xCBC7,0xAAC4,0x9A22,0x9203,
0x81E3,0x81C4,0x79A3,0x7183,0x7164,0x6964,0x6944,0x6145,0x6145,0x6145,0x6144,0x6144,0x5944,0x5943,0x5922,0x5102,
0x4903,0x4903,0x4903,0x4903,0x48E3,0x40E3,0x40E3,0x40E3,0x38E3,0x38C3,0x30C3,0x30C2,0x30C3,0x30A3,0x30C3,0x30C3,
0x30C3,0x30C3,0x30C3,0x30C2,0x28A2,0x28A2,0x28A3,0x28A2,0x28A2,0x20A2,0x20A2,0x2082,0x2082,0x2082,0x2082,0x2082,
0x39A8,0x3988,0x3148,0x3128,0x3129,0x2909,0x3129,0x3129,0x2929,0x2929,0x2929,0x2949,0x2949,0x2949,0x2949,0x2949,
0x2969,0x2189,0x2169,0x2169,0x296A,0x296A,0x296A,0x296A,0x294A,0x294A,0x294A,0x294A,0x294A,0x294A,0x292A,0x314A,
0x314A,0x314A,0x316A,0x316A,0x316A,0x318B,0x318B,0x298B,0x31AB,0x318B,0x318B,0x316B,0x318B,0x398C,0x398C,0x418B,
0x496A,0x51CB,0x622D,0x7AAF,0x82F0,0x9310,0x9B31,0xA351,0x9AF0,0x9ACF,0xA2CF,0xA2CF,0xAAF0,0xB310,0xB330,0xB310,
0xAB10,0xA330,0xA330,0xAB50,0xAB50,0xAB50,0xA330,0xA330,0xA32F,0xAB50,0xAB50,0xAB50,0xAB50,0xAB50,0xAB50,0xAB50,
0xAB50,0xAB50,0xAB50,0xAB50,0xAB50,0xAB50,0xAB50,0xAB50,0xA32F,0xAB50,0xAB70,0xAB71,0xAB71,0xAB71,0xA370,0xA350,
0xA371,0xAB71,0xAB91,0xB391,0xAB91,0xAB90,0xAB70,0xAB70,0xB390,0xB390,0xB390,0xB390,0xB390,0xB390,0xB390,0xB390,
0xB390,0xB390,0xB390,0xB390,0xB390,0xB390,0xB390,0xB390,0xB3B0,0xB3B0,0xB3B0,0xB3B0,0xB3B0,0xB3B0,0xB3B0,0xB3B0,
0xB3B0,0xB3B0,0xB3B0,0xB3D0,0xBBD0,0xBBD0,0xBBD0,0xBBD0,0xBBD0,0xBBF0,0xBBF0,0xBBF0,0xBBF0,0xBC10,0xBC10,0xBC10,
0xC410,0xC410,0xC410,0xC430,0xC430,0xC430,0xC430,0xC430,0xC42F,0xC42F,0xC42F,0xCC4F,0xCC4F,0xCC4F,0xCC4F,0xCC6F,
0xCC6F,0xCC6F,0xCC6F,0xCC6F,0xCC6E,0xCC6E,0xCC6E,0xCC8E,0xCC8E,0xCC8E,0xCC8E,0xCC8E,0xCC8E,0xD48E,0xD48E,0xD48E,
0xD4AE,0xD4AE,0xD4AE,0xD4AE,0xD4AD,0xD4AE,0xDCAD,0xDCAD,0xDCAD,0xDCCD,0xDCCD,0xDCCD,0xE4ED,0xE4ED,0xE4ED,0xE4ED,
0xDCED,0xDCED,0xE4ED,0xE4ED,0xE4EC,0xE4EC,0xE4EC,0xE4EC,0xE4EC,0xE4EB,0xE4EB,0xE4EB,0xE4EB,0xE4EB,0xE4EB,0xE50B,
0xE50A,0xE52A,0xE52A,0xED4B,0xED4A,0xED4A,0xED6A,0xED6A,0xED8A,0xED8A,0xF5AA,0xF5CA,0xF5CA,0xF5CA,0xF5CA,0xF5EA,
0xF60A,0xF60A,0xF60A,0xF60A,0xF60A,0xF60A,0xF60A,0xFE2A,0xFE2A,0xFE2A,0xF62A,0xFE2A,0xFE2A,0xFE2A,0xFE2A,0xFE2A,
0xF64A,0xF64A,0xF64A,0xFE2A,0xFE2A,0xFE2A,0xFE2A,0xFE2A,0xF60A,0xF609,0xF609,0xFE2A,0xFE2A,0xFE4A,0xFE2A,0xFE2A,
0xFE09,0xFE29,0xFE29,0xFE2A,0xFE09,0xFDC9,0xFDCA,0xFDAB,0xE4C8,0xDC47,0xD408,0xCBA8,0xAAA5,0x9203,0x9204,0x9204,
0x7983,0x7164,0x7164,0x6944,0x6944,0x6944,0x6145,0x6145,0x5924,0x5924,0x5924,0x5943,0x5943,0x5923,0x5122,0x5102,
0x48E3,0x48E3,0x48E3,0x40E3,0x40E3,0x40E3,0x38E3,0x38C3,0x38C2,0x30C2,0x30C2,0x30A2,0x28A2,0x30C3,0x28C3,0x30C3,
0x30C3,0x30C2,0x30A2,0x30A2,0x28A2,0x28A2,0x28A2,0x28A2,0x28A2,0x20A2,0x20A2,0x2082,0x2082,0x2082,0x1882,0x1882,
0x3988,0x3167,0x3127,0x3128,0x3128,0x2909,0x2929,0x314A,0x2929,0x2949,0x2949,0x2949,0x2949,0x296A,0x296A,0x296A,
0x2969,0x2189,0x2189,0x2189,0x296A,0x296A,0x296A,0x296A,0x294A,0x294A,0x294A,0x294A,0x314B,0x314B,0x314B,0x314A,
0x314A,0x314A,0x316A,0x316A,0x316B,0x316B,0x318B,0x318B,0x31AC,0x318B,0x318B,0x318B,0x318C,0x39AC,0x398C,0x396B,
0x418B,0x496B,0x496B,0x518B,0x59EC,0x724E,0x8AD0,0x9B31,0xA331,0xA331,0xA331,0xAB11,0xAB10,0xAB10,0xAAF0,0xAAEF,
0xAB30,0xAB30,0xAB50,0xAB50,0xAB50,0xAB50,0xAB50,0xAB50,0xAB50,0xAB50,0xAB50,0xAB4F,0xAB50,0xAB50,0xAB50,0xAB50,
0xAB50,0xAB50,0xAB50,0xAB50,0xAB50,0xAB50,0xB350,0xB350,0xAB50,0xAB70,0xAB71,0xAB71,0xAB71,0xA371,0xA371,0xA371,
0xA351,0xA371,0xAB91,0xAB91,0xAB91,0xAB91,0xAB90,0xB390,0xB390,0xB390,0xB3B0,0xB3B0,0xB3B0,0xB3B0,0xB3B0,0xB3B0,
0xB3B0,0xB3B0,0xB3B0,0xB3B0,0xB3B0,0xB3B0,0xB3B0,0xB3B0,0xB3B0,0xB3B0,0xB3B0,0xB3B0,0xB3D0,0xB3D0,0xBBD0,0xBBD0,
0xBBD0,0xBBD0,0xBBD0,0xBBD0,0xBBF0,0xBBF0,0xBBF0,0xBBF0,0xBBF0,0xBBF0,0xBC10,0xBC10,0xC410,0xC430,0xC430,0xC430,
0xC430,0xC430,0xC430,0xC450,0xC44F,0xCC50,0xCC4F,0xCC4F,0xCC4F,0xCC4F,0xCC6F,0xCC6F,0xCC6F,0xCC6F,0xCC6F,0xCC6F,
0xCC8F,0xCC8F,0xCC8F,0xCC8F,0xCCAF,0xCCAE,0xCC8E,0xCCAE,0xD4AE,0xD4AE,0xD4AE,0xD4AE,0xD4AE,0xD4AE,0xD4CE,0xD4CE,
0xDCCE,0xDCCE,0xD4CE,0xDCCE,0xDCCE,0xDCCD,0xDCCD,0xDCED,0xDCED,0xDCED,0xDCED,0xE4ED,0xE50D,0xE50D,0xE50D,0xE50D,
0xE50D,0xE50D,0xE50D,0xE50D,0xE50C,0xE50C,0xE50C,0xE52C,0xE50C,0xE50B,0xE50B,0xE50B,0xE52B,0xED2B,0xED2B,0xED2B,
0xED4B,0xED4B,0xED6A,0xED6B,0xED8B,0xED8B,0xEDAB,0xF5AA,0xF5CA,0xF5CA,0xF5EA,0xF5EA,0xF60A,0xF60A,0xF60A,0xF60A,
0xF62A,0xF62A,0xFE2A,0xFE2A,0xFE2A,0xF64A,0xFE4A,0xFE4A,0xF64A,0xFE4B,0xF64B,0xFE4B,0xFE4B,0xFE4B,0xFE4B,0xFE6B,
0xF66B,0xF66B,0xF66B,0xF64B,0xF64B,0xF64B,0xFE4B,0xFE4B,0xF62A,0xFE2A,0xFE2A,0xFE4A,0xFE4B,0xFE4A,0xFE4A,0xFE4A,
0xFE2A,0xFE09,0xFDE9,0xFDC9,0xF589,0xF569,0xF54A,0xF54A,0xBB23,0xBB24,0xC347,0xAAC5,0x91E3,0x9A25,0xA287,0x89E5,
0x7964,0x7164,0x7144,0x6944,0x6944,0x6144,0x6124,0x6124,0x5924,0x5904,0x5123,0x5123,0x5123,0x5122,0x5102,0x4902,
0x48E2,0x40E3,0x40E3,0x40E3,0x40E3,0x38C2,0x38C3,0x38C2,0x30A2,0x30A2,0x30A2,0x28A2,0x28A2,0x28A2,0x28C3,0x30C3,
0x30C2,0x30C2,0x30A2,0x30A2,0x28A2,0x28A2,0x28A2,0x28A2,0x28A2,0x20A2,0x20A2,0x2082,0x2082,0x2082,0x1882,0x1882,
0x3966,0x3966,0x3947,0x3948,0x3128,0x3129,0x3129,0x3149,0x3149,0x3149,0x2949,0x2949,0x2949,0x294A,0x294A,0x296A,
0x2969,0x2969,0x2969,0x2969,0x2969,0x296A,0x296A,0x296A,0x296A,0x296A,0x316A,0x316B,0x316B,0x316B,0x316B,0x316B,
0x316A,0x316A,0x316A,0x316B,0x316B,0x318B,0x316B,0x316B,0x318B,0x398B,0x398C,0x39AC,0x39AC,0x39AC,0x39AC,0x39AC,
0x41AC,0x418C,0x498C,0x498C,0x51AC,0x59CC,0x61ED,0x6A0D,0x92F1,0x9B11,0xA352,0xA352,0xA351,0xA351,0xAB51,0xAB51,
0xAB31,0xAB51,0xAB51,0xA330,0xA330,0xA330,0xA330,0xAB50,0xAB50,0xAB50,0xAB50,0xAB4F,0xAB6F,0xAB6F,0xAB6F,0xAB6F,
0xAB50,0xAB50,0xB350,0xB370,0xB370,0xB370,0xB370,0xB370,0xB391,0xB391,0xAB70,0xA370,0xA351,0xA391,0xABB2,0xABD3,
0xABD3,0xABD2,0xABB2,0xAB91,0xAB70,0xAB90,0xB3B1,0xB3D1,0xB3B0,0xB3B0,0xB3B0,0xB3B0,0xB3B0,0xB3B0,0xB3B0,0xB3B0,
0xB3B0,0xB3D0,0xB3D0,0xB3D0,0xB3D0,0xB3D0,0xB3D0,0xB3D0,0xBBD0,0xBBD0,0xB3D0,0xBBD0,0xBBD0,0xBBF0,0xBBF0,0xBBF0,
0xBBF0,0xBBF0,0xBBF0,0xBBF0,0xC410,0xC410,0xC410,0xC410,0xC410,0xC410,0xC42F,0xC430,0xC430,0xC450,0xC450,0xCC50,
0xC450,0xC450,0xC46F,0xCC6F,0xCC6F,0xCC6F,0xCC6F,0xCC6F,0xCC8F,0xCC8F,0xCC8F,0xCC8F,0xCC8F,0xCC8F,0xCC8F,0xCC8F,
0xCCAF,0xCCAF,0xCCCF,0xCCCF,0xD4AF,0xD4AF,0xD4CF,0xD4CF,0xD4CE,0xD4CE,0xD4CE,0xD4CE,0xD4CE,0xD4EE,0xD4EE,0xD4EE,
0xDCEE,0xDCEE,0xDCEE,0xDCEE,0xDCEE,0xDCEE,0xDD0D,0xDD0D,0xE52E,0xE50E,0xE52D,0xE52D,0xE52D,0xE52D,0xE52D,0xE52D,
0xE52D,0xE52D,0xE52D,0xE52D,0xE54C,0xE52C,0xE54C,0xE54C,0xE52C,0xE52B,0xE52B,0xE54B,0xED4B,0xED4B,0xED4B,0xED6B,
0xED8B,0xED8B,0xED8B,0xEDAB,0xEDAB,0xF5CB,0xF5CB,0xF5CA,0xF5EB,0xF60B,0xF60B,0xF62B,0xF62A,0xF62A,0xF62A,0xF62A,
0xF64A,0xFE4A,0xFE4A,0xFE4A,0xFE4A,0xFE6B,0xFE6B,0xFE4B,0xF64B,0xF64B,0xF66B,0xF66B,0xFE6B,0xFE6B,0xFE8C,0xFE8C,
0xF68C,0xF68C,0xF68C,0xF68C,0xFE6C,0xFE6C,0xFE6C,0xFE6C,0xFE8C,0xFE6B,0xFE6B,0xFE6B,0xFE4B,0xFE4A,0xFE2A,0xFE0A,
0xFE4B,0xFDCA,0xFDCA,0xFDAA,0xF529,0xECC9,0xECA9,0xE469,0xA262,0xA243,0xA265,0x9A04,0x8183,0x9205,0x9A46,0x8164,
0x7984,0x7964,0x7144,0x6924,0x6923,0x6123,0x6103,0x5903,0x5903,0x5103,0x5103,0x5103,0x5103,0x5103,0x4902,0x48E2,
0x40C2,0x40E2,0x40E2,0x40C2,0x40C2,0x38C2,0x38C2,0x38C2,0x30A2,0x30A2,0x30A2,0x28A2,0x28A2,0x28A2,0x28C3,0x30C3,
0x30C3,0x30C2,0x30C2,0x30C2,0x28A2,0x28A2,0x28A2,0x28A2,0x28A2,0x20A2,0x20A2,0x2082,0x2082,0x1882,0x1882,0x1882,
0x4166,0x4187,0x4187,0x4168,0x3948,0x3949,0x3949,0x3949,0x3149,0x3149,0x3149,0x3149,0x3169,0x316A,0x316A,0x316A,
0x316A,0x3169,0x316A,0x316A,0x316A,0x316A,0x316A,0x316A,0x318A,0x318A,0x316B,0x318B,0x318B,0x318B,0x318B,0x318B,
0x316B,0x316B,0x316B,0x318B,0x318B,0x398B,0x398B,0x398B,0x398B,0x39AC,0x41CC,0x41CC,0x41AC,0x39AC,0x39AC,0x41AC,
0x41AD,0x49AD,0x49CD,0x51CD,0x51CD,0x51CD,0x59CD,0x59AC,0x69ED,0x722E,0x828F,0x8AD0,0x8AF0,0x9310,0x9B51,0xA372,
0xA351,0xAB51,0xAB71,0xAB71,0xAB51,0xAB51,0xAB70,0xAB71,0xAB50,0xAB50,0xAB70,0xAB70,0xAB6F,0xAB6F,0xAB6F,0xAB6F,
0xAB70,0xB370,0xB370,0xB370,0xB370,0xB390,0xB390,0xB391,0xB370,0xB391,0xB3B2,0xB3D2,0xABD2,0xA3B2,0xA392,0x9B71,
0xABD3,0xABD3,0xB3D3,0xB3F3,0xB3F2,0xB3F2,0xB3D1,0xB3B0,0xB3D0,0xB3D0,0xB3B0,0xB3B0,0xBBD0,0xBBD0,0xBBD0,0xBBD0,
0xB3D0,0xBBD0,0xBBD0,0xBBD0,0xBBD0,0xBBF0,0xBBF0,0xBBF0,0xBBF0,0xBBF0,0xBBF0,0xBBF0,0xBBF0,0xBC10,0xBC10,0xBC10,
0xBC10,0xC410,0xC410,0xC410,0xC430,0xC430,0xC430,0xC430,0xC450,0xC450,0xCC50,0xCC50,0xCC50,0xCC70,0xCC70,0xCC70,
0xCC90,0xCC90,0xCC90,0xCC8F,0xCC8F,0xCC8F,0xCC8F,0xCCAF,0xCCAF,0xCCAF,0xCCAF,0xCCAF,0xCCAF,0xCCCF,0xCCCF,0xCCCF,
0xD4CF,0xD4CF,0xD4CF,0xD4EF,0xD4EF,0xD4EF,0xD4EF,0xD4EE,0xD4EF,0xDCEF,0xDCEE,0xDCEE,0xDCEE,0xDCEE,0xDD0E,0xDD0E,
0xDD0E,0xDD0E,0xDD0E,0xDD0E,0xDD2E,0xDD2E,0xE52E,0xE54E,0xE54E,0xE54E,0xE54E,0xE54E,0xE54D,0xE54D,0xE54D,0xE54D,
0xE54D,0xE54D,0xE54D,0xE56D,0xED6D,0xED6C,0xED6C,0xED6C,0xED6C,0xED6C,0xED6C,0xED6B,0xED6B,0xED6B,0xED8C,0xED8B,
0xEDAB,0xEDCB,0xF5CB,0xF5CB,0xF5EB,0xF60B,0xF60B,0xF60B,0xF62B,0xF62B,0xF62B,0xF64B,0xFE4B,0xF64B,0xF64B,0xF64B,
0xF66A,0xFE6A,0xFE6A,0xFE6B,0xFE6B,0xFE6B,0xFE6B,0xFE6B,0xFE6B,0xF66C,0xFE8C,0xFE8C,0xFE8C,0xFEAC,0xFEAD,0xFEAD,
0xFECD,0xFECE,0xFEAD,0xFEAD,0xFEAD,0xFEAD,0xFE8D,0xFE8C,0xFE6C,0xFE6B,0xFE6B,0xFE6B,0xFE4B,0xFE4B,0xFE2A,0xFE0A,
0xED48,0xDCC7,0xE4C7,0xE4A8,0xCBE6,0xBB44,0xBB25,0xB2A4,0xB2C5,0x9A04,0x91C3,0x99E4,0x89A4,0x89C4,0x89C5,0x8184,
0x8185,0x7965,0x7144,0x7144,0x6943,0x6123,0x5903,0x5902,0x5923,0x5103,0x5103,0x50E3,0x48E3,0x48E3,0x48E3,0x48E3,
0x40C2,0x40C2,0x40C2,0x40C2,0x38C2,0x38C2,0x38A2,0x30C2,0x30A2,0x30A2,0x30A2,0x28A2,0x28A2,0x28A2,0x28C3,0x30C3,
0x30C3,0x30C2,0x30C2,0x28A2,0x28A2,0x28A2,0x28A2,0x28A2,0x28A2,0x20A2,0x20A2,0x2082,0x1882,0x1882,0x1882,0x1882,
0x4145,0x5186,0x51A8,0x4147,0x4148,0x4169,0x416A,0x3949,0x3969,0x3969,0x3969,0x3969,0x396A,0x396A,0x396A,0x398A,
0x396A,0x396A,0x398A,0x398A,0x398A,0x398A,0x398A,0x318A,0x318B,0x318B,0x318B,0x318B,0x31AB,0x31AB,0x31AB,0x31AB,
0x31AB,0x318B,0x31AC,0x318C,0x398C,0x398C,0x398C,0x398C,0x418C,0x41AC,0x41AC,0x41AC,0x41CC,0x41CC,0x41CC,0x41CC,
0x49CE,0x49CE,0x49CE,0x49CE,0x51EE,0x59EE,0x5A0E,0x620E,0x61ED,0x61ED,0x6A0D,0x6A2D,0x6A2D,0x6A2D,0x6A4D,0x7A4D,
0x92AF,0x9AF0,0xA331,0xAB51,0xAB71,0xAB71,0xAB71,0xAB91,0xAB70,0xAB70,0xAB70,0xAB90,0xAB90,0xAB90,0xAB90,0xAB90,
0xB390,0xB390,0xB390,0xB390,0xBB90,0xBB90,0xBBB1,0xBBB1,0xB370,0xB391,0xB3B2,0xABB2,0xA371,0x9330,0x82CF,0x82AE,
0x8AEF,0x92F0,0x9B50,0xA392,0xB3F2,0xB412,0xB3F1,0xB3B0,0xBBD1,0xBBD1,0xBBD1,0xBBD0,0xBBD0,0xBBD0,0xBBD0,0xBBF0,
0xBBF0,0xBBF0,0xBC10,0xBC10,0xBC10,0xBC10,0xBC10,0xBC10,0xBC10,0xBC10,0xBC10,0xBC30,0xBC30,0xC430,0xC450,0xC450,
0xC430,0xC430,0xC430,0xCC50,0xCC50,0xCC50,0xCC50,0xCC50,0xCC70,0xCC70,0xCC70,0xCC90,0xCC90,0xD490,0xD490,0xD490,
0xCCB0,0xCCB0,0xCCB0,0xCCB0,0xD4B0,0xD4D0,0xD4D0,0xD4D0,0xD4CF,0xD4CF,0xD4EF,0xD4EF,0xD4EF,0xD4EF,0xD4EF,0xD4EF,
0xD50F,0xD50F,0xD50F,0xD50F,0xD50F,0xD50F,0xDD0F,0xDD0F,0xDD0F,0xDD0F,0xDD0F,0xDD0F,0xDD2F,0xDD2F,0xDD2F,0xDD2E,
0xDD2E,0xDD4E,0xDD4E,0xE54E,0xE54E,0xE56E,0xE56F,0xE56E,0xED6E,0xED8E,0xED8E,0xED6E,0xED6E,0xED8E,0xED8E,0xED8E,
0xED8D,0xED8D,0xED8D,0xED8D,0xED8D,0xED8D,0xED8D,0xEDAC,0xEDAC,0xED8C,0xED8C,0xEDAC,0xEDAC,0xF5AC,0xF5AC,0xF5CC,
0xF5EB,0xF5EB,0xF5EB,0xF60B,0xF60C,0xF62C,0xFE2C,0xF64C,0xFE4C,0xF64B,0xFE6B,0xFE6B,0xFE6B,0xFE6B,0xFE6B,0xF66B,
0xFE6B,0xFE6A,0xFE8B,0xFE8B,0xFE8B,0xFE8B,0xFE8C,0xFE8C,0xFE8C,0xFE8C,0xFEAC,0xFEAD,0xFEAD,0xFECD,0xFECE,0xFECE,
0xFEEF,0xFEEF,0xFEEF,0xFEEE,0xFECE,0xFECE,0xFEAD,0xFEAD,0xFE6C,0xFE6C,0xFE6B,0xFE4B,0xFE4B,0xFE2B,0xFE0A,0xFDEA,
0xF58A,0xE4E9,0xED09,0xE4C9,0xC385,0xB2C4,0xB2C5,0xAA84,0xAA65,0x99C3,0x8983,0x91A4,0x89A4,0x8183,0x8163,0x8184,
0x7964,0x7964,0x7944,0x7143,0x6943,0x6143,0x6123,0x5922,0x5922,0x5102,0x50E3,0x48E3,0x48E3,0x48C3,0x48C3,0x40C3,
0x40C3,0x40C2,0x40C2,0x40C2,0x38C2,0x38C2,0x38C2,0x30A2,0x30A2,0x30A2,0x30A2,0x28A2,0x28A2,0x28A2,0x28C2,0x30C2,
0x30A2,0x30A2,0x28A2,0x28A2,0x28A2,0x28A2,0x28A2,0x28A2,0x28A2,0x20A2,0x20A2,0x2082,0x1882,0x1882,0x1882,0x1882,
0x4124,0x4986,0x51A7,0x4146,0x4127,0x4989,0x49AA,0x4149,0x4169,0x416A,0x416A,0x418A,0x418A,0x418B,0x418B,0x41AB,
0x418B,0x418B,0x418B,0x398B,0x398B,0x398B,0x398B,0x398B,0x398B,0x398B,0x39AB,0x31AB,0x31AB,0x31AB,0x31AB,0x31AC,
0x31AB,0x31AC,0x39AC,0x39AC,0x39AC,0x41AC,0x41AC,0x41AC,0x418C,0x418C,0x418C,0x49AC,0x49CC,0x49ED,0x49ED,0x49CD,
0x49EE,0x49CE,0x49CE,0x51EE,0x51EE,0x59EE,0x59EE,0x59EE,0x620E,0x59EE,0x59ED,0x59ED,0x61ED,0x620D,0x622D,0x6A2D,
0x69CC,0x7A0D,0x8A8F,0x92F0,0x9B10,0x9B10,0x9B30,0x9B30,0xAB91,0xAB91,0xAB91,0xAB91,0xAB90,0xAB90,0xABB0,0xB390,
0xB3B1,0xB3B1,0xB3B1,0xBBB1,0xBBB1,0xBBD1,0xBBD2,0xBBD2,0xBBF3,0xAB92,0x9B30,0x82AE,0x724D,0x6A0D,0x6A0D,0x6A0D,
0x6A2E,0x6A0D,0x6A0C,0x724D,0x8AF0,0xA392,0xB3F3,0xB413,0xB3F2,0xB3F1,0xBBF1,0xBBF1,0xBBF1,0xBBF1,0xBBF1,0xBBF0,
0xBC10,0xBC30,0xBC30,0xBC30,0xBC30,0xBC30,0xBC30,0xBC30,0xC430,0xC430,0xC430,0xC450,0xC450,0xC451,0xC451,0xC471,
0xC471,0xCC50,0xCC70,0xCC70,0xCC70,0xCC70,0xCC70,0xCC70,0xCC90,0xCC90,0xCC90,0xD490,0xD4B0,0xD4B0,0xD4B0,0xD4D0,
0xD4D0,0xD4D0,0xD4D0,0xD4D0,0xD4D0,0xD4F0,0xD4F0,0xD4EF,0xD4EF,0xD4EF,0xD4EF,0xD510,0xD50F,0xD50F,0xD50F,0xD50F,
0xDD2F,0xDD2F,0xDD2F,0xDD2F,0xDD2F,0xDD2F,0xDD2F,0xDD2F,0xDD2F,0xDD2F,0xDD2F,0xDD2F,0xDD4F,0xDD4F,0xDD4F,0xDD4F,
0xDD6E,0xDD6E,0xE56E,0xE56E,0xE56F,0xED8F,0xED8F,0xEDAF,0xED8F,0xED8E,0xEDAE,0xEDAE,0xEDAE,0xEDAE,0xEDAE,0xEDAE,
0xED8E,0xEDAD,0xEDAD,0xEDAD,0xEDAD,0xEDAD,0xEDAD,0xEDAC,0xEDCD,0xEDCC,0xEDCC,0xF5CC,0xF5CC,0xF5EC,0xF5EC,0xF60C,
0xF60B,0xF60B,0xF62B,0xF62B,0xF64C,0xF66C,0xF66C,0xF66D,0xF66D,0xF66D,0xF68D,0xF68D,0xF68C,0xF68C,0xF68C,0xF68B,
0xF68B,0xF68B,0xFE8C,0xF68C,0xFEAC,0xFEAC,0xFEAC,0xFEAC,0xF6AC,0xFEAD,0xFECD,0xFECD,0xFECE,0xFEEE,0xFEEF,0xFEEF,
0xFF10,0xFF10,0xFF10,0xFEF0,0xFEEF,0xFEEF,0xFECE,0xFECE,0xFECD,0xFEAD,0xFE8C,0xFE6C,0xFE2B,0xF5EA,0xF5A9,0xED69,
0xFD4B,0xECA9,0xECAA,0xDC29,0xB2A4,0xA202,0xAA44,0xAA45,0x99C4,0x99E5,0x99C5,0x8984,0x89A4,0x89A4,0x8164,0x7964,
0x7944,0x7944,0x7143,0x7143,0x6943,0x6943,0x6143,0x5923,0x5922,0x5103,0x4903,0x48E3,0x48E3,0x48C3,0x40C3,0x40C3,
0x40C3,0x40C3,0x40C2,0x40C2,0x38C2,0x38C2,0x30C2,0x30C2,0x30C2,0x30A2,0x30A2,0x28A2,0x28A2,0x28C2,0x28C2,0x28C2,
0x28A2,0x28A2,0x28A2,0x28A2,0x28A2,0x28A2,0x2082,0x2082,0x28A2,0x20A2,0x20A2,0x20A2,0x1882,0x1882,0x1882,0x1882,
0x4164,0x4164,0x4165,0x4986,0x4987,0x49A8,0x49A9,0x4169,0x49AA,0x49AB,0x498B,0x418B,0x416B,0x396C,0x398C,0x41AC,
0x39AB,0x41AB,0x41AB,0x41AB,0x41AB,0x41AB,0x41AB,0x41AB,0x39AB,0x41AB,0x41CC,0x41CC,0x41CC,0x41CC,0x41CC,0x41CC,
0x41CC,0x41CC,0x41CC,0x41CC,0x41CC,0x41CC,0x49CC,0x49CC,0x49AC,0x49CC,0x49CD,0x49ED,0x49CC,0x49ED,0x49ED,0x51ED,
0x51EE,0x51EE,0x5A0E,0x5A0E,0x5A0E,0x5A0E,0x5A0E,0x5A0E,0x59EE,0x620E,0x620E,0x622E,0x6A2E,0x6A2E,0x6A2E,0x6A2E,
0x6A0E,0x6A0E,0x6A0E,0x6A0E,0x6A0D,0x6A0D,0x69ED,0x69EC,0x82AF,0x9331,0xA3B2,0xABF3,0xABD2,0xABD1,0xB3D2,0xB3F2,
0xB3F2,0xBBF2,0xBBD2,0xB3D2,0xB3B2,0xABB2,0xA371,0x9310,0x828E,0x7A8F,0x726F,0x726F,0x726F,0x7290,0x7290,0x7290,
0x6A90,0x6A90,0x6A70,0x624F,0x624E,0x6A8F,0x8311,0x9372,0xA413,0xAC13,0xB433,0xBC33,0xBC32,0xBC11,0xBBF1,0xBBF0,
0xBC30,0xB430,0xB430,0xBC30,0xBC30,0xBC50,0xC450,0xC470,0xC450,0xC450,0xC450,0xC450,0xC450,0xC451,0xC471,0xCC91,
0xCC91,0xCC90,0xCCB1,0xCCB1,0xCCB1,0xCCB1,0xCCB0,0xCCB0,0xCCB0,0xCCB0,0xD4B0,0xD4B0,0xD4D0,0xD4D0,0xD4F1,0xD4F1,
0xD510,0xD510,0xD510,0xD510,0xD510,0xD510,0xD510,0xD530,0xD530,0xD530,0xD530,0xD530,0xDD30,0xDD30,0xDD30,0xDD30,
0xDD2F,0xDD50,0xDD50,0xDD50,0xDD70,0xDD70,0xDD6F,0xDD6F,0xDD6F,0xDD6F,0xDD6F,0xDD6F,0xDD6F,0xE56F,0xE58F,0xE58F,
0xE58E,0xE58E,0xE58F,0xE58F,0xEDAF,0xEDAF,0xEDAF,0xEDAF,0xF5CF,0xF5CF,0xF5CF,0xF5CF,0xF5CF,0xF5CF,0xF5CF,0xF5CF,
0xEDCE,0xF5CE,0xF5CE,0xF5EE,0xF5EE,0xF5EE,0xF5CD,0xEDCD,0xF5ED,0xF5ED,0xEDEC,0xEDEC,0xF5EC,0xF60C,0xF62C,0xF64C,
0xF64C,0xF64B,0xF66B,0xF68B,0xF68C,0xEE8D,0xF6AE,0xF6D0,0xF6F1,0xF6D2,0xF6D2,0xF6D1,0xF6F0,0xF6EE,0xF6CD,0xF6AC,
0xEEAC,0xF6AD,0xF6CE,0xFEEF,0xFEEF,0xF6CE,0xF6CE,0xF6EE,0xF6CD,0xF6CD,0xF6ED,0xFEEE,0xFEEF,0xFEEF,0xFF11,0xFF11,
0xFF53,0xFF33,0xFF12,0xFF12,0xFF31,0xFF31,0xFEF0,0xF6CE,0xFECE,0xFEAE,0xFE6D,0xF5EB,0xF5CB,0xFDEC,0xFDAB,0xF50A,
0xDBC7,0xD347,0xCB06,0xC2C6,0xBAA5,0xB244,0xA9E4,0xA1E4,0xA1A4,0x99A4,0x91A4,0x91A4,0x8984,0x8164,0x7944,0x7943,
0x7944,0x7144,0x6923,0x6923,0x6923,0x6123,0x6123,0x5923,0x5103,0x5103,0x48E3,0x40C3,0x40C3,0x40C3,0x40C3,0x40C3,
0x40C3,0x40C3,0x40C3,0x38C3,0x38C2,0x30C2,0x30A2,0x30C2,0x28A2,0x28A2,0x28A2,0x28A2,0x28A2,0x28A2,0x28A2,0x28A2,
0x30C2,0x28A2,0x28A2,0x28A2,0x28A2,0x28A2,0x28A2,0x2082,0x2082,0x20A2,0x2082,0x2081,0x1881,0x1881,0x1881,0x1881,
0x28C1,0x3944,0x4185,0x4166,0x4987,0x4167,0x4168,0x51CA,0x498A,0x498B,0x498B,0x49AC,0x49CD,0x41AD,0x418C,0x398C,
0x41CC,0x41CC,0x41CC,0x41CC,0x41CC,0x41CC,0x41CC,0x41CC,0x41CC,0x41CC,0x49CC,0x49CC,0x49EC,0x49EC,0x49CC,0x49CC,
0x49CC,0x49CC,0x49CC,0x49CC,0x49CD,0x49CD,0x49CC,0x49CC,0x49ED,0x51ED,0x51ED,0x520D,0x51ED,0x51ED,0x520D,0x5A0E,
0x59EE,0x5A0E,0x5A0E,0x622E,0x5A0E,0x620E,0x620E,0x620E,0x620E,0x620E,0x622E,0x6A2F,0x6A2F,0x6A2F,0x6A2F,0x6A2F,
0x6A2F,0x6A2F,0x6A2F,0x6A2F,0x6A2E,0x6A0E,0x6A0E,0x6A0E,0x61ED,0x724E,0x8AD0,0x9331,0x9B51,0x9B51,0x9B50,0x9B50,
0x9B10,0x9B10,0x9B10,0x92F0,0x9310,0x92F0,0x8AD0,0x7A8F,0x7AB0,0x7A90,0x7A90,0x7291,0x7291,0x72B1,0x72B2,0x72B2,
0x72B2,0x72D2,0x6AD2,0x6A91,0x6270,0x626F,0x6A90,0x72AF,0x72CF,0x82F0,0x9350,0x9B91,0xABF2,0xBC32,0xC473,0xC493,
0xBC72,0xBC92,0xC492,0xC492,0xC471,0xC471,0xC471,0xC471,0xC450,0xC470,0xCC91,0xCCB2,0xCCB2,0xCCB2,0xCCB2,0xCCB1,
0xCCB1,0xCCB1,0xCCD1,0xCCD1,0xCCD1,0xCCD1,0xCCD1,0xCCD1,0xD4D1,0xD4D1,0xD4D1,0xD4D1,0xD4F1,0xD4F1,0xD4F1,0xD511,
0xD510,0xD510,0xD510,0xD510,0xD530,0xD530,0xDD30,0xDD30,0xDD30,0xDD30,0xDD30,0xDD30,0xDD30,0xDD30,0xDD30,0xDD30,
0xDD50,0xDD50,0xDD50,0xDD70,0xDD70,0xDD70,0xDD70,0xDD70,0xE590,0xE58F,0xE58F,0xE58F,0xE58F,0xE58F,0xE58F,0xE58F,
0xE5AF,0xE5AF,0xE5AF,0xEDAF,0xEDCF,0xEDCF,0xF5CF,0xF5CF,0xF5CF,0xF5CF,0xF5EF,0xF5EF,0xF5EF,0xF5EF,0xF5EF,0xF5EF,
0xF5CE,0xF5CE,0xF5EE,0xF5EE,0xF5EE,0xF5EE,0xF5ED,0xF5ED,0xF60D,0xF60D,0xF60C,0xEE0C,0xEE0C,0xF62C,0xF62C,0xF64C,
0xFE6D,0xF66C,0xF68C,0xF6AD,0xF6CE,0xF6EF,0xFF11,0xFF34,0xFF76,0xFF77,0xFF57,0xFF76,0xFF55,0xFF53,0xFF31,0xF72F,
0xF6CE,0xF6CF,0xF6F0,0xFF11,0xFF11,0xFF11,0xFF11,0xFF31,0xF6EF,0xF70F,0xFF0F,0xFF2F,0xFF30,0xFF31,0xFF33,0xFF14,
0xFF14,0xFF35,0xFF34,0xFF34,0xFF33,0xFF12,0xFEF1,0xFEF0,0xFED0,0xFEAF,0xFE8F,0xFE8F,0xFE2E,0xF54B,0xD427,0xC345,
0xC2C5,0xC285,0xBA44,0xBA45,0xBA45,0xB225,0xA9E4,0xA9E5,0xA1A4,0x99A4,0x99A4,0x9185,0x9185,0x8984,0x8164,0x7944,
0x7944,0x7144,0x7123,0x6923,0x6923,0x6923,0x6123,0x6123,0x5903,0x5103,0x50E3,0x48E3,0x48E3,0x40E3,0x40C3,0x40C2,
0x38A2,0x38A2,0x38A2,0x38A2,0x38A2,0x30A2,0x3082,0x30A2,0x28A2,0x28A2,0x28A2,0x28A2,0x28A2,0x28A2,0x28A2,0x28A2,
0x30A2,0x28A2,0x2882,0x2882,0x2882,0x2882,0x2081,0x2081,0x2081,0x2081,0x2081,0x2081,0x2081,0x1881,0x1881,0x1881,
0x20A2,0x28E3,0x28C3,0x30C4,0x4167,0x4988,0x4168,0x51CA,0x51CB,0x49AB,0x49AC,0x49CC,0x49ED,0x49ED,0x49CD,0x41AC,
0x49ED,0x49ED,0x49ED,0x49ED,0x49ED,0x49ED,0x49ED,0x49ED,0x49ED,0x49ED,0x49ED,0x51ED,0x520D,0x520D,0x520D,0x520D,
0x51ED,0x51ED,0x51ED,0x51ED,0x51ED,0x51ED,0x51ED,0x51ED,0x51ED,0x51ED,0x520D,0x5A0E,0x5A0E,0x5A0E,0x5A2E,0x5A2E,
0x622E,0x622F,0x624F,0x624F,0x622F,0x622F,0x622F,0x622E,0x6A2F,0x6A4F,0x6A4F,0x6A4F,0x724F,0x6A4F,0x6A4F,0x6A4F,
0x6A2F,0x6A4F,0x6A4F,0x6A2F,0x6A2F,0x6A2F,0x6A2F,0x6A2F,0x6A0E,0x6A0E,0x720E,0x7A2E,0x826E,0x828F,0x8AAF,0x8AAF,
0x8A90,0x8A90,0x8A90,0x8A90,0x8A90,0x8AB1,0x8290,0x7A50,0x82B1,0x82B2,0x82B2,0x82D2,0x82D2,0x82F2,0x82D2,0x7AD2,
0x7AD2,0x7AF2,0x7AF2,0x72D2,0x72D1,0x6AB0,0x6AB0,0x6AB0,0x6A8F,0x72AF,0x72AE,0x7ACE,0x82CE,0x82EE,0x8B0F,0x932F,
0x9B70,0xA3B1,0xB412,0xBC73,0xC493,0xC493,0xC472,0xC471,0xC451,0xC471,0xCCB2,0xCCD2,0xCCD2,0xCCB2,0xCCB2,0xCCB1,
0xCCD1,0xCCD1,0xCCD1,0xD4F1,0xD4F1,0xD4F1,0xCCD1,0xD4D1,0xD4F1,0xD4F1,0xD4F1,0xD4F1,0xD4F1,0xDD11,0xDD11,0xD511,
0xD531,0xD531,0xD531,0xD531,0xD531,0xDD31,0xDD31,0xDD51,0xDD51,0xDD51,0xDD51,0xDD51,0xDD51,0xDD51,0xDD51,0xDD51,
0xDD51,0xDD70,0xE571,0xE570,0xE571,0xE571,0xE570,0xE570,0xE590,0xE590,0xE590,0xE590,0xE590,0xE590,0xE590,0xE590,
0xE5B0,0xE5B0,0xEDB0,0xEDD0,0xEDD0,0xF5D0,0xF5D0,0xF5D0,0xF5F0,0xF5F0,0xF5F0,0xF5F0,0xF610,0xF610,0xF610,0xF610,
0xF5EF,0xF5EF,0xF5EF,0xFDEF,0xFDEF,0xF60E,0xF60E,0xF60E,0xFE2E,0xF62E,0xF62D,0xF62D,0xF62D,0xF64D,0xFE4D,0xFE4D,
0xFE6E,0xFE6E,0xFE8E,0xFECF,0xFEF0,0xFF12,0xFF54,0xFF77,0xFFB9,0xFF9B,0xFF9B,0xFFBA,0xFFB9,0xFF97,0xFF75,0xFF53,
0xF712,0xFF12,0xFF33,0xFF54,0xFF54,0xFF54,0xFF53,0xFF53,0xF711,0xF711,0xF731,0xFF32,0xFF33,0xFF34,0xFF35,0xFF35,
0xFF36,0xFF57,0xFF57,0xFF56,0xFF35,0xFF14,0xFF13,0xFF12,0xFF12,0xFE70,0xF60F,0xFE0F,0xF58D,0xD449,0xB325,0xAAA4,
0xBA85,0xB244,0xB224,0xB225,0xB225,0xB204,0xA9C4,0xA9C4,0xA1A4,0xA184,0x9984,0x9985,0x9165,0x9164,0x8944,0x8144,
0x7943,0x7923,0x7123,0x7103,0x6903,0x6903,0x6103,0x6103,0x5903,0x58E3,0x50E3,0x50E3,0x48E3,0x48E3,0x40C2,0x40C2,
0x40A2,0x40A2,0x40A2,0x38A2,0x38A2,0x38A2,0x30A2,0x30A2,0x3082,0x2882,0x2882,0x2882,0x2882,0x2882,0x2882,0x2882,
0x30A2,0x3082,0x2882,0x2882,0x2882,0x2881,0x2861,0x2061,0x2881,0x2081,0x2081,0x2081,0x2081,0x2081,0x2081,0x2081,
0x28E3,0x20A3,0x2082,0x28A3,0x3106,0x4168,0x51EA,0x5A2C,0x5A0C,0x5A0D,0x51EC,0x49CC,0x49CC,0x520D,0x520D,0x520D,
0x520D,0x520D,0x520D,0x520E,0x522E,0x522E,0x522E,0x520E,0x522E,0x522E,0x522E,0x5A2E,0x5A2E,0x5A2E,0x5A4E,0x5A4E,
0x5A2F,0x5A2F,0x5A2F,0x5A2F,0x5A2F,0x5A4F,0x5A4E,0x5A4E,0x5A2E,0x5A2E,0x5A2E,0x5A2E,0x5A2E,0x622E,0x624E,0x624E,
0x6A6F,0x6A6F,0x6A90,0x6A70,0x6A6F,0x6A6F,0x6A4F,0x6A4F,0x7270,0x726F,0x7290,0x7290,0x7290,0x7290,0x7290,0x7270,
0x7A90,0x7A91,0x7A91,0x7A91,0x7A91,0x7A70,0x7270,0x7A70,0x82B1,0x7A70,0x7A4F,0x7A2E,0x7A4F,0x828F,0x8AAF,0x8AB0,
0x8AD1,0x8AB2,0x8AB2,0x8AB2,0x92D2,0x92F3,0x8AF2,0x8AD2,0x8AF2,0x8AF2,0x8B13,0x8B33,0x9333,0x8B33,0x8B13,0x8B13,
0x8B32,0x8332,0x8312,0x8312,0x8332,0x7B32,0x7B32,0x7B31,0x7B11,0x7B11,0x7B10,0x7AF0,0x7AEF,0x7ACF,0x82EF,0x82EF,
0x82AE,0x8AEE,0x934F,0xA391,0xABF1,0xBC32,0xC472,0xC493,0xCC93,0xCCB2,0xCCB2,0xCC92,0xCC92,0xCCB2,0xCCD2,0xCCD2,
0xCCF2,0xD4D2,0xD4F2,0xD4F2,0xD4F2,0xD4F2,0xD4F2,0xD4F2,0xD4F2,0xD4F2,0xD511,0xD511,0xD512,0xD512,0xD512,0xD512,
0xD532,0xD531,0xD531,0xD532,0xD532,0xDD52,0xDD52,0xDD52,0xDD72,0xDD72,0xDD72,0xDD72,0xE572,0xE572,0xE572,0xE572,
0xE571,0xE571,0xE591,0xED91,0xED92,0xED92,0xED92,0xED91,0xED91,0xED91,0xED91,0xED91,0xED91,0xED91,0xED91,0xE591,
0xE5B0,0xE5B0,0xEDB0,0xEDB1,0xEDD1,0xF5D1,0xF5D1,0xF5D1,0xF5F1,0xF5F1,0xF5F1,0xFDF1,0xFE11,0xF610,0xF610,0xF5F0,
0xFDF0,0xFDF0,0xFE10,0xFE0F,0xFE0F,0xFE0F,0xFE0F,0xFE2F,0xFE2F,0xFE2E,0xFE2E,0xFE4E,0xFE4E,0xFE6E,0xFE6E,0xFE6E,
0xFE4F,0xFE6F,0xFE90,0xFED1,0xFF13,0xFF14,0xFF56,0xFF78,0xFF7A,0xFF7B,0xFF7C,0xFF9C,0xFF9B,0xFF99,0xFF78,0xF756,
0xFF34,0xFF34,0xFF55,0xFF56,0xFF56,0xFF35,0xFF35,0xFF54,0xF713,0xF713,0xF733,0xF733,0xFF34,0xFF35,0xFF36,0xFF37,
0xFF79,0xFF79,0xFF78,0xFF78,0xFF57,0xFF35,0xF6F4,0xFED4,0xFEB3,0xE5CF,0xDD4D,0xDD0D,0xD46B,0xC3A8,0xBB26,0xC327,
0xC2C6,0xC2A6,0xBA86,0xBA66,0xBA45,0xB205,0xA9E5,0xA9A4,0xA9C5,0xA1A5,0xA1A5,0xA185,0x9965,0x9164,0x9144,0x8924,
0x8123,0x7923,0x7903,0x70E2,0x70E2,0x68E2,0x68E2,0x6103,0x60E2,0x58E3,0x58E3,0x58E3,0x50E3,0x50E2,0x48C2,0x48C2,
0x48A3,0x48A3,0x40A3,0x40A3,0x40A3,0x38A2,0x38A2,0x30A2,0x3082,0x3082,0x2882,0x2882,0x2882,0x2882,0x2882,0x2882,
0x30A2,0x3082,0x3082,0x3082,0x3082,0x3082,0x3082,0x2882,0x2882,0x28A2,0x28A2,0x28A2,0x28A2,0x28A2,0x28A2,0x28A2,
0x20C4,0x1883,0x3125,0x3946,0x2084,0x28C6,0x51EB,0x5A4C,0x51EB,0x5A2D,0x5A2D,0x520D,0x520D,0x520D,0x524E,0x5A4E,
0x522E,0x522E,0x5A2E,0x5A2E,0x5A4F,0x5A4F,0x5A4F,0x5A4F,0x5A4F,0x5A4F,0x5A4F,0x5A4F,0x5A4F,0x624F,0x626F,0x626F,
0x626F,0x626F,0x626F,0x626F,0x626F,0x626F,0x626F,0x626F,0x626F,0x626F,0x6A6F,0x6A6F,0x6A6F,0x6A6F,0x6A8F,0x6A90,
0x6A90,0x72B0,0x72B0,0x72B0,0x7290,0x7290,0x726F,0x726F,0x7290,0x7290,0x7AB0,0x7AB0,0x7AD0,0x82D1,0x82D1,0x82D1,
0x82D1,0x82D2,0x82D2,0x82F2,0x82F2,0x82F2,0x82D2,0x82D2,0x82B1,0x82B1,0x8AD1,0x8AF1,0x92F1,0x9311,0x92F1,0x92F1,
0x92D2,0x8AD3,0x8AD3,0x8AD3,0x92F3,0x9313,0x9313,0x9333,0x9313,0x9333,0x9353,0x9B74,0x9B74,0x9B73,0x9B53,0x9352,
0x9B93,0x9B73,0x9372,0x9372,0x8B72,0x8B72,0x8B72,0x8372,0x8372,0x8B92,0x8B92,0x8B92,0x9392,0x9392,0x93B2,0x9BB2,
0x9372,0x9351,0x9330,0x9330,0x9B50,0xA3B1,0xBC32,0xC493,0xCCB3,0xCCB3,0xCCB2,0xCCD2,0xCCD2,0xCCD2,0xCCF2,0xCCF2,
0xCCF2,0xCCF2,0xCCF2,0xD4F2,0xD4F2,0xD4F2,0xD4F2,0xCCF2,0xCCF2,0xCCF2,0xD4F2,0xD512,0xD512,0xD512,0xD512,0xD512,
0xD532,0xD532,0xD532,0xD532,0xD532,0xD552,0xDD52,0xDD52,0xDD73,0xDD73,0xDD73,0xE573,0xE573,0xE593,0xE593,0xE572,
0xE572,0xED72,0xED92,0xED92,0xED92,0xED92,0xED92,0xED92,0xED92,0xEDB2,0xEDB2,0xEDB2,0xED92,0xED92,0xED92,0xED91,
0xE591,0xE5B1,0xEDB1,0xEDB1,0xEDB2,0xF5D2,0xF5D1,0xF5D1,0xFDD1,0xFDF1,0xFDF1,0xFDF1,0xFE11,0xFDF1,0xFDF1,0xF5F0,
0xFDF0,0xFDF0,0xFDF0,0xFDF0,0xFE10,0xFE10,0xFE2F,0xFE2F,0xFE2F,0xFE2F,0xFE4F,0xFE4E,0xFE4E,0xFE4E,0xFE6E,0xFE6F,
0xFE4F,0xFE50,0xFEB1,0xFEF3,0xFF14,0xFF35,0xFF57,0xFF59,0xFF7B,0xFF7C,0xFF7D,0xFF9D,0xFF9C,0xFF9B,0xF79A,0xFF78,
0xFF56,0xFF36,0xFF57,0xFF57,0xFF37,0xFF37,0xFF36,0xFF36,0xF735,0xF735,0xF735,0xF735,0xF736,0xFF58,0xFF59,0xFF7A,
0xFF9B,0xFF7A,0xFF7A,0xFF79,0xFF59,0xFF37,0xF6D6,0xF694,0xE5D1,0xDD70,0xDD0F,0xDCCE,0xD44C,0xCBCA,0xCB8A,0xCB8A,
0xCB28,0xCB08,0xCAE8,0xCAC8,0xC2A7,0xC287,0xBA46,0xBA26,0xB206,0xB206,0xB1E6,0xA9C6,0xA9A6,0xA185,0x9965,0x9144,
0x8944,0x8144,0x8123,0x8103,0x7903,0x7903,0x7103,0x7103,0x6903,0x6103,0x6103,0x6103,0x5903,0x5903,0x50E2,0x50C2,
0x48A2,0x48A3,0x48C3,0x48A3,0x40C3,0x40A2,0x38A2,0x38A2,0x3082,0x3082,0x3082,0x3082,0x3082,0x3082,0x3082,0x3082,
0x38A2,0x38A2,0x38A2,0x38A2,0x38C3,0x38C3,0x38C2,0x30C2,0x30A2,0x30A2,0x30C2,0x30C3,0x30C3,0x30C3,0x30C2,0x30C2,
0x1883,0x1062,0x2905,0x3947,0x1864,0x2085,0x4169,0x498A,0x418A,0x520C,0x624E,0x5A6E,0x5A4E,0x5A4E,0x5A4E,0x522E,
0x5A4E,0x5A4F,0x5A4F,0x5A4F,0x5A6F,0x5A6F,0x626F,0x626F,0x5A4F,0x5A4F,0x626F,0x626F,0x626F,0x626F,0x6270,0x6270,
0x626F,0x626F,0x626F,0x626F,0x626F,0x626F,0x626F,0x6A6F,0x6A90,0x6A90,0x6AB0,0x6A90,0x6A90,0x72B0,0x72B0,0x72D0,
0x72D0,0x7AD1,0x7AF1,0x7AD1,0x7AD0,0x72B0,0x72B0,0x72B0,0x7AB0,0x7AB0,0x7AD1,0x82F1,0x82F1,0x8311,0x8B11,0x8B11,
0x8AF1,0x8AF1,0x8B12,0x8B12,0x8B12,0x8B12,0x8B12,0x8AF2,0x82D1,0x8AF1,0x9312,0x9312,0x92F1,0x92F1,0x9311,0x9B12,
0x8AF2,0x8AD2,0x8AD2,0x92F3,0x9313,0x9313,0x9333,0x9B53,0x9B53,0x9B53,0x9B93,0xA3B3,0xA3B4,0xA3B3,0xA3B3,0x9B92,
0xA392,0xA392,0xA3B2,0xA3B3,0x9BD3,0x9BB3,0x93B3,0x9392,0x93D3,0x93D3,0x93D3,0x93D3,0x93B3,0x93B2,0x93B2,0x93B2,
0xA3F4,0xA3F3,0xA3D3,0xA3B2,0xA3B1,0xA3B1,0xA3D1,0xABF1,0xB451,0xBC72,0xC4B2,0xCCF3,0xCCF3,0xCCF2,0xCCF2,0xCCD2,
0xCCF2,0xCCF3,0xCCF3,0xCCF3,0xCCF3,0xCCF3,0xCCF2,0xCCF2,0xCCF2,0xCCF2,0xCCF2,0xCCF2,0xCD12,0xCD12,0xCD12,0xCD12,
0xD532,0xD533,0xD533,0xD532,0xD533,0xD532,0xD533,0xD533,0xDD73,0xDD73,0xDD73,0xDD73,0xDD73,0xE573,0xE573,0xE573,
0xE573,0xED73,0xED73,0xED73,0xED73,0xED73,0xED73,0xED73,0xED93,0xED93,0xF5B3,0xF5B3,0xED93,0xED93,0xED72,0xED72,
0xE571,0xE592,0xE592,0xED92,0xEDB2,0xF5B2,0xF5B2,0xF5D2,0xF5D2,0xF5D2,0xFDF2,0xFDF2,0xFDF2,0xFDF2,0xFDF1,0xF5D1,
0xF5D0,0xFDD0,0xFDD0,0xF5F0,0xFDEF,0xFDEF,0xFE0F,0xFE0F,0xFE0F,0xFE0F,0xFE2E,0xFE2E,0xFE4E,0xFE4E,0xFE4E,0xFE4F,
0xFE2F,0xFE50,0xFE91,0xFEF3,0xFF34,0xFF35,0xFF57,0xFF79,0xFF9C,0xFF9D,0xFF9D,0xFF9D,0xFFBC,0xFFBB,0xFF9A,0xFF79,
0xFF57,0xFF57,0xFF58,0xFF58,0xFF58,0xFF58,0xFF78,0xFF78,0xFF56,0xFF56,0xFF56,0xFF57,0xFF58,0xFF79,0xFF7A,0xFF7B,
0xFF9C,0xFF7B,0xFF7B,0xFF7A,0xFF7A,0xFF39,0xF6B7,0xF675,0xE5D3,0xEDB3,0xF572,0xECF0,0xE48E,0xE42D,0xDBED,0xDBAC,
0xDB8B,0xDB8A,0xDB6A,0xD329,0xCAE9,0xCAC8,0xC2A8,0xC268,0xC248,0xBA47,0xBA27,0xB207,0xB1E7,0xA9A6,0xA186,0x9985,
0x9165,0x8964,0x8944,0x8124,0x8124,0x7944,0x7944,0x7144,0x7124,0x6923,0x6923,0x6123,0x6123,0x5923,0x5903,0x50E3,
0x50E3,0x50E3,0x48E3,0x48E3,0x48E3,0x40C3,0x40C3,0x40C3,0x38A2,0x38A2,0x38A2,0x30A2,0x30A2,0x30A2,0x38A2,0x38A2,
0x38A2,0x38A2,0x38A2,0x38C3,0x38C3,0x38E3,0x38E3,0x38E3,0x30C2,0x38C2,0x38C3,0x38E3,0x38E3,0x38E3,0x38E3,0x30C3,
0x1082,0x1082,0x1883,0x20C4,0x20C5,0x20C5,0x3107,0x418A,0x49CB,0x522D,0x626F,0x5A6F,0x5A4F,0x5A6F,0x5A6F,0x522E,
0x5A6F,0x5A6F,0x6270,0x6290,0x6290,0x6290,0x6290,0x6290,0x6270,0x6290,0x6A90,0x6A90,0x6AB1,0x6AB1,0x6AB1,0x6A90,
0x6A90,0x6A90,0x6AB0,0x6AB0,0x6A90,0x6A90,0x6AB0,0x6AB0,0x72B0,0x72B0,0x72B0,0x72D1,0x72D1,0x72D1,0x72D1,0x7AD1,
0x7B11,0x7B11,0x8312,0x8311,0x7B11,0x7AF1,0x7AF1,0x7AF0,0x82F1,0x82F1,0x8311,0x8B32,0x8B32,0x8B52,0x9352,0x9352,
0x9332,0x9331,0x9352,0x9352,0x9352,0x8B52,0x8B52,0x9352,0x9373,0x9352,0x9332,0x9311,0x9311,0x9311,0x9B31,0x9B52,
0x9332,0x9332,0x9332,0x9B53,0x9B53,0x9B52,0x9B72,0xA393,0xA3B3,0xA3B3,0xA3D3,0xABF3,0xAC13,0xAC13,0xABF3,0xA3D2,
0xABB2,0xABD2,0xABF3,0xAC13,0xAC14,0xAC14,0xA414,0xA413,0xA3F3,0xA414,0xA414,0xA434,0xA434,0xA434,0xAC34,0xAC54,
0xA413,0xAC34,0xAC54,0xB474,0xB453,0xAC32,0xAC11,0xA3F0,0xAC31,0xB451,0xBCB2,0xC4F3,0xC4F3,0xC4F2,0xC4F2,0xC4D2,
0xCCF3,0xCCF3,0xCCF3,0xCCF3,0xCCF3,0xCCF3,0xCCF3,0xCCF3,0xCCF3,0xCCF3,0xCCF3,0xCCF3,0xCD12,0xCD12,0xCD12,0xCD12,
0xCD13,0xCD13,0xCD13,0xCD13,0xCD13,0xD533,0xD533,0xD533,0xDD54,0xDD54,0xDD54,0xDD53,0xDD53,0xDD53,0xDD53,0xDD53,
0xE553,0xE553,0xE553,0xE553,0xE573,0xE573,0xE573,0xE573,0xED73,0xED73,0xED73,0xED73,0xE573,0xE553,0xE552,0xE532,
0xDD31,0xDD51,0xE552,0xE552,0xE572,0xED92,0xED92,0xF592,0xF591,0xF591,0xF5B1,0xF5B2,0xF5D1,0xF5B1,0xF5B1,0xF5B1,
0xF5B0,0xF5B0,0xF5AF,0xF5AF,0xF5CF,0xF5CF,0xF5EF,0xF5EF,0xF5EE,0xF5EE,0xF5EE,0xF60E,0xF60E,0xF60E,0xF60E,0xF60E,
0xF62E,0xF62E,0xF66F,0xFEB0,0xFED2,0xFEF3,0xFF15,0xFF37,0xFF59,0xFF59,0xFF3A,0xFF39,0xFF59,0xFF58,0xFF57,0xFF36,
0xFF16,0xFEF6,0xFF16,0xFF17,0xFF17,0xFF17,0xFF37,0xFF57,0xFF16,0xFF16,0xFF36,0xFF37,0xFF58,0xFF39,0xFF5A,0xFF5A,
0xFF7B,0xFF7B,0xFF5B,0xFF3A,0xFEF9,0xF6B7,0xEE35,0xEDD4,0xF5D3,0xF572,0xECF1,0xE48F,0xE42E,0xDBED,0xDBAD,0xDB8C,
0xDB4A,0xDB4A,0xD32A,0xCAC9,0xC2A8,0xC288,0xBA68,0xBA27,0xB227,0xB207,0xB1E7,0xA9C7,0xA9C6,0xA186,0x9965,0x9145,
0x8944,0x8144,0x8124,0x7904,0x7903,0x7924,0x7103,0x7103,0x6923,0x6123,0x6103,0x5903,0x5903,0x5103,0x50E3,0x50E3,
0x48E3,0x48E3,0x48E3,0x48E3,0x40E3,0x40C3,0x38E3,0x38C3,0x38A2,0x30A2,0x30A2,0x30A2,0x30A2,0x30A2,0x30A2,0x30A2,
0x3082,0x3082,0x30A2,0x38A2,0x38C3,0x38E3,0x38C3,0x30C2,0x30A2,0x30C2,0x38C3,0x38E3,0x38E3,0x30E3,0x30C2,0x30C2,
0x1061,0x2104,0x18A3,0x1063,0x28E5,0x20A5,0x3107,0x628E,0x5A4E,0x628F,0x626F,0x5A2E,0x5A4F,0x5A70,0x6290,0x5A70,
0x5A70,0x6270,0x6290,0x6290,0x62B0,0x6AB0,0x6AB0,0x6AB0,0x6AB1,0x6AB1,0x72D1,0x72D1,0x72F2,0x72D1,0x72D1,0x72D1,
0x72F1,0x72F1,0x72F1,0x72F1,0x72F1,0x72F1,0x72F1,0x7AF1,0x72F1,0x7AF1,0x7AF1,0x7B12,0x7B12,0x7B12,0x7B12,0x8332,
0x8332,0x8332,0x8352,0x8332,0x8332,0x8311,0x8311,0x8311,0x8B32,0x8B32,0x8B52,0x9352,0x9373,0x9373,0x9393,0x9B93,
0x9BB3,0x9BB3,0x9BB3,0x9BB3,0x9BB3,0x9BB3,0x9BB3,0x9BB3,0x9B93,0x9B93,0x9BB3,0xA3B3,0xA3B4,0xA3B3,0xA393,0x9B93,
0x9B93,0x9B92,0x9B92,0x9BB3,0x9BB3,0x9BB3,0x9BB3,0xA3F3,0xA3D3,0xA3F3,0xAC13,0xAC33,0xAC34,0xAC53,0xAC33,0xAC13,
0xB454,0xB454,0xB454,0xB454,0xB434,0xAC34,0xAC54,0xAC54,0xAC75,0xAC75,0xAC75,0xB475,0xAC75,0xB475,0xB475,0xB495,
0xB4B5,0xB495,0xB494,0xB494,0xAC94,0xB494,0xB4B4,0xBCB4,0xB493,0xBC93,0xBCB3,0xBCD3,0xBCF3,0xC4F3,0xC513,0xCD14,
0xC4F3,0xCCF4,0xCCF4,0xCCF4,0xCCF4,0xCCF4,0xCCF4,0xCCF4,0xC4F3,0xC4F3,0xC4F3,0xC513,0xC513,0xC513,0xC513,0xC513,
0xCD13,0xCD13,0xCD13,0xCD13,0xCD13,0xCD13,0xCD13,0xCD14,0xD534,0xD534,0xD534,0xD554,0xD554,0xDD34,0xDD34,0xDD34,
0xDD33,0xDD33,0xE533,0xE553,0xE553,0xE553,0xE553,0xE553,0xDD33,0xE553,0xE553,0xE553,0xDD33,0xDD32,0xDD12,0xDD11,
0xD4F1,0xD511,0xDD11,0xDD31,0xE531,0xE551,0xED51,0xED51,0xED51,0xED71,0xF571,0xF591,0xF591,0xF591,0xED70,0xED70,
0xED90,0xED8F,0xED8F,0xED8F,0xED8F,0xEDAF,0xF5CF,0xF5CF,0xEDAE,0xEDCE,0xF5CE,0xF5CE,0xF5EE,0xF5ED,0xF5ED,0xF5ED,
0xF60D,0xEE0D,0xF62D,0xF64E,0xF66F,0xF670,0xF692,0xFED3,0xF6B4,0xF6B5,0xF695,0xF695,0xF6B4,0xF6B4,0xF6D4,0xF6B3,
0xF693,0xF673,0xF673,0xF674,0xF674,0xEE73,0xF694,0xF6B4,0xF6B3,0xF6D4,0xFED4,0xFEF5,0xFF16,0xFEF7,0xFEF8,0xFEF8,
0xF6F9,0xF71A,0xFEF9,0xF6B8,0xEE56,0xE5D4,0xDD52,0xDD11,0xDCD0,0xDC4E,0xD3ED,0xD3AC,0xD38C,0xD34B,0xCAEA,0xC2A9,
0xC268,0xC268,0xC268,0xBA27,0xB1E6,0xB206,0xB206,0xA9E6,0xA1C6,0xA1A5,0x9985,0x9985,0x9165,0x8944,0x8924,0x8103,
0x7904,0x7903,0x70E3,0x70E3,0x68E3,0x68E3,0x60E3,0x60E3,0x60E3,0x58E3,0x50C2,0x50C2,0x48C2,0x48C2,0x48C2,0x40C2,
0x40A2,0x40A2,0x40A2,0x38A2,0x38A2,0x38A2,0x30A2,0x30A2,0x3082,0x2882,0x2882,0x2881,0x2882,0x2882,0x2882,0x2882,
0x2882,0x2881,0x3082,0x30A2,0x30C2,0x30C2,0x30A2,0x30A2,0x30A2,0x30A2,0x30C2,0x30E3,0x30E3,0x30C2,0x30C2,0x28A2,
0x18E3,0x2104,0x2945,0x3166,0x2906,0x20A5,0x20A6,0x28E8,0x3109,0x522E,0x6290,0x5A70,0x62B1,0x62D2,0x6291,0x62B1,
0x6291,0x62B1,0x6290,0x62B1,0x6AD1,0x6AD1,0x6290,0x6290,0x6AD1,0x72F2,0x7312,0x72F2,0x72F2,0x7B12,0x7312,0x72D1,
0x72F2,0x7312,0x7312,0x72F1,0x72D1,0x72D1,0x7B12,0x8353,0x7B12,0x7AF1,0x7AF1,0x7B12,0x7B32,0x8332,0x7B12,0x7B11,
0x7B11,0x7B31,0x7B31,0x7B11,0x7B11,0x8331,0x8B52,0x8B72,0x8B72,0x8B52,0x8B52,0x9352,0x9372,0x9373,0x9372,0x9352,
0x9392,0x9392,0x9392,0x9392,0x9392,0x9392,0x9393,0x93B3,0x93B3,0x9372,0x9373,0x9BD4,0xA3D4,0x9B93,0x9B93,0xA3D3,
0x9BB2,0x9BD2,0xA3D3,0x9BD3,0x9BD3,0x9BD3,0xA3F3,0xA413,0xA3F3,0xA3F3,0xA413,0xA414,0xA414,0xA434,0xA434,0xA434,
0xAC35,0xAC35,0xAC35,0xAC55,0xAC55,0xAC55,0xAC75,0xAC74,0xAC54,0xAC54,0xAC74,0xAC74,0xB474,0xB475,0xB475,0xB495,
0xACB4,0xACB4,0xACB4,0xACB4,0xACB4,0xB4B4,0xB4B4,0xB4B4,0xB4B4,0xB4D4,0xBCD4,0xBCD4,0xBCD4,0xBCD4,0xBCF4,0xBCF4,
0xBCD4,0xBCD4,0xBCD4,0xBCD4,0xBCD4,0xBCD4,0xBCD4,0xBCD3,0xBCD3,0xBCD3,0xBCD3,0xC4F3,0xC4F3,0xC4F3,0xC4F3,0xC513,
0xC4F4,0xC4F4,0xC4F4,0xC4F3,0xC4D3,0xC4F3,0xC4D3,0xC4D3,0xCD14,0xCD14,0xCD13,0xCCF3,0xCCF3,0xCCF3,0xCCF3,0xD4F3,
0xD4F3,0xD4F3,0xD4F3,0xD513,0xD513,0xD513,0xD513,0xD513,0xD4F2,0xD4F2,0xD4F2,0xD4F2,0xD4D2,0xD4D2,0xD4D1,0xD4D1,
0xD4F1,0xD4F1,0xD4F1,0xDCF1,0xDCF1,0xE511,0xED32,0xED52,0xED31,0xED51,0xED51,0xED51,0xED50,0xED50,0xED50,0xED70,
0xED6F,0xED8F,0xED8F,0xED8F,0xED8F,0xEDAF,0xEDAE,0xEDAE,0xEDAE,0xEDAE,0xEDCE,0xEDCE,0xEDCD,0xEDCD,0xF5CD,0xF5ED,
0xEE0D,0xEE0C,0xEE0D,0xEE0D,0xEE0D,0xEE0E,0xEE0F,0xEE0F,0xEDEF,0xEE10,0xF631,0xF651,0xF651,0xF650,0xF650,0xF650,
0xF630,0xEE10,0xF630,0xF611,0xEDF0,0xF611,0xF651,0xEE10,0xF671,0xF651,0xFE92,0xFEB3,0xFE93,0xF674,0xF654,0xEE14,
0xE615,0xEE56,0xF656,0xEDF4,0xDD72,0xDD11,0xDCF0,0xE4D0,0xD42D,0xD3CC,0xC32A,0xC2C8,0xBA88,0xBA47,0xBA26,0xB1E6,
0xB1E6,0xB1C6,0xB1A6,0xA9A5,0xA9A5,0xA1A5,0x9985,0x9985,0x9165,0x8964,0x8924,0x8123,0x7903,0x7903,0x70E3,0x7103,
0x68E3,0x60C3,0x60C3,0x60C3,0x58C3,0x58C3,0x58C3,0x50C3,0x48A2,0x48A2,0x40A2,0x40A2,0x40C2,0x38A2,0x38A2,0x38A2,
0x38A2,0x38A2,0x38A2,0x30A2,0x30A2,0x30A2,0x28A2,0x28A2,0x2081,0x2081,0x2081,0x2081,0x2081,0x2061,0x2882,0x2882,
0x2061,0x2881,0x2881,0x2081,0x2081,0x2081,0x2081,0x2061,0x2081,0x2081,0x2081,0x20A2,0x20A2,0x20A2,0x2081,0x2081,
0x18E3,0x39C6,0x2945,0x18C4,0x3988,0x2906,0x0824,0x1886,0x28C8,0x4A0E,0x62B1,0x6291,0x6291,0x5A91,0x5A71,0x62B2,
0x62D1,0x6AD1,0x62B1,0x6290,0x62D1,0x6AB1,0x62B1,0x6AD1,0x6290,0x62B1,0x6AB1,0x6291,0x6291,0x6AB1,0x6AB1,0x6290,
0x6290,0x6AB0,0x6AD1,0x72F1,0x72F1,0x6AD1,0x6AD1,0x6AF1,0x6AD1,0x6AD1,0x72D1,0x72D0,0x6AD0,0x6AB0,0x6AB0,0x6AB0,
0x72F1,0x7311,0x7B11,0x7B11,0x7AF0,0x7AF0,0x7AF0,0x7AF1,0x8352,0x8331,0x8311,0x8311,0x8311,0x8311,0x8331,0x8331,
0x8B31,0x8310,0x8330,0x8B71,0x8B72,0x8351,0x8352,0x8B73,0x8B52,0x8332,0x8332,0x8B72,0x8B52,0x8B31,0x8B11,0x8B31,
0x8B30,0x8B30,0x8B51,0x8B51,0x8B30,0x8B30,0x8B31,0x8B51,0x8B51,0x8B51,0x8B72,0x8B72,0x8B72,0x8B72,0x8B92,0x8B92,
0x8B93,0x8B93,0x8B93,0x8BB3,0x8BB3,0x8BB2,0x8BB2,0x8BB2,0x93B2,0x93D2,0x93D2,0x93D2,0x9BD2,0x9BD2,0x9BD2,0x9BF2,
0x9C12,0x9432,0x9432,0x9432,0x9C33,0x9C33,0x9C33,0x9C33,0xA453,0xA453,0xA453,0xA453,0xA454,0xAC74,0xAC74,0xAC73,
0xB493,0xB473,0xB473,0xB473,0xB493,0xB493,0xB493,0xB493,0xB473,0xB472,0xB492,0xB493,0xB493,0xB493,0xB4B3,0xB4B3,
0xB4B3,0xBCB3,0xBCB3,0xBCB3,0xBCB3,0xBCB3,0xBCB3,0xBCB3,0xBCB3,0xC4B3,0xC4B3,0xC4B3,0xC4B3,0xC4B3,0xC4B3,0xC4B3,
0xC4B2,0xC4B2,0xC4B2,0xCCD2,0xCCD2,0xCCD2,0xCCD2,0xCCD2,0xCCD2,0xCCD2,0xCCB2,0xCCB1,0xCCB1,0xCC91,0xCCB1,0xCCB1,
0xCCB1,0xD4B1,0xD4D1,0xDCD1,0xDCD1,0xDCF1,0xE4F1,0xED11,0xE4F0,0xED10,0xED30,0xED30,0xED30,0xED30,0xF550,0xED50,
0xED4F,0xED6F,0xED6F,0xED6F,0xED6F,0xED8F,0xED8E,0xED8E,0xED8E,0xED8E,0xED8E,0xEDAD,0xEDAD,0xF5AD,0xF5AD,0xF5CD,
0xEDCC,0xEDEC,0xEDED,0xEDCD,0xEDED,0xF5ED,0xF5EE,0xF5EE,0xF5EF,0xF5CE,0xEDAE,0xF5AE,0xF5EE,0xFDEE,0xFDED,0xF5CD,
0xEDAD,0xEDAD,0xEDAE,0xEDAD,0xED8D,0xF5CE,0xFE0F,0xF60F,0xFE2F,0xF5EF,0xFE30,0xFE31,0xF5F1,0xF5D0,0xF5B1,0xED91,
0xE572,0xE5B3,0xED92,0xE551,0xDCF0,0xDC8F,0xDC4D,0xD3EC,0xD3AB,0xCB4A,0xC2C8,0xBA87,0xBA47,0xBA26,0xB1E5,0xB1C5,
0xB1C6,0xB1A6,0xA985,0xA985,0xA185,0x9985,0x9165,0x9165,0x8144,0x8144,0x7923,0x7103,0x6903,0x68E3,0x60E3,0x60E3,
0x58C3,0x58C3,0x50C3,0x50C3,0x50A3,0x48A3,0x48A3,0x40A3,0x40A3,0x40A2,0x38A3,0x38A2,0x38A3,0x30A2,0x30A2,0x30A2,
0x30A2,0x30A2,0x30A2,0x28A2,0x28A2,0x28A1,0x20A1,0x20A2,0x2081,0x2081,0x2081,0x2081,0x2081,0x2081,0x2081,0x2081,
0x2081,0x2081,0x2081,0x2081,0x2081,0x2081,0x2081,0x2081,0x1861,0x1881,0x1881,0x1881,0x1881,0x1881,0x1861,0x1861,
0x2124,0x2945,0x2925,0x2925,0x3167,0x39A9,0x3969,0x2908,0x2909,0x4A0E,0x5A90,0x5A70,0x5A71,0x5271,0x5251,0x5A91,
0x5A90,0x62B0,0x5A6F,0x524F,0x5A6F,0x524F,0x522F,0x5A6F,0x5A70,0x5A90,0x6290,0x6290,0x6290,0x6290,0x6290,0x6290,
0x5A8F,0x5A8F,0x6290,0x62B0,0x62B0,0x62B0,0x6290,0x628F,0x5A6F,0x628F,0x6290,0x6290,0x628F,0x628F,0x62AF,0x6AD0,
0x626F,0x628F,0x6AAF,0x6AD0,0x6AB0,0x6AAF,0x6A8F,0x6A8F,0x72D0,0x72D0,0x72AF,0x72AF,0x728F,0x728F,0x72AF,0x72CF,
0x7AD0,0x72AF,0x72CF,0x7B11,0x7B11,0x72D0,0x72D0,0x7B11,0x72B0,0x72B0,0x72B0,0x72B0,0x72B0,0x728F,0x728F,0x728F,
0x72B0,0x7AD0,0x7AD0,0x7AD0,0x72B0,0x72B0,0x72B0,0x72B0,0x72D1,0x72D1,0x72D1,0x72D1,0x72D1,0x72D1,0x72F2,0x6AF2,
0x6AF2,0x6B12,0x6B11,0x6B11,0x6B11,0x6B11,0x7331,0x7330,0x7331,0x7330,0x7B30,0x7B30,0x8351,0x8350,0x8351,0x8351,
0x8371,0x7B70,0x7B71,0x7B91,0x7B91,0x8391,0x8392,0x83B2,0x83B2,0x83B3,0x8BB3,0x8BD3,0x93D3,0x93D3,0x93D3,0x93F3,
0x9C12,0x9C12,0x9C12,0x9C12,0x9C12,0xA432,0xA432,0xA432,0xA432,0xA432,0xA432,0xA452,0xAC52,0xAC52,0xAC52,0xAC52,
0xAC52,0xAC52,0xAC52,0xAC72,0xB472,0xB473,0xB472,0xB493,0xB472,0xBC72,0xBC72,0xBC73,0xBC72,0xBC72,0xBC72,0xBC72,
0xBC92,0xBC92,0xBC92,0xBC92,0xC492,0xC492,0xC492,0xC491,0xC491,0xC491,0xC491,0xC471,0xC470,0xC470,0xC470,0xC470,
0xC450,0xCC70,0xD490,0xD490,0xDC90,0xDCB0,0xDCB0,0xE4B0,0xE4AF,0xE4CF,0xECEF,0xECEF,0xECEF,0xED0F,0xED0F,0xED2F,
0xED2F,0xE52E,0xE54E,0xED4E,0xED4E,0xED4E,0xED4E,0xED4E,0xED6E,0xED6D,0xED6D,0xED6D,0xED6D,0xED6D,0xF58D,0xF58D,
0xEDAD,0xEDAC,0xED8D,0xEDAD,0xED8D,0xF5AD,0xF5AD,0xF5AE,0xFDAE,0xF58D,0xF56D,0xF56C,0xFD6C,0xFD8C,0xFD6C,0xF54B,
0xED6B,0xF5CD,0xFDCD,0xF5AD,0xFDCD,0xFDAD,0xF5AD,0xFDAD,0xFDAD,0xF58C,0xF58D,0xF56D,0xECED,0xE4CC,0xE4ED,0xE4CE,
0xE4EF,0xDCCF,0xDCAE,0xDC8E,0xDC6E,0xDC0D,0xD38B,0xC309,0xCAE9,0xC2A8,0xBA67,0xBA26,0xBA06,0xB1E5,0xB1C5,0xA9A4,
0xA985,0xA985,0xA165,0x9965,0x9965,0x9144,0x8944,0x8144,0x7924,0x7123,0x6903,0x6103,0x58E3,0x58E2,0x50E2,0x50E3,
0x48C3,0x48C3,0x48C3,0x48A3,0x40A3,0x40A3,0x38A3,0x38A3,0x38A3,0x30A3,0x30A3,0x30A2,0x30A3,0x28A3,0x28A2,0x28A2,
0x28A2,0x28A2,0x28A2,0x20A2,0x20A1,0x20A1,0x18A1,0x18A1,0x1881,0x1881,0x1881,0x1881,0x1881,0x1881,0x1881,0x1881,
0x1881,0x1881,0x1881,0x1881,0x1881,0x1881,0x1882,0x1882,0x1861,0x1881,0x1881,0x1881,0x1881,0x1061,0x1061,0x1061,
0x2125,0x18E4,0x2946,0x39A8,0x39A9,0x4A0B,0x5AAE,0x5A6E,0x524E,0x5A8F,0x5A90,0x5270,0x5A91,0x5AB2,0x5AB1,0x5A91,
0x6B12,0x7352,0x6B32,0x6B12,0x6B12,0x62D1,0x5AB0,0x62D1,0x5A8F,0x5A90,0x5A6F,0x5A6F,0x5A6F,0x5A6F,0x5A90,0x5A6F,
0x5AB0,0x5A6F,0x524E,0x522E,0x524F,0x5A6F,0x5A6F,0x5A6F,0x524E,0x5A4E,0x5A6F,0x628F,0x5A8F,0x628F,0x628F,0x628F,
0x5A6E,0x5A6E,0x628F,0x62AF,0x6AAF,0x6AAF,0x6AAF,0x6AAF,0x626E,0x6A8F,0x6AAF,0x72AF,0x72AF,0x6AAF,0x6AAF,0x72AF,
0x6A8F,0x6A8F,0x6A8F,0x6A8F,0x628F,0x626F,0x5A4F,0x5A6F,0x5A4F,0x5A6F,0x5A6F,0x5A4E,0x5A4E,0x624F,0x624E,0x624E,
0x6A6F,0x6A6F,0x6A8F,0x6A8F,0x6A8F,0x6A8F,0x626F,0x6290,0x6290,0x6290,0x6270,0x6270,0x6271,0x6271,0x5A91,0x5A91,
0x5AB1,0x5AB1,0x5AB1,0x5AB0,0x5AB0,0x5AD0,0x5AD0,0x5ACF,0x62CF,0x62CF,0x62CF,0x62CF,0x6AEF,0x6AF0,0x6AF0,0x6AF0,
0x6AEF,0x6B10,0x6B10,0x6B10,0x6B10,0x6B31,0x7331,0x7331,0x7352,0x7352,0x7B52,0x7B72,0x8372,0x8393,0x8393,0x8B92,
0x8BB2,0x8BB1,0x8BB1,0x8BB1,0x93D1,0x93D1,0x93D1,0x93D1,0x9BF2,0x9BF1,0x9BF1,0x9BF1,0x9BF2,0x9BF1,0x9BF1,0x9C12,
0x9BF1,0x9BF1,0x9C11,0xA411,0xA432,0xA432,0xA432,0xAC32,0xAC32,0xAC32,0xAC32,0xB432,0xB432,0xB432,0xB432,0xB452,
0xB451,0xB451,0xB451,0xB451,0xB451,0xB451,0xBC51,0xBC51,0xBC50,0xBC50,0xBC30,0xBC30,0xBC2F,0xBC2F,0xBC2F,0xC42F,
0xC42F,0xCC2F,0xCC4F,0xCC4F,0xD44F,0xD44F,0xDC6F,0xDC6F,0xDC6E,0xE48E,0xE48E,0xE4AE,0xE4AE,0xE4AE,0xE4CE,0xE4CE,
0xE4EE,0xE4EE,0xE50D,0xE50D,0xED0D,0xED0D,0xED2D,0xED2D,0xED2D,0xED2C,0xED2C,0xED2C,0xED2C,0xED2C,0xED4C,0xED4C,
0xED6C,0xED4C,0xED4C,0xF54D,0xF54D,0xF54D,0xF54D,0xF54D,0xF52C,0xFD4D,0xFD6D,0xFD4C,0xFD4B,0xFD2B,0xFD2B,0xFD2B,
0xF56B,0xFDCD,0xFDAC,0xF56B,0xFDAC,0xFD8C,0xF54B,0xFD6C,0xF52B,0xECEA,0xECCA,0xEC8A,0xDC29,0xDBE9,0xDC0A,0xDC2B,
0xDC4C,0xDC2C,0xD3EC,0xD3EB,0xDBCB,0xD38B,0xCB09,0xC2A7,0xC267,0xBA46,0xBA06,0xB1E5,0xB1E5,0xB1C5,0xA9A4,0xA184,
0xA165,0x9965,0x9144,0x9144,0x8944,0x8124,0x7923,0x7123,0x6923,0x6123,0x5903,0x5903,0x50E3,0x50E3,0x48E2,0x48E3,
0x40C3,0x40C3,0x40C3,0x40C3,0x38C3,0x38A3,0x30A3,0x30C3,0x28A3,0x28A3,0x28A2,0x28A2,0x28A2,0x20A2,0x20A2,0x20A2,
0x2082,0x2082,0x2082,0x2082,0x1881,0x18A1,0x18A1,0x18A2,0x1881,0x1081,0x1081,0x1081,0x1081,0x1881,0x1881,0x1881,
0x1061,0x1061,0x1061,0x1061,0x1081,0x1081,0x1882,0x18A2,0x1081,0x1081,0x1081,0x1081,0x1081,0x1081,0x1061,0x1061,
0x2105,0x2926,0x2926,0x39A9,0x526C,0x4A2C,0x420C,0x5AAF,0x5A6F,0x524F,0x524F,0x524F,0x4A4F,0x5270,0x4A70,0x4A4F,
0x4A4F,0x528F,0x526F,0x4A6F,0x524F,0x4A2E,0x420D,0x4A2E,0x4A2E,0x4A2E,0x4A2E,0x4A2E,0x4A2E,0x4A2E,0x4A2E,0x4A2E,
0x526F,0x4A2E,0x420D,0x41ED,0x4A0D,0x4A2E,0x4A2E,0x4A2E,0x4A2E,0x4A2E,0x524E,0x526E,0x526F,0x526E,0x524E,0x522D,
0x524E,0x524E,0x524E,0x524E,0x5A4E,0x5A4E,0x5A4E,0x5A4E,0x520D,0x5A2D,0x5A4E,0x5A4E,0x5A4D,0x5A2D,0x5A2D,0x5A4D,
0x624E,0x6A8F,0x628F,0x5A2E,0x520D,0x522E,0x520D,0x49CD,0x522E,0x522E,0x522E,0x520D,0x520D,0x522E,0x522E,0x520D,
0x520D,0x520D,0x520E,0x522E,0x5A2E,0x5A2E,0x5A4F,0x524F,0x522F,0x522F,0x522F,0x4A2F,0x4A0F,0x4A2F,0x522F,0x4A2F,
0x4A4F,0x4A4F,0x4A4F,0x4A6F,0x4A6F,0x4A6E,0x4A6E,0x4A6E,0x4A6E,0x526E,0x526E,0x526E,0x528F,0x528F,0x5A8F,0x5A8F,
0x5AAF,0x5AAF,0x5AB0,0x5AD0,0x62F0,0x62F1,0x62F1,0x6311,0x6B11,0x6B11,0x6B11,0x7332,0x7332,0x7B52,0x7B52,0x7B72,
0x7B71,0x8371,0x8391,0x8391,0x8391,0x8391,0x8B91,0x8B91,0x8B91,0x8B90,0x8B91,0x8B91,0x8B91,0x9391,0x93B1,0x93B1,
0x93D0,0x93D0,0x93D1,0x9BD1,0x9BD1,0x9BD1,0x9BD1,0x9BD1,0x9BD1,0x9BD0,0xA3D0,0xA3D0,0xA3D0,0xA3D0,0xA3D0,0xA3D0,
0xA3F0,0xA3F0,0xA3F0,0xA3F0,0xABEF,0xABEF,0xABEF,0xABEF,0xB3CF,0xB3CF,0xB3CE,0xB3CE,0xB3CE,0xB3CE,0xBBCE,0xBBCE,
0xC3EE,0xC3EE,0xC3EE,0xC3EE,0xCBED,0xCC0D,0xD42D,0xDC2E,0xDC2D,0xDC4D,0xE44D,0xE46D,0xE46C,0xE46C,0xE46C,0xE48C,
0xE4AC,0xE4AC,0xE4AD,0xE4AC,0xECCC,0xECCC,0xECCC,0xECCC,0xECCC,0xECCB,0xECCB,0xECCB,0xECCB,0xECEB,0xECEB,0xECEB,
0xED0B,0xECEB,0xECEC,0xF50C,0xF50C,0xECEC,0xF4EC,0xF50C,0xF4EB,0xF50C,0xF50B,0xF4EB,0xF4EB,0xFCEB,0xFD0B,0xF4EB,
0xECEA,0xF52B,0xECEA,0xECA9,0xF52B,0xFD2B,0xF50A,0xFD0B,0xEC89,0xE428,0xE3E8,0xDBC8,0xD347,0xD348,0xDB69,0xDB8A,
0xDBAA,0xD38A,0xD34A,0xD349,0xD329,0xD2E9,0xCA88,0xC247,0xBA06,0xBA06,0xB1E5,0xB1C5,0xA9C5,0xA9A5,0xA184,0x9964,
0x9164,0x9144,0x8944,0x8123,0x7923,0x7123,0x6903,0x6103,0x5903,0x5903,0x50E3,0x48E3,0x48E3,0x48E3,0x40C3,0x40C3,
0x38C3,0x38E3,0x38C3,0x38C3,0x30C3,0x30C3,0x30A3,0x30A3,0x28A2,0x28A2,0x28A2,0x20A2,0x20A2,0x20A2,0x2082,0x2082,
0x2082,0x2082,0x1882,0x1882,0x1882,0x1882,0x18A2,0x1082,0x1081,0x1081,0x1081,0x1061,0x1061,0x1061,0x1061,0x1061,
0x1061,0x1061,0x1061,0x1061,0x1061,0x1081,0x1082,0x1082,0x1082,0x1082,0x1082,0x1082,0x1082,0x1081,0x1061,0x1061,
0x20E6,0x1064,0x18A6,0x41CB,0x526D,0x4A2C,0x41CC,0x41CC,0x41CC,0x41CC,0x4A2E,0x4A4E,0x39ED,0x31CC,0x3A0D,0x3A0D,
0x39ED,0x3A0D,0x39ED,0x39CC,0x39ED,0x39ED,0x39ED,0x420D,0x41ED,0x39ED,0x39ED,0x41ED,0x41ED,0x41CD,0x41CD,0x41ED,
0x39CC,0x39CC,0x39EC,0x41ED,0x420D,0x420D,0x41EC,0x41CC,0x41EC,0x41EC,0x420D,0x4A2D,0x526E,0x526E,0x524E,0x4A2D,
0x526E,0x524E,0x4A2D,0x49EC,0x49EC,0x49EC,0x49EC,0x49EC,0x522D,0x520D,0x520C,0x49CC,0x49CB,0x49CC,0x49EC,0x520C,
0x522D,0x5A4E,0x5A4E,0x4A0C,0x49EC,0x49EC,0x41ED,0x41CC,0x41EC,0x41EC,0x41EC,0x41EC,0x41EC,0x41CC,0x41CC,0x41CC,
0x49CC,0x41CC,0x41CC,0x41CC,0x49ED,0x49ED,0x4A0D,0x4A0D,0x41ED,0x41ED,0x41ED,0x41ED,0x41ED,0x41ED,0x41EE,0x41EE,
0x41EE,0x420E,0x420D,0x420D,0x420D,0x420D,0x420D,0x420D,0x422D,0x422D,0x422E,0x424E,0x4A4E,0x4A4F,0x4A4F,0x4A6F,
0x526F,0x526F,0x526F,0x5290,0x5290,0x52B0,0x5AD0,0x5AD1,0x5AD0,0x5AD0,0x62F0,0x62F0,0x6AF0,0x6B10,0x6B10,0x6B30,
0x7330,0x7330,0x7350,0x7330,0x7350,0x7B50,0x7B50,0x7B50,0x7B50,0x8350,0x8350,0x8350,0x8350,0x8350,0x8B50,0x8B50,
0x8B70,0x8B6F,0x8B8F,0x8B8F,0x8B90,0x8B90,0x9370,0x9390,0x936F,0x936F,0x936F,0x9B6F,0x9B8F,0x9B8F,0x9B8F,0x9B8F,
0x9B8F,0x9B8F,0x9BAF,0x9B8F,0xA3AF,0xA3AE,0xA3AE,0xAB8E,0xAB8E,0xAB8D,0xAB8D,0xAB8D,0xB38D,0xB38D,0xB38D,0xB38D,
0xBBAD,0xBBAD,0xBBAD,0xBBAC,0xC3AC,0xC3CC,0xCBEC,0xD3EC,0xD3EC,0xDC0C,0xDC2C,0xDC2C,0xDC2B,0xDC2B,0xDC2B,0xDC2B,
0xE44B,0xE44B,0xE44B,0xE44B,0xE46B,0xE46B,0xE46B,0xEC6B,0xE46A,0xE46A,0xEC6A,0xEC6A,0xEC6A,0xEC6A,0xEC8A,0xEC8A,
0xECAA,0xE48A,0xECAA,0xF4CB,0xF4CC,0xECAB,0xEC8A,0xECAB,0xF4EB,0xF4CA,0xEC69,0xE448,0xEC89,0xF4EB,0xF4EB,0xECAA,
0xE489,0xECCA,0xECCA,0xF4CA,0xF4EB,0xF4CA,0xEC69,0xEC28,0xDBC7,0xD346,0xD326,0xD306,0xCAC6,0xCAA7,0xD2C8,0xD2E8,
0xD2E8,0xCAC8,0xCAA8,0xCAA7,0xCA67,0xC247,0xC206,0xC206,0xB9C6,0xB9C6,0xB1A5,0xA9A5,0xA985,0xA185,0x9964,0x9144,
0x8944,0x8144,0x7923,0x7123,0x7103,0x6903,0x6103,0x5903,0x50E3,0x48E3,0x48E2,0x40C2,0x40C3,0x40C3,0x38A2,0x38A2,
0x30C3,0x30C3,0x30C3,0x28A2,0x28A2,0x28A2,0x28A2,0x28A2,0x20A2,0x20A2,0x20A2,0x20A2,0x20A2,0x2082,0x2082,0x2082,
0x1882,0x1882,0x1882,0x1882,0x1882,0x1882,0x1882,0x1082,0x1081,0x1081,0x1081,0x1061,0x1061,0x1061,0x1061,0x1062,
0x1061,0x0861,0x0861,0x0861,0x1061,0x1061,0x1062,0x1082,0x1062,0x1062,0x1062,0x1062,0x1062,0x1061,0x1061,0x1061,
0x2929,0x0804,0x20C7,0x41EC,0x39AB,0x41CC,0x4A2D,0x316B,0x39CC,0x39AC,0x422D,0x4A4E,0x39EC,0x31CB,0x3A0C,0x3A2D,
0x31AB,0x31CC,0x318B,0x298B,0x31CC,0x31CC,0x31CC,0x39EC,0x39CC,0x31AC,0x39CC,0x39CC,0x39CC,0x39CC,0x39AC,0x39CC,
0x31AB,0x31AC,0x39CC,0x39EC,0x39EC,0x39CC,0x39CC,0x39CC,0x39AB,0x39AC,0x39CC,0x41EC,0x420D,0x422D,0x4A2D,0x4A2D,
0x528F,0x524E,0x4A2D,0x420D,0x4A0C,0x4A0D,0x4A0D,0x4A2D,0x5A6E,0x524D,0x4A0C,0x49EC,0x49CC,0x49EC,0x49EC,0x520C,
0x49EB,0x49CB,0x41CB,0x41EB,0x41EB,0x41CB,0x41EC,0x4A2C,0x39CB,0x39CB,0x39CB,0x39EC,0x41EB,0x39CB,0x39CB,0x41EB,
0x420C,0x41EC,0x39CB,0x39CB,0x39CB,0x39CC,0x39CC,0x39CB,0x39CB,0x39CB,0x39CC,0x39CC,0x39EB,0x39EB,0x39EB,0x39CC,
0x39CC,0x39CC,0x39CC,0x41CC,0x41CC,0x41EC,0x39EC,0x39EC,0x420C,0x420D,0x420D,0x422D,0x422E,0x422E,0x422F,0x422F,
0x422E,0x4A2E,0x424F,0x4A4F,0x4A6F,0x4A6F,0x4A8F,0x4AAF,0x4A8F,0x528F,0x52AE,0x5AAE,0x5AAE,0x5ACE,0x62CE,0x62CE,
0x62EF,0x62EF,0x6AEF,0x6AEF,0x6AEF,0x6AEF,0x6AEF,0x6AEF,0x730F,0x730F,0x7B0F,0x7B0F,0x7B0F,0x7B0F,0x7B10,0x7B0F,
0x832F,0x832E,0x832E,0x832E,0x832F,0x832F,0x832E,0x8B2E,0x8B4F,0x8B2F,0x8B4E,0x934F,0x934F,0x934F,0x934F,0x934E,
0x936F,0x936E,0x936E,0x9B6E,0x9B6E,0x9B6E,0xA36E,0xA34D,0xAB6D,0xAB6D,0xAB4D,0xAB4C,0xB34C,0xB36C,0xB36C,0xB36C,
0xB36C,0xB36C,0xBB6C,0xBB8C,0xBB6B,0xC38B,0xC3AB,0xCBAB,0xCBAB,0xD3CB,0xD3CA,0xD3EA,0xD3EA,0xD3EA,0xD3EA,0xD3EA,
0xDBEA,0xDBEA,0xDBEA,0xDC0A,0xE40A,0xE40A,0xE40A,0xE409,0xE409,0xE409,0xE409,0xE408,0xE408,0xE428,0xE429,0xE428,
0xE448,0xE448,0xE449,0xEC8A,0xF4AA,0xEC69,0xE449,0xEC69,0xECA9,0xECA9,0xEC89,0xE468,0xE489,0xECCA,0xF4CB,0xECAA,
0xECAA,0xF4CB,0xF4EC,0xF4CB,0xE449,0xE408,0xDBC7,0xD366,0xCAE5,0xC284,0xC264,0xC265,0xC246,0xC226,0xCA47,0xC247,
0xC247,0xC226,0xC226,0xC206,0xC1E6,0xB9C5,0xB9A5,0xB9A6,0xB186,0xB186,0xA965,0xA165,0x9945,0x9145,0x9124,0x8924,
0x7923,0x7123,0x6923,0x6902,0x6102,0x5902,0x5102,0x50E2,0x48E2,0x40E2,0x40C2,0x40C2,0x38C3,0x38A3,0x38A2,0x30A2,
0x30A2,0x28A2,0x28A2,0x28A2,0x28A2,0x28A2,0x20A2,0x20A2,0x2082,0x2082,0x2082,0x2082,0x2081,0x2082,0x1881,0x1881,
0x1861,0x1861,0x1861,0x1881,0x1881,0x1881,0x1082,0x1082,0x1081,0x1081,0x1062,0x1061,0x1061,0x1061,0x1062,0x1062,
0x1062,0x0862,0x1062,0x1062,0x1062,0x1062,0x1062,0x1062,0x1062,0x1062,0x1062,0x1062,0x1062,0x1062,0x1062,0x1062,
0x39CB,0x318A,0x316A,0x398B,0x398B,0x316B,0x398B,0x41CC,0x41CC,0x296A,0x318B,0x39CB,0x318A,0x29AA,0x31EB,0x31CB,
0x29AB,0x31CC,0x31AB,0x31AB,0x39EC,0x31CC,0x318B,0x31AB,0x31AB,0x318B,0x31AB,0x39CC,0x39CB,0x39AB,0x39AB,0x39AB,
0x41CC,0x39EC,0x39CC,0x39AB,0x318A,0x318A,0x39AB,0x39EB,0x39AB,0x39CB,0x39CB,0x31AB,0x318A,0x318A,0x31AA,0x39CB,
0x39AB,0x318A,0x316A,0x316A,0x398A,0x39CB,0x41EC,0x41EC,0x41CB,0x39AB,0x398A,0x398A,0x398A,0x398A,0x398A,0x396A,
0x41CB,0x3169,0x3169,0x41EB,0x41EC,0x39AB,0x39EB,0x528E,0x420C,0x39CB,0x39EB,0x4A4D,0x4A4D,0x420C,0x422C,0x4A4D,
0x4A2D,0x420C,0x39CC,0x39CB,0x39AB,0x39AB,0x31AB,0x31AA,0x318A,0x31AA,0x31AA,0x31CA,0x31CA,0x31CA,0x31AA,0x31AA,
0x39AB,0x39AB,0x39AB,0x39AB,0x39AB,0x39CB,0x39CB,0x39CB,0x39CC,0x39CC,0x39EC,0x39ED,0x39ED,0x3A0D,0x3A0E,0x3A0E,
0x420E,0x420E,0x420E,0x422E,0x424E,0x424F,0x4A6F,0x4A6E,0x4A6E,0x4A6E,0x4A8D,0x528D,0x528D,0x5AAD,0x5AAD,0x5AAD,
0x5AAE,0x5AAE,0x5AAE,0x62AE,0x62AE,0x62AE,0x62AE,0x62AE,0x6AAE,0x6AAE,0x6AAE,0x6AAE,0x72AE,0x72AE,0x72CE,0x72CE,
0x72EE,0x72EE,0x7AEE,0x7AEE,0x7B0E,0x7B0E,0x7B0E,0x830E,0x830E,0x830E,0x830E,0x8B0E,0x8B0E,0x8B0E,0x8B2E,0x8B2E,
0x8B0D,0x930D,0x930D,0x930D,0x930D,0x9B0D,0x9B0C,0x9B0C,0xA32C,0xA32C,0xAB2C,0xAB2C,0xAB2B,0xB32B,0xB32B,0xB32B,
0xB32B,0xB34B,0xBB4B,0xBB4B,0xBB4B,0xC36B,0xC36B,0xC36A,0xCB6A,0xCB8A,0xCB8A,0xD3AA,0xD3A9,0xD3A9,0xD3C9,0xD3C9,
0xDBAA,0xDBAA,0xDBCA,0xDBC9,0xDBC9,0xDBC9,0xE3C9,0xE3C9,0xE3C8,0xE3C8,0xE3C8,0xE3C8,0xE3C8,0xE3E8,0xE3E8,0xE3E8,
0xE408,0xDC07,0xE428,0xEC6A,0xEC6A,0xE429,0xE408,0xE428,0xE407,0xF4CA,0xFD2B,0xFCEA,0xEC89,0xEC89,0xECCA,0xF4CB,
0xFD0C,0xF4AB,0xEC8A,0xDBE8,0xBAE5,0xC2E5,0xD367,0xD368,0xBA85,0xB203,0xB1E4,0xBA05,0xB9E5,0xC1E6,0xC206,0xB9C5,
0xC206,0xB9C5,0xB9A5,0xB9C6,0xB9C6,0xB985,0xB165,0xB165,0xA965,0xA945,0xA145,0x9945,0x9145,0x8924,0x8104,0x8124,
0x7123,0x6923,0x6103,0x6102,0x5902,0x5102,0x48E2,0x48E2,0x40E2,0x40E2,0x40C3,0x38C3,0x38C3,0x38C3,0x38A3,0x30A2,
0x28A2,0x28C2,0x28A2,0x28A2,0x28A2,0x28A2,0x20A2,0x20A2,0x2082,0x2082,0x2082,0x1882,0x1881,0x1861,0x1881,0x1861,
0x1862,0x1862,0x1862,0x1082,0x1082,0x1082,0x1862,0x1082,0x1082,0x1082,0x1062,0x1061,0x1061,0x1062,0x1062,0x1062,
0x0862,0x1062,0x1062,0x1062,0x1062,0x1062,0x1041,0x1041,0x1062,0x1062,0x1062,0x1062,0x1062,0x1062,0x1062,0x1062,
0x316A,0x39AB,0x39AB,0x39AB,0x39EC,0x31AB,0x318B,0x41EC,0x4A2D,0x318B,0x296A,0x318A,0x318A,0x31AB,0x39CB,0x318A,
0x298A,0x31AB,0x31AB,0x29AB,0x29AB,0x31EC,0x31EC,0x31CB,0x31AB,0x298A,0x3169,0x41CB,0x3128,0x3948,0x4189,0x520B,
0x3949,0x41AA,0x62EF,0x522B,0x2907,0x62EE,0x5A8D,0x3989,0x3169,0x3189,0x3169,0x3169,0x39AA,0x31AA,0x2968,0x2948,
0x39CA,0x41EB,0x39EA,0x31AA,0x39CA,0x4A2C,0x420C,0x39AB,0x316A,0x316A,0x316A,0x316A,0x316A,0x316A,0x316A,0x316A,
0x318A,0x318A,0x31AA,0x31AB,0x39CB,0x39CB,0x39EB,0x39EC,0x39CB,0x39CB,0x39CB,0x39AB,0x31AA,0x318A,0x318A,0x318A,
0x318A,0x318B,0x318B,0x318A,0x318A,0x318A,0x318A,0x318A,0x318A,0x318A,0x318A,0x31AA,0x31AA,0x31AA,0x31AA,0x31AA,
0x318B,0x31AB,0x31AB,0x31AB,0x31AB,0x31AB,0x31AB,0x31AB,0x31CB,0x31CB,0x31CC,0x39EC,0x39EC,0x39EC,0x3A0D,0x3A0D,
0x3A0D,0x3A0D,0x3A0D,0x3A2D,0x422D,0x422D,0x422D,0x422D,0x422D,0x422D,0x4A4D,0x4A4D,0x4A4C,0x4A4D,0x4A4C,0x524D,
0x526D,0x526D,0x5A6D,0x5A6D,0x5A6D,0x5A6D,0x5A6D,0x5A6D,0x626D,0x626D,0x626D,0x626D,0x628D,0x6A6D,0x6A6D,0x6A8D,
0x6AAD,0x6AAD,0x6AAD,0x6AAD,0x72AD,0x72AD,0x72AD,0x72AD,0x7AAC,0x7AAC,0x7AAC,0x82AD,0x82AD,0x82CD,0x82CD,0x82CC,
0x8AEC,0x8AEC,0x92EC,0x92EC,0x92EC,0x92EC,0x9AEB,0x9AEB,0x9AEB,0xA2EB,0xA2EB,0xA30B,0xAB0B,0xAB0B,0xB30B,0xB30B,
0xB30A,0xBB0A,0xBB0A,0xBB2A,0xBB2A,0xBB2A,0xC32A,0xC32A,0xC34A,0xCB6A,0xCB6A,0xCB49,0xD369,0xD3AA,0xD38A,0xD369,
0xD38A,0xE3EB,0xD369,0xDB89,0xDB89,0xD348,0xDB89,0xDB88,0xDB88,0xDB88,0xDB67,0xE3A8,0xDB88,0xDB88,0xEBE9,0xE3C8,
0xDBC8,0xE409,0xEC4A,0xDBE9,0xFD0D,0xEC4A,0xD387,0xE3C8,0xEC29,0xDBA6,0xDBC6,0xF469,0xFCCA,0xFCEA,0xECCA,0xEC89,
0xE428,0xEC4A,0xE409,0xCB26,0xB284,0xAA64,0xB285,0xBAA6,0xAA25,0xA9E4,0xA9C4,0xA9A4,0xB1C5,0xB9C5,0xB9C5,0xB185,
0xB1A5,0xB185,0xB185,0xB165,0xB165,0xA965,0xA945,0xA145,0xA145,0x9945,0x9124,0x8924,0x8124,0x7924,0x7903,0x7103,
0x6103,0x5903,0x58E3,0x50E3,0x48E3,0x48C2,0x40C2,0x40C2,0x40C2,0x38C3,0x38C2,0x38C2,0x30A3,0x30A2,0x30A3,0x30A2,
0x28A2,0x28A2,0x28A2,0x28A2,0x28A2,0x28A2,0x20A2,0x20A2,0x2082,0x2082,0x1882,0x1882,0x1882,0x1882,0x1882,0x1882,
0x1062,0x1062,0x1062,0x1062,0x1061,0x1061,0x1841,0x1842,0x0862,0x0882,0x1062,0x1062,0x1062,0x0862,0x0862,0x0862,
0x0862,0x1061,0x1061,0x1061,0x0861,0x0861,0x0862,0x0862,0x0841,0x0841,0x0862,0x0862,0x0862,0x0862,0x0862,0x0862,
0x2949,0x318A,0x296A,0x2949,0x296A,0x318A,0x31AB,0x39AB,0x39AB,0x20E8,0x296A,0x4A4D,0x420C,0x2949,0x2929,0x294A,
0x214A,0x2149,0x2129,0x2149,0x298A,0x29AB,0x218A,0x2149,0x31AA,0x31CA,0x2928,0x20A5,0x4189,0x9412,0xC537,0xB4F6,
0x6AAE,0x4A0B,0x522B,0x41CA,0x3988,0x83B0,0x8BD1,0x3968,0x49EA,0x3148,0x2928,0x4A2C,0x62EF,0x5ACE,0x52AD,0x630F,
0x8433,0x7BD2,0x6B2F,0x528D,0x4A2C,0x41EB,0x39AB,0x318A,0x316A,0x316A,0x316A,0x316A,0x316A,0x316A,0x316A,0x316A,
0x296A,0x296A,0x296A,0x296A,0x296A,0x296A,0x316A,0x316A,0x296A,0x296A,0x296A,0x296A,0x316A,0x316A,0x316A,0x316A,
0x318A,0x298A,0x298A,0x298A,0x298A,0x298A,0x298A,0x298A,0x298A,0x298A,0x298A,0x298A,0x298A,0x298A,0x298A,0x298A,
0x298A,0x298A,0x298B,0x298B,0x31AB,0x31AB,0x31AB,0x31AB,0x31AB,0x31AB,0x31CB,0x31CB,0x31CB,0x31CC,0x39EC,0x39EC,
0x39EC,0x3A0C,0x3A0C,0x3A0C,0x3A0C,0x3A0C,0x3A0C,0x420C,0x422C,0x422C,0x422C,0x422C,0x4A2C,0x4A4C,0x4A4D,0x4A4D,
0x524D,0x524D,0x524D,0x524D,0x5A4D,0x5A6D,0x5A6D,0x5A6D,0x5A6D,0x5A6D,0x626D,0x626D,0x626C,0x626C,0x626D,0x626C,
0x628C,0x628C,0x6A8C,0x6A8C,0x6A8C,0x6A8C,0x728C,0x728C,0x728C,0x728C,0x7A8C,0x7AAC,0x7AAC,0x82AC,0x82AC,0x82AC,
0x8AAC,0x8ACB,0x8ACB,0x92CB,0x92CB,0x92CB,0x92CB,0x9ACB,0x9ACB,0x9ACA,0xA2CA,0xA2CA,0xA2EA,0xAAEA,0xAAEA,0xB2EA,
0xB2E9,0xBAE9,0xBAE9,0xBAEA,0xBB0A,0xBB0A,0xBB0A,0xBB09,0xC309,0xC32A,0xCB29,0xCB29,0xCB29,0xD349,0xD349,0xCB49,
0xCB28,0xDB8A,0xCB49,0xD389,0xDB8A,0xD328,0xDB48,0xD347,0xDB88,0xE388,0xDB68,0xE388,0xDB68,0xD347,0xE3A9,0xD368,
0xDB88,0xE3E9,0xEC4B,0xEC4A,0xFD0D,0xEC2A,0xD387,0xEC29,0xEBE8,0xDBA7,0xDB66,0xDBA6,0xE428,0xFCEB,0xF50B,0xE469,
0xD3C8,0xDBE9,0xD3A8,0xBB06,0xAA44,0xA224,0xA225,0xA225,0xA1E5,0x99C5,0xA1A4,0xA184,0xA9A5,0xA9A5,0xA985,0xA984,
0xA985,0xA985,0xA965,0xA965,0xA965,0xA145,0xA145,0x9945,0x9944,0x9144,0x8924,0x8124,0x7924,0x7103,0x6903,0x6103,
0x5903,0x5103,0x50E3,0x48C3,0x48C3,0x40C3,0x40C2,0x40A3,0x38C3,0x38C3,0x38C3,0x30C3,0x30A2,0x30A2,0x30A2,0x28A2,
0x28A2,0x28A2,0x28A2,0x28A2,0x28A2,0x2082,0x20A2,0x20A2,0x2082,0x1882,0x1882,0x1882,0x1882,0x1882,0x1082,0x1082,
0x1062,0x1062,0x1082,0x0862,0x0862,0x1062,0x1842,0x1842,0x0862,0x0882,0x1062,0x1062,0x0862,0x0862,0x0882,0x0882,
0x0862,0x0861,0x0861,0x0861,0x0861,0x0861,0x0862,0x0862,0x0861,0x0861,0x0862,0x0862,0x0862,0x0862,0x0862,0x0862,
0x2129,0x296A,0x318A,0x296A,0x296A,0x39CB,0x39CB,0x2949,0x528E,0x2129,0x2129,0x39CB,0x318A,0x2949,0x39EC,0x422D,
0x296A,0x318A,0x31AB,0x318B,0x296A,0x216A,0x298A,0x39EB,0x2989,0x4A2C,0x630F,0x6AEF,0x7B2F,0x8BB1,0x93B1,0x72EE,
0x520C,0x524C,0x41A9,0x3147,0x3147,0x3147,0x49EA,0x4A0A,0x4A0B,0x49EB,0x41CB,0x4A2C,0x62CF,0x62EF,0x5AAD,0x528D,
0x4A4B,0x39EA,0x2968,0x2948,0x2128,0x2108,0x2108,0x2928,0x2949,0x2949,0x2949,0x2949,0x2949,0x2969,0x2969,0x2969,
0x2969,0x2969,0x2969,0x2969,0x2949,0x2949,0x2949,0x2949,0x2949,0x2949,0x2949,0x294A,0x2969,0x296A,0x296A,0x316A,
0x296A,0x296A,0x296A,0x296A,0x296A,0x296A,0x296A,0x296A,0x298A,0x298A,0x298A,0x298A,0x298A,0x298A,0x298A,0x298A,
0x296A,0x296A,0x296A,0x298A,0x298A,0x298A,0x298A,0x298A,0x298B,0x298B,0x31AB,0x31AB,0x31AB,0x31AB,0x31AB,0x31CB,
0x31CB,0x31CC,0x31EC,0x31EC,0x39EC,0x39EC,0x39EC,0x3A0C,0x420C,0x420C,0x420C,0x420C,0x422C,0x4A2C,0x4A2C,0x4A2C,
0x4A2C,0x522C,0x522C,0x522C,0x522C,0x524C,0x522C,0x5A4C,0x5A4C,0x5A4C,0x5A4C,0x5A4C,0x5A4C,0x624C,0x624C,0x624C,
0x624C,0x624B,0x626C,0x624C,0x624C,0x6A6C,0x6A6B,0x6A6B,0x726C,0x726B,0x726C,0x7A6B,0x7A8C,0x7A8C,0x828C,0x828C,
0x828B,0x828B,0x8A8B,0x8AAB,0x8A8A,0x8A8A,0x92AA,0x92AA,0x92AA,0x9AA9,0x9AA9,0x9AA9,0xA2C9,0xA2C9,0xA2C9,0xAAC9,
0xB2C9,0xB2C9,0xB2C9,0xB2E9,0xBAE9,0xBAE9,0xBAE9,0xBAE9,0xBAE9,0xC309,0xC309,0xC309,0xC2E8,0xC308,0xCB08,0xCB08,
0xC2E8,0xD349,0xCB28,0xD328,0xD349,0xD327,0xD327,0xD327,0xD327,0xDB48,0xD328,0xDB68,0xD328,0xD328,0xDB89,0xD348,
0xD326,0xD367,0xE3E9,0xEC4A,0xFD0D,0xEC4A,0xDB87,0xEC2A,0xDBA8,0xDB67,0xDB87,0xE3E8,0xEC8A,0xF4EC,0xE48B,0xC387,
0xBB26,0xC347,0xBB27,0xAAA6,0x9A24,0x9204,0x91E4,0x91C4,0x8984,0x9184,0x9184,0x9985,0x9985,0x9984,0xA164,0xA164,
0xA164,0xA164,0x9944,0x9944,0x9944,0x9944,0x9124,0x9124,0x8924,0x8124,0x7904,0x7103,0x7103,0x6903,0x60E3,0x58E3,
0x50E3,0x48C3,0x48C3,0x48C2,0x40C3,0x40C2,0x40A3,0x38A2,0x38C3,0x38C3,0x38C3,0x30A2,0x30A3,0x30A2,0x28A2,0x28A2,
0x2882,0x28A2,0x28A2,0x2082,0x2082,0x2082,0x2082,0x2082,0x1882,0x1882,0x1882,0x1882,0x1882,0x1082,0x1082,0x1082,
0x1082,0x1062,0x0861,0x0861,0x0861,0x1061,0x1841,0x1841,0x0881,0x0881,0x1061,0x1061,0x1061,0x0861,0x0861,0x0861,
0x0861,0x0861,0x0861,0x0861,0x0861,0x0861,0x0861,0x0861,0x0862,0x0862,0x0862,0x0862,0x0862,0x0862,0x0862,0x0862,
0x2128,0x2128,0x2969,0x296A,0x2949,0x39CB,0x420C,0x31AA,0x5AEF,0x31CB,0x298A,0x31CB,0x296A,0x298A,0x31AB,0x2128,
0x2108,0x2929,0x296A,0x296A,0x296A,0x318A,0x424D,0x5B10,0x528E,0x526D,0x5AAE,0x49CA,0x3927,0x30C6,0x51C9,0x626C,
0x3969,0x418A,0x41CA,0x4A0B,0x6AEE,0x522B,0x522B,0x62AD,0x3148,0x41AA,0x41AB,0x398A,0x39AA,0x318A,0x2948,0x2107,
0x2127,0x2107,0x2107,0x2148,0x2948,0x2969,0x2969,0x318A,0x2949,0x2949,0x2949,0x2949,0x2949,0x2949,0x2949,0x2949,
0x2969,0x2969,0x2969,0x2969,0x296A,0x296A,0x296A,0x296A,0x296A,0x296A,0x296A,0x296A,0x2969,0x2969,0x2969,0x2969,
0x296A,0x296A,0x296A,0x296A,0x296A,0x296A,0x296A,0x296A,0x296A,0x296A,0x296A,0x296A,0x296A,0x296A,0x296A,0x296A,
0x296A,0x296A,0x296A,0x296A,0x296A,0x296A,0x296A,0x296A,0x298A,0x298A,0x298A,0x298A,0x298A,0x298B,0x31AB,0x31AB,
0x29AB,0x29AB,0x31AB,0x31CB,0x31CB,0x31CB,0x39EB,0x39EB,0x39EB,0x39EB,0x41EB,0x420B,0x420B,0x420B,0x420C,0x420C,
0x4A0C,0x4A0C,0x4A0B,0x4A0C,0x520B,0x522C,0x522B,0x522B,0x522B,0x522B,0x5A2B,0x5A2B,0x5A2B,0x5A2B,0x5A2B,0x5A2B,
0x5A2B,0x5A2B,0x5A4B,0x622B,0x624B,0x624B,0x6A4B,0x6A4B,0x6A4B,0x724B,0x724B,0x724B,0x7A6B,0x7A6B,0x7A6B,0x7A6B,
0x826A,0x826A,0x828A,0x828A,0x8A6A,0x8A6A,0x8A8A,0x9289,0x9289,0x9289,0x9A89,0x9A89,0xA289,0xA2A9,0xA2A9,0xA2A9,
0xAAA9,0xAAA9,0xB2A9,0xB2A9,0xB2C9,0xB2C9,0xB2C9,0xBAC8,0xBAC8,0xBAE8,0xC2E8,0xC2C8,0xC2C8,0xC2C8,0xC2E8,0xC2E8,
0xC2E8,0xCB08,0xC2E7,0xC2C7,0xCAE8,0xCAE7,0xCB07,0xD328,0xCAE7,0xD307,0xD307,0xD328,0xD307,0xCB07,0xDB89,0xDB68,
0xD326,0xCB05,0xD325,0xDBA7,0xFC8B,0xF48B,0xE3C8,0xEC0A,0xE3C9,0xD347,0xD368,0xE42B,0xEC8C,0xD42A,0xBB67,0xA2C5,
0x9A84,0xA285,0xA285,0x9224,0x89E4,0x81C4,0x81A4,0x7984,0x8164,0x8184,0x8985,0x8985,0x9165,0x9164,0x9165,0x9164,
0x9164,0x9144,0x9144,0x9144,0x8944,0x8924,0x8924,0x8124,0x7904,0x7904,0x7103,0x6903,0x6103,0x5903,0x58E3,0x50E2,
0x48C2,0x48C2,0x40C2,0x40A2,0x40A2,0x40A3,0x38A2,0x38A2,0x38A2,0x30A3,0x30A2,0x30A3,0x28A2,0x28A2,0x28A2,0x2882,
0x2082,0x20A2,0x2082,0x2082,0x2082,0x2082,0x2082,0x1882,0x1882,0x1882,0x1882,0x1882,0x1082,0x1062,0x1062,0x1062,
0x1061,0x1061,0x1061,0x0861,0x0861,0x1061,0x1041,0x1041,0x0881,0x0881,0x1061,0x1061,0x1061,0x0861,0x0861,0x0861,
0x0861,0x0861,0x0861,0x0861,0x0861,0x0861,0x0861,0x0861,0x0862,0x0862,0x0862,0x0862,0x0862,0x0862,0x0862,0x0862,
0x316A,0x2108,0x2928,0x2928,0x2928,0x39AA,0x528E,0x5AEF,0x39CB,0x2149,0x2149,0x298A,0x2149,0x2169,0x2169,0x10C7,
0x41EB,0x398A,0x2929,0x2928,0x2128,0x2128,0x2108,0x2128,0x18C7,0x3149,0x49EB,0x3969,0x41A9,0x5A2B,0x7B0F,0x72CE,
0x626E,0x416A,0x7B10,0x7B30,0x730F,0x8391,0x730F,0x3127,0x2907,0x20C7,0x18C7,0x2108,0x2128,0x10C6,0x10C6,0x2148,
0x1927,0x2147,0x2148,0x2127,0x2128,0x2148,0x2128,0x1908,0x2149,0x2149,0x2149,0x2149,0x2149,0x2149,0x2949,0x2949,
0x2149,0x2149,0x2149,0x2149,0x2949,0x2949,0x2949,0x2969,0x2969,0x2969,0x2969,0x2949,0x2949,0x2949,0x2949,0x2949,
0x2969,0x2969,0x2969,0x2969,0x2969,0x2969,0x2969,0x2969,0x296A,0x296A,0x296A,0x296A,0x296A,0x296A,0x296A,0x296A,
0x2969,0x2969,0x2969,0x296A,0x296A,0x296A,0x296A,0x296A,0x296A,0x296A,0x296A,0x298A,0x298A,0x298A,0x298A,0x298A,
0x298A,0x298A,0x29AB,0x31AB,0x31AB,0x31CB,0x31CB,0x31CB,0x39CB,0x39EB,0x39CB,0x39EB,0x41EB,0x41EB,0x41EB,0x420B,
0x41EB,0x49EB,0x49EB,0x4A0B,0x49EB,0x4A0B,0x4A0B,0x520B,0x520B,0x520B,0x520B,0x520B,0x5A0B,0x5A0A,0x5A0B,0x5A0B,
0x5A2B,0x5A2A,0x5A2A,0x5A2B,0x622B,0x622A,0x622A,0x622A,0x6A2A,0x6A2A,0x6A2A,0x724A,0x724A,0x724A,0x7A4A,0x7A4A,
0x7A6A,0x826A,0x826A,0x826A,0x826A,0x8A69,0x8A69,0x8A69,0x9269,0x9269,0x9269,0x9A69,0x9A69,0xA288,0xA288,0xA288,
0xAA88,0xAA88,0xAA88,0xAA88,0xAA88,0xB2A8,0xB2A8,0xB2A8,0xB2A8,0xBAA7,0xBAA7,0xBAA7,0xBAA7,0xBAA7,0xBAA7,0xC2C7,
0xC2E7,0xC2E7,0xC2C6,0xC2A6,0xC2C7,0xCAC8,0xC287,0xCAC8,0xCAC8,0xCAE8,0xCAC7,0xCB07,0xCAE6,0xCAE6,0xDB68,0xD347,
0xDB66,0xD345,0xD324,0xCB25,0xE3E8,0xF48B,0xEC2A,0xEC2B,0xEC4B,0xD369,0xC307,0xBB08,0xB2E7,0xA2A6,0x9285,0x8A44,
0x81E3,0x81E4,0x81C4,0x79A3,0x7183,0x7163,0x7163,0x6943,0x7144,0x7164,0x7985,0x7965,0x7965,0x8144,0x8144,0x8164,
0x8144,0x8144,0x8144,0x8123,0x8124,0x7924,0x7924,0x7124,0x7103,0x6903,0x6103,0x5903,0x58E3,0x50E3,0x48E2,0x48E2,
0x40C2,0x40C2,0x40A2,0x40A2,0x38A2,0x38C3,0x38C3,0x38C2,0x30A2,0x30A2,0x30A2,0x28A2,0x28A2,0x2882,0x2082,0x20A2,
0x2082,0x2082,0x2082,0x2082,0x2082,0x1882,0x1882,0x1882,0x1882,0x1882,0x1882,0x1082,0x1082,0x1062,0x1062,0x1061,
0x1061,0x1061,0x0881,0x0861,0x0861,0x0861,0x1041,0x1061,0x0881,0x0881,0x0861,0x1061,0x1061,0x1061,0x0861,0x0861,
0x0861,0x0862,0x0862,0x0862,0x0862,0x0862,0x0862,0x0862,0x0862,0x0862,0x0862,0x0862,0x0862,0x0862,0x0861,0x0061,
0x3169,0x2928,0x2908,0x2928,0x2908,0x3149,0x41EC,0x526D,0x39CB,0x2969,0x2149,0x2169,0x2149,0x2149,0x31CB,0x426D,
0x2108,0x2908,0x2949,0x316A,0x318A,0x318B,0x316A,0x2929,0x4A2D,0x5A8E,0x62CF,0x522C,0x520B,0x5A4C,0x626D,0x49AA,
0x5A0C,0x38E8,0x624D,0x520C,0x520B,0x7B30,0x6ACE,0x520B,0x41CA,0x3169,0x20E7,0x18C7,0x1908,0x1928,0x1928,0x2168,
0x1927,0x2148,0x2148,0x2127,0x2128,0x2969,0x2969,0x2149,0x2149,0x2149,0x2149,0x2149,0x2149,0x2149,0x2149,0x2149,
0x2149,0x2149,0x2149,0x2149,0x2149,0x2149,0x2149,0x2149,0x2149,0x2149,0x2149,0x2149,0x2949,0x2949,0x2949,0x2949,
0x2949,0x2949,0x2949,0x2949,0x2949,0x2949,0x2949,0x2949,0x2949,0x2949,0x2949,0x2949,0x2949,0x2949,0x2949,0x2949,
0x2149,0x2149,0x2149,0x2149,0x2149,0x2149,0x2149,0x2149,0x2969,0x296A,0x296A,0x296A,0x296A,0x296A,0x296A,0x296A,
0x298A,0x298A,0x298A,0x298A,0x29AA,0x31AA,0x31AA,0x31AA,0x31AA,0x31AA,0x39CA,0x39CA,0x39CA,0x39CA,0x39CA,0x39CA,
0x41CA,0x41CA,0x41CA,0x41CA,0x49CA,0x49EA,0x49EA,0x49EA,0x49EA,0x49EA,0x51EA,0x51EA,0x51EA,0x51EA,0x51EA,0x51EA,
0x520A,0x5A0A,0x5A0A,0x5A0A,0x5A0A,0x5A0A,0x620A,0x620A,0x620A,0x6A09,0x6A0A,0x6A2A,0x722A,0x722A,0x722A,0x7229,
0x7A49,0x7A49,0x8249,0x8249,0x8249,0x8249,0x8A49,0x8A49,0x8A48,0x9248,0x9248,0x9A48,0x9A48,0x9A68,0x9A68,0x9A68,
0xA268,0xA268,0xA267,0xA267,0xAA67,0xAA87,0xB287,0xB2A7,0xB287,0xB266,0xB266,0xB266,0xBA86,0xBA86,0xBA66,0xBA86,
0xBA85,0xBA85,0xC2A6,0xC2A6,0xC2C7,0xC2C8,0xBA46,0xBA67,0xBA86,0xBA86,0xBA85,0xC2C6,0xC2E5,0xCB06,0xDBA7,0xD386,
0xD325,0xE3A6,0xE3E8,0xE3E8,0xDBE8,0xEC4A,0xD3A9,0xD3A9,0xDBCA,0xCB49,0xAA87,0x89C4,0x7962,0x79C3,0x7A04,0x71C3,
0x71A3,0x71A3,0x6983,0x6963,0x6143,0x6143,0x6123,0x6123,0x6124,0x6944,0x6944,0x6944,0x7124,0x7124,0x7124,0x7144,
0x7144,0x7123,0x7123,0x7123,0x7124,0x7124,0x6904,0x6903,0x6103,0x5903,0x58E3,0x50E3,0x48E3,0x48E3,0x40E2,0x40C2,
0x40C3,0x40C2,0x38C2,0x38A2,0x38C2,0x38C3,0x38C2,0x30C3,0x30A2,0x28A2,0x28A2,0x28A2,0x28A2,0x2082,0x2082,0x2082,
0x2082,0x2082,0x2082,0x1882,0x1882,0x1882,0x1882,0x1882,0x1882,0x1082,0x1082,0x1082,0x1082,0x1062,0x1062,0x0861,
0x1081,0x1061,0x0861,0x0881,0x0861,0x0861,0x0861,0x0862,0x0882,0x0881,0x0861,0x1061,0x1061,0x1061,0x0861,0x0861,
0x0861,0x0062,0x0062,0x0062,0x0062,0x0062,0x0862,0x0862,0x0862,0x0862,0x0862,0x0862,0x0862,0x0862,0x0061,0x0061,
0x28C7,0x3108,0x3108,0x2908,0x2908,0x2908,0x20E7,0x2108,0x316A,0x318A,0x2148,0x1907,0x2128,0x1908,0x18E7,0x2128,
0x2929,0x39CB,0x4A2D,0x420C,0x39CB,0x39CB,0x31AB,0x296A,0x39CC,0x318B,0x398A,0x41AB,0x396A,0x41AB,0x49EB,0x520C,
0x628E,0x49EC,0x3108,0x3108,0x49EB,0x5A6D,0x41AA,0x522C,0x4A0B,0x4A2C,0x39AA,0x20E7,0x2108,0x2949,0x2128,0x18E7,
0x2128,0x2127,0x2107,0x2128,0x2128,0x2128,0x2129,0x2949,0x2129,0x2129,0x2129,0x2129,0x2129,0x2129,0x2949,0x2949,
0x2949,0x2949,0x2949,0x2949,0x2149,0x2149,0x2149,0x2149,0x2149,0x2149,0x2149,0x2149,0x2149,0x2969,0x2969,0x2969,
0x2149,0x2149,0x2149,0x2149,0x2149,0x2149,0x2149,0x2149,0x2149,0x2149,0x2149,0x2149,0x2149,0x2149,0x2149,0x2149,
0x2149,0x2149,0x2149,0x2149,0x2149,0x2149,0x2149,0x2149,0x2149,0x2149,0x2149,0x2949,0x2969,0x2969,0x2969,0x2969,
0x2969,0x2969,0x298A,0x298A,0x298A,0x298A,0x318A,0x318A,0x318A,0x3189,0x3189,0x3189,0x31A9,0x39A9,0x39A9,0x39AA,
0x39AA,0x41A9,0x41A9,0x41AA,0x41AA,0x41CA,0x41CA,0x49CA,0x49CA,0x49C9,0x49C9,0x49C9,0x49C9,0x51C9,0x51C9,0x51C9,
0x51E9,0x51E9,0x51E9,0x51E9,0x59E9,0x59E9,0x59E9,0x59E9,0x6209,0x61E9,0x61E9,0x69E9,0x6A09,0x6A09,0x7209,0x7209,
0x7208,0x7A08,0x7A29,0x7A28,0x8228,0x8208,0x8228,0x8A28,0x8A28,0x8A28,0x8A27,0x9227,0x9227,0x9227,0x9A27,0x9A27,
0x9A27,0x9A27,0x9A47,0xA247,0xA267,0xAA87,0xB2A7,0xB2A7,0xB2A7,0xB266,0xAA45,0xB245,0xBA66,0xBA66,0xB266,0xB266,
0xB245,0xB245,0xBA86,0xBA66,0xC2C7,0xCB08,0xC2A6,0xCAE7,0xC2E7,0xC2E6,0xC2E5,0xD366,0xD386,0xDBC7,0xE448,0xDBE7,
0xD366,0xDBC8,0xE429,0xE42A,0xD3C8,0xD3C9,0xAAC5,0xA285,0xAAA6,0xA266,0x9205,0x7963,0x6922,0x6983,0x69C4,0x6163,
0x6184,0x6184,0x6184,0x6164,0x5943,0x5943,0x5944,0x5944,0x5924,0x5944,0x6124,0x6124,0x6104,0x6103,0x6924,0x6924,
0x6923,0x6123,0x6103,0x6103,0x6103,0x6103,0x6103,0x5903,0x58E3,0x50E3,0x48E3,0x48E3,0x40E3,0x40E3,0x38E2,0x38C2,
0x38C3,0x38C2,0x38A2,0x38A2,0x30C2,0x30C2,0x30C2,0x30A2,0x28A2,0x28A2,0x28A2,0x20A2,0x2082,0x2082,0x2082,0x2082,
0x1882,0x1882,0x1882,0x1882,0x1882,0x1882,0x1882,0x1082,0x1082,0x1082,0x1062,0x1082,0x1062,0x1082,0x0862,0x0861,
0x0861,0x0881,0x0881,0x0861,0x0861,0x0861,0x0862,0x0862,0x0882,0x0882,0x0862,0x0861,0x0861,0x0861,0x0861,0x0861,
0x0061,0x0061,0x0061,0x0061,0x0061,0x0061,0x0061,0x0061,0x0061,0x0061,0x0061,0x0061,0x0861,0x0061,0x0061,0x0061,
0x3929,0x49CB,0x418A,0x3949,0x418A,0x41AB,0x3149,0x2929,0x526E,0x62F0,0x4A4D,0x318A,0x4A4D,0x5AF0,0x4A8E,0x422C,
0x39CB,0x420C,0x420D,0x39CC,0x31CC,0x3A0C,0x31CC,0x212A,0x39CC,0x296A,0x2909,0x398B,0x316A,0x41CB,0x314A,0x2908,
0x20A7,0x3129,0x20C7,0x3108,0x3128,0x41CB,0x418A,0x3128,0x2928,0x3149,0x3149,0x3169,0x2949,0x18E8,0x18C7,0x2129,
0x20E7,0x18C6,0x18E7,0x2928,0x2949,0x20E8,0x2108,0x2949,0x2129,0x2129,0x2129,0x2129,0x2129,0x2129,0x2128,0x2928,
0x2128,0x2128,0x2128,0x2128,0x2128,0x2148,0x2148,0x2149,0x2128,0x2128,0x2128,0x2128,0x2128,0x2128,0x2128,0x2128,
0x2128,0x2129,0x2129,0x2129,0x2129,0x2129,0x2129,0x2129,0x2129,0x2129,0x2129,0x2129,0x2129,0x2129,0x2129,0x2129,
0x2149,0x2149,0x2149,0x2148,0x2148,0x2148,0x2128,0x2128,0x2148,0x2148,0x2148,0x2149,0x2149,0x2149,0x2949,0x2949,
0x2969,0x2169,0x2969,0x2969,0x2969,0x2969,0x2969,0x2969,0x2969,0x2969,0x3169,0x3189,0x3189,0x3189,0x3189,0x3989,
0x39A9,0x3989,0x39A9,0x39A9,0x41A9,0x41A9,0x41A9,0x41A9,0x49A9,0x49A9,0x49A9,0x49A9,0x49A9,0x49A9,0x49A9,0x49C9,
0x51C8,0x51C9,0x51C9,0x51C9,0x51C9,0x59E9,0x59C9,0x59E8,0x61E8,0x61E8,0x61E8,0x69E8,0x69E8,0x69E8,0x6A08,0x6A08,
0x71E8,0x71E8,0x7A08,0x7A08,0x7A08,0x7A07,0x8207,0x8208,0x8207,0x89E7,0x8A07,0x8A07,0x9207,0x9207,0x9207,0x9207,
0x9A27,0x9A27,0x9A26,0xA247,0xA267,0xAA87,0xB2C7,0xBAC7,0xBAA7,0xB265,0xAA24,0xB245,0xBA86,0xBA86,0xBA66,0xB266,
0xB266,0xAA25,0xB265,0xB225,0xBAA6,0xD368,0xCB47,0xDBE9,0xE429,0xE409,0xDC08,0xEC69,0xEC89,0xEC89,0xF4CA,0xE449,
0xE46A,0xDC09,0xCBA8,0xC3A8,0xB306,0xAB07,0x8A23,0x8A04,0x81C3,0x7142,0x6922,0x6963,0x6163,0x5963,0x5984,0x59A4,
0x5943,0x5943,0x5943,0x5943,0x5123,0x5123,0x5123,0x5124,0x5944,0x5944,0x5924,0x5924,0x5924,0x5924,0x6123,0x6123,
0x5903,0x5903,0x5903,0x5903,0x5904,0x5903,0x50E3,0x50E3,0x50E3,0x48E3,0x40E3,0x40E3,0x38E3,0x38E3,0x38C2,0x30C2,
0x38C3,0x38C2,0x30A2,0x30A2,0x30A2,0x30C2,0x30A2,0x28A2,0x28A2,0x28A2,0x20A2,0x20A2,0x2082,0x2082,0x2082,0x1882,
0x1882,0x1882,0x1882,0x1882,0x1882,0x1882,0x1082,0x1082,0x1082,0x1082,0x1062,0x1062,0x1082,0x1082,0x0862,0x0862,
0x0881,0x0881,0x0881,0x0861,0x0861,0x0861,0x0862,0x0862,0x0862,0x0862,0x0862,0x0861,0x0861,0x0861,0x0861,0x0861,
0x0061,0x0061,0x0061,0x0061,0x0061,0x0061,0x0061,0x0061,0x0061,0x0061,0x0061,0x0061,0x0861,0x0061,0x0061,0x0061,
0x8372,0x8351,0x626E,0x624D,0x628E,0x418A,0x28C7,0x396A,0x41CB,0x4A2C,0x5AAF,0x526E,0x5AAF,0x4A6E,0x4A6E,0x39EB,
0x298A,0x31AB,0x2129,0x31AC,0x298B,0x31CC,0x298B,0x212A,0x39ED,0x31CC,0x294B,0x318B,0x294A,0x39AB,0x316B,0x398B,
0x41CC,0x4A0C,0x4A0D,0x49EC,0x5A8F,0x41CB,0x41AB,0x526D,0x398A,0x3149,0x2928,0x3149,0x39AB,0x31AB,0x31AB,0x39CB,
0x4A2C,0x4A4D,0x4A2C,0x420C,0x20E7,0x2949,0x528E,0x20E8,0x2929,0x398B,0x316A,0x20E8,0x2108,0x2929,0x2928,0x2128,
0x2948,0x2927,0x20E7,0x2948,0x2948,0x18E7,0x2128,0x2128,0x1928,0x1928,0x2128,0x2148,0x2148,0x2128,0x1927,0x1907,
0x1908,0x2149,0x2128,0x1908,0x2128,0x2148,0x2128,0x2128,0x2108,0x2108,0x2108,0x2128,0x2128,0x2128,0x2128,0x2128,
0x2148,0x2128,0x2128,0x2128,0x2148,0x2148,0x2148,0x2148,0x2128,0x2128,0x2128,0x2128,0x2128,0x2128,0x2128,0x2128,
0x2149,0x2149,0x2149,0x2148,0x2149,0x2148,0x2949,0x2948,0x2948,0x2948,0x2948,0x2968,0x3168,0x3168,0x3188,0x3188,
0x3989,0x3989,0x3989,0x3989,0x3989,0x3989,0x4189,0x4189,0x4189,0x4188,0x4188,0x41A8,0x49A9,0x49A8,0x49A8,0x49A8,
0x49C8,0x51C8,0x51C8,0x51C8,0x51C8,0x59E8,0x59E8,0x59E8,0x59C8,0x59C8,0x61C8,0x61C7,0x61C8,0x61C7,0x69C7,0x69C7,
0x71E7,0x71E7,0x71E7,0x71C7,0x71C7,0x79E7,0x79E7,0x81E7,0x81E7,0x81E7,0x81E6,0x89E6,0x89E6,0x89E6,0x91E6,0x91E6,
0x9206,0x89C6,0x9206,0xAAA8,0xAA87,0xAA86,0xC308,0xBAE7,0xC2E7,0xA203,0xAA24,0xBAC6,0xBAC7,0xC2C7,0xCB08,0xC2C8,
0xB226,0xAA06,0xAA25,0xAA23,0xAA43,0xCB45,0xEC69,0xFD0A,0xECC9,0xECC9,0xECC9,0xECCA,0xE4AA,0xDC29,0xC387,0xB306,
0xAAE6,0xA2C6,0x9A85,0x8A44,0x8203,0x79E3,0x79E3,0x79E3,0x6962,0x6962,0x6142,0x6142,0x5943,0x5143,0x5163,0x5163,
0x5143,0x5143,0x5123,0x4923,0x4903,0x4903,0x4903,0x4903,0x5124,0x4903,0x5103,0x5103,0x5103,0x50E3,0x50E2,0x5103,
0x5904,0x5124,0x5104,0x5103,0x5103,0x50E3,0x48E3,0x48E3,0x48E3,0x40E3,0x40E3,0x38E3,0x38E3,0x38C3,0x30C2,0x30C2,
0x30C2,0x30A2,0x30A2,0x30A2,0x30A2,0x28A2,0x28A2,0x28A2,0x2082,0x20A2,0x2082,0x2082,0x2082,0x1882,0x1882,0x1882,
0x1882,0x1882,0x1882,0x1082,0x1061,0x1061,0x1062,0x1062,0x1062,0x1082,0x1082,0x1062,0x1082,0x1082,0x1062,0x0882,
0x10C3,0x0020,0x0061,0x0862,0x10A3,0x0020,0x0882,0x10A3,0x10A3,0x0861,0x0862,0x0041,0x0862,0x0882,0x0841,0x0041,
0x0041,0x0041,0x0861,0x0041,0x0061,0x0861,0x0020,0x0882,0x0041,0x0881,0x0861,0x0040,0x0041,0x0061,0x0882,0x0061,
0x5A0C,0x51CB,0x49AB,0x5A2D,0x628E,0x5A2D,0x41AB,0x396A,0x3149,0x3129,0x2909,0x18A7,0x2929,0x294A,0x296A,0x18E8,
0x3A0D,0x31EC,0x192A,0x298B,0x192A,0x212A,0x214B,0x298C,0x214B,0x212A,0x190A,0x212A,0x212A,0x298B,0x318B,0x31AC,
0x318B,0x39AB,0x398B,0x398B,0x49ED,0x396B,0x314A,0x4A0C,0x62CF,0x524D,0x41EC,0x528E,0x4A4D,0x39EC,0x31AB,0x4A6E,
0x526D,0x6B30,0x526D,0x41CB,0x4A0C,0x7372,0x83F4,0x398B,0x41CC,0x4A2D,0x4A2D,0x41EC,0x39AB,0x2949,0x2108,0x2928,
0x18A6,0x2927,0x2907,0x20E7,0x20E7,0x2107,0x2949,0x1908,0x2128,0x1928,0x1908,0x1907,0x1907,0x1928,0x2128,0x2148,
0x2128,0x2128,0x2128,0x2128,0x2128,0x2128,0x2128,0x1908,0x2128,0x2128,0x2128,0x2128,0x2128,0x2128,0x2128,0x2128,
0x2128,0x2128,0x2128,0x2128,0x2128,0x2128,0x2128,0x2128,0x2128,0x2128,0x2128,0x2128,0x2128,0x2128,0x2128,0x2128,
0x2148,0x2148,0x2148,0x2148,0x2148,0x2148,0x2948,0x2948,0x2948,0x2948,0x2948,0x2948,0x3168,0x3168,0x3168,0x3168,
0x3168,0x3168,0x3968,0x3988,0x3988,0x3988,0x3988,0x3988,0x4188,0x4188,0x4188,0x4188,0x4988,0x49A8,0x49A8,0x49A8,
0x4987,0x4987,0x4987,0x4987,0x49A7,0x51A7,0x51A7,0x59A7,0x59A7,0x59A7,0x59A7,0x61A7,0x61A7,0x61C7,0x61C7,0x69C7,
0x69C7,0x71C7,0x71C7,0x71C7,0x71C6,0x71C6,0x79C6,0x79C7,0x81C7,0x81C6,0x81C6,0x81C6,0x89C6,0x89C6,0x89E6,0x91E6,
0x9206,0x89C6,0x9206,0xAA87,0xA266,0xA245,0xB2A6,0xAA65,0xBAC6,0xCB68,0xD389,0xCB48,0xD369,0xD389,0xB286,0x9182,
0xA1C4,0xBAC8,0xD38A,0xCB68,0xCB86,0xE488,0xF52A,0xECE8,0xE4C7,0xDCA7,0xDC88,0xDC89,0xCBE8,0xAB05,0x9244,0x8A03,
0x8A24,0x8224,0x7A04,0x71C3,0x69A3,0x61A2,0x6182,0x6183,0x6162,0x5942,0x5942,0x5942,0x5143,0x5143,0x4963,0x4963,
0x4943,0x4923,0x4923,0x4923,0x4903,0x4903,0x4903,0x4903,0x4903,0x4903,0x4903,0x5103,0x5123,0x5103,0x5103,0x5123,
0x5103,0x5103,0x4903,0x48E3,0x48E3,0x48E3,0x40E3,0x40E3,0x40E3,0x40E3,0x38E3,0x38C3,0x38C3,0x30C3,0x30C3,0x30C3,
0x30C2,0x30A2,0x30A2,0x28A2,0x28A2,0x28A2,0x28A2,0x28A2,0x20A2,0x20A2,0x20A2,0x2082,0x1882,0x1882,0x1882,0x1882,
0x18A2,0x1882,0x1882,0x1082,0x1061,0x1062,0x1082,0x1082,0x1082,0x1082,0x1082,0x1062,0x1082,0x1082,0x1062,0x0882,
0x0021,0x08A2,0x10A3,0x0000,0x0862,0x0861,0x0882,0x0861,0x1082,0x0841,0x0841,0x10C3,0x0882,0x0041,0x0061,0x0862,
0x1082,0x1081,0x0861,0x0000,0x0020,0x1081,0x0040,0x0861,0x0861,0x0041,0x0041,0x0041,0x0041,0x0021,0x0021,0x0041,
0x2045,0x28A7,0x49AB,0x624D,0x5A4D,0x5A4D,0x5A6E,0x49EC,0x5A6E,0x524E,0x41EC,0x314A,0x39CC,0x4A4E,0x528F,0x3A0D,
0x216A,0x214B,0x1909,0x298C,0x214B,0x192A,0x216B,0x31CD,0x296C,0x214B,0x212A,0x190A,0x212A,0x190A,0x190A,0x18E9,
0x290A,0x398B,0x41AC,0x524F,0x5A90,0x522E,0x398B,0x41EC,0x526E,0x4A4D,0x422C,0x6330,0x6351,0x5AF0,0x3A0C,0x424D,
0x422C,0x6310,0x4A2C,0x3169,0x398A,0x4A0D,0x4A0D,0x20C8,0x316A,0x318B,0x318A,0x316A,0x316A,0x20E8,0x18A6,0x20E7,
0x3148,0x41A9,0x4A0B,0x5A8D,0x420B,0x2107,0x2107,0x2128,0x1908,0x2108,0x2128,0x1908,0x1907,0x1907,0x1927,0x2148,
0x2128,0x18E7,0x1907,0x2128,0x1907,0x1908,0x2128,0x2128,0x2128,0x2128,0x2128,0x2128,0x2128,0x1908,0x1907,0x1907,
0x2107,0x2107,0x2107,0x2107,0x2107,0x2107,0x2107,0x2107,0x2128,0x2128,0x2128,0x2128,0x2128,0x2128,0x2128,0x2128,
0x2128,0x2128,0x2128,0x2128,0x2128,0x2128,0x2128,0x2127,0x2927,0x2947,0x2927,0x2947,0x2948,0x3148,0x3148,0x3168,
0x3147,0x3148,0x3148,0x3167,0x3968,0x3967,0x3967,0x3967,0x4168,0x4167,0x4188,0x4187,0x4188,0x4188,0x4188,0x4987,
0x4187,0x4987,0x4987,0x4987,0x4987,0x51A7,0x51A7,0x51A7,0x59A7,0x59A6,0x59A7,0x59A6,0x61A6,0x61A6,0x61A7,0x61A7,
0x69A7,0x69A6,0x69C6,0x69A6,0x69A6,0x71A6,0x71A6,0x71A6,0x79A6,0x79A6,0x81A6,0x81A6,0x81A6,0x81A6,0x89C6,0x89C6,
0x89C6,0x89A5,0x89A4,0x9A26,0x9A04,0x99E3,0xA224,0xA202,0xC327,0xDBC9,0xDBC9,0xD3A9,0xCB68,0xAA64,0x99C2,0xAA85,
0xAA45,0xBAE7,0xDBE9,0xE46A,0xE489,0xE4A8,0xDCA7,0xD446,0xBBC4,0xB3A4,0xB3A5,0xBBC7,0xA326,0x8223,0x7182,0x71A4,
0x6983,0x61A3,0x6183,0x5983,0x5983,0x5163,0x5162,0x5163,0x5142,0x5143,0x5143,0x5122,0x4942,0x4942,0x4142,0x4143,
0x4923,0x4923,0x4903,0x4103,0x4103,0x4903,0x4903,0x4903,0x4923,0x4903,0x48E3,0x4903,0x48E3,0x40E2,0x48C2,0x48E2,
0x48E3,0x40E3,0x40E3,0x40E3,0x40C3,0x40C3,0x40C3,0x38C3,0x38C3,0x38C3,0x38C3,0x30C3,0x30C3,0x30C3,0x30A3,0x30C3,
0x30C2,0x30C2,0x28A2,0x28C2,0x28A2,0x28A2,0x28A2,0x28A2,0x20A2,0x20A3,0x20A2,0x20A3,0x20A3,0x1883,0x1883,0x1882,
0x1882,0x1882,0x1082,0x1082,0x1082,0x1082,0x1062,0x1062,0x1062,0x1062,0x1082,0x1062,0x1062,0x1062,0x1062,0x1062,
0x0842,0x10A3,0x1062,0x0821,0x20C3,0x1062,0x0841,0x1882,0x1041,0x20A3,0x1041,0x18E3,0x0841,0x0041,0x0862,0x0861,
0x0000,0x1081,0x20E3,0x1081,0x1081,0x18A2,0x0820,0x0020,0x0841,0x0020,0x0020,0x0861,0x0881,0x0841,0x0841,0x1082,
0x418A,0x3949,0x28E7,0x20A7,0x3108,0x418A,0x396A,0x18A7,0x20E8,0x294A,0x294A,0x18C8,0x18E8,0x294A,0x296A,0x1909,
0x10C8,0x192A,0x192A,0x29AC,0x29AC,0x296B,0x31AC,0x31CD,0x216B,0x212A,0x212A,0x1909,0x298C,0x216B,0x296B,0x1909,
0x39CD,0x39CD,0x316C,0x39CD,0x39AC,0x398C,0x292A,0x39AB,0x316A,0x31AA,0x318A,0x31AA,0x39EB,0x3A0C,0x29AB,0x2149,
0x2949,0x420C,0x39CB,0x316A,0x2929,0x2109,0x316A,0x2929,0x316A,0x294A,0x20E8,0x20E8,0x2929,0x2929,0x2928,0x2948,
0x4A0B,0x5A4B,0x62CE,0x7B91,0x5AAE,0x2107,0x18A6,0x2108,0x18E7,0x2108,0x2149,0x2169,0x2128,0x1907,0x18E7,0x18E7,
0x1908,0x10C6,0x18E7,0x2128,0x18E7,0x18E7,0x1907,0x1907,0x18E7,0x18E7,0x1907,0x1907,0x1907,0x1907,0x18E7,0x18E7,
0x18E7,0x1907,0x1907,0x1907,0x1907,0x2107,0x2107,0x2107,0x2107,0x2107,0x2107,0x2107,0x2128,0x2128,0x2128,0x2128,
0x2128,0x1908,0x1907,0x1907,0x2127,0x2127,0x2127,0x2127,0x2127,0x2927,0x2927,0x2927,0x2927,0x2947,0x2947,0x3147,
0x3147,0x3147,0x3147,0x3147,0x3147,0x3147,0x3947,0x3947,0x3967,0x3967,0x3967,0x4167,0x4167,0x4167,0x4187,0x4167,
0x4987,0x4987,0x4987,0x4987,0x51A7,0x51A7,0x51A7,0x51A7,0x5186,0x5986,0x5986,0x5986,0x6186,0x6186,0x6186,0x61A6,
0x61A6,0x69A6,0x69A6,0x69A6,0x6986,0x6985,0x6986,0x7186,0x7186,0x7986,0x7985,0x7985,0x7985,0x8185,0x8185,0x81A5,
0x89A5,0x89C5,0x91E5,0xA266,0xAAA6,0xB2A6,0xBB07,0xC306,0xCB47,0xE42A,0xE42A,0xCB67,0xBAE6,0xBAE6,0xC348,0xDBEA,
0xD3EA,0xCBC8,0xD409,0xE4AA,0xDCAA,0xD468,0xC3E6,0xAB84,0x8240,0x8240,0x8262,0x8A84,0x8244,0x69A3,0x6963,0x69A4,
0x6184,0x5984,0x5984,0x5163,0x5163,0x4963,0x4963,0x4963,0x4922,0x4923,0x4923,0x4923,0x4123,0x4122,0x3922,0x3922,
0x4103,0x4103,0x4103,0x4103,0x40E3,0x4103,0x4103,0x4103,0x4903,0x4103,0x40E3,0x40E3,0x40E2,0x40C2,0x40C2,0x40C2,
0x38C3,0x38C3,0x38C3,0x38C3,0x38C3,0x38C3,0x38C3,0x38C3,0x30C3,0x30C3,0x30C3,0x30C3,0x30A3,0x28A2,0x28A3,0x28A3,
0x30C3,0x28A2,0x28C2,0x28A3,0x28A2,0x28A2,0x28A2,0x20A3,0x20A3,0x20A3,0x20A3,0x20A3,0x18A3,0x1883,0x1883,0x1883,
0x1882,0x1882,0x1082,0x1082,0x1082,0x1082,0x1062,0x1062,0x1062,0x1062,0x1062,0x1062,0x1062,0x1062,0x1062,0x1062,
0x10A3,0x0861,0x0820,0x1041,0x28A2,0x2082,0x1861,0x2081,0x2882,0x5A08,0x2082,0x1081,0x0020,0x10A2,0x0882,0x0040,
0x18A1,0x3123,0x3985,0x20E2,0x1881,0x20C2,0x2103,0x39A6,0x18A2,0x1061,0x0861,0x0861,0x0861,0x0841,0x0021,0x0020,
0x398A,0x5A6D,0x522D,0x396A,0x3169,0x3149,0x2908,0x2929,0x20E8,0x316A,0x31AB,0x318B,0x296B,0x31AC,0x298B,0x214A,
0x216B,0x29AB,0x216B,0x214A,0x216B,0x296B,0x31CD,0x298C,0x296B,0x210A,0x212A,0x212A,0x39ED,0x3A0D,0x3A0D,0x298B,
0x216B,0x216B,0x10E9,0x214B,0x212A,0x294B,0x2109,0x294A,0x2949,0x318A,0x420C,0x41EB,0x39CB,0x31AB,0x39AC,0x294A,
0x2128,0x2989,0x31AA,0x318A,0x2949,0x39EC,0x4A6E,0x31AB,0x39CB,0x39EC,0x296A,0x2108,0x2128,0x2969,0x2969,0x2948,
0x4188,0x5A2B,0x628C,0x5A6C,0x41AA,0x20E6,0x20E7,0x18C7,0x18E7,0x2108,0x2149,0x2949,0x2128,0x1907,0x18E7,0x18E7,
0x1907,0x18E7,0x18E7,0x18E7,0x18E7,0x10C6,0x18E7,0x18E7,0x18E7,0x18E7,0x18E7,0x18E7,0x18E7,0x18E7,0x18E7,0x18E7,
0x18E7,0x18E6,0x18E7,0x18E6,0x18E6,0x18E7,0x2107,0x2127,0x2107,0x2107,0x2107,0x2107,0x2107,0x2107,0x2107,0x2107,
0x1907,0x1907,0x1907,0x1907,0x2107,0x2107,0x2107,0x2127,0x2127,0x2127,0x2127,0x2927,0x2927,0x2927,0x2927,0x2927,
0x2927,0x2927,0x3127,0x3147,0x3147,0x3147,0x3147,0x3147,0x3947,0x3947,0x3947,0x3946,0x4167,0x4167,0x4167,0x4166,
0x4166,0x4166,0x4966,0x4966,0x4986,0x4986,0x5186,0x5186,0x5186,0x5986,0x5986,0x5986,0x5986,0x6186,0x6186,0x6186,
0x61A6,0x61A6,0x61A6,0x6186,0x6185,0x6165,0x6985,0x6985,0x7185,0x7185,0x7185,0x7965,0x7965,0x7965,0x7985,0x7985,
0x89A5,0x89A5,0x7942,0x8983,0x9A25,0xB2A6,0xCB88,0xDBE9,0xD387,0xCB66,0xD3A8,0xDBE9,0xD3C8,0xD409,0xDC4B,0xDC2A,
0xE48A,0xE48A,0xD449,0xC3C7,0xB366,0xB3A7,0xA326,0x8243,0x6140,0x6160,0x6161,0x5942,0x5942,0x5943,0x5923,0x5123,
0x5164,0x5144,0x4943,0x4943,0x4123,0x4123,0x4143,0x4143,0x4123,0x4123,0x4903,0x4103,0x4103,0x3903,0x3902,0x38E3,
0x3903,0x38E3,0x38E2,0x38E2,0x38E2,0x38E3,0x40E3,0x4103,0x38E3,0x38E3,0x38E3,0x38E3,0x38E3,0x40E3,0x4103,0x4103,
0x38C2,0x30C3,0x30C3,0x30C3,0x30C3,0x30C3,0x30C3,0x30C3,0x30A3,0x30C3,0x28A3,0x28A3,0x28A3,0x28A2,0x28A2,0x28A2,
0x28C2,0x28C2,0x28A3,0x28A2,0x28A2,0x28A2,0x20A3,0x20A3,0x20A3,0x20A3,0x20A3,0x2083,0x1883,0x1883,0x1883,0x1883,
0x1882,0x1882,0x1082,0x1082,0x1082,0x1082,0x1062,0x1062,0x1062,0x1062,0x1062,0x1062,0x1062,0x1062,0x1062,0x1062,
0x1062,0x1041,0x1862,0x2061,0x1800,0x2861,0x30C2,0x2040,0x69E7,0x932C,0x30C2,0x1840,0x1061,0x18C2,0x0040,0x0861,
0x3123,0x41A5,0x5207,0x49A5,0x3964,0x3123,0x3144,0x4A28,0x1040,0x1061,0x0841,0x0820,0x0841,0x10A2,0x10A2,0x0841,
0x2928,0x41CB,0x39AA,0x39AA,0x5AAF,0x52AF,0x39AB,0x318A,0x1908,0x2129,0x1909,0x214A,0x214A,0x298B,0x212A,0x1909,
0x1929,0x214A,0x1929,0x10C8,0x2129,0x214A,0x31AC,0x214A,0x294A,0x212A,0x214A,0x214A,0x39EC,0x422D,0x3A2D,0x29AB,
0x112A,0x112A,0x194B,0x29CD,0x31CD,0x31CD,0x296B,0x296A,0x4A6E,0x316A,0x39CB,0x4A2D,0x318A,0x20E8,0x2909,0x18C8,
0x2949,0x10E7,0x1928,0x2969,0x1909,0x2149,0x298A,0x2129,0x2129,0x31CB,0x31CB,0x2129,0x18E7,0x18E7,0x10C7,0x18C6,
0x3947,0x49A8,0x49C9,0x51EA,0x3969,0x20A6,0x20C6,0x20E7,0x20E7,0x2108,0x1908,0x1908,0x1907,0x1907,0x1928,0x2128,
0x10C6,0x1907,0x18E7,0x10C6,0x1907,0x1908,0x1907,0x2128,0x18E7,0x18E7,0x18E7,0x18E7,0x18E7,0x18E7,0x18E7,0x18E7,
0x18C6,0x18E6,0x18E7,0x18E7,0x18E6,0x18E6,0x18E7,0x1907,0x18E7,0x18E7,0x1907,0x1907,0x1907,0x1907,0x1907,0x1907,
0x18E7,0x18E7,0x18E7,0x1907,0x1907,0x1907,0x2107,0x2107,0x2107,0x2107,0x2106,0x2126,0x2906,0x2927,0x2926,0x2926,
0x2927,0x2927,0x2926,0x2926,0x3127,0x3147,0x3146,0x3146,0x3946,0x3946,0x3946,0x3946,0x3946,0x3946,0x4166,0x4146,
0x4166,0x4166,0x4166,0x4966,0x4966,0x4966,0x4965,0x5165,0x5186,0x5166,0x5966,0x5986,0x5965,0x5986,0x6185,0x6185,
0x6186,0x6186,0x6186,0x6186,0x6185,0x6165,0x6965,0x6985,0x7185,0x7185,0x7165,0x7165,0x7965,0x7965,0x7965,0x7985,
0x7944,0x91C6,0x9A06,0xB2C8,0xC349,0xC328,0xC326,0xBAE5,0xDBC8,0xB2C3,0xC366,0xEC8B,0xDC4A,0xC387,0xC3A8,0xCBE8,
0xC3C7,0xC3C6,0xBBA6,0xA305,0x8A43,0x7A03,0x71E3,0x6182,0x5922,0x5943,0x5122,0x48E2,0x48E2,0x5123,0x5123,0x40E2,
0x4903,0x4103,0x4102,0x3902,0x3902,0x3902,0x3923,0x4123,0x4103,0x4103,0x40E3,0x38E3,0x38E3,0x38C3,0x30C3,0x30C2,
0x30E3,0x30C2,0x30C2,0x30C2,0x30C2,0x38C3,0x38E3,0x38E3,0x38E3,0x38E3,0x38C3,0x30A2,0x30A2,0x38C3,0x38C3,0x38E3,
0x30C3,0x30C3,0x30C3,0x30C2,0x30C2,0x30C2,0x28C3,0x28C2,0x28A2,0x28A2,0x28A3,0x28A2,0x28A2,0x28A2,0x28A2,0x28A2,
0x28A2,0x28A2,0x28A2,0x28A2,0x28A2,0x20A2,0x20A3,0x20A2,0x20A3,0x20A3,0x2083,0x1883,0x1883,0x1883,0x1883,0x1883,
0x1882,0x1082,0x1082,0x1082,0x1082,0x1082,0x1062,0x1082,0x1062,0x1062,0x1062,0x1062,0x1062,0x1062,0x1062,0x1062,
0x1861,0x1841,0x30C3,0x5165,0x3882,0x3840,0x38A1,0x4902,0x9B2B,0x9B0B,0x38A1,0x2060,0x20A1,0x1081,0x0000,0x1081,
0x1860,0x28A0,0x3943,0x4164,0x4164,0x28E2,0x1020,0x1040,0x1040,0x1861,0x1041,0x0800,0x1062,0x2124,0x2925,0x18C3,
0x18C7,0x2108,0x18C7,0x10A6,0x10C7,0x10C7,0x18E7,0x216A,0x18E8,0x1908,0x10E8,0x214A,0x1909,0x192A,0x10E8,0x1109,
0x10C8,0x18E8,0x18E8,0x10C8,0x212A,0x2109,0x316B,0x20E9,0x18C8,0x18E8,0x18E8,0x2129,0x2969,0x39EC,0x3A0C,0x31EC,
0x320D,0x218C,0x216B,0x192B,0x212B,0x192A,0x212A,0x2109,0x7BF4,0x52AF,0x52AE,0x6B71,0x18E8,0x10C7,0x18C8,0x18E8,
0x1908,0x08A6,0x08A7,0x1928,0x1929,0x10C7,0x10E8,0x218A,0x1908,0x218A,0x218A,0x1949,0x1928,0x1108,0x10E7,0x18C6,
0x41A9,0x4968,0x4168,0x520A,0x49A9,0x20C6,0x20A6,0x20E7,0x20E7,0x18E7,0x18E7,0x18E7,0x18E7,0x1907,0x1908,0x2128,
0x10C7,0x2989,0x2128,0x10A6,0x2148,0x2148,0x1907,0x2148,0x18E7,0x18E7,0x18E7,0x18E7,0x1907,0x1907,0x2128,0x2148,
0x18E6,0x1907,0x2127,0x2127,0x2107,0x18E6,0x18E6,0x18E6,0x18E6,0x18E6,0x18E6,0x18E6,0x18E6,0x18E6,0x18E6,0x18E6,
0x18E6,0x18E6,0x18E6,0x18E7,0x1906,0x1907,0x2106,0x2107,0x2107,0x2107,0x2106,0x2106,0x2906,0x2906,0x2906,0x2906,
0x2906,0x2906,0x2926,0x2926,0x3126,0x3126,0x3126,0x3126,0x3946,0x3946,0x3946,0x3946,0x3946,0x3946,0x3946,0x4146,
0x4166,0x4166,0x4166,0x4966,0x4966,0x4966,0x4965,0x5166,0x5165,0x5165,0x5165,0x5965,0x5965,0x5965,0x5965,0x5965,
0x5965,0x5965,0x6185,0x6165,0x6165,0x6165,0x6965,0x6965,0x6965,0x7165,0x7165,0x7165,0x7965,0x7985,0x7985,0x81A5,
0x9A48,0xA248,0x8984,0x8983,0x9A04,0xA244,0xB2C5,0xC325,0xC345,0xCBA6,0xD3C7,0xC386,0xB304,0xB325,0xB325,0xAB05,
0xAB04,0x9AA3,0x9AA4,0x92A4,0x79E3,0x6141,0x6142,0x6164,0x5144,0x5124,0x4924,0x4904,0x4903,0x4924,0x4923,0x4903,
0x40E2,0x40E2,0x40E2,0x3902,0x3902,0x3903,0x3903,0x3903,0x38E3,0x38E3,0x38C3,0x38A3,0x30A3,0x30A3,0x30A3,0x30A3,
0x30C3,0x30C2,0x30C2,0x30C2,0x30C2,0x30C3,0x30C3,0x38E3,0x30C3,0x38E3,0x30C3,0x30A2,0x30A3,0x30C3,0x38E4,0x30E3,
0x30C3,0x28C2,0x28C2,0x28C2,0x28C2,0x28A2,0x28A2,0x28A2,0x20C2,0x20C2,0x20A2,0x20A2,0x20A2,0x20A2,0x20A2,0x20A2,
0x28A3,0x28A3,0x28A2,0x28A2,0x20A2,0x20A2,0x20A2,0x20A2,0x2083,0x2082,0x1883,0x1883,0x1883,0x1883,0x1883,0x1883,
0x1882,0x1082,0x1082,0x1082,0x1062,0x1062,0x1082,0x1082,0x1062,0x1062,0x1062,0x1062,0x1062,0x1062,0x1062,0x1062,
0x1882,0x2061,0x38C2,0x7A69,0x8268,0x5903,0x4080,0x71E5,0xB36C,0x81E6,0x3880,0x2880,0x20A0,0x1880,0x0860,0x1880,
0x4164,0x4143,0x4964,0x4163,0x4984,0x4184,0x30E2,0x3103,0x3144,0x3104,0x18A2,0x1041,0x1062,0x18C3,0x18C3,0x1062,
0x1908,0x10A6,0x10C6,0x2128,0x1908,0x10E7,0x10E7,0x10C7,0x10C7,0x1929,0x1949,0x29CB,0x1929,0x10E8,0x08A7,0x1929,
0x298A,0x296A,0x2149,0x1908,0x2129,0x10C7,0x2129,0x18E8,0x2108,0x2969,0x2128,0x2128,0x10A6,0x2128,0x1907,0x1908,
0x214A,0x10C9,0x190A,0x1909,0x214B,0x212A,0x214A,0x18E8,0x294A,0x4A4D,0x7BF3,0xAD79,0x2149,0x2128,0x18E8,0x18E8,
0x10E8,0x2169,0x1908,0x08A6,0x2169,0x29AB,0x1929,0x216A,0x216A,0x1929,0x10E7,0x1908,0x2169,0x1969,0x1108,0x18E7,
0x41A9,0x49C9,0x3947,0x3107,0x28E6,0x28E7,0x2907,0x18A6,0x18A6,0x18C7,0x18E7,0x18E7,0x2108,0x1907,0x18E7,0x10C6,
0x2969,0x424C,0x31A9,0x18C6,0x2948,0x2148,0x10A6,0x18E7,0x18E7,0x18E7,0x18E6,0x1907,0x2127,0x2948,0x2989,0x31A9,
0x1906,0x2127,0x2968,0x2988,0x2947,0x2107,0x18E6,0x18C6,0x18E6,0x18E6,0x18E6,0x18E6,0x18E6,0x18E6,0x18E6,0x18E6,
0x18E6,0x18E6,0x18E6,0x1906,0x1906,0x1906,0x2106,0x2106,0x2107,0x2106,0x2106,0x2106,0x2106,0x2906,0x2906,0x2906,
0x2906,0x2906,0x2906,0x2906,0x2926,0x3126,0x3126,0x3125,0x3946,0x3946,0x3946,0x3946,0x3946,0x3946,0x4146,0x4146,
0x4145,0x4145,0x4145,0x4945,0x4965,0x4965,0x4965,0x4945,0x5145,0x5145,0x5145,0x5145,0x5965,0x5965,0x5965,0x5965,
0x5965,0x5965,0x5965,0x5965,0x5965,0x6165,0x6165,0x6965,0x6965,0x7165,0x7164,0x7965,0x7985,0x8185,0x81A5,0x89A5,
0x91E5,0xA226,0x91A3,0x91C3,0xAA65,0xB2A5,0xBB06,0xC347,0xBB46,0xBB46,0xA2A3,0x9A63,0x9AA4,0x8A42,0x81E1,0x8A63,
0x8222,0x8223,0x7A03,0x69A2,0x5921,0x6143,0x5964,0x4903,0x5124,0x4904,0x4104,0x4904,0x4104,0x40E3,0x38E3,0x4103,
0x40E2,0x40E2,0x4102,0x3902,0x38E2,0x38E3,0x30E3,0x30C2,0x38E3,0x38E3,0x38C3,0x30A3,0x30A3,0x2883,0x28A3,0x28A3,
0x30C3,0x28C2,0x28C2,0x28C2,0x30C2,0x30C2,0x30C3,0x30C3,0x28A2,0x30C2,0x30C3,0x30C3,0x38E4,0x4145,0x4966,0x4966,
0x28C3,0x28C3,0x28C3,0x28C2,0x28A2,0x20A2,0x20A2,0x20A2,0x20A2,0x20C2,0x20A2,0x20A2,0x20A2,0x20A2,0x20A2,0x20A2,
0x28A3,0x28A2,0x28A2,0x28A2,0x20A2,0x20A2,0x20A2,0x2083,0x2082,0x1882,0x1883,0x1882,0x1883,0x1883,0x1862,0x1862,
0x1862,0x1082,0x1082,0x1082,0x1082,0x1082,0x1082,0x1082,0x1062,0x1062,0x1062,0x1062,0x1062,0x1062,0x1062,0x1861,
0x1800,0x30A1,0x40A0,0x8247,0xAB6C,0x8A27,0x58A0,0x81E5,0xBB2B,0x68E2,0x48A0,0x3880,0x2040,0x28E1,0x3123,0x1880,
0x28A1,0x3902,0x4144,0x3902,0x3923,0x4164,0x30E3,0x30E3,0x3124,0x20A2,0x1041,0x0820,0x1062,0x18A3,0x18C3,0x18A3,
0x0885,0x18E6,0x18E6,0x10C6,0x10C6,0x10E6,0x10C6,0x18E7,0x10A6,0x18E7,0x10C6,0x10E7,0x10E7,0x10A6,0x1107,0x10E7,
0x10E7,0x2149,0x2189,0x1928,0x10E7,0x1907,0x1927,0x1907,0x29A9,0x5B30,0x29AA,0x2128,0x2989,0x1948,0x08A6,0x298A,
0x10C7,0x1908,0x216A,0x1908,0x10C7,0x2149,0x298A,0x18E8,0x2128,0x7C14,0x6330,0x52CF,0x2149,0x10C7,0x10A7,0x10E8,
0x1928,0x1928,0x2148,0x18E7,0x10C7,0x1908,0x2129,0x1908,0x10C7,0x0886,0x1908,0x1908,0x10E8,0x1929,0x1908,0x10C7,
0x18A6,0x3148,0x41CA,0x41AA,0x3969,0x3169,0x3169,0x3149,0x398A,0x2108,0x18A7,0x2108,0x318A,0x41EB,0x398A,0x18E7,
0x2127,0x2968,0x2127,0x18A5,0x18A5,0x18E6,0x10C6,0x08A6,0x10E7,0x10C6,0x10A5,0x20E6,0x2927,0x2927,0x1907,0x10C6,
0x10E6,0x18E6,0x18E6,0x18E6,0x1906,0x18E6,0x10C5,0x18C5,0x18E5,0x18E5,0x10C5,0x10C5,0x10C6,0x10C6,0x10C6,0x10C5,
0x10E5,0x10E5,0x10E6,0x18E6,0x18E6,0x18E6,0x18E6,0x1906,0x2106,0x2106,0x20E6,0x20E5,0x20E5,0x20E5,0x20E5,0x28E5,
0x2906,0x2906,0x2906,0x2906,0x3126,0x3125,0x3125,0x3125,0x3125,0x3104,0x3104,0x3924,0x4165,0x4165,0x3945,0x3924,
0x4144,0x4124,0x4144,0x4944,0x4945,0x4945,0x4945,0x4944,0x5144,0x5144,0x5144,0x5164,0x5964,0x5964,0x5944,0x5944,
0x5943,0x6184,0x6164,0x5944,0x6164,0x6144,0x6123,0x6144,0x71A5,0x79A5,0x7984,0x7943,0x7943,0x89A4,0xA246,0xB2C7,
0xB265,0xB264,0xBAA5,0xC307,0xC327,0xC348,0xBB48,0xAAE7,0xA2C6,0x9265,0x8204,0x7A03,0x7A04,0x7204,0x71E4,0x71E4,
0x69E4,0x69C3,0x6183,0x5962,0x5142,0x5143,0x5123,0x4923,0x4944,0x4924,0x4904,0x4103,0x4103,0x40E3,0x38E3,0x38C3,
0x38E3,0x38E2,0x38E2,0x38E2,0x38E2,0x30E2,0x30E2,0x30C2,0x28C2,0x28C2,0x28C3,0x28C2,0x28A3,0x28C3,0x28C3,0x30C3,
0x30C2,0x30C2,0x30C2,0x30C2,0x30C2,0x30C2,0x30C2,0x30C2,0x28A2,0x28A2,0x28A2,0x3903,0x30E3,0x2061,0x8B8D,0x6AAA,
0x20A2,0x28E4,0x28C3,0x20A2,0x28C3,0x28C3,0x20A2,0x20A2,0x2082,0x2082,0x2082,0x2082,0x20A3,0x18A3,0x18A3,0x18A3,
0x20A3,0x20A2,0x20A2,0x20A2,0x2082,0x2082,0x1882,0x1882,0x1883,0x1883,0x1882,0x1882,0x1883,0x1883,0x1883,0x1883,
0x1883,0x1063,0x0821,0x1061,0x18C2,0x1081,0x1060,0x18A2,0x0801,0x20A4,0x1063,0x0001,0x10E4,0x10A3,0x0800,0x3923,
0x7A86,0xA369,0xB3CB,0xBBAB,0xBB2A,0xAA87,0x8943,0x99E5,0x99C5,0x9184,0x8164,0x6943,0x5102,0x4922,0x4943,0x4143,
0x3923,0x3923,0x3924,0x3964,0x3944,0x3103,0x2903,0x3124,0x1861,0x1041,0x1041,0x1041,0x1082,0x18A3,0x18A3,0x1883,
0x10C6,0x10C6,0x10A5,0x10A5,0x10E6,0x10C6,0x10A6,0x10C6,0x10C6,0x10C6,0x10C7,0x10C6,0x10A6,0x10A6,0x10A6,0x10C6,
0x2128,0x2149,0x2168,0x1927,0x10E6,0x10C6,0x10C6,0x10E6,0x1927,0x31EA,0x2147,0x31CA,0x426D,0x426D,0x2989,0x1907,
0x10A6,0x10C6,0x18E7,0x18E7,0x10C7,0x1908,0x2149,0x2149,0x2128,0x31CB,0x2128,0x0887,0x2149,0x296A,0x1908,0x1908,
0x10E7,0x2148,0x1928,0x08A6,0x5B10,0x6B92,0x0886,0x18E7,0x298A,0x31AB,0x10C7,0x1908,0x31CB,0x2149,0x10E8,0x1908,
0x2128,0x2928,0x2949,0x318A,0x3189,0x3189,0x41EB,0x528E,0x39AB,0x3149,0x2928,0x2928,0x2107,0x2108,0x2107,0x18C6,
0x10C6,0x10C6,0x18C5,0x18A5,0x1885,0x1085,0x10C6,0x1128,0x08E7,0x10E6,0x18C6,0x20C6,0x20C6,0x18E6,0x10C6,0x08C6,
0x10A5,0x10A5,0x10A5,0x10C5,0x10C5,0x10C5,0x10A5,0x10A4,0x18E5,0x18C5,0x10C5,0x10C5,0x10C5,0x10C6,0x10C6,0x10C5,
0x10E5,0x10E5,0x10E5,0x18E6,0x18E5,0x18E6,0x18E6,0x20E6,0x2106,0x2106,0x2105,0x20E5,0x20E5,0x28E5,0x28E5,0x28E5,
0x28E6,0x28E6,0x28E6,0x2905,0x2905,0x3105,0x3105,0x3105,0x28E4,0x3945,0x3945,0x3103,0x30E3,0x3924,0x3944,0x3924,
0x4144,0x4144,0x4145,0x4144,0x4944,0x4945,0x4945,0x4945,0x5145,0x5145,0x5165,0x5165,0x5964,0x5965,0x5965,0x5964,
0x5964,0x6164,0x5944,0x5923,0x5944,0x6144,0x6965,0x79C6,0x7184,0x7984,0x89C5,0x9A05,0x9A25,0x9A24,0xAA65,0xB2A5,
0xD388,0xCB06,0xC2C5,0xBAC5,0xAA85,0xAAA6,0xA2C6,0x9A86,0x8204,0x79E4,0x71E4,0x69C4,0x69C4,0x6183,0x5983,0x5984,
0x59A4,0x5984,0x5143,0x5143,0x4923,0x4943,0x4943,0x4943,0x4923,0x4103,0x4103,0x40E3,0x40E3,0x38E3,0x38E3,0x38C3,
0x38C3,0x38E2,0x38C2,0x38C2,0x30E2,0x30C2,0x30C2,0x28E3,0x28C2,0x28C3,0x28C2,0x28C2,0x28A2,0x28A3,0x28C3,0x28C2,
0x28C2,0x28C2,0x28C2,0x28C2,0x28C2,0x28C2,0x28C2,0x28C2,0x28C2,0x28C2,0x28C2,0x28A2,0x30E3,0x28A2,0x72CA,0x9C30,
0x3104,0x28C3,0x3104,0x20A2,0x20C3,0x20A2,0x2082,0x2082,0x2082,0x2082,0x2083,0x2083,0x18A3,0x18A3,0x18A3,0x18A3,
0x20A3,0x20A2,0x20A3,0x20A2,0x20A2,0x1882,0x1882,0x1882,0x1883,0x1883,0x1882,0x1882,0x1883,0x1883,0x1883,0x18A3,
0x1062,0x28E5,0x28E4,0x1061,0x0840,0x10A1,0x18A1,0x1882,0x28A3,0x2083,0x1083,0x0883,0x08A3,0x0862,0x1041,0x4164,
0xBC6E,0xB3EB,0xAB69,0xAB08,0xC34A,0xB287,0x9963,0x9983,0xA1A5,0xA206,0xAA68,0xA2A9,0x8A88,0x69C5,0x4902,0x38E2,
0x3103,0x2081,0x20A2,0x3144,0x3124,0x2082,0x1882,0x2904,0x1882,0x1862,0x1041,0x1041,0x1062,0x1062,0x1082,0x1062,
0x10E7,0x10C6,0x08C6,0x08C6,0x08C6,0x08A6,0x08A6,0x10A6,0x10A6,0x08A6,0x10C6,0x10A6,0x10A6,0x10C6,0x10A6,0x10C6,
0x0885,0x0885,0x10C6,0x1907,0x1907,0x10A5,0x08A5,0x10C5,0x0884,0x10C6,0x10C5,0x18E6,0x0885,0x1907,0x31CA,0x31CB,
0x10C6,0x10C6,0x10C6,0x18E7,0x18E7,0x10C7,0x1907,0x298A,0x3A0C,0x10C7,0x10C7,0x1908,0x4A8E,0x4A8E,0x2129,0x39EB,
0x4A8E,0x10E7,0x1928,0x2989,0x3A2C,0x31CB,0x10A6,0x52AE,0x39EB,0x31AB,0x10E7,0x298A,0x296A,0x1908,0x31CB,0x1908,
0x3A0B,0x31A9,0x2969,0x2948,0x2107,0x18C6,0x2128,0x39AA,0x2928,0x2107,0x2107,0x2107,0x18C6,0x10A6,0x18C6,0x10C6,
0x10E7,0x10E6,0x20E6,0x20E6,0x18A5,0x10A6,0x10E6,0x08C7,0x08C6,0x10C6,0x18C6,0x18C6,0x18C6,0x18C6,0x1907,0x1927,
0x2168,0x1907,0x2147,0x2167,0x1926,0x2127,0x2147,0x18E5,0x10E5,0x10E5,0x10C5,0x10C5,0x10C5,0x10C6,0x10C5,0x10C5,
0x10E5,0x10E5,0x10E5,0x18E5,0x18E5,0x18E5,0x18E5,0x18E5,0x20E6,0x2105,0x20E5,0x20E5,0x20E5,0x20E5,0x20E5,0x28E5,
0x28E5,0x28E5,0x28E5,0x2905,0x2905,0x2905,0x3105,0x3105,0x3105,0x3945,0x3965,0x3945,0x3945,0x3945,0x4165,0x4166,
0x4125,0x4145,0x4145,0x4145,0x4145,0x4945,0x4945,0x4945,0x4945,0x4945,0x5145,0x5145,0x5144,0x5145,0x5145,0x5165,
0x5144,0x5965,0x5944,0x6165,0x6965,0x6945,0x7145,0x81C6,0x81A5,0x8184,0x91C4,0xA246,0xAA85,0xAA64,0xAAA5,0xBB26,
0xCB67,0xBAE6,0xB2C5,0xAA85,0x9A24,0x9204,0x8A04,0x79C3,0x6142,0x6163,0x6183,0x6184,0x5963,0x5122,0x4902,0x4922,
0x5143,0x4923,0x4923,0x4903,0x4903,0x4923,0x4903,0x4123,0x4103,0x40E3,0x38E3,0x38E3,0x38E3,0x38E3,0x38C3,0x38C3,
0x38C2,0x38C2,0x30C2,0x30C2,0x30C2,0x30C2,0x28C2,0x28C2,0x28C3,0x28C3,0x28C3,0x28C3,0x28A2,0x28A2,0x28A3,0x28A2,
0x20C2,0x20C2,0x20C2,0x20C2,0x20C2,0x20C2,0x28C3,0x28C3,0x28C3,0x28C3,0x28C3,0x2061,0x30E3,0x30A3,0x4986,0xB4F3,
0x5A28,0x28A2,0x3104,0x28C3,0x20A2,0x1882,0x2082,0x1882,0x2082,0x2082,0x2083,0x2083,0x1883,0x18A3,0x18A3,0x18A2,
0x20A2,0x20A2,0x20A2,0x20A2,0x20A2,0x1882,0x1882,0x1882,0x18A3,0x1883,0x1882,0x1882,0x1883,0x1883,0x1883,0x18A3,
0x1021,0x1882,0x1882,0x1882,0x18A2,0x18A1,0x2081,0x28A2,0x2882,0x1020,0x1082,0x10A2,0x08A2,0x0882,0x1041,0x2061,
0x38C1,0x7A87,0xB40D,0xAB4A,0xC38B,0xC2E9,0xA9E4,0x9122,0xA9E5,0xAA26,0x9A26,0x8A06,0x7206,0x5144,0x30A2,0x30E3,
0x28A2,0x1841,0x1841,0x28E3,0x28E3,0x1041,0x1020,0x20A2,0x20C3,0x1882,0x1042,0x0821,0x0841,0x1062,0x1062,0x1062,
0x08E7,0x1107,0x1128,0x10E7,0x0886,0x08A6,0x10E7,0x10C7,0x10C6,0x1907,0x10A6,0x18E6,0x10C6,0x0885,0x10C6,0x0865,
0x1907,0x10E7,0x10A6,0x0885,0x0885,0x0885,0x10C5,0x10E6,0x10C5,0x10A5,0x10C5,0x10C6,0x0884,0x18E6,0x2989,0x2969,
0x10C6,0x18E7,0x10C6,0x10E7,0x1908,0x10E7,0x1907,0x31CB,0x2148,0x10A6,0x10E7,0x298A,0x31CB,0x3A0C,0x0865,0x2169,
0x10E7,0x08C6,0x424D,0x6330,0x2128,0x0065,0x2149,0x1908,0x18E7,0x1908,0x1908,0x298A,0x18E7,0x2149,0x4A6D,0x2989,
0x1927,0x2148,0x2148,0x10C6,0x10A6,0x18E6,0x18E7,0x18E7,0x10A6,0x1086,0x18C6,0x18E7,0x1907,0x2148,0x2127,0x10C6,
0x08C6,0x10E6,0x18E6,0x18A5,0x18C6,0x3169,0x2169,0x0085,0x08C6,0x10C6,0x18C6,0x18A6,0x18C6,0x18E6,0x1928,0x1948,
0x2168,0x18E6,0x2127,0x2148,0x10E6,0x1906,0x2127,0x10C5,0x10C5,0x10C5,0x10C5,0x10C5,0x10C5,0x10C5,0x10C6,0x10C5,
0x10C5,0x10E5,0x10E5,0x18E5,0x18E5,0x18E5,0x18E5,0x18E5,0x20E5,0x20E5,0x20E5,0x20E5,0x20E5,0x20E5,0x20E5,0x20E5,
0x2905,0x2905,0x2905,0x2905,0x3105,0x3125,0x3125,0x3125,0x3945,0x3104,0x3104,0x3966,0x4166,0x3925,0x3104,0x3925,
0x3925,0x3925,0x4145,0x4145,0x4145,0x4145,0x4145,0x4945,0x4945,0x4945,0x4945,0x5145,0x5145,0x5145,0x5145,0x5145,
0x5144,0x5945,0x5945,0x6165,0x6966,0x6924,0x7104,0x8165,0xA268,0xA247,0xA246,0xAAA7,0xB2E7,0xBB27,0xC367,0xCBA9,
0xAAA5,0xA264,0x9A44,0x9224,0x81C3,0x79A3,0x6962,0x5901,0x50E1,0x5102,0x5943,0x5963,0x5143,0x48E2,0x40E1,0x40E2,
0x4923,0x4923,0x4103,0x40E2,0x40E2,0x40E2,0x38E2,0x38C2,0x38E2,0x38C2,0x38C2,0x30C2,0x30C2,0x30C2,0x30C2,0x30C2,
0x30C2,0x30C2,0x30C2,0x30C2,0x28C2,0x28C2,0x28C2,0x28E3,0x28E3,0x28C3,0x28C3,0x28C3,0x20A2,0x28A2,0x28A2,0x20A2,
0x20C2,0x20C2,0x20C2,0x18C2,0x18C2,0x18C3,0x18C3,0x20C3,0x18A3,0x20C3,0x20A3,0x2082,0x30C3,0x30A3,0x3082,0x9BEF,
0x938D,0x30C2,0x30C2,0x28A2,0x20A2,0x1861,0x1862,0x1882,0x1883,0x1883,0x1883,0x1883,0x1883,0x1882,0x18A2,0x18A2,
0x18A2,0x20A2,0x20A2,0x20A2,0x1882,0x1882,0x1882,0x1882,0x1883,0x1882,0x1882,0x1882,0x1883,0x1883,0x1883,0x18A2,
0x3104,0x28C2,0x2081,0x28A2,0x30E3,0x28A2,0x2861,0x3082,0x2861,0x38C3,0x3944,0x20C2,0x1081,0x18A2,0x1041,0x1000,
0x1800,0x38C1,0x7227,0x92A8,0xAAC8,0x91C4,0x8941,0xA1C4,0xA205,0xA226,0x7963,0x58A0,0x48A2,0x30A2,0x2882,0x3104,
0x20A2,0x20A2,0x20A2,0x1882,0x1861,0x1862,0x1041,0x1041,0x18A3,0x1882,0x1042,0x0841,0x0842,0x1062,0x1082,0x1083,
0x1107,0x1128,0x1928,0x10E7,0x08A6,0x1928,0x2969,0x18E7,0x10A6,0x2148,0x1085,0x2148,0x2968,0x18C6,0x3189,0x18E6,
0x0885,0x08A5,0x08A5,0x0885,0x10A5,0x18E6,0x10C5,0x0864,0x10A5,0x10C5,0x18E6,0x10C5,0x18E6,0x18C6,0x1085,0x0864,
0x0885,0x10E6,0x10C6,0x10A6,0x1907,0x1907,0x2128,0x31CA,0x0044,0x18E7,0x10C7,0x10A6,0x08A6,0x1908,0x08A6,0x10C6,
0x10E7,0x1928,0x1948,0x2169,0x1107,0x10C7,0x2148,0x10C6,0x0065,0x1907,0x18E7,0x10A6,0x18E7,0x10C6,0x0885,0x1907,
0x0064,0x08C5,0x10E6,0x10C6,0x10C6,0x1927,0x2127,0x1907,0x10A6,0x10C6,0x1907,0x1907,0x2148,0x31CA,0x31CA,0x1927,
0x18E7,0x1907,0x20E6,0x1864,0x18A5,0x2948,0x2968,0x10C6,0x1107,0x10E6,0x18C6,0x18A5,0x18A5,0x18C6,0x10C7,0x10E7,
0x1107,0x0885,0x10C6,0x10E6,0x0884,0x08A5,0x10E5,0x0864,0x10C5,0x10C5,0x10C5,0x10C5,0x10C5,0x10C5,0x10C5,0x10C5,
0x18C5,0x18C5,0x18C5,0x18C5,0x18E5,0x18E5,0x18E5,0x18E5,0x18E5,0x20E5,0x20E5,0x20E5,0x20E5,0x2105,0x2105,0x20E5,
0x2905,0x3105,0x3105,0x3105,0x3105,0x3125,0x3125,0x3125,0x3966,0x3925,0x3925,0x3945,0x3925,0x3904,0x3904,0x3925,
0x3925,0x3925,0x3925,0x4126,0x4145,0x4145,0x4145,0x4145,0x4945,0x4945,0x5165,0x5165,0x5165,0x5145,0x5145,0x5144,
0x5945,0x5944,0x5924,0x6124,0x7145,0x7145,0x7965,0x89C6,0x99E6,0x9A06,0x91E5,0x9204,0x9A44,0xA2A5,0xA2C4,0x9A84,
0xA2C6,0x9245,0x81E3,0x7182,0x6121,0x6101,0x5922,0x5102,0x4902,0x4902,0x4923,0x5143,0x4943,0x4103,0x40E2,0x40E2,
0x4103,0x40E3,0x40E2,0x38E2,0x38E2,0x38C2,0x30C2,0x30A2,0x30C2,0x30A2,0x30A2,0x30A2,0x30A2,0x30A2,0x30A2,0x30A2,
0x30C2,0x30C2,0x28C2,0x28C2,0x28C2,0x28C3,0x28C3,0x28C3,0x28E3,0x28E3,0x28C3,0x20C3,0x20C3,0x20A3,0x20A3,0x20A2,
0x18C2,0x18C2,0x18C3,0x18C3,0x18C3,0x18C3,0x18C4,0x18C4,0x1883,0x20A3,0x1862,0x28C3,0x28A2,0x28A2,0x2862,0x6228,
0xB491,0x4964,0x28A1,0x2881,0x28C2,0x1861,0x1862,0x18A3,0x1883,0x1883,0x1883,0x1883,0x1883,0x1882,0x1882,0x1882,
0x18A2,0x1882,0x1882,0x1882,0x1882,0x1882,0x1883,0x1883,0x1882,0x1882,0x1882,0x1882,0x1082,0x1883,0x1883,0x2082,
0x5A07,0x7269,0x6A28,0x4924,0x38C2,0x38A2,0x40A2,0x40A2,0x6986,0x8249,0x7249,0x38C3,0x2041,0x2061,0x1841,0x28A3,
0x2041,0x2020,0x3040,0x4080,0x4860,0x60C0,0x7901,0xA225,0xA225,0xAA87,0x89A4,0x50A1,0x40A2,0x38C3,0x28A3,0x20C3,
0x20C3,0x20C3,0x20A2,0x1882,0x1862,0x1882,0x1882,0x1062,0x1882,0x1082,0x1062,0x1062,0x1062,0x1063,0x1083,0x1083,
0x1948,0x10E7,0x10E7,0x10C6,0x18E7,0x31AA,0x31CA,0x18C6,0x4A4C,0x52CE,0x31CA,0x422C,0x420B,0x2148,0x39CA,0x1907,
0x10E6,0x1927,0x2148,0x2148,0x2989,0x31CA,0x2968,0x10C5,0x2147,0x2168,0x2988,0x1906,0x2968,0x2107,0x18A5,0x2107,
0x10A6,0x18E6,0x10C6,0x08A5,0x10A5,0x10C6,0x10E6,0x1907,0x18E7,0x10C6,0x10C6,0x10C6,0x2989,0x10C6,0x2148,0x10E7,
0x10E7,0x0085,0x08A6,0x0885,0x1907,0x1928,0x0065,0x1907,0x1928,0x1907,0x1907,0x1907,0x2148,0x1907,0x0064,0x1907,
0x1906,0x10E5,0x08C5,0x10E6,0x10E6,0x08A5,0x10C5,0x1907,0x08A5,0x1907,0x2128,0x1907,0x1907,0x29A9,0x3A0B,0x31A9,
0x10A5,0x18C6,0x20C5,0x20A4,0x2084,0x1043,0x0864,0x1906,0x10C6,0x18C6,0x18C5,0x20A5,0x18A5,0x18A6,0x10A6,0x08A6,
0x10E7,0x08A6,0x10C6,0x10E6,0x08A5,0x10C5,0x18E6,0x10A5,0x10C5,0x10C5,0x10C5,0x10C5,0x10C5,0x18C5,0x18C5,0x18C5,
0x18C5,0x18C5,0x18C5,0x18C5,0x18C5,0x18C5,0x18C5,0x18E5,0x18E5,0x18E5,0x18E5,0x20E4,0x20E5,0x2105,0x2105,0x2105,
0x28E4,0x28E4,0x28E4,0x2904,0x3104,0x3104,0x3104,0x3104,0x28C3,0x3904,0x3924,0x38E3,0x38C3,0x4104,0x4945,0x4945,
0x3925,0x3925,0x3925,0x4125,0x4125,0x4145,0x4125,0x4945,0x4945,0x4925,0x5145,0x5145,0x5144,0x5124,0x5124,0x5124,
0x5923,0x6964,0x71A5,0x81E6,0x9248,0x9A48,0x9227,0x9A27,0x9A27,0x9226,0x89C4,0x7982,0x81C3,0x9244,0x8A44,0x81E3,
0x8A25,0x71C4,0x6983,0x5922,0x50E1,0x50E1,0x5102,0x48E2,0x4903,0x40E2,0x40E2,0x4103,0x4123,0x4103,0x38E3,0x38E3,
0x38C3,0x38C2,0x30C2,0x30C2,0x38C2,0x30C2,0x30A2,0x30A2,0x30A2,0x28A2,0x2882,0x28A2,0x28A2,0x28A2,0x28A2,0x28A2,
0x28C2,0x28C3,0x28C3,0x28C3,0x28C3,0x28C3,0x28C3,0x28C3,0x20C3,0x20C3,0x20C3,0x20C3,0x20A3,0x20A3,0x20A3,0x20A3,
0x20C2,0x18C3,0x18C3,0x18C3,0x18C3,0x18C4,0x10A4,0x18A4,0x18A4,0x18A3,0x1042,0x28C3,0x2061,0x28A2,0x30A2,0x40E3,
0xAC4F,0x7267,0x30C1,0x28A1,0x28A2,0x2082,0x1862,0x18A3,0x1883,0x1883,0x1883,0x1883,0x1882,0x1882,0x1882,0x1882,
0x1882,0x1882,0x1882,0x1882,0x1882,0x1882,0x1883,0x1883,0x1882,0x1882,0x1882,0x1882,0x1082,0x1883,0x1883,0x2082,
0x4965,0x7A68,0x930B,0x8AA9,0x6985,0x5081,0x58C3,0x79A6,0x9AAB,0x8A6A,0x6986,0x3882,0x30A2,0x3082,0x2000,0x3082,
0x1800,0x3081,0x3060,0x3000,0x4040,0x8A47,0xA2A7,0xA287,0x9A26,0x9A67,0x7164,0x4060,0x3861,0x30A3,0x28A3,0x2082,
0x28E4,0x1882,0x1061,0x1882,0x18A3,0x1062,0x1082,0x18C3,0x1083,0x1083,0x1082,0x1063,0x1062,0x0862,0x0862,0x0862,
0x2968,0x18A5,0x18A5,0x20E6,0x20E6,0x2947,0x3168,0x18A5,0x18C5,0x18C5,0x1085,0x18C6,0x1907,0x2107,0x2148,0x2128,
0x29A9,0x2148,0x10C6,0x0885,0x08A5,0x10E6,0x10E6,0x0885,0x1927,0x08A5,0x18E6,0x10A5,0x2968,0x2948,0x10A5,0x0844,
0x1927,0x18E6,0x18E6,0x10C6,0x10A5,0x10A5,0x10A5,0x0885,0x18E6,0x0044,0x0865,0x10C6,0x31A9,0x0865,0x10C6,0x08A5,
0x08A6,0x08A6,0x2168,0x08A6,0x0024,0x10E6,0x10E7,0x08C6,0x0044,0x0885,0x0885,0x0885,0x0885,0x10A5,0x18E6,0x10E6,
0x10E6,0x08C5,0x08A5,0x10C5,0x10C5,0x08A5,0x10A5,0x18E6,0x10A5,0x10A5,0x10E6,0x10E6,0x10C6,0x1906,0x2968,0x2988,
0x0863,0x3166,0x51E8,0x624A,0x624A,0x3925,0x1062,0x20E5,0x18C4,0x20E5,0x2906,0x3106,0x28E6,0x18C6,0x10C6,0x10E7,
0x10C6,0x10A6,0x10A6,0x10C5,0x10C5,0x10C5,0x10C5,0x10C5,0x10C5,0x10C5,0x10C5,0x10C5,0x10C5,0x18C5,0x18C5,0x18C5,
0x18C5,0x18C4,0x18C4,0x18C4,0x18C5,0x18C4,0x18C4,0x18C4,0x18C4,0x18E4,0x18E4,0x20E4,0x2104,0x2104,0x2104,0x2104,
0x28E4,0x28E4,0x28E4,0x2904,0x3104,0x3104,0x3104,0x3904,0x38E3,0x38C2,0x4103,0x5185,0x59A6,0x5144,0x48E3,0x40E3,
0x4104,0x4105,0x4125,0x4125,0x4124,0x4924,0x4924,0x4924,0x4924,0x5123,0x5103,0x5103,0x5103,0x5103,0x5103,0x5902,
0x6943,0x89E5,0x9A67,0xAAE9,0xB34B,0xB30A,0x9A47,0x81C5,0x81A5,0x7163,0x6901,0x60E1,0x6122,0x7183,0x6983,0x6142,
0x5922,0x5102,0x5122,0x5122,0x48E2,0x48E2,0x4103,0x38C2,0x4103,0x38E3,0x38C3,0x38E3,0x38E3,0x38C3,0x38C2,0x38C2,
0x30A2,0x30A2,0x30A2,0x30A2,0x30A2,0x30A2,0x30A2,0x30A2,0x28A2,0x28A2,0x28A2,0x2882,0x28A2,0x28A2,0x28A2,0x20A2,
0x20A2,0x20A2,0x20A2,0x20A2,0x20A2,0x20A2,0x20A2,0x20A2,0x20A3,0x20A3,0x20A3,0x20A2,0x20A2,0x20A2,0x20A2,0x20A3,
0x20A3,0x20A3,0x20A3,0x18A3,0x18A3,0x18A4,0x18A4,0x18A4,0x18A4,0x1883,0x1882,0x2082,0x1841,0x28A2,0x30C2,0x30A1,
0x8B0A,0x936B,0x4943,0x30C1,0x2081,0x20A2,0x1883,0x1883,0x1884,0x1884,0x1883,0x1883,0x1882,0x1882,0x1882,0x1882,
0x1882,0x1882,0x1882,0x1882,0x1883,0x1883,0x1883,0x1883,0x1882,0x1082,0x1062,0x1062,0x1082,0x1883,0x1883,0x2082,
0x2861,0x48E3,0x79E7,0xA2CA,0x9A28,0x78E3,0x7903,0xA249,0x9A49,0x6925,0x4882,0x3841,0x40E3,0x5145,0x48A2,0x3840,
0x40C2,0x2800,0x2800,0x4060,0x6943,0x8A26,0x79A5,0x6943,0x7163,0x6123,0x4080,0x3020,0x3040,0x38A2,0x38E3,0x30E4,
0x20A3,0x1062,0x1041,0x1062,0x1883,0x1082,0x1062,0x10A3,0x1062,0x1083,0x1062,0x0863,0x0842,0x0862,0x0862,0x0862,
0x3146,0x1883,0x20C4,0x3125,0x2083,0x1863,0x20A4,0x1884,0x41C9,0x2926,0x3147,0x18C5,0x10A5,0x2127,0x0885,0x18E6,
0x10C6,0x08A5,0x10C6,0x2148,0x31CA,0x31CA,0x2168,0x1907,0x1907,0x08A5,0x2989,0x18E6,0x10A5,0x1085,0x18E6,0x2128,
0x2127,0x10C5,0x10E6,0x1907,0x10C6,0x10C6,0x18E6,0x10A5,0x0885,0x1907,0x2127,0x10C5,0x10C5,0x2147,0x2147,0x10E6,
0x10E7,0x08C6,0x0085,0x29AA,0x2989,0x0085,0x10E6,0x08A5,0x1907,0x6350,0x31CA,0x0884,0x10C5,0x0884,0x0884,0x0884,
0x0884,0x10C5,0x10E5,0x08A5,0x08A5,0x10C6,0x10C5,0x0884,0x1907,0x0885,0x0885,0x10E6,0x10C5,0x0885,0x10A5,0x18C5,
0x5A8B,0xA471,0xC534,0xD575,0xCD75,0x8B6D,0x3924,0x20A3,0x2905,0x3946,0x4187,0x4187,0x3126,0x20C5,0x18C6,0x18E7,
0x18E6,0x18E7,0x10C6,0x10C5,0x10E6,0x10C6,0x08A5,0x10C5,0x10C5,0x10C5,0x10C5,0x10C5,0x18C5,0x18C5,0x18C5,0x18C5,
0x18C4,0x18C4,0x18C4,0x18C4,0x18C4,0x18C4,0x18C4,0x18C4,0x18C4,0x18C4,0x18E4,0x20E4,0x20E4,0x2104,0x2104,0x2104,
0x2904,0x2904,0x3104,0x3104,0x3104,0x3904,0x3904,0x3903,0x7A89,0x5965,0x61C5,0x9B6C,0xABCD,0x7A47,0x50E1,0x48C1,
0x4903,0x4904,0x4904,0x4904,0x4903,0x4923,0x5123,0x5123,0x5944,0x5943,0x5902,0x5902,0x58E2,0x5902,0x6122,0x6122,
0x89E4,0xA286,0xAAE7,0xB308,0xBB49,0xAB09,0x8A05,0x6922,0x6902,0x58E1,0x58E1,0x6143,0x69A5,0x69A4,0x5943,0x48E1,
0x48E1,0x40C1,0x48E2,0x4903,0x40E2,0x4103,0x4103,0x38E3,0x38E3,0x30C3,0x30C3,0x30C3,0x30C3,0x30A2,0x30A2,0x30A3,
0x30A3,0x30A3,0x28A2,0x2882,0x2882,0x28A2,0x28A2,0x28A2,0x28A2,0x28A2,0x2082,0x20A2,0x20A2,0x20A2,0x20A2,0x20A2,
0x2082,0x20A2,0x20A2,0x20A2,0x20A2,0x20A2,0x20A2,0x20A2,0x20A2,0x2082,0x2082,0x2082,0x2082,0x2082,0x20A2,0x2082,
0x28A2,0x2882,0x28A2,0x20A2,0x20A3,0x18A3,0x18A3,0x18A3,0x18A3,0x1062,0x20C3,0x1861,0x1861,0x28C2,0x2081,0x30C1,
0x61E5,0xAC0E,0x59C5,0x38E2,0x2060,0x20C3,0x1883,0x1063,0x1084,0x1884,0x1884,0x1883,0x1883,0x1882,0x1882,0x1882,
0x1882,0x1882,0x1882,0x1882,0x1882,0x1883,0x1883,0x1883,0x1082,0x1082,0x1062,0x1062,0x1082,0x1883,0x1883,0x2082,
0x28A1,0x40A1,0x58C2,0x8164,0xA1E6,0xA1C5,0x99A5,0x99E7,0x8166,0x58A3,0x48A3,0x3882,0x38A2,0x69E7,0x8227,0x6964,
0x48C1,0x5922,0x8248,0x8227,0x8227,0x71A5,0x6964,0x50E2,0x3840,0x3000,0x3040,0x48E3,0x5164,0x5165,0x5165,0x4945,
0x1841,0x1883,0x1083,0x0842,0x1042,0x18A3,0x1083,0x0821,0x0862,0x0862,0x0842,0x0842,0x0842,0x0842,0x0862,0x0863,
0x51E7,0x51A6,0x4165,0x3904,0x38E4,0x30E4,0x3905,0x3946,0x49C8,0x628B,0x522A,0x20E6,0x18A5,0x18C6,0x10C6,0x10A6,
0x1907,0x10C6,0x08A6,0x1927,0x31CA,0x29A9,0x10E6,0x0085,0x08C6,0x08C6,0x10E6,0x18E7,0x10C6,0x08A5,0x10A6,0x18E6,
0x0884,0x10C5,0x1906,0x18E6,0x10C5,0x10C5,0x10C5,0x10A5,0x10A5,0x18E6,0x0884,0x1906,0x1927,0x31A9,0x18E6,0x31C9,
0x39EB,0x0044,0x1927,0x2989,0x10A6,0x10E6,0x10E6,0x08A5,0x10E6,0xA557,0x52ED,0x10C5,0x10C5,0x3A0A,0x2147,0x0884,
0x1926,0x1906,0x1906,0x2127,0x3A0A,0x18E6,0x0043,0x18C6,0x1085,0x2127,0x10A5,0x1084,0x2106,0x10A5,0x18E6,0x62ED,
0xDE38,0xC533,0xCD33,0xCCD1,0xCCD1,0xDD74,0x9BCD,0x30A2,0x30E3,0x4985,0x6A8A,0x6A49,0x3905,0x28A4,0x20E6,0x1084,
0x10A5,0x10C5,0x18C6,0x18E6,0x18E6,0x10E6,0x10C5,0x10C5,0x10C5,0x10C5,0x10A5,0x10A5,0x10A4,0x1084,0x18A5,0x20E5,
0x18C4,0x18C5,0x1084,0x1883,0x20C4,0x20E4,0x18C4,0x2104,0x2905,0x2104,0x2104,0x18A3,0x2925,0x20E4,0x2104,0x2104,
0x2904,0x3125,0x28E3,0x3124,0x30C2,0x4124,0x4103,0x40E2,0x69E6,0x8AA9,0x71E5,0x7A05,0x71A4,0x6963,0x6962,0x79E5,
0x71E6,0x5123,0x48E2,0x5123,0x5102,0x50E1,0x5922,0x6163,0x7A05,0x92A8,0x81E5,0x6962,0x79C4,0x92A7,0xB38B,0xA308,
0xCBEA,0xDC6C,0xBB68,0xB2E7,0xB328,0xB308,0x81C3,0x79A3,0x7163,0x6943,0x6964,0x6164,0x5944,0x5144,0x5123,0x40C2,
0x4103,0x40C2,0x38C2,0x38E3,0x38E3,0x38C3,0x38E3,0x3924,0x3904,0x28A2,0x30C3,0x30E4,0x2882,0x2882,0x30C3,0x30C3,
0x30A3,0x28A3,0x28A3,0x28A3,0x28A3,0x28A2,0x28A2,0x28A2,0x20A2,0x28A2,0x20A2,0x20A2,0x20A2,0x20A2,0x2082,0x1882,
0x18A2,0x1882,0x1882,0x18A2,0x20A2,0x20A3,0x20A3,0x20A3,0x2082,0x20A2,0x20A2,0x20A2,0x20A2,0x20A2,0x20A2,0x2081,
0x30A2,0x30A1,0x30A2,0x30C2,0x30C3,0x28A2,0x2082,0x20A2,0x2082,0x1882,0x2082,0x20A2,0x1882,0x1861,0x20A2,0x30E2,
0x4902,0xA3CC,0x7AA9,0x30C1,0x28A2,0x20A3,0x18A3,0x18A4,0x1084,0x1084,0x1883,0x1863,0x1863,0x1862,0x1862,0x1882,
0x1882,0x1883,0x1883,0x1883,0x1883,0x1883,0x1883,0x1883,0x18A3,0x1062,0x1062,0x18A3,0x1062,0x0841,0x1062,0x1882,
0x28A1,0x40A1,0x58A1,0x70E2,0x9184,0xA206,0x91A5,0x7903,0x60A2,0x58A3,0x48A3,0x3882,0x3881,0x40A2,0x5923,0x71C5,
0x9268,0x9288,0x9288,0x8247,0x7206,0x6184,0x5944,0x5124,0x3861,0x4081,0x40C2,0x5124,0x5965,0x5144,0x38A2,0x2040,
0x1842,0x1063,0x1083,0x1083,0x1083,0x1083,0x1083,0x1063,0x0822,0x0862,0x1083,0x1083,0x0863,0x0863,0x0863,0x1083,
0x61C6,0x59C6,0x59A5,0x5165,0x4965,0x4965,0x4965,0x4986,0x49A7,0x51E8,0x4187,0x1884,0x1044,0x18A5,0x18C6,0x10A5,
0x1085,0x10A5,0x0885,0x08A5,0x10C6,0x08A6,0x08A5,0x10E7,0x08E6,0x08C6,0x08A6,0x08C6,0x10E7,0x18E7,0x10C6,0x10A6,
0x18E6,0x10A5,0x0884,0x10A5,0x10E6,0x10C5,0x10C5,0x18E6,0x18E6,0x08A5,0x18E6,0x1906,0x0043,0x10C5,0x10C5,0x10A5,
0x1907,0x0885,0x10A5,0x2127,0x10C6,0x0885,0x10C5,0x08A4,0x1906,0x0002,0x10C5,0x2167,0x10C5,0x39C9,0x52AD,0x18E5,
0x5AEE,0x4A6C,0x2106,0x3188,0x632F,0x2127,0x4A4C,0x20E6,0x1084,0x2927,0x18A5,0x18C5,0x2927,0x20E6,0x1084,0x3987,
0x93CE,0xC4F1,0xC46F,0xE552,0xC44E,0xC44E,0xEDF5,0x6206,0x4102,0x59C6,0x7AAA,0x6A28,0x40E3,0x3905,0x41C8,0x3188,
0x3168,0x18E6,0x1084,0x10A5,0x18E6,0x10E5,0x10C5,0x10C5,0x0884,0x10A5,0x18C5,0x2106,0x20E5,0x18A5,0x18A4,0x18A4,
0x18A4,0x1083,0x20E5,0x20E5,0x1063,0x18A3,0x20E4,0x1062,0x1883,0x2925,0x2925,0x20E4,0x20E3,0x2104,0x20E3,0x2904,
0x20C3,0x3124,0x28E3,0x4165,0x4965,0x4903,0x3860,0x5102,0x50E1,0x6983,0xA309,0x8205,0x6100,0x9AA7,0x8A66,0x9AE8,
0x71C5,0x5943,0x5102,0x5922,0x6143,0x6143,0x6983,0x79E5,0x7183,0x8A66,0x8A45,0x8A04,0x9265,0xA2A6,0xC3EB,0xECEE,
0xDC8C,0xED0E,0xDC6B,0xCBEA,0xBB48,0xAAE7,0x9A65,0xA2C8,0x81E5,0x6922,0x5902,0x6164,0x5944,0x4903,0x40E3,0x4103,
0x38C2,0x38C2,0x38E3,0x3903,0x3903,0x30C3,0x30C3,0x30E3,0x3104,0x28A3,0x28A3,0x28C3,0x30C3,0x30C3,0x30A3,0x2882,
0x2882,0x28A2,0x28A2,0x28A2,0x28A3,0x28A3,0x28A3,0x28A3,0x20A2,0x20A2,0x20A2,0x20A3,0x20A3,0x20A2,0x1882,0x1882,
0x18A3,0x18A3,0x18A2,0x1882,0x1882,0x1882,0x2082,0x2082,0x20A2,0x2082,0x2082,0x20A2,0x28C2,0x30E3,0x30E3,0x3103,
0x3080,0x3880,0x38A0,0x30A1,0x30A1,0x30A1,0x30A2,0x30C2,0x28C3,0x28A3,0x2082,0x1861,0x1861,0x20A2,0x20C3,0x28A2,
0x40E2,0x8B4A,0x7AE9,0x4123,0x28A2,0x20A3,0x1883,0x1083,0x1084,0x1084,0x1083,0x1063,0x1863,0x1862,0x1882,0x1882,
0x1882,0x1083,0x1083,0x1083,0x1083,0x1083,0x1883,0x1883,0x1062,0x1883,0x1883,0x1082,0x18A3,0x20C3,0x18A3,0x1861,
0x2040,0x40A0,0x6943,0x81A4,0x91C5,0x91A4,0x8164,0x7944,0x7965,0x7165,0x6145,0x5124,0x40C2,0x3881,0x40A1,0x50E2,
0x7184,0x7984,0x71A4,0x69A4,0x6163,0x5123,0x4903,0x4903,0x3881,0x40C2,0x48E4,0x4904,0x40E3,0x38A2,0x3082,0x30A2,
0x1882,0x1083,0x1083,0x1083,0x1083,0x1083,0x1063,0x0863,0x0842,0x0862,0x1083,0x1083,0x0863,0x0863,0x0863,0x1083,
0x61C6,0x61C6,0x61C6,0x61C6,0x61C6,0x61C6,0x59C6,0x59C6,0x59E7,0x51C7,0x3946,0x20A4,0x1863,0x18A5,0x20E6,0x18A5,
0x18A5,0x18A5,0x1084,0x1084,0x10C5,0x08A5,0x0885,0x08C6,0x08C6,0x08C6,0x08A6,0x08A5,0x10C6,0x1907,0x10E6,0x0885,
0x10A5,0x18E6,0x18C6,0x1085,0x18C6,0x2127,0x18C6,0x0002,0x10C5,0x0023,0x1906,0x2147,0x10C5,0x10A5,0x18C5,0x18C5,
0x0864,0x2948,0x18E6,0x18C5,0x10C5,0x10C5,0x2147,0x10E6,0x1906,0x10A4,0x2126,0x0063,0x0884,0x18C5,0x0022,0x10A4,
0x18E6,0x2127,0x18E6,0x18E6,0x2947,0x4A2B,0xBDDA,0x4A0B,0x18A5,0x1064,0x3148,0x41EA,0x0002,0x1884,0x3168,0x28E4,
0x6247,0xC4B0,0xCC8F,0xCC6E,0xCC6E,0xC44D,0xCCD0,0xB42E,0x5963,0x69C5,0x8AA9,0x8A89,0x6185,0x5145,0x4987,0x3126,
0x3988,0x20E5,0x1084,0x1084,0x1084,0x0884,0x1906,0x39C9,0x18C5,0x10C5,0x10A5,0x18C5,0x18C5,0x18C5,0x2106,0x3146,
0x20E5,0x20C4,0x2905,0x20C4,0x20E4,0x6B0D,0x736E,0x20E4,0x2925,0x4A08,0x49E8,0x3986,0x20C3,0x2904,0x20C3,0x28E3,
0x3965,0x3965,0x28C3,0x4985,0x7289,0x6A06,0x48E1,0x6984,0x71C4,0x58C0,0x79C4,0x9266,0x79E4,0x9AC7,0x8A66,0x7182,
0x69A4,0x69A4,0x6143,0x6142,0x71C4,0x7A05,0x8225,0x9286,0x9AA7,0x9265,0x8A24,0x9244,0xA2A5,0xA2A6,0xAB06,0xDC8C,
0xD4AC,0xD4CC,0xD46B,0xD44B,0xBB88,0xB307,0xA265,0xA287,0x89C4,0x81C5,0x9247,0x92A9,0x7207,0x4903,0x38A2,0x38C3,
0x38C2,0x38C2,0x38C3,0x38E3,0x30C3,0x30A2,0x28A3,0x28A3,0x28A3,0x30C3,0x28A2,0x28A2,0x30C3,0x30C2,0x2882,0x2881,
0x28A2,0x2082,0x2082,0x2082,0x28A2,0x28A3,0x28A3,0x20A2,0x20A2,0x20A3,0x20A3,0x20A3,0x20A3,0x18A3,0x1882,0x1883,
0x18A3,0x1883,0x1883,0x1882,0x1882,0x1882,0x2082,0x2082,0x28A2,0x28A2,0x28A2,0x28C2,0x28A1,0x2881,0x30C2,0x4123,
0x5183,0x59A3,0x59A4,0x5183,0x5143,0x4922,0x38C1,0x3080,0x2881,0x2881,0x28A2,0x28A3,0x2083,0x1863,0x1883,0x28A3,
0x30C1,0x7288,0x832B,0x51A6,0x28A2,0x20C3,0x1883,0x1083,0x1884,0x1884,0x1083,0x1063,0x1063,0x1863,0x1883,0x1882,
0x1083,0x1083,0x1083,0x1083,0x1083,0x1083,0x1083,0x1083,0x1083,0x18C3,0x1082,0x0842,0x1062,0x1062,0x1041,0x2081,
0x40E2,0x6143,0x79E5,0x8A06,0x81A5,0x6902,0x60C1,0x60E2,0x7124,0x7124,0x7165,0x6145,0x50E3,0x38A2,0x3881,0x3881,
0x50C1,0x50C1,0x50E1,0x50C1,0x50A1,0x48A1,0x48C2,0x40C2,0x38A2,0x38E3,0x40E3,0x38C3,0x3082,0x2861,0x3082,0x30C3,
0x1883,0x1083,0x1083,0x1083,0x1083,0x1063,0x0863,0x0863,0x0842,0x0842,0x0842,0x0842,0x0842,0x0862,0x0863,0x0863,
0x5985,0x5985,0x61A5,0x61C5,0x61E6,0x61C6,0x61C6,0x59C6,0x6A48,0x59C7,0x4986,0x3925,0x28C4,0x28C5,0x28E6,0x20A4,
0x3126,0x2906,0x20C4,0x18A4,0x18E5,0x18E5,0x08A5,0x08A5,0x08A5,0x10E6,0x18E7,0x10C6,0x10A6,0x18E7,0x18E6,0x10C6,
0x0885,0x1085,0x10A5,0x10C5,0x1085,0x0884,0x10C5,0x2127,0x18C5,0x18E6,0x0884,0x0023,0x10A4,0x18E6,0x10A5,0x2947,
0x39A9,0x3168,0x1884,0x1084,0x18E6,0x1906,0x2106,0x08A4,0x10E5,0x0884,0x10C5,0x1084,0x0883,0x424A,0x2126,0x1084,
0x0864,0x1906,0x2947,0x2106,0x0864,0x20E6,0x41CA,0x1885,0x18A5,0x1064,0x5AAD,0x8C12,0x3147,0x3188,0x524B,0x28E5,
0x5A06,0x7A67,0xC44E,0xCC4D,0xCC2C,0xD46E,0xB3CC,0xC46E,0x8AA7,0x7A05,0x8A67,0x8A47,0x50E2,0x3840,0x5166,0x6A8B,
0x1862,0x1884,0x20E5,0x2926,0x20E5,0x10A4,0x18E5,0x2967,0x18E5,0x10C4,0x10A4,0x18A4,0x18A4,0x18A4,0x18A4,0x20C4,
0x2905,0x20E5,0x2105,0x20C4,0x41A7,0x9431,0x8C10,0x28E4,0x20A3,0x3145,0x3125,0x3104,0x20A2,0x28E3,0x28C3,0x3104,
0x3944,0x51E7,0x4985,0x4944,0x4923,0x4080,0x4040,0x6963,0x79E4,0x4000,0x50A0,0x8225,0x8A66,0x8A87,0x71E4,0x50C0,
0x69A4,0x7A26,0x71C4,0x6983,0x8246,0x8A87,0x8A66,0x92A7,0x8A24,0x81E3,0x9A85,0xA2C6,0x9203,0x9A64,0xB306,0xE4CD,
0xCC4B,0xC44B,0xCC2B,0xD44C,0xBB48,0xB2E7,0xAA66,0xA225,0xA266,0xB2C9,0xB34B,0x9AA9,0x6164,0x40C2,0x40C2,0x40E3,
0x38E3,0x38C2,0x30A2,0x30A2,0x2882,0x2882,0x28A2,0x28A2,0x2882,0x30E3,0x30C3,0x2882,0x30C2,0x28A2,0x2881,0x28A2,
0x28A2,0x2082,0x2082,0x2082,0x20A2,0x20A2,0x2082,0x1862,0x20A2,0x20A3,0x20A3,0x20A3,0x18A3,0x18A3,0x1883,0x18A3,
0x1062,0x1082,0x1882,0x1882,0x1882,0x2082,0x2082,0x2082,0x30E3,0x28A2,0x28A2,0x38E3,0x4964,0x5A27,0x7B0B,0x93CD,
0x9BAC,0xA3CC,0xA3EC,0xA3CC,0x9B8B,0x934A,0x7A88,0x61E5,0x4923,0x30A1,0x2861,0x30C3,0x28C4,0x1863,0x1843,0x28A4,
0x30A2,0x51A5,0x832B,0x5A28,0x28A2,0x20A3,0x18A3,0x1883,0x1883,0x1884,0x1083,0x1083,0x1083,0x1083,0x1083,0x1083,
0x1083,0x1083,0x1083,0x1083,0x1083,0x1083,0x1083,0x1083,0x1082,0x1883,0x1062,0x1083,0x20C3,0x1062,0x20E4,0x6289,
0x82C9,0x92C9,0x9AA9,0x9268,0x8A06,0x7164,0x58C1,0x5080,0x5060,0x58A2,0x60E3,0x6104,0x5104,0x40E3,0x38E3,0x40C2,
0x40A1,0x40A1,0x40A0,0x4080,0x4060,0x4081,0x4081,0x40A2,0x40C3,0x30A2,0x2861,0x2861,0x2882,0x28A2,0x2883,0x28A3,
0x1062,0x1063,0x1063,0x0863,0x0862,0x0862,0x0863,0x0863,0x0863,0x0842,0x0842,0x0842,0x0842,0x0862,0x0863,0x0863,
0x5144,0x5144,0x5165,0x59A5,0x61C6,0x61E6,0x61C6,0x61C6,0x6207,0x59A6,0x51A6,0x5186,0x3905,0x30E5,0x3905,0x30E5,
0x49A7,0x49A7,0x3126,0x20A4,0x1883,0x1063,0x1084,0x18E5,0x10A5,0x18E6,0x1906,0x10C5,0x10A5,0x18E6,0x1906,0x18C5,
0x10C6,0x10C6,0x10A5,0x1085,0x18C6,0x2107,0x10C6,0x0043,0x0843,0x2127,0x10A5,0x10A5,0x2126,0x424B,0x2147,0x2106,
0x5A8C,0x3147,0x39A9,0x41E9,0x20E6,0x0863,0x10A4,0x2967,0x5B0D,0x7C11,0x4A6B,0x424B,0x73B0,0x52AC,0x1064,0x422A,
0x2988,0x0864,0x2968,0x3188,0x0823,0x20E6,0x2947,0x1064,0x18A5,0x1084,0x20E6,0x3988,0x18A4,0x18A4,0x2106,0x3946,
0x30C2,0x59A4,0x8A87,0xBBCC,0xD46E,0xC40C,0xC40D,0xBBEC,0xAB6A,0x8205,0x81E5,0x8A26,0x79A5,0x69A5,0x828A,0x8B4D,
0x28A3,0x28C4,0x20C4,0x20C4,0x20C4,0x18C4,0x18A4,0x1083,0x4209,0x2967,0x18C5,0x1084,0x18A4,0x18A4,0x20C5,0x20C5,
0x20C4,0x18A3,0x20C4,0x2925,0x39A7,0x49E8,0x3146,0x1841,0x2082,0x2082,0x28A3,0x28A2,0x3924,0x30E3,0x30E3,0x30E3,
0x28A1,0x3903,0x40E2,0x2820,0x3000,0x50C1,0x8226,0xA309,0x6962,0x50A0,0x8A67,0x6142,0x48C0,0x69E5,0x40C1,0x5143,
0x61A4,0x7A47,0x7A26,0x71C5,0x8267,0x8A87,0x8225,0x8245,0x79C3,0x6100,0x79A2,0x8A24,0x7981,0xA2E6,0xBB68,0xBBA9,
0xCC4C,0xD48D,0xDC8D,0xD40B,0xAAA6,0xB2A7,0xBAC8,0xBAC8,0xBAE8,0xBAE9,0xB2E9,0x9268,0x6984,0x5943,0x5143,0x4903,
0x38A2,0x38A2,0x3081,0x3082,0x30A2,0x30A2,0x30C2,0x30A2,0x30C3,0x38E3,0x28A2,0x2881,0x3903,0x3903,0x30A1,0x30C2,
0x28A2,0x28A2,0x2082,0x2082,0x20A2,0x2082,0x2082,0x1862,0x2082,0x20A3,0x2083,0x1883,0x1883,0x1883,0x1883,0x1883,
0x1062,0x1082,0x1882,0x1882,0x1862,0x2082,0x2082,0x28A2,0x28A2,0x38E3,0x4985,0x7289,0x8B6C,0x9BCD,0x9BCD,0x93AC,
0x830A,0x832A,0x8B4A,0x936B,0xA3AC,0xABED,0xA3AC,0x934A,0x82C9,0x59C5,0x38C2,0x2862,0x2883,0x20A4,0x20A4,0x20A4,
0x28A2,0x4124,0x72CA,0x6269,0x28C3,0x20A2,0x20A3,0x1883,0x1883,0x1883,0x1083,0x1083,0x1083,0x1083,0x1083,0x1083,
0x1083,0x1083,0x1083,0x1083,0x1083,0x1083,0x1083,0x1083,0x1082,0x1883,0x1062,0x1083,0x18C3,0x1042,0x20E4,0x5A69,
0x82EA,0x930A,0x9AC9,0x9268,0x8A27,0x81E6,0x6123,0x4040,0x4881,0x50A2,0x58E3,0x50E3,0x48C3,0x40C3,0x40C3,0x40E3,
0x38C2,0x38A1,0x38A1,0x3881,0x3061,0x3061,0x3881,0x3882,0x38A2,0x3061,0x2841,0x2841,0x2882,0x28A3,0x2082,0x1062,
0x0842,0x0842,0x0842,0x0842,0x0842,0x0842,0x0842,0x0842,0x1062,0x0862,0x0842,0x0842,0x0862,0x1083,0x1062,0x0862,
0x4124,0x4124,0x4924,0x4965,0x59A5,0x61C6,0x61C6,0x61C6,0x5985,0x5985,0x59C6,0x59C7,0x5186,0x4966,0x51A7,0x51A7,
0x59E7,0x51C7,0x4165,0x30E4,0x3104,0x20E4,0x1883,0x1083,0x1084,0x10A4,0x1084,0x0884,0x10A4,0x18E5,0x18C5,0x1084,
0x18C6,0x18C6,0x18C6,0x18E6,0x18E6,0x18E6,0x18E6,0x18C6,0x2127,0x1085,0x18C5,0x422B,0x31C9,0x4A6B,0x2967,0x20E6,
0x3167,0x3947,0x62AD,0x522A,0x18C5,0x18A4,0x2105,0x39C8,0xA516,0x636F,0x2146,0x31C9,0x8C73,0x528C,0x2947,0x3168,
0x10A5,0x2127,0x10E6,0x0023,0x18E6,0x1064,0x18C5,0x18A5,0x1064,0x1064,0x18C5,0x2106,0x2105,0x18A4,0x2105,0x39A7,
0x28A2,0x7248,0x69C5,0x8A67,0xBBAC,0xB36A,0xB38B,0xBBCC,0x8A66,0x81E5,0x9A87,0xBB4B,0xBB8C,0xBBCE,0xABAE,0x7AAA,
0x4125,0x4166,0x3125,0x20C4,0x1883,0x18A4,0x18C4,0x18C4,0x4209,0x2967,0x18C5,0x18A4,0x20C5,0x20E5,0x28E5,0x28E5,
0x18A4,0x20E4,0x20A3,0x20C4,0x2925,0x20C3,0x1882,0x30E4,0x3104,0x28C3,0x3104,0x3904,0x51E7,0x3924,0x30E3,0x30C2,
0x4123,0x5164,0x61E6,0x69E5,0x8247,0x92C8,0xA2E9,0x8A46,0x8A46,0x8A67,0x92E9,0x48C1,0x2800,0x2860,0x2020,0x2881,
0x5143,0x7206,0x7227,0x69C5,0x7205,0x7205,0x69C4,0x69A3,0x6962,0x6962,0x8A65,0x9285,0x58A0,0x79C2,0xA2C6,0xAB07,
0xBB8A,0xC3CB,0xCBAB,0xC349,0xA225,0xB286,0xBAA7,0xB266,0xB287,0xA226,0x9A66,0x9A87,0x79E5,0x5923,0x5143,0x59A5,
0x38A1,0x38A1,0x3881,0x38A2,0x40E3,0x4124,0x3903,0x30C2,0x4965,0x38E3,0x2861,0x30C2,0x4964,0x4985,0x4123,0x30E2,
0x28C2,0x28C2,0x28C2,0x28A2,0x20A2,0x20A2,0x2082,0x2082,0x2082,0x1882,0x1883,0x1883,0x1883,0x1883,0x1883,0x18A3,
0x1883,0x18A3,0x1883,0x1882,0x1862,0x2062,0x2882,0x30A2,0x30C2,0x59E7,0x832B,0x93AD,0x8B2B,0x7267,0x5164,0x38E1,
0x30E2,0x30C2,0x30C2,0x4102,0x59A4,0x7A67,0x8B09,0x9B4A,0x9309,0x8B0A,0x7268,0x4144,0x2882,0x28A3,0x28C4,0x2083,
0x28A2,0x30E3,0x5A48,0x5A49,0x3104,0x2082,0x20A3,0x18A3,0x1883,0x1883,0x1883,0x1083,0x1083,0x1083,0x10A4,0x10A3,
0x1083,0x1083,0x1083,0x1083,0x1083,0x1083,0x1083,0x1083,0x1883,0x18C3,0x1082,0x0842,0x1062,0x1041,0x0821,0x1861,
0x4123,0x69C5,0x8227,0x8206,0x8206,0x7A06,0x5963,0x3880,0x40A1,0x48C2,0x48C3,0x40A3,0x3882,0x3082,0x3082,0x30A2,
0x30A2,0x2881,0x2881,0x2861,0x2861,0x2861,0x2861,0x3061,0x2861,0x2862,0x2862,0x2882,0x2082,0x1862,0x1061,0x1042,
0x0842,0x0842,0x0842,0x0842,0x0842,0x0842,0x0842,0x0842,0x1062,0x0862,0x0862,0x0862,0x1083,0x1083,0x1083,0x1062,
0x3905,0x3905,0x3904,0x4125,0x4965,0x5185,0x5185,0x5185,0x5164,0x59A5,0x5985,0x5165,0x5185,0x59A6,0x59C7,0x6208,
0x59C6,0x59C6,0x5186,0x4986,0x51C7,0x4186,0x28C4,0x1042,0x18C4,0x18A4,0x10A4,0x1084,0x10A4,0x10A4,0x18A4,0x1084,
0x18C6,0x0044,0x1085,0x2148,0x10A5,0x0002,0x2968,0x7BF2,0x4A6C,0x10C6,0x0884,0x2968,0x10A5,0x10A4,0x0864,0x20E6,
0x20A5,0x3927,0x3967,0x28E5,0x20E5,0x3167,0x2105,0x0863,0x422A,0x0883,0x0022,0x0043,0x2106,0x0843,0x2106,0x1064,
0x18E6,0x0884,0x1906,0x422B,0x39EA,0x0843,0x18E6,0x18C5,0x20E6,0x1084,0x20E5,0x18C4,0x20E5,0x18C4,0x39C8,0x4A09,
0x49E8,0x4945,0x7207,0x7A07,0x71A4,0x9267,0x9AE9,0x9287,0x7183,0x89E5,0xB309,0xC36B,0xB30A,0xB34C,0xAB8D,0x8AEB,
0x4124,0x4986,0x51E8,0x41C7,0x3146,0x20E4,0x18A4,0x18A4,0x1084,0x1083,0x18A4,0x2106,0x2926,0x2905,0x1884,0x1042,
0x20C4,0x2905,0x20C4,0x1862,0x28C4,0x3125,0x3966,0x5208,0x2082,0x2082,0x28A2,0x30E3,0x4986,0x4985,0x4124,0x3903,
0x5164,0x5984,0x61C5,0x6183,0x7A05,0x81E5,0x9AA7,0xAB4A,0x8A46,0x7A06,0x61A4,0x5144,0x38E3,0x1000,0x1862,0x1000,
0x30A2,0x5144,0x61C6,0x5985,0x5163,0x5963,0x5943,0x5922,0x7A46,0x71E4,0x6982,0x8A85,0x79E3,0x9285,0x9AC6,0x9A86,
0xA266,0xAA66,0xAA66,0xB266,0xA1E4,0xB245,0xB245,0xAA25,0xBAE8,0xA225,0x89C4,0x7984,0x5901,0x48A1,0x5943,0x6A06,
0x5964,0x4903,0x38A2,0x38A1,0x40E3,0x4944,0x4964,0x4124,0x4985,0x30C2,0x3081,0x4123,0x51A5,0x51A5,0x4964,0x3903,
0x3103,0x3103,0x3123,0x30E3,0x28C2,0x2082,0x2082,0x20A2,0x2082,0x1882,0x1883,0x1883,0x1883,0x1883,0x1883,0x18A3,
0x18A3,0x18A3,0x18A3,0x1882,0x1862,0x2082,0x28A2,0x38E3,0x6207,0x82EA,0x8B4B,0x7247,0x4922,0x38A0,0x38A0,0x30A1,
0x2082,0x1862,0x2061,0x2881,0x38C2,0x5123,0x69E5,0x82A7,0x8287,0x9309,0x8B2A,0x7268,0x4164,0x28C2,0x20A2,0x2082,
0x28A2,0x28C3,0x4186,0x5228,0x3965,0x2082,0x20C3,0x1883,0x1883,0x1883,0x1883,0x1083,0x1083,0x1083,0x08A4,0x08A4,
0x1083,0x1083,0x1083,0x1083,0x1083,0x1083,0x1083,0x1083,0x1062,0x1083,0x1083,0x1083,0x18A3,0x20E4,0x18C3,0x1882,
0x2860,0x4902,0x6184,0x71C4,0x69E4,0x61E4,0x5183,0x38E1,0x3081,0x38A2,0x38A3,0x3062,0x2842,0x2861,0x2861,0x2081,
0x1881,0x1861,0x1861,0x1861,0x2061,0x2061,0x2062,0x2062,0x2041,0x2062,0x2082,0x2082,0x1862,0x1061,0x1061,0x1062,
0x0842,0x0862,0x0862,0x0862,0x0862,0x0862,0x0842,0x0842,0x0842,0x0862,0x1062,0x1083,0x1083,0x1083,0x1062,0x0862,
0x3105,0x30E5,0x30E4,0x30E4,0x3925,0x4125,0x4124,0x4104,0x4924,0x5165,0x4923,0x40C2,0x4903,0x4924,0x5145,0x61C6,
0x5985,0x61E6,0x61E7,0x59A6,0x5186,0x4165,0x3904,0x3104,0x2904,0x3125,0x3146,0x2925,0x20C4,0x1063,0x18A4,0x2105,
0x2106,0x2127,0x18C5,0x1064,0x2947,0x4A6C,0x420B,0x18E6,0x10A5,0x18E6,0x10C5,0x0864,0x18E5,0x18E6,0x1084,0x20E6,
0x3106,0x49C9,0x3126,0x3147,0x3967,0x1063,0x0863,0x10C4,0x0863,0x0884,0x18E5,0x18E5,0x1084,0x1084,0x10C5,0x10C5,
0x10C5,0x10E5,0x0884,0x18E6,0x0864,0x10C5,0x0884,0x10A5,0x0884,0x18C5,0x18C5,0x0843,0x422A,0x3167,0x20E4,0x2083,
0x3904,0x38C3,0x5924,0x71A5,0x79C5,0x79A4,0x6943,0x7184,0x81E5,0x6943,0x81A4,0x9A67,0xA2A9,0xAB2B,0x9AEB,0x7207,
0x6A69,0x51E8,0x4166,0x3125,0x28E5,0x20C4,0x18A4,0x20E5,0x3167,0x2106,0x18C5,0x18C4,0x20C4,0x20E5,0x2905,0x3146,
0x20C4,0x18A3,0x20A3,0x28E4,0x20C4,0x2082,0x28E4,0x49A6,0x30C3,0x3904,0x28A2,0x30E3,0x30E3,0x4165,0x3903,0x38E3,
0x4102,0x40E1,0x40E1,0x5122,0x7A46,0x50E1,0x4860,0x6963,0x5902,0x48A1,0x7227,0x61E7,0x4145,0x2083,0x1042,0x1042,
0x1840,0x30C2,0x4964,0x4944,0x40E2,0x4102,0x4922,0x48E1,0x7246,0x69E4,0x40A0,0x7A25,0x8245,0x8266,0x7A04,0x8A45,
0x9225,0xA246,0xAA46,0xAA66,0x99A3,0xA1E4,0xBA86,0xD38A,0xD3AB,0xB308,0x9A46,0x81E5,0x71A4,0x71A5,0x69A5,0x5944,
0x7A48,0x61A6,0x40C2,0x3060,0x38C2,0x4964,0x51A5,0x51A5,0x4944,0x30A1,0x38E2,0x5184,0x5184,0x4963,0x4984,0x4164,
0x3964,0x4165,0x3965,0x3124,0x28C2,0x2082,0x1882,0x2082,0x1882,0x1883,0x1883,0x1883,0x1883,0x1883,0x1883,0x18A3,
0x1883,0x18A3,0x1882,0x1882,0x1862,0x2882,0x30C2,0x4103,0x72A9,0x7AEA,0x6A68,0x4923,0x3080,0x3081,0x3081,0x2041,
0x2084,0x1884,0x20A3,0x28A3,0x2861,0x2020,0x3880,0x5143,0x82A8,0x7246,0x6A46,0x7288,0x6227,0x3923,0x2081,0x28A2,
0x2082,0x28C3,0x3124,0x5208,0x4186,0x1882,0x20C3,0x1882,0x1883,0x1883,0x1883,0x1083,0x1083,0x0883,0x08A4,0x08A4,
0x1083,0x1083,0x1083,0x1083,0x1083,0x1083,0x1083,0x1083,0x18A3,0x1062,0x1082,0x18C3,0x1883,0x1862,0x18A3,0x28C3,
0x28A2,0x30C2,0x40E2,0x4902,0x4922,0x4122,0x30E1,0x2880,0x2881,0x30A2,0x30A3,0x2883,0x2862,0x2062,0x2081,0x1881,
0x1861,0x1061,0x1061,0x1861,0x1862,0x2062,0x2062,0x2062,0x2062,0x1842,0x1841,0x1862,0x1862,0x1882,0x1082,0x1062,
0x0842,0x0842,0x1063,0x1083,0x1083,0x1083,0x1083,0x1083,0x0822,0x0842,0x1062,0x1083,0x1083,0x1062,0x0862,0x0842,
0x30E5,0x3105,0x3105,0x3105,0x3105,0x3104,0x3904,0x3904,0x4124,0x4104,0x4104,0x40E4,0x48E4,0x4925,0x5145,0x5965,
0x5985,0x5985,0x5985,0x59A6,0x5985,0x5165,0x5185,0x51A6,0x4165,0x4165,0x4165,0x3965,0x3945,0x2904,0x20C3,0x18A3,
0x18C4,0x18C4,0x1083,0x1063,0x3988,0x5AAD,0x4A2B,0x18C5,0x10C5,0x10E5,0x08C5,0x10C5,0x10A4,0x2947,0x4A2B,0x2906,
0x4147,0x4167,0x3927,0x30E6,0x2906,0x20E5,0x18A5,0x10A5,0x10C5,0x18E6,0x18E6,0x10C5,0x10A5,0x10A5,0x10A5,0x10A5,
0x00A4,0x08E4,0x10C4,0x10C4,0x2167,0x10C5,0x10E6,0x08A5,0x1085,0x18E6,0x1085,0x10A5,0x2106,0x41C8,0x20A4,0x2862,
0x3040,0x5103,0x71C5,0x92A9,0xA2EA,0xA2A9,0x7164,0x71A5,0x6943,0x6964,0x6964,0x71C5,0x8A88,0x92A9,0x7A07,0x6165,
0x59E8,0x3945,0x3946,0x4187,0x49C8,0x20C4,0x1883,0x18A4,0x41C8,0x3146,0x20E5,0x20E4,0x2905,0x2905,0x20C4,0x1883,
0x2925,0x18C4,0x20C4,0x3125,0x3945,0x30E4,0x28A3,0x30C3,0x30C2,0x30C2,0x30C2,0x30E2,0x3903,0x3923,0x3923,0x3902,
0x38E1,0x30A0,0x40E1,0x6226,0x7267,0x4922,0x2820,0x3020,0x5984,0x5964,0x40E3,0x3082,0x30C3,0x3125,0x28E4,0x1062,
0x20A3,0x2903,0x3924,0x3923,0x3103,0x38E2,0x4102,0x4922,0x5163,0x5142,0x59A4,0x7246,0x7226,0x61A4,0x69C4,0x7A46,
0x7A25,0x9286,0x9266,0x9204,0xA245,0xC329,0xCB8A,0xC308,0xBB29,0xBB49,0x9A87,0x60E1,0x58C1,0x58E2,0x79E7,0x71A6,
0x9269,0x79C7,0x5944,0x5985,0x6206,0x51C5,0x4984,0x4984,0x59A5,0x59A5,0x5984,0x5143,0x4963,0x4984,0x49A4,0x4184,
0x41A5,0x3104,0x20A2,0x28C3,0x28E3,0x20A3,0x1882,0x1862,0x1062,0x1862,0x1883,0x1883,0x1883,0x1883,0x1883,0x1883,
0x1083,0x18A4,0x1883,0x1882,0x20A2,0x2061,0x38C2,0x6206,0x72A9,0x6A47,0x4124,0x2881,0x28A2,0x20A3,0x1862,0x1883,
0x1884,0x1884,0x1883,0x1863,0x2083,0x2082,0x28A2,0x30C2,0x4123,0x59E6,0x6A88,0x6A48,0x5A06,0x51A5,0x3903,0x2061,
0x28C3,0x20C3,0x3124,0x4186,0x3986,0x28E4,0x1883,0x20A3,0x1883,0x1083,0x1083,0x1083,0x1083,0x10A4,0x10A4,0x10A4,
0x10A4,0x1084,0x1084,0x1083,0x1083,0x1083,0x1083,0x1083,0x1883,0x1883,0x1883,0x1883,0x20A3,0x20A3,0x20C3,0x28C4,
0x3105,0x30E4,0x30C3,0x30A3,0x30A2,0x30A2,0x28A2,0x2882,0x2882,0x2882,0x2862,0x2862,0x2062,0x2082,0x2082,0x20A2,
0x1862,0x1862,0x1862,0x1862,0x1862,0x1862,0x1862,0x1862,0x1862,0x1862,0x1862,0x1862,0x1062,0x1042,0x1042,0x1042,
0x1042,0x1043,0x1043,0x1043,0x1043,0x0862,0x0842,0x0842,0x0842,0x0842,0x0842,0x0842,0x0862,0x0862,0x1062,0x1083,
0x30E5,0x30E5,0x3105,0x3105,0x3105,0x3105,0x3105,0x3905,0x3905,0x3904,0x3904,0x38E4,0x40E4,0x4904,0x4945,0x5165,
0x5145,0x5144,0x5165,0x5985,0x5165,0x5144,0x5144,0x5165,0x4985,0x4964,0x4165,0x4185,0x3965,0x3124,0x2924,0x2924,
0x2104,0x2966,0x3166,0x2905,0x28E5,0x3126,0x3106,0x20C5,0x0884,0x1926,0x1926,0x10C5,0x18C5,0x4A0A,0x6AEE,0x4188,
0x4168,0x3906,0x30E6,0x3927,0x3947,0x20C5,0x1884,0x2106,0x10C5,0x10C5,0x10C5,0x10A5,0x10A5,0x10C5,0x10C5,0x10C5,
0x08C4,0x10E5,0x10A4,0x18A4,0x2947,0x1906,0x10C5,0x10A5,0x1085,0x420B,0x420B,0x20C6,0x0822,0x28C5,0x2863,0x3082,
0x6185,0x8A88,0x9AEA,0x9AEA,0x9289,0x9A89,0x7164,0x6144,0x6164,0x6144,0x5103,0x5123,0x69A5,0x71C6,0x6985,0x5965,
0x4966,0x3104,0x30E5,0x3926,0x41C8,0x28E5,0x18A3,0x20C4,0x18A4,0x18A4,0x18A4,0x20C4,0x18A3,0x1883,0x20A3,0x2905,
0x2905,0x20C4,0x20C4,0x28E4,0x3104,0x30C3,0x30A3,0x30C2,0x3903,0x38C2,0x4103,0x4964,0x4964,0x30E2,0x30E2,0x4164,
0x5A06,0x4143,0x38E1,0x4143,0x49A4,0x4122,0x4102,0x4964,0x5185,0x4924,0x38E3,0x38E3,0x30E4,0x20A3,0x1041,0x1021,
0x18A2,0x20E3,0x2924,0x2924,0x2903,0x30E2,0x3902,0x4123,0x4143,0x4102,0x4102,0x4923,0x4943,0x4943,0x5164,0x59A4,
0x59A3,0x69E4,0x71C4,0x79A3,0x9205,0xB2C8,0xC329,0xB2E8,0xB308,0xAAE8,0x9266,0x58C0,0x5080,0x6103,0x81E7,0x81E7,
0x89E8,0x6945,0x50E3,0x4923,0x4964,0x4164,0x4164,0x4984,0x4963,0x5184,0x5984,0x5164,0x4964,0x4164,0x3963,0x3964,
0x3965,0x2903,0x20A2,0x20C3,0x20C3,0x18A3,0x1862,0x1863,0x1883,0x1883,0x1883,0x1883,0x1083,0x1082,0x1082,0x1083,
0x1083,0x10A4,0x1083,0x1882,0x20A2,0x2881,0x3903,0x6207,0x6227,0x4985,0x30C2,0x2082,0x20A3,0x1083,0x1063,0x10A4,
0x1084,0x1063,0x1063,0x1063,0x1863,0x1863,0x1882,0x2082,0x28A2,0x3944,0x51C6,0x59E6,0x51C6,0x51A5,0x4144,0x30C2,
0x28C2,0x20C3,0x3104,0x3986,0x3966,0x20E4,0x1883,0x18A3,0x1883,0x1083,0x1083,0x1083,0x1083,0x1083,0x10A4,0x10A4,
0x10A4,0x10A4,0x1084,0x1084,0x1083,0x1083,0x1083,0x1083,0x1883,0x1883,0x20A3,0x20A3,0x20A4,0x28C4,0x28C4,0x28C4,
0x20A4,0x20A4,0x20A3,0x2083,0x2083,0x2883,0x2862,0x2862,0x2862,0x2862,0x2882,0x2882,0x2082,0x2082,0x2082,0x1882,
0x1862,0x1862,0x1862,0x1062,0x1062,0x1062,0x1062,0x1862,0x1062,0x1062,0x1062,0x1062,0x1042,0x1042,0x1042,0x1042,
0x1042,0x1043,0x1043,0x1043,0x1043,0x1043,0x0862,0x0862,0x0842,0x0842,0x0842,0x0842,0x0842,0x0862,0x0862,0x0862,
0x28C4,0x28C4,0x28E4,0x28E5,0x28E5,0x30E5,0x3105,0x3105,0x3105,0x3104,0x38E4,0x38E4,0x38E4,0x4104,0x4125,0x4945,
0x5145,0x5144,0x5145,0x5165,0x5165,0x5144,0x4944,0x4965,0x4985,0x4165,0x4165,0x4185,0x3985,0x3965,0x3965,0x3986,
0x3185,0x3165,0x3966,0x3966,0x3926,0x30E5,0x28E5,0x2905,0x2105,0x2105,0x1905,0x18E5,0x18A4,0x28E5,0x3967,0x28C5,
0x3927,0x30E6,0x30C5,0x3927,0x3947,0x20C5,0x1884,0x20E6,0x2106,0x18E6,0x18C5,0x10A5,0x10A5,0x18E6,0x18C5,0x10A5,
0x08A5,0x10A5,0x1064,0x1084,0x20E6,0x20E6,0x0843,0x1085,0x18A5,0x20E6,0x28E6,0x20C5,0x20A4,0x3105,0x4166,0x7269,
0x8ACA,0x8AAA,0x8AAA,0x92EA,0x8269,0x7207,0x5103,0x5944,0x5944,0x5924,0x5103,0x5103,0x5965,0x5944,0x5104,0x4924,
0x30E4,0x28C4,0x20A4,0x20C4,0x41A8,0x2905,0x1884,0x20C5,0x1883,0x20A4,0x28E5,0x28E5,0x20C4,0x2083,0x28E4,0x3125,
0x28E4,0x28E4,0x28C3,0x28C3,0x30C3,0x38E4,0x38E3,0x38E3,0x38C3,0x38A2,0x4103,0x5185,0x5185,0x4123,0x4123,0x51A5,
0x59C6,0x4964,0x3902,0x38E2,0x30E2,0x30E2,0x4143,0x5185,0x5186,0x5186,0x5186,0x4145,0x28C2,0x1020,0x1020,0x1881,
0x18A2,0x18C2,0x20E3,0x20E3,0x20E3,0x28C2,0x28E2,0x30E2,0x28A1,0x28A1,0x2880,0x2060,0x30C1,0x4143,0x4984,0x4143,
0x38E2,0x4902,0x5122,0x6122,0x79A4,0x9A67,0xAAC8,0xAAC8,0xAAC8,0xA2C8,0x9AC8,0x6942,0x6943,0x8A27,0x9AA9,0xA2AA,
0x79A7,0x50A3,0x3861,0x38A2,0x30C2,0x3123,0x3964,0x3944,0x3903,0x4924,0x4944,0x4123,0x38E2,0x30E2,0x2923,0x3143,
0x3124,0x20E3,0x20A2,0x20C3,0x20A3,0x1882,0x1862,0x1883,0x1883,0x1883,0x1883,0x1063,0x1062,0x1062,0x1062,0x1062,
0x10A3,0x10A4,0x1083,0x1883,0x20A2,0x28C2,0x3944,0x5A27,0x51A5,0x30E2,0x2081,0x20A2,0x1883,0x1062,0x0863,0x1084,
0x1063,0x1063,0x1063,0x1883,0x1883,0x1883,0x2083,0x20A2,0x2082,0x30E3,0x3944,0x4985,0x49A5,0x4985,0x4144,0x3923,
0x28C3,0x20C3,0x28E4,0x3145,0x3145,0x20E4,0x1883,0x1883,0x1883,0x1083,0x1083,0x1083,0x1083,0x1084,0x10A4,0x10A4,
0x10A4,0x10A4,0x1083,0x1083,0x1083,0x1083,0x1083,0x1883,0x18A4,0x20A4,0x20A4,0x20C4,0x20C4,0x28C4,0x28C4,0x28C4,
0x1883,0x1863,0x1863,0x1863,0x2063,0x2062,0x2062,0x2042,0x2061,0x2062,0x2862,0x2082,0x2082,0x2062,0x1861,0x1861,
0x1862,0x1062,0x1062,0x1062,0x1042,0x1042,0x1042,0x1042,0x1041,0x1041,0x1042,0x1042,0x1042,0x1042,0x1041,0x1042,
0x0822,0x1042,0x1042,0x1042,0x1063,0x1063,0x0862,0x0862,0x0842,0x0842,0x0842,0x0862,0x0863,0x0863,0x0863,0x0843,
0x28C4,0x28C4,0x28E4,0x28E4,0x28E4,0x28E4,0x28E4,0x28E4,0x28E4,0x28E4,0x30E4,0x30C4,0x30C4,0x38E4,0x3905,0x4105,
0x4924,0x4924,0x4945,0x5165,0x4965,0x4944,0x4924,0x4124,0x4145,0x4144,0x3944,0x3945,0x3965,0x3965,0x3966,0x3986,
0x39A6,0x3144,0x3104,0x3945,0x4186,0x4166,0x3946,0x3146,0x2925,0x20E4,0x2105,0x2946,0x20E5,0x28E4,0x3926,0x3905,
0x38E5,0x4126,0x3106,0x28C5,0x28E5,0x28E5,0x20A4,0x1884,0x20E5,0x20E5,0x18C5,0x18C5,0x18C5,0x20E5,0x20C5,0x18C5,
0x18C6,0x18C6,0x1885,0x20A6,0x20A6,0x28E6,0x1024,0x20A5,0x20A5,0x1864,0x3106,0x41C8,0x3946,0x30C3,0x4965,0x934D,
0x8ACB,0x8269,0x7A69,0x7AAA,0x61E7,0x4944,0x38A2,0x5965,0x48E3,0x5104,0x5104,0x5925,0x5945,0x48E3,0x38A2,0x38C3,
0x28A3,0x28C4,0x20A3,0x1883,0x3987,0x2905,0x1883,0x20A4,0x20C5,0x20C4,0x20A4,0x28C4,0x28C4,0x28A3,0x28A3,0x28C4,
0x30C3,0x30E4,0x30C4,0x30C3,0x38C4,0x4104,0x4124,0x40E4,0x38C3,0x40E3,0x4903,0x4924,0x5164,0x59A5,0x5985,0x5184,
0x4103,0x4124,0x4144,0x38E3,0x28A2,0x30C2,0x3924,0x3924,0x51A6,0x59E7,0x51C7,0x3904,0x2081,0x20A2,0x20C2,0x20C2,
0x18A2,0x18A2,0x18A2,0x20C3,0x20E3,0x20C3,0x20C2,0x20C2,0x1861,0x20A2,0x20A2,0x20A1,0x3123,0x4185,0x41A5,0x3923,
0x28C2,0x30A2,0x38A2,0x5102,0x6964,0x8A06,0x9A67,0xA2A8,0x9246,0x9246,0x9AC8,0x7183,0x79A4,0xA2A9,0x9A68,0x9A89,
0x79E8,0x4083,0x2800,0x2040,0x1861,0x2903,0x3964,0x2903,0x30E3,0x38E3,0x38C3,0x2882,0x2061,0x1861,0x20C2,0x2103,
0x2903,0x20C3,0x20A3,0x20A3,0x1883,0x1062,0x1062,0x1883,0x1883,0x1063,0x1063,0x1063,0x1062,0x1863,0x1883,0x1883,
0x10A3,0x10A3,0x1083,0x1882,0x20A2,0x28C3,0x3965,0x5207,0x3944,0x2082,0x1861,0x20A3,0x1882,0x1062,0x1083,0x1083,
0x1063,0x1083,0x1883,0x1883,0x1883,0x20A3,0x20A3,0x20C3,0x20A2,0x28A2,0x30E3,0x3924,0x4164,0x4144,0x3924,0x3924,
0x28E3,0x28C3,0x28E3,0x2904,0x2925,0x28E4,0x18A3,0x18A3,0x1883,0x1883,0x1083,0x1083,0x1083,0x1084,0x1084,0x1084,
0x10A4,0x1083,0x1083,0x1083,0x1083,0x1083,0x18A4,0x18A4,0x18A4,0x20C4,0x20C4,0x20C4,0x20A4,0x20A3,0x1883,0x1883,
0x1863,0x1863,0x1883,0x1882,0x2082,0x2082,0x2062,0x2062,0x2041,0x2041,0x2061,0x2061,0x1861,0x1841,0x1841,0x1041,
0x1062,0x1062,0x1062,0x1041,0x1041,0x1041,0x1041,0x1041,0x1021,0x1041,0x1041,0x1041,0x1041,0x1041,0x1041,0x1021,
0x0822,0x1042,0x1042,0x1042,0x1063,0x1042,0x0842,0x0842,0x0842,0x0862,0x1063,0x1063,0x1083,0x1063,0x0863,0x0863,
0x28C4,0x28E4,0x28E4,0x20E4,0x20C4,0x20C4,0x20C4,0x20C4,0x20E4,0x28C4,0x28C4,0x28C4,0x28C4,0x28C4,0x30E4,0x3105,
0x3904,0x4104,0x4124,0x4124,0x4124,0x4124,0x3903,0x38E3,0x3904,0x3904,0x3104,0x3925,0x3125,0x3125,0x3125,0x3145,
0x3124,0x3144,0x3944,0x3924,0x3904,0x3904,0x3925,0x3945,0x28E4,0x2925,0x3166,0x2925,0x2905,0x4186,0x4187,0x3905,
0x3905,0x4146,0x3905,0x28A4,0x28C5,0x28E5,0x20A4,0x20A4,0x18A4,0x20C5,0x28E6,0x20E5,0x20E5,0x2906,0x2906,0x2906,
0x20C7,0x20C7,0x20A7,0x28C7,0x1845,0x28A6,0x2044,0x2085,0x28C6,0x1884,0x30E6,0x3926,0x4966,0x4965,0x38E2,0x3081,
0x6186,0x69E8,0x6A49,0x51C7,0x28A2,0x2081,0x2061,0x38E3,0x40C3,0x48E4,0x50E4,0x50E4,0x48E4,0x38A3,0x2882,0x28A3,
0x2083,0x28E4,0x20A3,0x1863,0x3987,0x2905,0x1863,0x2083,0x28E5,0x20A4,0x2083,0x28A3,0x28C4,0x30C4,0x30C4,0x30C3,
0x38C3,0x40E3,0x40E4,0x40E3,0x40E4,0x4925,0x4925,0x4904,0x4924,0x5145,0x5165,0x5144,0x5144,0x5144,0x5984,0x61A5,
0x4924,0x4104,0x4104,0x30C3,0x28A2,0x3924,0x4166,0x3925,0x3945,0x3945,0x30E3,0x2882,0x28C2,0x3123,0x3123,0x20C1,
0x2081,0x1861,0x1861,0x20C2,0x28E3,0x28E3,0x20E4,0x20E4,0x20C3,0x20E3,0x2904,0x2924,0x3145,0x3965,0x3124,0x28E3,
0x28E3,0x28A3,0x30A2,0x40E3,0x6145,0x71C6,0x8207,0x8A47,0x8A26,0x8206,0x9267,0x7183,0x7163,0x9A67,0x89E5,0x8A07,
0x7A09,0x40E4,0x2862,0x2061,0x1020,0x18A2,0x2924,0x20E4,0x28E4,0x28C4,0x28A3,0x2083,0x1882,0x1882,0x10A3,0x18C3,
0x20E3,0x20C3,0x20C3,0x18A3,0x1883,0x1062,0x1062,0x1083,0x1883,0x1883,0x1862,0x1862,0x1883,0x1883,0x1883,0x1883,
0x1083,0x1083,0x1083,0x1883,0x1883,0x20C3,0x3145,0x41A6,0x20C3,0x1882,0x1882,0x18A3,0x1062,0x18A3,0x18C4,0x1062,
0x18A4,0x1883,0x1883,0x1883,0x1883,0x18A3,0x20A3,0x20A3,0x20C3,0x20A2,0x20A2,0x2903,0x3124,0x3124,0x3124,0x3124,
0x28E4,0x28E4,0x28E4,0x28E4,0x2904,0x28E4,0x20C4,0x18A3,0x18A3,0x1883,0x1083,0x1083,0x1084,0x1084,0x1084,0x1084,
0x1083,0x1083,0x1083,0x1083,0x10A3,0x18A4,0x18A4,0x18C4,0x18A4,0x18A4,0x18A4,0x20A4,0x18A4,0x1883,0x1863,0x1862,
0x1883,0x1883,0x1883,0x1883,0x2082,0x2082,0x2062,0x2062,0x2062,0x2061,0x1841,0x1841,0x1841,0x1041,0x1041,0x1062,
0x1062,0x1062,0x1042,0x1042,0x0841,0x0821,0x0821,0x0821,0x0821,0x0821,0x0821,0x0841,0x0841,0x0841,0x0821,0x0821,
0x1042,0x1042,0x1042,0x1042,0x1042,0x0842,0x0842,0x0842,0x0843,0x0843,0x1063,0x1063,0x1063,0x1063,0x0863,0x0843,
0x28E4,0x28E4,0x28E4,0x20E4,0x20C4,0x20C4,0x18C3,0x20C4,0x20C4,0x20C4,0x20C4,0x20C4,0x20A4,0x28C4,0x28C4,0x30E4,
0x3904,0x3904,0x3904,0x3904,0x4104,0x4104,0x3904,0x30E3,0x30E4,0x30E3,0x30E4,0x3104,0x3104,0x28E4,0x28E4,0x2904,
0x2903,0x3144,0x3944,0x3103,0x30C3,0x30C3,0x30E3,0x28E3,0x2904,0x2904,0x3145,0x2904,0x3104,0x3925,0x30E4,0x30C3,
0x4146,0x3905,0x30C4,0x30E5,0x3926,0x28E5,0x28C4,0x3126,0x2906,0x3146,0x3967,0x3147,0x3126,0x3106,0x3106,0x3106,
0x28C7,0x28E8,0x28C7,0x30E7,0x2045,0x30C6,0x4128,0x2885,0x2064,0x3106,0x5A2A,0x4987,0x4105,0x4924,0x4964,0x4944,
0x48E4,0x38A4,0x38E4,0x3924,0x18A2,0x28E3,0x20A2,0x30C3,0x30A3,0x4905,0x5926,0x5946,0x5146,0x4105,0x28A3,0x2082,
0x2083,0x20C4,0x20A4,0x2083,0x3967,0x28E5,0x2083,0x20A4,0x30E5,0x30C4,0x30C4,0x30E4,0x30C4,0x38C4,0x38E4,0x4124,
0x4903,0x5124,0x5144,0x5144,0x5145,0x5165,0x5165,0x4925,0x4945,0x4925,0x5165,0x5965,0x48E3,0x4081,0x5123,0x7A47,
0x61C6,0x4903,0x38C2,0x30C3,0x30E3,0x4165,0x4186,0x28E4,0x20A3,0x28A3,0x28C3,0x30E3,0x30E2,0x28C1,0x28E1,0x3102,
0x2060,0x2040,0x2881,0x28C3,0x28C3,0x20C3,0x20E4,0x2905,0x20C4,0x18C4,0x20C4,0x20E4,0x28E4,0x28E3,0x28C3,0x28E3,
0x20E4,0x20A4,0x2883,0x38C3,0x4904,0x6165,0x69A6,0x71C5,0x8206,0x79C5,0x71A4,0x6943,0x6922,0x8A06,0x81A5,0x81E7,
0x61A7,0x4125,0x38E4,0x20A3,0x0821,0x0841,0x18A3,0x18C4,0x20C4,0x20A4,0x28C4,0x28E5,0x2905,0x20C4,0x10A3,0x0862,
0x18A3,0x18A3,0x18A3,0x18A3,0x1083,0x1063,0x1083,0x1883,0x18A4,0x1883,0x1883,0x1883,0x1883,0x18A3,0x1883,0x1882,
0x18A3,0x1082,0x18A3,0x18A3,0x1883,0x20C4,0x2925,0x2925,0x1082,0x1883,0x1883,0x1862,0x1062,0x18A3,0x20C4,0x1083,
0x1883,0x18A3,0x18A3,0x18A3,0x20C4,0x20E4,0x28E4,0x2904,0x2924,0x2904,0x28E3,0x2904,0x3104,0x3104,0x2904,0x28E4,
0x28E4,0x28E4,0x28E4,0x20C4,0x20C4,0x20C4,0x20C4,0x18A4,0x18A3,0x18A4,0x18A4,0x10A4,0x1084,0x1084,0x1084,0x1084,
0x1063,0x1083,0x1083,0x1883,0x18A4,0x18A4,0x18A4,0x18A4,0x18A4,0x18A4,0x18A4,0x18A4,0x18A4,0x1884,0x1883,0x1883,
0x1883,0x1883,0x1882,0x1882,0x1882,0x1882,0x1861,0x1861,0x2082,0x2062,0x1841,0x1841,0x1041,0x1062,0x1862,0x1883,
0x1062,0x1062,0x1042,0x1042,0x0841,0x0821,0x0821,0x0821,0x0821,0x0821,0x0821,0x0821,0x0821,0x0821,0x0821,0x0821,
0x1042,0x1042,0x0842,0x0842,0x0842,0x0842,0x0842,0x0842,0x0842,0x0842,0x0843,0x0843,0x0843,0x0843,0x0843,0x0843,
0x28E4,0x28E5,0x28E5,0x28E4,0x20C4,0x20C4,0x20C4,0x20C4,0x18A4,0x20C4,0x20C4,0x20A4,0x20A4,0x20A4,0x20C4,0x28C4,
0x3104,0x3904,0x3904,0x3904,0x3904,0x3925,0x3924,0x3104,0x30E4,0x28C3,0x28C3,0x28E4,0x28E4,0x20C4,0x20C4,0x20C3,
0x3103,0x2902,0x28E2,0x28E3,0x30E3,0x3104,0x28C3,0x28C3,0x28E3,0x20A2,0x28E4,0x3124,0x4165,0x4165,0x30C3,0x4125,
0x4105,0x3905,0x30E4,0x3905,0x4146,0x3905,0x3105,0x3967,0x3946,0x3967,0x3967,0x3946,0x3906,0x3106,0x30E6,0x30C6,
0x3928,0x3929,0x3928,0x4189,0x4128,0x59AA,0x8B30,0x5169,0x30C6,0x28A5,0x4168,0x3905,0x38A4,0x3082,0x38E3,0x38C3,
0x4945,0x2862,0x2082,0x3145,0x2945,0x31A6,0x2924,0x3925,0x30A3,0x5146,0x6187,0x6188,0x59A8,0x5187,0x3104,0x2082,
0x20A3,0x20A3,0x28C4,0x28E4,0x4166,0x30E4,0x30C4,0x30E4,0x30C3,0x30C3,0x38C3,0x38E4,0x38E4,0x38C3,0x40E4,0x4924,
0x5944,0x5964,0x5965,0x5965,0x5165,0x5165,0x4945,0x4945,0x4104,0x40E3,0x4904,0x4903,0x40C1,0x4081,0x5963,0x8288,
0x7207,0x5123,0x40E2,0x4124,0x30C3,0x30E3,0x28E4,0x1862,0x1862,0x2083,0x28C3,0x3103,0x30C2,0x28C2,0x3943,0x51C5,
0x4903,0x5124,0x5165,0x4965,0x38E4,0x2082,0x20A3,0x3106,0x1884,0x1863,0x1063,0x1863,0x2083,0x28A3,0x28C3,0x28C4,
0x20A4,0x1884,0x2063,0x2863,0x38A3,0x4904,0x5924,0x5924,0x5923,0x5102,0x4881,0x50E2,0x50C1,0x6123,0x6102,0x6124,
0x48E4,0x38E5,0x30E4,0x20A4,0x1062,0x0842,0x0862,0x1083,0x1083,0x1883,0x20A4,0x28E5,0x2906,0x18C5,0x1084,0x0863,
0x1083,0x1883,0x18A3,0x1883,0x1083,0x1083,0x1083,0x18A4,0x18A4,0x18A4,0x1883,0x18A3,0x20C4,0x20C4,0x20A3,0x2083,
0x18A3,0x1862,0x18A3,0x18A3,0x1883,0x18C4,0x2105,0x18A4,0x1083,0x18A3,0x1883,0x1063,0x1883,0x1883,0x1883,0x1883,
0x1883,0x1883,0x20C4,0x20E4,0x2905,0x2925,0x2925,0x2925,0x2925,0x2925,0x2924,0x2904,0x28E4,0x28E4,0x20E4,0x20C3,
0x20C4,0x28E4,0x28E4,0x20C4,0x20A3,0x20C4,0x20C4,0x18A4,0x18A4,0x18A4,0x18A4,0x18A4,0x10A4,0x10A4,0x10A4,0x10A4,
0x1083,0x1883,0x1883,0x18A3,0x18A4,0x18A4,0x18A4,0x18A4,0x18A4,0x18A4,0x18A4,0x18A4,0x18A4,0x1884,0x1884,0x1883,
0x1083,0x1082,0x1062,0x1862,0x1882,0x1862,0x1862,0x1862,0x1862,0x1862,0x1041,0x1041,0x1042,0x1042,0x1863,0x1883,
0x1062,0x1062,0x1062,0x0842,0x0841,0x0821,0x0821,0x0821,0x0841,0x0841,0x0841,0x0841,0x0841,0x0821,0x0821,0x0821,
0x1042,0x1042,0x0841,0x0821,0x0821,0x0822,0x0842,0x0842,0x0842,0x0842,0x0842,0x0842,0x0843,0x0843,0x0843,0x0843,
0x28E4,0x28E5,0x28E5,0x28E4,0x20C4,0x20C4,0x20C4,0x20C4,0x20A4,0x20A4,0x20A4,0x20A4,0x20A4,0x20A4,0x20A4,0x20C4,
0x28E4,0x30E4,0x30E4,0x30E4,0x3104,0x3925,0x3905,0x30E4,0x30E4,0x28C4,0x28C3,0x28C4,0x20C4,0x20A4,0x20A4,0x20C3,
0x28E3,0x20C2,0x28C2,0x28E3,0x28E3,0x20A2,0x20A2,0x28C3,0x20A3,0x3104,0x3945,0x28C3,0x3104,0x4986,0x30E3,0x2882,
0x30C3,0x4125,0x3905,0x30C4,0x3905,0x4166,0x3946,0x3925,0x30E4,0x30E5,0x28C4,0x28C4,0x30C5,0x30E5,0x30E5,0x30A5,
0x30C6,0x30E7,0x3107,0x4188,0x4968,0x620B,0xAC33,0x59EA,0x28A5,0x3106,0x624B,0x51E9,0x4126,0x38C3,0x3904,0x30E3,
0x38C4,0x38E5,0x3946,0x2925,0x0841,0x18E3,0x18C3,0x2082,0x30E4,0x5166,0x5167,0x4905,0x4946,0x4966,0x3104,0x20A3,
0x28C3,0x20A3,0x30E4,0x3905,0x4166,0x30E4,0x38E4,0x3904,0x38E4,0x38E3,0x40E3,0x4925,0x5986,0x5986,0x5986,0x6185,
0x5964,0x5943,0x5944,0x5144,0x4944,0x4104,0x4104,0x4104,0x4104,0x4104,0x40E3,0x38A2,0x40A1,0x5123,0x61C5,0x7247,
0x7A67,0x5964,0x5164,0x4944,0x2061,0x1000,0x1862,0x1862,0x1862,0x2062,0x1821,0x1820,0x30C3,0x51E6,0x6248,0x6227,
0x7227,0x8268,0x82AA,0x7249,0x4945,0x2862,0x2883,0x3926,0x2084,0x1884,0x1843,0x1042,0x2063,0x28C4,0x30C4,0x28C3,
0x1863,0x1863,0x1842,0x2022,0x3062,0x40C3,0x48E4,0x48E3,0x48C2,0x48C2,0x3840,0x5103,0x48C2,0x50C2,0x4061,0x3841,
0x3062,0x2883,0x2062,0x1883,0x18C4,0x10A3,0x0842,0x0842,0x0863,0x0843,0x1043,0x1884,0x1884,0x1064,0x1063,0x1083,
0x0862,0x1062,0x1063,0x1063,0x1083,0x1084,0x18A4,0x18A4,0x1884,0x1883,0x1883,0x20A4,0x20C4,0x28E4,0x20C4,0x20A3,
0x20A3,0x1863,0x20A4,0x20C4,0x1883,0x18C4,0x20E5,0x1043,0x18A4,0x20C5,0x1884,0x1863,0x20A4,0x1842,0x1022,0x20A3,
0x2083,0x20C4,0x28E4,0x2905,0x2905,0x20E4,0x20C4,0x18C3,0x18A3,0x18C3,0x20C4,0x18C3,0x18C3,0x20E4,0x20E4,0x20A4,
0x20A3,0x28E4,0x28E4,0x20A4,0x1883,0x20A4,0x18A4,0x18A4,0x18C4,0x18A4,0x18A4,0x18A4,0x10A4,0x10A4,0x10A4,0x10A4,
0x1083,0x1883,0x18A3,0x18A4,0x18A4,0x18A3,0x1883,0x1883,0x18A4,0x18A4,0x18A4,0x1883,0x1083,0x1083,0x1063,0x1083,
0x1083,0x1082,0x1062,0x1062,0x1862,0x1882,0x1882,0x1882,0x1041,0x1041,0x1021,0x0821,0x1021,0x1042,0x1062,0x1083,
0x1063,0x1062,0x1062,0x1042,0x0842,0x0821,0x0821,0x0821,0x0842,0x0842,0x0842,0x0841,0x0821,0x0821,0x0821,0x0821,
0x1042,0x0841,0x0821,0x0821,0x0821,0x0822,0x0842,0x1063,0x0843,0x0843,0x0843,0x0843,0x0843,0x0843,0x0843,0x0843,
0x28A4,0x28A4,0x28E5,0x28E5,0x28E5,0x20C4,0x20C4,0x20C4,0x20C4,0x20C4,0x20A4,0x20A4,0x20A4,0x20A4,0x20A4,0x2084,
0x20A4,0x28E5,0x3105,0x28C4,0x28A3,0x30E4,0x3905,0x3125,0x30E4,0x28C4,0x20A3,0x20A3,0x20A4,0x20A4,0x20A4,0x20A3,
0x20A2,0x20C3,0x20C3,0x20C2,0x20C3,0x20E3,0x20E4,0x20C3,0x2904,0x20A3,0x28A3,0x3924,0x3924,0x30E4,0x30C3,0x30A3,
0x4125,0x3904,0x3905,0x4145,0x4145,0x3904,0x30C4,0x30C4,0x28A4,0x30E5,0x3926,0x3906,0x30E5,0x30C4,0x30C4,0x30C5,
0x3906,0x28C5,0x2084,0x28C4,0x3906,0x4926,0x40E6,0x30A5,0x28A5,0x30E6,0x3106,0x30E6,0x30A5,0x30A4,0x30C3,0x28C3,
0x2883,0x30C4,0x3105,0x2904,0x20E3,0x18A2,0x18A2,0x20A3,0x2862,0x30A3,0x40E4,0x4925,0x4925,0x3904,0x30C3,0x2882,
0x30C3,0x3925,0x4166,0x4145,0x3924,0x4124,0x4124,0x4103,0x4104,0x5144,0x5165,0x5144,0x5985,0x69E7,0x61A6,0x5944,
0x5102,0x5143,0x4902,0x5164,0x4964,0x4103,0x4965,0x4145,0x4986,0x4945,0x30A2,0x3081,0x38A1,0x5143,0x6A26,0x69E5,
0x7A26,0x5121,0x4901,0x59E5,0x4143,0x1840,0x2061,0x1841,0x28E4,0x3946,0x30C4,0x2021,0x2041,0x2861,0x4124,0x7289,
0x69C6,0x71C6,0x6985,0x61A6,0x5166,0x4104,0x3905,0x3105,0x2063,0x2084,0x20A4,0x28A4,0x28A3,0x28A3,0x2883,0x28A3,
0x20A4,0x2083,0x1842,0x2022,0x2021,0x3042,0x38A2,0x40C3,0x40C3,0x40C3,0x40C3,0x38C2,0x38A2,0x38A2,0x40A3,0x40C3,
0x38E4,0x28C4,0x2082,0x1042,0x1042,0x0842,0x0842,0x0843,0x0842,0x1043,0x1043,0x1043,0x1043,0x1063,0x1084,0x1884,
0x18A3,0x18A3,0x10A3,0x18A4,0x18A4,0x18C4,0x18A4,0x1084,0x1063,0x1063,0x1884,0x20A4,0x20C4,0x20C4,0x20C4,0x20A3,
0x20A3,0x2083,0x2083,0x1863,0x1863,0x1884,0x1884,0x1884,0x20E5,0x18A5,0x1863,0x1843,0x1863,0x28A4,0x3105,0x3946,
0x3125,0x28E4,0x20A3,0x1883,0x1883,0x18A3,0x18A3,0x1083,0x18A3,0x18A3,0x18A3,0x18A3,0x18A4,0x18A4,0x18A4,0x18A4,
0x1883,0x20A4,0x20C4,0x20C4,0x18A3,0x1883,0x18A4,0x20C4,0x18A4,0x1884,0x1084,0x18C4,0x18C5,0x18A5,0x1084,0x1084,
0x1884,0x18A4,0x20A4,0x18A4,0x1063,0x1063,0x1063,0x1883,0x18A4,0x18A4,0x1884,0x1884,0x1884,0x1884,0x1083,0x1083,
0x1062,0x1062,0x1062,0x1062,0x1062,0x1041,0x1041,0x1021,0x1021,0x1021,0x1021,0x1042,0x1042,0x1042,0x1063,0x1063,
0x1083,0x1083,0x1083,0x1062,0x0842,0x0842,0x0821,0x0821,0x0822,0x0822,0x0822,0x0842,0x0842,0x0822,0x0821,0x0821,
0x0821,0x0821,0x0821,0x0821,0x0821,0x0822,0x0842,0x0842,0x0843,0x0843,0x0843,0x0843,0x0843,0x0843,0x0843,0x0843,
0x30E5,0x30C5,0x30C5,0x28C4,0x20A4,0x20A4,0x20C4,0x28E5,0x28E5,0x28E5,0x28E5,0x28E5,0x28E5,0x28C5,0x28A4,0x20A4,
0x20A4,0x28C4,0x28C4,0x28C4,0x28C4,0x28A4,0x30E4,0x3105,0x30E4,0x28C4,0x28C4,0x20A4,0x20A4,0x20A4,0x18A4,0x18A4,
0x1883,0x20A3,0x20C3,0x18A3,0x18A3,0x20C3,0x20C4,0x20C3,0x20A3,0x28A3,0x3925,0x4966,0x4125,0x2882,0x3082,0x3904,
0x4104,0x3904,0x3904,0x3904,0x30E4,0x30A3,0x28A3,0x28C3,0x3105,0x30E5,0x30E5,0x30C4,0x30C4,0x30C4,0x30C5,0x3105,
0x28E5,0x2905,0x28E5,0x28E4,0x30A3,0x30A4,0x38A4,0x38C5,0x2084,0x20A5,0x28A5,0x2084,0x2084,0x2884,0x20A4,0x20A3,
0x20A3,0x28C3,0x28E4,0x28E4,0x20C3,0x18A2,0x18A2,0x20A3,0x28A3,0x2882,0x2862,0x3062,0x3083,0x30A3,0x30C3,0x30C3,
0x30E3,0x4145,0x4165,0x4145,0x4124,0x4944,0x4944,0x4924,0x4924,0x5144,0x5965,0x5964,0x5965,0x5985,0x5965,0x5103,
0x4902,0x5164,0x5164,0x6207,0x5A06,0x4964,0x3923,0x2881,0x30C2,0x30C2,0x2881,0x2881,0x30A1,0x40E2,0x5164,0x40E1,
0x69E4,0x5962,0x5983,0x6A46,0x4964,0x1820,0x1000,0x1820,0x4166,0x4987,0x30C4,0x2021,0x2021,0x1800,0x2841,0x4944,
0x6185,0x6985,0x6164,0x6186,0x5165,0x38E4,0x30E4,0x28A4,0x1822,0x1863,0x2084,0x28A4,0x28C4,0x28C4,0x30C4,0x30E4,
0x28C4,0x28A4,0x2883,0x2862,0x2862,0x3082,0x38A3,0x38E3,0x30A2,0x30C3,0x30C3,0x30C3,0x38C3,0x38C4,0x38E4,0x38E5,
0x3904,0x30E4,0x20A3,0x1862,0x1062,0x1062,0x1063,0x1063,0x0843,0x1043,0x1043,0x1043,0x1043,0x1043,0x1863,0x1883,
0x1883,0x1083,0x1083,0x1083,0x10A4,0x10A4,0x1084,0x1083,0x1083,0x1084,0x1884,0x18A4,0x20A4,0x20C4,0x20A4,0x2083,
0x2083,0x2083,0x2063,0x1863,0x1863,0x1864,0x1884,0x1885,0x20A5,0x1884,0x2084,0x20A4,0x28E5,0x3105,0x3905,0x3105,
0x3125,0x28E5,0x20C4,0x1883,0x1883,0x18A3,0x10A3,0x1083,0x10A3,0x10A3,0x10A3,0x10A4,0x18A4,0x18A4,0x18A4,0x18A4,
0x1883,0x1883,0x1883,0x1883,0x1883,0x1883,0x18A4,0x18A4,0x18A4,0x1884,0x1084,0x18A4,0x18A4,0x1084,0x1084,0x1884,
0x1884,0x20A4,0x20A4,0x1884,0x1063,0x1063,0x1883,0x18A4,0x20C5,0x18A4,0x1884,0x1083,0x1884,0x1884,0x1084,0x1883,
0x1062,0x1062,0x1062,0x1062,0x1061,0x1041,0x1041,0x1021,0x1041,0x1042,0x1042,0x1042,0x0842,0x1042,0x0843,0x1063,
0x1063,0x1062,0x1063,0x1062,0x0862,0x0842,0x0822,0x0821,0x0842,0x0842,0x0842,0x0842,0x0842,0x0822,0x0821,0x0821,
0x0821,0x0821,0x0821,0x0841,0x0842,0x0842,0x0842,0x0842,0x0843,0x0843,0x0843,0x0843,0x0843,0x0843,0x0843,0x0843,
0x30E5,0x30E5,0x30E5,0x28C5,0x28C5,0x28C5,0x28E5,0x2906,0x28C5,0x28E5,0x28E5,0x3105,0x3105,0x28E5,0x28C5,0x28C4,
0x28C4,0x20A4,0x20A4,0x28E5,0x28C4,0x2083,0x28A3,0x30E4,0x28C4,0x28C4,0x28C4,0x20A4,0x2084,0x1883,0x1884,0x1883,
0x1883,0x18A3,0x18A3,0x18A3,0x10A3,0x18C3,0x20C4,0x20A3,0x28A3,0x30C4,0x38C4,0x38C3,0x3082,0x2000,0x2861,0x4965,
0x4125,0x4125,0x3904,0x30C3,0x2883,0x2883,0x28A3,0x28C3,0x30E4,0x28C4,0x28C4,0x28A4,0x28C4,0x30C5,0x30C5,0x30E5,
0x20C4,0x2904,0x2904,0x28E3,0x2882,0x2862,0x3083,0x38C5,0x28A4,0x28A5,0x2085,0x1884,0x2084,0x20A4,0x20A4,0x1883,
0x2082,0x20A2,0x20A3,0x20C3,0x20A3,0x20A2,0x20A2,0x2082,0x2082,0x2062,0x2062,0x2862,0x3083,0x30A3,0x38C3,0x30C3,
0x30E3,0x3924,0x4124,0x4104,0x4103,0x4924,0x4944,0x4924,0x5144,0x5164,0x5165,0x5965,0x5144,0x5124,0x4903,0x40E3,
0x4923,0x4944,0x4143,0x51A5,0x51A5,0x3903,0x28C2,0x1840,0x30E3,0x3103,0x30C2,0x30C2,0x30C1,0x38E2,0x4143,0x38C1,
0x5962,0x61C3,0x61C3,0x51A4,0x4122,0x20A0,0x30E2,0x3945,0x30E4,0x30E4,0x2842,0x2001,0x2842,0x2021,0x2021,0x38A3,
0x5124,0x5944,0x5124,0x5165,0x4945,0x38E3,0x30C3,0x2062,0x1021,0x1842,0x1863,0x2083,0x20A3,0x28C3,0x28C3,0x28E4,
0x28C4,0x28A3,0x30A3,0x30A3,0x30A3,0x38C3,0x38E4,0x38E4,0x2882,0x28A3,0x28A3,0x28C4,0x28C4,0x28C4,0x30C5,0x30E5,
0x30E4,0x28E4,0x28C3,0x2083,0x1862,0x1042,0x1063,0x1063,0x1063,0x1063,0x1063,0x1063,0x1043,0x1043,0x1863,0x1883,
0x1883,0x1063,0x1063,0x1083,0x1083,0x1083,0x1084,0x1063,0x10A4,0x18A4,0x18A4,0x18A4,0x20A4,0x20A4,0x20A4,0x2084,
0x2083,0x2083,0x2063,0x1863,0x1863,0x1864,0x1884,0x1884,0x1884,0x1863,0x1863,0x2084,0x28E5,0x3105,0x30C5,0x28A4,
0x3105,0x28E5,0x20C4,0x20A3,0x1883,0x1083,0x1083,0x1083,0x1083,0x1083,0x1083,0x1084,0x1084,0x18A4,0x18A4,0x18A4,
0x1883,0x1863,0x1863,0x1863,0x1883,0x1884,0x18A4,0x18A4,0x18A4,0x18A4,0x1884,0x1884,0x1084,0x1064,0x1084,0x18A5,
0x18A4,0x18A4,0x1884,0x1883,0x1063,0x1883,0x18A4,0x20C5,0x18A4,0x1884,0x1884,0x1884,0x18A4,0x18A4,0x1884,0x1083,
0x1042,0x1062,0x1062,0x1062,0x1042,0x1041,0x0841,0x0821,0x1042,0x1042,0x0842,0x0822,0x0822,0x0822,0x0822,0x0822,
0x0842,0x0842,0x0862,0x1063,0x0863,0x0842,0x0822,0x0021,0x0842,0x0842,0x0842,0x0842,0x0842,0x0842,0x0822,0x0821,
0x0821,0x0821,0x0821,0x0841,0x0842,0x0842,0x0842,0x0842,0x0843,0x0843,0x0843,0x0843,0x0843,0x0843,0x0843,0x0843,
0x28C5,0x28C5,0x30E5,0x30E5,0x28E5,0x28C5,0x20C4,0x20A4,0x20A4,0x20A4,0x28C4,0x28C4,0x28C5,0x28C4,0x28C4,0x28C5,
0x28C5,0x20C4,0x28C4,0x28E5,0x28C4,0x20A3,0x2083,0x28A3,0x28C4,0x28C4,0x28C4,0x20A3,0x20A4,0x20A4,0x1884,0x1883,
0x1883,0x1883,0x18A3,0x18A3,0x10A3,0x18A3,0x18C3,0x20A3,0x28C3,0x4946,0x5187,0x59A7,0x61C7,0x5144,0x40C2,0x4104,
0x4125,0x3925,0x38E4,0x28A3,0x2062,0x28A3,0x28C3,0x28C4,0x28A3,0x20A3,0x28C4,0x28C4,0x28C4,0x28C5,0x28A4,0x2083,
0x20C3,0x20C3,0x20C3,0x28C3,0x30C3,0x38C3,0x38C4,0x38C4,0x30E5,0x28C5,0x20A5,0x20A5,0x20A4,0x20A4,0x1884,0x1883,
0x1882,0x1882,0x2082,0x2083,0x20A3,0x2083,0x2082,0x2082,0x2062,0x2062,0x2062,0x28A3,0x38C4,0x38E4,0x38E4,0x38C4,
0x30E3,0x3904,0x3904,0x38E3,0x3903,0x4124,0x4924,0x4103,0x4944,0x4924,0x4944,0x5164,0x4924,0x40E3,0x40C3,0x4103,
0x4144,0x3923,0x38E3,0x3903,0x3903,0x30C2,0x28C2,0x28C2,0x3944,0x4144,0x3923,0x3903,0x28A2,0x28A1,0x38E3,0x30A1,
0x3080,0x61E5,0x61E5,0x51A4,0x51E5,0x49C5,0x4185,0x3944,0x3945,0x3905,0x2883,0x2842,0x2863,0x2042,0x1801,0x2041,
0x38E3,0x4103,0x40E3,0x4124,0x4124,0x30C3,0x28A3,0x1841,0x1021,0x1842,0x1862,0x1862,0x1862,0x1862,0x1882,0x2062,
0x2882,0x2883,0x28A3,0x30C3,0x30C4,0x30E4,0x30E4,0x30E4,0x2062,0x2083,0x20A3,0x20A3,0x20A3,0x2084,0x2084,0x2084,
0x20A3,0x20A3,0x20A3,0x2083,0x1842,0x1042,0x1043,0x1043,0x1063,0x1063,0x1063,0x1063,0x1863,0x1863,0x2083,0x2083,
0x20A3,0x18A3,0x1883,0x1063,0x1063,0x1063,0x1084,0x1084,0x18A4,0x18A4,0x1884,0x18A4,0x18A4,0x20A4,0x20A4,0x20A4,
0x2083,0x2083,0x1863,0x1863,0x1863,0x1864,0x1884,0x1884,0x2084,0x1863,0x1843,0x1843,0x2084,0x28A4,0x28C4,0x28C4,
0x28C4,0x28C4,0x20A4,0x1883,0x1863,0x1063,0x1083,0x1084,0x1083,0x1083,0x1083,0x1084,0x1084,0x1884,0x1884,0x1884,
0x1884,0x1883,0x1883,0x1863,0x1863,0x1884,0x18A4,0x18A4,0x20C5,0x18A4,0x1084,0x1064,0x1084,0x1884,0x18A5,0x18C5,
0x18A4,0x1884,0x1063,0x1063,0x1884,0x18A4,0x18A4,0x18A4,0x1063,0x1884,0x18A4,0x18A4,0x18C4,0x18A4,0x1884,0x1063,
0x1042,0x1042,0x1042,0x1042,0x1042,0x1041,0x0841,0x0821,0x0821,0x0821,0x0822,0x0821,0x0822,0x0822,0x0822,0x0822,
0x0022,0x0842,0x0842,0x0863,0x0863,0x0842,0x0022,0x0001,0x0842,0x0842,0x0842,0x0842,0x0842,0x0842,0x0842,0x0822,
0x0821,0x0821,0x0821,0x0821,0x0822,0x0822,0x0842,0x0842,0x0842,0x0842,0x0842,0x0842,0x0842,0x0843,0x0843,0x0843,
0x28C5,0x28C5,0x28C5,0x20A5,0x20A4,0x1884,0x1863,0x1863,0x1883,0x2083,0x1883,0x2083,0x2083,0x20A3,0x28A4,0x28A4,
0x28C4,0x28E5,0x3105,0x28E5,0x28C4,0x28C4,0x28A3,0x2062,0x28C4,0x28A4,0x20A3,0x2083,0x20A4,0x20C4,0x20A4,0x1863,
0x1884,0x1884,0x18A4,0x18A4,0x10A3,0x18A3,0x18A3,0x20C3,0x38E4,0x59C8,0x7249,0x7A49,0x8289,0x7228,0x5985,0x5144,
0x3904,0x30E4,0x2883,0x2062,0x2062,0x28A3,0x28A3,0x2083,0x28A3,0x28C4,0x28E4,0x28E5,0x28C4,0x20A4,0x2063,0x1863,
0x18A3,0x20A3,0x28A3,0x30C3,0x3904,0x4105,0x3905,0x38E4,0x30A4,0x28A5,0x28C5,0x20A4,0x18A4,0x1883,0x1863,0x1883,
0x1882,0x1862,0x1862,0x1862,0x1883,0x1883,0x1862,0x1862,0x2082,0x2082,0x2062,0x2883,0x30A4,0x38E4,0x38E5,0x3904,
0x30E4,0x38E4,0x3904,0x3904,0x3904,0x4104,0x4104,0x3903,0x3903,0x38E3,0x38E3,0x4104,0x4104,0x38E3,0x38E3,0x3904,
0x30E3,0x30E3,0x3124,0x3903,0x3103,0x3923,0x3923,0x4985,0x4184,0x49C5,0x49A5,0x49A5,0x3103,0x2882,0x28C3,0x2881,
0x4103,0x61C6,0x4964,0x4123,0x49C6,0x49C6,0x3944,0x30E3,0x4166,0x4125,0x30C4,0x28A3,0x2883,0x2062,0x1842,0x2042,
0x2882,0x30A2,0x2862,0x30A3,0x30C3,0x2882,0x2882,0x1841,0x2062,0x2083,0x2083,0x1882,0x1862,0x1042,0x1042,0x1041,
0x2042,0x2062,0x2882,0x28A3,0x28C3,0x28A3,0x28A3,0x28A3,0x1862,0x1862,0x1883,0x1883,0x1863,0x1863,0x1843,0x1842,
0x1862,0x1862,0x1882,0x1862,0x1042,0x1043,0x1043,0x1063,0x1084,0x1084,0x1083,0x1883,0x1883,0x20A3,0x20A3,0x20A4,
0x20C4,0x20C4,0x1883,0x1063,0x0843,0x0863,0x1063,0x1084,0x1084,0x1084,0x1084,0x1084,0x1884,0x1884,0x1884,0x1884,
0x1883,0x1883,0x1863,0x1863,0x1863,0x1863,0x1863,0x1863,0x20A4,0x2084,0x1883,0x1863,0x1863,0x2084,0x20A4,0x28E5,
0x2083,0x20A4,0x20A4,0x1883,0x1863,0x1063,0x1083,0x10A4,0x1083,0x1084,0x1063,0x1064,0x1064,0x1084,0x1884,0x1884,
0x1884,0x1884,0x18A4,0x1884,0x1063,0x1063,0x1884,0x18A4,0x20C5,0x1884,0x1063,0x1043,0x1064,0x18A5,0x18C5,0x18A5,
0x1884,0x1063,0x0843,0x1063,0x18A4,0x20C5,0x18A4,0x1063,0x1884,0x18A4,0x20C4,0x18A4,0x1883,0x1063,0x1043,0x1063,
0x1042,0x1042,0x1042,0x1042,0x1042,0x1021,0x0821,0x0821,0x0821,0x0821,0x0821,0x0821,0x0822,0x0822,0x0822,0x0822,
0x0822,0x0842,0x0863,0x1063,0x1063,0x0843,0x0822,0x0022,0x0842,0x0842,0x0842,0x0843,0x0843,0x0843,0x0842,0x0842,
0x0842,0x0822,0x0822,0x0801,0x0801,0x0801,0x0822,0x0842,0x0842,0x0822,0x0822,0x0822,0x0842,0x0843,0x0863,0x1063,
0x28E5,0x20A5,0x1884,0x1863,0x1863,0x1884,0x20A4,0x20C4,0x20C4,0x20A3,0x1883,0x1883,0x1863,0x1882,0x2083,0x2083,
0x20A4,0x28E5,0x3105,0x28E5,0x28E5,0x30E5,0x28A4,0x1842,0x20A4,0x28A4,0x20A3,0x1863,0x2083,0x20C4,0x20A4,0x1883,
0x20A4,0x1884,0x18A4,0x18A3,0x18A3,0x18A3,0x20A3,0x28C3,0x38C3,0x5966,0x71E8,0x71C7,0x69A6,0x69C6,0x69C5,0x59A5,
0x3904,0x28A3,0x2062,0x2062,0x2082,0x20A3,0x20A3,0x20A3,0x3125,0x3105,0x28E5,0x20C4,0x1883,0x1883,0x1884,0x20A4,
0x1863,0x20A3,0x30E4,0x3905,0x40E4,0x38E4,0x38E4,0x38E5,0x3084,0x2884,0x2884,0x20A4,0x18A3,0x1082,0x1062,0x1882,
0x1862,0x1862,0x1862,0x1862,0x1862,0x1862,0x1062,0x1042,0x1862,0x2083,0x28A4,0x28C4,0x30C5,0x30C4,0x30A4,0x28A4,
0x28A3,0x28A3,0x28C3,0x28C3,0x30C3,0x30C3,0x30C3,0x30C3,0x30A2,0x2881,0x2862,0x28A3,0x30C3,0x28C3,0x28E3,0x3104,
0x20A3,0x20A3,0x3104,0x30E3,0x28C2,0x3903,0x4144,0x5A06,0x51C5,0x51E6,0x49A5,0x4985,0x3904,0x30E3,0x4165,0x4145,
0x4986,0x4124,0x1800,0x1841,0x3124,0x28E3,0x28E3,0x3945,0x28C3,0x2882,0x2062,0x2083,0x2063,0x2063,0x2083,0x20A4,
0x2042,0x2082,0x2042,0x2082,0x2883,0x2062,0x28A3,0x2062,0x28A3,0x28A3,0x20A3,0x2083,0x1863,0x1862,0x1842,0x1842,
0x1842,0x2062,0x2062,0x2082,0x2082,0x1862,0x1862,0x1841,0x1041,0x1862,0x1862,0x1883,0x1862,0x1842,0x1042,0x1042,
0x1042,0x1062,0x1862,0x1863,0x1043,0x1043,0x1043,0x1064,0x1084,0x1084,0x1083,0x1083,0x1883,0x20A3,0x20A4,0x20A4,
0x20C4,0x20A4,0x1883,0x1063,0x0842,0x0843,0x0863,0x1084,0x0864,0x0864,0x0844,0x0863,0x1064,0x1064,0x1064,0x1064,
0x1883,0x1063,0x1063,0x1063,0x1863,0x1863,0x1862,0x1862,0x1862,0x1883,0x20A4,0x20A4,0x1884,0x1883,0x1883,0x1884,
0x2083,0x2084,0x20A4,0x20A4,0x1884,0x1884,0x18A4,0x18A5,0x1084,0x1084,0x1064,0x1064,0x1064,0x1064,0x1864,0x1884,
0x1863,0x1884,0x20A4,0x1884,0x1043,0x1043,0x1063,0x1884,0x1884,0x1064,0x1043,0x1043,0x1064,0x1884,0x18A5,0x1084,
0x1064,0x1043,0x1043,0x1084,0x18C5,0x20C5,0x1884,0x1043,0x20C5,0x20C4,0x18A4,0x1063,0x0822,0x0822,0x0822,0x1042,
0x1042,0x1042,0x1042,0x1022,0x1022,0x1021,0x0821,0x0821,0x0841,0x0841,0x0841,0x0822,0x0842,0x0842,0x0842,0x0843,
0x0842,0x0843,0x0863,0x1063,0x1063,0x0863,0x0842,0x0842,0x0842,0x0842,0x0842,0x0842,0x0843,0x0843,0x0843,0x0843,
0x1043,0x0822,0x0822,0x0801,0x0801,0x0801,0x0822,0x0822,0x0822,0x0822,0x0822,0x0822,0x0822,0x0842,0x0863,0x1063,
0x18A4,0x1884,0x1863,0x1884,0x18A4,0x20E5,0x2105,0x2105,0x20C4,0x20C4,0x18A3,0x1883,0x1882,0x1862,0x1862,0x1862,
0x1883,0x20A4,0x28C4,0x28E5,0x3105,0x30E5,0x28A4,0x2062,0x2083,0x28C4,0x28C4,0x2083,0x1863,0x2083,0x20A4,0x1883,
0x2084,0x1883,0x1883,0x18A3,0x18A3,0x18A3,0x20A3,0x28C3,0x2021,0x4082,0x6986,0x7A08,0x71C6,0x71A5,0x69A4,0x5964,
0x38E4,0x2083,0x1842,0x2082,0x2083,0x1862,0x2083,0x20C3,0x2905,0x28E4,0x20C4,0x20A3,0x18A4,0x18A4,0x18A4,0x18A4,
0x1063,0x2084,0x30C5,0x38C5,0x38C4,0x38A4,0x38C4,0x38C4,0x3084,0x2863,0x2063,0x1883,0x18A3,0x1082,0x1081,0x1882,
0x1862,0x1862,0x1862,0x1062,0x1062,0x1062,0x1062,0x1062,0x1042,0x2083,0x28C4,0x30E5,0x28C4,0x2083,0x2063,0x1842,
0x1862,0x1862,0x1862,0x2062,0x2062,0x2082,0x2882,0x28A2,0x28A2,0x2061,0x1821,0x1841,0x2082,0x20C4,0x20C4,0x20C4,
0x20A3,0x2083,0x2904,0x28A3,0x2081,0x30C2,0x3903,0x51C6,0x51A5,0x4964,0x30C2,0x28A2,0x2081,0x28A2,0x3946,0x3946,
0x28A4,0x2883,0x1001,0x1862,0x2904,0x20A3,0x1882,0x28E3,0x28C3,0x2082,0x2062,0x2062,0x1821,0x1021,0x1042,0x1022,
0x1842,0x2083,0x2063,0x2063,0x2063,0x2063,0x30A3,0x2883,0x2883,0x2883,0x2883,0x2083,0x2063,0x1863,0x1843,0x1843,
0x1863,0x1862,0x1862,0x1862,0x1842,0x1041,0x1041,0x1041,0x1061,0x1862,0x1862,0x1862,0x1862,0x1842,0x1842,0x1042,
0x1042,0x1042,0x1042,0x1042,0x1043,0x1043,0x1044,0x0864,0x1064,0x0864,0x0863,0x1063,0x1083,0x1883,0x2083,0x2083,
0x2083,0x1883,0x1883,0x1063,0x1043,0x0843,0x1064,0x1084,0x0864,0x0864,0x0844,0x0864,0x1064,0x1064,0x1044,0x1043,
0x1083,0x1063,0x1063,0x1063,0x1062,0x1062,0x1062,0x1062,0x1042,0x1862,0x1883,0x1883,0x1883,0x1083,0x1063,0x1063,
0x2083,0x2083,0x2084,0x2084,0x1884,0x1884,0x1884,0x18A4,0x10A4,0x1084,0x1064,0x1064,0x1044,0x1064,0x1864,0x1864,
0x1863,0x1884,0x1884,0x1864,0x1063,0x1043,0x1063,0x1864,0x1043,0x1084,0x1884,0x1064,0x1043,0x1064,0x1064,0x1064,
0x0843,0x1064,0x1084,0x18A5,0x18A5,0x18A4,0x1084,0x1063,0x18A4,0x1884,0x1043,0x1042,0x1042,0x1042,0x1022,0x1022,
0x1042,0x1023,0x1022,0x1022,0x1022,0x1022,0x0821,0x0821,0x0821,0x0821,0x0821,0x0822,0x0822,0x0842,0x0842,0x0843,
0x0843,0x0843,0x0843,0x0843,0x0863,0x0863,0x0863,0x0863,0x0842,0x0842,0x0843,0x0843,0x0843,0x0843,0x0843,0x0842,
0x0842,0x0822,0x0822,0x0822,0x0822,0x0822,0x0822,0x0822,0x0842,0x0822,0x0822,0x0022,0x0822,0x0842,0x0862,0x0863,
0x1063,0x1063,0x1884,0x20C5,0x20E5,0x20E5,0x18A4,0x1083,0x18C4,0x18A3,0x18A3,0x18A3,0x1882,0x1862,0x1862,0x1862,
0x1863,0x1043,0x1863,0x28E5,0x3105,0x28C4,0x2083,0x2083,0x2063,0x28C4,0x28E4,0x2083,0x1042,0x1862,0x20A4,0x20A4,
0x2084,0x1863,0x1883,0x18A3,0x18A3,0x1882,0x20A3,0x30A3,0x2841,0x2800,0x50A2,0x6965,0x6944,0x6943,0x69A4,0x6184,
0x38C3,0x2042,0x1821,0x2062,0x1862,0x1021,0x1842,0x20C3,0x18A3,0x1883,0x1883,0x18A4,0x20E5,0x20E5,0x18A4,0x1063,
0x1884,0x2084,0x2864,0x3884,0x38A4,0x38A4,0x38A3,0x3083,0x38A4,0x2863,0x1822,0x1842,0x1082,0x1081,0x1061,0x1041,
0x1842,0x1843,0x1863,0x1063,0x1062,0x1062,0x1062,0x1063,0x1883,0x2084,0x2084,0x2063,0x1822,0x1001,0x1002,0x1822,
0x1842,0x1842,0x1821,0x1822,0x1842,0x2062,0x2082,0x28A3,0x28A3,0x2062,0x1021,0x1021,0x1862,0x20C4,0x20C4,0x1883,
0x20A4,0x20A4,0x3946,0x3125,0x30E3,0x30E3,0x30C2,0x4964,0x51A5,0x4123,0x2881,0x2881,0x2061,0x2062,0x28C4,0x2083,
0x30E6,0x3927,0x2084,0x1022,0x1022,0x1021,0x1862,0x1862,0x28E3,0x2082,0x2062,0x2082,0x1842,0x1042,0x1062,0x0822,
0x1002,0x1863,0x1843,0x2043,0x2042,0x2042,0x2883,0x2862,0x2062,0x2042,0x2063,0x2043,0x1843,0x1823,0x1823,0x1843,
0x1863,0x1862,0x1842,0x1042,0x1042,0x1041,0x1041,0x1041,0x1861,0x1862,0x1862,0x1862,0x1841,0x1041,0x1021,0x1042,
0x1042,0x1042,0x1022,0x1022,0x1043,0x1043,0x1044,0x0843,0x0864,0x0863,0x0843,0x0863,0x1063,0x1863,0x1842,0x1842,
0x1863,0x1883,0x1883,0x1884,0x1083,0x1064,0x1064,0x1084,0x1084,0x0884,0x1064,0x1064,0x1064,0x1064,0x1044,0x0843,
0x0863,0x0863,0x1063,0x1063,0x1062,0x1042,0x1042,0x1042,0x1883,0x1862,0x1062,0x1062,0x1083,0x1084,0x10A4,0x1884,
0x1863,0x2063,0x1863,0x1864,0x1884,0x1884,0x1084,0x1084,0x10A4,0x1084,0x1064,0x1064,0x1044,0x1044,0x1864,0x1864,
0x1863,0x1063,0x1063,0x1063,0x1064,0x1064,0x1064,0x1063,0x0823,0x1884,0x20C5,0x1885,0x1043,0x1043,0x1044,0x1064,
0x0823,0x1064,0x18C5,0x18C6,0x18A5,0x1064,0x1064,0x1884,0x1063,0x0822,0x0822,0x1042,0x1863,0x1883,0x1042,0x0801,
0x1042,0x1023,0x1022,0x1022,0x1022,0x0822,0x0821,0x0821,0x0821,0x0821,0x0821,0x0821,0x0822,0x0822,0x0822,0x0822,
0x0842,0x0842,0x0822,0x0822,0x0842,0x0843,0x0863,0x1083,0x0842,0x0843,0x0843,0x0843,0x0843,0x0842,0x0842,0x0822,
0x0822,0x0822,0x1043,0x1043,0x1043,0x0842,0x0842,0x0822,0x0842,0x0842,0x0822,0x0022,0x0822,0x0822,0x0842,0x0862,
};
