#pragma once
#include <pgmspace.h>

const uint16_t backgroundSpace03[76800] PROGMEM = {
0x2965,0x3186,0x2965,0x2104,0x2124,0x31A6,0x31A6,0x3186,0x2124,0x10A2,0x2945,0x18E3,0x18E3,0x18C3,0x18C3,0x18E3,
0x10A2,0x18C3,0x10A2,0x2124,0x18E3,0x18E3,0x2945,0x2104,0x2104,0x2945,0x2104,0x3186,0x2124,0x18E3,0x1082,0x0861,
0x18E3,0x2124,0x2124,0x3186,0x4208,0x4228,0x4228,0x4208,0x39E7,0x31A6,0x31A6,0x2965,0x31A6,0x4208,0x31A6,0x31A6,
0x2104,0x2965,0x18C3,0x4228,0x2945,0x2945,0x52AA,0x4228,0x1082,0x18C3,0x10A2,0x18E3,0x18C3,0x2104,0x18E3,0x18E3,
0x0841,0x2124,0x0841,0x10A2,0x1082,0x0861,0x18E3,0x0861,0x10A2,0x2965,0x0841,0x18E3,0x2945,0x1082,0x2104,0x18C3,
0x18C3,0x18C3,0x18C3,0x18E3,0x2104,0x0861,0x18E3,0x10A2,0x18C3,0x18C3,0x18E3,0x18C3,0x1082,0x18E3,0x10A2,0x2124,
0x2124,0x3186,0x2104,0x18E3,0x18C3,0x18E3,0x18C3,0x18C3,0x2104,0x4A49,0x2104,0x31A6,0x3186,0x2104,0x3186,0x31A6,
0x2945,0x2104,0x31A6,0x39C7,0x10A2,0x2124,0x2124,0x2104,0x2124,0x31A6,0x4208,0x2965,0x10A2,0x10A2,0x0861,0x18E3,
0x18C3,0x2124,0x18C3,0x39C7,0x39E7,0x18E3,0x0861,0x1082,0x1082,0x18C3,0x10A2,0x18E3,0x18C3,0x2945,0x18C3,0x1082,
0x0861,0x10A2,0x1082,0x0861,0x18E3,0x0861,0x2124,0x18E3,0x2965,0x4A69,0x1082,0x10A2,0x18C3,0x2124,0x31A6,0x18E3,
0x18E3,0x10A2,0x2124,0x10A2,0x0841,0x0020,0x1082,0x1082,0x18E3,0x18C3,0x18C3,0x18C3,0x18E3,0x0861,0x1082,0x1082,
0x0020,0x1082,0x18C3,0x18E3,0x18C3,0x2104,0x39C7,0x3186,0x3186,0x31A6,0x2965,0x2104,0x2124,0x2124,0x2104,0x2124,
0x2124,0x2945,0x2124,0x10A2,0x2104,0x2945,0x2945,0x10A2,0x18E3,0x2104,0x2945,0x2104,0x2945,0x18C3,0x0861,0x1082,
0x1082,0x18C3,0x1082,0x1082,0x2124,0x1082,0x10A2,0x0841,0x0841,0x0000,0x0861,0x0841,0x1082,0x0841,0x0020,0x1082,
0x1082,0x1082,0x18C3,0x31A6,0x4228,0x4228,0x4208,0x2104,0x2124,0x18C3,0x0861,0x1082,0x1082,0x18C3,0x10A2,0x10A2,
0x1082,0x1082,0x0861,0x10A2,0x18C3,0x3186,0x3186,0x18C3,0x18E3,0x10A2,0x3186,0x2945,0x10A2,0x18C3,0x1082,0x2104,
0x1082,0x1082,0x1082,0x10A2,0x0841,0x18E3,0x1082,0x0861,0x18E3,0x0861,0x1082,0x18E3,0x0000,0x18C3,0x10A2,0x0020,
0x0841,0x1082,0x0861,0x0861,0x39C7,0x10A2,0x1082,0x0841,0x1082,0x0861,0x10A2,0x0841,0x1082,0x0000,0x0020,0x18E3,
0x1082,0x18C3,0x18E3,0x18C3,0x18C3,0x2124,0x31A6,0x3186,0x18C3,0x0841,0x10A2,0x0841,0x0861,0x1082,0x0020,0x10A2,
0x18E3,0x0841,0x1082,0x1082,0x0020,0x1082,0x18C3,0x1082,0x18C3,0x0861,0x1082,0x2965,0x2124,0x0841,0x0020,0x0841,
0x4228,0x4228,0x2945,0x2945,0x2124,0x2104,0x3186,0x39C7,0x39C7,0x2104,0x2124,0x2124,0x2124,0x2965,0x1082,0x10A2,
0x2104,0x3186,0x2945,0x2124,0x2104,0x2104,0x2124,0x2945,0x2124,0x2124,0x2124,0x3186,0x31A6,0x2104,0x18C3,0x18E3,
0x18C3,0x10A2,0x18E3,0x2945,0x2965,0x2965,0x31A6,0x4208,0x4228,0x5ACB,0x6B4D,0x6B4D,0x4228,0x2945,0x1082,0x31A6,
0x39C7,0x18E3,0x3186,0x2945,0x1082,0x2104,0x2945,0x2104,0x18E3,0x10A2,0x2104,0x10A2,0x18E3,0x10A2,0x18E3,0x1082,
0x18E3,0x18C3,0x10A2,0x0841,0x1082,0x0861,0x0841,0x1082,0x18E3,0x10A2,0x18E3,0x18E3,0x10A2,0x31A6,0x18C3,0x18C3,
0x1082,0x10A2,0x2124,0x18C3,0x2104,0x18C3,0x18C3,0x2104,0x18E3,0x10A2,0x1082,0x18C3,0x2124,0x18C3,0x18C3,0x18C3,
0x2104,0x5AEB,0x39E7,0x18E3,0x10A2,0x18C3,0x18E3,0x18C3,0x18E3,0x2124,0x4208,0x31A6,0x3186,0x2945,0x2104,0x3186,
0x52AA,0x52AA,0x2945,0x2124,0x2945,0x2104,0x39C7,0x2124,0x2124,0x31A6,0x3186,0x4228,0x18C3,0x1082,0x0861,0x1082,
0x2124,0x2104,0x2945,0x2965,0x2945,0x10A2,0x2104,0x10A2,0x0861,0x18E3,0x18C3,0x18C3,0x10A2,0x18E3,0x10A2,0x10A2,
0x18C3,0x18E3,0x1082,0x1082,0x10A2,0x1082,0x1082,0x0861,0x2124,0x18E3,0x0861,0x18C3,0x18C3,0x2945,0x18C3,0x18E3,
0x18C3,0x18C3,0x2104,0x0020,0x0000,0x0861,0x1082,0x0020,0x10A2,0x18C3,0x18E3,0x18C3,0x18E3,0x2104,0x10A2,0x18C3,
0x1082,0x0000,0x18C3,0x1082,0x18E3,0x18C3,0x2124,0x2124,0x2945,0x18C3,0x31A6,0x18C3,0x2124,0x3186,0x18E3,0x2965,
0x2124,0x2104,0x10A2,0x39C7,0x31A6,0x18E3,0x2945,0x2945,0x10A2,0x2945,0x2965,0x3186,0x2945,0x1082,0x0861,0x1082,
0x1082,0x0020,0x0861,0x3186,0x2124,0x10A2,0x0861,0x0020,0x0020,0x0020,0x0841,0x0861,0x1082,0x0020,0x0841,0x0841,
0x0861,0x1082,0x10A2,0x2104,0x3186,0x2965,0x3186,0x2945,0x2104,0x2124,0x2124,0x18C3,0x10A2,0x18C3,0x18C3,0x1082,
0x18C3,0x10A2,0x18E3,0x10A2,0x18C3,0x18E3,0x31A6,0x2945,0x18C3,0x2124,0x10A2,0x18C3,0x2104,0x18E3,0x2124,0x18E3,
0x18E3,0x2104,0x18E3,0x0020,0x18C3,0x18E3,0x0020,0x2104,0x1082,0x2945,0x0861,0x1082,0x1082,0x1082,0x0020,0x0841,
0x0020,0x10A2,0x0861,0x10A2,0x4208,0x2124,0x1082,0x18C3,0x2104,0x10A2,0x0861,0x1082,0x1082,0x10A2,0x0841,0x1082,
0x10A2,0x2104,0x0841,0x2945,0x0861,0x4228,0x5AEB,0x2104,0x2124,0x10A2,0x2124,0x2124,0x18E3,0x2124,0x5ACB,0x18E3,
0x18E3,0x0861,0x0861,0x0841,0x0861,0x2104,0x1082,0x0020,0x0020,0x0841,0x18C3,0x2965,0x18C3,0x0841,0x0861,0x0020,
0x4A49,0x4208,0x3186,0x2104,0x3186,0x39C7,0x2965,0x2965,0x3186,0x4208,0x39C7,0x2104,0x3186,0x10A2,0x2124,0x2965,
0x31A6,0x18C3,0x2124,0x2104,0x39C7,0x1082,0x18C3,0x2124,0x18C3,0x2124,0x3186,0x31A6,0x31A6,0x2945,0x10A2,0x18C3,
0x1082,0x18C3,0x31A6,0x3186,0x3186,0x4228,0x2965,0x4A49,0x31A6,0x2945,0x52AA,0x52AA,0x31A6,0x0861,0x18C3,0x2945,
0x3186,0x2124,0x18C3,0x2124,0x2945,0x18C3,0x2104,0x18E3,0x10A2,0x18E3,0x10A2,0x1082,0x18C3,0x18C3,0x1082,0x10A2,
0x0841,0x18C3,0x2124,0x10A2,0x18C3,0x10A2,0x1082,0x18C3,0x2124,0x0861,0x2124,0x18C3,0x10A2,0x2104,0x18C3,0x18E3,
0x1082,0x1082,0x1082,0x0861,0x10A2,0x18C3,0x0861,0x0861,0x1082,0x39E7,0x3186,0x2124,0x18E3,0x18E3,0x18C3,0x18E3,
0x18C3,0x1082,0x0841,0x2104,0x2104,0x10A2,0x18C3,0x18C3,0x18E3,0x18E3,0x4228,0x4228,0x39E7,0x2965,0x2945,0x3186,
0x630C,0x738E,0x39E7,0x18E3,0x31A6,0x2124,0x18E3,0x3186,0x2124,0x4208,0x3186,0x4A49,0x2104,0x1082,0x1082,0x0841,
0x2124,0x2945,0x18E3,0x31A6,0x18E3,0x18C3,0x10A2,0x10A2,0x10A2,0x18E3,0x10A2,0x18C3,0x2104,0x2945,0x2104,0x2104,
0x2945,0x10A2,0x10A2,0x0861,0x18C3,0x0861,0x1082,0x2124,0x2124,0x2104,0x0861,0x18C3,0x10A2,0x2104,0x18C3,0x18E3,
0x1082,0x1082,0x1082,0x0841,0x0841,0x0841,0x0020,0x0020,0x0841,0x1082,0x1082,0x0861,0x1082,0x2945,0x18C3,0x2104,
0x18C3,0x18C3,0x10A2,0x0020,0x0861,0x10A2,0x10A2,0x3186,0x2945,0x2124,0x2104,0x2104,0x2945,0x2124,0x2104,0x18E3,
0x31A6,0x2124,0x2124,0x2124,0x18C3,0x2124,0x18E3,0x2124,0x39E7,0x4208,0x2945,0x3186,0x2104,0x10A2,0x1082,0x0861,
0x2965,0x738E,0x2124,0x0861,0x0020,0x0020,0x0020,0x1082,0x0841,0x0841,0x0861,0x10A2,0x10A2,0x0841,0x1082,0x0841,
0x1082,0x0861,0x2104,0x10A2,0x3186,0x4A49,0x18E3,0x1082,0x2104,0x2124,0x2124,0x18C3,0x2104,0x2124,0x2124,0x10A2,
0x2965,0x18C3,0x18E3,0x18E3,0x10A2,0x2965,0x2945,0x2104,0x2124,0x2124,0x18E3,0x1082,0x18C3,0x18E3,0x3186,0x6B6D,
0x738E,0x3186,0x2104,0x10A2,0x2104,0x10A2,0x18E3,0x0861,0x1082,0x2124,0x0841,0x10A2,0x1082,0x1082,0x18C3,0x0861,
0x0841,0x1082,0x1082,0x10A2,0x10A2,0x0841,0x1082,0x2945,0x18E3,0x18C3,0x10A2,0x0000,0x0841,0x0020,0x1082,0x0020,
0x18C3,0x10A2,0x2124,0x2104,0x31A6,0x5ACB,0x2965,0x1082,0x0861,0x4228,0x2124,0x18E3,0x10A2,0x2104,0x5AEB,0x31A6,
0x18C3,0x1082,0x10A2,0x0861,0x0861,0x18E3,0x0020,0x0841,0x1082,0x1082,0x0020,0x0020,0x0841,0x0020,0x1082,0x2124,
0x39E7,0x4208,0x39E7,0x2124,0x31A6,0x31A6,0x3186,0x31A6,0x2965,0x39E7,0x2104,0x2104,0x2965,0x2104,0x2945,0x2124,
0x2124,0x18E3,0x18E3,0x1082,0x2124,0x2945,0x18C3,0x2104,0x2124,0x2945,0x2124,0x2965,0x3186,0x3186,0x10A2,0x18E3,
0x2104,0x4208,0x2965,0x31A6,0x3186,0x39C7,0x31A6,0x18E3,0x18C3,0x1082,0x18C3,0x18C3,0x18C3,0x10A2,0x18C3,0x3186,
0x3186,0x2124,0x2104,0x2945,0x2945,0x0861,0x2124,0x1082,0x18E3,0x10A2,0x18E3,0x18C3,0x18C3,0x18C3,0x18E3,0x10A2,
0x31A6,0x4A69,0x1082,0x1082,0x1082,0x0020,0x18E3,0x0861,0x18E3,0x10A2,0x10A2,0x1082,0x18E3,0x0020,0x10A2,0x18C3,
0x1082,0x18E3,0x1082,0x18C3,0x10A2,0x10A2,0x18E3,0x18C3,0x18E3,0x10A2,0x2945,0x18C3,0x2104,0x18C3,0x18E3,0x10A2,
0x18E3,0x18E3,0x18E3,0x0861,0x18C3,0x2124,0x18C3,0x2124,0x2124,0x2945,0x2965,0x4228,0x4228,0x3186,0x31A6,0x2965,
0x39C7,0x18E3,0x3186,0x2965,0x10A2,0x2104,0x2124,0x2124,0x2104,0x39C7,0x2965,0x2965,0x31A6,0x18C3,0x10A2,0x10A2,
0x0861,0x2124,0x3186,0x4208,0x3186,0x2124,0x2124,0x18C3,0x0861,0x10A2,0x10A2,0x18C3,0x18C3,0x1082,0x10A2,0x2104,
0x18E3,0x18C3,0x18E3,0x0841,0x18E3,0x1082,0x1082,0x1082,0x18C3,0x1082,0x2104,0x18C3,0x2124,0x39C7,0x18C3,0x18E3,
0x10A2,0x0841,0x0841,0x1082,0x0841,0x0020,0x0841,0x1082,0x0841,0x0020,0x0000,0x1082,0x2965,0x4208,0x18E3,0x1082,
0x10A2,0x18E3,0x0841,0x10A2,0x1082,0x1082,0x1082,0x18E3,0x18E3,0x4A69,0x2965,0x31A6,0x18E3,0x2124,0x4A49,0x31A6,
0x3186,0x3186,0x2124,0x18C3,0x2104,0x2124,0x2945,0x18C3,0x18E3,0x2104,0x10A2,0x2104,0x10A2,0x0861,0x1082,0x10A2,
0x31A6,0x632C,0x2124,0x1082,0x0861,0x1082,0x0861,0x0841,0x0020,0x0861,0x10A2,0x1082,0x0020,0x0020,0x2124,0x3186,
0x0841,0x1082,0x39C7,0x2124,0x2104,0x31A6,0x10A2,0x2945,0x2945,0x2104,0x18C3,0x10A2,0x2945,0x2945,0x2124,0x18E3,
0x0841,0x10A2,0x632C,0x2965,0x2945,0x0861,0x2104,0x3186,0x2104,0x10A2,0x2965,0x18E3,0x10A2,0x18C3,0x2124,0x8410,
0x52AA,0x1082,0x2124,0x0841,0x10A2,0x18C3,0x18C3,0x18E3,0x2965,0x2104,0x2104,0x18C3,0x1082,0x0000,0x2965,0x1082,
0x10A2,0x0861,0x0861,0x10A2,0x0861,0x1082,0x1082,0x1082,0x10A2,0x18C3,0x1082,0x1082,0x0020,0x0841,0x1082,0x1082,
0x0861,0x1082,0x2945,0x2965,0x5ACB,0x3186,0x18C3,0x18E3,0x10A2,0x31A6,0x2124,0x1082,0x18C3,0x18E3,0x0000,0x18E3,
0x18C3,0x18C3,0x2104,0x18E3,0x0861,0x0861,0x0020,0x18C3,0x0000,0x1082,0x0861,0x0841,0x0861,0x0020,0x0020,0x1082,
0x4228,0x6B6D,0x39E7,0x2945,0x2104,0x3186,0x4228,0x3186,0x39C7,0x2104,0x2124,0x2945,0x3186,0x31A6,0x2124,0x2124,
0x18E3,0x18E3,0x2945,0x10A2,0x39C7,0x2124,0x10A2,0x2945,0x2124,0x3186,0x3186,0x3186,0x31A6,0x4208,0x2124,0x2124,
0x39E7,0x630C,0x2104,0x2124,0x31A6,0x2104,0x2104,0x39C7,0x1082,0x10A2,0x1082,0x0861,0x10A2,0x1082,0x18C3,0x31A6,
0x31A6,0x3186,0x2104,0x2124,0x2965,0x738E,0x2965,0x2965,0x18E3,0x2945,0x10A2,0x18C3,0x1082,0x18E3,0x0841,0x10A2,
0x2945,0x2104,0x18C3,0x10A2,0x18C3,0x18E3,0x0841,0x10A2,0x10A2,0x1082,0x1082,0x1082,0x10A2,0x18E3,0x1082,0x1082,
0x1082,0x1082,0x0861,0x18E3,0x0861,0x0841,0x18E3,0x18C3,0x0861,0x1082,0x1082,0x10A2,0x18C3,0x18C3,0x0841,0x10A2,
0x1082,0x1082,0x2104,0x1082,0x10A2,0x18E3,0x10A2,0x31A6,0x18C3,0x10A2,0x18C3,0x2945,0x4208,0x4228,0x3186,0x39C7,
0x3186,0x31A6,0x2945,0x2104,0x2945,0x2104,0x2945,0x2124,0x31A6,0x3186,0x39C7,0x2124,0x31A6,0x2124,0x0861,0x1082,
0x10A2,0x2124,0x528A,0x8C71,0x6B4D,0x2965,0x2965,0x18C3,0x2124,0x2124,0x18C3,0x18E3,0x2124,0x2104,0x18E3,0x18C3,
0x2124,0x18E3,0x0861,0x18C3,0x18C3,0x1082,0x0841,0x0861,0x2104,0x10A2,0x10A2,0x0020,0x18E3,0x2104,0x0841,0x0861,
0x1082,0x0020,0x0861,0x10A2,0x0841,0x0841,0x0861,0x0841,0x0841,0x0861,0x0841,0x1082,0x18C3,0x18C3,0x18E3,0x2945,
0x10A2,0x0861,0x1082,0x18E3,0x1082,0x0841,0x18C3,0x1082,0x2124,0x31A6,0x2965,0x4A49,0x31A6,0x2965,0x39C7,0x4208,
0x4228,0x31A6,0x2124,0x2124,0x31A6,0x2104,0x18E3,0x2124,0x2124,0x18E3,0x18C3,0x18C3,0x10A2,0x1082,0x0861,0x0861,
0x2124,0x10A2,0x18C3,0x0020,0x0000,0x0841,0x0000,0x0841,0x1082,0x0020,0x1082,0x0861,0x0861,0x0861,0x0861,0x0020,
0x0020,0x0841,0x0020,0x3186,0x2104,0x18C3,0x10A2,0x18E3,0x2124,0x2124,0x18C3,0x18E3,0x18E3,0x2104,0x2124,0x2104,
0x18E3,0x18C3,0x18C3,0x10A2,0x10A2,0x2104,0x1082,0x2124,0x18E3,0x2104,0x2124,0x18E3,0x18C3,0x18E3,0x2104,0x39C7,
0x2104,0x10A2,0x2124,0x18C3,0x18C3,0x10A2,0x18E3,0x0861,0x1082,0x2945,0x3186,0x4A49,0x0861,0x0861,0x0841,0x1082,
0x0841,0x1082,0x10A2,0x0861,0x10A2,0x10A2,0x0861,0x1082,0x1082,0x0861,0x0841,0x2104,0x18C3,0x0861,0x0861,0x1082,
0x10A2,0x0020,0x2104,0x4228,0x4208,0x2124,0x18E3,0x0861,0x10A2,0x18E3,0x2965,0x10A2,0x0861,0x10A2,0x18E3,0x1082,
0x18E3,0x10A2,0x1082,0x18E3,0x1082,0x0861,0x1082,0x1082,0x0841,0x0841,0x0861,0x0020,0x0000,0x18E3,0x2124,0x0020,
0x52AA,0x6B4D,0x52AA,0x2104,0x31A6,0x2965,0x4A69,0x2945,0x31A6,0x2124,0x3186,0x39E7,0x6B6D,0x4A49,0x2104,0x2965,
0x2965,0x18E3,0x18E3,0x2104,0x10A2,0x2945,0x2104,0x2104,0x2965,0x31A6,0x31A6,0x31A6,0x4208,0x4228,0x31A6,0x3186,
0x528A,0x4208,0x31A6,0x2965,0x2124,0x4A49,0x4208,0x3186,0x18C3,0x0841,0x10A2,0x0861,0x1082,0x0841,0x18C3,0x18C3,
0x2124,0x3186,0x4A49,0x3186,0x2965,0x4228,0x31A6,0x2104,0x2104,0x1082,0x18E3,0x1082,0x10A2,0x0861,0x18E3,0x0861,
0x0861,0x10A2,0x18E3,0x18C3,0x18C3,0x1082,0x1082,0x10A2,0x10A2,0x18E3,0x2124,0x1082,0x0861,0x2124,0x2945,0x0861,
0x18E3,0x0861,0x10A2,0x2104,0x1082,0x10A2,0x10A2,0x10A2,0x1082,0x2104,0x18C3,0x10A2,0x2965,0x10A2,0x18E3,0x10A2,
0x1082,0x1082,0x18E3,0x18E3,0x18C3,0x18C3,0x2945,0x2124,0x18E3,0x18C3,0x2104,0x18E3,0x4228,0x4228,0x2945,0x3186,
0x31A6,0x4A49,0x39C7,0x18E3,0x2104,0x10A2,0x2965,0x2104,0x2124,0x18E3,0x31A6,0x2104,0x2104,0x39C7,0x2104,0x0861,
0x18E3,0x2124,0x4208,0x8430,0x6B6D,0x31A6,0x18E3,0x18C3,0x18C3,0x2124,0x18E3,0x18E3,0x10A2,0x18C3,0x2104,0x18E3,
0x18C3,0x2124,0x2104,0x1082,0x0861,0x10A2,0x18E3,0x10A2,0x0000,0x18C3,0x18C3,0x18C3,0x2965,0x2104,0x2104,0x1082,
0x1082,0x0000,0x0841,0x10A2,0x10A2,0x0861,0x1082,0x0841,0x0841,0x0020,0x0020,0x0861,0x1082,0x0861,0x1082,0x1082,
0x0861,0x18C3,0x18C3,0x10A2,0x18E3,0x3186,0x18E3,0x18C3,0x18C3,0x2104,0x2104,0x2104,0x3186,0x39C7,0x31A6,0x2104,
0x4208,0x3186,0x2945,0x2124,0x2945,0x2945,0x0861,0x2945,0x2945,0x10A2,0x1082,0x1082,0x10A2,0x18C3,0x1082,0x0861,
0x0861,0x10A2,0x2945,0x0841,0x10A2,0x0841,0x0020,0x0861,0x1082,0x0841,0x10A2,0x0841,0x0020,0x0841,0x1082,0x18E3,
0x0861,0x1082,0x0861,0x39C7,0x2124,0x18C3,0x18E3,0x2104,0x10A2,0x2104,0x18C3,0x18E3,0x10A2,0x2104,0x2965,0x2124,
0x10A2,0x2104,0x10A2,0x2124,0x2945,0x10A2,0x1082,0x18C3,0x18E3,0x2124,0x18C3,0x18C3,0x18C3,0x18C3,0x2104,0x10A2,
0x18C3,0x10A2,0x18C3,0x10A2,0x39C7,0x31A6,0x0861,0x2124,0x2965,0x18C3,0x10A2,0x18C3,0x18C3,0x2104,0x10A2,0x0861,
0x10A2,0x0861,0x0841,0x0020,0x0861,0x1082,0x10A2,0x0861,0x0841,0x0020,0x0861,0x1082,0x18C3,0x0861,0x1082,0x0861,
0x2104,0x2945,0x5ACB,0x4228,0x2965,0x3186,0x0861,0x18E3,0x4228,0x18E3,0x0841,0x18C3,0x2104,0x1082,0x2104,0x0861,
0x10A2,0x1082,0x0861,0x10A2,0x10A2,0x18C3,0x18E3,0x0841,0x0841,0x0020,0x0861,0x0841,0x0841,0x2124,0x2945,0x1082,
0x528A,0x528A,0x528A,0x4A49,0x31A6,0x3186,0x2965,0x4A49,0x3186,0x4228,0x3186,0x31A6,0x4208,0x2965,0x2104,0x4A69,
0x5ACB,0x18E3,0x2104,0x2945,0x2124,0x2104,0x31A6,0x4228,0x4A49,0x2965,0x18E3,0x3186,0x4228,0x39E7,0x4208,0x52AA,
0x6B6D,0x31A6,0x2124,0x4A49,0x52AA,0x528A,0x4208,0x2124,0x18E3,0x10A2,0x0000,0x1082,0x1082,0x18C3,0x0841,0x0841,
0x0861,0x31A6,0x3186,0x3186,0x31A6,0x2124,0x2945,0x10A2,0x18E3,0x18C3,0x18C3,0x18C3,0x18C3,0x18E3,0x2104,0x18E3,
0x10A2,0x1082,0x18C3,0x1082,0x10A2,0x18E3,0x18E3,0x1082,0x10A2,0x2124,0x2124,0x1082,0x0861,0x10A2,0x2945,0x10A2,
0x0861,0x1082,0x18C3,0x18C3,0x10A2,0x10A2,0x10A2,0x2104,0x1082,0x0861,0x18C3,0x39E7,0x10A2,0x0841,0x2965,0x2945,
0x0861,0x18E3,0x10A2,0x1082,0x18E3,0x10A2,0x2124,0x31A6,0x1082,0x18C3,0x18C3,0x18C3,0x4228,0x52AA,0x4208,0x4228,
0x2945,0x3186,0x31A6,0x2965,0x1082,0x2945,0x31A6,0x31A6,0x2124,0x18E3,0x2965,0x2104,0x0861,0x2945,0x2124,0x0841,
0x1082,0x18E3,0x2124,0x18C3,0x31A6,0x2124,0x2124,0x2104,0x18C3,0x18E3,0x10A2,0x2104,0x18C3,0x2104,0x2124,0x18C3,
0x18C3,0x10A2,0x2945,0x2104,0x18C3,0x0861,0x1082,0x0861,0x1082,0x18C3,0x2945,0x18C3,0x1082,0x18C3,0x1082,0x1082,
0x18C3,0x1082,0x0861,0x1082,0x18C3,0x0861,0x18C3,0x18E3,0x1082,0x10A2,0x10A2,0x10A2,0x0000,0x1082,0x10A2,0x10A2,
0x0861,0x2104,0x1082,0x2104,0x2945,0x4A49,0x10A2,0x0861,0x18C3,0x18E3,0x1082,0x1082,0x2104,0x2104,0x31A6,0x31A6,
0x18C3,0x2945,0x2104,0x2945,0x2124,0x2124,0x2124,0x18C3,0x10A2,0x18C3,0x18C3,0x2124,0x10A2,0x1082,0x0861,0x0861,
0x0841,0x10A2,0x0020,0x0841,0x1082,0x0841,0x2124,0x0861,0x1082,0x0841,0x0841,0x0020,0x0841,0x0020,0x0020,0x0841,
0x1082,0x0861,0x10A2,0x18C3,0x1082,0x18E3,0x10A2,0x2945,0x18C3,0x18C3,0x10A2,0x2104,0x18C3,0x2104,0x3186,0x2124,
0x18E3,0x18C3,0x18C3,0x18C3,0x2945,0x10A2,0x18E3,0x0861,0x0861,0x1082,0x18C3,0x18E3,0x18C3,0x1082,0x1082,0x18E3,
0x18E3,0x0861,0x0841,0x2124,0x2124,0x10A2,0x18C3,0x18E3,0x2124,0x18C3,0x18E3,0x1082,0x0861,0x10A2,0x18C3,0x10A2,
0x1082,0x1082,0x18C3,0x18C3,0x0861,0x0020,0x18C3,0x1082,0x0861,0x10A2,0x0861,0x1082,0x0020,0x18C3,0x1082,0x18E3,
0x31A6,0x39E7,0x3186,0x18E3,0x31A6,0x2965,0x1082,0x1082,0x2124,0x18C3,0x18E3,0x18C3,0x18C3,0x2124,0x10A2,0x18E3,
0x18C3,0x18E3,0x18E3,0x18C3,0x2124,0x2104,0x2124,0x10A2,0x0861,0x1082,0x1082,0x0020,0x0020,0x0020,0x0020,0x10A2,
0x52AA,0x52AA,0x52AA,0x2965,0x3186,0x3186,0x4228,0x4208,0x4208,0x3186,0x39C7,0x2124,0x2124,0x2124,0x2124,0x2104,
0x2104,0x2945,0x2124,0x2104,0x31A6,0x2945,0x2104,0x31A6,0x18E3,0x39C7,0x39C7,0x39E7,0x31A6,0x4228,0x5ACB,0x632C,
0x4208,0x3186,0x39C7,0x3186,0x31A6,0x31A6,0x2104,0x18C3,0x1082,0x0000,0x0861,0x10A2,0x0841,0x18C3,0x2945,0x0861,
0x10A2,0x10A2,0x2124,0x18E3,0x2104,0x4208,0x2124,0x18E3,0x2124,0x10A2,0x18C3,0x2104,0x1082,0x18C3,0x2104,0x10A2,
0x2945,0x18E3,0x10A2,0x18E3,0x1082,0x10A2,0x18C3,0x18C3,0x0861,0x18C3,0x0861,0x10A2,0x10A2,0x10A2,0x0841,0x18E3,
0x1082,0x18E3,0x0841,0x0861,0x18C3,0x1082,0x10A2,0x10A2,0x10A2,0x1082,0x0841,0x10A2,0x18C3,0x18E3,0x18C3,0x18C3,
0x18E3,0x10A2,0x18E3,0x0861,0x1082,0x18C3,0x18E3,0x10A2,0x18E3,0x18C3,0x18C3,0x18C3,0x3186,0x5AEB,0x39C7,0x4228,
0x4228,0x4228,0x18E3,0x31A6,0x18E3,0x39C7,0x2104,0x2124,0x31A6,0x2945,0x18E3,0x2945,0x18C3,0x18C3,0x2945,0x2124,
0x18E3,0x10A2,0x2945,0x18C3,0x18E3,0x18C3,0x18C3,0x2945,0x2124,0x2104,0x18E3,0x39C7,0x2104,0x18C3,0x18E3,0x18C3,
0x18E3,0x10A2,0x2124,0x2104,0x10A2,0x2945,0x18C3,0x1082,0x3186,0x2104,0x18E3,0x31A6,0x18C3,0x1082,0x1082,0x0841,
0x0000,0x18C3,0x18E3,0x0861,0x2104,0x1082,0x0861,0x0841,0x0861,0x18C3,0x2124,0x2124,0x0861,0x2965,0x18C3,0x0861,
0x10A2,0x0861,0x18C3,0x39C7,0x10A2,0x0841,0x1082,0x1082,0x18C3,0x18C3,0x18E3,0x18E3,0x2124,0x2104,0x18C3,0x2124,
0x2945,0x1082,0x2124,0x2124,0x2104,0x2124,0x2124,0x2124,0x18C3,0x18E3,0x0861,0x2104,0x0841,0x0861,0x1082,0x1082,
0x0841,0x2965,0x10A2,0x0841,0x0020,0x1082,0x2965,0x0020,0x18C3,0x1082,0x0020,0x0841,0x1082,0x0020,0x0841,0x0020,
0x0841,0x0861,0x10A2,0x18C3,0x18E3,0x18C3,0x18C3,0x3186,0x2124,0x18C3,0x18E3,0x2124,0x18E3,0x1082,0x2945,0x2104,
0x10A2,0x10A2,0x2124,0x18E3,0x1082,0x2945,0x2104,0x18C3,0x1082,0x18C3,0x1082,0x18C3,0x18E3,0x0861,0x10A2,0x2104,
0x18C3,0x18C3,0x10A2,0x18C3,0x18C3,0x18C3,0x18C3,0x18C3,0x18C3,0x18E3,0x18E3,0x0861,0x10A2,0x18E3,0x18C3,0x10A2,
0x18C3,0x18C3,0x0841,0x10A2,0x18E3,0x10A2,0x10A2,0x1082,0x18C3,0x0861,0x0841,0x0861,0x10A2,0x1082,0x0861,0x2124,
0x4208,0x39C7,0x2124,0x4228,0x31A6,0x0841,0x2104,0x0841,0x18E3,0x2965,0x3186,0x2945,0x2104,0x18C3,0x4A69,0x2104,
0x18C3,0x18C3,0x2104,0x1082,0x2124,0x18C3,0x10A2,0x18E3,0x18C3,0x0861,0x0841,0x0020,0x0841,0x1082,0x0841,0x0020,
0x4208,0x4208,0x4208,0x4228,0x3186,0x4208,0x4A49,0x4228,0x4208,0x2104,0x3186,0x2945,0x2124,0x2124,0x18E3,0x2124,
0x2124,0x2124,0x2124,0x2104,0x31A6,0x2104,0x2124,0x2124,0x31A6,0x2104,0x31A6,0x2124,0x2124,0x4A49,0x39E7,0x5ACB,
0x2124,0x3186,0x2104,0x18E3,0x18E3,0x2945,0x18C3,0x1082,0x0841,0x0020,0x1082,0x10A2,0x0861,0x0861,0x18E3,0x18C3,
0x18C3,0x18E3,0x1082,0x0861,0x1082,0x39C7,0x4208,0x18E3,0x10A2,0x2124,0x18E3,0x18C3,0x3186,0x2124,0x18E3,0x2124,
0x6B4D,0x3186,0x18C3,0x18C3,0x18C3,0x10A2,0x0861,0x18C3,0x1082,0x2104,0x10A2,0x0861,0x1082,0x10A2,0x2965,0x10A2,
0x1082,0x2124,0x0861,0x18C3,0x1082,0x18C3,0x10A2,0x18C3,0x18C3,0x18C3,0x10A2,0x0861,0x0861,0x1082,0x18C3,0x18C3,
0x1082,0x18C3,0x18E3,0x18C3,0x0861,0x18E3,0x1082,0x10A2,0x18C3,0x10A2,0x18E3,0x18C3,0x10A2,0x4228,0x4208,0x4208,
0x4208,0x4228,0x2965,0x2124,0x31A6,0x4228,0x2124,0x18C3,0x2124,0x2124,0x2104,0x3186,0x2124,0x18C3,0x18C3,0x2945,
0x18C3,0x2124,0x31A6,0x18E3,0x18C3,0x2124,0x2104,0x18E3,0x10A2,0x2945,0x2124,0x3186,0x3186,0x18E3,0x10A2,0x18C3,
0x18C3,0x10A2,0x2945,0x2104,0x3186,0x2124,0x2104,0x18C3,0x18E3,0x0861,0x0861,0x18E3,0x18E3,0x10A2,0x0861,0x1082,
0x1082,0x1082,0x18E3,0x1082,0x2945,0x18E3,0x0841,0x0841,0x0020,0x1082,0x10A2,0x2124,0x2945,0x1082,0x0841,0x0020,
0x1082,0x10A2,0x18E3,0x0841,0x0861,0x1082,0x0861,0x1082,0x0861,0x18E3,0x10A2,0x10A2,0x18C3,0x18E3,0x2104,0x31A6,
0x31A6,0x31A6,0x3186,0x31A6,0x2104,0x2945,0x18C3,0x10A2,0x2945,0x1082,0x2945,0x0841,0x10A2,0x2945,0x0861,0x1082,
0x1082,0x0861,0x0020,0x0841,0x0841,0x0020,0x0861,0x0020,0x1082,0x18E3,0x0000,0x0861,0x1082,0x0841,0x0020,0x1082,
0x0861,0x0000,0x18E3,0x2945,0x10A2,0x18C3,0x2104,0x18C3,0x18E3,0x2104,0x18C3,0x18E3,0x18C3,0x1082,0x18C3,0x18C3,
0x18C3,0x18C3,0x2945,0x2124,0x10A2,0x18C3,0x0861,0x18E3,0x31A6,0x0841,0x2945,0x18C3,0x2104,0x18C3,0x0841,0x2124,
0x4228,0x2945,0x0861,0x18C3,0x18E3,0x18C3,0x10A2,0x18C3,0x2124,0x10A2,0x1082,0x1082,0x10A2,0x1082,0x18C3,0x31A6,
0x2104,0x2945,0x0861,0x0020,0x10A2,0x0861,0x0841,0x10A2,0x1082,0x10A2,0x0861,0x1082,0x1082,0x2124,0x3186,0x3186,
0x2104,0x2124,0x2124,0x4228,0x2124,0x0841,0x0861,0x10A2,0x18C3,0x18E3,0x1082,0x18C3,0x18C3,0x18C3,0x2104,0x31A6,
0x2104,0x18E3,0x0841,0x18E3,0x18E3,0x0841,0x1082,0x18C3,0x31A6,0x18C3,0x0020,0x1082,0x0841,0x10A2,0x0841,0x0841,
0x4228,0x52AA,0x5ACB,0x4208,0x4208,0x4228,0x39C7,0x39E7,0x4228,0x31A6,0x3186,0x18E3,0x2965,0x2104,0x4A69,0x2104,
0x2104,0x3186,0x2124,0x2124,0x2104,0x2965,0x2104,0x2124,0x2124,0x3186,0x31A6,0x2104,0x2124,0x18E3,0x4228,0x4228,
0x3186,0x31A6,0x2124,0x18C3,0x0841,0x0861,0x0020,0x0841,0x1082,0x10A2,0x0861,0x0861,0x10A2,0x1082,0x0000,0x2124,
0x18C3,0x10A2,0x1082,0x10A2,0x0861,0x0841,0x2945,0x4A69,0x2124,0x18E3,0x2124,0x18E3,0x2124,0x18C3,0x18C3,0x2104,
0x3186,0x4228,0x18E3,0x10A2,0x10A2,0x18C3,0x18E3,0x0861,0x18C3,0x1082,0x18E3,0x18E3,0x10A2,0x10A2,0x1082,0x18E3,
0x1082,0x0000,0x18C3,0x18E3,0x1082,0x18C3,0x2104,0x18C3,0x0861,0x1082,0x1082,0x2104,0x18C3,0x18E3,0x1082,0x18C3,
0x18C3,0x18C3,0x0861,0x2104,0x18E3,0x10A2,0x2945,0x2965,0x18E3,0x10A2,0x18E3,0x10A2,0x18E3,0x31A6,0x4A49,0x4208,
0x52AA,0x4208,0x39C7,0x31A6,0x2965,0x2124,0x3186,0x2945,0x2124,0x2945,0x2945,0x3186,0x2945,0x10A2,0x0841,0x1082,
0x18C3,0x18C3,0x1082,0x0861,0x10A2,0x2104,0x18C3,0x18C3,0x18E3,0x0861,0x18C3,0x39C7,0x2124,0x10A2,0x2945,0x2104,
0x18C3,0x18E3,0x1082,0x18E3,0x2124,0x18C3,0x2945,0x10A2,0x1082,0x2124,0x0861,0x0861,0x0861,0x18E3,0x0841,0x10A2,
0x1082,0x10A2,0x18C3,0x10A2,0x10A2,0x18C3,0x10A2,0x18C3,0x1082,0x1082,0x0841,0x0861,0x18C3,0x1082,0x0861,0x0861,
0x1082,0x1082,0x1082,0x10A2,0x18C3,0x1082,0x1082,0x18C3,0x18C3,0x0861,0x10A2,0x2104,0x18E3,0x2104,0x18E3,0x2945,
0x2124,0x2945,0x52AA,0x738E,0x18E3,0x18E3,0x2124,0x18E3,0x10A2,0x2104,0x10A2,0x18C3,0x1082,0x18E3,0x1082,0x0861,
0x1082,0x0020,0x1082,0x0841,0x0020,0x0841,0x0020,0x0841,0x0861,0x2945,0x0841,0x0841,0x0020,0x0861,0x0020,0x10A2,
0x1082,0x0000,0x10A2,0x18E3,0x10A2,0x2124,0x4A69,0x3186,0x10A2,0x2945,0x2104,0x18C3,0x18E3,0x18C3,0x18C3,0x18C3,
0x18C3,0x18E3,0x1082,0x10A2,0x18C3,0x10A2,0x1082,0x18C3,0x18C3,0x18E3,0x2104,0x4208,0x2945,0x18E3,0x2104,0x2945,
0x3186,0x1082,0x2104,0x18C3,0x10A2,0x2104,0x18E3,0x18C3,0x18E3,0x10A2,0x1082,0x18C3,0x0861,0x18E3,0x10A2,0x10A2,
0x2124,0x2104,0x2945,0x18C3,0x1082,0x10A2,0x1082,0x0861,0x0861,0x18C3,0x0861,0x2965,0x31A6,0x3186,0x18E3,0x2945,
0x39C7,0x2124,0x2104,0x3186,0x2104,0x2104,0x10A2,0x0861,0x0861,0x0861,0x10A2,0x1082,0x1082,0x2104,0x1082,0x2104,
0x2965,0x0841,0x10A2,0x0861,0x0841,0x2104,0x18E3,0x0861,0x18C3,0x10A2,0x10A2,0x0861,0x0000,0x0841,0x0000,0x0841,
0x39C7,0x6B4D,0x528A,0x5ACB,0x52AA,0x52AA,0x52AA,0x4A49,0x39E7,0x3186,0x3186,0x2124,0x2124,0x2945,0x2104,0x2104,
0x31A6,0x39C7,0x31A6,0x2124,0x2945,0x2104,0x2124,0x2945,0x2124,0x2104,0x3186,0x39C7,0x2124,0x3186,0x4A69,0x39E7,
0x39C7,0x2124,0x1082,0x0861,0x0841,0x0841,0x0841,0x0841,0x0861,0x18C3,0x10A2,0x0020,0x1082,0x0861,0x1082,0x0861,
0x0861,0x0861,0x0020,0x0841,0x18C3,0x0861,0x1082,0x2104,0x39C7,0x18C3,0x2104,0x18C3,0x18C3,0x2124,0x18E3,0x10A2,
0x10A2,0x18E3,0x18C3,0x10A2,0x18C3,0x18C3,0x10A2,0x18C3,0x18E3,0x0841,0x18C3,0x2104,0x10A2,0x18C3,0x1082,0x3186,
0x5ACB,0x18E3,0x2945,0x1082,0x18C3,0x10A2,0x0841,0x1082,0x10A2,0x2104,0x1082,0x1082,0x18E3,0x39C7,0x3186,0x2124,
0x2104,0x1082,0x18C3,0x18E3,0x18C3,0x10A2,0x18C3,0x10A2,0x18C3,0x10A2,0x2945,0x18C3,0x18E3,0x18C3,0x528A,0x5ACB,
0x52AA,0x4208,0x4228,0x31A6,0x2124,0x18E3,0x39C7,0x18E3,0x18C3,0x3186,0x31A6,0x0861,0x31A6,0x18E3,0x10A2,0x2104,
0x18E3,0x2124,0x10A2,0x1082,0x10A2,0x10A2,0x0861,0x1082,0x10A2,0x18E3,0x2124,0x2104,0x3186,0x39C7,0x18E3,0x2124,
0x2124,0x2124,0x2124,0x2945,0x2124,0x2104,0x3186,0x2945,0x2124,0x3186,0x18E3,0x1082,0x2945,0x2104,0x1082,0x0020,
0x18E3,0x18C3,0x18C3,0x2104,0x2124,0x2104,0x10A2,0x0861,0x10A2,0x0861,0x18C3,0x2104,0x10A2,0x0861,0x0861,0x10A2,
0x18E3,0x0841,0x0861,0x1082,0x1082,0x1082,0x0020,0x18E3,0x2945,0x0861,0x1082,0x0861,0x18C3,0x2124,0x18C3,0x10A2,
0x39E7,0x4A69,0x4208,0x4208,0x2104,0x2124,0x10A2,0x10A2,0x18E3,0x18C3,0x2965,0x18C3,0x1082,0x0000,0x18C3,0x1082,
0x0861,0x0841,0x0841,0x1082,0x0841,0x0000,0x0020,0x0841,0x0020,0x0841,0x0020,0x0020,0x0861,0x1082,0x1082,0x10A2,
0x0841,0x0841,0x0861,0x10A2,0x2104,0x18E3,0x31A6,0x2104,0x18E3,0x2104,0x2124,0x2945,0x18E3,0x10A2,0x10A2,0x0861,
0x10A2,0x18C3,0x1082,0x0861,0x1082,0x0861,0x1082,0x18C3,0x18C3,0x18E3,0x3186,0x738E,0x3186,0x10A2,0x2104,0x1082,
0x2965,0x1082,0x1082,0x0861,0x18E3,0x1082,0x18C3,0x2104,0x10A2,0x10A2,0x10A2,0x2104,0x10A2,0x18E3,0x1082,0x18C3,
0x18C3,0x10A2,0x18E3,0x2104,0x2945,0x2104,0x2104,0x2124,0x18E3,0x2945,0x31A6,0x2965,0x18E3,0x2945,0x18E3,0x2124,
0x2124,0x2104,0x31A6,0x3186,0x18C3,0x18E3,0x10A2,0x1082,0x1082,0x1082,0x10A2,0x18C3,0x18E3,0x1082,0x18E3,0x2124,
0x10A2,0x2104,0x0861,0x0861,0x2124,0x18E3,0x10A2,0x10A2,0x1082,0x1082,0x18C3,0x0861,0x1082,0x2104,0x0841,0x10A2,
0x5ACB,0x52AA,0x52AA,0x39E7,0x4208,0x4208,0x4228,0x39E7,0x4208,0x31A6,0x31A6,0x31A6,0x2104,0x3186,0x31A6,0x2124,
0x2104,0x2104,0x2104,0x2104,0x2124,0x2104,0x2124,0x3186,0x2104,0x39E7,0x3186,0x4208,0x39C7,0x2965,0x3186,0x4208,
0x4228,0x2124,0x1082,0x0861,0x1082,0x1082,0x1082,0x0020,0x18E3,0x0861,0x1082,0x18C3,0x0020,0x1082,0x0841,0x0020,
0x0000,0x0861,0x0020,0x0000,0x10A2,0x2104,0x2945,0x2124,0x31A6,0x3186,0x2945,0x2104,0x1082,0x18E3,0x2124,0x4228,
0x2945,0x18C3,0x18C3,0x2945,0x2945,0x0841,0x18E3,0x10A2,0x18C3,0x10A2,0x10A2,0x18E3,0x10A2,0x1082,0x18C3,0x2124,
0x31A6,0x18C3,0x10A2,0x18C3,0x10A2,0x1082,0x18E3,0x10A2,0x10A2,0x18C3,0x1082,0x0861,0x18C3,0x18C3,0x10A2,0x18C3,
0x2945,0x10A2,0x18E3,0x18C3,0x1082,0x18C3,0x18C3,0x18C3,0x1082,0x10A2,0x2104,0x10A2,0x18C3,0x1082,0x4228,0x632C,
0x528A,0x31A6,0x39C7,0x3186,0x2965,0x2104,0x31A6,0x2945,0x2124,0x3186,0x2124,0x1082,0x10A2,0x2124,0x18E3,0x2104,
0x10A2,0x2965,0x2124,0x18C3,0x1082,0x1082,0x18C3,0x10A2,0x10A2,0x18C3,0x18E3,0x2124,0x4228,0x18E3,0x2965,0x10A2,
0x39E7,0x2124,0x10A2,0x18E3,0x2104,0x2124,0x2945,0x2104,0x3186,0x2124,0x1082,0x2104,0x2104,0x2124,0x2104,0x0020,
0x0841,0x10A2,0x10A2,0x10A2,0x4228,0x39C7,0x18E3,0x18E3,0x10A2,0x0861,0x10A2,0x18E3,0x2124,0x2124,0x1082,0x10A2,
0x18E3,0x18E3,0x0841,0x1082,0x0861,0x0861,0x10A2,0x10A2,0x0861,0x10A2,0x18C3,0x0861,0x18C3,0x18E3,0x18C3,0x2104,
0x52AA,0x4228,0x3186,0x31A6,0x31A6,0x2124,0x18C3,0x18C3,0x0861,0x0861,0x10A2,0x2124,0x2104,0x18E3,0x0841,0x1082,
0x1082,0x10A2,0x0020,0x0861,0x0020,0x0020,0x0861,0x0020,0x0861,0x0020,0x0000,0x10A2,0x0000,0x10A2,0x0841,0x0000,
0x0020,0x0861,0x0020,0x0841,0x18E3,0x1082,0x18C3,0x2124,0x2124,0x2124,0x2124,0x2945,0x18E3,0x18E3,0x2124,0x2945,
0x2124,0x18C3,0x2945,0x18C3,0x0861,0x1082,0x18C3,0x10A2,0x0861,0x10A2,0x2945,0x10A2,0x18C3,0x5ACB,0x4228,0x2104,
0x10A2,0x0861,0x1082,0x18E3,0x18C3,0x18C3,0x18E3,0x10A2,0x0861,0x18E3,0x18E3,0x18C3,0x2945,0x18C3,0x0861,0x18C3,
0x2124,0x2124,0x10A2,0x2124,0x31A6,0x2124,0x31A6,0x2124,0x2124,0x2104,0x31A6,0x2965,0x2124,0x18C3,0x10A2,0x0861,
0x18C3,0x3186,0x4A49,0x2965,0x0861,0x0861,0x1082,0x18E3,0x18C3,0x10A2,0x18C3,0x2124,0x31A6,0x18C3,0x2124,0x1082,
0x1082,0x0020,0x18C3,0x2124,0x0861,0x1082,0x10A2,0x1082,0x0861,0x1082,0x18C3,0x0841,0x0861,0x1082,0x0000,0x0020,
0x6B4D,0x52AA,0x4A49,0x4228,0x39E7,0x4A49,0x31A6,0x4228,0x4228,0x39E7,0x4208,0x4208,0x31A6,0x31A6,0x18C3,0x2965,
0x2945,0x2124,0x2945,0x2124,0x2124,0x2945,0x2104,0x2124,0x31A6,0x2965,0x31A6,0x2965,0x4208,0x4A69,0x3186,0x4228,
0x4228,0x3186,0x2124,0x18E3,0x18C3,0x10A2,0x10A2,0x0861,0x2104,0x2124,0x0861,0x0861,0x18C3,0x0000,0x10A2,0x0020,
0x0841,0x0841,0x0020,0x0861,0x0861,0x18C3,0x31A6,0x4208,0x2104,0x31A6,0x2124,0x18E3,0x2945,0x18C3,0x10A2,0x4228,
0x2124,0x18C3,0x18C3,0x18E3,0x10A2,0x10A2,0x18E3,0x0861,0x1082,0x10A2,0x0861,0x10A2,0x18C3,0x1082,0x18E3,0x0861,
0x0861,0x10A2,0x10A2,0x0861,0x1082,0x18E3,0x0861,0x1082,0x0861,0x1082,0x1082,0x1082,0x18C3,0x10A2,0x1082,0x18E3,
0x18C3,0x1082,0x0841,0x18E3,0x10A2,0x1082,0x18E3,0x18C3,0x1082,0x18E3,0x2104,0x18E3,0x10A2,0x10A2,0x2945,0x6B4D,
0x6B4D,0x4228,0x4A49,0x31A6,0x2124,0x2124,0x2945,0x2124,0x18E3,0x2124,0x1082,0x1082,0x18E3,0x2965,0x18E3,0x2945,
0x18C3,0x2104,0x18E3,0x1082,0x1082,0x0861,0x2945,0x10A2,0x0861,0x18E3,0x1082,0x39E7,0x18E3,0x2104,0x2124,0x18C3,
0x18C3,0x2945,0x10A2,0x4A49,0x3186,0x2124,0x2945,0x2124,0x2104,0x18C3,0x18C3,0x2965,0x2104,0x2124,0x2124,0x0000,
0x18C3,0x0861,0x2104,0x2104,0x2124,0x2945,0x39C7,0x18E3,0x18C3,0x2104,0x0861,0x0000,0x10A2,0x2124,0x0861,0x10A2,
0x18C3,0x10A2,0x18C3,0x10A2,0x10A2,0x18E3,0x0861,0x10A2,0x1082,0x0861,0x0020,0x0841,0x18E3,0x10A2,0x18C3,0x18E3,
0x18C3,0x2124,0x2945,0x2945,0x3186,0x31A6,0x39C7,0x2124,0x18C3,0x2124,0x2124,0x4228,0x10A2,0x18C3,0x18C3,0x1082,
0x10A2,0x10A2,0x1082,0x0020,0x0000,0x1082,0x0841,0x1082,0x0020,0x0841,0x1082,0x0000,0x0020,0x0861,0x1082,0x0841,
0x0841,0x0020,0x0020,0x1082,0x0861,0x10A2,0x10A2,0x2104,0x2124,0x4208,0x3186,0x2104,0x2124,0x2124,0x10A2,0x2104,
0x2104,0x18C3,0x2124,0x18C3,0x1082,0x18E3,0x2104,0x10A2,0x18E3,0x1082,0x0861,0x2945,0x3186,0x39E7,0x4228,0x10A2,
0x2945,0x18E3,0x18E3,0x18C3,0x18E3,0x18E3,0x0861,0x2124,0x18C3,0x2945,0x18C3,0x0020,0x18E3,0x18C3,0x1082,0x1082,
0x2124,0x2124,0x18C3,0x18C3,0x1082,0x10A2,0x2965,0x0841,0x2104,0x31A6,0x18E3,0x18C3,0x18C3,0x18C3,0x2124,0x2945,
0x18E3,0x31A6,0x3186,0x18C3,0x1082,0x0861,0x0861,0x0861,0x10A2,0x18C3,0x2945,0x10A2,0x18C3,0x18C3,0x18C3,0x1082,
0x0841,0x10A2,0x18C3,0x1082,0x1082,0x0861,0x1082,0x10A2,0x0861,0x0861,0x0861,0x1082,0x1082,0x10A2,0x10A2,0x0861,
0x528A,0x4208,0x4208,0x39E7,0x5AEB,0x4228,0x39C7,0x4228,0x39E7,0x6B4D,0x8430,0x6B4D,0x2965,0x39C7,0x2945,0x18E3,
0x3186,0x2104,0x2104,0x2104,0x2124,0x2945,0x2124,0x31A6,0x3186,0x31A6,0x39C7,0x4228,0x3186,0x39E7,0x4228,0x3186,
0x39E7,0x39C7,0x3186,0x2945,0x18E3,0x18E3,0x18C3,0x18C3,0x18C3,0x2945,0x10A2,0x0861,0x0861,0x10A2,0x0020,0x0841,
0x0841,0x0020,0x0020,0x10A2,0x0861,0x2104,0x2945,0x2104,0x2104,0x2104,0x3186,0x2945,0x18E3,0x18C3,0x2945,0x0841,
0x18E3,0x10A2,0x18C3,0x18E3,0x10A2,0x2945,0x1082,0x18E3,0x18C3,0x0861,0x1082,0x10A2,0x18E3,0x10A2,0x18C3,0x10A2,
0x2104,0x0020,0x10A2,0x18E3,0x1082,0x18E3,0x2124,0x1082,0x10A2,0x18E3,0x0861,0x0861,0x0841,0x10A2,0x0861,0x1082,
0x1082,0x10A2,0x18C3,0x2104,0x18C3,0x18C3,0x18C3,0x1082,0x10A2,0x18C3,0x18C3,0x18C3,0x10A2,0x2104,0x1082,0x4A49,
0x6B4D,0x4208,0x4228,0x3186,0x2104,0x39C7,0x31A6,0x2104,0x2124,0x18E3,0x2965,0x18C3,0x18C3,0x18C3,0x31A6,0x10A2,
0x18E3,0x18C3,0x18C3,0x10A2,0x18E3,0x0861,0x2945,0x18C3,0x10A2,0x18E3,0x2945,0x10A2,0x18C3,0x18E3,0x1082,0x18E3,
0x2965,0x2124,0x2124,0x2965,0x39C7,0x10A2,0x2124,0x2124,0x31A6,0x18E3,0x10A2,0x18C3,0x2945,0x18C3,0x2945,0x18E3,
0x18C3,0x18C3,0x10A2,0x18C3,0x2104,0x18E3,0x2124,0x31A6,0x2124,0x18C3,0x0861,0x0861,0x0020,0x1082,0x0861,0x1082,
0x1082,0x18E3,0x0861,0x18C3,0x18C3,0x0861,0x1082,0x0861,0x10A2,0x1082,0x0861,0x1082,0x0841,0x0861,0x2945,0x18E3,
0x10A2,0x2124,0x1082,0x18C3,0x2945,0x2124,0x18E3,0x2124,0x18C3,0x18C3,0x2104,0x0861,0x18C3,0x18C3,0x18C3,0x10A2,
0x1082,0x0861,0x0861,0x18E3,0x1082,0x0841,0x0000,0x18C3,0x1082,0x2104,0x0861,0x0861,0x1082,0x1082,0x0000,0x0841,
0x0020,0x0841,0x0861,0x10A2,0x1082,0x18C3,0x0841,0x0841,0x1082,0x2945,0x2124,0x2124,0x2124,0x2945,0x10A2,0x18E3,
0x10A2,0x2945,0x18C3,0x1082,0x10A2,0x1082,0x18E3,0x10A2,0x0861,0x0861,0x0861,0x1082,0x18C3,0x18E3,0x0841,0x2124,
0x2965,0x2124,0x1082,0x2124,0x18C3,0x2945,0x2104,0x18E3,0x2104,0x18E3,0x18C3,0x18E3,0x10A2,0x18C3,0x18E3,0x1082,
0x18C3,0x2104,0x2124,0x18C3,0x0861,0x18C3,0x18E3,0x18C3,0x2945,0x3186,0x4A69,0x10A2,0x2124,0x18C3,0x18E3,0x10A2,
0x2945,0x31A6,0x10A2,0x0861,0x1082,0x0861,0x1082,0x10A2,0x0020,0x2104,0x2124,0x2945,0x10A2,0x18C3,0x1082,0x0841,
0x0861,0x0841,0x2104,0x0020,0x1082,0x0020,0x1082,0x0861,0x10A2,0x0861,0x0020,0x1082,0x0861,0x0861,0x1082,0x0000,
0x6B6D,0x528A,0x52AA,0x4A69,0x52AA,0x5ACB,0x39E7,0x5ACB,0x4228,0x52AA,0x8430,0x528A,0x31A6,0x3186,0x18E3,0x39E7,
0x4228,0x31A6,0x2124,0x31A6,0x2104,0x2965,0x18E3,0x39C7,0x2104,0x2965,0x2965,0x31A6,0x4228,0x5ACB,0x39E7,0x31A6,
0x4228,0x4208,0x3186,0x3186,0x2124,0x2124,0x18C3,0x18C3,0x18C3,0x1082,0x1082,0x18C3,0x18E3,0x0841,0x0861,0x1082,
0x0020,0x0861,0x1082,0x1082,0x0861,0x2124,0x31A6,0x2104,0x10A2,0x39E7,0x4228,0x18E3,0x1082,0x18C3,0x18E3,0x18E3,
0x18C3,0x18E3,0x0861,0x2104,0x18C3,0x1082,0x18C3,0x10A2,0x2124,0x1082,0x10A2,0x18C3,0x10A2,0x10A2,0x1082,0x18C3,
0x1082,0x18E3,0x0841,0x2945,0x2124,0x0020,0x2124,0x10A2,0x0861,0x1082,0x0861,0x2104,0x10A2,0x1082,0x0861,0x18E3,
0x1082,0x0861,0x18E3,0x0841,0x0861,0x18C3,0x10A2,0x1082,0x2945,0x18C3,0x10A2,0x18C3,0x2945,0x31A6,0x18C3,0x3186,
0x6B6D,0x39E7,0x31A6,0x31A6,0x3186,0x3186,0x2104,0x18E3,0x18C3,0x2945,0x2124,0x18C3,0x1082,0x18C3,0x31A6,0x2124,
0x1082,0x18C3,0x18E3,0x18C3,0x2124,0x18C3,0x2124,0x2104,0x2124,0x2124,0x2104,0x3186,0x2965,0x18C3,0x2104,0x2104,
0x10A2,0x2104,0x2124,0x31A6,0x2124,0x2965,0x2104,0x4228,0x2124,0x18C3,0x0861,0x2104,0x2945,0x2945,0x2104,0x2124,
0x2124,0x2124,0x18C3,0x18E3,0x18E3,0x10A2,0x18E3,0x2124,0x2945,0x1082,0x0020,0x18E3,0x1082,0x10A2,0x10A2,0x0861,
0x18C3,0x18C3,0x18C3,0x1082,0x1082,0x0861,0x0861,0x1082,0x0861,0x1082,0x1082,0x18C3,0x10A2,0x2124,0x2965,0x10A2,
0x0861,0x18E3,0x18C3,0x18C3,0x18C3,0x2945,0x31A6,0x2124,0x18C3,0x10A2,0x2965,0x18C3,0x1082,0x1082,0x0861,0x0861,
0x0861,0x1082,0x0020,0x2124,0x18E3,0x0020,0x0000,0x1082,0x0861,0x1082,0x0020,0x0841,0x2104,0x0861,0x0841,0x0861,
0x0020,0x1082,0x0841,0x0861,0x1082,0x10A2,0x0861,0x18C3,0x2104,0x18E3,0x2104,0x2945,0x10A2,0x2104,0x18C3,0x18E3,
0x18E3,0x31A6,0x2104,0x18E3,0x18C3,0x1082,0x10A2,0x10A2,0x1082,0x1082,0x0861,0x1082,0x1082,0x18C3,0x10A2,0x2124,
0x39C7,0x18E3,0x2965,0x10A2,0x2945,0x2945,0x7BEF,0x2104,0x18C3,0x0861,0x18E3,0x31A6,0x2124,0x18E3,0x2104,0x10A2,
0x10A2,0x2945,0x2104,0x18C3,0x18E3,0x18E3,0x1082,0x2945,0x2124,0x1082,0x2945,0x2945,0x10A2,0x2965,0x0841,0x18C3,
0x18E3,0x2945,0x18E3,0x31A6,0x2945,0x10A2,0x1082,0x0861,0x18E3,0x2965,0x0861,0x2124,0x2104,0x10A2,0x18E3,0x10A2,
0x10A2,0x18E3,0x18C3,0x2945,0x2945,0x0000,0x2945,0x1082,0x0020,0x1082,0x0861,0x10A2,0x0861,0x1082,0x10A2,0x10A2,
0x52AA,0x4208,0x4228,0x4208,0x4208,0x39E7,0x4A49,0x4208,0x4208,0x4208,0x3186,0x4228,0x3186,0x31A6,0x2124,0x2104,
0x3186,0x2124,0x3186,0x2124,0x2945,0x2945,0x2104,0x2104,0x31A6,0x2965,0x39E7,0x2965,0x52AA,0x528A,0x4208,0x31A6,
0x4208,0x4208,0x3186,0x31A6,0x2945,0x2945,0x18E3,0x2945,0x18E3,0x10A2,0x2104,0x18C3,0x10A2,0x2104,0x0861,0x18C3,
0x10A2,0x0861,0x1082,0x18C3,0x18C3,0x18C3,0x3186,0x31A6,0x2124,0x2104,0x2124,0x2945,0x18C3,0x39C7,0x2124,0x10A2,
0x18C3,0x18C3,0x2124,0x18C3,0x18C3,0x2124,0x39C7,0x1082,0x1082,0x0861,0x0861,0x18C3,0x1082,0x0861,0x1082,0x18C3,
0x0861,0x10A2,0x1082,0x1082,0x18C3,0x2945,0x10A2,0x1082,0x1082,0x1082,0x1082,0x0861,0x1082,0x18C3,0x18C3,0x0861,
0x18C3,0x10A2,0x18C3,0x10A2,0x2104,0x0861,0x18C3,0x1082,0x1082,0x0861,0x18E3,0x18C3,0x10A2,0x18C3,0x18C3,0x31A6,
0x528A,0x4228,0x3186,0x2124,0x31A6,0x2945,0x18C3,0x2124,0x31A6,0x2124,0x2104,0x2124,0x2945,0x1082,0x31A6,0x2124,
0x1082,0x2104,0x10A2,0x0841,0x18E3,0x18C3,0x18C3,0x18C3,0x2104,0x31A6,0x4208,0x528A,0x528A,0x4208,0x4A49,0x4208,
0x2124,0x2965,0x2104,0x18E3,0x2945,0x18C3,0x2124,0x3186,0x2124,0x2104,0x2945,0x18E3,0x2124,0x2104,0x2945,0x2104,
0x18C3,0x2124,0x2945,0x10A2,0x18C3,0x18E3,0x3186,0x18C3,0x2104,0x39C7,0x18E3,0x1082,0x0861,0x1082,0x0841,0x1082,
0x18C3,0x2124,0x18E3,0x10A2,0x18C3,0x1082,0x18E3,0x10A2,0x1082,0x10A2,0x1082,0x10A2,0x1082,0x10A2,0x0861,0x1082,
0x10A2,0x1082,0x18C3,0x1082,0x1082,0x10A2,0x31A6,0x18C3,0x18C3,0x18E3,0x0861,0x18C3,0x18C3,0x1082,0x1082,0x1082,
0x1082,0x18C3,0x0861,0x0841,0x0020,0x18C3,0x0020,0x0020,0x1082,0x0861,0x0020,0x0861,0x0020,0x0020,0x10A2,0x0020,
0x0841,0x0020,0x0020,0x10A2,0x0841,0x0000,0x18C3,0x18C3,0x0861,0x18C3,0x2104,0x2124,0x18C3,0x2945,0x10A2,0x0861,
0x18C3,0x18C3,0x10A2,0x18E3,0x18C3,0x2124,0x2104,0x18E3,0x0861,0x1082,0x1082,0x0841,0x1082,0x1082,0x0841,0x18E3,
0x10A2,0x18E3,0x18C3,0x2124,0x2945,0x18E3,0x3186,0x2124,0x2124,0x1082,0x1082,0x0861,0x18C3,0x18C3,0x3186,0x2945,
0x2124,0x31A6,0x2104,0x2124,0x2124,0x3186,0x2124,0x2124,0x18C3,0x2124,0x18C3,0x1082,0x1082,0x1082,0x18C3,0x2124,
0x39C7,0x2104,0x0861,0x2124,0x18C3,0x0861,0x1082,0x1082,0x10A2,0x2124,0x2945,0x18E3,0x18C3,0x0861,0x18C3,0x2124,
0x0861,0x1082,0x0861,0x18E3,0x18E3,0x0841,0x0861,0x0861,0x0861,0x10A2,0x0861,0x1082,0x1082,0x18E3,0x0861,0x1082,
0x6B4D,0x52AA,0x39E7,0x4208,0x4228,0x4228,0x39E7,0x4208,0x39E7,0x4208,0x31A6,0x31A6,0x3186,0x2104,0x2124,0x2124,
0x3186,0x31A6,0x2104,0x2124,0x3186,0x2124,0x31A6,0x2124,0x2124,0x2965,0x39C7,0x4208,0x52AA,0x39E7,0x2965,0x4A49,
0x4208,0x52AA,0x2965,0x2965,0x4A49,0x2124,0x2104,0x2124,0x18C3,0x18E3,0x2124,0x10A2,0x18E3,0x10A2,0x0861,0x18E3,
0x18E3,0x1082,0x0861,0x18E3,0x2124,0x18C3,0x3186,0x2104,0x18C3,0x2945,0x10A2,0x10A2,0x18E3,0x2124,0x18C3,0x1082,
0x18E3,0x10A2,0x2124,0x18E3,0x18C3,0x18C3,0x1082,0x18E3,0x1082,0x18C3,0x0861,0x18C3,0x1082,0x1082,0x0841,0x1082,
0x0861,0x18E3,0x0861,0x1082,0x18E3,0x1082,0x10A2,0x10A2,0x18E3,0x0841,0x18C3,0x1082,0x18C3,0x10A2,0x1082,0x1082,
0x1082,0x10A2,0x18C3,0x18E3,0x0861,0x1082,0x2945,0x2124,0x18E3,0x2124,0x10A2,0x18C3,0x18C3,0x18E3,0x2124,0x39E7,
0x4228,0x2965,0x4208,0x31A6,0x2104,0x2945,0x2104,0x3186,0x31A6,0x2104,0x2124,0x31A6,0x2104,0x2945,0x2965,0x2104,
0x1082,0x18C3,0x18C3,0x18C3,0x18E3,0x18C3,0x2124,0x3186,0x39E7,0x5AEB,0x39E7,0x4A49,0x3186,0x2124,0x3186,0x3186,
0x4208,0x4A49,0x2104,0x18C3,0x18C3,0x2124,0x3186,0x2124,0x2124,0x18C3,0x2965,0x2104,0x18C3,0x2124,0x2945,0x18C3,
0x1082,0x0861,0x18E3,0x18C3,0x2945,0x1082,0x2945,0x18C3,0x0861,0x2965,0x2104,0x18E3,0x0861,0x10A2,0x1082,0x0861,
0x0861,0x1082,0x0861,0x18E3,0x18C3,0x0861,0x18E3,0x10A2,0x2104,0x18C3,0x18E3,0x2124,0x2124,0x18C3,0x2124,0x10A2,
0x0861,0x1082,0x1082,0x1082,0x10A2,0x0861,0x18E3,0x2124,0x2124,0x18E3,0x18C3,0x10A2,0x1082,0x10A2,0x18E3,0x1082,
0x18C3,0x10A2,0x18C3,0x2104,0x0020,0x10A2,0x0861,0x10A2,0x18C3,0x0020,0x0841,0x0020,0x0861,0x0020,0x0841,0x0020,
0x0841,0x18E3,0x0861,0x0841,0x0861,0x0020,0x18C3,0x18C3,0x0841,0x18C3,0x2124,0x2124,0x10A2,0x3186,0x31A6,0x1082,
0x1082,0x0861,0x18E3,0x0861,0x18C3,0x18E3,0x18E3,0x10A2,0x1082,0x0020,0x1082,0x18C3,0x10A2,0x1082,0x0861,0x10A2,
0x0861,0x0861,0x2104,0x2124,0x18E3,0x39C7,0x2104,0x2945,0x18C3,0x10A2,0x0861,0x1082,0x0861,0x18E3,0x2104,0x4208,
0x52AA,0x738E,0x528A,0x39E7,0x39C7,0x3186,0x10A2,0x18E3,0x1082,0x18E3,0x10A2,0x1082,0x18E3,0x0841,0x18E3,0x2124,
0x6B4D,0x3186,0x0861,0x0841,0x1082,0x10A2,0x0841,0x1082,0x2945,0x18E3,0x10A2,0x2945,0x2104,0x18C3,0x18E3,0x0861,
0x10A2,0x0861,0x0861,0x1082,0x0861,0x10A2,0x0861,0x1082,0x1082,0x1082,0x18C3,0x18C3,0x2104,0x18C3,0x0841,0x10A2,
0x52AA,0x52AA,0x5ACB,0x4208,0x52AA,0x528A,0x4228,0x4A49,0x5ACB,0x4208,0x3186,0x3186,0x2965,0x39E7,0x2124,0x2104,
0x2104,0x2945,0x18E3,0x31A6,0x2124,0x2965,0x2124,0x2945,0x39C7,0x39C7,0x39E7,0x4228,0x4228,0x4228,0x31A6,0x2965,
0x4228,0x6B4D,0x4A49,0x31A6,0x2945,0x31A6,0x2945,0x2104,0x0861,0x18C3,0x18C3,0x18C3,0x2104,0x2965,0x18C3,0x18C3,
0x18C3,0x10A2,0x2104,0x0861,0x18E3,0x2104,0x39C7,0x2945,0x10A2,0x2104,0x39C7,0x2945,0x18C3,0x10A2,0x18E3,0x2104,
0x2124,0x18C3,0x18C3,0x10A2,0x18C3,0x18E3,0x10A2,0x18C3,0x18C3,0x18E3,0x1082,0x18E3,0x0861,0x18C3,0x2104,0x2104,
0x10A2,0x0861,0x10A2,0x18E3,0x18C3,0x0861,0x0861,0x1082,0x0861,0x18E3,0x39C7,0x10A2,0x1082,0x2965,0x10A2,0x10A2,
0x18C3,0x1082,0x18E3,0x18C3,0x10A2,0x18E3,0x18C3,0x18C3,0x1082,0x18C3,0x10A2,0x10A2,0x18E3,0x18C3,0x18C3,0x4A69,
0x39E7,0x4228,0x52AA,0x2104,0x3186,0x2965,0x2124,0x2104,0x2965,0x39E7,0x2104,0x2104,0x2945,0x3186,0x39C7,0x2124,
0x18C3,0x18E3,0x18C3,0x18E3,0x2124,0x2104,0x4208,0x4228,0x4A49,0x39E7,0x4208,0x3186,0x18E3,0x2104,0x2945,0x2124,
0x3186,0x4208,0x4A69,0x3186,0x18E3,0x2104,0x2124,0x31A6,0x2104,0x18E3,0x1082,0x10A2,0x2124,0x18E3,0x3186,0x31A6,
0x18C3,0x18E3,0x1082,0x1082,0x10A2,0x18E3,0x18E3,0x10A2,0x1082,0x18E3,0x2124,0x2104,0x2945,0x18E3,0x0020,0x10A2,
0x18C3,0x2965,0x1082,0x1082,0x0020,0x1082,0x1082,0x18C3,0x2124,0x2124,0x18C3,0x31A6,0x2104,0x10A2,0x2124,0x2945,
0x2945,0x1082,0x10A2,0x1082,0x18C3,0x18E3,0x18C3,0x2124,0x2945,0x10A2,0x18C3,0x10A2,0x10A2,0x10A2,0x10A2,0x0861,
0x1082,0x0861,0x0841,0x1082,0x10A2,0x0861,0x0841,0x3186,0x4A49,0x0841,0x0020,0x0020,0x0020,0x0841,0x0020,0x0020,
0x0020,0x0841,0x0861,0x0841,0x0000,0x0861,0x0000,0x0861,0x1082,0x1082,0x1082,0x3186,0x18C3,0x2104,0x31A6,0x10A2,
0x1082,0x18E3,0x18C3,0x0861,0x1082,0x18E3,0x18C3,0x10A2,0x1082,0x1082,0x1082,0x2104,0x0020,0x10A2,0x2124,0x1082,
0x1082,0x2104,0x10A2,0x10A2,0x18C3,0x2945,0x2104,0x10A2,0x2124,0x18C3,0x18E3,0x2104,0x18C3,0x2945,0x2965,0x4228,
0x6B4D,0x7BEF,0x8C51,0x4228,0x18E3,0x2945,0x18E3,0x10A2,0x18C3,0x18C3,0x1082,0x2124,0x0841,0x18E3,0x18C3,0x10A2,
0x2104,0x18C3,0x1082,0x1082,0x1082,0x1082,0x10A2,0x18E3,0x10A2,0x18E3,0x2104,0x18C3,0x2124,0x1082,0x3186,0x0020,
0x0841,0x1082,0x2945,0x2124,0x0861,0x1082,0x18C3,0x10A2,0x0020,0x0861,0x10A2,0x2945,0x10A2,0x18C3,0x2104,0x0861,
0x4208,0x528A,0x6B6D,0x5ACB,0x39E7,0x4228,0x4208,0x39E7,0x4208,0x31A6,0x4208,0x4A69,0x2965,0x3186,0x2124,0x2124,
0x2124,0x2124,0x39C7,0x2124,0x2945,0x2945,0x3186,0x3186,0x31A6,0x2965,0x4228,0x3186,0x2965,0x3186,0x4228,0x3186,
0x4208,0x52AA,0x2965,0x4228,0x31A6,0x2965,0x3186,0x2945,0x10A2,0x2104,0x18C3,0x18E3,0x18C3,0x2945,0x18E3,0x10A2,
0x18C3,0x1082,0x2945,0x10A2,0x18C3,0x18C3,0x18E3,0x18E3,0x2945,0x10A2,0x2124,0x10A2,0x18C3,0x2124,0x10A2,0x2945,
0x18C3,0x18C3,0x18E3,0x18C3,0x18C3,0x10A2,0x18C3,0x2104,0x18C3,0x1082,0x1082,0x10A2,0x0861,0x18C3,0x1082,0x18C3,
0x18C3,0x1082,0x18C3,0x0861,0x0841,0x18C3,0x10A2,0x10A2,0x2104,0x2104,0x0861,0x0861,0x10A2,0x18E3,0x18C3,0x0841,
0x1082,0x1082,0x10A2,0x10A2,0x18E3,0x18C3,0x0861,0x18E3,0x18E3,0x0841,0x1082,0x18C3,0x10A2,0x18C3,0x10A2,0x3186,
0x39C7,0x39C7,0x52AA,0x39C7,0x2104,0x2104,0x31A6,0x39C7,0x4228,0x2124,0x2104,0x18C3,0x2104,0x31A6,0x18E3,0x2124,
0x2124,0x0861,0x10A2,0x10A2,0x18C3,0x4A49,0x4228,0x2104,0x2945,0x3186,0x3186,0x39E7,0x39C7,0x18E3,0x2104,0x2124,
0x2124,0x2124,0x2945,0x3186,0x31A6,0x18C3,0x2104,0x2945,0x2124,0x18E3,0x18C3,0x18E3,0x2124,0x18C3,0x2945,0x2104,
0x2124,0x3186,0x18C3,0x1082,0x1082,0x18E3,0x10A2,0x10A2,0x18E3,0x10A2,0x2124,0x2945,0x2104,0x18E3,0x18E3,0x2124,
0x2945,0x2965,0x2124,0x18C3,0x0861,0x0841,0x0861,0x18C3,0x2104,0x0861,0x0861,0x18E3,0x10A2,0x10A2,0x1082,0x18C3,
0x18E3,0x2104,0x31A6,0x2124,0x10A2,0x2104,0x2104,0x2945,0x2965,0x2945,0x2124,0x18E3,0x0841,0x2945,0x18C3,0x18C3,
0x10A2,0x0841,0x1082,0x0861,0x0861,0x0020,0x0020,0x10A2,0x0841,0x0841,0x1082,0x0861,0x0000,0x0020,0x10A2,0x0841,
0x0841,0x0020,0x0841,0x18C3,0x0861,0x0000,0x0841,0x0861,0x1082,0x0841,0x10A2,0x2104,0x2124,0x18E3,0x39E7,0x2104,
0x2104,0x18E3,0x2104,0x2104,0x0841,0x0861,0x10A2,0x0861,0x1082,0x1082,0x0020,0x0000,0x18C3,0x0841,0x10A2,0x18E3,
0x0861,0x18E3,0x1082,0x10A2,0x2104,0x18E3,0x2104,0x2945,0x2104,0x2124,0x1082,0x18E3,0x2104,0x2104,0x39C7,0x4208,
0x528A,0x8C71,0x738E,0x39E7,0x2945,0x10A2,0x10A2,0x18E3,0x18E3,0x0861,0x10A2,0x1082,0x2945,0x10A2,0x1082,0x2965,
0x0861,0x18C3,0x1082,0x10A2,0x0861,0x0020,0x0861,0x0861,0x18E3,0x2965,0x1082,0x3186,0x3186,0x2104,0x1082,0x0841,
0x1082,0x1082,0x18E3,0x1082,0x1082,0x1082,0x18C3,0x10A2,0x1082,0x10A2,0x1082,0x2104,0x0841,0x1082,0x18E3,0x0861,
0x4208,0x5AEB,0x4208,0x4208,0x4228,0x528A,0x5ACB,0x4A49,0x39E7,0x4208,0x2965,0x2965,0x39C7,0x2104,0x2104,0x31A6,
0x2124,0x2104,0x2945,0x2104,0x18E3,0x31A6,0x31A6,0x3186,0x31A6,0x2965,0x4208,0x3186,0x39C7,0x31A6,0x4208,0x3186,
0x4228,0x5ACB,0x4208,0x3186,0x39C7,0x3186,0x39E7,0x1082,0x10A2,0x18E3,0x10A2,0x2104,0x18C3,0x2124,0x2104,0x18E3,
0x2104,0x0861,0x18C3,0x2945,0x2124,0x2945,0x10A2,0x18E3,0x2124,0x18E3,0x10A2,0x4228,0x2124,0x18E3,0x2965,0x10A2,
0x18C3,0x18C3,0x10A2,0x18C3,0x18E3,0x18C3,0x18E3,0x10A2,0x18C3,0x18C3,0x2104,0x10A2,0x10A2,0x18E3,0x10A2,0x52AA,
0x52AA,0x18E3,0x18E3,0x2104,0x1082,0x0861,0x0861,0x18E3,0x2104,0x0841,0x1082,0x10A2,0x0861,0x0020,0x10A2,0x18E3,
0x1082,0x0861,0x0861,0x18C3,0x10A2,0x18C3,0x2104,0x0861,0x18C3,0x18E3,0x2965,0x18E3,0x1082,0x2945,0x2945,0x18C3,
0x3186,0x52AA,0x52AA,0x4208,0x3186,0x31A6,0x2965,0x3186,0x4228,0x2965,0x2124,0x2945,0x2104,0x39C7,0x3186,0x18E3,
0x10A2,0x18E3,0x18C3,0x3186,0x2104,0x39E7,0x2124,0x2945,0x3186,0x4208,0x4A49,0x39E7,0x3186,0x39C7,0x2104,0x18C3,
0x10A2,0x2104,0x18E3,0x2124,0x31A6,0x2965,0x3186,0x18E3,0x31A6,0x10A2,0x18C3,0x10A2,0x2945,0x2945,0x2124,0x10A2,
0x2124,0x2124,0x10A2,0x0841,0x0861,0x1082,0x1082,0x0841,0x2104,0x2124,0x18E3,0x2945,0x18E3,0x2945,0x2965,0x18E3,
0x2124,0x2104,0x31A6,0x2945,0x0861,0x0861,0x10A2,0x0861,0x0841,0x2104,0x1082,0x18C3,0x2104,0x3186,0x31A6,0x0861,
0x0861,0x10A2,0x18C3,0x2965,0x31A6,0x4A49,0x4A49,0x3186,0x2945,0x2104,0x31A6,0x2945,0x18C3,0x0861,0x10A2,0x2945,
0x0861,0x0861,0x10A2,0x0841,0x1082,0x10A2,0x0861,0x0861,0x1082,0x2124,0x4A49,0x0000,0x10A2,0x0861,0x0861,0x0000,
0x0020,0x0020,0x0861,0x0020,0x1082,0x0020,0x0841,0x10A2,0x0020,0x0841,0x1082,0x2945,0x18C3,0x1082,0x18C3,0x4228,
0x4A49,0x0861,0x10A2,0x0861,0x18C3,0x0841,0x10A2,0x1082,0x1082,0x0841,0x0841,0x0020,0x0841,0x18C3,0x0861,0x0861,
0x1082,0x1082,0x18C3,0x10A2,0x18E3,0x10A2,0x10A2,0x2945,0x39C7,0x2104,0x2104,0x18E3,0x18C3,0x2104,0x3186,0x3186,
0x3186,0x2965,0x2965,0x4208,0x31A6,0x31A6,0x2124,0x0861,0x18C3,0x0841,0x18E3,0x18E3,0x18C3,0x18C3,0x10A2,0x10A2,
0x10A2,0x0861,0x0020,0x0841,0x0861,0x0841,0x0861,0x0861,0x2965,0x18E3,0x18C3,0x39C7,0x2124,0x18C3,0x10A2,0x18C3,
0x0861,0x0000,0x0841,0x1082,0x18C3,0x18C3,0x18C3,0x0861,0x1082,0x0861,0x18C3,0x2124,0x18C3,0x18E3,0x1082,0x10A2,
0x4228,0x2945,0x4228,0x2965,0x3186,0x4228,0x39E7,0x39E7,0x52AA,0x4228,0x31A6,0x3186,0x39C7,0x2945,0x31A6,0x3186,
0x31A6,0x2104,0x2104,0x2965,0x3186,0x3186,0x31A6,0x3186,0x3186,0x4228,0x4208,0x31A6,0x2965,0x3186,0x2965,0x4228,
0x39E7,0x4208,0x52AA,0x2945,0x2965,0x2104,0x18E3,0x2965,0x18E3,0x18C3,0x18C3,0x2104,0x2124,0x2945,0x2124,0x18C3,
0x0861,0x18E3,0x2124,0x2945,0x10A2,0x18E3,0x2104,0x2965,0x2104,0x2124,0x2124,0x4228,0x3186,0x18C3,0x10A2,0x18E3,
0x18C3,0x18E3,0x10A2,0x18C3,0x18C3,0x10A2,0x10A2,0x1082,0x10A2,0x10A2,0x18C3,0x0861,0x1082,0x10A2,0x18C3,0x4A69,
0x3186,0x0861,0x0861,0x18C3,0x0861,0x0861,0x18C3,0x1082,0x1082,0x10A2,0x10A2,0x0841,0x1082,0x10A2,0x10A2,0x0841,
0x0861,0x2945,0x2104,0x10A2,0x10A2,0x18E3,0x2104,0x10A2,0x18E3,0x10A2,0x0861,0x10A2,0x2104,0x18C3,0x10A2,0x18E3,
0x3186,0x4208,0x4228,0x4208,0x6B6D,0x52AA,0x31A6,0x2124,0x3186,0x4228,0x3186,0x3186,0x2965,0x31A6,0x2104,0x18E3,
0x2965,0x0861,0x18E3,0x2945,0x2104,0x5AEB,0x2104,0x2124,0x2124,0x4228,0x4208,0x31A6,0x4208,0x4A49,0x2965,0x2965,
0x2945,0x18C3,0x18C3,0x18E3,0x2124,0x3186,0x2104,0x2965,0x2124,0x2104,0x2945,0x2124,0x31A6,0x18E3,0x1082,0x2965,
0x2104,0x1082,0x10A2,0x0861,0x18C3,0x10A2,0x18C3,0x1082,0x2945,0x4228,0x2124,0x18C3,0x10A2,0x10A2,0x10A2,0x2945,
0x2945,0x18C3,0x2104,0x39C7,0x18C3,0x10A2,0x1082,0x18C3,0x18E3,0x10A2,0x0861,0x18C3,0x0861,0x2104,0x1082,0x2124,
0x1082,0x0861,0x0861,0x2104,0x18C3,0x18E3,0x2104,0x2104,0x2124,0x18C3,0x18C3,0x2104,0x2945,0x18C3,0x10A2,0x0861,
0x18C3,0x0000,0x0841,0x0861,0x0000,0x0841,0x1082,0x1082,0x0861,0x18E3,0x0841,0x0841,0x0841,0x1082,0x0020,0x0841,
0x0841,0x18E3,0x18C3,0x2965,0x18E3,0x0841,0x1082,0x0861,0x0841,0x1082,0x0861,0x0861,0x1082,0x2104,0x10A2,0x18E3,
0x1082,0x2104,0x18C3,0x0841,0x0841,0x39E7,0x0861,0x0000,0x0841,0x0000,0x0841,0x1082,0x10A2,0x2124,0x18C3,0x10A2,
0x18C3,0x10A2,0x18E3,0x10A2,0x18C3,0x18E3,0x18E3,0x18E3,0x2124,0x10A2,0x18C3,0x2965,0x2104,0x18C3,0x4A69,0x2965,
0x18C3,0x2124,0x2104,0x2965,0x2124,0x2104,0x1082,0x10A2,0x10A2,0x1082,0x1082,0x10A2,0x0020,0x10A2,0x1082,0x0861,
0x10A2,0x0861,0x0861,0x0020,0x0020,0x0841,0x0841,0x10A2,0x5ACB,0x4A49,0x10A2,0x10A2,0x10A2,0x2104,0x18C3,0x0000,
0x0020,0x0841,0x18C3,0x2124,0x1082,0x1082,0x18E3,0x18E3,0x10A2,0x0841,0x18E3,0x2124,0x18E3,0x18C3,0x1082,0x0861,
0x31A6,0x31A6,0x2965,0x31A6,0x4A49,0x4208,0x39E7,0x4208,0x4228,0x4208,0x4228,0x3186,0x18E3,0x2104,0x2104,0x31A6,
0x2124,0x2945,0x18E3,0x3186,0x2124,0x2124,0x3186,0x3186,0x31A6,0x4228,0x3186,0x2104,0x39C7,0x4208,0x3186,0x4208,
0x4A49,0x52AA,0x52AA,0x2965,0x31A6,0x4208,0x2104,0x18C3,0x2124,0x2104,0x2945,0x18E3,0x2104,0x2124,0x2945,0x10A2,
0x0861,0x18C3,0x18C3,0x10A2,0x18C3,0x18C3,0x2124,0x18E3,0x39C7,0x18E3,0x10A2,0x2124,0x2104,0x1082,0x2124,0x10A2,
0x10A2,0x18E3,0x18E3,0x18E3,0x10A2,0x1082,0x18C3,0x18C3,0x1082,0x18C3,0x1082,0x18E3,0x18C3,0x10A2,0x10A2,0x0841,
0x2104,0x2945,0x18C3,0x1082,0x18E3,0x1082,0x0861,0x1082,0x0861,0x31A6,0x18C3,0x10A2,0x18C3,0x18C3,0x18E3,0x3186,
0x2104,0x2124,0x2104,0x0861,0x10A2,0x18C3,0x10A2,0x2945,0x18C3,0x18E3,0x10A2,0x1082,0x18C3,0x18C3,0x18E3,0x18C3,
0x3186,0x31A6,0x3186,0x31A6,0x6B4D,0x39E7,0x18E3,0x2945,0x2124,0x4228,0x39E7,0x4228,0x31A6,0x2104,0x2945,0x1082,
0x18C3,0x2124,0x18C3,0x1082,0x3186,0x5AEB,0x3186,0x2124,0x2124,0x2124,0x39E7,0x52AA,0x4228,0x2965,0x4228,0x2965,
0x10A2,0x2104,0x2124,0x2104,0x2124,0x39C7,0x2104,0x10A2,0x2124,0x2124,0x18C3,0x2124,0x31A6,0x2124,0x18E3,0x10A2,
0x2104,0x10A2,0x18E3,0x18E3,0x10A2,0x18C3,0x18E3,0x18C3,0x0841,0x10A2,0x2104,0x2104,0x2945,0x18E3,0x10A2,0x39C7,
0x2965,0x2124,0x2104,0x31A6,0x3186,0x2945,0x18E3,0x2945,0x2104,0x2945,0x1082,0x10A2,0x0020,0x0861,0x10A2,0x10A2,
0x10A2,0x0020,0x0861,0x1082,0x1082,0x18E3,0x10A2,0x18E3,0x0861,0x2104,0x1082,0x2104,0x0861,0x2124,0x1082,0x0020,
0x0861,0x1082,0x0020,0x0020,0x0841,0x10A2,0x0861,0x31A6,0x2104,0x0000,0x0861,0x0020,0x1082,0x0861,0x0020,0x1082,
0x0861,0x2124,0x5AEB,0x18E3,0x18E3,0x0861,0x1082,0x1082,0x1082,0x0861,0x18E3,0x10A2,0x18E3,0x0000,0x18C3,0x0861,
0x1082,0x1082,0x18E3,0x0020,0x0841,0x1082,0x0020,0x10A2,0x1082,0x0020,0x0020,0x1082,0x1082,0x0841,0x18C3,0x1082,
0x18C3,0x10A2,0x18C3,0x18E3,0x18E3,0x10A2,0x2945,0x2124,0x2124,0x2124,0x2945,0x2104,0x18E3,0x18C3,0x2104,0x2124,
0x2104,0x10A2,0x18C3,0x0841,0x1082,0x18E3,0x1082,0x18E3,0x18C3,0x1082,0x10A2,0x0841,0x10A2,0x1082,0x0861,0x10A2,
0x0861,0x0861,0x1082,0x0841,0x0020,0x0841,0x0841,0x1082,0x2124,0x18E3,0x18C3,0x18E3,0x18E3,0x0861,0x4228,0x2104,
0x0020,0x2945,0x2104,0x10A2,0x0861,0x1082,0x1082,0x2104,0x18E3,0x2104,0x1082,0x0861,0x1082,0x0841,0x1082,0x1082,
0x4208,0x4A49,0x4208,0x4228,0x3186,0x3186,0x39C7,0x4228,0x4208,0x39C7,0x4A69,0x4A49,0x3186,0x2965,0x2124,0x2104,
0x2124,0x2965,0x31A6,0x2945,0x3186,0x2124,0x4228,0x4208,0x2945,0x39C7,0x4208,0x2965,0x4A69,0x4228,0x4208,0x4228,
0x2965,0x5ACB,0x528A,0x4228,0x3186,0x4208,0x2945,0x2124,0x2124,0x18E3,0x2124,0x18C3,0x18E3,0x2124,0x2945,0x2945,
0x0861,0x1082,0x10A2,0x18C3,0x2104,0x18C3,0x2124,0x2945,0x3186,0x2104,0x2945,0x1082,0x2104,0x18E3,0x18C3,0x2124,
0x18E3,0x18C3,0x10A2,0x10A2,0x18E3,0x2104,0x2104,0x18C3,0x0861,0x18E3,0x2124,0x2104,0x1082,0x0861,0x18C3,0x0861,
0x2104,0x4A49,0x2945,0x0020,0x18C3,0x18E3,0x1082,0x1082,0x0861,0x10A2,0x0861,0x0861,0x0861,0x18C3,0x10A2,0x4A49,
0x39C7,0x0841,0x0861,0x18C3,0x0861,0x18E3,0x2124,0x18C3,0x10A2,0x10A2,0x2104,0x18E3,0x18C3,0x10A2,0x18C3,0x18E3,
0x18E3,0x2104,0x3186,0x3186,0x2104,0x2965,0x2965,0x2965,0x18E3,0x4A49,0x5ACB,0x3186,0x52AA,0x4A49,0x2104,0x2965,
0x2104,0x18E3,0x2124,0x2124,0x39C7,0x528A,0x4208,0x4208,0x4208,0x3186,0x5AEB,0x4228,0x2965,0x2124,0x18E3,0x2124,
0x2124,0x2965,0x2124,0x2124,0x2104,0x2104,0x31A6,0x4A49,0x2124,0x2124,0x18C3,0x2104,0x18E3,0x2124,0x2965,0x18C3,
0x10A2,0x18C3,0x2104,0x1082,0x1082,0x18C3,0x10A2,0x1082,0x2104,0x0861,0x10A2,0x18E3,0x2104,0x2124,0x2104,0x2124,
0x2945,0x39C7,0x31A6,0x2945,0x31A6,0x31A6,0x39C7,0x2965,0x2104,0x10A2,0x18E3,0x18C3,0x2124,0x18C3,0x1082,0x1082,
0x1082,0x0861,0x18E3,0x10A2,0x18E3,0x2945,0x18C3,0x18C3,0x1082,0x0841,0x0020,0x0841,0x1082,0x18C3,0x0861,0x0841,
0x1082,0x1082,0x1082,0x0861,0x0020,0x1082,0x0841,0x10A2,0x2945,0x1082,0x0841,0x0861,0x0861,0x1082,0x10A2,0x1082,
0x18C3,0x0020,0x4208,0x738E,0x18E3,0x1082,0x10A2,0x0861,0x1082,0x18E3,0x18E3,0x18E3,0x10A2,0x10A2,0x18C3,0x0020,
0x18C3,0x0020,0x0861,0x10A2,0x0020,0x0020,0x0020,0x0020,0x2104,0x4A49,0x10A2,0x0861,0x0861,0x2104,0x0841,0x18C3,
0x1082,0x1082,0x10A2,0x18C3,0x18C3,0x0861,0x10A2,0x2124,0x2104,0x31A6,0x18E3,0x10A2,0x2124,0x10A2,0x18C3,0x2104,
0x10A2,0x18C3,0x18C3,0x18C3,0x10A2,0x0861,0x10A2,0x0841,0x1082,0x0861,0x31A6,0x2124,0x0861,0x2104,0x10A2,0x0000,
0x0841,0x0000,0x0020,0x0841,0x1082,0x1082,0x10A2,0x18C3,0x10A2,0x2104,0x18C3,0x2945,0x18E3,0x0861,0x1082,0x0861,
0x0020,0x2945,0x10A2,0x0841,0x18E3,0x2104,0x1082,0x0861,0x10A2,0x2124,0x1082,0x1082,0x18C3,0x1082,0x10A2,0x2124,
0x4208,0x4208,0x4208,0x31A6,0x4228,0x4208,0x3186,0x3186,0x5ACB,0x4228,0x3186,0x2965,0x4208,0x2104,0x2104,0x2124,
0x4208,0x4208,0x3186,0x31A6,0x3186,0x31A6,0x3186,0x3186,0x4228,0x4208,0x4208,0x31A6,0x39E7,0x4208,0x4208,0x4228,
0x4228,0x52AA,0x52AA,0x52AA,0x3186,0x4228,0x18E3,0x2124,0x2124,0x1082,0x18E3,0x18C3,0x2124,0x2945,0x2104,0x2124,
0x18C3,0x18E3,0x18C3,0x18C3,0x18C3,0x18C3,0x18C3,0x2124,0x2124,0x3186,0x31A6,0x18C3,0x18C3,0x18C3,0x2104,0x2945,
0x18C3,0x18C3,0x18C3,0x18C3,0x18C3,0x18E3,0x18C3,0x18C3,0x1082,0x2104,0x3186,0x18E3,0x1082,0x1082,0x0861,0x2124,
0x31A6,0x2104,0x18C3,0x18C3,0x10A2,0x0861,0x0861,0x1082,0x1082,0x1082,0x1082,0x1082,0x0861,0x1082,0x18C3,0x18C3,
0x1082,0x18E3,0x18C3,0x18E3,0x18E3,0x10A2,0x18E3,0x18C3,0x18E3,0x18C3,0x10A2,0x10A2,0x4228,0x4228,0x18E3,0x18C3,
0x2104,0x2945,0x3186,0x31A6,0x2104,0x2124,0x10A2,0x2945,0x31A6,0x2965,0x4A49,0x4208,0x5ACB,0x2945,0x2945,0x10A2,
0x18C3,0x3186,0x2945,0x3186,0x3186,0x4228,0x528A,0x5ACB,0x4228,0x3186,0x4208,0x4208,0x3186,0x2945,0x18C3,0x2124,
0x18C3,0x10A2,0x2124,0x18C3,0x18E3,0x2124,0x3186,0x528A,0x2965,0x2945,0x2124,0x2124,0x2945,0x3186,0x18C3,0x18C3,
0x18E3,0x2104,0x2124,0x0841,0x2945,0x39C7,0x2965,0x18C3,0x0861,0x2124,0x18C3,0x18E3,0x10A2,0x2124,0x2124,0x2124,
0x31A6,0x3186,0x2104,0x39C7,0x2124,0x2104,0x31A6,0x4228,0x31A6,0x2945,0x18C3,0x18C3,0x10A2,0x18C3,0x10A2,0x18E3,
0x1082,0x10A2,0x18E3,0x2124,0x2945,0x18C3,0x10A2,0x1082,0x0020,0x0020,0x0841,0x0841,0x0861,0x2104,0x0861,0x1082,
0x1082,0x0841,0x0861,0x1082,0x0841,0x1082,0x0841,0x0020,0x0000,0x0861,0x1082,0x0861,0x0020,0x10A2,0x0020,0x1082,
0x0841,0x1082,0x18C3,0x2104,0x18C3,0x18C3,0x10A2,0x10A2,0x0861,0x1082,0x18E3,0x10A2,0x18E3,0x10A2,0x0841,0x10A2,
0x0861,0x0861,0x0000,0x10A2,0x0841,0x0841,0x0841,0x0841,0x18C3,0x2124,0x1082,0x0020,0x1082,0x2945,0x0861,0x10A2,
0x0861,0x1082,0x18E3,0x1082,0x18E3,0x2945,0x10A2,0x2124,0x2124,0x18C3,0x18C3,0x18C3,0x18C3,0x18C3,0x18C3,0x0841,
0x18C3,0x18C3,0x18E3,0x0861,0x1082,0x39C7,0x1082,0x10A2,0x0841,0x0841,0x31A6,0x2124,0x1082,0x18C3,0x0841,0x2104,
0x2124,0x10A2,0x0020,0x1082,0x1082,0x0000,0x0841,0x1082,0x18C3,0x2124,0x31A6,0x10A2,0x0861,0x18E3,0x0861,0x0841,
0x10A2,0x0861,0x1082,0x10A2,0x10A2,0x2124,0x39C7,0x18C3,0x2124,0x10A2,0x18C3,0x2124,0x1082,0x1082,0x0861,0x2124,
0x4228,0x4208,0x4228,0x31A6,0x4208,0x4208,0x630C,0x39E7,0x4228,0x3186,0x3186,0x2965,0x31A6,0x2965,0x39E7,0x3186,
0x2965,0x2965,0x39E7,0x31A6,0x31A6,0x2965,0x2945,0x2965,0x31A6,0x3186,0x4228,0x4208,0x4208,0x4228,0x39E7,0x4208,
0x39E7,0x5ACB,0x4208,0x528A,0x4228,0x4208,0x2945,0x2104,0x2124,0x2124,0x18E3,0x2104,0x18C3,0x18C3,0x2945,0x18E3,
0x10A2,0x18C3,0x2945,0x2124,0x1082,0x0861,0x18E3,0x2124,0x2124,0x2965,0x4A49,0x2104,0x18C3,0x18C3,0x18C3,0x18E3,
0x18E3,0x18C3,0x18E3,0x10A2,0x10A2,0x18C3,0x1082,0x1082,0x18C3,0x10A2,0x10A2,0x1082,0x10A2,0x18C3,0x10A2,0x18C3,
0x18C3,0x0861,0x18E3,0x0861,0x18C3,0x10A2,0x18C3,0x1082,0x1082,0x1082,0x10A2,0x1082,0x1082,0x18E3,0x0861,0x18E3,
0x2124,0x1082,0x0861,0x2104,0x18E3,0x10A2,0x0861,0x18E3,0x18C3,0x18C3,0x18E3,0x18C3,0x39C7,0x3186,0x2104,0x2124,
0x4228,0x2965,0x2945,0x18E3,0x2104,0x18C3,0x2945,0x2124,0x18C3,0x2124,0x4208,0x4228,0x3186,0x3186,0x31A6,0x2124,
0x2104,0x39C7,0x2104,0x18E3,0x2965,0x3186,0x4A69,0x4A49,0x4228,0x3186,0x4208,0x4208,0x31A6,0x2124,0x2104,0x2945,
0x31A6,0x31A6,0x2124,0x18E3,0x2124,0x18E3,0x18C3,0x3186,0x6B4D,0x18E3,0x2124,0x2104,0x3186,0x31A6,0x2124,0x18C3,
0x18C3,0x2124,0x18C3,0x18C3,0x18C3,0x2124,0x39C7,0x18C3,0x0861,0x18E3,0x18E3,0x18C3,0x10A2,0x1082,0x31A6,0x3186,
0x2104,0x2124,0x2124,0x2965,0x2124,0x1082,0x2124,0x3186,0x3186,0x39C7,0x31A6,0x18C3,0x0861,0x1082,0x18E3,0x18C3,
0x18E3,0x2124,0x10A2,0x2965,0x0841,0x18C3,0x0861,0x0020,0x0020,0x0861,0x0020,0x0000,0x1082,0x1082,0x0861,0x10A2,
0x0861,0x18C3,0x2945,0x0861,0x0020,0x0841,0x0861,0x18E3,0x0020,0x0841,0x0020,0x0861,0x10A2,0x1082,0x10A2,0x1082,
0x1082,0x0861,0x10A2,0x18E3,0x0861,0x1082,0x18E3,0x18C3,0x1082,0x0861,0x1082,0x18E3,0x18C3,0x0861,0x1082,0x1082,
0x10A2,0x0861,0x1082,0x0020,0x0841,0x0841,0x0020,0x1082,0x0020,0x0841,0x0841,0x0000,0x18C3,0x18C3,0x0841,0x1082,
0x2104,0x18C3,0x2124,0x2945,0x10A2,0x18C3,0x2104,0x18C3,0x2124,0x2104,0x10A2,0x18E3,0x0861,0x0861,0x18C3,0x1082,
0x0861,0x1082,0x10A2,0x1082,0x1082,0x18E3,0x0861,0x1082,0x10A2,0x0861,0x0861,0x18C3,0x0861,0x1082,0x0020,0x2124,
0x31A6,0x0861,0x1082,0x10A2,0x0841,0x18C3,0x1082,0x1082,0x18E3,0x31A6,0x4228,0x10A2,0x1082,0x18E3,0x1082,0x0020,
0x10A2,0x0841,0x10A2,0x0861,0x1082,0x18C3,0x18E3,0x10A2,0x18C3,0x1082,0x1082,0x0861,0x10A2,0x10A2,0x0020,0x18C3,
0x4228,0x39E7,0x4228,0x52AA,0x8C71,0x3186,0x31A6,0x3186,0x4208,0x39C7,0x4228,0x39C7,0x31A6,0x2104,0x18C3,0x39C7,
0x4228,0x3186,0x3186,0x2124,0x31A6,0x3186,0x31A6,0x31A6,0x2945,0x3186,0x4208,0x5AEB,0x4228,0x4208,0x4228,0x4228,
0x5ACB,0x52AA,0x4208,0x4A49,0x39E7,0x4228,0x2104,0x2965,0x18C3,0x10A2,0x18E3,0x31A6,0x2104,0x18C3,0x2104,0x2965,
0x2945,0x2124,0x2104,0x0861,0x0841,0x0861,0x18E3,0x18C3,0x18C3,0x2124,0x3186,0x3186,0x2945,0x2104,0x10A2,0x18C3,
0x10A2,0x18C3,0x18E3,0x10A2,0x10A2,0x18E3,0x18C3,0x1082,0x10A2,0x18C3,0x1082,0x18C3,0x0861,0x18C3,0x0841,0x1082,
0x0861,0x18E3,0x18E3,0x0861,0x18E3,0x0861,0x1082,0x1082,0x0861,0x10A2,0x0841,0x1082,0x18C3,0x18C3,0x1082,0x1082,
0x1082,0x10A2,0x10A2,0x18C3,0x1082,0x2104,0x10A2,0x18C3,0x18E3,0x2104,0x2124,0x0861,0x18C3,0x10A2,0x31A6,0x2124,
0x2124,0x2945,0x2104,0x18C3,0x2104,0x2124,0x18E3,0x10A2,0x18C3,0x2965,0x2124,0x39E7,0x39C7,0x4208,0x3186,0x2965,
0x3186,0x2104,0x2945,0x2945,0x31A6,0x3186,0x52AA,0x39E7,0x18E3,0x4A49,0x528A,0x5AEB,0x39C7,0x18E3,0x39E7,0x3186,
0x3186,0x2965,0x4228,0x3186,0x18C3,0x18C3,0x18E3,0x2945,0x31A6,0x31A6,0x39C7,0x2124,0x4228,0x2104,0x2124,0x18C3,
0x18E3,0x2104,0x2124,0x2104,0x18E3,0x2104,0x10A2,0x0861,0x18E3,0x10A2,0x18C3,0x18C3,0x10A2,0x18E3,0x31A6,0x3186,
0x2104,0x39E7,0x3186,0x31A6,0x39C7,0x1082,0x10A2,0x2965,0x4228,0x39E7,0x4228,0x31A6,0x18E3,0x0861,0x18E3,0x18E3,
0x18C3,0x2104,0x2945,0x2124,0x1082,0x0000,0x0861,0x0841,0x0020,0x0020,0x1082,0x18E3,0x10A2,0x0841,0x0841,0x0861,
0x18C3,0x0841,0x3186,0x1082,0x1082,0x1082,0x0020,0x0861,0x10A2,0x0020,0x0861,0x0861,0x0841,0x31A6,0x6B6D,0x18C3,
0x0020,0x10A2,0x0841,0x0861,0x1082,0x1082,0x0861,0x1082,0x1082,0x18E3,0x0861,0x1082,0x0861,0x18C3,0x18C3,0x10A2,
0x0841,0x10A2,0x10A2,0x0000,0x1082,0x2965,0x0861,0x0841,0x0020,0x0861,0x0020,0x0861,0x0000,0x18C3,0x0861,0x2124,
0x31A6,0x18C3,0x2945,0x4A49,0x10A2,0x0861,0x2124,0x1082,0x1082,0x2124,0x18C3,0x1082,0x2104,0x2945,0x18E3,0x18C3,
0x18E3,0x18C3,0x1082,0x1082,0x0000,0x18E3,0x10A2,0x0020,0x0841,0x18C3,0x0861,0x2945,0x18C3,0x1082,0x18C3,0x2104,
0x3186,0x1082,0x10A2,0x1082,0x1082,0x10A2,0x0861,0x18C3,0x18E3,0x18E3,0x18E3,0x18E3,0x18E3,0x0861,0x1082,0x1082,
0x0861,0x10A2,0x10A2,0x18E3,0x1082,0x10A2,0x2965,0x2945,0x18E3,0x1082,0x0861,0x1082,0x0020,0x10A2,0x0020,0x0841,
0x4228,0x4228,0x39E7,0x5ACB,0x632C,0x4A49,0x31A6,0x4208,0x3186,0x3186,0x3186,0x2945,0x39E7,0x31A6,0x2945,0x2104,
0x528A,0x39C7,0x3186,0x2965,0x2124,0x3186,0x39C7,0x2965,0x4A49,0x4228,0x4208,0x39E7,0x4228,0x4208,0x4228,0x39E7,
0x528A,0x5ACB,0x4208,0x39E7,0x4228,0x4A49,0x18C3,0x3186,0x18C3,0x18C3,0x18E3,0x2124,0x18C3,0x2945,0x2124,0x2104,
0x2945,0x2104,0x18E3,0x0841,0x1082,0x1082,0x18E3,0x10A2,0x18C3,0x2124,0x2104,0x2945,0x3186,0x2104,0x18C3,0x18E3,
0x18C3,0x39C7,0x10A2,0x1082,0x18C3,0x0861,0x18E3,0x18C3,0x18C3,0x18C3,0x18E3,0x1082,0x10A2,0x10A2,0x18C3,0x2124,
0x18C3,0x1082,0x10A2,0x18E3,0x18C3,0x1082,0x18E3,0x0861,0x1082,0x18C3,0x1082,0x10A2,0x18C3,0x10A2,0x0861,0x0861,
0x0861,0x1082,0x10A2,0x1082,0x0841,0x18C3,0x0861,0x18C3,0x18C3,0x39C7,0x4228,0x18E3,0x18E3,0x18E3,0x31A6,0x10A2,
0x18C3,0x18C3,0x10A2,0x2945,0x2965,0x2104,0x18C3,0x31A6,0x18C3,0x2104,0x2104,0x2124,0x39E7,0x4228,0x3186,0x31A6,
0x4208,0x39C7,0x2104,0x18E3,0x2104,0x52AA,0x738E,0x4208,0x4228,0x52AA,0x4228,0x39E7,0x2945,0x31A6,0x3186,0x10A2,
0x18C3,0x2965,0x3186,0x3186,0x3186,0x18E3,0x2124,0x1082,0x18C3,0x2945,0x2124,0x2104,0x2124,0x31A6,0x3186,0x2104,
0x2104,0x2965,0x1082,0x10A2,0x18C3,0x2104,0x2945,0x2945,0x2124,0x2124,0x18E3,0x10A2,0x18E3,0x18C3,0x2104,0x31A6,
0x31A6,0x2965,0x31A6,0x39E7,0x2965,0x39C7,0x2104,0x10A2,0x39C7,0x2104,0x2104,0x31A6,0x10A2,0x0861,0x0841,0x0861,
0x18C3,0x18E3,0x10A2,0x18C3,0x0861,0x0861,0x0841,0x0020,0x0841,0x0841,0x0020,0x0861,0x1082,0x0841,0x0841,0x10A2,
0x0861,0x10A2,0x0861,0x10A2,0x0841,0x18C3,0x0861,0x0841,0x18C3,0x18E3,0x1082,0x0861,0x1082,0x18C3,0x4228,0x2965,
0x18C3,0x18E3,0x0861,0x18C3,0x0861,0x1082,0x1082,0x0020,0x18E3,0x2124,0x1082,0x1082,0x1082,0x10A2,0x0861,0x1082,
0x18E3,0x1082,0x0841,0x2945,0x18C3,0x39C7,0x0000,0x0841,0x0841,0x0841,0x0000,0x0861,0x0861,0x0000,0x18C3,0x18E3,
0x0861,0x18E3,0x18C3,0x0020,0x18E3,0x39E7,0x0020,0x0861,0x18E3,0x0841,0x18E3,0x18C3,0x18C3,0x2124,0x10A2,0x10A2,
0x18E3,0x18C3,0x10A2,0x2945,0x39C7,0x1082,0x18E3,0x18C3,0x18C3,0x0841,0x2124,0x0861,0x18C3,0x0861,0x0861,0x10A2,
0x630C,0x2104,0x2104,0x2104,0x2124,0x2124,0x18E3,0x10A2,0x10A2,0x31A6,0x39C7,0x18E3,0x2104,0x18C3,0x2104,0x0861,
0x18C3,0x18C3,0x1082,0x2104,0x1082,0x0861,0x10A2,0x1082,0x0861,0x0861,0x2965,0x10A2,0x18C3,0x0861,0x2965,0x2945,
0x528A,0x4228,0x4208,0x39C7,0x528A,0x5ACB,0x2965,0x4228,0x31A6,0x2965,0x4A69,0x3186,0x39C7,0x39E7,0x31A6,0x2104,
0x2104,0x31A6,0x31A6,0x31A6,0x39C7,0x31A6,0x3186,0x4208,0x2965,0x4208,0x4228,0x4208,0x39E7,0x4A49,0x4208,0x4228,
0x4228,0x528A,0x4228,0x4208,0x31A6,0x4208,0x39C7,0x3186,0x2124,0x18C3,0x2124,0x18C3,0x18C3,0x18C3,0x18E3,0x2124,
0x2104,0x18C3,0x18E3,0x18C3,0x18E3,0x0861,0x1082,0x18E3,0x10A2,0x2104,0x2104,0x2104,0x31A6,0x2124,0x18C3,0x10A2,
0x18C3,0x18C3,0x18C3,0x18C3,0x10A2,0x18C3,0x2104,0x1082,0x18E3,0x18E3,0x10A2,0x10A2,0x0861,0x18C3,0x10A2,0x2124,
0x18E3,0x18C3,0x1082,0x18C3,0x18E3,0x10A2,0x10A2,0x18C3,0x0861,0x0861,0x10A2,0x1082,0x1082,0x18C3,0x0841,0x10A2,
0x18C3,0x1082,0x18E3,0x18C3,0x18C3,0x18C3,0x0861,0x2104,0x18E3,0x10A2,0x3186,0x2124,0x18C3,0x2124,0x2945,0x10A2,
0x18C3,0x2124,0x18E3,0x2104,0x18C3,0x18C3,0x10A2,0x2945,0x18C3,0x2124,0x2945,0x10A2,0x4228,0x52AA,0x2965,0x39C7,
0x4208,0x31A6,0x2124,0x39C7,0x2124,0x4228,0x4228,0x6B6D,0x52AA,0x4A49,0x5ACB,0x5AEB,0x4208,0x4228,0x31A6,0x4A69,
0x31A6,0x18E3,0x2124,0x2124,0x3186,0x31A6,0x4208,0x2945,0x2965,0x2965,0x31A6,0x2945,0x18C3,0x39C7,0x31A6,0x2945,
0x18C3,0x18C3,0x18C3,0x18E3,0x18C3,0x2965,0x18E3,0x2104,0x2965,0x2104,0x2124,0x2124,0x2124,0x2104,0x39C7,0x4228,
0x3186,0x4228,0x4208,0x4228,0x31A6,0x31A6,0x3186,0x2945,0x2104,0x2104,0x2965,0x2104,0x18C3,0x18C3,0x2124,0x18C3,
0x10A2,0x18C3,0x18C3,0x18E3,0x18E3,0x0861,0x0020,0x0020,0x0841,0x0861,0x0841,0x0841,0x10A2,0x10A2,0x0861,0x1082,
0x0861,0x0861,0x18C3,0x0861,0x18E3,0x18C3,0x0020,0x0841,0x10A2,0x0861,0x0841,0x10A2,0x1082,0x0841,0x0861,0x2945,
0x2104,0x2945,0x10A2,0x18E3,0x10A2,0x1082,0x18E3,0x18C3,0x18C3,0x18C3,0x1082,0x0861,0x10A2,0x0861,0x0861,0x1082,
0x18C3,0x0841,0x2945,0x31A6,0x1082,0x10A2,0x0861,0x0841,0x1082,0x0000,0x0841,0x0020,0x1082,0x10A2,0x0861,0x0861,
0x18C3,0x18C3,0x18E3,0x2104,0x1082,0x0841,0x0020,0x10A2,0x1082,0x1082,0x18E3,0x10A2,0x18C3,0x18C3,0x2104,0x31A6,
0x18C3,0x10A2,0x10A2,0x3186,0x4A49,0x0841,0x18E3,0x2104,0x18E3,0x10A2,0x18C3,0x18C3,0x10A2,0x18C3,0x10A2,0x1082,
0x0861,0x18C3,0x39C7,0x2124,0x0861,0x18C3,0x2124,0x18C3,0x2124,0x39C7,0x2104,0x2104,0x3186,0x2104,0x10A2,0x1082,
0x2124,0x10A2,0x18C3,0x10A2,0x1082,0x18C3,0x0861,0x0861,0x1082,0x4208,0x18E3,0x3186,0x4A49,0x6B6D,0x2965,0x18C3,
0x5ACB,0x4208,0x5ACB,0x4228,0x4228,0x4208,0x3186,0x39E7,0x3186,0x3186,0x3186,0x4228,0x4A69,0x4208,0x5ACB,0x4228,
0x31A6,0x3186,0x2945,0x2965,0x31A6,0x2945,0x31A6,0x31A6,0x2965,0x52AA,0x5ACB,0x39E7,0x5AEB,0x39E7,0x39E7,0x4228,
0x4208,0x52AA,0x4228,0x31A6,0x3186,0x4208,0x4228,0x4208,0x2124,0x18C3,0x2124,0x10A2,0x18E3,0x2104,0x18C3,0x18C3,
0x2945,0x18C3,0x0861,0x18E3,0x18E3,0x10A2,0x0841,0x1082,0x18C3,0x2124,0x2945,0x2124,0x3186,0x2945,0x18C3,0x18E3,
0x18C3,0x2104,0x1082,0x18C3,0x18E3,0x10A2,0x2124,0x18E3,0x18C3,0x18C3,0x10A2,0x18E3,0x18E3,0x2124,0x10A2,0x18E3,
0x18C3,0x18C3,0x18C3,0x18C3,0x10A2,0x1082,0x0861,0x18E3,0x10A2,0x0861,0x10A2,0x1082,0x1082,0x18E3,0x0861,0x10A2,
0x1082,0x0841,0x18E3,0x1082,0x18E3,0x18C3,0x10A2,0x10A2,0x10A2,0x18C3,0x18C3,0x10A2,0x18C3,0x2965,0x1082,0x18C3,
0x1082,0x10A2,0x10A2,0x10A2,0x18C3,0x2124,0x2104,0x10A2,0x2104,0x18C3,0x18E3,0x18E3,0x2945,0x52AA,0x4228,0x2104,
0x4228,0x4228,0x18E3,0x2104,0x4228,0x52AA,0x6B6D,0x6B6D,0x4208,0x52AA,0x52AA,0x528A,0x39E7,0x4A49,0x4208,0x39C7,
0x5ACB,0x39E7,0x31A6,0x3186,0x39E7,0x31A6,0x4208,0x39E7,0x3186,0x31A6,0x2965,0x31A6,0x4A49,0x39E7,0x2965,0x31A6,
0x18E3,0x0861,0x18E3,0x2104,0x18C3,0x2945,0x2965,0x3186,0x3186,0x3186,0x18E3,0x2124,0x31A6,0x2124,0x3186,0x4208,
0x3186,0x2965,0x4A49,0x2945,0x2124,0x39C7,0x3186,0x2104,0x2945,0x2124,0x10A2,0x2945,0x18C3,0x18C3,0x1082,0x2945,
0x2124,0x2945,0x18C3,0x3186,0x18E3,0x18E3,0x0841,0x2124,0x10A2,0x0861,0x0841,0x0841,0x0000,0x0841,0x10A2,0x1082,
0x2104,0x10A2,0x0861,0x1082,0x0861,0x10A2,0x1082,0x2104,0x0861,0x1082,0x0861,0x1082,0x0861,0x18C3,0x10A2,0x18C3,
0x18E3,0x0861,0x1082,0x18C3,0x0861,0x10A2,0x4228,0x4208,0x18C3,0x18C3,0x18C3,0x1082,0x1082,0x10A2,0x18C3,0x10A2,
0x0841,0x0020,0x18C3,0x2945,0x0020,0x1082,0x10A2,0x0020,0x0000,0x1082,0x1082,0x0020,0x0861,0x1082,0x10A2,0x0861,
0x10A2,0x18C3,0x18C3,0x0861,0x1082,0x1082,0x18C3,0x0841,0x1082,0x0841,0x0020,0x39E7,0x4228,0x0841,0x1082,0x18C3,
0x2965,0x18C3,0x18E3,0x1082,0x0841,0x18C3,0x18C3,0x18C3,0x10A2,0x10A2,0x10A2,0x2945,0x18C3,0x2104,0x0861,0x1082,
0x0841,0x10A2,0x1082,0x1082,0x10A2,0x18E3,0x2104,0x4228,0x10A2,0x18E3,0x0861,0x31A6,0x738E,0x2104,0x2945,0x2124,
0x18E3,0x18C3,0x2104,0x0861,0x1082,0x18E3,0x18E3,0x18E3,0x18E3,0x5AEB,0x2945,0x2104,0x6B6D,0x8C51,0x3186,0x1082,
0x39E7,0x3186,0x4228,0x528A,0x2965,0x4208,0x52AA,0x4228,0x3186,0x31A6,0x2124,0x3186,0x3186,0x3186,0x2965,0x4208,
0x4228,0x4228,0x18E3,0x3186,0x31A6,0x31A6,0x3186,0x4228,0x4228,0x4208,0x4208,0x528A,0x39C7,0x5ACB,0x8C71,0x4A69,
0x4A49,0x39E7,0x4228,0x4228,0x3186,0x4208,0x4A49,0x3186,0x2124,0x2124,0x2104,0x1082,0x10A2,0x2965,0x18E3,0x0861,
0x10A2,0x18C3,0x18C3,0x2124,0x10A2,0x1082,0x0861,0x10A2,0x10A2,0x18E3,0x18E3,0x2124,0x2104,0x2124,0x10A2,0x2104,
0x2104,0x0861,0x39C7,0x39C7,0x18C3,0x18E3,0x18C3,0x18C3,0x18C3,0x18C3,0x2124,0x2104,0x2124,0x18E3,0x18E3,0x2104,
0x18C3,0x1082,0x18E3,0x18E3,0x1082,0x18E3,0x18C3,0x10A2,0x1082,0x10A2,0x1082,0x18C3,0x18C3,0x18C3,0x10A2,0x10A2,
0x18E3,0x10A2,0x18E3,0x10A2,0x2104,0x18E3,0x2104,0x18C3,0x18C3,0x18E3,0x18C3,0x2104,0x18C3,0x2104,0x10A2,0x0861,
0x2124,0x1082,0x10A2,0x2124,0x2124,0x10A2,0x10A2,0x18C3,0x18E3,0x10A2,0x18C3,0x2124,0x10A2,0x31A6,0x5ACB,0x18C3,
0x2965,0x4A49,0x4228,0x4228,0x5ACB,0x4A49,0x6B6D,0x4A69,0x528A,0x5ACB,0x4A69,0x5ACB,0x528A,0x528A,0x52AA,0x5ACB,
0x39E7,0x4A49,0x31A6,0x39E7,0x528A,0x2965,0x2965,0x31A6,0x3186,0x4A49,0x4208,0x2945,0x4228,0x4A69,0x2965,0x2104,
0x2124,0x18E3,0x2124,0x39C7,0x2124,0x1082,0x2124,0x18C3,0x18E3,0x18C3,0x10A2,0x2945,0x2945,0x2104,0x4228,0x4208,
0x3186,0x31A6,0x3186,0x4228,0x39C7,0x39E7,0x39E7,0x4228,0x3186,0x31A6,0x2124,0x0861,0x18C3,0x18E3,0x18E3,0x10A2,
0x3186,0x3186,0x31A6,0x2124,0x2124,0x18E3,0x18E3,0x2945,0x1082,0x0020,0x0020,0x0841,0x0841,0x0020,0x0020,0x0020,
0x1082,0x10A2,0x1082,0x10A2,0x0861,0x0841,0x2104,0x0841,0x0841,0x2104,0x10A2,0x0861,0x10A2,0x0861,0x18C3,0x18C3,
0x1082,0x18C3,0x18E3,0x18E3,0x31A6,0x2104,0x18C3,0x10A2,0x10A2,0x1082,0x1082,0x18C3,0x0861,0x10A2,0x0861,0x0861,
0x10A2,0x0000,0x0841,0x0861,0x18E3,0x0000,0x0861,0x0020,0x1082,0x0000,0x0861,0x0841,0x18E3,0x2945,0x0020,0x0861,
0x18C3,0x0861,0x18E3,0x0861,0x1082,0x0861,0x0861,0x0020,0x0020,0x1082,0x10A2,0x18C3,0x2124,0x2104,0x18C3,0x1082,
0x1082,0x2104,0x10A2,0x18C3,0x10A2,0x0020,0x18C3,0x0861,0x18C3,0x18C3,0x1082,0x18E3,0x1082,0x0841,0x1082,0x18C3,
0x18E3,0x18E3,0x10A2,0x18C3,0x18C3,0x18C3,0x10A2,0x3186,0x2124,0x10A2,0x2124,0x0841,0x39C7,0x18C3,0x10A2,0x2124,
0x18C3,0x18C3,0x18C3,0x18C3,0x18E3,0x0861,0x18C3,0x18C3,0x0861,0x2945,0x2124,0x18C3,0x2965,0x31A6,0x2104,0x2104,
0x52AA,0x4A49,0x4208,0x4208,0x4A69,0x39E7,0x4208,0x3186,0x4228,0x4228,0x18E3,0x2124,0x39C7,0x4228,0x4228,0x3186,
0x4228,0x528A,0x4228,0x5ACB,0x2945,0x3186,0x4228,0x4208,0x4A49,0x39C7,0x4228,0x4A49,0x3186,0x528A,0x8C51,0x528A,
0x39E7,0x4208,0x4208,0x4228,0x4228,0x4208,0x4208,0x3186,0x2124,0x2104,0x2124,0x2104,0x18C3,0x10A2,0x1082,0x18E3,
0x18C3,0x1082,0x0861,0x18C3,0x18E3,0x2945,0x18E3,0x0841,0x10A2,0x2104,0x2124,0x39C7,0x2945,0x3186,0x2945,0x18E3,
0x18C3,0x18E3,0x2945,0x2124,0x10A2,0x10A2,0x18E3,0x2124,0x2124,0x2945,0x2104,0x2124,0x1082,0x10A2,0x0861,0x2104,
0x18C3,0x18C3,0x10A2,0x10A2,0x2945,0x2945,0x18C3,0x18E3,0x0861,0x1082,0x0861,0x18C3,0x10A2,0x18C3,0x18E3,0x18E3,
0x2124,0x10A2,0x10A2,0x18E3,0x18E3,0x10A2,0x2104,0x18C3,0x18C3,0x10A2,0x18C3,0x1082,0x18E3,0x0841,0x1082,0x2945,
0x18C3,0x10A2,0x18C3,0x18C3,0x18E3,0x18C3,0x18E3,0x2104,0x10A2,0x2945,0x2124,0x18C3,0x2124,0x2104,0x4228,0x3186,
0x2124,0x39C7,0x6B6D,0x52AA,0x52AA,0x6B4D,0x6B4D,0x6B6D,0x5ACB,0x528A,0x52AA,0x52AA,0x5ACB,0x5ACB,0x4208,0x4208,
0x31A6,0x2104,0x3186,0x3186,0x2965,0x31A6,0x31A6,0x4208,0x4228,0x2965,0x4A69,0x4208,0x4228,0x2945,0x31A6,0x4228,
0x2104,0x1082,0x2124,0x2124,0x18E3,0x18C3,0x18E3,0x10A2,0x18C3,0x2104,0x2104,0x2124,0x2945,0x2124,0x39E7,0x4228,
0x31A6,0x3186,0x39C7,0x4A49,0x2945,0x6B6D,0x5AEB,0x2965,0x3186,0x31A6,0x2945,0x18E3,0x1082,0x10A2,0x18C3,0x18E3,
0x18C3,0x31A6,0x4228,0x3186,0x2104,0x2104,0x10A2,0x1082,0x18E3,0x1082,0x0020,0x0000,0x0861,0x0841,0x0841,0x1082,
0x1082,0x18C3,0x18C3,0x1082,0x0020,0x10A2,0x0861,0x0861,0x10A2,0x1082,0x0841,0x18C3,0x18C3,0x0861,0x18E3,0x18C3,
0x18E3,0x10A2,0x18C3,0x10A2,0x2104,0x2124,0x18E3,0x1082,0x1082,0x0861,0x0861,0x2104,0x2124,0x3186,0x18E3,0x18E3,
0x0861,0x10A2,0x10A2,0x1082,0x0841,0x0841,0x0020,0x0841,0x0861,0x10A2,0x1082,0x31A6,0x10A2,0x10A2,0x0020,0x2104,
0x18C3,0x10A2,0x1082,0x18C3,0x18E3,0x0841,0x10A2,0x1082,0x0861,0x0020,0x3186,0x2124,0x0000,0x10A2,0x18C3,0x1082,
0x10A2,0x0841,0x2124,0x0841,0x10A2,0x0020,0x0020,0x2945,0x18C3,0x0861,0x10A2,0x10A2,0x0841,0x2104,0x0841,0x2965,
0x31A6,0x1082,0x1082,0x18E3,0x10A2,0x1082,0x18C3,0x2124,0x18C3,0x2104,0x0020,0x18C3,0x1082,0x18C3,0x2124,0x18E3,
0x18C3,0x18C3,0x10A2,0x2124,0x2104,0x0861,0x1082,0x18C3,0x2104,0x18C3,0x3186,0x2104,0x10A2,0x1082,0x18C3,0x0861,
0x52AA,0x528A,0x5ACB,0x39E7,0x4228,0x4228,0x52AA,0x4228,0x3186,0x2965,0x31A6,0x2124,0x3186,0x4228,0x52AA,0x4228,
0x4228,0x39E7,0x39C7,0x2124,0x2124,0x31A6,0x6B6D,0x4208,0x52AA,0x4228,0x4208,0x4228,0x3186,0x39E7,0x3186,0x4228,
0x4228,0x52AA,0x39E7,0x4228,0x4228,0x39E7,0x5ACB,0x4208,0x2124,0x2124,0x3186,0x2104,0x2945,0x18C3,0x18C3,0x18C3,
0x18C3,0x10A2,0x18E3,0x18E3,0x10A2,0x10A2,0x18C3,0x1082,0x1082,0x18E3,0x2104,0x2124,0x18E3,0x2124,0x39C7,0x10A2,
0x2945,0x18C3,0x18C3,0x10A2,0x18E3,0x2945,0x2104,0x18C3,0x2945,0x2104,0x18C3,0x18C3,0x18C3,0x18E3,0x18C3,0x2104,
0x2945,0x18C3,0x10A2,0x2945,0x3186,0x2104,0x2124,0x2124,0x2945,0x18C3,0x18C3,0x18C3,0x18C3,0x2945,0x18C3,0x18C3,
0x18C3,0x18C3,0x18C3,0x2965,0x2104,0x2104,0x2945,0x10A2,0x18E3,0x18E3,0x4A49,0x0861,0x18E3,0x18C3,0x2945,0x2104,
0x18E3,0x2124,0x18C3,0x1082,0x18C3,0x18E3,0x18C3,0x18C3,0x2104,0x1082,0x2124,0x2945,0x10A2,0x2104,0x39C7,0x2965,
0x31A6,0x52AA,0x632C,0x52AA,0x6B4D,0x632C,0x6B6D,0x528A,0x52AA,0x528A,0x5ACB,0x52AA,0x528A,0x4228,0x3186,0x31A6,
0x4228,0x4208,0x31A6,0x2945,0x2124,0x2965,0x39C7,0x4228,0x4228,0x4208,0x39E7,0x5ACB,0x31A6,0x2124,0x39C7,0x2965,
0x31A6,0x31A6,0x2124,0x18C3,0x2124,0x2104,0x31A6,0x18C3,0x18E3,0x10A2,0x18E3,0x2104,0x2124,0x3186,0x4228,0x4208,
0x31A6,0x2965,0x31A6,0x4228,0x4208,0x4208,0x4208,0x31A6,0x31A6,0x2124,0x2104,0x18C3,0x18C3,0x1082,0x18C3,0x18C3,
0x18E3,0x10A2,0x2104,0x2124,0x31A6,0x31A6,0x2124,0x18C3,0x1082,0x0861,0x10A2,0x10A2,0x0020,0x0841,0x1082,0x0020,
0x0020,0x1082,0x18C3,0x0861,0x4A49,0x0841,0x18E3,0x2124,0x0861,0x1082,0x18C3,0x2124,0x18C3,0x2104,0x1082,0x18E3,
0x18C3,0x18C3,0x2945,0x18C3,0x0861,0x18E3,0x18E3,0x10A2,0x0861,0x10A2,0x1082,0x0861,0x2124,0x31A6,0x2104,0x18C3,
0x1082,0x0841,0x10A2,0x0861,0x0020,0x10A2,0x1082,0x0020,0x18C3,0x0861,0x0861,0x18E3,0x0861,0x1082,0x1082,0x0861,
0x10A2,0x0000,0x1082,0x1082,0x0861,0x1082,0x0020,0x1082,0x0841,0x0020,0x0000,0x10A2,0x10A2,0x18C3,0x18C3,0x1082,
0x18C3,0x2124,0x2124,0x18C3,0x0861,0x0020,0x18C3,0x1082,0x0861,0x1082,0x18C3,0x18C3,0x2945,0x10A2,0x10A2,0x0861,
0x18C3,0x10A2,0x18C3,0x1082,0x1082,0x18C3,0x2124,0x18C3,0x18E3,0x1082,0x39C7,0x2945,0x1082,0x18E3,0x2945,0x2104,
0x18C3,0x2124,0x2124,0x18C3,0x0841,0x10A2,0x0861,0x18C3,0x10A2,0x4228,0x5ACB,0x1082,0x10A2,0x1082,0x0861,0x1082,
0x52AA,0x4228,0x4208,0x2965,0x4228,0x4208,0x4228,0x52AA,0x4208,0x31A6,0x31A6,0x31A6,0x4208,0x4228,0x4208,0x4208,
0x4228,0x4228,0x4208,0x4208,0x31A6,0x39C7,0x6B4D,0x31A6,0x3186,0x31A6,0x4228,0x4208,0x2965,0x31A6,0x2965,0x39C7,
0x4208,0x3186,0x528A,0x4228,0x4228,0x4208,0x5AEB,0x4208,0x2965,0x2945,0x2124,0x2104,0x2104,0x2124,0x2124,0x2124,
0x2124,0x10A2,0x18E3,0x18E3,0x10A2,0x18C3,0x2104,0x18E3,0x18C3,0x18C3,0x18E3,0x18C3,0x2124,0x31A6,0x4228,0x2124,
0x18C3,0x18C3,0x2945,0x2124,0x2124,0x2965,0x2104,0x2124,0x18E3,0x18C3,0x10A2,0x18E3,0x18C3,0x2124,0x18E3,0x10A2,
0x18C3,0x18C3,0x18E3,0x2124,0x18C3,0x18C3,0x2124,0x2104,0x3186,0x2104,0x2945,0x18E3,0x2104,0x2124,0x2945,0x2104,
0x2104,0x2124,0x2124,0x2124,0x1082,0x2124,0x31A6,0x2124,0x18C3,0x18C3,0x18C3,0x18E3,0x18E3,0x2965,0x1082,0x1082,
0x18C3,0x10A2,0x10A2,0x2965,0x18C3,0x10A2,0x18E3,0x2124,0x10A2,0x18E3,0x18C3,0x10A2,0x18E3,0x2945,0x2104,0x3186,
0x528A,0x6B6D,0x632C,0x6B6D,0x632C,0x632C,0x6B4D,0x5ACB,0x6B4D,0x52AA,0x528A,0x4208,0x4228,0x4208,0x4228,0x3186,
0x31A6,0x3186,0x3186,0x31A6,0x3186,0x31A6,0x6B4D,0x52AA,0x4208,0x52AA,0x528A,0x52AA,0x4208,0x2965,0x39C7,0x31A6,
0x3186,0x31A6,0x2104,0x2124,0x2124,0x2124,0x3186,0x10A2,0x10A2,0x18E3,0x10A2,0x2965,0x2104,0x4228,0x528A,0x31A6,
0x3186,0x3186,0x31A6,0x4228,0x31A6,0x3186,0x3186,0x2124,0x2104,0x31A6,0x2104,0x18C3,0x18C3,0x1082,0x18C3,0x2124,
0x18C3,0x10A2,0x2104,0x0841,0x10A2,0x2945,0x31A6,0x2104,0x1082,0x18C3,0x0861,0x10A2,0x1082,0x1082,0x0861,0x0841,
0x0841,0x0861,0x10A2,0x0861,0x2945,0x10A2,0x10A2,0x18E3,0x1082,0x18C3,0x18C3,0x2124,0x18C3,0x2124,0x2124,0x2104,
0x18E3,0x18C3,0x10A2,0x1082,0x10A2,0x10A2,0x1082,0x18E3,0x3186,0x0861,0x2945,0x10A2,0x2104,0x18C3,0x2104,0x18C3,
0x18E3,0x0861,0x0861,0x1082,0x0861,0x1082,0x0841,0x0020,0x0861,0x1082,0x18E3,0x18E3,0x2945,0x18E3,0x1082,0x0020,
0x18C3,0x0000,0x0841,0x10A2,0x1082,0x0020,0x0000,0x10A2,0x0841,0x0841,0x0020,0x0841,0x18E3,0x0861,0x18E3,0x18E3,
0x2104,0x31A6,0x2124,0x18C3,0x10A2,0x0000,0x10A2,0x1082,0x1082,0x10A2,0x18E3,0x1082,0x1082,0x0861,0x18E3,0x18C3,
0x1082,0x0861,0x2104,0x1082,0x0841,0x18C3,0x18E3,0x10A2,0x10A2,0x10A2,0x2104,0x18C3,0x2945,0x18E3,0x2104,0x31A6,
0x2124,0x2124,0x2124,0x10A2,0x18E3,0x0861,0x1082,0x18E3,0x18C3,0x0861,0x18C3,0x18E3,0x0841,0x1082,0x2124,0x31A6,
0x4A69,0x4208,0x4208,0x5AEB,0x39E7,0x3186,0x3186,0x3186,0x4228,0x3186,0x2965,0x31A6,0x39E7,0x31A6,0x31A6,0x4228,
0x4A69,0x528A,0x5ACB,0x528A,0x5ACB,0x5AEB,0x630C,0x52AA,0x5ACB,0x39C7,0x31A6,0x4228,0x39C7,0x31A6,0x4A69,0x2124,
0x4208,0x4228,0x4228,0x4208,0x4208,0x4228,0x39C7,0x4208,0x4228,0x39C7,0x18C3,0x31A6,0x31A6,0x31A6,0x18E3,0x2945,
0x2104,0x2945,0x18E3,0x2124,0x2945,0x2945,0x2124,0x2124,0x18C3,0x10A2,0x10A2,0x2104,0x2124,0x2945,0x2965,0x3186,
0x18C3,0x2104,0x10A2,0x18C3,0x2104,0x10A2,0x18C3,0x2965,0x4208,0x4208,0x18E3,0x10A2,0x1082,0x18C3,0x18C3,0x2104,
0x18C3,0x18E3,0x0861,0x18E3,0x2945,0x2124,0x2104,0x39C7,0x2965,0x4208,0x528A,0x528A,0x4A49,0x39E7,0x4208,0x31A6,
0x31A6,0x2124,0x18E3,0x10A2,0x2124,0x2945,0x10A2,0x10A2,0x18E3,0x18E3,0x2104,0x39C7,0x18C3,0x10A2,0x0861,0x2104,
0x18E3,0x2104,0x4228,0x4208,0x18E3,0x18E3,0x18C3,0x10A2,0x18E3,0x18E3,0x2945,0x10A2,0x2945,0x4A69,0x4208,0x6B6D,
0x6B6D,0x6B4D,0x6B4D,0x632C,0x6B4D,0x738E,0x4A69,0x528A,0x528A,0x4228,0x4A49,0x4208,0x4208,0x3186,0x2965,0x39C7,
0x3186,0x2965,0x4228,0x31A6,0x2965,0x2965,0x630C,0x39C7,0x4208,0x4208,0x5ACB,0x52AA,0x5ACB,0x5ACB,0x3186,0x3186,
0x2945,0x2104,0x2945,0x31A6,0x39C7,0x2104,0x39C7,0x2965,0x2945,0x2104,0x2104,0x2104,0x3186,0x52AA,0x31A6,0x3186,
0x3186,0x4228,0x3186,0x2124,0x2104,0x2124,0x3186,0x31A6,0x31A6,0x2104,0x2945,0x2104,0x10A2,0x1082,0x0841,0x2124,
0x2945,0x2104,0x2124,0x4228,0x4A49,0x3186,0x3186,0x2945,0x0861,0x1082,0x10A2,0x0861,0x10A2,0x10A2,0x10A2,0x0861,
0x0861,0x10A2,0x1082,0x1082,0x0861,0x0861,0x18C3,0x10A2,0x1082,0x18C3,0x18E3,0x0861,0x18E3,0x18C3,0x18C3,0x2965,
0x2104,0x18E3,0x18C3,0x10A2,0x18E3,0x18E3,0x10A2,0x10A2,0x2945,0x2104,0x2104,0x2104,0x0841,0x1082,0x18E3,0x2945,
0x18C3,0x18C3,0x2104,0x10A2,0x18C3,0x1082,0x1082,0x10A2,0x1082,0x1082,0x2104,0x8C71,0x52AA,0x0861,0x1082,0x0841,
0x1082,0x1082,0x0841,0x10A2,0x0861,0x0861,0x0861,0x0020,0x0000,0x0841,0x0841,0x0020,0x1082,0x2104,0x10A2,0x18C3,
0x2945,0x4228,0x10A2,0x2124,0x18C3,0x10A2,0x0841,0x1082,0x10A2,0x18E3,0x0861,0x18C3,0x18C3,0x1082,0x10A2,0x0841,
0x1082,0x0861,0x0861,0x0861,0x18E3,0x2945,0x18E3,0x18E3,0x2104,0x10A2,0x18C3,0x0861,0x18E3,0x2124,0x31A6,0x4208,
0x2124,0x2104,0x18C3,0x2124,0x18C3,0x18C3,0x0861,0x1082,0x0861,0x18C3,0x1082,0x1082,0x10A2,0x0861,0x18E3,0x10A2,
0x4228,0x4228,0x39E7,0x52AA,0x3186,0x4208,0x31A6,0x2965,0x31A6,0x3186,0x39C7,0x4208,0x4208,0x630C,0x2965,0x4228,
0x52AA,0x5AEB,0x6B4D,0x630C,0x6B4D,0x6B4D,0x52AA,0x52AA,0x632C,0x73AE,0x2945,0x3186,0x31A6,0x3186,0x2965,0x4228,
0x31A6,0x4208,0x4208,0x4228,0x4208,0x5ACB,0x4228,0x5ACB,0x4208,0x3186,0x39C7,0x31A6,0x2104,0x3186,0x3186,0x2104,
0x3186,0x2124,0x2965,0x2104,0x2124,0x18E3,0x39C7,0x2104,0x10A2,0x18E3,0x2104,0x1082,0x2104,0x2104,0x31A6,0x39C7,
0x3186,0x2965,0x2104,0x2965,0x2945,0x18E3,0x2104,0x10A2,0x52AA,0x52AA,0x10A2,0x2104,0x10A2,0x2124,0x10A2,0x10A2,
0x18C3,0x2124,0x2965,0x2124,0x3186,0x5ACB,0x4208,0x4208,0x528A,0x632C,0x9492,0x632C,0x8C51,0x9492,0x8C71,0x4A69,
0x31A6,0x2124,0x1082,0x2124,0x18E3,0x2104,0x2104,0x18E3,0x18C3,0x10A2,0x4228,0x2104,0x18E3,0x2124,0x18E3,0x10A2,
0x18E3,0x18C3,0x2965,0x39C7,0x0861,0x18E3,0x10A2,0x2104,0x2124,0x2945,0x2104,0x39C7,0x4208,0x4A69,0x6B4D,0x4A69,
0x6B4D,0x4A69,0x6B4D,0x632C,0x6B4D,0x632C,0x738E,0x52AA,0x52AA,0x52AA,0x39E7,0x3186,0x3186,0x39C7,0x10A2,0x18E3,
0x2124,0x3186,0x2965,0x3186,0x31A6,0x31A6,0x31A6,0x31A6,0x3186,0x4228,0x4208,0x4208,0x39E7,0x4208,0x4A49,0x2965,
0x2124,0x2124,0x2104,0x3186,0x39E7,0x31A6,0x3186,0x2965,0x2104,0x2965,0x2104,0x2104,0x4228,0x4228,0x2104,0x2124,
0x3186,0x3186,0x2124,0x2945,0x2124,0x2945,0x31A6,0x2965,0x2965,0x2945,0x39C7,0x0861,0x1082,0x1082,0x0861,0x18E3,
0x2104,0x2945,0x2124,0x5AEB,0x4208,0x2104,0x31A6,0x10A2,0x1082,0x18E3,0x3186,0x18C3,0x0841,0x0020,0x0841,0x1082,
0x10A2,0x18C3,0x0861,0x18E3,0x18C3,0x0861,0x0861,0x2945,0x0861,0x1082,0x18C3,0x18C3,0x18E3,0x18C3,0x1082,0x18C3,
0x2124,0x2945,0x2124,0x10A2,0x18C3,0x18E3,0x18C3,0x18E3,0x10A2,0x2104,0x2945,0x31A6,0x2945,0x2104,0x18E3,0x1082,
0x18C3,0x0861,0x18C3,0x1082,0x0841,0x0861,0x18C3,0x18C3,0x1082,0x1082,0x10A2,0x4228,0x2965,0x0861,0x1082,0x0020,
0x0020,0x10A2,0x0861,0x1082,0x0000,0x0020,0x0841,0x0020,0x0861,0x10A2,0x0000,0x0020,0x0841,0x18C3,0x18C3,0x0841,
0x18C3,0x2104,0x0861,0x2104,0x18C3,0x18C3,0x2945,0x2124,0x18C3,0x2104,0x3186,0x2104,0x2104,0x0861,0x18C3,0x18E3,
0x2945,0x18C3,0x2104,0x3186,0x2104,0x2124,0x18E3,0x0841,0x1082,0x0841,0x18C3,0x2104,0x18E3,0x2124,0x2965,0x3186,
0x2124,0x2104,0x2124,0x2124,0x10A2,0x18C3,0x18C3,0x1082,0x1082,0x10A2,0x18E3,0x0861,0x0861,0x18C3,0x1082,0x39E7,
0x4208,0x4208,0x4228,0x3186,0x3186,0x4228,0x3186,0x31A6,0x2965,0x39C7,0x18E3,0x4228,0x5ACB,0x39C7,0x31A6,0x2965,
0x4228,0x4A69,0x528A,0x52AA,0x4228,0x528A,0x6B6D,0x632C,0x6B6D,0x4208,0x31A6,0x528A,0x4228,0x31A6,0x2965,0x31A6,
0x4208,0x4228,0x528A,0x4208,0x4208,0x4228,0x4208,0x4208,0x4228,0x2965,0x39E7,0x2965,0x31A6,0x31A6,0x2945,0x31A6,
0x4228,0x3186,0x18E3,0x2124,0x2965,0x2124,0x2104,0x2124,0x18E3,0x18E3,0x0861,0x2104,0x2945,0x3186,0x2945,0x2965,
0x3186,0x2104,0x2104,0x2104,0x2104,0x2945,0x2945,0x2124,0x2124,0x18C3,0x1082,0x2124,0x2945,0x10A2,0x18E3,0x2945,
0x3186,0x2945,0x18E3,0x2965,0x5ACB,0x52AA,0x39C7,0x738E,0x8430,0x738E,0x632C,0x632C,0x8410,0x8410,0x7BEF,0x52AA,
0x4228,0x2965,0x528A,0x2124,0x2104,0x18C3,0x0861,0x10A2,0x2945,0x18C3,0x2965,0x10A2,0x10A2,0x2945,0x10A2,0x18E3,
0x3186,0x4A49,0x31A6,0x2124,0x4A69,0x3186,0x18C3,0x10A2,0x2124,0x2965,0x4208,0x4208,0x52AA,0x6B6D,0x6B4D,0x6B6D,
0x6B4D,0x52AA,0x632C,0x738E,0x6B4D,0x6B4D,0x52AA,0x6B4D,0x528A,0x528A,0x5ACB,0x2965,0x4228,0x4208,0x2124,0x10A2,
0x18C3,0x2124,0x31A6,0x3186,0x31A6,0x3186,0x31A6,0x31A6,0x31A6,0x2965,0x4228,0x3186,0x4208,0x4228,0x39C7,0x4A69,
0x31A6,0x18E3,0x39C7,0x3186,0x4228,0x632C,0x738E,0x3186,0x2104,0x2104,0x18C3,0x10A2,0x31A6,0x31A6,0x1082,0x2124,
0x2965,0x2104,0x2124,0x2124,0x18C3,0x18E3,0x31A6,0x4A49,0x31A6,0x18C3,0x18E3,0x2945,0x2945,0x1082,0x18C3,0x18C3,
0x2104,0x2104,0x10A2,0x10A2,0x18C3,0x2945,0x1082,0x10A2,0x18C3,0x1082,0x0861,0x1082,0x10A2,0x2945,0x18C3,0x1082,
0x0841,0x1082,0x0861,0x0861,0x10A2,0x18C3,0x1082,0x1082,0x10A2,0x1082,0x0861,0x10A2,0x10A2,0x18C3,0x18E3,0x1082,
0x18C3,0x18C3,0x2124,0x18E3,0x18C3,0x18C3,0x18C3,0x10A2,0x18E3,0x2104,0x2124,0x18E3,0x3186,0x3186,0x39C7,0x2124,
0x2104,0x2104,0x0861,0x0861,0x1082,0x10A2,0x1082,0x2124,0x2945,0x18E3,0x2104,0x0841,0x18E3,0x10A2,0x0861,0x1082,
0x0841,0x0841,0x0861,0x10A2,0x1082,0x10A2,0x0841,0x10A2,0x0841,0x18E3,0x18C3,0x1082,0x10A2,0x0841,0x18C3,0x39C7,
0x2124,0x10A2,0x18E3,0x10A2,0x18C3,0x10A2,0x2945,0x10A2,0x10A2,0x73AE,0x52AA,0x18C3,0x10A2,0x18C3,0x2104,0x1082,
0x10A2,0x18C3,0x18C3,0x2124,0x2945,0x2124,0x18E3,0x18E3,0x0861,0x0841,0x1082,0x18C3,0x18C3,0x2124,0x3186,0x31A6,
0x2124,0x2104,0x2945,0x2104,0x18C3,0x1082,0x18E3,0x2104,0x2104,0x2104,0x2945,0x0861,0x31A6,0x18C3,0x18E3,0x18E3,
0x31A6,0x4208,0x5ACB,0x39E7,0x4228,0x4208,0x39C7,0x4228,0x4228,0x4208,0x2965,0x3186,0x3186,0x4228,0x3186,0x4A49,
0x39E7,0x4228,0x4228,0x5ACB,0x4A69,0x6B4D,0x8430,0x6B4D,0x4208,0x3186,0x52AA,0x6B6D,0x528A,0x528A,0x4228,0x3186,
0x4228,0x4208,0x4228,0x4228,0x5ACB,0x3186,0x39E7,0x4A49,0x4228,0x4228,0x4228,0x31A6,0x39C7,0x31A6,0x2104,0x2965,
0x3186,0x3186,0x4228,0x2104,0x3186,0x2124,0x2124,0x2124,0x2124,0x2104,0x2965,0x1082,0x2124,0x3186,0x3186,0x2965,
0x3186,0x31A6,0x31A6,0x3186,0x31A6,0x2124,0x1082,0x2945,0x2945,0x31A6,0x31A6,0x3186,0x2945,0x18E3,0x18C3,0x2124,
0x4228,0x18E3,0x3186,0x5ACB,0x52AA,0x4A69,0x6B6D,0x632C,0x528A,0x4A69,0x6B6D,0x52AA,0x630C,0x8C51,0x6B6D,0x5ACB,
0x5ACB,0x39C7,0x52AA,0x3186,0x2124,0x2124,0x39C7,0x2124,0x10A2,0x2104,0x2104,0x31A6,0x39C7,0x2124,0x2124,0x3186,
0x4208,0x4228,0x2965,0x2965,0x4228,0x39E7,0x2945,0x2945,0x2965,0x5AEB,0x5ACB,0x5ACB,0x632C,0x6B4D,0x6B4D,0x528A,
0x6B4D,0x6B4D,0x632C,0x6B4D,0x6B4D,0x6B4D,0x528A,0x52AA,0x6B6D,0x5ACB,0x4A69,0x4208,0x39E7,0x4A49,0x3186,0x31A6,
0x2104,0x18C3,0x2104,0x3186,0x39E7,0x3186,0x2124,0x3186,0x3186,0x4A69,0x3186,0x2945,0x4A49,0x4228,0x4208,0x4208,
0x4228,0x4208,0x4228,0x4208,0x3186,0x6B6D,0x630C,0x2945,0x18C3,0x2104,0x10A2,0x2945,0x2124,0x18E3,0x18E3,0x2945,
0x2124,0x2104,0x2945,0x2104,0x2945,0x3186,0x2104,0x2965,0x10A2,0x39C7,0x2124,0x2965,0x3186,0x2945,0x18C3,0x0861,
0x1082,0x10A2,0x18E3,0x2124,0x2124,0x2124,0x18C3,0x1082,0x18E3,0x18C3,0x1082,0x18C3,0x10A2,0x10A2,0x10A2,0x0861,
0x18E3,0x0020,0x10A2,0x1082,0x0841,0x2945,0x2104,0x0020,0x1082,0x0861,0x1082,0x0000,0x18C3,0x18C3,0x18E3,0x18C3,
0x18C3,0x0861,0x2124,0x2104,0x10A2,0x18C3,0x2945,0x2945,0x18E3,0x2945,0x2124,0x2124,0x2124,0x31A6,0x2124,0x2124,
0x2945,0x10A2,0x1082,0x18C3,0x0861,0x0861,0x0861,0x18E3,0x0861,0x0861,0x1082,0x2124,0x18C3,0x0841,0x18C3,0x18E3,
0x0861,0x1082,0x18C3,0x0020,0x0841,0x18E3,0x2945,0x39C7,0x31A6,0x0020,0x10A2,0x0861,0x0841,0x18C3,0x10A2,0x3186,
0x18C3,0x10A2,0x18E3,0x18C3,0x1082,0x1082,0x0841,0x18E3,0x18E3,0x18E3,0x2104,0x18C3,0x10A2,0x10A2,0x1082,0x18C3,
0x18E3,0x18E3,0x18C3,0x18C3,0x2124,0x2104,0x2124,0x2124,0x2945,0x2124,0x10A2,0x10A2,0x10A2,0x2124,0x2104,0x18C3,
0x2945,0x2124,0x2104,0x2945,0x2104,0x18C3,0x18E3,0x3186,0x2104,0x18C3,0x1082,0x18E3,0x2104,0x2104,0x2104,0x39E7,
0x3186,0x3186,0x4228,0x4A49,0x2965,0x3186,0x4A69,0x2965,0x2965,0x4A49,0x4A69,0x3186,0x3186,0x3186,0x39C7,0x2945,
0x39C7,0x39E7,0x4208,0x528A,0x5ACB,0x6B6D,0x632C,0x528A,0x52AA,0x528A,0x5ACB,0x6B4D,0x4A69,0x6B6D,0x6B6D,0x4208,
0x4208,0x4228,0x4228,0x4208,0x4228,0x4208,0x5ACB,0x39E7,0x3186,0x2965,0x31A6,0x4208,0x4A69,0x2965,0x3186,0x39C7,
0x3186,0x4208,0x5ACB,0x39C7,0x18E3,0x39C7,0x31A6,0x2965,0x31A6,0x2124,0x2945,0x2124,0x2104,0x31A6,0x2104,0x4A49,
0x3186,0x31A6,0x2124,0x2104,0x2124,0x2104,0x2124,0x3186,0x2104,0x39C7,0x4208,0x1082,0x2945,0x18E3,0x18E3,0x18E3,
0x3186,0x528A,0x630C,0x4208,0x632C,0x6B6D,0x52AA,0x52AA,0x5AEB,0x528A,0x52AA,0x4228,0x4228,0x528A,0x5ACB,0x52AA,
0x632C,0x73AE,0x39E7,0x4208,0x4208,0x31A6,0x4A49,0x4208,0x3186,0x4228,0x4228,0x39E7,0x52AA,0x39E7,0x52AA,0x632C,
0x6B4D,0x6B4D,0x8430,0x52AA,0x4228,0x31A6,0x4208,0x4208,0x5AEB,0x528A,0x4A69,0x6B6D,0x6B4D,0x52AA,0x52AA,0x5ACB,
0x528A,0x52AA,0x52AA,0x52AA,0x6B4D,0x52AA,0x738E,0x4A69,0x6B4D,0x528A,0x52AA,0x52AA,0x528A,0x4208,0x2124,0x2104,
0x2124,0x2945,0x18E3,0x31A6,0x4A49,0x4228,0x2124,0x39C7,0x3186,0x4228,0x3186,0x39C7,0x2965,0x39E7,0x4228,0x39E7,
0x4228,0x5ACB,0x528A,0x31A6,0x3186,0x31A6,0x2124,0x18E3,0x2945,0x0861,0x18E3,0x2124,0x2124,0x39C7,0x2104,0x2965,
0x4228,0x3186,0x39C7,0x2124,0x18C3,0x2104,0x2124,0x39C7,0x2945,0x2104,0x2945,0x39C7,0x2965,0x18C3,0x18C3,0x1082,
0x0841,0x18C3,0x2124,0x10A2,0x18E3,0x1082,0x0841,0x2965,0x18C3,0x1082,0x1082,0x10A2,0x10A2,0x0841,0x18C3,0x1082,
0x10A2,0x0020,0x1082,0x0861,0x0020,0x10A2,0x1082,0x1082,0x0841,0x0020,0x18C3,0x0861,0x1082,0x18C3,0x0861,0x1082,
0x10A2,0x2124,0x18C3,0x10A2,0x4A69,0x39C7,0x1082,0x2104,0x2945,0x2124,0x18E3,0x2124,0x18C3,0x2104,0x1082,0x18C3,
0x10A2,0x1082,0x0861,0x0861,0x2104,0x0861,0x0000,0x1082,0x1082,0x10A2,0x1082,0x18E3,0x0841,0x0000,0x10A2,0x0861,
0x10A2,0x10A2,0x10A2,0x10A2,0x18C3,0x1082,0x4208,0x738E,0x6B6D,0x2124,0x1082,0x0861,0x0000,0x2124,0x18E3,0x2104,
0x18E3,0x0841,0x10A2,0x18C3,0x1082,0x10A2,0x1082,0x2965,0x18C3,0x1082,0x18C3,0x18E3,0x2965,0x1082,0x18C3,0x18C3,
0x10A2,0x0841,0x18C3,0x18C3,0x18C3,0x18C3,0x2945,0x2104,0x2124,0x2124,0x2104,0x31A6,0x39C7,0x3186,0x2104,0x18E3,
0x10A2,0x2104,0x2124,0x18E3,0x2104,0x18C3,0x18C3,0x2124,0x2945,0x2104,0x2124,0x2945,0x2945,0x2945,0x10A2,0x2124,
0x31A6,0x52AA,0x2965,0x3186,0x4228,0x4208,0x39C7,0x39C7,0x2124,0x3186,0x2945,0x39C7,0x2965,0x31A6,0x4228,0x4228,
0x39E7,0x4208,0x528A,0x52AA,0x528A,0x52AA,0x52AA,0x6B4D,0x6B4D,0x632C,0x6B4D,0x6B4D,0x6B4D,0x528A,0x6B4D,0x632C,
0x5AEB,0x31A6,0x3186,0x4A49,0x39E7,0x39E7,0x52AA,0x4228,0x4208,0x4228,0x4208,0x3186,0x52AA,0x4208,0x2965,0x2945,
0x4208,0x31A6,0x2965,0x18E3,0x39C7,0x3186,0x2104,0x3186,0x39E7,0x4228,0x2124,0x2104,0x4228,0x4228,0x3186,0x3186,
0x4228,0x3186,0x3186,0x2945,0x2104,0x3186,0x31A6,0x2104,0x2104,0x2124,0x2945,0x31A6,0x2124,0x18C3,0x2124,0x4228,
0x4228,0x4208,0x528A,0x39E7,0x52AA,0x52AA,0x39E7,0x52AA,0x6B4D,0x528A,0x39E7,0x4228,0x3186,0x4A49,0x39C7,0x4208,
0x52AA,0x528A,0x52AA,0x528A,0x5AEB,0x528A,0x52AA,0x4208,0x4228,0x4208,0x4208,0x4A49,0x528A,0x4228,0x4228,0x5ACB,
0x630C,0x8C71,0x8C51,0x528A,0x39E7,0x4228,0x39E7,0x52AA,0x4A69,0x6B6D,0x6B6D,0x632C,0x52AA,0x52AA,0x4208,0x4228,
0x4228,0x4208,0x39E7,0x52AA,0x5AEB,0x528A,0x4A69,0x6B6D,0x528A,0x52AA,0x52AA,0x5AEB,0x4208,0x4208,0x2124,0x2124,
0x2124,0x3186,0x4A49,0x39E7,0x4228,0x4A69,0x5AEB,0x4208,0x4208,0x2965,0x4208,0x5AEB,0x4208,0x39E7,0x4A49,0x5ACB,
0x39E7,0x4228,0x39E7,0x4228,0x31A6,0x39C7,0x3186,0x31A6,0x2124,0x2124,0x2945,0x2124,0x18E3,0x2104,0x31A6,0x4A49,
0x5ACB,0x3186,0x3186,0x2124,0x18C3,0x2124,0x39E7,0x3186,0x4A49,0x2104,0x2104,0x3186,0x31A6,0x18E3,0x10A2,0x10A2,
0x10A2,0x18E3,0x18C3,0x18E3,0x18E3,0x18C3,0x2945,0x18C3,0x1082,0x0841,0x1082,0x0861,0x0841,0x0020,0x1082,0x1082,
0x0000,0x18C3,0x18C3,0x0861,0x18C3,0x0861,0x0861,0x1082,0x1082,0x1082,0x0861,0x10A2,0x0841,0x1082,0x0841,0x10A2,
0x1082,0x10A2,0x2965,0x2124,0x2104,0x10A2,0x18E3,0x18E3,0x18C3,0x18C3,0x10A2,0x18C3,0x18E3,0x10A2,0x10A2,0x10A2,
0x18E3,0x1082,0x10A2,0x10A2,0x2124,0x18E3,0x10A2,0x1082,0x10A2,0x0841,0x0861,0x0020,0x1082,0x0841,0x0841,0x0841,
0x1082,0x2124,0x18E3,0x0861,0x1082,0x0861,0x18C3,0x10A2,0x2965,0x39E7,0x18C3,0x0020,0x0841,0x0020,0x0861,0x39C7,
0x39C7,0x1082,0x1082,0x1082,0x18C3,0x18C3,0x18E3,0x10A2,0x10A2,0x1082,0x2965,0x2124,0x1082,0x2104,0x10A2,0x18C3,
0x10A2,0x18E3,0x18E3,0x18C3,0x2945,0x2124,0x18C3,0x2124,0x2104,0x18E3,0x18E3,0x31A6,0x3186,0x2104,0x18E3,0x10A2,
0x18C3,0x2945,0x31A6,0x2104,0x2124,0x18E3,0x2124,0x2124,0x1082,0x4A69,0x31A6,0x31A6,0x18C3,0x2124,0x2124,0x10A2,
0x4208,0x31A6,0x2124,0x4228,0x52AA,0x52AA,0x4208,0x4208,0x4228,0x2104,0x39C7,0x31A6,0x3186,0x4228,0x2965,0x3186,
0x4228,0x4208,0x52AA,0x6B6D,0x632C,0x52AA,0x52AA,0x6B4D,0x632C,0x6B6D,0x6B4D,0x632C,0x6B6D,0x6B4D,0x6B4D,0x6B4D,
0x8430,0x6B6D,0x52AA,0x4228,0x4208,0x52AA,0x5ACB,0x4208,0x5ACB,0x31A6,0x4228,0x4A49,0x39E7,0x4228,0x2124,0x4208,
0x4208,0x3186,0x2124,0x2945,0x2965,0x31A6,0x3186,0x31A6,0x5ACB,0x8430,0x2965,0x31A6,0x528A,0x39E7,0x4A49,0x4208,
0x6B4D,0x4208,0x4A49,0x3186,0x2124,0x31A6,0x2124,0x2124,0x31A6,0x2124,0x2104,0x4228,0x2124,0x3186,0x52AA,0x52AA,
0x39E7,0x5ACB,0x4208,0x4228,0x52AA,0x528A,0x5AEB,0x52AA,0x52AA,0x5ACB,0x4208,0x31A6,0x3186,0x39E7,0x4A69,0x3186,
0x4208,0x39E7,0x4228,0x4A49,0x528A,0x52AA,0x5AEB,0x39E7,0x4228,0x39E7,0x4208,0x4208,0x5AEB,0x39C7,0x5ACB,0x528A,
0x5ACB,0x528A,0x528A,0x6B6D,0x6B6D,0x528A,0x4208,0x4228,0x52AA,0x52AA,0x528A,0x5ACB,0x2965,0x31A6,0x31A6,0x2965,
0x4208,0x4208,0x4208,0x5ACB,0x4A69,0x52AA,0x6B6D,0x6B4D,0x52AA,0x52AA,0x528A,0x528A,0x52AA,0x4228,0x3186,0x2124,
0x31A6,0x31A6,0x3186,0x4208,0x52AA,0x52AA,0x52AA,0x528A,0x5ACB,0x52AA,0x528A,0x4208,0x52AA,0x4A49,0x39E7,0x4208,
0x4228,0x4208,0x31A6,0x3186,0x4228,0x4208,0x39E7,0x31A6,0x3186,0x3186,0x2104,0x2104,0x39C7,0x3186,0x31A6,0x2965,
0x3186,0x31A6,0x3186,0x2124,0x2124,0x3186,0x4208,0x2124,0x39E7,0x31A6,0x3186,0x4A69,0x18C3,0x2124,0x2945,0x10A2,
0x1082,0x0861,0x1082,0x0861,0x10A2,0x2965,0x2124,0x1082,0x0861,0x0020,0x0841,0x0861,0x0000,0x1082,0x0861,0x1082,
0x10A2,0x10A2,0x18E3,0x2124,0x4A69,0x0861,0x1082,0x0841,0x10A2,0x3186,0x0000,0x0861,0x2945,0x0020,0x1082,0x2124,
0x1082,0x0861,0x18E3,0x10A2,0x18E3,0x18C3,0x18C3,0x0861,0x0861,0x2104,0x18C3,0x18C3,0x1082,0x0861,0x18E3,0x0861,
0x1082,0x18C3,0x1082,0x1082,0x1082,0x10A2,0x0841,0x18C3,0x0861,0x1082,0x10A2,0x0861,0x1082,0x0841,0x0841,0x0020,
0x0841,0x0020,0x0861,0x1082,0x18E3,0x1082,0x0020,0x18C3,0x1082,0x0861,0x1082,0x0020,0x10A2,0x0861,0x10A2,0x18C3,
0x0861,0x10A2,0x1082,0x0841,0x10A2,0x0861,0x10A2,0x1082,0x18C3,0x18C3,0x2124,0x0861,0x18E3,0x18C3,0x0020,0x18C3,
0x2124,0x1082,0x1082,0x18C3,0x2104,0x31A6,0x2124,0x2124,0x2124,0x2124,0x2124,0x2945,0x2104,0x3186,0x39C7,0x18C3,
0x2124,0x18C3,0x10A2,0x2124,0x18C3,0x18C3,0x10A2,0x18C3,0x2124,0x31A6,0x2104,0x18C3,0x2945,0x2104,0x2124,0x2124,
0x528A,0x4A49,0x3186,0x528A,0x4228,0x4228,0x39E7,0x4208,0x4208,0x2965,0x31A6,0x31A6,0x5ACB,0x4208,0x31A6,0x4208,
0x4208,0x5ACB,0x5ACB,0x528A,0x6B6D,0x632C,0x52AA,0x52AA,0x6B4D,0x5ACB,0x632C,0x8410,0x8C51,0x4228,0x4208,0x52AA,
0x8C51,0x630C,0x6B6D,0x4A69,0x6B6D,0x6B4D,0x6B4D,0x632C,0x528A,0x4208,0x528A,0x5ACB,0x39E7,0x738E,0x4228,0x3186,
0x3186,0x3186,0x3186,0x2965,0x31A6,0x31A6,0x4208,0x4208,0x3186,0x4A69,0x2965,0x31A6,0x31A6,0x4208,0x4228,0x2965,
0x3186,0x2965,0x4A49,0x39C7,0x2124,0x2104,0x2124,0x3186,0x4228,0x3186,0x2124,0x10A2,0x31A6,0x5ACB,0x52AA,0x4228,
0x39E7,0x52AA,0x52AA,0x5ACB,0x52AA,0x528A,0x52AA,0x4208,0x4208,0x4208,0x52AA,0x2965,0x4A49,0x3186,0x3186,0x31A6,
0x39E7,0x5ACB,0x39E7,0x4228,0x5ACB,0x528A,0x4A69,0x6B6D,0x5ACB,0x4A69,0x632C,0x6B6D,0x52AA,0x52AA,0x52AA,0x4208,
0x528A,0x6B6D,0x528A,0x52AA,0x5ACB,0x528A,0x528A,0x6B4D,0x6B4D,0x52AA,0x52AA,0x4228,0x31A6,0x39E7,0x4208,0x4228,
0x4228,0x39E7,0x52AA,0x52AA,0x52AA,0x5ACB,0x4A49,0x5ACB,0x52AA,0x52AA,0x5ACB,0x5ACB,0x39E7,0x5ACB,0x2965,0x2945,
0x31A6,0x2965,0x39C7,0x39E7,0x4208,0x4208,0x4A69,0x5AEB,0x52AA,0x39C7,0x4208,0x5ACB,0x4228,0x4208,0x5AEB,0x528A,
0x4208,0x31A6,0x2104,0x2945,0x3186,0x4228,0x528A,0x4228,0x4228,0x3186,0x18E3,0x31A6,0x31A6,0x2965,0x4228,0x4208,
0x52AA,0x528A,0x4208,0x31A6,0x2104,0x31A6,0x3186,0x31A6,0x3186,0x3186,0x2945,0x2104,0x2945,0x18C3,0x18E3,0x10A2,
0x10A2,0x10A2,0x18C3,0x18E3,0x10A2,0x18C3,0x18E3,0x0861,0x1082,0x10A2,0x0020,0x0020,0x0841,0x0000,0x0861,0x0020,
0x0841,0x0841,0x0020,0x2124,0x2124,0x10A2,0x1082,0x0841,0x0020,0x0841,0x0861,0x18E3,0x2104,0x0841,0x0861,0x10A2,
0x1082,0x0861,0x2104,0x18C3,0x0861,0x0861,0x10A2,0x1082,0x18C3,0x10A2,0x0861,0x10A2,0x1082,0x18E3,0x0000,0x18C3,
0x10A2,0x1082,0x0841,0x0841,0x10A2,0x0861,0x10A2,0x1082,0x2104,0x1082,0x1082,0x1082,0x0841,0x0861,0x1082,0x1082,
0x0020,0x0841,0x0841,0x0000,0x10A2,0x0861,0x0841,0x0020,0x0841,0x0020,0x10A2,0x1082,0x0861,0x0861,0x1082,0x18C3,
0x10A2,0x0020,0x1082,0x1082,0x0020,0x18C3,0x2104,0x1082,0x18E3,0x10A2,0x1082,0x1082,0x1082,0x1082,0x1082,0x1082,
0x0861,0x0841,0x1082,0x18E3,0x2104,0x2124,0x2124,0x2124,0x2124,0x18C3,0x18C3,0x18E3,0x10A2,0x18E3,0x18C3,0x2945,
0x2124,0x18C3,0x2124,0x2124,0x18C3,0x2124,0x2965,0x2945,0x2945,0x2124,0x2945,0x2104,0x2104,0x18C3,0x18C3,0x18C3,
0x4228,0x2965,0x31A6,0x52AA,0x2104,0x3186,0x4228,0x4228,0x4228,0x5AEB,0x3186,0x39E7,0x528A,0x39C7,0x2965,0x31A6,
0x39E7,0x4208,0x4A69,0x5ACB,0x39C7,0x5ACB,0x6B4D,0x6B4D,0x528A,0x6B4D,0x6B4D,0x6B6D,0x6B4D,0x528A,0x4228,0x528A,
0x52AA,0x528A,0x52AA,0x6B4D,0x6B4D,0x6B4D,0x632C,0x6B4D,0x5ACB,0x52AA,0x5AEB,0x6B6D,0x528A,0x52AA,0x39C7,0x4208,
0x4228,0x2965,0x4228,0x4A49,0x4208,0x39E7,0x4208,0x3186,0x4208,0x2965,0x4208,0x4228,0x3186,0x31A6,0x3186,0x31A6,
0x4A49,0x2965,0x4208,0x2965,0x2124,0x3186,0x2104,0x2945,0x2965,0x2124,0x2104,0x2965,0x4228,0x39E7,0x52AA,0x4208,
0x52AA,0x52AA,0x528A,0x632C,0x6B6D,0x6B6D,0x5AEB,0x738E,0x52AA,0x5ACB,0x4208,0x4208,0x4208,0x5ACB,0x528A,0x52AA,
0x4208,0x5ACB,0x52AA,0x4A69,0x5ACB,0x528A,0x6B4D,0x6B4D,0x6B4D,0x6B6D,0x6B4D,0x630C,0x52AA,0x39E7,0x4208,0x5ACB,
0x52AA,0x632C,0x6B4D,0x52AA,0x4A69,0x5ACB,0x528A,0x5ACB,0x528A,0x52AA,0x4208,0x39E7,0x4228,0x4228,0x6B6D,0x4228,
0x528A,0x6B6D,0x5ACB,0x39E7,0x39C7,0x5ACB,0x5AEB,0x4208,0x52AA,0x5ACB,0x39E7,0x39C7,0x4A49,0x5ACB,0x4208,0x18E3,
0x31A6,0x3186,0x4208,0x4A69,0x4208,0x5ACB,0x4A69,0x31A6,0x4228,0x4A49,0x39C7,0x2945,0x4208,0x4208,0x39E7,0x52AA,
0x4208,0x31A6,0x2965,0x31A6,0x39C7,0x39E7,0x8C71,0x52AA,0x2965,0x3186,0x5AEB,0x39E7,0x4208,0x4A49,0x52AA,0x528A,
0x4208,0x5ACB,0x4208,0x4208,0x4228,0x3186,0x4208,0x4A49,0x39E7,0x18E3,0x3186,0x2965,0x2104,0x18C3,0x18C3,0x2124,
0x2945,0x2124,0x1082,0x10A2,0x18C3,0x10A2,0x1082,0x2124,0x0020,0x0861,0x10A2,0x1082,0x2104,0x1082,0x0841,0x0841,
0x0841,0x0020,0x18C3,0x0020,0x0861,0x1082,0x0841,0x0861,0x0020,0x0841,0x18E3,0x0861,0x0020,0x0861,0x0020,0x0020,
0x1082,0x18C3,0x0841,0x18E3,0x2104,0x2104,0x0841,0x1082,0x18C3,0x1082,0x0841,0x0841,0x1082,0x10A2,0x1082,0x0000,
0x0861,0x0841,0x0020,0x0841,0x1082,0x0841,0x0841,0x0020,0x0841,0x1082,0x1082,0x0861,0x10A2,0x1082,0x0861,0x2104,
0x18C3,0x0861,0x0861,0x1082,0x2124,0x1082,0x0841,0x0841,0x0861,0x0020,0x1082,0x1082,0x0861,0x18C3,0x1082,0x18E3,
0x2104,0x10A2,0x10A2,0x1082,0x10A2,0x1082,0x0841,0x1082,0x10A2,0x18E3,0x18C3,0x2104,0x18E3,0x1082,0x1082,0x0861,
0x0841,0x1082,0x10A2,0x0861,0x0861,0x18E3,0x2124,0x2104,0x2945,0x1082,0x10A2,0x2945,0x2124,0x1082,0x0861,0x18C3,
0x18E3,0x1082,0x2965,0x2104,0x2104,0x39C7,0x39C7,0x18E3,0x2124,0x10A2,0x18C3,0x2104,0x2965,0x18E3,0x3186,0x4208,
0x39C7,0x18C3,0x31A6,0x4A49,0x2104,0x3186,0x4A49,0x52AA,0x2945,0x5AEB,0x528A,0x528A,0x4A69,0x2945,0x4228,0x4208,
0x4A49,0x4208,0x5AEB,0x4208,0x5AEB,0x52AA,0x632C,0x6B4D,0x528A,0x6B6D,0x52AA,0x2965,0x31A6,0x4208,0x528A,0x52AA,
0x52AA,0x6B6D,0x8C71,0x632C,0x632C,0x632C,0x738E,0x6B6D,0x630C,0x6B4D,0x52AA,0x6B4D,0x632C,0x6B6D,0x52AA,0x52AA,
0x52AA,0x4228,0x4228,0x39E7,0x4208,0x5ACB,0x4A49,0x4228,0x5AEB,0x528A,0x5ACB,0x4208,0x4208,0x4208,0x4228,0x4208,
0x4208,0x4208,0x4208,0x3186,0x31A6,0x39C7,0x2104,0x3186,0x2124,0x31A6,0x2104,0x2104,0x3186,0x39E7,0x73AE,0x52AA,
0x4228,0x4208,0x5ACB,0x6B6D,0x632C,0x6B4D,0x6B4D,0x632C,0x528A,0x5ACB,0x39E7,0x4228,0x52AA,0x4A69,0x632C,0x5ACB,
0x528A,0x5ACB,0x52AA,0x52AA,0x6B6D,0x52AA,0x6B6D,0x6B4D,0x6B4D,0x6B4D,0x528A,0x5ACB,0x5ACB,0x52AA,0x39C7,0x5ACB,
0x52AA,0x5ACB,0x6B4D,0x528A,0x52AA,0x5ACB,0x6B6D,0x528A,0x5ACB,0x5ACB,0x52AA,0x4208,0x4A49,0x52AA,0x6B6D,0x4A49,
0x52AA,0x528A,0x6B4D,0x4228,0x4A49,0x39E7,0x4208,0x4208,0x528A,0x52AA,0x52AA,0x5AEB,0x4208,0x39E7,0x5AEB,0x4228,
0x31A6,0x31A6,0x31A6,0x39E7,0x39E7,0x4A49,0x3186,0x39C7,0x2965,0x2104,0x2945,0x4A49,0x4A49,0x4208,0x4A49,0x4208,
0x4208,0x4A49,0x2965,0x3186,0x31A6,0x39E7,0x4208,0x39E7,0x4A49,0x4228,0x4208,0x4228,0x4A69,0x52AA,0x5ACB,0x52AA,
0x39E7,0x4A49,0x2945,0x39C7,0x2965,0x4208,0x4228,0x2965,0x18E3,0x2124,0x31A6,0x3186,0x2965,0x2104,0x18C3,0x18C3,
0x2124,0x18C3,0x0841,0x18E3,0x18C3,0x18C3,0x1082,0x10A2,0x0841,0x0861,0x0841,0x0000,0x1082,0x0841,0x0000,0x1082,
0x0861,0x0000,0x0841,0x0841,0x0861,0x10A2,0x0000,0x18E3,0x2104,0x0841,0x0020,0x0020,0x0020,0x0020,0x1082,0x0841,
0x0861,0x10A2,0x5AEB,0x528A,0x10A2,0x0861,0x18C3,0x10A2,0x18C3,0x0861,0x2945,0x10A2,0x1082,0x10A2,0x0861,0x10A2,
0x0861,0x2104,0x2124,0x0861,0x0020,0x0020,0x1082,0x18E3,0x10A2,0x10A2,0x1082,0x1082,0x18E3,0x10A2,0x0841,0x10A2,
0x2104,0x0861,0x0861,0x0861,0x10A2,0x0020,0x0841,0x1082,0x1082,0x0841,0x0861,0x10A2,0x0861,0x1082,0x0841,0x0861,
0x18E3,0x0861,0x0861,0x1082,0x0861,0x10A2,0x18C3,0x18E3,0x2124,0x18E3,0x10A2,0x1082,0x1082,0x10A2,0x1082,0x1082,
0x0861,0x0841,0x0841,0x10A2,0x18C3,0x18E3,0x2124,0x31A6,0x2124,0x18C3,0x10A2,0x18C3,0x2104,0x18C3,0x2104,0x10A2,
0x18C3,0x18E3,0x2104,0x2104,0x39C7,0x3186,0x18C3,0x2965,0x18C3,0x18E3,0x2124,0x18E3,0x18E3,0x0861,0x3186,0x4A49,
0x18E3,0x1082,0x2965,0x4228,0x2124,0x31A6,0x2965,0x4208,0x6B6D,0x630C,0x528A,0x5AEB,0x39C7,0x4228,0x52AA,0x4208,
0x3186,0x4228,0x4208,0x2945,0x39E7,0x738E,0x4A69,0x5ACB,0x5ACB,0x6B4D,0x4228,0x3186,0x3186,0x52AA,0x52AA,0x52AA,
0x4208,0x52AA,0x632C,0x8430,0x8C51,0x8410,0x8430,0x8430,0x8C51,0x8C51,0x7BEF,0x632C,0x8C51,0x8410,0x8430,0x632C,
0x6B4D,0x4A49,0x5ACB,0x5AEB,0x528A,0x52AA,0x528A,0x4208,0x4A69,0x6B4D,0x632C,0x5AEB,0x6B6D,0x528A,0x4228,0x4208,
0x4228,0x4228,0x31A6,0x31A6,0x2965,0x3186,0x39C7,0x3186,0x3186,0x18E3,0x2945,0x31A6,0x4228,0x5AEB,0x4208,0x39C7,
0x528A,0x52AA,0x6B4D,0x6B4D,0x5ACB,0x528A,0x6B6D,0x4228,0x4208,0x39E7,0x630C,0x4208,0x39E7,0x632C,0x39E7,0x4228,
0x5ACB,0x5ACB,0x528A,0x52AA,0x4A69,0x52AA,0x6B4D,0x4A69,0x5AEB,0x4A49,0x52AA,0x39E7,0x528A,0x5ACB,0x5ACB,0x6B4D,
0x528A,0x4A69,0x738E,0x528A,0x52AA,0x52AA,0x632C,0x6B6D,0x52AA,0x4A69,0x5ACB,0x4A49,0x39C7,0x52AA,0x528A,0x5ACB,
0x4228,0x2965,0x4208,0x2965,0x4A49,0x2965,0x4208,0x4228,0x4228,0x4A69,0x39E7,0x4A49,0x4208,0x39E7,0x4208,0x4228,
0x4208,0x3186,0x31A6,0x4228,0x4228,0x3186,0x2104,0x2124,0x2965,0x10A2,0x2965,0x2965,0x2965,0x4208,0x39C7,0x3186,
0x4208,0x2965,0x39C7,0x3186,0x31A6,0x4A49,0x2965,0x39C7,0x2965,0x4228,0x4208,0x4228,0x4A49,0x39C7,0x52AA,0x5ACB,
0x52AA,0x39E7,0x31A6,0x2124,0x2965,0x3186,0x3186,0x31A6,0x18E3,0x2945,0x10A2,0x2945,0x2124,0x31A6,0x2104,0x2124,
0x2945,0x18C3,0x0841,0x10A2,0x0861,0x18E3,0x18E3,0x1082,0x0841,0x10A2,0x0000,0x0841,0x0861,0x0841,0x0020,0x0861,
0x0000,0x0861,0x0020,0x0020,0x0020,0x1082,0x0841,0x0861,0x0841,0x0841,0x0841,0x0861,0x0841,0x0000,0x1082,0x0020,
0x1082,0x18C3,0x528A,0x4208,0x1082,0x10A2,0x0861,0x1082,0x1082,0x18E3,0x10A2,0x1082,0x1082,0x1082,0x0020,0x0861,
0x0020,0x10A2,0x18E3,0x0841,0x0020,0x10A2,0x10A2,0x10A2,0x10A2,0x1082,0x18C3,0x18E3,0x1082,0x0861,0x0861,0x1082,
0x0861,0x0861,0x10A2,0x18C3,0x1082,0x1082,0x1082,0x10A2,0x0861,0x1082,0x1082,0x18C3,0x1082,0x0861,0x1082,0x1082,
0x1082,0x1082,0x10A2,0x1082,0x0861,0x18C3,0x2104,0x18C3,0x10A2,0x18E3,0x3186,0x2124,0x18C3,0x18C3,0x0861,0x1082,
0x10A2,0x1082,0x0861,0x10A2,0x18C3,0x18C3,0x18C3,0x2104,0x10A2,0x18E3,0x18E3,0x0861,0x10A2,0x2124,0x2945,0x0841,
0x18C3,0x31A6,0x2965,0x39C7,0x3186,0x31A6,0x2945,0x18C3,0x1082,0x0841,0x1082,0x0841,0x18E3,0x18E3,0x18C3,0x0841,
0x18E3,0x18E3,0x31A6,0x528A,0x2124,0x4208,0x31A6,0x52AA,0x6B4D,0x528A,0x4208,0x52AA,0x4228,0x5ACB,0x528A,0x39E7,
0x4228,0x31A6,0x5AEB,0x4A49,0x4228,0x5ACB,0x39C7,0x4228,0x52AA,0x4A69,0x4A49,0x3186,0x4A49,0x528A,0x52AA,0x4208,
0x31A6,0x4208,0x6B4D,0x6B4D,0x6B6D,0x8430,0x632C,0x632C,0x8410,0x8C51,0x8C51,0x8C51,0x8430,0x8C71,0x8C51,0x8C51,
0x8C51,0x8430,0x9492,0x632C,0x630C,0x6B6D,0x8C51,0x6B4D,0x6B4D,0x6B4D,0x6B6D,0x4A69,0x528A,0x738E,0x632C,0x52AA,
0x528A,0x6B6D,0x52AA,0x4208,0x31A6,0x31A6,0x3186,0x3186,0x4A49,0x39E7,0x4208,0x4228,0x39E7,0x39E7,0x39E7,0x5AEB,
0x52AA,0x5ACB,0x52AA,0x528A,0x5ACB,0x528A,0x5ACB,0x3186,0x4A49,0x39E7,0x39E7,0x4208,0x4228,0x39E7,0x4228,0x528A,
0x39E7,0x52AA,0x5ACB,0x5ACB,0x6B4D,0x632C,0x6B6D,0x6B4D,0x52AA,0x52AA,0x630C,0x5ACB,0x528A,0x5ACB,0x52AA,0x528A,
0x6B4D,0x738E,0x528A,0x528A,0x5AEB,0x4A69,0x52AA,0x528A,0x52AA,0x52AA,0x528A,0x52AA,0x4208,0x4228,0x52AA,0x632C,
0x4208,0x2965,0x4228,0x31A6,0x2965,0x39C7,0x2945,0x4A49,0x4208,0x5ACB,0x4208,0x39E7,0x4228,0x4208,0x4208,0x4228,
0x3186,0x39C7,0x2965,0x3186,0x4A69,0x31A6,0x2124,0x18C3,0x1082,0x18E3,0x18E3,0x2124,0x31A6,0x31A6,0x2965,0x2104,
0x31A6,0x2965,0x31A6,0x3186,0x18E3,0x31A6,0x31A6,0x2965,0x4228,0x4208,0x39E7,0x4228,0x4208,0x5ACB,0x4208,0x52AA,
0x5AEB,0x39E7,0x4228,0x2124,0x2965,0x3186,0x31A6,0x31A6,0x528A,0x18C3,0x2104,0x10A2,0x3186,0x2124,0x2124,0x2124,
0x3186,0x2945,0x10A2,0x0861,0x0841,0x0861,0x1082,0x0020,0x0841,0x0841,0x0841,0x0020,0x0020,0x0000,0x1082,0x0841,
0x0861,0x18E3,0x10A2,0x0000,0x0841,0x0000,0x0861,0x0841,0x10A2,0x0020,0x0841,0x0020,0x1082,0x1082,0x0000,0x0020,
0x1082,0x10A2,0x0841,0x0861,0x18C3,0x0841,0x1082,0x18C3,0x10A2,0x31A6,0x2104,0x10A2,0x0841,0x18C3,0x0861,0x0861,
0x10A2,0x0841,0x0020,0x0020,0x0841,0x1082,0x0020,0x0841,0x1082,0x0841,0x1082,0x18C3,0x18C3,0x18E3,0x18E3,0x18E3,
0x1082,0x1082,0x1082,0x10A2,0x0841,0x18C3,0x0861,0x0861,0x18C3,0x1082,0x18C3,0x10A2,0x1082,0x0861,0x1082,0x10A2,
0x1082,0x2124,0x18E3,0x1082,0x2104,0x2124,0x18E3,0x10A2,0x10A2,0x2124,0x2945,0x10A2,0x0841,0x0861,0x1082,0x1082,
0x0861,0x0861,0x0861,0x1082,0x18C3,0x18C3,0x18C3,0x18E3,0x18C3,0x2104,0x2945,0x18E3,0x0841,0x1082,0x10A2,0x2104,
0x18C3,0x31A6,0x3186,0x39C7,0x2104,0x2104,0x2104,0x18C3,0x18E3,0x0861,0x2104,0x18C3,0x2104,0x10A2,0x1082,0x2104,
0x18C3,0x2104,0x3186,0x3186,0x3186,0x31A6,0x4208,0x632C,0x528A,0x6B6D,0x5ACB,0x39E7,0x528A,0x4A69,0x4208,0x39C7,
0x4A49,0x8C51,0x632C,0x4228,0x39E7,0x39E7,0x528A,0x39C7,0x52AA,0x4208,0x3186,0x2965,0x2945,0x4228,0x4228,0x4208,
0x52AA,0x52AA,0x528A,0x632C,0x4A69,0x5ACB,0x528A,0x73AE,0x8430,0x8410,0x8C71,0x8430,0x8410,0x8410,0x8410,0x8430,
0x8410,0x8C51,0x8410,0x8410,0x8C71,0x8410,0x8410,0x8C51,0x8430,0x8C51,0x632C,0x6B4D,0x738E,0x632C,0x632C,0x6B6D,
0x8C71,0x632C,0x6B4D,0x738E,0x52AA,0x4208,0x39E7,0x52AA,0x528A,0x5ACB,0x528A,0x4208,0x4228,0x4228,0x5ACB,0x52AA,
0x52AA,0x528A,0x52AA,0x52AA,0x528A,0x630C,0x4A69,0x3186,0x3186,0x31A6,0x2965,0x4A49,0x4228,0x528A,0x4208,0x4228,
0x52AA,0x5ACB,0x4A49,0x73AE,0x528A,0x6B4D,0x52AA,0x632C,0x52AA,0x528A,0x4A69,0x4A49,0x5AEB,0x528A,0x6B4D,0x5ACB,
0x6B6D,0x4A49,0x630C,0x5AEB,0x4A69,0x52AA,0x738E,0x528A,0x52AA,0x52AA,0x528A,0x528A,0x4A49,0x4208,0x528A,0x5ACB,
0x5ACB,0x4A49,0x2965,0x3186,0x31A6,0x3186,0x31A6,0x3186,0x4208,0x528A,0x39E7,0x39C7,0x4228,0x31A6,0x4228,0x39E7,
0x3186,0x2104,0x2124,0x3186,0x2965,0x3186,0x39C7,0x10A2,0x18E3,0x0861,0x10A2,0x18E3,0x2124,0x2965,0x2124,0x31A6,
0x2965,0x39C7,0x2965,0x3186,0x3186,0x31A6,0x3186,0x39C7,0x5ACB,0x39C7,0x4A49,0x39E7,0x5ACB,0x52AA,0x39E7,0x4A49,
0x31A6,0x5AEB,0x4208,0x18E3,0x31A6,0x39C7,0x2104,0x2104,0x2965,0x3186,0x2104,0x10A2,0x18E3,0x2945,0x18E3,0x18E3,
0x18C3,0x1082,0x10A2,0x18C3,0x0861,0x0841,0x10A2,0x0841,0x0020,0x0000,0x2124,0x1082,0x10A2,0x0841,0x0861,0x0020,
0x18C3,0x1082,0x1082,0x0861,0x0861,0x0841,0x0020,0x1082,0x18C3,0x10A2,0x1082,0x0841,0x0861,0x0020,0x0841,0x18C3,
0x0841,0x0020,0x10A2,0x0841,0x1082,0x0000,0x18E3,0x18C3,0x2104,0x10A2,0x10A2,0x0020,0x0000,0x2104,0x1082,0x0020,
0x10A2,0x1082,0x0861,0x0841,0x0020,0x0020,0x0020,0x10A2,0x10A2,0x1082,0x0020,0x0841,0x2104,0x2124,0x18C3,0x18C3,
0x18E3,0x18C3,0x1082,0x1082,0x0841,0x18C3,0x1082,0x18E3,0x3186,0x0861,0x18E3,0x0861,0x1082,0x18C3,0x0841,0x10A2,
0x18C3,0x18C3,0x1082,0x1082,0x2104,0x2945,0x2124,0x18E3,0x18C3,0x2945,0x10A2,0x18C3,0x18E3,0x18C3,0x2104,0x0861,
0x18E3,0x18E3,0x10A2,0x10A2,0x10A2,0x0861,0x0861,0x18C3,0x18E3,0x1082,0x1082,0x18C3,0x10A2,0x18C3,0x0841,0x10A2,
0x3186,0x4228,0x4A49,0x2945,0x2965,0x39C7,0x2945,0x18C3,0x2124,0x0861,0x10A2,0x1082,0x1082,0x0861,0x0861,0x2104,
0x18C3,0x2124,0x39C7,0x3186,0x4228,0x31A6,0x4A69,0x52AA,0x528A,0x6B6D,0x52AA,0x528A,0x6B6D,0x6B6D,0x4228,0x2965,
0x39E7,0x6B4D,0x6B4D,0x39E7,0x5ACB,0x5ACB,0x4208,0x52AA,0x5ACB,0x4208,0x31A6,0x2124,0x2965,0x4208,0x4A49,0x4A69,
0x738E,0x4A69,0x5ACB,0x5ACB,0x6B4D,0x632C,0x632C,0x8430,0x8C51,0x8C51,0x8410,0x8C51,0x8430,0x9492,0x8430,0x8C51,
0x8C51,0x8430,0x8410,0x8C71,0x8430,0x8C71,0x8410,0x8430,0x6B4D,0x5AEB,0x8C71,0x8430,0x632C,0x8430,0x8C51,0x8430,
0x8430,0x632C,0x630C,0x528A,0x52AA,0x6B4D,0x6B4D,0x6B4D,0x52AA,0x39E7,0x5AEB,0x4208,0x4208,0x4228,0x39E7,0x39E7,
0x5ACB,0x52AA,0x5ACB,0x52AA,0x39E7,0x4A69,0x4228,0x31A6,0x4228,0x2965,0x4A49,0x2965,0x4228,0x4208,0x39E7,0x5ACB,
0x6B4D,0x5ACB,0x5ACB,0x4228,0x52AA,0x5AEB,0x630C,0x6B6D,0x6B4D,0x6B6D,0x6B4D,0x73AE,0x632C,0x632C,0x6B4D,0x632C,
0x6B6D,0x6B4D,0x5AEB,0x528A,0x6B4D,0x528A,0x5ACB,0x4A69,0x52AA,0x528A,0x5ACB,0x528A,0x528A,0x5ACB,0x528A,0x52AA,
0x39E7,0x39E7,0x4208,0x3186,0x3186,0x31A6,0x3186,0x2965,0x3186,0x4A49,0x31A6,0x2965,0x4208,0x3186,0x2965,0x4228,
0x31A6,0x2945,0x31A6,0x3186,0x4228,0x31A6,0x2124,0x18C3,0x10A2,0x2124,0x10A2,0x1082,0x18C3,0x18C3,0x2104,0x2124,
0x31A6,0x2104,0x39C7,0x2965,0x39E7,0x2965,0x2965,0x2965,0x3186,0x39C7,0x3186,0x4228,0x52AA,0x5ACB,0x4208,0x2945,
0x31A6,0x4A49,0x4208,0x3186,0x39E7,0x18E3,0x2124,0x18E3,0x31A6,0x738E,0x39E7,0x18E3,0x18E3,0x2124,0x2104,0x18C3,
0x2124,0x18E3,0x18E3,0x2124,0x1082,0x0861,0x1082,0x0841,0x0861,0x0020,0x18C3,0x0000,0x0020,0x0000,0x0020,0x0841,
0x0020,0x0841,0x0841,0x0020,0x0000,0x18E3,0x0841,0x0020,0x0020,0x10A2,0x0861,0x0020,0x0861,0x1082,0x18E3,0x0000,
0x0841,0x0861,0x10A2,0x0861,0x0861,0x2965,0x0841,0x0020,0x0861,0x1082,0x0841,0x1082,0x0841,0x0000,0x10A2,0x1082,
0x0000,0x0020,0x0020,0x0861,0x0861,0x0861,0x0861,0x0861,0x0841,0x1082,0x1082,0x0020,0x0861,0x0861,0x0841,0x10A2,
0x0861,0x0841,0x1082,0x1082,0x1082,0x18C3,0x1082,0x2104,0x2945,0x0861,0x10A2,0x1082,0x10A2,0x18E3,0x10A2,0x2104,
0x2104,0x10A2,0x0861,0x10A2,0x1082,0x18C3,0x2945,0x18E3,0x10A2,0x18E3,0x10A2,0x18E3,0x18C3,0x10A2,0x18C3,0x1082,
0x0861,0x18E3,0x18C3,0x1082,0x18C3,0x18C3,0x18C3,0x18C3,0x2945,0x3186,0x2124,0x1082,0x0861,0x18C3,0x3186,0x4A49,
0x2965,0x3186,0x5AEB,0x4A69,0x31A6,0x2104,0x18E3,0x2124,0x0861,0x1082,0x0861,0x1082,0x1082,0x10A2,0x10A2,0x1082,
0x2124,0x2104,0x3186,0x4228,0x2965,0x4208,0x738E,0x6B4D,0x5ACB,0x39C7,0x528A,0x52AA,0x5ACB,0x39E7,0x4228,0x4228,
0x4228,0x39C7,0x5ACB,0x4228,0x528A,0x39E7,0x4228,0x4208,0x52AA,0x4208,0x2124,0x2124,0x2945,0x4228,0x4208,0x5ACB,
0x528A,0x5ACB,0x528A,0x632C,0x6B4D,0x8C51,0x8C51,0x8430,0x8430,0x8430,0x8C51,0x8410,0x8C51,0x632C,0x632C,0x6B4D,
0x632C,0x6B6D,0x6B4D,0x39E7,0x52AA,0x528A,0x528A,0x6B4D,0x632C,0x9492,0x8430,0x8410,0x8C51,0x8430,0x8C51,0x6B4D,
0x6B4D,0x52AA,0x6B4D,0x6B6D,0x52AA,0x528A,0x6B4D,0x632C,0x6B4D,0x4228,0x39E7,0x4228,0x39E7,0x4228,0x5ACB,0x4208,
0x4208,0x52AA,0x528A,0x52AA,0x5ACB,0x4208,0x4208,0x4208,0x4208,0x52AA,0x6B6D,0x39E7,0x4228,0x4228,0x4228,0x528A,
0x52AA,0x39E7,0x52AA,0x5AEB,0x528A,0x52AA,0x52AA,0x6B4D,0x6B4D,0x52AA,0x6B4D,0x6B4D,0x528A,0x6B6D,0x6B4D,0x6B4D,
0x632C,0x6B4D,0x632C,0x6B4D,0x528A,0x52AA,0x4208,0x5ACB,0x52AA,0x52AA,0x52AA,0x5ACB,0x4A69,0x5ACB,0x4208,0x4208,
0x52AA,0x4A49,0x4208,0x31A6,0x2104,0x31A6,0x2965,0x4228,0x3186,0x3186,0x3186,0x2945,0x2965,0x4A69,0x2965,0x31A6,
0x3186,0x2104,0x39C7,0x18E3,0x5ACB,0x4228,0x2124,0x18E3,0x18C3,0x18C3,0x18C3,0x2104,0x18E3,0x10A2,0x18E3,0x2104,
0x2124,0x2124,0x3186,0x31A6,0x2965,0x31A6,0x31A6,0x31A6,0x3186,0x39C7,0x2965,0x52AA,0x52AA,0x4208,0x39E7,0x39C7,
0x4208,0x4228,0x2965,0x31A6,0x3186,0x3186,0x2945,0x10A2,0x3186,0x4228,0x2104,0x18C3,0x18E3,0x2124,0x18C3,0x18C3,
0x18C3,0x2945,0x10A2,0x18E3,0x2124,0x2124,0x1082,0x10A2,0x1082,0x1082,0x0020,0x0841,0x0020,0x0861,0x0841,0x0861,
0x0861,0x0000,0x0841,0x0020,0x0841,0x0841,0x0841,0x0841,0x0841,0x0000,0x1082,0x0841,0x0020,0x1082,0x1082,0x0841,
0x0841,0x0841,0x0861,0x0861,0x0861,0x2124,0x1082,0x0841,0x0020,0x10A2,0x1082,0x0861,0x1082,0x1082,0x0020,0x1082,
0x10A2,0x10A2,0x0841,0x10A2,0x1082,0x0841,0x0841,0x1082,0x0841,0x0861,0x18C3,0x1082,0x0020,0x0861,0x10A2,0x18C3,
0x2124,0x18E3,0x18E3,0x0861,0x18C3,0x18E3,0x1082,0x18C3,0x10A2,0x1082,0x0020,0x10A2,0x0861,0x0861,0x10A2,0x10A2,
0x10A2,0x18E3,0x18C3,0x10A2,0x18C3,0x18C3,0x2104,0x2124,0x2945,0x10A2,0x18E3,0x18C3,0x18C3,0x18E3,0x0841,0x10A2,
0x18E3,0x10A2,0x18C3,0x2945,0x31A6,0x2104,0x10A2,0x2124,0x2104,0x31A6,0x2124,0x1082,0x2124,0x3186,0x39C7,0x2965,
0x31A6,0x4228,0x39E7,0x2965,0x31A6,0x31A6,0x2124,0x2124,0x10A2,0x2945,0x18C3,0x18E3,0x0861,0x1082,0x18E3,0x18C3,
0x2104,0x31A6,0x31A6,0x4208,0x4208,0x632C,0x6B4D,0x52AA,0x5ACB,0x39C7,0x52AA,0x4228,0x4228,0x528A,0x4208,0x4208,
0x52AA,0x4208,0x52AA,0x52AA,0x528A,0x52AA,0x52AA,0x528A,0x52AA,0x31A6,0x18E3,0x2945,0x3186,0x39C7,0x2965,0x5ACB,
0x52AA,0x4208,0x528A,0x6B4D,0x6B4D,0x8430,0x8C51,0x8430,0x8430,0x8410,0x9492,0x8C51,0x632C,0x632C,0x6B4D,0x52AA,
0x3186,0x39C7,0x2965,0x2104,0x3186,0x31A6,0x4228,0x52AA,0x5ACB,0x6B4D,0x8430,0x8C51,0x632C,0x632C,0x8C51,0x6B4D,
0x528A,0x4228,0x4208,0x6B6D,0x630C,0x52AA,0x52AA,0x4228,0x52AA,0x6B4D,0x6B6D,0x632C,0x528A,0x5ACB,0x528A,0x6B6D,
0x6B4D,0x52AA,0x632C,0x6B4D,0x4228,0x4228,0x4208,0x4208,0x52AA,0x52AA,0x52AA,0x4228,0x4208,0x4228,0x4208,0x52AA,
0x528A,0x4208,0x5ACB,0x528A,0x4208,0x52AA,0x4228,0x52AA,0x52AA,0x52AA,0x528A,0x4228,0x528A,0x528A,0x5ACB,0x6B6D,
0x6B6D,0x632C,0x5ACB,0x528A,0x528A,0x5ACB,0x4208,0x4208,0x39E7,0x52AA,0x4208,0x4A49,0x4208,0x4208,0x4228,0x4208,
0x4208,0x4228,0x3186,0x31A6,0x2104,0x3186,0x3186,0x3186,0x31A6,0x2965,0x31A6,0x2104,0x31A6,0x31A6,0x31A6,0x3186,
0x3186,0x2104,0x2965,0x1082,0x31A6,0x4A49,0x18E3,0x18C3,0x10A2,0x2965,0x10A2,0x1082,0x0861,0x10A2,0x1082,0x1082,
0x18C3,0x2945,0x18E3,0x3186,0x31A6,0x31A6,0x2104,0x2124,0x31A6,0x4208,0x4228,0x39E7,0x4228,0x4228,0x3186,0x31A6,
0x4208,0x31A6,0x4208,0x3186,0x31A6,0x2104,0x2945,0x10A2,0x1082,0x18C3,0x2124,0x18E3,0x2104,0x18C3,0x18E3,0x1082,
0x18C3,0x18C3,0x10A2,0x10A2,0x18C3,0x18C3,0x2124,0x1082,0x18C3,0x2945,0x0020,0x0841,0x0020,0x0841,0x0841,0x1082,
0x0841,0x0841,0x0841,0x0020,0x0020,0x0020,0x0020,0x0841,0x0841,0x0861,0x10A2,0x10A2,0x0020,0x1082,0x0861,0x0020,
0x0000,0x0861,0x1082,0x31A6,0x0841,0x0000,0x18C3,0x0020,0x0861,0x1082,0x2945,0x2124,0x0841,0x18C3,0x0000,0x0841,
0x1082,0x0000,0x0841,0x10A2,0x0841,0x0841,0x0841,0x0020,0x0841,0x0861,0x18C3,0x18C3,0x2124,0x1082,0x10A2,0x10A2,
0x0841,0x0861,0x18E3,0x10A2,0x1082,0x18E3,0x0861,0x18E3,0x0861,0x2124,0x2124,0x0861,0x10A2,0x1082,0x0861,0x1082,
0x18E3,0x18C3,0x0861,0x18C3,0x10A2,0x18E3,0x2104,0x2124,0x18C3,0x18E3,0x18E3,0x2104,0x18C3,0x18C3,0x10A2,0x18C3,
0x18C3,0x18E3,0x18C3,0x18C3,0x18E3,0x2104,0x2104,0x2945,0x2104,0x18E3,0x1082,0x2104,0x3186,0x2945,0x2124,0x2104,
0x4208,0x4228,0x4228,0x31A6,0x3186,0x3186,0x2124,0x2124,0x10A2,0x18E3,0x18C3,0x18E3,0x18C3,0x18C3,0x18C3,0x18E3,
0x4228,0x31A6,0x2945,0x4228,0x6B6D,0x8C71,0x528A,0x3186,0x39E7,0x5ACB,0x52AA,0x3186,0x4A69,0x94B2,0x39C7,0x4228,
0x5ACB,0x5ACB,0x39E7,0x52AA,0x528A,0x52AA,0x738E,0x6B4D,0x52AA,0x31A6,0x4A49,0x4A69,0x5ACB,0x3186,0x2965,0x4208,
0x5ACB,0x52AA,0x52AA,0x632C,0x6B4D,0x8C51,0x7BEF,0x8430,0x8430,0x8C51,0x5AEB,0x632C,0x73AE,0x6B4D,0x8C51,0x4208,
0x31A6,0x2965,0x31A6,0x31A6,0x2965,0x2104,0x39E7,0x528A,0x528A,0x528A,0x528A,0x528A,0x4A49,0x528A,0x52AA,0x8430,
0x738E,0x4A69,0x528A,0x6B4D,0x9492,0x632C,0x52AA,0x39C7,0x4228,0x4208,0x39E7,0x5ACB,0x5AEB,0x6B6D,0x6B4D,0x630C,
0x6B4D,0x632C,0x6B4D,0x6B6D,0x528A,0x528A,0x528A,0x6B4D,0x528A,0x4208,0x5ACB,0x4208,0x4208,0x39E7,0x528A,0x52AA,
0x5ACB,0x52AA,0x52AA,0x4228,0x31A6,0x4228,0x4208,0x4228,0x4208,0x5AEB,0x39E7,0x4208,0x5ACB,0x52AA,0x528A,0x52AA,
0x4A69,0x5ACB,0x4208,0x4228,0x4208,0x4228,0x31A6,0x4228,0x3186,0x31A6,0x4228,0x2124,0x31A6,0x4228,0x4208,0x31A6,
0x4A49,0x4208,0x3186,0x39C7,0x2104,0x2965,0x3186,0x31A6,0x4228,0x31A6,0x2124,0x10A2,0x2124,0x2965,0x2965,0x31A6,
0x31A6,0x2945,0x10A2,0x18C3,0x10A2,0x3186,0x2104,0x18E3,0x18E3,0x3186,0x2945,0x18C3,0x18C3,0x0861,0x1082,0x1082,
0x10A2,0x1082,0x2104,0x2104,0x2104,0x31A6,0x31A6,0x2104,0x3186,0x39C7,0x3186,0x4208,0x5AEB,0x2965,0x3186,0x3186,
0x31A6,0x31A6,0x31A6,0x39C7,0x2104,0x2124,0x2124,0x2945,0x18C3,0x2124,0x0861,0x2124,0x2945,0x2104,0x10A2,0x1082,
0x18E3,0x18E3,0x18E3,0x0841,0x1082,0x39C7,0x3186,0x18C3,0x18C3,0x1082,0x0841,0x0841,0x0020,0x0841,0x0000,0x0861,
0x0000,0x0861,0x0020,0x0020,0x0861,0x0020,0x10A2,0x0861,0x0861,0x2965,0x0861,0x0000,0x18C3,0x2124,0x0000,0x1082,
0x0861,0x0000,0x0841,0x18C3,0x1082,0x18C3,0x0020,0x0841,0x2945,0x31A6,0x2965,0x4228,0x18C3,0x18C3,0x0841,0x1082,
0x18C3,0x0841,0x0841,0x0020,0x0000,0x0861,0x1082,0x1082,0x18E3,0x1082,0x1082,0x18C3,0x2104,0x0861,0x0841,0x1082,
0x1082,0x1082,0x1082,0x18C3,0x18C3,0x2124,0x18E3,0x10A2,0x1082,0x4A49,0x4228,0x18C3,0x10A2,0x10A2,0x0861,0x1082,
0x1082,0x0861,0x10A2,0x18E3,0x18C3,0x10A2,0x2124,0x18E3,0x18C3,0x2124,0x2104,0x3186,0x2124,0x18C3,0x2945,0x18C3,
0x18C3,0x18C3,0x31A6,0x2124,0x2104,0x3186,0x31A6,0x2124,0x3186,0x2104,0x2124,0x4A49,0x3186,0x2104,0x2124,0x3186,
0x31A6,0x2104,0x3186,0x4228,0x2945,0x2124,0x2965,0x10A2,0x2124,0x18E3,0x18C3,0x2124,0x31A6,0x18E3,0x18E3,0x0841,
0x52AA,0x4A69,0x52AA,0x52AA,0x632C,0x6B4D,0x4228,0x3186,0x4228,0x4228,0x4228,0x2965,0x4A49,0x528A,0x39E7,0x4228,
0x39C7,0x52AA,0x4A49,0x39C7,0x5AEB,0x4208,0x528A,0x632C,0x52AA,0x3186,0x39E7,0x5AEB,0x39E7,0x4208,0x4A49,0x52AA,
0x39C7,0x5AEB,0x630C,0x8C51,0x9492,0x632C,0x8430,0x6B4D,0x632C,0x9492,0x528A,0x52AA,0x39E7,0x39C7,0x39E7,0x4228,
0x2945,0x4228,0x4228,0x4208,0x2945,0x31A6,0x5AEB,0x4208,0x4A49,0x5ACB,0x6B6D,0x4A69,0x5ACB,0x528A,0x4208,0x52AA,
0x528A,0x52AA,0x528A,0x528A,0x632C,0x632C,0x8C51,0x6B6D,0x528A,0x4208,0x3186,0x31A6,0x2965,0x2945,0x4228,0x5ACB,
0x52AA,0x4A69,0x5ACB,0x52AA,0x528A,0x5AEB,0x6B6D,0x632C,0x52AA,0x528A,0x5ACB,0x39E7,0x39E7,0x5AEB,0x6B6D,0x4A69,
0x52AA,0x4A69,0x39E7,0x52AA,0x52AA,0x4A49,0x4228,0x39E7,0x4228,0x528A,0x39E7,0x52AA,0x5ACB,0x52AA,0x5ACB,0x4208,
0x4208,0x4228,0x2965,0x4A49,0x3186,0x2965,0x2945,0x4228,0x31A6,0x2104,0x31A6,0x31A6,0x31A6,0x4228,0x3186,0x4228,
0x4228,0x4228,0x2124,0x2104,0x2124,0x2124,0x2104,0x2965,0x3186,0x2104,0x2124,0x2124,0x2945,0x3186,0x3186,0x2104,
0x3186,0x2104,0x2104,0x1082,0x18E3,0x10A2,0x4228,0x2104,0x1082,0x18E3,0x2124,0x18E3,0x2124,0x18C3,0x18C3,0x1082,
0x10A2,0x18C3,0x18C3,0x18E3,0x31A6,0x2104,0x31A6,0x3186,0x3186,0x4228,0x2965,0x4228,0x39C7,0x4A49,0x31A6,0x31A6,
0x2124,0x2104,0x2124,0x18E3,0x2104,0x2124,0x31A6,0x2965,0x2124,0x2945,0x18C3,0x1082,0x2104,0x2965,0x10A2,0x10A2,
0x1082,0x18E3,0x0861,0x18E3,0x18C3,0x31A6,0x2945,0x1082,0x18C3,0x10A2,0x0841,0x0841,0x0020,0x0841,0x0861,0x0000,
0x18C3,0x0000,0x0861,0x0861,0x0841,0x0000,0x0861,0x0861,0x18C3,0x0020,0x0861,0x0841,0x10A2,0x10A2,0x0861,0x10A2,
0x0861,0x0861,0x0861,0x0841,0x0000,0x1082,0x0841,0x0841,0x0861,0x2104,0x0841,0x1082,0x0861,0x0841,0x0841,0x18C3,
0x10A2,0x0020,0x0020,0x0841,0x0861,0x0841,0x0841,0x1082,0x31A6,0x2945,0x18C3,0x0861,0x0841,0x0841,0x1082,0x18E3,
0x0861,0x1082,0x10A2,0x18E3,0x18C3,0x2104,0x18E3,0x1082,0x18C3,0x0861,0x1082,0x18E3,0x10A2,0x0861,0x1082,0x10A2,
0x0861,0x2104,0x18C3,0x0861,0x18C3,0x2965,0x2965,0x2104,0x2124,0x2124,0x18C3,0x1082,0x10A2,0x18C3,0x2104,0x2945,
0x3186,0x3186,0x39C7,0x3186,0x31A6,0x5AEB,0x4208,0x3186,0x4208,0x4228,0x2965,0x31A6,0x3186,0x39C7,0x2945,0x2124,
0x31A6,0x18E3,0x39C7,0x3186,0x39E7,0x2945,0x2104,0x18C3,0x10A2,0x2104,0x10A2,0x2965,0x3186,0x1082,0x10A2,0x39E7,
0x52AA,0x6B4D,0x6B4D,0x632C,0x8C51,0x630C,0x4228,0x4208,0x2965,0x4228,0x4A49,0x4A49,0x2965,0x39E7,0x632C,0x39C7,
0x52AA,0x630C,0x2124,0x31A6,0x5ACB,0x39C7,0x5ACB,0x738E,0x4228,0x4228,0x4208,0x52AA,0x4208,0x4228,0x3186,0x4208,
0x5AEB,0x632C,0x8410,0x6B4D,0x4A49,0x6B4D,0x6B4D,0x6B4D,0x5ACB,0x4228,0x4A49,0x31A6,0x4A49,0x39C7,0x31A6,0x2124,
0x39C7,0x3186,0x2965,0x4228,0x4208,0x52AA,0x4208,0x3186,0x5ACB,0x4A69,0x4A69,0x4A49,0x4A69,0x52AA,0x52AA,0x4228,
0x528A,0x738E,0x6B6D,0x528A,0x5ACB,0x6B6D,0x528A,0x528A,0x528A,0x5AEB,0x4208,0x4228,0x31A6,0x4228,0x4A69,0x6B6D,
0x6B6D,0x6B6D,0x6B4D,0x632C,0x6B4D,0x6B4D,0x632C,0x52AA,0x4A69,0x4A69,0x39C7,0x4228,0x5ACB,0x630C,0x52AA,0x52AA,
0x528A,0x5ACB,0x4228,0x52AA,0x52AA,0x528A,0x52AA,0x4228,0x39E7,0x52AA,0x5AEB,0x528A,0x528A,0x4208,0x4208,0x4208,
0x4228,0x3186,0x18E3,0x31A6,0x39C7,0x39C7,0x3186,0x31A6,0x4208,0x3186,0x3186,0x2124,0x3186,0x39C7,0x39E7,0x31A6,
0x2965,0x39C7,0x2965,0x2945,0x2124,0x10A2,0x2104,0x4A49,0x2965,0x2965,0x2124,0x10A2,0x2124,0x2124,0x2104,0x2104,
0x2945,0x18E3,0x1082,0x18C3,0x0841,0x18E3,0x39C7,0x2124,0x18C3,0x18E3,0x18C3,0x18C3,0x18E3,0x18E3,0x10A2,0x1082,
0x1082,0x0861,0x18E3,0x10A2,0x2945,0x31A6,0x4208,0x31A6,0x31A6,0x3186,0x4208,0x4228,0x4208,0x2965,0x31A6,0x2104,
0x2124,0x2945,0x39C7,0x2104,0x39C7,0x2104,0x3186,0x3186,0x2104,0x3186,0x39C7,0x1082,0x10A2,0x2124,0x18E3,0x2124,
0x18E3,0x1082,0x0861,0x1082,0x18E3,0x0020,0x18E3,0x1082,0x10A2,0x10A2,0x0020,0x0861,0x1082,0x0841,0x1082,0x0841,
0x1082,0x18C3,0x0861,0x0000,0x0841,0x0020,0x0841,0x0020,0x0861,0x0000,0x10A2,0x0000,0x0020,0x0861,0x10A2,0x0861,
0x2124,0x2104,0x1082,0x1082,0x0861,0x0020,0x0020,0x0841,0x0841,0x0020,0x0841,0x0861,0x0841,0x0861,0x1082,0x0020,
0x0020,0x0020,0x0841,0x1082,0x18C3,0x0020,0x0841,0x1082,0x0000,0x1082,0x18E3,0x18C3,0x1082,0x0861,0x0861,0x18C3,
0x0861,0x0841,0x18C3,0x18C3,0x1082,0x2124,0x10A2,0x1082,0x0861,0x1082,0x1082,0x18E3,0x10A2,0x18C3,0x1082,0x0861,
0x0861,0x18E3,0x2124,0x4228,0x31A6,0x2104,0x10A2,0x2124,0x2104,0x10A2,0x2124,0x2965,0x18C3,0x2945,0x2945,0x2965,
0x4208,0x2124,0x31A6,0x10A2,0x4228,0x39E7,0x4228,0x31A6,0x31A6,0x2965,0x31A6,0x31A6,0x2104,0x18E3,0x2945,0x2104,
0x31A6,0x31A6,0x2965,0x31A6,0x2965,0x2945,0x2945,0x10A2,0x18C3,0x18C3,0x2124,0x39C7,0x18C3,0x18E3,0x2104,0x18E3,
0x4228,0x39E7,0x4228,0x52AA,0x632C,0x4A49,0x4208,0x4228,0x52AA,0x528A,0x4228,0x4228,0x2965,0x4208,0x31A6,0x3186,
0x4208,0x39E7,0x3186,0x4228,0x52AA,0x52AA,0x6B6D,0x4A69,0x52AA,0x5ACB,0x5ACB,0x52AA,0x4208,0x4228,0x4228,0x528A,
0x528A,0x6B4D,0x738E,0x6B4D,0x528A,0x6B6D,0x52AA,0x39E7,0x4228,0x4A49,0x31A6,0x2945,0x31A6,0x2965,0x18E3,0x18C3,
0x2104,0x2945,0x2104,0x39C7,0x39C7,0x2965,0x3186,0x52AA,0x4208,0x4208,0x5AEB,0x4A49,0x528A,0x528A,0x6B6D,0x630C,
0x6B4D,0x632C,0x632C,0x6B6D,0x6B4D,0x52AA,0x528A,0x4208,0x4208,0x528A,0x5ACB,0x4A49,0x52AA,0x6B4D,0x6B4D,0x630C,
0x6B4D,0x632C,0x632C,0x8430,0x6B6D,0x6B4D,0x6B4D,0x6B4D,0x52AA,0x4208,0x4228,0x52AA,0x52AA,0x528A,0x52AA,0x39E7,
0x4228,0x4228,0x39E7,0x4228,0x4208,0x39C7,0x4228,0x52AA,0x52AA,0x528A,0x4208,0x3186,0x39E7,0x4208,0x39C7,0x2124,
0x3186,0x39C7,0x39C7,0x2104,0x3186,0x2965,0x2945,0x3186,0x4A49,0x4228,0x4208,0x4228,0x39C7,0x2945,0x2945,0x2104,
0x39C7,0x18E3,0x2104,0x31A6,0x2124,0x1082,0x2945,0x4208,0x31A6,0x2104,0x18C3,0x18E3,0x0841,0x10A2,0x2965,0x3186,
0x4228,0x18C3,0x18E3,0x0861,0x1082,0x0000,0x1082,0x10A2,0x2945,0x2104,0x18C3,0x10A2,0x10A2,0x10A2,0x10A2,0x10A2,
0x0861,0x18E3,0x0841,0x18C3,0x2124,0x2965,0x39C7,0x2104,0x2104,0x31A6,0x3186,0x4A49,0x39C7,0x2104,0x31A6,0x2124,
0x2124,0x2124,0x18C3,0x1082,0x2945,0x18E3,0x2124,0x4A49,0x2945,0x2965,0x2124,0x2104,0x18C3,0x18C3,0x18C3,0x18C3,
0x18E3,0x1082,0x1082,0x1082,0x0020,0x0841,0x0841,0x10A2,0x0000,0x18C3,0x18E3,0x0000,0x0841,0x2104,0x18C3,0x18E3,
0x39E7,0x2945,0x18C3,0x18C3,0x1082,0x1082,0x0000,0x0020,0x0020,0x0841,0x0841,0x0841,0x0020,0x18C3,0x0861,0x18E3,
0x0861,0x0861,0x0861,0x0000,0x0841,0x0841,0x0020,0x0861,0x1082,0x0861,0x0000,0x1082,0x0020,0x0020,0x0020,0x0841,
0x0020,0x18E3,0x0861,0x0020,0x0841,0x0000,0x1082,0x0841,0x0841,0x0861,0x18C3,0x10A2,0x0861,0x0020,0x0000,0x1082,
0x1082,0x0020,0x1082,0x10A2,0x1082,0x2124,0x18C3,0x10A2,0x18E3,0x18C3,0x1082,0x1082,0x10A2,0x2945,0x2104,0x1082,
0x1082,0x2104,0x18C3,0x3186,0x39C7,0x2945,0x10A2,0x2945,0x2965,0x3186,0x18E3,0x31A6,0x2124,0x2104,0x2965,0x52AA,
0x5ACB,0x4208,0x31A6,0x39E7,0x3186,0x3186,0x39E7,0x4208,0x3186,0x2124,0x3186,0x31A6,0x2945,0x2124,0x31A6,0x4228,
0x2965,0x31A6,0x4A49,0x2965,0x2945,0x2124,0x2124,0x2945,0x2104,0x0841,0x2124,0x2945,0x2104,0x2124,0x2945,0x2104,
0x3186,0x39E7,0x4228,0x4228,0x4208,0x31A6,0x18E3,0x4208,0x3186,0x3186,0x31A6,0x3186,0x5ACB,0x52AA,0x2965,0x3186,
0x4208,0x3186,0x528A,0x39E7,0x528A,0x632C,0x6B4D,0x4228,0x39E7,0x528A,0x528A,0x4208,0x5ACB,0x4228,0x4208,0x5ACB,
0x5ACB,0x632C,0x528A,0x52AA,0x6B4D,0x632C,0x52AA,0x5AEB,0x4228,0x2965,0x2124,0x3186,0x2124,0x3186,0x31A6,0x2945,
0x2124,0x4208,0x5ACB,0x2965,0x4228,0x5ACB,0x528A,0x6B6D,0x5ACB,0x6B6D,0x630C,0x632C,0x6B4D,0x8C71,0x630C,0x6B6D,
0x6B6D,0x632C,0x6B6D,0x528A,0x52AA,0x52AA,0x528A,0x738E,0x6B4D,0x632C,0x8410,0x738E,0x632C,0x6B4D,0x73AE,0x6B4D,
0x6B4D,0x6B4D,0x632C,0x6B6D,0x6B4D,0x4A69,0x5ACB,0x52AA,0x5ACB,0x52AA,0x4208,0x52AA,0x6B4D,0x5ACB,0x52AA,0x5ACB,
0x39E7,0x4228,0x4228,0x4208,0x4228,0x5AEB,0x528A,0x4228,0x4208,0x31A6,0x3186,0x4A69,0x39E7,0x31A6,0x31A6,0x18E3,
0x31A6,0x18C3,0x3186,0x2945,0x3186,0x31A6,0x4228,0x3186,0x18C3,0x3186,0x31A6,0x4208,0x2965,0x31A6,0x2945,0x2104,
0x2124,0x18C3,0x2945,0x3186,0x10A2,0x0841,0x2124,0x3186,0x2124,0x2104,0x1082,0x2965,0x18C3,0x18C3,0x2104,0x4208,
0x31A6,0x10A2,0x18E3,0x0861,0x10A2,0x10A2,0x0861,0x2104,0x2104,0x18C3,0x18C3,0x1082,0x18E3,0x18C3,0x1082,0x1082,
0x1082,0x2104,0x10A2,0x18C3,0x2124,0x2124,0x18E3,0x2945,0x18C3,0x31A6,0x3186,0x2965,0x3186,0x2104,0x2945,0x2124,
0x2124,0x31A6,0x2104,0x18E3,0x2945,0x2965,0x18C3,0x2104,0x3186,0x2104,0x2104,0x2104,0x2124,0x18C3,0x10A2,0x0841,
0x0861,0x0841,0x1082,0x18C3,0x10A2,0x0861,0x1082,0x0861,0x18C3,0x10A2,0x0861,0x0861,0x1082,0x0841,0x0861,0x39C7,
0x8C51,0x9492,0x2124,0x1082,0x0861,0x0020,0x1082,0x0020,0x0841,0x0000,0x0020,0x18C3,0x0841,0x0841,0x1082,0x2124,
0x10A2,0x1082,0x0861,0x1082,0x0020,0x0020,0x2945,0x10A2,0x0020,0x0020,0x0861,0x2104,0x0841,0x0841,0x2965,0x1082,
0x0020,0x18E3,0x0841,0x0841,0x0861,0x0861,0x2945,0x2945,0x0861,0x0861,0x10A2,0x1082,0x10A2,0x18C3,0x1082,0x10A2,
0x1082,0x1082,0x0841,0x10A2,0x1082,0x1082,0x18E3,0x18C3,0x1082,0x10A2,0x18E3,0x1082,0x0020,0x2124,0x31A6,0x18E3,
0x18C3,0x18E3,0x18E3,0x18C3,0x18C3,0x0841,0x18C3,0x2945,0x2945,0x31A6,0x31A6,0x31A6,0x2945,0x5AEB,0x6B4D,0x5ACB,
0x528A,0x39E7,0x2965,0x31A6,0x4228,0x39E7,0x4228,0x4228,0x2104,0x31A6,0x2965,0x2124,0x2104,0x3186,0x2965,0x4228,
0x31A6,0x4228,0x2945,0x31A6,0x31A6,0x3186,0x2124,0x18C3,0x10A2,0x0861,0x18C3,0x2104,0x2124,0x2124,0x2104,0x6B6D,
0x52AA,0x4A49,0x4208,0x2965,0x2104,0x31A6,0x2945,0x2124,0x2124,0x2965,0x2104,0x39C7,0x528A,0x4A69,0x4A49,0x4A49,
0x5ACB,0x4208,0x2965,0x4A69,0x52AA,0x528A,0x4A49,0x4208,0x4A49,0x4228,0x5ACB,0x4208,0x5ACB,0x39E7,0x528A,0x4228,
0x39E7,0x5ACB,0x39E7,0x4228,0x528A,0x52AA,0x3186,0x4208,0x3186,0x2124,0x3186,0x31A6,0x3186,0x31A6,0x2965,0x3186,
0x4208,0x6B6D,0x8410,0x632C,0x6B4D,0x632C,0x6B4D,0x632C,0x632C,0x6B4D,0x6B4D,0x8430,0x8410,0x8C51,0x630C,0x6B6D,
0x6B4D,0x632C,0x6B4D,0x5AEB,0x528A,0x632C,0x6B6D,0x630C,0x6B6D,0x632C,0x6B4D,0x8430,0x630C,0x6B4D,0x632C,0x6B4D,
0x6B4D,0x8430,0x6B4D,0x4A49,0x73AE,0x528A,0x528A,0x528A,0x632C,0x738E,0x52AA,0x528A,0x528A,0x52AA,0x52AA,0x39E7,
0x5ACB,0x4208,0x4228,0x528A,0x528A,0x5ACB,0x4208,0x39E7,0x4208,0x3186,0x2104,0x31A6,0x39C7,0x3186,0x2965,0x39C7,
0x31A6,0x39C7,0x31A6,0x2965,0x39C7,0x3186,0x2945,0x39C7,0x4208,0x2965,0x2104,0x2124,0x3186,0x2124,0x2124,0x2945,
0x10A2,0x18C3,0x18C3,0x2104,0x18E3,0x18E3,0x2945,0x3186,0x2965,0x18E3,0x18C3,0x3186,0x10A2,0x1082,0x2124,0x31A6,
0x2124,0x18C3,0x18E3,0x1082,0x0861,0x1082,0x0020,0x0861,0x18C3,0x18C3,0x18C3,0x1082,0x18E3,0x18C3,0x0861,0x0861,
0x0841,0x18C3,0x18E3,0x18E3,0x1082,0x18E3,0x4A49,0x2124,0x18E3,0x2104,0x3186,0x2945,0x2124,0x18E3,0x1082,0x0861,
0x10A2,0x2945,0x2945,0x18C3,0x18C3,0x2124,0x2945,0x2124,0x2945,0x2945,0x39C7,0x2124,0x2124,0x18C3,0x10A2,0x2104,
0x18C3,0x10A2,0x0000,0x18E3,0x0861,0x0841,0x10A2,0x10A2,0x10A2,0x10A2,0x0000,0x0841,0x0841,0x0841,0x10A2,0x2945,
0x4A69,0x4208,0x1082,0x1082,0x0861,0x0000,0x0841,0x0020,0x0020,0x0861,0x10A2,0x0020,0x0841,0x0020,0x18C3,0x1082,
0x10A2,0x10A2,0x0841,0x18E3,0x18C3,0x0020,0x31A6,0x2124,0x0020,0x1082,0x1082,0x0000,0x0841,0x0841,0x2965,0x18C3,
0x0861,0x1082,0x0020,0x0841,0x0020,0x0000,0x0841,0x1082,0x0861,0x1082,0x18E3,0x0841,0x1082,0x18C3,0x1082,0x0841,
0x0861,0x10A2,0x0861,0x18C3,0x1082,0x0841,0x10A2,0x18C3,0x2124,0x18E3,0x10A2,0x18E3,0x31A6,0x2124,0x1082,0x18C3,
0x1082,0x0861,0x31A6,0x3186,0x2124,0x39C7,0x5ACB,0x18E3,0x4228,0x3186,0x3186,0x3186,0x4A49,0x632C,0x528A,0x528A,
0x5ACB,0x4A49,0x31A6,0x2965,0x5ACB,0x4208,0x31A6,0x2945,0x39C7,0x2965,0x2124,0x31A6,0x3186,0x39E7,0x2945,0x2104,
0x3186,0x3186,0x4228,0x39C7,0x2965,0x18E3,0x2104,0x18C3,0x18C3,0x18E3,0x2945,0x2945,0x1082,0x31A6,0x2945,0x4228,
0x528A,0x528A,0x4A49,0x3186,0x31A6,0x2965,0x39C7,0x2104,0x2124,0x39C7,0x2965,0x31A6,0x3186,0x31A6,0x4208,0x39E7,
0x632C,0x4208,0x4208,0x4208,0x4208,0x4208,0x39E7,0x4228,0x2965,0x4228,0x528A,0x5ACB,0x4208,0x52AA,0x5AEB,0x528A,
0x5ACB,0x528A,0x4208,0x4208,0x5ACB,0x4208,0x31A6,0x4228,0x3186,0x4228,0x52AA,0x4228,0x2965,0x3186,0x4A49,0x528A,
0x6B4D,0x632C,0x632C,0x738E,0x632C,0x6B4D,0x632C,0x6B6D,0x6B6D,0x6B4D,0x630C,0x8C51,0x6B4D,0x8430,0x8C51,0x6B4D,
0x8C51,0x630C,0x6B6D,0x630C,0x6B4D,0x6B6D,0x632C,0x5ACB,0x6B4D,0x6B4D,0x6B4D,0x632C,0x738E,0x630C,0x738E,0x632C,
0x632C,0x6B4D,0x52AA,0x5ACB,0x4A69,0x528A,0x5AEB,0x4208,0x52AA,0x4A69,0x52AA,0x52AA,0x5ACB,0x39C7,0x5AEB,0x4208,
0x4228,0x39C7,0x5ACB,0x6B4D,0x52AA,0x4208,0x3186,0x4208,0x31A6,0x2124,0x4228,0x3186,0x2104,0x2945,0x2124,0x2104,
0x2124,0x31A6,0x2965,0x31A6,0x2104,0x39C7,0x4208,0x3186,0x2965,0x39C7,0x2104,0x18C3,0x18E3,0x18C3,0x2945,0x2104,
0x18E3,0x1082,0x18C3,0x2965,0x18C3,0x0861,0x2104,0x31A6,0x2104,0x18C3,0x18E3,0x18E3,0x18C3,0x0861,0x2945,0x3186,
0x10A2,0x1082,0x1082,0x1082,0x0861,0x0020,0x0861,0x1082,0x1082,0x18E3,0x18C3,0x10A2,0x1082,0x18E3,0x1082,0x2124,
0x18E3,0x1082,0x18C3,0x0861,0x18E3,0x18C3,0x4208,0x2124,0x18C3,0x2104,0x2945,0x2124,0x0861,0x3186,0x39E7,0x0020,
0x1082,0x0861,0x1082,0x18E3,0x10A2,0x2104,0x2124,0x2124,0x2104,0x39C7,0x18E3,0x2104,0x18C3,0x10A2,0x18C3,0x2124,
0x2945,0x10A2,0x10A2,0x0841,0x0841,0x0020,0x1082,0x10A2,0x0841,0x0841,0x0841,0x0841,0x0861,0x39C7,0x2124,0x18C3,
0x1082,0x10A2,0x1082,0x1082,0x1082,0x0841,0x0020,0x0841,0x0841,0x0020,0x0841,0x0020,0x0020,0x10A2,0x2965,0x0841,
0x0841,0x5AEB,0x5ACB,0x10A2,0x18C3,0x0841,0x0020,0x0841,0x0020,0x0000,0x0861,0x0020,0x0020,0x0841,0x0861,0x0020,
0x0020,0x0841,0x0841,0x0020,0x0020,0x1082,0x0841,0x0841,0x0841,0x0861,0x2124,0x1082,0x10A2,0x0861,0x0861,0x1082,
0x0861,0x0841,0x0861,0x18C3,0x18C3,0x18C3,0x0861,0x18C3,0x18C3,0x18E3,0x18E3,0x1082,0x2104,0x2945,0x2124,0x18C3,
0x2124,0x2124,0x2124,0x2104,0x2945,0x2104,0x2945,0x2124,0x31A6,0x3186,0x3186,0x3186,0x528A,0x6B6D,0x738E,0x528A,
0x4208,0x39E7,0x31A6,0x4208,0x4208,0x4208,0x2965,0x31A6,0x2965,0x39C7,0x3186,0x2104,0x2945,0x2104,0x18E3,0x39C7,
0x3186,0x4A49,0x31A6,0x2124,0x4A49,0x31A6,0x2104,0x18E3,0x10A2,0x2104,0x2124,0x18C3,0x18C3,0x31A6,0x2945,0x2104,
0x52AA,0x4228,0x4228,0x2965,0x31A6,0x3186,0x31A6,0x3186,0x2124,0x4208,0x3186,0x4208,0x31A6,0x2945,0x39C7,0x3186,
0x4228,0x39E7,0x52AA,0x4228,0x4228,0x52AA,0x4208,0x4208,0x4228,0x528A,0x6B6D,0x39E7,0x4208,0x4208,0x4208,0x6B6D,
0x52AA,0x4228,0x528A,0x4208,0x5ACB,0x4228,0x2945,0x4228,0x3186,0x632C,0x52AA,0x3186,0x4228,0x52AA,0x632C,0x8C51,
0x8430,0x630C,0x6B6D,0x632C,0x632C,0x8C51,0x8C51,0x8430,0x8430,0x6B4D,0x8C51,0x632C,0x9492,0x8410,0x8410,0x8C51,
0x8C51,0x630C,0x632C,0x8C71,0x6B4D,0x6B4D,0x6B6D,0x632C,0x6B4D,0x8430,0x6B4D,0x6B4D,0x6B6D,0x630C,0x6B6D,0x632C,
0x738E,0x4A69,0x528A,0x4228,0x52AA,0x4208,0x5ACB,0x52AA,0x5ACB,0x528A,0x52AA,0x52AA,0x528A,0x4208,0x52AA,0x4208,
0x52AA,0x52AA,0x528A,0x5ACB,0x39E7,0x4228,0x39C7,0x2104,0x2965,0x2965,0x4A49,0x2965,0x2124,0x2945,0x2104,0x2124,
0x3186,0x4A49,0x3186,0x2124,0x2124,0x31A6,0x2965,0x2124,0x31A6,0x3186,0x2945,0x2104,0x18C3,0x1082,0x18C3,0x18C3,
0x2104,0x2965,0x18C3,0x18C3,0x10A2,0x0000,0x10A2,0x39C7,0x2945,0x1082,0x18C3,0x2124,0x18C3,0x18C3,0x10A2,0x2945,
0x18C3,0x1082,0x1082,0x0861,0x0000,0x0841,0x0020,0x0841,0x10A2,0x0861,0x18C3,0x18E3,0x0861,0x18C3,0x18E3,0x2124,
0x18C3,0x18E3,0x2945,0x18C3,0x0841,0x18E3,0x18C3,0x18C3,0x2104,0x2124,0x2124,0x2124,0x39C7,0x1082,0x10A2,0x0861,
0x18E3,0x10A2,0x18E3,0x18E3,0x2965,0x2124,0x18E3,0x2945,0x10A2,0x2124,0x2945,0x1082,0x0841,0x0841,0x10A2,0x18E3,
0x18E3,0x10A2,0x1082,0x0861,0x0000,0x0841,0x10A2,0x0020,0x0020,0x1082,0x0020,0x1082,0x0861,0x0000,0x10A2,0x0861,
0x0841,0x0841,0x0020,0x0841,0x0020,0x0020,0x0841,0x0841,0x0841,0x0020,0x0020,0x0841,0x18E3,0x4A49,0x0020,0x18E3,
0x2124,0x3186,0x4A49,0x0861,0x0020,0x0020,0x0861,0x0020,0x0020,0x0020,0x0841,0x0841,0x0020,0x0841,0x0000,0x0861,
0x0861,0x0000,0x0841,0x18C3,0x2104,0x18E3,0x0020,0x1082,0x0841,0x0841,0x18E3,0x0000,0x1082,0x18C3,0x1082,0x18C3,
0x1082,0x10A2,0x0861,0x10A2,0x0861,0x10A2,0x0861,0x18C3,0x10A2,0x3186,0x10A2,0x2124,0x2945,0x2124,0x2104,0x3186,
0x2104,0x31A6,0x2104,0x2104,0x2124,0x18C3,0x10A2,0x2945,0x31A6,0x3186,0x31A6,0x39E7,0x8430,0x6B6D,0x52AA,0x528A,
0x528A,0x52AA,0x52AA,0x4208,0x39E7,0x31A6,0x3186,0x4228,0x4228,0x3186,0x2124,0x31A6,0x2104,0x31A6,0x2965,0x3186,
0x4228,0x31A6,0x2945,0x4A69,0x39E7,0x4228,0x2104,0x2104,0x18C3,0x18C3,0x18C3,0x10A2,0x39C7,0x2945,0x18E3,0x31A6,
0x4208,0x39E7,0x4208,0x39C7,0x3186,0x3186,0x3186,0x3186,0x2965,0x39C7,0x31A6,0x4208,0x5ACB,0x4A49,0x2965,0x4228,
0x6B4D,0x5ACB,0x528A,0x52AA,0x4208,0x39E7,0x630C,0x2965,0x4228,0x4A69,0x52AA,0x52AA,0x39E7,0x39C7,0x31A6,0x2965,
0x3186,0x4228,0x4208,0x4208,0x39E7,0x4A49,0x31A6,0x4208,0x39E7,0x5AEB,0x4208,0x4208,0x6B4D,0x630C,0x6B6D,0x8410,
0x8430,0x8C71,0x8410,0x8430,0x6B6D,0x8430,0x8410,0x8430,0x8430,0x8430,0x8410,0x8C71,0x7BEF,0x8C51,0x8C71,0x8430,
0x8C51,0x8430,0x8C51,0x630C,0x6B4D,0x630C,0x52AA,0x6B6D,0x6B4D,0x6B4D,0x632C,0x6B4D,0x6B4D,0x6B6D,0x632C,0x6B4D,
0x528A,0x52AA,0x528A,0x4A49,0x52AA,0x4208,0x39E7,0x528A,0x52AA,0x5ACB,0x4208,0x52AA,0x5ACB,0x52AA,0x52AA,0x52AA,
0x39E7,0x5ACB,0x52AA,0x528A,0x4228,0x3186,0x2945,0x2124,0x31A6,0x2104,0x2104,0x2945,0x2104,0x2104,0x39C7,0x2104,
0x31A6,0x3186,0x3186,0x2965,0x2124,0x2124,0x31A6,0x2104,0x2124,0x2124,0x2124,0x2104,0x2104,0x1082,0x18C3,0x2104,
0x18E3,0x2965,0x10A2,0x18C3,0x10A2,0x18C3,0x2104,0x2965,0x2124,0x10A2,0x18C3,0x18E3,0x18C3,0x2124,0x2124,0x2965,
0x2945,0x10A2,0x10A2,0x1082,0x10A2,0x0861,0x0841,0x0020,0x1082,0x18E3,0x10A2,0x10A2,0x18E3,0x0861,0x10A2,0x18C3,
0x18C3,0x1082,0x0861,0x10A2,0x10A2,0x18E3,0x18C3,0x18C3,0x2945,0x2104,0x10A2,0x18C3,0x39C7,0x2104,0x0020,0x1082,
0x1082,0x18E3,0x2945,0x18C3,0x0861,0x18C3,0x3186,0x10A2,0x18E3,0x2124,0x10A2,0x0861,0x0841,0x0861,0x18C3,0x18C3,
0x10A2,0x18C3,0x0861,0x0020,0x0861,0x0020,0x0841,0x0020,0x0841,0x0841,0x0020,0x0020,0x0020,0x0841,0x2104,0x31A6,
0x1082,0x18C3,0x0861,0x0861,0x0020,0x1082,0x0000,0x0861,0x1082,0x0841,0x0841,0x0841,0x0000,0x4208,0x738E,0x18E3,
0x2104,0x10A2,0x18C3,0x1082,0x0841,0x0020,0x0020,0x0841,0x0861,0x10A2,0x18E3,0x0000,0x0841,0x0861,0x1082,0x0020,
0x0000,0x0841,0x18E3,0x18C3,0x0020,0x0841,0x0020,0x0861,0x18C3,0x0020,0x0020,0x0841,0x10A2,0x18E3,0x0000,0x0841,
0x0020,0x1082,0x10A2,0x0861,0x10A2,0x18C3,0x18E3,0x18E3,0x18E3,0x10A2,0x3186,0x5AEB,0x39E7,0x31A6,0x2945,0x2945,
0x2945,0x31A6,0x18E3,0x2945,0x2945,0x10A2,0x2104,0x2104,0x3186,0x31A6,0x4228,0x5ACB,0x8C71,0x630C,0x6B6D,0x632C,
0x6B6D,0x4A69,0x52AA,0x4A49,0x4228,0x4228,0x4228,0x528A,0x39E7,0x4A69,0x39E7,0x2965,0x39C7,0x39E7,0x630C,0x4208,
0x2965,0x52AA,0x52AA,0x2945,0x4A49,0x31A6,0x2104,0x2945,0x2945,0x18C3,0x18C3,0x2945,0x2104,0x18E3,0x39C7,0x4208,
0x528A,0x5ACB,0x4208,0x2965,0x39C7,0x3186,0x2965,0x39C7,0x3186,0x4228,0x2945,0x3186,0x4228,0x39C7,0x4A49,0x4A49,
0x4208,0x52AA,0x4208,0x4A49,0x4208,0x39E7,0x4208,0x4228,0x4228,0x4208,0x52AA,0x52AA,0x4228,0x2945,0x4A49,0x4208,
0x4228,0x3186,0x3186,0x630C,0x39E7,0x39C7,0x4208,0x4228,0x4A49,0x4228,0x6B6D,0x738E,0x630C,0x9492,0x6B6D,0x632C,
0x8430,0x630C,0x8C51,0x8C51,0x8C51,0x8410,0x8430,0x632C,0x6B4D,0x8430,0x6B6D,0x8410,0x632C,0x8C51,0x8410,0x632C,
0x6B4D,0x630C,0x6B6D,0x6B6D,0x632C,0x6B4D,0x632C,0x6B4D,0x6B4D,0x630C,0x6B6D,0x630C,0x630C,0x6B4D,0x6B4D,0x632C,
0x528A,0x6B4D,0x5AEB,0x4208,0x4208,0x4228,0x4208,0x4208,0x52AA,0x39C7,0x4208,0x4A69,0x39E7,0x39E7,0x4228,0x39E7,
0x4208,0x5ACB,0x528A,0x4208,0x4208,0x3186,0x4228,0x52AA,0x3186,0x31A6,0x39C7,0x18E3,0x2124,0x3186,0x2945,0x2104,
0x2945,0x2124,0x3186,0x2945,0x2124,0x2104,0x31A6,0x2124,0x2945,0x18E3,0x10A2,0x2945,0x2965,0x18E3,0x10A2,0x2124,
0x18C3,0x18C3,0x18C3,0x2124,0x18E3,0x1082,0x1082,0x2104,0x31A6,0x10A2,0x18C3,0x18C3,0x10A2,0x0861,0x1082,0x18E3,
0x2104,0x18C3,0x18E3,0x1082,0x0861,0x0000,0x0000,0x0841,0x0000,0x18C3,0x31A6,0x18C3,0x10A2,0x18E3,0x18C3,0x2945,
0x18C3,0x18C3,0x1082,0x18E3,0x18C3,0x0861,0x1082,0x18C3,0x18C3,0x10A2,0x18E3,0x18C3,0x0861,0x10A2,0x0861,0x0020,
0x1082,0x0841,0x18C3,0x18E3,0x10A2,0x18C3,0x2945,0x18E3,0x2104,0x2104,0x2124,0x18C3,0x0861,0x10A2,0x0841,0x18C3,
0x2945,0x18E3,0x10A2,0x0861,0x0861,0x0020,0x1082,0x0841,0x1082,0x0000,0x0861,0x0861,0x0841,0x0861,0x1082,0x10A2,
0x2124,0x4A49,0x2124,0x0841,0x0841,0x0000,0x31A6,0x18C3,0x0841,0x0020,0x0841,0x0000,0x0841,0x18C3,0x39C7,0x0841,
0x1082,0x0861,0x0020,0x0841,0x0020,0x0861,0x0841,0x0841,0x0000,0x0020,0x0020,0x0861,0x0841,0x1082,0x0841,0x1082,
0x10A2,0x0000,0x0841,0x0861,0x0841,0x10A2,0x0861,0x0000,0x0000,0x0841,0x1082,0x0000,0x0841,0x0841,0x0020,0x0841,
0x0020,0x1082,0x0861,0x1082,0x10A2,0x0861,0x1082,0x0861,0x2945,0x31A6,0x4228,0x2965,0x31A6,0x39C7,0x2965,0x2124,
0x10A2,0x2965,0x2945,0x10A2,0x18E3,0x2124,0x2945,0x31A6,0x3186,0x4208,0x39E7,0x52AA,0x7BEF,0x8C51,0x6B4D,0x6B4D,
0x52AA,0x4228,0x5ACB,0x52AA,0x4A69,0x4228,0x5ACB,0x4A69,0x52AA,0x39E7,0x4208,0x5AEB,0x4A69,0x52AA,0x39C7,0x4228,
0x4208,0x6B6D,0x6B6D,0x4208,0x39E7,0x2965,0x31A6,0x2104,0x18C3,0x2124,0x2104,0x2945,0x2104,0x4228,0x528A,0x5ACB,
0x4228,0x52AA,0x4208,0x4208,0x18E3,0x4228,0x4A49,0x2965,0x3186,0x2104,0x31A6,0x31A6,0x4228,0x4228,0x31A6,0x39C7,
0x4208,0x4228,0x4A49,0x4208,0x39E7,0x5ACB,0x4208,0x4208,0x4228,0x4228,0x528A,0x52AA,0x4A49,0x39E7,0x31A6,0x4A49,
0x4208,0x4A49,0x3186,0x39E7,0x4A49,0x5ACB,0x5AEB,0x528A,0x6B4D,0x6B6D,0x8C51,0x630C,0x8430,0x6B4D,0x632C,0x6B4D,
0x8430,0x9492,0x630C,0x632C,0x6B4D,0x8430,0x8C71,0x6B6D,0x632C,0x6B4D,0x6B4D,0x6B6D,0x632C,0x6B6D,0x6B6D,0x8430,
0x632C,0x6B6D,0x8430,0x632C,0x6B4D,0x6B6D,0x632C,0x6B6D,0x632C,0x6B6D,0x632C,0x6B6D,0x6B4D,0x632C,0x6B4D,0x52AA,
0x52AA,0x5ACB,0x4208,0x2965,0x4208,0x31A6,0x3186,0x4228,0x4208,0x4228,0x31A6,0x39E7,0x4208,0x31A6,0x4A49,0x4208,
0x39E7,0x4A49,0x528A,0x4228,0x4A49,0x39E7,0x4228,0x4208,0x2965,0x2945,0x31A6,0x31A6,0x2124,0x2124,0x2124,0x2124,
0x18E3,0x3186,0x2945,0x18C3,0x18C3,0x2104,0x2104,0x18E3,0x18C3,0x2124,0x18C3,0x2124,0x2104,0x2124,0x18E3,0x2124,
0x2124,0x1082,0x630C,0x18E3,0x2124,0x10A2,0x0020,0x2104,0x2124,0x10A2,0x18E3,0x10A2,0x18E3,0x18E3,0x18C3,0x10A2,
0x2945,0x2945,0x2104,0x18C3,0x1082,0x10A2,0x0841,0x0841,0x0841,0x0020,0x0861,0x2104,0x18C3,0x18C3,0x18E3,0x2104,
0x2124,0x2124,0x18C3,0x18C3,0x18C3,0x18C3,0x1082,0x1082,0x1082,0x18C3,0x0861,0x18C3,0x18C3,0x0861,0x0861,0x0861,
0x0841,0x0020,0x10A2,0x0841,0x2945,0x39C7,0x18E3,0x18E3,0x18C3,0x18E3,0x1082,0x18E3,0x2104,0x10A2,0x10A2,0x1082,
0x18C3,0x0861,0x0861,0x0841,0x0861,0x0841,0x18E3,0x1082,0x0020,0x0841,0x31A6,0x31A6,0x0841,0x0000,0x0841,0x0020,
0x0020,0x0841,0x0020,0x0861,0x0841,0x0020,0x1082,0x0000,0x0861,0x0000,0x0841,0x0841,0x1082,0x0020,0x0000,0x10A2,
0x10A2,0x0841,0x0841,0x0841,0x0841,0x0000,0x0020,0x10A2,0x0861,0x0841,0x0841,0x0020,0x0020,0x0020,0x0841,0x0841,
0x10A2,0x0000,0x0020,0x0861,0x0841,0x1082,0x1082,0x1082,0x0861,0x0861,0x1082,0x0841,0x10A2,0x0000,0x0861,0x18C3,
0x0841,0x1082,0x0000,0x18C3,0x1082,0x1082,0x1082,0x10A2,0x2104,0x2965,0x3186,0x31A6,0x2104,0x2104,0x2104,0x4228,
0x2945,0x1082,0x2124,0x2124,0x3186,0x39C7,0x2965,0x2965,0x4208,0x4A49,0x5AEB,0x632C,0x8430,0x8C51,0x52AA,0x39E7,
0x4208,0x31A6,0x39E7,0x39E7,0x738E,0x6B4D,0x630C,0x9492,0x9492,0x630C,0x52AA,0x5ACB,0x6B6D,0x4228,0x31A6,0x3186,
0x4A49,0x39C7,0x4228,0x4228,0x39E7,0x39C7,0x2104,0x39C7,0x2124,0x2104,0x39E7,0x3186,0x4208,0x6B6D,0x6B4D,0x528A,
0x4208,0x39E7,0x4228,0x4A69,0x31A6,0x2965,0x39E7,0x39C7,0x31A6,0x18E3,0x39C7,0x18E3,0x2965,0x4228,0x2965,0x4A49,
0x4228,0x2965,0x39E7,0x39E7,0x4A49,0x4228,0x4A69,0x4228,0x39C7,0x5ACB,0x6B6D,0x52AA,0x39E7,0x4208,0x2965,0x4208,
0x4208,0x4208,0x4208,0x4208,0x39E7,0x4208,0x632C,0x8430,0x8430,0x8C51,0x7BEF,0x8C71,0x632C,0x6B4D,0x8C51,0x8C51,
0x8C51,0x8410,0x8C51,0x632C,0x8C71,0x630C,0x6B4D,0x630C,0x6B6D,0x528A,0x528A,0x528A,0x6B4D,0x7BEF,0x8410,0x8C71,
0x632C,0x8430,0x6B4D,0x8C51,0x8430,0x632C,0x632C,0x632C,0x632C,0x6B6D,0x4A69,0x6B6D,0x6B4D,0x5ACB,0x52AA,0x528A,
0x52AA,0x4208,0x4208,0x39C7,0x3186,0x39E7,0x4A49,0x2965,0x4228,0x4208,0x3186,0x3186,0x3186,0x4208,0x2945,0x31A6,
0x4228,0x4228,0x4228,0x3186,0x3186,0x39C7,0x3186,0x3186,0x39C7,0x18E3,0x3186,0x2945,0x18E3,0x2965,0x18E3,0x31A6,
0x2945,0x4208,0x3186,0x10A2,0x18E3,0x2124,0x18C3,0x18C3,0x18E3,0x18C3,0x0861,0x2945,0x2945,0x18E3,0x10A2,0x2945,
0x2945,0x10A2,0x18E3,0x18C3,0x10A2,0x3186,0x0861,0x0841,0x2945,0x10A2,0x18C3,0x18E3,0x18E3,0x18C3,0x4208,0x6B6D,
0x18E3,0x2124,0x2104,0x18C3,0x1082,0x1082,0x0020,0x0861,0x10A2,0x0020,0x0000,0x10A2,0x10A2,0x18C3,0x18C3,0x10A2,
0x18E3,0x2104,0x2104,0x18C3,0x10A2,0x2104,0x1082,0x18C3,0x0861,0x1082,0x0861,0x18C3,0x18E3,0x0861,0x10A2,0x1082,
0x0020,0x0861,0x10A2,0x0020,0x3186,0x4208,0x10A2,0x1082,0x18E3,0x0841,0x18C3,0x10A2,0x2104,0x2104,0x1082,0x18E3,
0x1082,0x18C3,0x1082,0x0020,0x10A2,0x0841,0x0841,0x0000,0x0861,0x0000,0x0020,0x1082,0x0020,0x0020,0x0861,0x0020,
0x0841,0x0861,0x1082,0x0020,0x0020,0x0861,0x0841,0x0861,0x0020,0x0841,0x0020,0x0020,0x0020,0x0841,0x0841,0x0861,
0x0000,0x1082,0x18E3,0x0841,0x0841,0x18C3,0x0020,0x0000,0x0841,0x0020,0x0841,0x0841,0x0841,0x0020,0x0861,0x0841,
0x0000,0x0861,0x1082,0x0841,0x0000,0x0020,0x0861,0x18C3,0x1082,0x1082,0x0000,0x0841,0x0020,0x0841,0x0020,0x1082,
0x1082,0x18E3,0x0841,0x1082,0x0861,0x1082,0x1082,0x0841,0x2124,0x31A6,0x4228,0x3186,0x2124,0x31A6,0x18C3,0x2124,
0x2965,0x3186,0x31A6,0x31A6,0x4208,0x3186,0x31A6,0x4A49,0x4228,0x39E7,0x6B4D,0x8430,0x6B6D,0x528A,0x528A,0x4228,
0x4208,0x4A49,0x4228,0x4208,0x52AA,0x6B4D,0x8C51,0x7BCF,0x7BEF,0x8C71,0x6B6D,0x630C,0x632C,0x5ACB,0x2945,0x4A49,
0x4208,0x39C7,0x4228,0x4228,0x4228,0x4228,0x39C7,0x18E3,0x2124,0x2104,0x39C7,0x4208,0x6B4D,0x6B6D,0x52AA,0x528A,
0x2104,0x4228,0x39E7,0x39E7,0x39E7,0x4A49,0x4208,0x4228,0x31A6,0x31A6,0x3186,0x3186,0x31A6,0x4A49,0x5ACB,0x39E7,
0x4228,0x4228,0x4208,0x4228,0x52AA,0x39E7,0x4208,0x5ACB,0x5AEB,0x4A49,0x528A,0x52AA,0x52AA,0x4228,0x4228,0x4228,
0x5ACB,0x39E7,0x4228,0x5ACB,0x4A69,0x6B6D,0x8C51,0x8430,0x8430,0x8430,0x6B4D,0x632C,0x738E,0x8430,0x632C,0x8410,
0x8410,0x8C51,0x6B4D,0x6B6D,0x632C,0x6B4D,0x6B6D,0x6B4D,0x6B4D,0x6B6D,0x6B4D,0x738E,0x630C,0x8430,0x8C51,0x632C,
0x6B6D,0x6B4D,0x6B4D,0x630C,0x6B6D,0x6B6D,0x8C51,0x6B4D,0x632C,0x6B4D,0x6B4D,0x630C,0x6B4D,0x4A69,0x5ACB,0x52AA,
0x4208,0x2965,0x2965,0x4228,0x4208,0x4228,0x4228,0x4228,0x2965,0x4A49,0x2965,0x3186,0x4228,0x4208,0x3186,0x31A6,
0x3186,0x4228,0x4208,0x3186,0x3186,0x31A6,0x2104,0x3186,0x2965,0x39E7,0x2124,0x2104,0x2124,0x2104,0x2945,0x3186,
0x31A6,0x31A6,0x31A6,0x18E3,0x2124,0x2104,0x2104,0x18C3,0x10A2,0x31A6,0x39C7,0x2124,0x2104,0x2104,0x2124,0x18C3,
0x10A2,0x10A2,0x0020,0x18E3,0x18E3,0x10A2,0x18E3,0x10A2,0x10A2,0x10A2,0x18C3,0x18C3,0x10A2,0x18C3,0x3186,0x4A49,
0x2945,0x2124,0x2965,0x2104,0x18C3,0x0841,0x1082,0x2124,0x0861,0x10A2,0x2124,0x0841,0x1082,0x18E3,0x18C3,0x2124,
0x10A2,0x18E3,0x2945,0x18E3,0x0861,0x10A2,0x0841,0x18C3,0x0841,0x0000,0x18C3,0x1082,0x0841,0x0841,0x1082,0x0020,
0x0841,0x0841,0x0841,0x10A2,0x2945,0x18C3,0x0861,0x1082,0x1082,0x0861,0x1082,0x1082,0x10A2,0x0020,0x0020,0x0841,
0x0020,0x1082,0x0861,0x0020,0x1082,0x1082,0x10A2,0x0861,0x0020,0x0841,0x0000,0x18C3,0x2104,0x0841,0x0000,0x0020,
0x0841,0x3186,0x4A49,0x0000,0x0020,0x10A2,0x0000,0x1082,0x1082,0x0861,0x0841,0x0020,0x0861,0x1082,0x1082,0x0000,
0x18C3,0x0861,0x0020,0x0020,0x0020,0x18C3,0x0000,0x10A2,0x0841,0x0841,0x0020,0x10A2,0x0020,0x0020,0x0020,0x0020,
0x0841,0x0841,0x0841,0x0020,0x0861,0x0841,0x0841,0x1082,0x0020,0x18C3,0x0861,0x0020,0x0020,0x0861,0x0841,0x0841,
0x0841,0x0861,0x0000,0x0020,0x1082,0x0861,0x10A2,0x10A2,0x2965,0x18E3,0x6B6D,0x4208,0x2104,0x18E3,0x2124,0x2945,
0x4A49,0x4228,0x4A49,0x39C7,0x3186,0x39E7,0x4228,0x39E7,0x4208,0x632C,0x8C51,0x6B6D,0x39E7,0x5ACB,0x5AEB,0x52AA,
0x4A49,0x39E7,0x5ACB,0x528A,0x4A69,0x6B6D,0x8C51,0x8C71,0x8410,0x8410,0x6B4D,0x6B4D,0x52AA,0x52AA,0x4228,0x39E7,
0x6B6D,0x4228,0x52AA,0x4208,0x39C7,0x4228,0x3186,0x31A6,0x2124,0x3186,0x4228,0x4A49,0x8C71,0x528A,0x528A,0x5ACB,
0x31A6,0x2965,0x4228,0x4228,0x4A49,0x4208,0x4208,0x2965,0x18E3,0x2124,0x31A6,0x4228,0x2945,0x2945,0x4228,0x4228,
0x2965,0x4208,0x4208,0x39E7,0x4228,0x5AEB,0x528A,0x52AA,0x528A,0x5AEB,0x52AA,0x5ACB,0x39E7,0x528A,0x52AA,0x39E7,
0x4208,0x4208,0x39E7,0x52AA,0x6B4D,0x8430,0x8410,0x8410,0x6B4D,0x632C,0x632C,0x6B6D,0x6B4D,0x630C,0x8C51,0x9492,
0x6B6D,0x630C,0x6B4D,0x632C,0x8C71,0x8430,0x632C,0x6B6D,0x6B4D,0x632C,0x630C,0x8C51,0x7BEF,0x8C71,0x8C51,0x632C,
0x632C,0x738E,0x632C,0x6B6D,0x6B4D,0x630C,0x6B6D,0x6B4D,0x630C,0x6B6D,0x8C71,0x632C,0x738E,0x52AA,0x6B4D,0x528A,
0x5AEB,0x528A,0x4A49,0x4A49,0x39C7,0x4228,0x4A49,0x39C7,0x4228,0x3186,0x4228,0x39C7,0x39C7,0x31A6,0x31A6,0x2104,
0x2965,0x4228,0x31A6,0x3186,0x31A6,0x2124,0x18E3,0x2945,0x2945,0x18C3,0x2104,0x2965,0x2104,0x2124,0x2124,0x3186,
0x2965,0x2104,0x2945,0x2104,0x18C3,0x2104,0x2124,0x2104,0x2124,0x4208,0x4A49,0x39C7,0x2104,0x10A2,0x18C3,0x18C3,
0x10A2,0x1082,0x2104,0x1082,0x0841,0x2104,0x0861,0x10A2,0x39C7,0x2124,0x1082,0x18C3,0x2104,0x18E3,0x10A2,0x18C3,
0x31A6,0x18E3,0x18E3,0x18C3,0x18E3,0x10A2,0x18E3,0x2124,0x0861,0x1082,0x0841,0x0861,0x18C3,0x0861,0x18C3,0x2104,
0x18E3,0x18C3,0x18C3,0x18C3,0x1082,0x10A2,0x0841,0x0841,0x10A2,0x0841,0x0841,0x0020,0x18C3,0x0861,0x0000,0x0861,
0x0020,0x0841,0x0841,0x0861,0x10A2,0x0861,0x18C3,0x1082,0x18E3,0x0861,0x10A2,0x1082,0x18E3,0x2104,0x0841,0x0861,
0x0861,0x0861,0x0861,0x0841,0x0020,0x0020,0x1082,0x0841,0x1082,0x10A2,0x0841,0x1082,0x1082,0x0000,0x0841,0x1082,
0x0841,0x2965,0x1082,0x0861,0x0841,0x0841,0x0020,0x0861,0x18C3,0x0000,0x0861,0x0020,0x0020,0x0841,0x0861,0x0841,
0x0020,0x0841,0x0841,0x1082,0x10A2,0x2104,0x0000,0x0000,0x0020,0x0841,0x0861,0x0000,0x0020,0x0841,0x2104,0x10A2,
0x0841,0x0020,0x0020,0x0841,0x0861,0x0020,0x0861,0x1082,0x0841,0x0841,0x0020,0x0000,0x0861,0x0861,0x0020,0x0020,
0x1082,0x0861,0x0841,0x0861,0x1082,0x0841,0x0841,0x1082,0x10A2,0x2104,0x4228,0x39C7,0x31A6,0x39C7,0x3186,0x4208,
0x2965,0x2965,0x4208,0x4228,0x4228,0x4A49,0x4208,0x6B4D,0x5AEB,0x632C,0x8430,0x528A,0x4228,0x4228,0x2965,0x4208,
0x528A,0x4208,0x39E7,0x4A49,0x4228,0x630C,0x8C51,0x7BEF,0x8C51,0x8C71,0x8C51,0x4A69,0x39E7,0x4228,0x2965,0x5AEB,
0x39E7,0x52AA,0x4208,0x4208,0x4A49,0x4208,0x2965,0x31A6,0x3186,0x39C7,0x39E7,0x6B6D,0x632C,0x4A69,0x4228,0x39E7,
0x4228,0x3186,0x4228,0x4208,0x4208,0x39E7,0x4228,0x4228,0x2124,0x2124,0x2104,0x3186,0x4228,0x52AA,0x4208,0x31A6,
0x31A6,0x4228,0x4208,0x4208,0x4228,0x39E7,0x4228,0x52AA,0x632C,0x5ACB,0x528A,0x528A,0x4228,0x4228,0x528A,0x52AA,
0x528A,0x5ACB,0x52AA,0x632C,0x8430,0x8C51,0x8C51,0x8430,0x6B4D,0x8C71,0x632C,0x632C,0x738E,0x632C,0x8C51,0x630C,
0x6B4D,0x632C,0x6B4D,0x6B6D,0x5AEB,0x8C51,0x6B6D,0x632C,0x6B4D,0x6B4D,0x632C,0x6B6D,0x6B4D,0x630C,0x6B4D,0x6B4D,
0x6B4D,0x632C,0x6B4D,0x632C,0x632C,0x738E,0x528A,0x632C,0x6B6D,0x632C,0x632C,0x52AA,0x528A,0x52AA,0x6B6D,0x52AA,
0x528A,0x528A,0x4228,0x2965,0x4228,0x4208,0x4208,0x4228,0x52AA,0x4208,0x3186,0x2965,0x39C7,0x39E7,0x31A6,0x3186,
0x3186,0x31A6,0x2104,0x31A6,0x3186,0x2104,0x2965,0x2124,0x2104,0x2124,0x2945,0x2104,0x2124,0x31A6,0x2104,0x2945,
0x31A6,0x3186,0x2945,0x2124,0x10A2,0x2124,0x2104,0x2945,0x31A6,0x3186,0x18E3,0x31A6,0x2104,0x2124,0x1082,0x0861,
0x1082,0x0861,0x1082,0x1082,0x1082,0x1082,0x18C3,0x2945,0x18E3,0x2945,0x18E3,0x18C3,0x10A2,0x18C3,0x18E3,0x2124,
0x2124,0x18C3,0x18C3,0x18E3,0x10A2,0x18C3,0x10A2,0x18C3,0x10A2,0x0020,0x0841,0x0861,0x0841,0x10A2,0x0861,0x0861,
0x1082,0x18C3,0x18C3,0x18C3,0x0861,0x1082,0x10A2,0x0861,0x0020,0x1082,0x0861,0x0020,0x0020,0x0020,0x18C3,0x1082,
0x0841,0x0020,0x0861,0x0020,0x1082,0x10A2,0x10A2,0x18C3,0x18C3,0x1082,0x0861,0x0861,0x0861,0x10A2,0x0841,0x1082,
0x0020,0x10A2,0x0841,0x0841,0x0861,0x0020,0x0020,0x10A2,0x0020,0x0000,0x0841,0x0861,0x0000,0x0861,0x18E3,0x0861,
0x10A2,0x0861,0x0841,0x0861,0x0841,0x0020,0x0841,0x0020,0x0000,0x1082,0x18C3,0x0861,0x0841,0x0841,0x0020,0x0861,
0x0020,0x0841,0x0861,0x0841,0x10A2,0x0841,0x0020,0x0861,0x0841,0x0020,0x0841,0x18E3,0x1082,0x0020,0x0841,0x0020,
0x0020,0x0841,0x1082,0x0841,0x0000,0x0020,0x10A2,0x0020,0x0020,0x10A2,0x1082,0x0841,0x0020,0x18E3,0x0861,0x0841,
0x0020,0x0841,0x0020,0x0841,0x0020,0x1082,0x0841,0x1082,0x31A6,0x31A6,0x31A6,0x3186,0x31A6,0x2965,0x4A49,0x3186,
0x4228,0x4228,0x3186,0x4208,0x4208,0x4208,0x52AA,0x6B4D,0x528A,0x632C,0x6B6D,0x52AA,0x4208,0x52AA,0x4228,0x52AA,
0x52AA,0x5ACB,0x4208,0x52AA,0x6B4D,0x52AA,0x4A69,0x8C51,0x8430,0x632C,0x632C,0x6B6D,0x52AA,0x4228,0x4208,0x39E7,
0x5ACB,0x528A,0x4208,0x4208,0x39E7,0x3186,0x31A6,0x2965,0x4228,0x2965,0x5ACB,0x632C,0x8C71,0x528A,0x5ACB,0x4208,
0x5ACB,0x4228,0x39E7,0x39E7,0x4228,0x4228,0x4228,0x3186,0x3186,0x18E3,0x39C7,0x3186,0x6B4D,0x6B4D,0x31A6,0x4208,
0x4208,0x4A49,0x39E7,0x4A49,0x52AA,0x39E7,0x4A49,0x528A,0x6B4D,0x632C,0x6B4D,0x528A,0x4228,0x52AA,0x52AA,0x6B4D,
0x5ACB,0x528A,0x6B6D,0x8C51,0x8410,0x8430,0x6B4D,0x632C,0x6B4D,0x8430,0x6B4D,0x6B4D,0x6B4D,0x8C51,0x632C,0x6B4D,
0x632C,0x6B6D,0x6B4D,0x630C,0x9492,0x632C,0x6B4D,0x6B4D,0x6B4D,0x6B4D,0x6B4D,0x6B4D,0x6B4D,0x52AA,0x4A69,0x52AA,
0x52AA,0x528A,0x52AA,0x52AA,0x6B4D,0x52AA,0x52AA,0x52AA,0x528A,0x52AA,0x52AA,0x4A69,0x5ACB,0x52AA,0x4208,0x4228,
0x4208,0x4208,0x4228,0x3186,0x3186,0x4208,0x4228,0x4208,0x4228,0x4208,0x31A6,0x18E3,0x31A6,0x31A6,0x2965,0x31A6,
0x31A6,0x3186,0x2124,0x2945,0x2104,0x2124,0x2124,0x2124,0x2124,0x2124,0x18C3,0x2104,0x2945,0x2104,0x2124,0x2124,
0x3186,0x31A6,0x2104,0x18C3,0x2124,0x10A2,0x18C3,0x3186,0x2124,0x2104,0x2945,0x18C3,0x18E3,0x18C3,0x18C3,0x10A2,
0x1082,0x1082,0x1082,0x0841,0x18E3,0x0861,0x18C3,0x2124,0x18C3,0x2104,0x2104,0x10A2,0x1082,0x18E3,0x18C3,0x18E3,
0x10A2,0x10A2,0x18C3,0x18C3,0x1082,0x18C3,0x18C3,0x18E3,0x10A2,0x1082,0x0020,0x0841,0x0841,0x0020,0x0861,0x0020,
0x0861,0x2104,0x10A2,0x1082,0x1082,0x1082,0x0020,0x0841,0x0861,0x0841,0x0020,0x0841,0x0841,0x0861,0x0861,0x0841,
0x0020,0x0841,0x0020,0x0861,0x0020,0x1082,0x0861,0x18E3,0x0861,0x18E3,0x18E3,0x0861,0x18C3,0x2124,0x1082,0x1082,
0x1082,0x0861,0x0861,0x0861,0x0000,0x0020,0x0861,0x0020,0x0000,0x1082,0x1082,0x0841,0x0020,0x0861,0x10A2,0x1082,
0x0841,0x0020,0x0841,0x0020,0x0841,0x0841,0x0020,0x0020,0x0000,0x0841,0x0841,0x0020,0x0841,0x0861,0x2104,0x10A2,
0x0020,0x0841,0x0841,0x0000,0x0841,0x1082,0x18C3,0x0020,0x0861,0x0841,0x0000,0x0841,0x0841,0x10A2,0x2124,0x0841,
0x0020,0x0841,0x0841,0x0861,0x0020,0x0020,0x1082,0x0020,0x0861,0x0861,0x1082,0x0020,0x0020,0x0841,0x10A2,0x0020,
0x0000,0x0020,0x18C3,0x10A2,0x10A2,0x0861,0x1082,0x18C3,0x4228,0x4208,0x4208,0x4208,0x3186,0x4228,0x4208,0x31A6,
0x4228,0x4208,0x4208,0x4A49,0x52AA,0x528A,0x6B4D,0x6B4D,0x6B4D,0x6B4D,0x6B6D,0x6B4D,0x528A,0x5ACB,0x52AA,0x528A,
0x52AA,0x528A,0x52AA,0x52AA,0x5ACB,0x2965,0x4A49,0x6B4D,0x6B6D,0x528A,0x52AA,0x5ACB,0x52AA,0x528A,0x4228,0x4208,
0x528A,0x52AA,0x6B6D,0x4228,0x4208,0x4208,0x4208,0x4208,0x4208,0x39E7,0x5ACB,0x6B4D,0x6B4D,0x6B4D,0x4A69,0x4A49,
0x31A6,0x4208,0x4A49,0x5AEB,0x4208,0x4228,0x39E7,0x4228,0x39C7,0x2124,0x2965,0x3186,0x528A,0x4A49,0x2965,0x4228,
0x4228,0x39E7,0x5AEB,0x4208,0x39E7,0x5AEB,0x528A,0x52AA,0x52AA,0x6B6D,0x632C,0x52AA,0x4228,0x39C7,0x5ACB,0x528A,
0x4208,0x738E,0x8C51,0x7BCF,0x9492,0x528A,0x4208,0x6B4D,0x632C,0x6B6D,0x6B4D,0x528A,0x8C51,0x632C,0x6B4D,0x6B4D,
0x6B4D,0x528A,0x6B6D,0x6B6D,0x630C,0x632C,0x6B6D,0x6B4D,0x4A69,0x6B4D,0x4A69,0x52AA,0x6B6D,0x632C,0x738E,0x52AA,
0x52AA,0x52AA,0x52AA,0x632C,0x5ACB,0x4A69,0x52AA,0x39E7,0x5ACB,0x39E7,0x5ACB,0x4228,0x39E7,0x4208,0x39C7,0x2104,
0x4208,0x4228,0x4228,0x3186,0x39C7,0x31A6,0x3186,0x31A6,0x39E7,0x31A6,0x3186,0x3186,0x31A6,0x3186,0x3186,0x4208,
0x31A6,0x2104,0x2124,0x2965,0x18C3,0x2104,0x2124,0x2124,0x2124,0x2945,0x2104,0x2124,0x2124,0x2124,0x2124,0x2124,
0x2104,0x39C7,0x2104,0x10A2,0x18E3,0x18C3,0x31A6,0x31A6,0x2104,0x39C7,0x2124,0x18C3,0x2104,0x18C3,0x0861,0x10A2,
0x0861,0x0861,0x1082,0x10A2,0x18E3,0x0861,0x1082,0x1082,0x18E3,0x1082,0x2104,0x18E3,0x18C3,0x10A2,0x18E3,0x10A2,
0x2104,0x10A2,0x1082,0x10A2,0x1082,0x18E3,0x10A2,0x10A2,0x10A2,0x18C3,0x1082,0x0841,0x0020,0x0841,0x18C3,0x1082,
0x0841,0x0841,0x1082,0x18E3,0x10A2,0x18C3,0x18C3,0x0020,0x0841,0x0020,0x0841,0x0841,0x0020,0x0841,0x0841,0x0020,
0x0020,0x0841,0x0841,0x1082,0x10A2,0x18C3,0x1082,0x1082,0x1082,0x0020,0x1082,0x0861,0x0861,0x0020,0x10A2,0x0861,
0x1082,0x18E3,0x10A2,0x0000,0x0861,0x0841,0x0020,0x0841,0x0841,0x0861,0x0020,0x0020,0x0861,0x0020,0x0861,0x0000,
0x0000,0x0861,0x0020,0x0020,0x0020,0x18C3,0x0841,0x0841,0x1082,0x0020,0x0000,0x0861,0x0841,0x39C7,0x738E,0x10A2,
0x0020,0x0841,0x0861,0x0861,0x0020,0x0000,0x10A2,0x1082,0x0000,0x0861,0x0841,0x0020,0x0020,0x1082,0x2945,0x1082,
0x0841,0x1082,0x0020,0x0861,0x0020,0x0861,0x0841,0x0841,0x0020,0x0861,0x18E3,0x2104,0x0841,0x1082,0x10A2,0x0020,
0x18C3,0x0861,0x0841,0x0020,0x4A49,0x3186,0x2945,0x39C7,0x4208,0x39E7,0x5ACB,0x4228,0x5ACB,0x4208,0x39E7,0x4208,
0x528A,0x5ACB,0x528A,0x4A69,0x6B4D,0x6B6D,0x6B4D,0x6B4D,0x6B4D,0x52AA,0x528A,0x4A69,0x5ACB,0x39E7,0x4208,0x5AEB,
0x52AA,0x4208,0x4208,0x4228,0x39C7,0x4208,0x39E7,0x6B4D,0x632C,0x52AA,0x4208,0x39E7,0x4208,0x4208,0x4A69,0x5AEB,
0x5ACB,0x52AA,0x528A,0x39C7,0x4A49,0x4208,0x4208,0x4208,0x5ACB,0x4208,0x52AA,0x6B4D,0x632C,0x738E,0x4208,0x4208,
0x3186,0x3186,0x39E7,0x5ACB,0x2945,0x4228,0x4208,0x4228,0x3186,0x18E3,0x39C7,0x4A49,0x3186,0x3186,0x4A49,0x39E7,
0x4228,0x52AA,0x52AA,0x528A,0x4228,0x528A,0x738E,0x632C,0x52AA,0x528A,0x5ACB,0x4208,0x4228,0x4208,0x4A49,0x4208,
0x632C,0x8C51,0x8410,0x8430,0x6B4D,0x3186,0x528A,0x52AA,0x6B4D,0x632C,0x632C,0x6B4D,0x6B4D,0x528A,0x6B6D,0x632C,
0x632C,0x5ACB,0x528A,0x6B6D,0x632C,0x6B6D,0x6B6D,0x4A69,0x5AEB,0x4228,0x4228,0x528A,0x52AA,0x39E7,0x4208,0x52AA,
0x52AA,0x528A,0x52AA,0x5AEB,0x39E7,0x4208,0x4228,0x4228,0x3186,0x3186,0x3186,0x39C7,0x2124,0x2124,0x2124,0x10A2,
0x2104,0x3186,0x3186,0x4208,0x18E3,0x2104,0x18E3,0x4A69,0x39C7,0x3186,0x31A6,0x4228,0x39E7,0x4228,0x39C7,0x3186,
0x2965,0x2124,0x2104,0x10A2,0x1082,0x18E3,0x10A2,0x2945,0x2104,0x2124,0x18C3,0x18C3,0x10A2,0x2945,0x18E3,0x2124,
0x2124,0x2124,0x2124,0x2124,0x18C3,0x2124,0x2104,0x2124,0x31A6,0x2104,0x18E3,0x2124,0x2945,0x1082,0x2104,0x0861,
0x1082,0x1082,0x1082,0x1082,0x1082,0x0861,0x10A2,0x0861,0x0861,0x18C3,0x10A2,0x18C3,0x18C3,0x2124,0x3186,0x2104,
0x18E3,0x1082,0x1082,0x10A2,0x0861,0x10A2,0x18E3,0x2945,0x10A2,0x18C3,0x0861,0x0841,0x0000,0x0020,0x1082,0x0841,
0x0841,0x0020,0x10A2,0x2124,0x0861,0x0861,0x10A2,0x0020,0x0020,0x0841,0x0861,0x0861,0x0841,0x0020,0x0841,0x0020,
0x0861,0x0841,0x0861,0x0841,0x10A2,0x18C3,0x10A2,0x1082,0x10A2,0x0841,0x10A2,0x0020,0x10A2,0x10A2,0x0861,0x1082,
0x1082,0x0841,0x1082,0x1082,0x0861,0x0841,0x0841,0x0020,0x0861,0x0841,0x0020,0x0020,0x0841,0x0020,0x0841,0x0841,
0x0020,0x0861,0x0020,0x0861,0x0841,0x10A2,0x0020,0x0861,0x1082,0x18E3,0x0861,0x0000,0x0841,0x10A2,0x2124,0x0020,
0x0861,0x0020,0x0841,0x0861,0x0841,0x0000,0x1082,0x10A2,0x0841,0x0020,0x0020,0x1082,0x0841,0x0841,0x0020,0x0020,
0x0861,0x0861,0x0841,0x0000,0x0861,0x0841,0x0020,0x0861,0x0861,0x0000,0x10A2,0x2124,0x2124,0x0841,0x0861,0x1082,
0x1082,0x10A2,0x1082,0x10A2,0x39E7,0x2124,0x18E3,0x3186,0x52AA,0x52AA,0x5ACB,0x5AEB,0x6B6D,0x632C,0x6B6D,0x6B4D,
0x738E,0x6B4D,0x6B4D,0x6B4D,0x6B4D,0x528A,0x52AA,0x52AA,0x4A49,0x39C7,0x5AEB,0x5ACB,0x4228,0x4228,0x4228,0x39E7,
0x4228,0x4208,0x52AA,0x4208,0x3186,0x4A49,0x4208,0x528A,0x6B6D,0x4208,0x4228,0x4208,0x4208,0x4228,0x31A6,0x39E7,
0x528A,0x52AA,0x4228,0x4228,0x4208,0x4A49,0x528A,0x4228,0x4A69,0x5AEB,0x52AA,0x8C51,0x632C,0x6B6D,0x4A49,0x4208,
0x31A6,0x2124,0x4208,0x4208,0x4A49,0x4A69,0x4A49,0x39E7,0x3186,0x2945,0x2965,0x31A6,0x39C7,0x4208,0x4A49,0x2965,
0x4208,0x6B4D,0x6B4D,0x6B4D,0x632C,0x528A,0x528A,0x5ACB,0x6B6D,0x528A,0x738E,0x528A,0x4208,0x4228,0x2965,0x4228,
0x6B4D,0x8C51,0x7BEF,0x8C51,0x52AA,0x528A,0x6B6D,0x632C,0x52AA,0x738E,0x632C,0x5ACB,0x5ACB,0x528A,0x6B4D,0x52AA,
0x5ACB,0x52AA,0x5ACB,0x4A69,0x6B6D,0x632C,0x632C,0x5AEB,0x4228,0x2124,0x4228,0x4A49,0x31A6,0x4A49,0x2965,0x4228,
0x52AA,0x4228,0x2104,0x31A6,0x31A6,0x3186,0x3186,0x31A6,0x2945,0x10A2,0x18E3,0x2124,0x0861,0x2104,0x10A2,0x2965,
0x2124,0x2945,0x3186,0x31A6,0x2104,0x2965,0x2945,0x18C3,0x2104,0x3186,0x4228,0x4228,0x2965,0x3186,0x3186,0x3186,
0x2945,0x2104,0x2945,0x18E3,0x0861,0x18E3,0x2124,0x2124,0x2945,0x18E3,0x10A2,0x2124,0x39E7,0x10A2,0x2965,0x2124,
0x3186,0x2945,0x1082,0x2965,0x2124,0x2104,0x2945,0x3186,0x3186,0x52AA,0x31A6,0x2945,0x18E3,0x2104,0x18C3,0x18E3,
0x10A2,0x18C3,0x1082,0x18C3,0x18C3,0x18C3,0x10A2,0x1082,0x1082,0x18C3,0x10A2,0x1082,0x18C3,0x2104,0x738E,0x31A6,
0x18C3,0x10A2,0x18E3,0x18C3,0x0861,0x0861,0x10A2,0x2945,0x18E3,0x18C3,0x0861,0x1082,0x1082,0x0841,0x0861,0x0000,
0x0861,0x0841,0x0000,0x0861,0x1082,0x18C3,0x1082,0x0020,0x0020,0x0841,0x0861,0x0861,0x0841,0x0841,0x0841,0x0841,
0x0000,0x0841,0x10A2,0x1082,0x18C3,0x18C3,0x1082,0x0861,0x0861,0x10A2,0x1082,0x10A2,0x1082,0x1082,0x18C3,0x0020,
0x18C3,0x630C,0x1082,0x0020,0x10A2,0x0020,0x0841,0x0861,0x0000,0x0000,0x0841,0x0861,0x0841,0x0861,0x0000,0x0841,
0x0841,0x0020,0x0841,0x0020,0x0841,0x0841,0x0020,0x0841,0x0020,0x0020,0x0841,0x0841,0x0861,0x0841,0x0000,0x10A2,
0x1082,0x0000,0x0841,0x0000,0x0020,0x0841,0x0841,0x0020,0x0020,0x0841,0x1082,0x18C3,0x0841,0x18E3,0x0000,0x0841,
0x0861,0x0000,0x0841,0x0841,0x1082,0x0020,0x0000,0x1082,0x10A2,0x2965,0x2104,0x0861,0x0020,0x1082,0x0861,0x18E3,
0x4228,0x1082,0x18E3,0x18C3,0x2104,0x2104,0x5AEB,0x528A,0x632C,0x738E,0x632C,0x6B6D,0x6B4D,0x52AA,0x6B6D,0x6B4D,
0x4A69,0x5ACB,0x5ACB,0x8C51,0x4A69,0x4A49,0x39E7,0x31A6,0x3186,0x39C7,0x31A6,0x4228,0x4208,0x39E7,0x4A49,0x4228,
0x3186,0x31A6,0x4228,0x528A,0x4208,0x39C7,0x4208,0x4228,0x4228,0x39E7,0x52AA,0x4208,0x4208,0x4208,0x39C7,0x630C,
0x52AA,0x52AA,0x4A69,0x39E7,0x5ACB,0x39C7,0x4228,0x52AA,0x4228,0x39E7,0x528A,0x6B4D,0x6B4D,0x52AA,0x4208,0x39E7,
0x2104,0x2124,0x2104,0x4228,0x4208,0x5AEB,0x31A6,0x4A49,0x3186,0x31A6,0x4228,0x4228,0x4A49,0x39C7,0x39E7,0x39C7,
0x528A,0x6B6D,0x52AA,0x528A,0x73AE,0x6B6D,0x528A,0x4208,0x5ACB,0x528A,0x528A,0x52AA,0x4208,0x4A69,0x39E7,0x52AA,
0x8430,0x8C51,0x6B4D,0x632C,0x528A,0x528A,0x6B4D,0x52AA,0x4208,0x528A,0x4208,0x39C7,0x4228,0x52AA,0x6B6D,0x52AA,
0x52AA,0x5ACB,0x528A,0x6B6D,0x632C,0x6B6D,0x52AA,0x4208,0x31A6,0x2965,0x39E7,0x3186,0x2104,0x3186,0x2124,0x3186,
0x39C7,0x18C3,0x18C3,0x10A2,0x18C3,0x2104,0x0841,0x18C3,0x0841,0x18E3,0x1082,0x18C3,0x2965,0x10A2,0x0861,0x18E3,
0x18E3,0x1082,0x2124,0x31A6,0x2945,0x2104,0x3186,0x39C7,0x39C7,0x31A6,0x31A6,0x2965,0x31A6,0x31A6,0x3186,0x2965,
0x2104,0x18E3,0x2124,0x2124,0x18C3,0x18E3,0x2124,0x2104,0x2124,0x2124,0x2104,0x2124,0x2124,0x2945,0x2104,0x2124,
0x2124,0x2104,0x18C3,0x1082,0x2945,0x10A2,0x3186,0x2124,0x31A6,0x5ACB,0x2945,0x18C3,0x2945,0x39C7,0x1082,0x18C3,
0x18E3,0x18E3,0x0861,0x18C3,0x2104,0x18C3,0x0861,0x18C3,0x1082,0x0861,0x2945,0x2104,0x18C3,0x2945,0x18E3,0x10A2,
0x18C3,0x1082,0x18C3,0x18C3,0x10A2,0x1082,0x0861,0x1082,0x18C3,0x18C3,0x1082,0x10A2,0x10A2,0x1082,0x10A2,0x0841,
0x0841,0x18C3,0x0841,0x0841,0x0861,0x1082,0x1082,0x10A2,0x0841,0x0020,0x0841,0x0841,0x0020,0x0020,0x0841,0x0020,
0x0861,0x0861,0x1082,0x1082,0x10A2,0x18E3,0x18C3,0x18E3,0x1082,0x10A2,0x2104,0x10A2,0x0861,0x0841,0x0000,0x1082,
0x0861,0x31A6,0x10A2,0x0861,0x0020,0x0841,0x0020,0x0000,0x0861,0x0841,0x0020,0x0000,0x0841,0x0841,0x0841,0x0000,
0x0841,0x0020,0x0861,0x0841,0x0020,0x1082,0x10A2,0x0020,0x0861,0x0020,0x0841,0x0861,0x0841,0x0020,0x0841,0x0861,
0x1082,0x0020,0x10A2,0x0841,0x0020,0x0841,0x0020,0x0020,0x0841,0x0841,0x0020,0x0841,0x0841,0x1082,0x0841,0x10A2,
0x0841,0x0841,0x0861,0x18E3,0x0020,0x1082,0x0020,0x10A2,0x1082,0x4208,0x528A,0x1082,0x10A2,0x1082,0x18C3,0x18C3,
0x18E3,0x18C3,0x18E3,0x4228,0x5ACB,0x632C,0x6B4D,0x6B4D,0x6B4D,0x632C,0x4A69,0x528A,0x4208,0x39E7,0x4A69,0x52AA,
0x528A,0x4228,0x39E7,0x6B6D,0x52AA,0x39C7,0x4208,0x4228,0x3186,0x39E7,0x5AEB,0x4228,0x4228,0x4208,0x4208,0x4208,
0x39C7,0x4208,0x39E7,0x52AA,0x4228,0x39E7,0x4228,0x4228,0x4228,0x4208,0x4228,0x4228,0x4228,0x4A49,0x52AA,0x39E7,
0x52AA,0x528A,0x52AA,0x5AEB,0x528A,0x632C,0x5ACB,0x528A,0x3186,0x52AA,0x6B4D,0x6B4D,0x52AA,0x52AA,0x4A69,0x4A49,
0x31A6,0x18E3,0x2104,0x4208,0x4228,0x52AA,0x528A,0x5ACB,0x4A49,0x2965,0x3186,0x4228,0x4208,0x39C7,0x4228,0x528A,
0x738E,0x4A69,0x2965,0x4A49,0x528A,0x630C,0x9492,0x4A69,0x39E7,0x52AA,0x52AA,0x5ACB,0x39E7,0x528A,0x632C,0x8C71,
0x8430,0x632C,0x6B4D,0x6B6D,0x5ACB,0x5AEB,0x528A,0x31A6,0x52AA,0x528A,0x4228,0x630C,0x4A69,0x5ACB,0x5ACB,0x4A49,
0x6B4D,0x632C,0x632C,0x6B6D,0x6B4D,0x4A49,0x5AEB,0x4208,0x4208,0x5AEB,0x4A49,0x3186,0x18C3,0x2945,0x10A2,0x18E3,
0x1082,0x1082,0x18E3,0x10A2,0x0841,0x0020,0x1082,0x0861,0x18C3,0x0861,0x1082,0x0841,0x0861,0x18E3,0x18C3,0x10A2,
0x18C3,0x2104,0x18C3,0x18E3,0x2124,0x2124,0x2965,0x31A6,0x2965,0x4228,0x52AA,0x31A6,0x3186,0x2104,0x2104,0x2124,
0x2124,0x2104,0x18C3,0x18C3,0x2104,0x1082,0x18C3,0x2124,0x2104,0x3186,0x39E7,0x2124,0x18C3,0x2945,0x2104,0x2104,
0x2104,0x2124,0x2104,0x2104,0x10A2,0x2945,0x18E3,0x2104,0x3186,0x2104,0x2124,0x2124,0x2104,0x2104,0x18E3,0x18C3,
0x2104,0x2124,0x10A2,0x10A2,0x18C3,0x18E3,0x18C3,0x18C3,0x18E3,0x0861,0x2104,0x2104,0x18E3,0x1082,0x2965,0x18E3,
0x10A2,0x0861,0x1082,0x0861,0x1082,0x1082,0x0861,0x0841,0x0841,0x10A2,0x1082,0x10A2,0x1082,0x1082,0x10A2,0x0841,
0x18C3,0x10A2,0x0020,0x0841,0x0861,0x18C3,0x18C3,0x0841,0x0861,0x0020,0x0020,0x0020,0x0020,0x0020,0x0841,0x0020,
0x0020,0x0841,0x1082,0x18C3,0x2104,0x2124,0x10A2,0x10A2,0x0861,0x2945,0x18C3,0x0841,0x18E3,0x0020,0x0861,0x18C3,
0x0861,0x0020,0x0020,0x0841,0x0020,0x0000,0x10A2,0x18E3,0x10A2,0x18C3,0x1082,0x0020,0x10A2,0x0000,0x18E3,0x0841,
0x0861,0x0020,0x0020,0x1082,0x0841,0x18E3,0x1082,0x0020,0x0020,0x0020,0x0861,0x0020,0x0000,0x0861,0x0000,0x0861,
0x0861,0x0000,0x1082,0x0861,0x0841,0x0841,0x0841,0x0861,0x0841,0x0020,0x0020,0x18E3,0x31A6,0x0861,0x1082,0x0000,
0x0020,0x0861,0x18C3,0x18C3,0x0020,0x1082,0x1082,0x0861,0x1082,0x10A2,0x18C3,0x10A2,0x1082,0x10A2,0x10A2,0x2945,
0x2104,0x39C7,0x5ACB,0x632C,0x6B4D,0x632C,0x738E,0x528A,0x52AA,0x4228,0x52AA,0x5ACB,0x4208,0x738E,0x6B4D,0x528A,
0x5ACB,0x39E7,0x39E7,0x738E,0x52AA,0x4228,0x4A49,0x4A69,0x4228,0x4208,0x52AA,0x4208,0x31A6,0x31A6,0x2945,0x4A49,
0x3186,0x4228,0x4228,0x31A6,0x3186,0x31A6,0x4228,0x4208,0x4208,0x4208,0x4208,0x39C7,0x4228,0x4208,0x528A,0x5ACB,
0x528A,0x52AA,0x52AA,0x39E7,0x4208,0x5ACB,0x39E7,0x39E7,0x4208,0x6B4D,0x6B4D,0x528A,0x5ACB,0x52AA,0x5AEB,0x39E7,
0x31A6,0x18E3,0x18E3,0x39C7,0x39E7,0x52AA,0x52AA,0x4228,0x4208,0x31A6,0x2104,0x3186,0x3186,0x4208,0x528A,0x6B6D,
0x4A69,0x4A49,0x31A6,0x39C7,0x52AA,0x4208,0x52AA,0x6B4D,0x52AA,0x5ACB,0x5ACB,0x4A69,0x52AA,0x6B4D,0x6B6D,0x8410,
0x8C51,0x6B4D,0x8C51,0x6B4D,0x528A,0x5ACB,0x2965,0x4228,0x52AA,0x528A,0x4228,0x4208,0x4A69,0x52AA,0x528A,0x73AE,
0x6B6D,0x528A,0x6B4D,0x6B4D,0x6B4D,0x630C,0x4228,0x39E7,0x4208,0x2104,0x31A6,0x2104,0x4208,0x1082,0x1082,0x1082,
0x1082,0x10A2,0x18C3,0x1082,0x1082,0x1082,0x10A2,0x1082,0x0861,0x18E3,0x0861,0x1082,0x1082,0x18E3,0x2104,0x18C3,
0x18C3,0x10A2,0x18C3,0x18E3,0x39E7,0x18E3,0x2945,0x2965,0x3186,0x52AA,0x6B6D,0x4208,0x31A6,0x2124,0x2124,0x2124,
0x31A6,0x18C3,0x18E3,0x18E3,0x10A2,0x18C3,0x2945,0x2124,0x2124,0x4228,0x2965,0x5ACB,0x31A6,0x2104,0x2124,0x2124,
0x18E3,0x18C3,0x10A2,0x10A2,0x18E3,0x0861,0x31A6,0x2124,0x2945,0x2945,0x18E3,0x2124,0x2104,0x2945,0x2104,0x18C3,
0x18E3,0x2124,0x2124,0x2124,0x2124,0x3186,0x2965,0x10A2,0x10A2,0x18E3,0x18C3,0x18E3,0x10A2,0x18C3,0x18C3,0x18C3,
0x18C3,0x10A2,0x18C3,0x0861,0x0861,0x1082,0x10A2,0x0861,0x0841,0x10A2,0x10A2,0x18C3,0x1082,0x1082,0x10A2,0x0020,
0x0020,0x0020,0x0020,0x0861,0x0020,0x1082,0x18E3,0x10A2,0x1082,0x0861,0x0861,0x0841,0x0841,0x0841,0x0841,0x0841,
0x0841,0x0841,0x0861,0x1082,0x18C3,0x18C3,0x18C3,0x2104,0x10A2,0x1082,0x18C3,0x0861,0x1082,0x1082,0x18E3,0x0841,
0x1082,0x0020,0x18E3,0x0020,0x0841,0x1082,0x0000,0x0841,0x0841,0x10A2,0x18C3,0x1082,0x18E3,0x0020,0x18C3,0x0020,
0x0841,0x0020,0x0000,0x0861,0x0020,0x0861,0x0000,0x0841,0x0861,0x0000,0x0861,0x0841,0x0020,0x18C3,0x0020,0x0020,
0x0020,0x0841,0x0020,0x0841,0x0841,0x0000,0x10A2,0x0020,0x0020,0x0841,0x0000,0x0020,0x18E3,0x0861,0x18E3,0x0020,
0x0841,0x0861,0x18C3,0x0861,0x18C3,0x0861,0x18E3,0x0861,0x1082,0x0861,0x18C3,0x2104,0x3186,0x39C7,0x31A6,0x4208,
0x528A,0x6B6D,0x630C,0x5ACB,0x528A,0x52AA,0x52AA,0x4208,0x4208,0x39C7,0x5ACB,0x4208,0x39C7,0x5ACB,0x6B4D,0x52AA,
0x4208,0x31A6,0x5ACB,0x52AA,0x4A49,0x52AA,0x5ACB,0x52AA,0x528A,0x4A49,0x39E7,0x528A,0x2965,0x52AA,0x738E,0x3186,
0x3186,0x4208,0x4228,0x2965,0x39C7,0x3186,0x4208,0x52AA,0x4228,0x3186,0x5AEB,0x52AA,0x4A49,0x4A69,0x52AA,0x52AA,
0x5AEB,0x39C7,0x39E7,0x39E7,0x2945,0x4228,0x4228,0x5ACB,0x5AEB,0x632C,0x6B4D,0x52AA,0x528A,0x528A,0x4208,0x5AEB,
0x2965,0x39E7,0x2124,0x18E3,0x4228,0x5AEB,0x528A,0x4228,0x4208,0x31A6,0x3186,0x52AA,0x4208,0x6B6D,0x6B6D,0x4208,
0x31A6,0x31A6,0x2965,0x2965,0x5ACB,0x3186,0x2124,0x4228,0x52AA,0x528A,0x52AA,0x52AA,0x8C51,0x8430,0x8430,0x8430,
0x632C,0x6B4D,0x6B4D,0x632C,0x5ACB,0x39E7,0x52AA,0x4208,0x528A,0x528A,0x5ACB,0x528A,0x52AA,0x6B4D,0x52AA,0x632C,
0x6B4D,0x528A,0x6B4D,0x6B6D,0x4A69,0x4208,0x3186,0x31A6,0x2124,0x18C3,0x10A2,0x2104,0x0020,0x10A2,0x18E3,0x0861,
0x0861,0x2945,0x1082,0x10A2,0x2104,0x0861,0x1082,0x1082,0x1082,0x18C3,0x18E3,0x0861,0x1082,0x0861,0x18C3,0x18C3,
0x18C3,0x18C3,0x1082,0x1082,0x18C3,0x2104,0x2965,0x2104,0x39C7,0x3186,0x3186,0x18E3,0x2945,0x2124,0x2104,0x18C3,
0x2124,0x18C3,0x18E3,0x0861,0x18C3,0x2124,0x2124,0x2104,0x2945,0x3186,0x31A6,0x3186,0x2124,0x2124,0x18C3,0x2124,
0x18C3,0x10A2,0x18C3,0x2945,0x10A2,0x2945,0x3186,0x2124,0x18C3,0x2104,0x2124,0x18E3,0x31A6,0x1082,0x2945,0x3186,
0x2124,0x1082,0x18C3,0x2945,0x2104,0x2124,0x3186,0x2124,0x18C3,0x18C3,0x18C3,0x10A2,0x10A2,0x1082,0x1082,0x1082,
0x0861,0x1082,0x18E3,0x1082,0x18C3,0x2104,0x2124,0x18C3,0x18E3,0x18C3,0x0861,0x1082,0x1082,0x0861,0x1082,0x0841,
0x0841,0x0841,0x0000,0x0841,0x0020,0x0861,0x1082,0x1082,0x10A2,0x1082,0x1082,0x0861,0x0841,0x0841,0x0841,0x0020,
0x0841,0x0020,0x10A2,0x0861,0x18C3,0x1082,0x18C3,0x2124,0x0861,0x1082,0x0861,0x18E3,0x18E3,0x0861,0x0861,0x0841,
0x18C3,0x10A2,0x0861,0x0841,0x10A2,0x1082,0x0020,0x10A2,0x1082,0x0841,0x0861,0x0020,0x0020,0x1082,0x0841,0x0841,
0x0000,0x10A2,0x10A2,0x0020,0x0020,0x0020,0x0020,0x10A2,0x0000,0x1082,0x0000,0x0841,0x0841,0x0020,0x0841,0x0020,
0x0841,0x2124,0x1082,0x1082,0x0861,0x0000,0x2945,0x0020,0x0841,0x0020,0x1082,0x10A2,0x0861,0x0020,0x0020,0x1082,
0x1082,0x1082,0x0861,0x0861,0x2104,0x1082,0x18C3,0x18C3,0x18C3,0x39C7,0x39E7,0x4228,0x31A6,0x4228,0x39C7,0x6B6D,
0x6B6D,0x632C,0x52AA,0x52AA,0x6B4D,0x52AA,0x52AA,0x528A,0x4208,0x5AEB,0x39E7,0x4208,0x4A49,0x4208,0x39C7,0x5AEB,
0x31A6,0x2965,0x52AA,0x632C,0x6B6D,0x6B4D,0x39E7,0x6B4D,0x52AA,0x39E7,0x5ACB,0x52AA,0x4208,0x6B6D,0x632C,0x4208,
0x4208,0x5ACB,0x4208,0x3186,0x3186,0x31A6,0x31A6,0x4208,0x4228,0x4208,0x52AA,0x39E7,0x4208,0x5ACB,0x6B4D,0x52AA,
0x52AA,0x4228,0x5AEB,0x39E7,0x4228,0x4228,0x4208,0x3186,0x4208,0x632C,0x738E,0x52AA,0x6B4D,0x52AA,0x4A49,0x39E7,
0x2124,0x31A6,0x3186,0x31A6,0x4228,0x52AA,0x4A69,0x5ACB,0x4208,0x31A6,0x31A6,0x528A,0x52AA,0x5AEB,0x3186,0x3186,
0x18E3,0x39C7,0x18E3,0x3186,0x4228,0x4228,0x3186,0x31A6,0x4228,0x528A,0x528A,0x6B4D,0x8C71,0x632C,0x6B4D,0x632C,
0x6B4D,0x6B4D,0x632C,0x52AA,0x528A,0x52AA,0x528A,0x52AA,0x528A,0x52AA,0x5ACB,0x52AA,0x6B4D,0x6B6D,0x6B4D,0x528A,
0x52AA,0x4A69,0x6B4D,0x5ACB,0x4208,0x3186,0x31A6,0x2104,0x18C3,0x1082,0x1082,0x0841,0x1082,0x0020,0x10A2,0x1082,
0x0861,0x2945,0x10A2,0x2945,0x39E7,0x0000,0x1082,0x1082,0x0861,0x18E3,0x2945,0x18C3,0x18C3,0x10A2,0x10A2,0x18E3,
0x0861,0x10A2,0x0861,0x0861,0x10A2,0x18C3,0x2124,0x3186,0x2124,0x2104,0x2124,0x31A6,0x2104,0x2124,0x2104,0x2124,
0x18E3,0x0841,0x18C3,0x18E3,0x18C3,0x18C3,0x10A2,0x2945,0x3186,0x2124,0x2124,0x39C7,0x2124,0x10A2,0x18C3,0x18C3,
0x2104,0x18C3,0x18E3,0x18C3,0x2945,0x18C3,0x18E3,0x10A2,0x2104,0x2124,0x2124,0x18E3,0x10A2,0x10A2,0x18E3,0x2104,
0x2945,0x0861,0x1082,0x18C3,0x0841,0x18C3,0x2124,0x2124,0x3186,0x18C3,0x0861,0x18E3,0x1082,0x10A2,0x0861,0x1082,
0x1082,0x1082,0x10A2,0x10A2,0x1082,0x2124,0x31A6,0x18C3,0x1082,0x18C3,0x10A2,0x0841,0x10A2,0x1082,0x1082,0x1082,
0x18C3,0x0020,0x1082,0x0020,0x1082,0x18E3,0x0861,0x1082,0x18C3,0x0861,0x10A2,0x10A2,0x18E3,0x1082,0x18E3,0x0020,
0x10A2,0x0861,0x10A2,0x1082,0x0861,0x1082,0x18E3,0x18C3,0x18C3,0x10A2,0x1082,0x10A2,0x10A2,0x18E3,0x0841,0x0020,
0x0841,0x0841,0x0000,0x1082,0x1082,0x0861,0x10A2,0x1082,0x1082,0x0841,0x0020,0x0861,0x0020,0x1082,0x1082,0x0841,
0x0861,0x0020,0x0020,0x0861,0x1082,0x1082,0x0861,0x10A2,0x0000,0x10A2,0x1082,0x0841,0x0841,0x1082,0x0000,0x0841,
0x0841,0x2124,0x1082,0x10A2,0x0020,0x0020,0x0841,0x0020,0x10A2,0x0020,0x2124,0x18E3,0x0020,0x3186,0x2124,0x1082,
0x2104,0x18E3,0x1082,0x0861,0x1082,0x2104,0x18E3,0x2104,0x31A6,0x4228,0x4228,0x31A6,0x3186,0x52AA,0x6B6D,0x632C,
0x52AA,0x52AA,0x528A,0x52AA,0x4208,0x4228,0x4208,0x4208,0x52AA,0x52AA,0x52AA,0x52AA,0x3186,0x4228,0x3186,0x4228,
0x4A49,0x39C7,0x6B4D,0x8C51,0x6B6D,0x39C7,0x528A,0x6B6D,0x4228,0x31A6,0x528A,0x52AA,0x39E7,0x31A6,0x4208,0x52AA,
0x52AA,0x5ACB,0x3186,0x3186,0x4228,0x4228,0x39E7,0x5ACB,0x4228,0x3186,0x4208,0x39E7,0x4A49,0x528A,0x528A,0x52AA,
0x6B6D,0x528A,0x52AA,0x528A,0x5ACB,0x4208,0x52AA,0x4208,0x39E7,0x6B6D,0x6B4D,0x528A,0x6B6D,0x52AA,0x4208,0x31A6,
0x18C3,0x2945,0x3186,0x3186,0x39C7,0x4A69,0x4A49,0x52AA,0x5ACB,0x4208,0x3186,0x4208,0x528A,0x39E7,0x2104,0x31A6,
0x31A6,0x4A49,0x2104,0x39C7,0x2965,0x39E7,0x3186,0x4208,0x39E7,0x5ACB,0x6B4D,0x8C51,0x6B4D,0x632C,0x632C,0x738E,
0x52AA,0x6B6D,0x5ACB,0x52AA,0x52AA,0x52AA,0x4A69,0x738E,0x52AA,0x5ACB,0x4A69,0x52AA,0x4A69,0x6B4D,0x528A,0x5ACB,
0x6B4D,0x5ACB,0x6B4D,0x528A,0x31A6,0x2124,0x2945,0x2945,0x0861,0x10A2,0x0020,0x0841,0x1082,0x0861,0x0000,0x0841,
0x10A2,0x2945,0x2945,0x1082,0x1082,0x0841,0x1082,0x1082,0x1082,0x10A2,0x18C3,0x1082,0x1082,0x1082,0x18C3,0x1082,
0x10A2,0x2124,0x18E3,0x1082,0x0861,0x0861,0x18E3,0x2124,0x31A6,0x2104,0x2104,0x39E7,0x2104,0x2945,0x2124,0x18E3,
0x31A6,0x4228,0x2104,0x2945,0x18C3,0x18C3,0x2104,0x2104,0x2124,0x2945,0x2104,0x18C3,0x10A2,0x18E3,0x2104,0x18C3,
0x18E3,0x18E3,0x1082,0x10A2,0x10A2,0x18E3,0x3186,0x2945,0x31A6,0x31A6,0x2104,0x2104,0x2104,0x18E3,0x2945,0x18E3,
0x10A2,0x18E3,0x0861,0x18C3,0x1082,0x1082,0x2104,0x18E3,0x2124,0x18E3,0x10A2,0x0861,0x10A2,0x0861,0x1082,0x0861,
0x0841,0x18C3,0x0841,0x0861,0x1082,0x1082,0x2124,0x2104,0x2124,0x18C3,0x0861,0x10A2,0x0861,0x0861,0x18C3,0x1082,
0x10A2,0x1082,0x10A2,0x0861,0x0861,0x0861,0x10A2,0x18E3,0x18C3,0x18C3,0x10A2,0x18C3,0x1082,0x0020,0x18C3,0x0861,
0x18C3,0x10A2,0x10A2,0x10A2,0x10A2,0x0861,0x0861,0x1082,0x2104,0x18C3,0x0861,0x0000,0x0841,0x18E3,0x10A2,0x10A2,
0x0861,0x0841,0x18E3,0x1082,0x0861,0x1082,0x0841,0x0861,0x1082,0x10A2,0x0861,0x0861,0x0841,0x1082,0x0861,0x0020,
0x0841,0x0861,0x10A2,0x0020,0x10A2,0x18C3,0x3186,0x2945,0x2945,0x1082,0x1082,0x10A2,0x1082,0x0020,0x0841,0x10A2,
0x10A2,0x1082,0x0841,0x0000,0x0020,0x0020,0x0861,0x0841,0x0020,0x0020,0x0841,0x0841,0x0020,0x39C7,0x2124,0x1082,
0x18E3,0x18E3,0x10A2,0x10A2,0x18C3,0x1082,0x18E3,0x4A69,0x4228,0x2965,0x2965,0x4228,0x52AA,0x528A,0x6B6D,0x4A69,
0x52AA,0x632C,0x5ACB,0x4228,0x3186,0x2124,0x31A6,0x4208,0x4208,0x4228,0x4228,0x528A,0x4208,0x4208,0x39E7,0x3186,
0x4A49,0x73AE,0x39C7,0x39C7,0x4228,0x4A49,0x4208,0x4208,0x3186,0x3186,0x4208,0x52AA,0x4208,0x4A49,0x4228,0x4A69,
0x528A,0x52AA,0x4208,0x4A49,0x4208,0x5AEB,0x52AA,0x4208,0x4208,0x528A,0x52AA,0x4228,0x5ACB,0x5ACB,0x528A,0x52AA,
0x52AA,0x528A,0x52AA,0x4A49,0x39E7,0x4208,0x4A49,0x4208,0x52AA,0x6B4D,0x4A69,0x528A,0x52AA,0x52AA,0x39E7,0x3186,
0x18E3,0x18C3,0x2945,0x2124,0x2965,0x4A49,0x4208,0x4208,0x4A69,0x4A69,0x31A6,0x4208,0x39C7,0x39E7,0x2965,0x39C7,
0x2124,0x10A2,0x31A6,0x31A6,0x3186,0x4A49,0x4208,0x3186,0x52AA,0x52AA,0x632C,0x6B4D,0x632C,0x6B4D,0x6B4D,0x4A69,
0x52AA,0x528A,0x528A,0x52AA,0x52AA,0x632C,0x738E,0x4A69,0x52AA,0x528A,0x5AEB,0x52AA,0x6B6D,0x528A,0x52AA,0x52AA,
0x52AA,0x4A69,0x5ACB,0x4228,0x31A6,0x2104,0x18C3,0x18E3,0x18C3,0x0861,0x0861,0x0000,0x0841,0x1082,0x0861,0x0841,
0x2104,0x10A2,0x2945,0x10A2,0x1082,0x1082,0x1082,0x10A2,0x18C3,0x18E3,0x1082,0x1082,0x18C3,0x0841,0x1082,0x18E3,
0x0861,0x18C3,0x1082,0x0861,0x1082,0x10A2,0x18E3,0x2104,0x10A2,0x2124,0x3186,0x31A6,0x10A2,0x2124,0x2104,0x10A2,
0x2965,0x52AA,0x2124,0x18E3,0x18E3,0x1082,0x2124,0x2124,0x2104,0x2104,0x18E3,0x10A2,0x10A2,0x0861,0x0841,0x18C3,
0x10A2,0x18E3,0x18C3,0x31A6,0x2965,0x2965,0x31A6,0x2104,0x2104,0x2124,0x10A2,0x10A2,0x1082,0x0861,0x18C3,0x1082,
0x18E3,0x10A2,0x10A2,0x1082,0x10A2,0x10A2,0x2124,0x39C7,0x2124,0x2104,0x2104,0x18C3,0x18E3,0x1082,0x2104,0x18E3,
0x10A2,0x1082,0x1082,0x18E3,0x0861,0x1082,0x2124,0x18E3,0x3186,0x2124,0x2124,0x18C3,0x10A2,0x2945,0x0861,0x1082,
0x0861,0x1082,0x0861,0x1082,0x1082,0x0861,0x2104,0x2124,0x18E3,0x18C3,0x0861,0x1082,0x0861,0x0861,0x0861,0x0841,
0x0861,0x1082,0x1082,0x1082,0x0861,0x18C3,0x1082,0x0861,0x18C3,0x2104,0x10A2,0x0841,0x0841,0x1082,0x10A2,0x0861,
0x0841,0x1082,0x2945,0x0000,0x0000,0x10A2,0x0861,0x0841,0x0020,0x10A2,0x1082,0x0861,0x0861,0x1082,0x0861,0x1082,
0x1082,0x18C3,0x18C3,0x0020,0x1082,0x18C3,0x6B4D,0x9492,0x3186,0x2965,0x3186,0x1082,0x1082,0x1082,0x10A2,0x0000,
0x2104,0x0020,0x0000,0x0861,0x0861,0x10A2,0x0861,0x0841,0x0841,0x1082,0x10A2,0x10A2,0x1082,0x0841,0x0841,0x18E3,
0x10A2,0x0861,0x18C3,0x18C3,0x10A2,0x2124,0x4A49,0x4A69,0x3186,0x3186,0x5ACB,0x5ACB,0x52AA,0x6B4D,0x4228,0x5AEB,
0x52AA,0x52AA,0x4208,0x3186,0x2124,0x2104,0x39C7,0x3186,0x31A6,0x3186,0x5ACB,0x3186,0x5ACB,0x3186,0x39C7,0x4208,
0x6B6D,0x52AA,0x2124,0x3186,0x2124,0x18E3,0x31A6,0x2965,0x3186,0x39C7,0x3186,0x39E7,0x4A49,0x39C7,0x5AEB,0x5ACB,
0x738E,0x52AA,0x5ACB,0x528A,0x6B4D,0x4A49,0x5ACB,0x5ACB,0x528A,0x6B4D,0x4228,0x2965,0x4208,0x4A49,0x5AEB,0x5ACB,
0x52AA,0x52AA,0x5ACB,0x4208,0x39E7,0x4228,0x4208,0x4208,0x630C,0x5ACB,0x528A,0x5ACB,0x5ACB,0x5ACB,0x4208,0x31A6,
0x10A2,0x10A2,0x2945,0x2124,0x2104,0x31A6,0x39E7,0x4228,0x4228,0x39E7,0x3186,0x2124,0x2945,0x3186,0x4228,0x18E3,
0x2124,0x39C7,0x3186,0x3186,0x3186,0x3186,0x4208,0x5ACB,0x6B6D,0x6B6D,0x630C,0x6B6D,0x6B4D,0x528A,0x528A,0x738E,
0x5ACB,0x5ACB,0x528A,0x52AA,0x6B4D,0x5ACB,0x528A,0x5ACB,0x4228,0x39C7,0x5ACB,0x4A49,0x5ACB,0x52AA,0x4A69,0x5AEB,
0x52AA,0x52AA,0x4208,0x2965,0x2945,0x2104,0x2124,0x2945,0x2124,0x18E3,0x39C7,0x18C3,0x0841,0x0020,0x0841,0x0000,
0x0000,0x0841,0x18C3,0x10A2,0x1082,0x0841,0x10A2,0x0841,0x1082,0x0861,0x1082,0x1082,0x0861,0x3186,0x4A69,0x10A2,
0x1082,0x0861,0x0020,0x0841,0x10A2,0x1082,0x1082,0x18C3,0x2965,0x2124,0x2104,0x31A6,0x39C7,0x2104,0x1082,0x2945,
0x2124,0x18C3,0x18C3,0x2104,0x18C3,0x18E3,0x2965,0x10A2,0x18E3,0x2104,0x2124,0x18E3,0x18E3,0x18E3,0x0861,0x1082,
0x0861,0x1082,0x18C3,0x39E7,0x2124,0x18E3,0x18C3,0x0861,0x10A2,0x0861,0x10A2,0x1082,0x0861,0x10A2,0x1082,0x1082,
0x1082,0x10A2,0x31A6,0x1082,0x1082,0x18E3,0x2945,0x18E3,0x2124,0x39C7,0x18C3,0x10A2,0x0861,0x18E3,0x10A2,0x0861,
0x0020,0x1082,0x2124,0x10A2,0x1082,0x1082,0x0020,0x0861,0x10A2,0x1082,0x18E3,0x0861,0x10A2,0x2965,0x0841,0x1082,
0x0861,0x1082,0x0861,0x1082,0x1082,0x0861,0x18C3,0x18C3,0x18C3,0x1082,0x10A2,0x0861,0x0861,0x10A2,0x0000,0x0841,
0x10A2,0x0861,0x0841,0x0841,0x0000,0x1082,0x18C3,0x0861,0x18C3,0x2124,0x18C3,0x0841,0x0841,0x0020,0x0861,0x0841,
0x1082,0x0861,0x0861,0x1082,0x0861,0x0841,0x0020,0x0841,0x0841,0x0861,0x0861,0x1082,0x10A2,0x10A2,0x1082,0x18C3,
0x2124,0x10A2,0x0020,0x0841,0x10A2,0x10A2,0x3186,0x39E7,0x2124,0x5AEB,0x6B6D,0x2104,0x0861,0x0841,0x1082,0x0841,
0x0841,0x0841,0x0841,0x10A2,0x0020,0x0841,0x0000,0x0841,0x1082,0x2104,0x0020,0x1082,0x1082,0x18E3,0x18C3,0x18E3,
0x18C3,0x10A2,0x18C3,0x18C3,0x2945,0x3186,0x4228,0x4228,0x31A6,0x52AA,0x6B6D,0x4A49,0x6B4D,0x52AA,0x5AEB,0x52AA,
0x528A,0x31A6,0x18E3,0x31A6,0x39C7,0x2965,0x2124,0x2104,0x3186,0x3186,0x4208,0x2945,0x3186,0x2124,0x18C3,0x4228,
0x632C,0x2124,0x2945,0x2124,0x2945,0x18E3,0x2124,0x2124,0x3186,0x4228,0x4208,0x39C7,0x39E7,0x5ACB,0x528A,0x528A,
0x4A69,0x4208,0x528A,0x6B6D,0x8430,0x8C51,0x8430,0x6B4D,0x5ACB,0x3186,0x31A6,0x39E7,0x5AEB,0x6B6D,0x4A69,0x528A,
0x4A69,0x5ACB,0x528A,0x5AEB,0x4A49,0x528A,0x4228,0x5ACB,0x738E,0x4A69,0x5AEB,0x39C7,0x39E7,0x31A6,0x3186,0x31A6,
0x18E3,0x1082,0x1082,0x2104,0x2945,0x31A6,0x4228,0x4208,0x4208,0x4228,0x31A6,0x39C7,0x2104,0x2965,0x4A49,0x4208,
0x31A6,0x2965,0x3186,0x3186,0x4A49,0x4208,0x4228,0x632C,0x52AA,0x4A69,0x738E,0x6B4D,0x52AA,0x52AA,0x5ACB,0x4A69,
0x528A,0x4A69,0x5ACB,0x738E,0x52AA,0x528A,0x4208,0x4228,0x4208,0x5ACB,0x5ACB,0x52AA,0x528A,0x52AA,0x52AA,0x4A69,
0x4A69,0x5ACB,0x39E7,0x39C7,0x31A6,0x2124,0x2124,0x18E3,0x31A6,0x18C3,0x18C3,0x1082,0x0020,0x1082,0x0020,0x0861,
0x0020,0x0841,0x0841,0x0861,0x18C3,0x1082,0x18C3,0x0861,0x1082,0x0861,0x10A2,0x18C3,0x1082,0x39C7,0x52AA,0x18C3,
0x10A2,0x0861,0x0841,0x0841,0x0861,0x0861,0x0861,0x18E3,0x2104,0x2945,0x18C3,0x0841,0x2124,0x2965,0x2124,0x18C3,
0x2124,0x2104,0x18E3,0x2124,0x1082,0x18C3,0x1082,0x18E3,0x18C3,0x10A2,0x18C3,0x18E3,0x18E3,0x2945,0x10A2,0x0861,
0x1082,0x1082,0x2104,0x31A6,0x18C3,0x10A2,0x10A2,0x10A2,0x1082,0x0020,0x0861,0x1082,0x1082,0x18C3,0x10A2,0x0861,
0x0841,0x0861,0x1082,0x1082,0x10A2,0x0841,0x18E3,0x18C3,0x10A2,0x18C3,0x18E3,0x528A,0x10A2,0x18E3,0x2104,0x1082,
0x1082,0x18E3,0x39C7,0x2945,0x18C3,0x10A2,0x0000,0x1082,0x18C3,0x0861,0x0841,0x10A2,0x10A2,0x10A2,0x2945,0x18C3,
0x1082,0x1082,0x10A2,0x18C3,0x10A2,0x10A2,0x18C3,0x2104,0x18C3,0x18C3,0x18E3,0x1082,0x10A2,0x10A2,0x0020,0x0841,
0x0861,0x0000,0x0841,0x10A2,0x18C3,0x0861,0x0861,0x1082,0x10A2,0x10A2,0x0861,0x0841,0x1082,0x0841,0x0861,0x0020,
0x1082,0x18C3,0x0841,0x0861,0x0000,0x0861,0x1082,0x0020,0x10A2,0x1082,0x1082,0x1082,0x10A2,0x18C3,0x10A2,0x1082,
0x1082,0x1082,0x10A2,0x0861,0x0861,0x1082,0x10A2,0x10A2,0x18C3,0x2104,0x2104,0x0841,0x10A2,0x10A2,0x0861,0x0861,
0x0841,0x1082,0x1082,0x0020,0x0861,0x0000,0x0841,0x0841,0x10A2,0x1082,0x0841,0x1082,0x2104,0x0861,0x1082,0x0841,
0x18C3,0x18E3,0x2124,0x2104,0x2124,0x2965,0x4208,0x4208,0x2945,0x5ACB,0x4A49,0x738E,0x52AA,0x4208,0x4228,0x2945,
0x39E7,0x4A49,0x31A6,0x18E3,0x2104,0x2945,0x18C3,0x2945,0x2124,0x2124,0x31A6,0x4228,0x2124,0x18C3,0x2945,0x528A,
0x738E,0x3186,0x2124,0x2104,0x2104,0x2945,0x18C3,0x39C7,0x2965,0x3186,0x2965,0x4228,0x5ACB,0x6B4D,0x528A,0x5AEB,
0x4208,0x5AEB,0x52AA,0x632C,0x6B4D,0x8C51,0x8430,0x8430,0x4208,0x39E7,0x4208,0x5ACB,0x632C,0x6B4D,0x6B6D,0x6B4D,
0x6B6D,0x52AA,0x39E7,0x39C7,0x4208,0x39E7,0x5ACB,0x632C,0x528A,0x4228,0x5ACB,0x4208,0x4228,0x31A6,0x3186,0x3186,
0x10A2,0x10A2,0x10A2,0x2104,0x2124,0x18E3,0x39C7,0x4228,0x31A6,0x4208,0x4228,0x31A6,0x31A6,0x18E3,0x4228,0x528A,
0x3186,0x31A6,0x31A6,0x31A6,0x39C7,0x2945,0x6B4D,0x52AA,0x52AA,0x52AA,0x6B4D,0x528A,0x528A,0x6B4D,0x528A,0x6B6D,
0x6B4D,0x5ACB,0x52AA,0x4A69,0x4208,0x5ACB,0x5ACB,0x528A,0x52AA,0x52AA,0x6B4D,0x528A,0x52AA,0x4228,0x4228,0x4208,
0x5ACB,0x52AA,0x3186,0x31A6,0x2945,0x18E3,0x2945,0x31A6,0x4228,0x0861,0x31A6,0x39E7,0x0841,0x0000,0x0861,0x0020,
0x0861,0x0020,0x0020,0x0841,0x10A2,0x1082,0x0841,0x1082,0x0861,0x1082,0x0861,0x10A2,0x1082,0x0841,0x0861,0x10A2,
0x0861,0x1082,0x0861,0x0841,0x1082,0x18C3,0x1082,0x1082,0x2124,0x2945,0x2945,0x10A2,0x18C3,0x2104,0x2945,0x2104,
0x0861,0x10A2,0x2124,0x31A6,0x18E3,0x18C3,0x18E3,0x18C3,0x18C3,0x18C3,0x18C3,0x18E3,0x1082,0x10A2,0x1082,0x1082,
0x0841,0x0861,0x18C3,0x18C3,0x1082,0x18E3,0x1082,0x0861,0x0841,0x0841,0x0020,0x10A2,0x1082,0x0861,0x2104,0x0861,
0x4A49,0x4208,0x1082,0x0020,0x0861,0x18E3,0x0861,0x10A2,0x10A2,0x0841,0x2945,0x5ACB,0x10A2,0x0020,0x10A2,0x0841,
0x18C3,0x1082,0x18E3,0x2124,0x1082,0x0861,0x10A2,0x0861,0x10A2,0x1082,0x0861,0x1082,0x1082,0x0861,0x2104,0x1082,
0x10A2,0x0841,0x0861,0x0861,0x0861,0x10A2,0x1082,0x18E3,0x18C3,0x18E3,0x1082,0x0841,0x10A2,0x1082,0x1082,0x0020,
0x0000,0x0841,0x0841,0x0861,0x2104,0x0841,0x0020,0x10A2,0x0861,0x0841,0x0841,0x0861,0x10A2,0x0861,0x0861,0x0841,
0x1082,0x0861,0x0020,0x1082,0x0020,0x10A2,0x0861,0x10A2,0x0861,0x1082,0x10A2,0x0861,0x0861,0x10A2,0x18C3,0x1082,
0x0861,0x1082,0x18E3,0x0861,0x10A2,0x1082,0x1082,0x0861,0x18E3,0x0861,0x0861,0x1082,0x1082,0x0861,0x0841,0x0841,
0x10A2,0x18E3,0x1082,0x0841,0x10A2,0x1082,0x1082,0x0861,0x10A2,0x18C3,0x1082,0x18C3,0x0841,0x0861,0x10A2,0x18E3,
0x2124,0x10A2,0x2124,0x2945,0x2104,0x31A6,0x4A49,0x4208,0x5AEB,0x632C,0x6B4D,0x6B6D,0x4228,0x31A6,0x3186,0x4A49,
0x39C7,0x0861,0x18E3,0x18E3,0x2104,0x2104,0x2965,0x39E7,0x31A6,0x2104,0x18C3,0x2965,0x0861,0x2104,0x2945,0x6B4D,
0x630C,0x39E7,0x2965,0x2945,0x2104,0x39E7,0x31A6,0x3186,0x3186,0x5ACB,0x4228,0x4208,0x52AA,0x52AA,0x5AEB,0x39C7,
0x4228,0x31A6,0x4A69,0x52AA,0x528A,0x528A,0x6B6D,0x52AA,0x39E7,0x4A49,0x4228,0x528A,0x632C,0x6B4D,0x5ACB,0x528A,
0x632C,0x5ACB,0x4208,0x4A49,0x4228,0x52AA,0x630C,0x5ACB,0x6B4D,0x6B6D,0x4228,0x4228,0x3186,0x31A6,0x31A6,0x3186,
0x18C3,0x18C3,0x1082,0x1082,0x2104,0x18C3,0x2124,0x31A6,0x39E7,0x4A49,0x4208,0x39E7,0x4208,0x39C7,0x4208,0x4208,
0x2124,0x31A6,0x2104,0x2965,0x3186,0x5ACB,0x6B4D,0x52AA,0x5ACB,0x528A,0x738E,0x528A,0x632C,0x738E,0x6B6D,0x632C,
0x6B4D,0x4228,0x4208,0x31A6,0x4228,0x39E7,0x528A,0x52AA,0x52AA,0x52AA,0x528A,0x52AA,0x4A49,0x39C7,0x52AA,0x52AA,
0x5ACB,0x4A69,0x3186,0x3186,0x2104,0x2945,0x31A6,0x4228,0x31A6,0x10A2,0x18E3,0x0861,0x10A2,0x0020,0x0000,0x0861,
0x0020,0x10A2,0x2104,0x1082,0x0841,0x1082,0x1082,0x10A2,0x1082,0x0861,0x1082,0x10A2,0x0841,0x1082,0x10A2,0x0020,
0x1082,0x10A2,0x10A2,0x0861,0x18C3,0x18E3,0x1082,0x0841,0x3186,0x2965,0x2945,0x2124,0x18E3,0x18C3,0x10A2,0x18C3,
0x31A6,0x2965,0x3186,0x2965,0x2124,0x10A2,0x18C3,0x18C3,0x18C3,0x2945,0x2945,0x10A2,0x18C3,0x10A2,0x10A2,0x1082,
0x1082,0x18C3,0x0861,0x0841,0x0861,0x18E3,0x1082,0x1082,0x0841,0x1082,0x0841,0x18E3,0x10A2,0x0841,0x2945,0x1082,
0x4208,0x2965,0x0861,0x0020,0x1082,0x18E3,0x0000,0x1082,0x0861,0x2104,0x18C3,0x0841,0x18E3,0x18E3,0x18C3,0x18E3,
0x18E3,0x18C3,0x0841,0x0861,0x10A2,0x1082,0x1082,0x1082,0x0841,0x1082,0x10A2,0x0861,0x1082,0x18E3,0x18C3,0x1082,
0x2945,0x18C3,0x10A2,0x10A2,0x1082,0x18C3,0x0861,0x18C3,0x1082,0x18C3,0x18C3,0x1082,0x0861,0x18C3,0x1082,0x1082,
0x10A2,0x10A2,0x1082,0x0020,0x0020,0x0000,0x0841,0x1082,0x1082,0x0861,0x0841,0x0020,0x0020,0x0841,0x0861,0x18C3,
0x0841,0x0861,0x1082,0x10A2,0x0861,0x2124,0x1082,0x0841,0x0841,0x1082,0x1082,0x0861,0x10A2,0x1082,0x10A2,0x18C3,
0x18C3,0x1082,0x1082,0x10A2,0x10A2,0x0841,0x1082,0x18E3,0x0861,0x10A2,0x18E3,0x10A2,0x0861,0x1082,0x1082,0x0861,
0x18C3,0x18C3,0x18C3,0x10A2,0x0861,0x0861,0x0861,0x18E3,0x5ACB,0x2104,0x0861,0x0861,0x10A2,0x0861,0x10A2,0x2124,
0x31A6,0x2104,0x2124,0x3186,0x31A6,0x3186,0x2945,0x528A,0x528A,0x52AA,0x52AA,0x4208,0x31A6,0x18E3,0x2124,0x2124,
0x18E3,0x2104,0x18E3,0x0861,0x2945,0x2945,0x4A49,0x8C71,0x4A49,0x2104,0x2945,0x10A2,0x39C7,0x3186,0x18E3,0x528A,
0x8C71,0x52AA,0x2965,0x2104,0x2124,0x18E3,0x2124,0x3186,0x31A6,0x52AA,0x52AA,0x5ACB,0x4A49,0x5AEB,0x39E7,0x4228,
0x39E7,0x4A69,0x52AA,0x4A69,0x4228,0x4208,0x4A49,0x4208,0x52AA,0x5ACB,0x4A69,0x738E,0x6B6D,0x4A69,0x52AA,0x5ACB,
0x4208,0x39E7,0x4A49,0x4208,0x39E7,0x528A,0x6B4D,0x52AA,0x52AA,0x52AA,0x2965,0x31A6,0x18C3,0x2945,0x3186,0x3186,
0x1082,0x18C3,0x18C3,0x0861,0x18C3,0x1082,0x18C3,0x31A6,0x31A6,0x3186,0x4228,0x4208,0x4208,0x3186,0x4228,0x4208,
0x3186,0x3186,0x18E3,0x31A6,0x31A6,0x528A,0x6B4D,0x528A,0x52AA,0x528A,0x632C,0x8C71,0x6B4D,0x630C,0x6B4D,0x6B4D,
0x6B4D,0x39E7,0x3186,0x31A6,0x4208,0x4208,0x5AEB,0x4A69,0x4208,0x52AA,0x52AA,0x52AA,0x4208,0x4228,0x5AEB,0x528A,
0x528A,0x4208,0x31A6,0x31A6,0x2104,0x31A6,0x2965,0x3186,0x3186,0x18C3,0x18C3,0x1082,0x0841,0x18C3,0x10A2,0x0000,
0x10A2,0x0861,0x0020,0x1082,0x1082,0x0861,0x10A2,0x1082,0x0020,0x0841,0x1082,0x1082,0x0020,0x10A2,0x1082,0x0861,
0x0861,0x1082,0x10A2,0x0861,0x10A2,0x18C3,0x10A2,0x2104,0x18C3,0x2124,0x10A2,0x18C3,0x18C3,0x18E3,0x10A2,0x2945,
0x2945,0x18E3,0x52AA,0x6B6D,0x3186,0x2124,0x18E3,0x18C3,0x18C3,0x18C3,0x18C3,0x10A2,0x31A6,0x1082,0x1082,0x1082,
0x0020,0x18E3,0x0861,0x1082,0x1082,0x1082,0x0841,0x10A2,0x0861,0x0841,0x0020,0x10A2,0x1082,0x0861,0x18C3,0x0020,
0x0020,0x10A2,0x1082,0x0020,0x0841,0x0841,0x1082,0x0841,0x0841,0x0841,0x10A2,0x1082,0x2124,0x18C3,0x18C3,0x2124,
0x2124,0x10A2,0x2104,0x10A2,0x0020,0x1082,0x18C3,0x1082,0x1082,0x1082,0x0861,0x18E3,0x0861,0x0861,0x18E3,0x0861,
0x10A2,0x1082,0x1082,0x1082,0x0841,0x1082,0x0861,0x18E3,0x18E3,0x0861,0x18E3,0x1082,0x18C3,0x4228,0x10A2,0x1082,
0x0861,0x0000,0x10A2,0x2124,0x0841,0x0841,0x1082,0x0841,0x1082,0x0861,0x0841,0x0841,0x0861,0x10A2,0x0841,0x0861,
0x2945,0x18C3,0x0861,0x1082,0x1082,0x18C3,0x1082,0x1082,0x2104,0x18C3,0x0841,0x1082,0x2965,0x18C3,0x0841,0x10A2,
0x1082,0x1082,0x0020,0x2124,0x18C3,0x1082,0x1082,0x18C3,0x1082,0x18C3,0x18C3,0x0841,0x1082,0x1082,0x0861,0x10A2,
0x31A6,0x0861,0x10A2,0x0861,0x10A2,0x10A2,0x10A2,0x18C3,0x2104,0x18E3,0x18E3,0x1082,0x0861,0x18E3,0x18C3,0x2104,
0x2124,0x2104,0x4228,0x4208,0x2124,0x2945,0x3186,0x52AA,0x4228,0x4228,0x39E7,0x4A49,0x3186,0x31A6,0x39C7,0x10A2,
0x18C3,0x10A2,0x18C3,0x2124,0x2945,0x2104,0x2965,0x4228,0x3186,0x2124,0x2104,0x18E3,0x2124,0x2104,0x2124,0x52AA,
0x632C,0x52AA,0x5ACB,0x4228,0x2104,0x2945,0x31A6,0x3186,0x4208,0x4228,0x528A,0x5ACB,0x52AA,0x528A,0x39E7,0x5ACB,
0x4228,0x528A,0x4208,0x4208,0x4228,0x4228,0x39E7,0x4228,0x4228,0x4208,0x5ACB,0x6B4D,0x52AA,0x52AA,0x52AA,0x528A,
0x528A,0x39E7,0x4208,0x4228,0x4208,0x6B6D,0x6B4D,0x4208,0x31A6,0x3186,0x4208,0x39C7,0x2124,0x2124,0x2124,0x2124,
0x1082,0x18C3,0x1082,0x18C3,0x1082,0x10A2,0x18E3,0x2104,0x31A6,0x3186,0x3186,0x4228,0x4228,0x2965,0x5ACB,0x31A6,
0x3186,0x4208,0x39C7,0x2965,0x4208,0x6B6D,0x52AA,0x5ACB,0x52AA,0x632C,0x8C71,0x6B4D,0x632C,0x52AA,0x6B6D,0x632C,
0x6B6D,0x4208,0x3186,0x31A6,0x4228,0x528A,0x52AA,0x4208,0x52AA,0x52AA,0x52AA,0x39E7,0x4228,0x4208,0x4A69,0x5ACB,
0x39E7,0x31A6,0x3186,0x2945,0x18C3,0x2945,0x10A2,0x2124,0x2104,0x2104,0x18C3,0x0841,0x18E3,0x1082,0x1082,0x1082,
0x0020,0x10A2,0x1082,0x0861,0x10A2,0x0861,0x1082,0x0861,0x1082,0x0000,0x0841,0x1082,0x0841,0x1082,0x0841,0x1082,
0x10A2,0x0861,0x18C3,0x10A2,0x0861,0x2124,0x18C3,0x18C3,0x18C3,0x18E3,0x2104,0x2104,0x18E3,0x1082,0x18C3,0x2124,
0x10A2,0x2124,0x3186,0x3186,0x2124,0x2124,0x10A2,0x18E3,0x18C3,0x18C3,0x18C3,0x1082,0x18C3,0x1082,0x18E3,0x0861,
0x1082,0x1082,0x10A2,0x1082,0x10A2,0x18E3,0x1082,0x1082,0x0861,0x0000,0x0841,0x1082,0x0020,0x0841,0x0020,0x1082,
0x0841,0x0841,0x0020,0x0841,0x18C3,0x18C3,0x0020,0x1082,0x0861,0x18C3,0x1082,0x0861,0x18E3,0x1082,0x18C3,0x18E3,
0x18E3,0x10A2,0x18E3,0x1082,0x0000,0x18C3,0x1082,0x0841,0x1082,0x0861,0x2104,0x1082,0x1082,0x1082,0x0861,0x1082,
0x1082,0x0861,0x1082,0x18E3,0x18C3,0x0841,0x18C3,0x0841,0x0020,0x2124,0x18E3,0x0861,0x1082,0x18C3,0x0861,0x10A2,
0x0861,0x18C3,0x18C3,0x0841,0x10A2,0x0000,0x0841,0x0841,0x0841,0x0020,0x0841,0x0020,0x1082,0x1082,0x1082,0x0020,
0x18C3,0x1082,0x18C3,0x0861,0x0861,0x1082,0x0861,0x18E3,0x2945,0x0841,0x10A2,0x1082,0x18C3,0x10A2,0x18C3,0x1082,
0x1082,0x0861,0x1082,0x18C3,0x0861,0x10A2,0x0861,0x1082,0x0841,0x18C3,0x10A2,0x0841,0x0861,0x18E3,0x1082,0x2124,
0x2104,0x1082,0x1082,0x0861,0x1082,0x18E3,0x18C3,0x1082,0x0861,0x0841,0x1082,0x2945,0x2124,0x18C3,0x2124,0x2124,
0x2124,0x2965,0x4A49,0x2124,0x2124,0x2965,0x4228,0x4208,0x4208,0x4208,0x4228,0x4208,0x2124,0x31A6,0x2104,0x18C3,
0x18C3,0x18E3,0x18C3,0x2124,0x2104,0x18E3,0x10A2,0x18C3,0x10A2,0x2104,0x18E3,0x18C3,0x18E3,0x2965,0x5ACB,0x4208,
0x2965,0x5AEB,0x52AA,0x4208,0x3186,0x3186,0x2965,0x2124,0x4208,0x4228,0x528A,0x6B4D,0x5ACB,0x4A49,0x2945,0x4A69,
0x4228,0x4228,0x4208,0x4228,0x4208,0x5ACB,0x4228,0x4208,0x4228,0x39C7,0x5ACB,0x52AA,0x52AA,0x5ACB,0x4A69,0x52AA,
0x4208,0x4228,0x4208,0x4208,0x52AA,0x6B4D,0x5ACB,0x39E7,0x3186,0x2124,0x31A6,0x2945,0x31A6,0x2965,0x2124,0x3186,
0x1082,0x1082,0x0841,0x18C3,0x18E3,0x10A2,0x10A2,0x2124,0x2104,0x2104,0x3186,0x4228,0x4208,0x4208,0x4228,0x3186,
0x3186,0x3186,0x3186,0x31A6,0x52AA,0x630C,0x4228,0x4A69,0x6B6D,0x5AEB,0x6B4D,0x630C,0x738E,0x52AA,0x630C,0x6B4D,
0x52AA,0x4208,0x4228,0x39C7,0x4228,0x4208,0x39C7,0x5ACB,0x52AA,0x52AA,0x5ACB,0x4228,0x4A49,0x39E7,0x5AEB,0x3186,
0x4228,0x31A6,0x18E3,0x2104,0x18C3,0x10A2,0x10A2,0x39C7,0x2945,0x0861,0x1082,0x18C3,0x10A2,0x0020,0x0000,0x0020,
0x18E3,0x10A2,0x0841,0x0861,0x10A2,0x1082,0x1082,0x18C3,0x18C3,0x0020,0x0861,0x0861,0x0861,0x0861,0x0861,0x1082,
0x0861,0x18C3,0x0861,0x0861,0x10A2,0x18E3,0x18E3,0x2124,0x2965,0x3186,0x2104,0x2104,0x18C3,0x18C3,0x18C3,0x10A2,
0x2124,0x2124,0x18C3,0x2104,0x1082,0x18C3,0x18E3,0x18C3,0x10A2,0x18C3,0x2945,0x1082,0x2945,0x0841,0x1082,0x1082,
0x0841,0x18E3,0x0861,0x18C3,0x18C3,0x10A2,0x2104,0x0861,0x0020,0x1082,0x1082,0x1082,0x0020,0x0000,0x0861,0x0841,
0x1082,0x0841,0x0841,0x0020,0x0861,0x18C3,0x1082,0x0841,0x0861,0x1082,0x1082,0x2124,0x1082,0x2124,0x18E3,0x0841,
0x1082,0x0861,0x0861,0x1082,0x1082,0x0861,0x0000,0x1082,0x0861,0x1082,0x0861,0x0861,0x1082,0x2945,0x10A2,0x18C3,
0x2965,0x0841,0x18E3,0x0861,0x0861,0x0861,0x0861,0x10A2,0x1082,0x10A2,0x1082,0x10A2,0x0841,0x10A2,0x10A2,0x0861,
0x18C3,0x18E3,0x1082,0x0000,0x0020,0x18E3,0x18C3,0x1082,0x18C3,0x1082,0x0020,0x10A2,0x0861,0x10A2,0x0020,0x10A2,
0x18C3,0x0020,0x10A2,0x1082,0x18C3,0x0841,0x0861,0x0861,0x0020,0x1082,0x0861,0x0861,0x10A2,0x10A2,0x18C3,0x0861,
0x18E3,0x10A2,0x0841,0x0841,0x1082,0x0000,0x10A2,0x1082,0x0841,0x18E3,0x18C3,0x18E3,0x18C3,0x10A2,0x3186,0x2124,
0x18C3,0x18E3,0x18C3,0x2945,0x18E3,0x1082,0x18C3,0x10A2,0x2104,0x2124,0x10A2,0x3186,0x2945,0x1082,0x2124,0x2945,
0x2104,0x31A6,0x2124,0x2965,0x4A49,0x3186,0x4208,0x4208,0x4228,0x4208,0x4A69,0x4A49,0x3186,0x2945,0x2124,0x2124,
0x0861,0x1082,0x18C3,0x10A2,0x2124,0x0841,0x3186,0x2945,0x1082,0x1082,0x0841,0x18C3,0x18E3,0x3186,0x5AEB,0x10A2,
0x3186,0x31A6,0x18C3,0x2945,0x2124,0x31A6,0x2104,0x39C7,0x4208,0x4208,0x6B6D,0x528A,0x39E7,0x3186,0x39C7,0x2965,
0x3186,0x2945,0x3186,0x4228,0x3186,0x4208,0x3186,0x4208,0x4228,0x4228,0x52AA,0x528A,0x52AA,0x632C,0x73AE,0x528A,
0x4228,0x5ACB,0x528A,0x2965,0x4228,0x528A,0x528A,0x4A49,0x31A6,0x2945,0x2945,0x2965,0x3186,0x39C7,0x528A,0x39C7,
0x0861,0x1082,0x1082,0x0861,0x18E3,0x18C3,0x10A2,0x18E3,0x18C3,0x2945,0x2965,0x4208,0x4228,0x3186,0x4228,0x39E7,
0x31A6,0x2965,0x3186,0x2965,0x5ACB,0x5ACB,0x528A,0x738E,0x632C,0x5AEB,0x528A,0x52AA,0x6B6D,0x630C,0x6B4D,0x6B6D,
0x4208,0x4A49,0x5ACB,0x5ACB,0x528A,0x52AA,0x5AEB,0x52AA,0x528A,0x52AA,0x4208,0x31A6,0x3186,0x31A6,0x31A6,0x39E7,
0x4A49,0x2965,0x2124,0x4208,0x2104,0x10A2,0x2945,0x2104,0x18C3,0x18C3,0x2124,0x10A2,0x0020,0x1082,0x0861,0x0841,
0x18E3,0x1082,0x0020,0x0861,0x0861,0x1082,0x0861,0x18C3,0x18C3,0x0841,0x0841,0x0020,0x0861,0x0020,0x1082,0x10A2,
0x0861,0x18E3,0x1082,0x1082,0x18C3,0x18E3,0x2104,0x2945,0x52AA,0x5AEB,0x2104,0x18E3,0x10A2,0x18C3,0x2965,0x18C3,
0x18E3,0x18E3,0x10A2,0x18C3,0x18E3,0x18C3,0x3186,0x2945,0x18C3,0x2945,0x2945,0x528A,0x0861,0x10A2,0x10A2,0x1082,
0x18E3,0x1082,0x0861,0x39C7,0x2124,0x0841,0x2104,0x0841,0x1082,0x1082,0x0861,0x18C3,0x18C3,0x0020,0x0861,0x0861,
0x0000,0x10A2,0x1082,0x0020,0x0861,0x1082,0x0841,0x18C3,0x18E3,0x0861,0x18E3,0x2124,0x1082,0x0020,0x1082,0x10A2,
0x0861,0x2104,0x18E3,0x0861,0x0841,0x10A2,0x1082,0x0841,0x0020,0x18E3,0x0861,0x10A2,0x10A2,0x2124,0x1082,0x10A2,
0x2124,0x0861,0x2965,0x0841,0x0861,0x18E3,0x18C3,0x18C3,0x2945,0x2104,0x0861,0x0861,0x18C3,0x18C3,0x1082,0x10A2,
0x0841,0x10A2,0x18E3,0x1082,0x1082,0x0841,0x18E3,0x4208,0x4208,0x10A2,0x10A2,0x0841,0x0020,0x10A2,0x10A2,0x0020,
0x10A2,0x0861,0x1082,0x1082,0x0861,0x0841,0x1082,0x1082,0x0861,0x18E3,0x1082,0x1082,0x0861,0x0861,0x18E3,0x0861,
0x0861,0x1082,0x0841,0x10A2,0x10A2,0x0841,0x10A2,0x18C3,0x0861,0x10A2,0x1082,0x2945,0x1082,0x2104,0x52AA,0x39C7,
0x10A2,0x10A2,0x18C3,0x10A2,0x0841,0x18E3,0x2124,0x18E3,0x0841,0x18C3,0x18C3,0x1082,0x10A2,0x39C7,0x2124,0x2124,
0x2965,0x18E3,0x2965,0x4A49,0x39E7,0x31A6,0x4228,0x3186,0x3186,0x31A6,0x31A6,0x39E7,0x2104,0x10A2,0x10A2,0x18C3,
0x2104,0x39C7,0x10A2,0x2104,0x18C3,0x0020,0x2965,0x10A2,0x10A2,0x0841,0x2124,0x2124,0x2124,0x2124,0x39E7,0x2124,
0x52AA,0x2945,0x2945,0x3186,0x2104,0x39C7,0x31A6,0x39E7,0x31A6,0x52AA,0x6B4D,0x4208,0x31A6,0x31A6,0x2945,0x31A6,
0x3186,0x39C7,0x2965,0x39C7,0x31A6,0x3186,0x2965,0x4A69,0x4228,0x39C7,0x4228,0x4A49,0x4A69,0x6B6D,0x5ACB,0x39E7,
0x4208,0x632C,0x5AEB,0x31A6,0x3186,0x4208,0x4228,0x4228,0x3186,0x31A6,0x4208,0x3186,0x39E7,0x3186,0x5ACB,0x2945,
0x18E3,0x18E3,0x2104,0x0861,0x18C3,0x2124,0x2104,0x18C3,0x18E3,0x18C3,0x3186,0x3186,0x4228,0x2965,0x31A6,0x4A49,
0x4208,0x31A6,0x31A6,0x3186,0x6B4D,0x632C,0x52AA,0x630C,0x4228,0x52AA,0x528A,0x52AA,0x6B6D,0x6B4D,0x6B6D,0x528A,
0x4228,0x4208,0x4208,0x4A69,0x5ACB,0x52AA,0x528A,0x52AA,0x5ACB,0x4228,0x3186,0x2104,0x31A6,0x3186,0x2965,0x4A49,
0x2945,0x4A69,0x3186,0x18E3,0x2104,0x2124,0x18E3,0x0841,0x18C3,0x2104,0x18E3,0x0861,0x0020,0x0841,0x0020,0x1082,
0x0841,0x0841,0x0861,0x0841,0x0841,0x10A2,0x1082,0x18C3,0x10A2,0x0861,0x0841,0x0841,0x0841,0x0020,0x1082,0x18C3,
0x1082,0x0841,0x1082,0x0861,0x1082,0x2104,0x2104,0x2124,0x2945,0x39C7,0x2104,0x2124,0x2124,0x2945,0x2104,0x0861,
0x1082,0x18E3,0x10A2,0x18C3,0x18E3,0x10A2,0x2104,0x2104,0x18C3,0x10A2,0x2965,0x2104,0x1082,0x1082,0x1082,0x10A2,
0x18C3,0x10A2,0x10A2,0x18C3,0x18C3,0x10A2,0x18C3,0x10A2,0x2104,0x10A2,0x10A2,0x0020,0x0841,0x10A2,0x10A2,0x10A2,
0x0861,0x1082,0x0861,0x0841,0x0841,0x10A2,0x18C3,0x18E3,0x18C3,0x4208,0x2124,0x1082,0x18E3,0x10A2,0x18C3,0x1082,
0x0861,0x2124,0x10A2,0x0841,0x0861,0x1082,0x0020,0x1082,0x0861,0x1082,0x0861,0x18E3,0x2104,0x0861,0x0861,0x18C3,
0x0861,0x18C3,0x31A6,0x10A2,0x0020,0x0841,0x1082,0x1082,0x31A6,0x2124,0x1082,0x1082,0x18C3,0x10A2,0x1082,0x18E3,
0x2124,0x31A6,0x2124,0x18E3,0x0841,0x1082,0x18E3,0x52AA,0x9492,0x18E3,0x0861,0x0861,0x18E3,0x1082,0x1082,0x1082,
0x0020,0x1082,0x0861,0x1082,0x0861,0x1082,0x0861,0x0020,0x1082,0x0020,0x0861,0x0861,0x18E3,0x18E3,0x0841,0x2104,
0x18C3,0x18C3,0x1082,0x1082,0x0841,0x0861,0x0861,0x2104,0x10A2,0x0861,0x0841,0x0020,0x2945,0x2104,0x2124,0x10A2,
0x2965,0x18C3,0x18C3,0x1082,0x1082,0x10A2,0x0861,0x10A2,0x18E3,0x2945,0x18C3,0x18C3,0x2104,0x2124,0x10A2,0x18C3,
0x2104,0x31A6,0x31A6,0x39E7,0x31A6,0x2965,0x39C7,0x2104,0x2104,0x31A6,0x2965,0x4228,0x2124,0x2104,0x10A2,0x0861,
0x2104,0x39C7,0x10A2,0x18C3,0x18E3,0x39E7,0x0861,0x2124,0x1082,0x1082,0x2945,0x2124,0x2104,0x2124,0x5AEB,0x4208,
0x6B4D,0x2945,0x3186,0x31A6,0x2104,0x2124,0x4208,0x5ACB,0x4208,0x39E7,0x52AA,0x39E7,0x2124,0x31A6,0x4208,0x4228,
0x39C7,0x3186,0x2104,0x2104,0x3186,0x3186,0x39E7,0x2965,0x4228,0x4208,0x5AEB,0x4208,0x5AEB,0x528A,0x528A,0x5AEB,
0x4A49,0x528A,0x528A,0x39C7,0x3186,0x4208,0x4208,0x2965,0x3186,0x4228,0x4A49,0x4208,0x2124,0x2104,0x2965,0x5ACB,
0x2104,0x0841,0x1082,0x0861,0x1082,0x10A2,0x10A2,0x18C3,0x18C3,0x1082,0x2945,0x2124,0x4228,0x39E7,0x31A6,0x39E7,
0x4228,0x4228,0x4208,0x4228,0x738E,0x6B4D,0x52AA,0x52AA,0x528A,0x52AA,0x52AA,0x5ACB,0x6B4D,0x632C,0x6B6D,0x4A69,
0x4208,0x2945,0x4A69,0x528A,0x528A,0x5AEB,0x4208,0x5ACB,0x39E7,0x3186,0x3186,0x4228,0x39C7,0x31A6,0x4A49,0x2945,
0x4A49,0x3186,0x2965,0x39C7,0x2104,0x2124,0x2945,0x18C3,0x10A2,0x1082,0x0861,0x10A2,0x18E3,0x1082,0x0841,0x0841,
0x0841,0x0841,0x1082,0x0841,0x0861,0x10A2,0x18C3,0x18C3,0x1082,0x0861,0x0020,0x0841,0x0020,0x0841,0x0841,0x0841,
0x0861,0x1082,0x10A2,0x0841,0x1082,0x2945,0x2945,0x2104,0x2945,0x2124,0x3186,0x18E3,0x2104,0x3186,0x10A2,0x18E3,
0x18E3,0x18C3,0x1082,0x18E3,0x0861,0x18E3,0x10A2,0x10A2,0x18C3,0x18E3,0x18C3,0x10A2,0x18C3,0x18C3,0x2104,0x0841,
0x2124,0x18C3,0x2124,0x18C3,0x18C3,0x18E3,0x2104,0x10A2,0x0861,0x0861,0x18E3,0x10A2,0x1082,0x1082,0x0841,0x0020,
0x0841,0x0841,0x0841,0x1082,0x1082,0x1082,0x10A2,0x10A2,0x10A2,0x2965,0x8C71,0x3186,0x1082,0x1082,0x10A2,0x0861,
0x18C3,0x1082,0x1082,0x18E3,0x0861,0x0861,0x18C3,0x10A2,0x0861,0x10A2,0x1082,0x0861,0x1082,0x18C3,0x2124,0x0861,
0x1082,0x0841,0x0020,0x0861,0x1082,0x1082,0x10A2,0x0861,0x0841,0x18C3,0x1082,0x0861,0x2124,0x10A2,0x0861,0x2945,
0x3186,0x8C71,0x2124,0x10A2,0x2124,0x0861,0x1082,0x18C3,0x18E3,0x18E3,0x18E3,0x1082,0x1082,0x18E3,0x0000,0x0861,
0x1082,0x10A2,0x0861,0x0000,0x10A2,0x1082,0x10A2,0x1082,0x1082,0x1082,0x1082,0x1082,0x10A2,0x3186,0x5ACB,0x18E3,
0x18C3,0x10A2,0x10A2,0x0841,0x18C3,0x10A2,0x0861,0x0861,0x18C3,0x0861,0x1082,0x18E3,0x18C3,0x2124,0x2104,0x2104,
0x10A2,0x18C3,0x0861,0x0861,0x2104,0x1082,0x2104,0x2945,0x2104,0x2104,0x2104,0x2124,0x2945,0x18C3,0x10A2,0x31A6,
0x2124,0x31A6,0x31A6,0x18E3,0x31A6,0x31A6,0x18E3,0x2104,0x3186,0x4208,0x2945,0x3186,0x10A2,0x1082,0x1082,0x0861,
0x10A2,0x0841,0x0861,0x18E3,0x1082,0x10A2,0x10A2,0x1082,0x0020,0x18C3,0x0861,0x0861,0x18E3,0x2104,0x4228,0x6B4D,
0x632C,0x5ACB,0x4228,0x3186,0x2124,0x3186,0x39E7,0x4208,0x4A49,0x4228,0x52AA,0x4A49,0x2945,0x4208,0x4228,0x3186,
0x2104,0x3186,0x39C7,0x18C3,0x2965,0x31A6,0x3186,0x4228,0x4208,0x52AA,0x39E7,0x39E7,0x4208,0x52AA,0x52AA,0x52AA,
0x4228,0x39E7,0x4208,0x31A6,0x3186,0x2965,0x39E7,0x3186,0x31A6,0x4A69,0x39E7,0x3186,0x2104,0x39E7,0x2965,0x5AEB,
0x2104,0x0861,0x10A2,0x18C3,0x18C3,0x10A2,0x18E3,0x2104,0x10A2,0x2104,0x18C3,0x2104,0x31A6,0x4228,0x4A49,0x4208,
0x4208,0x4208,0x3186,0x39E7,0x52AA,0x4A69,0x52AA,0x6B4D,0x6B4D,0x5ACB,0x528A,0x528A,0x632C,0x6B4D,0x6B6D,0x4228,
0x39C7,0x3186,0x5ACB,0x52AA,0x39C7,0x4228,0x3186,0x2965,0x2965,0x4208,0x2965,0x2965,0x2965,0x31A6,0x3186,0x4208,
0x3186,0x2104,0x2124,0x2124,0x2104,0x2124,0x2104,0x18C3,0x18E3,0x10A2,0x10A2,0x10A2,0x1082,0x18E3,0x2945,0x1082,
0x0861,0x0000,0x0861,0x1082,0x18C3,0x1082,0x1082,0x1082,0x1082,0x0861,0x0020,0x0841,0x0841,0x1082,0x0020,0x0020,
0x10A2,0x1082,0x0000,0x18E3,0x31A6,0x10A2,0x10A2,0x2945,0x18C3,0x18E3,0x2104,0x18C3,0x2104,0x2104,0x18E3,0x2104,
0x2945,0x10A2,0x2945,0x2104,0x1082,0x18E3,0x2965,0x18E3,0x2104,0x10A2,0x2945,0x2104,0x1082,0x2945,0x2945,0x2104,
0x2124,0x3186,0x2124,0x2104,0x39C7,0x2104,0x18C3,0x2104,0x18C3,0x1082,0x0841,0x10A2,0x1082,0x0020,0x0861,0x1082,
0x0000,0x1082,0x1082,0x10A2,0x18E3,0x0861,0x0841,0x10A2,0x1082,0x2124,0x528A,0x4228,0x18C3,0x0020,0x0000,0x0841,
0x0841,0x1082,0x10A2,0x1082,0x0020,0x0861,0x0861,0x0020,0x2104,0x0861,0x0020,0x10A2,0x0861,0x1082,0x18E3,0x18C3,
0x18E3,0x10A2,0x1082,0x1082,0x0861,0x1082,0x0861,0x1082,0x2104,0x1082,0x1082,0x0861,0x0841,0x0861,0x18C3,0x18C3,
0x18C3,0x39E7,0x39C7,0x18E3,0x2104,0x10A2,0x10A2,0x1082,0x0861,0x18C3,0x1082,0x0861,0x0861,0x2104,0x0020,0x0020,
0x0020,0x1082,0x1082,0x10A2,0x18C3,0x1082,0x0020,0x1082,0x1082,0x18C3,0x0841,0x10A2,0x10A2,0x39E7,0x9492,0x3186,
0x1082,0x18C3,0x0861,0x0841,0x0861,0x0861,0x18C3,0x1082,0x0841,0x1082,0x18C3,0x10A2,0x18E3,0x0861,0x2945,0x39C7,
0x2945,0x1082,0x2945,0x2124,0x10A2,0x2124,0x4A49,0x2124,0x2124,0x2124,0x2965,0x10A2,0x18C3,0x2945,0x2104,0x31A6,
0x3186,0x31A6,0x18E3,0x2124,0x31A6,0x18E3,0x2945,0x18E3,0x3186,0x3186,0x2104,0x18C3,0x1082,0x0861,0x2945,0x31A6,
0x10A2,0x31A6,0x4A69,0x0861,0x1082,0x10A2,0x10A2,0x0861,0x18C3,0x10A2,0x10A2,0x2124,0x1082,0x18E3,0x3186,0x8430,
0x6B6D,0x632C,0x52AA,0x528A,0x4A49,0x31A6,0x4228,0x4208,0x2945,0x4228,0x39E7,0x4208,0x4228,0x4A49,0x3186,0x31A6,
0x2104,0x2945,0x1082,0x2104,0x2124,0x3186,0x4A49,0x39E7,0x31A6,0x4228,0x4A49,0x4A49,0x4208,0x528A,0x52AA,0x4228,
0x39E7,0x4228,0x31A6,0x39E7,0x3186,0x31A6,0x2965,0x4228,0x4208,0x5AEB,0x5ACB,0x31A6,0x2104,0x2124,0x2124,0x2104,
0x10A2,0x18E3,0x10A2,0x18C3,0x18C3,0x18C3,0x18E3,0x2104,0x18C3,0x10A2,0x18E3,0x18C3,0x18E3,0x4228,0x39E7,0x4228,
0x52AA,0x4A49,0x3186,0x4A49,0x632C,0x528A,0x632C,0x6B4D,0x52AA,0x528A,0x528A,0x5ACB,0x6B4D,0x6B4D,0x52AA,0x3186,
0x2965,0x4228,0x39E7,0x4228,0x4228,0x3186,0x3186,0x4A49,0x31A6,0x18E3,0x31A6,0x3186,0x31A6,0x3186,0x31A6,0x2945,
0x2124,0x2124,0x18C3,0x1082,0x2104,0x18C3,0x1082,0x2945,0x18C3,0x0861,0x18E3,0x2965,0x18C3,0x18C3,0x10A2,0x0861,
0x1082,0x0020,0x0841,0x18C3,0x18C3,0x0841,0x0841,0x0020,0x1082,0x10A2,0x10A2,0x0841,0x1082,0x18C3,0x0861,0x0861,
0x0000,0x18C3,0x0861,0x0861,0x2945,0x18E3,0x18C3,0x1082,0x2104,0x3186,0x10A2,0x18E3,0x2104,0x10A2,0x18C3,0x18C3,
0x2124,0x2104,0x3186,0x18C3,0x18E3,0x1082,0x2945,0x10A2,0x0841,0x18E3,0x0861,0x1082,0x0861,0x18C3,0x2945,0x5AEB,
0x632C,0x5AEB,0x3186,0x2104,0x18C3,0x0861,0x10A2,0x0841,0x18C3,0x18C3,0x0861,0x1082,0x0861,0x1082,0x18C3,0x0861,
0x18E3,0x1082,0x0861,0x1082,0x0861,0x18C3,0x2124,0x1082,0x0861,0x0841,0x2104,0x18E3,0x1082,0x0841,0x1082,0x0020,
0x10A2,0x0841,0x18C3,0x18E3,0x0020,0x0841,0x0841,0x0020,0x18C3,0x1082,0x0841,0x10A2,0x0841,0x1082,0x10A2,0x10A2,
0x10A2,0x1082,0x1082,0x1082,0x1082,0x18C3,0x10A2,0x1082,0x0861,0x0861,0x0861,0x10A2,0x2124,0x2104,0x18C3,0x18C3,
0x18E3,0x10A2,0x10A2,0x18E3,0x1082,0x0861,0x0841,0x10A2,0x1082,0x0841,0x1082,0x10A2,0x10A2,0x10A2,0x1082,0x1082,
0x0020,0x0841,0x0841,0x10A2,0x0000,0x0861,0x0000,0x10A2,0x18E3,0x10A2,0x10A2,0x0861,0x2104,0x2104,0x18E3,0x2124,
0x0861,0x2104,0x18C3,0x2124,0x0861,0x0841,0x1082,0x0861,0x18C3,0x18E3,0x10A2,0x2945,0x18C3,0x18C3,0x2124,0x10A2,
0x10A2,0x18C3,0x2104,0x18C3,0x2945,0x31A6,0x18C3,0x18E3,0x2124,0x2124,0x10A2,0x18E3,0x2124,0x2965,0x39C7,0x3186,
0x3186,0x2945,0x18E3,0x2104,0x3186,0x2945,0x18C3,0x2124,0x2945,0x2965,0x2945,0x10A2,0x10A2,0x0841,0x18C3,0x18C3,
0x18E3,0x2945,0x2945,0x2124,0x18E3,0x0841,0x10A2,0x2104,0x0841,0x2965,0x10A2,0x1082,0x10A2,0x18E3,0x31A6,0x6B4D,
0x8410,0x6B6D,0x632C,0x5ACB,0x4208,0x2965,0x4A49,0x39E7,0x39C7,0x31A6,0x39E7,0x4208,0x4228,0x18E3,0x2945,0x2104,
0x2945,0x10A2,0x18E3,0x18C3,0x2104,0x4208,0x2965,0x4A49,0x3186,0x3186,0x4208,0x528A,0x4208,0x5AEB,0x4208,0x39E7,
0x4228,0x4228,0x2965,0x4228,0x39E7,0x4A49,0x31A6,0x39E7,0x4228,0x4208,0x2965,0x39C7,0x2124,0x2124,0x2124,0x2945,
0x1082,0x2945,0x18C3,0x10A2,0x18E3,0x18C3,0x18C3,0x2124,0x18C3,0x1082,0x18C3,0x3186,0x39C7,0x4208,0x4208,0x31A6,
0x4228,0x4208,0x3186,0x528A,0x6B6D,0x528A,0x6B6D,0x632C,0x52AA,0x5ACB,0x52AA,0x632C,0x6B4D,0x632C,0x4228,0x4208,
0x31A6,0x52AA,0x52AA,0x4208,0x3186,0x31A6,0x3186,0x4208,0x2124,0x2124,0x2124,0x3186,0x2124,0x2104,0x3186,0x2104,
0x2124,0x2124,0x2124,0x18E3,0x10A2,0x18C3,0x2104,0x18C3,0x18C3,0x1082,0x1082,0x10A2,0x0861,0x18E3,0x10A2,0x2945,
0x18C3,0x1082,0x0841,0x18C3,0x1082,0x0020,0x0841,0x0841,0x0020,0x1082,0x18E3,0x0020,0x0020,0x0841,0x0000,0x0841,
0x1082,0x1082,0x10A2,0x10A2,0x2124,0x2124,0x2124,0x2945,0x2124,0x2124,0x18C3,0x10A2,0x18C3,0x2124,0x0861,0x18E3,
0x18C3,0x31A6,0x18C3,0x10A2,0x18E3,0x18C3,0x10A2,0x1082,0x10A2,0x1082,0x18C3,0x18C3,0x18E3,0x18C3,0x3186,0x6B4D,
0x8430,0x6B4D,0x2965,0x2945,0x18C3,0x1082,0x1082,0x2945,0x2104,0x1082,0x0861,0x1082,0x0020,0x0841,0x0841,0x18E3,
0x0000,0x10A2,0x1082,0x0841,0x0861,0x10A2,0x18C3,0x0841,0x0841,0x10A2,0x2124,0x18C3,0x0020,0x0020,0x0861,0x0020,
0x0841,0x0020,0x1082,0x1082,0x0020,0x0841,0x0020,0x1082,0x0020,0x0020,0x0841,0x1082,0x1082,0x10A2,0x0861,0x1082,
0x1082,0x1082,0x0841,0x1082,0x1082,0x0020,0x1082,0x1082,0x1082,0x18C3,0x10A2,0x0861,0x18E3,0x1082,0x1082,0x2104,
0x10A2,0x18C3,0x1082,0x0841,0x18E3,0x0861,0x18C3,0x0841,0x10A2,0x10A2,0x10A2,0x0841,0x10A2,0x0861,0x0861,0x1082,
0x10A2,0x0000,0x1082,0x1082,0x0861,0x18E3,0x18C3,0x0861,0x0861,0x10A2,0x18C3,0x1082,0x0841,0x10A2,0x18E3,0x1082,
0x18C3,0x18C3,0x2124,0x18C3,0x1082,0x0861,0x18C3,0x2104,0x0861,0x18E3,0x18C3,0x2104,0x2124,0x2124,0x2945,0x2124,
0x10A2,0x39E7,0x2104,0x10A2,0x2104,0x31A6,0x2945,0x18C3,0x18E3,0x18C3,0x18C3,0x2124,0x2104,0x39C7,0x3186,0x2965,
0x2124,0x18C3,0x18C3,0x18C3,0x2104,0x31A6,0x18E3,0x18E3,0x2124,0x3186,0x2124,0x1082,0x1082,0x18C3,0x18E3,0x1082,
0x18E3,0x0861,0x1082,0x10A2,0x0861,0x18E3,0x0861,0x1082,0x2104,0x3186,0x4208,0x10A2,0x18E3,0x18C3,0x2965,0x52AA,
0x8430,0x6B4D,0x528A,0x6B6D,0x52AA,0x4208,0x4208,0x5ACB,0x3186,0x2965,0x4228,0x6B6D,0x4208,0x2124,0x31A6,0x2104,
0x2945,0x18C3,0x18E3,0x2124,0x3186,0x31A6,0x3186,0x3186,0x4228,0x52AA,0x52AA,0x4228,0x4208,0x3186,0x4208,0x4228,
0x4228,0x39C7,0x4A49,0x4228,0x4228,0x39C7,0x4A49,0x4208,0x4208,0x4208,0x31A6,0x2945,0x2104,0x2124,0x2124,0x2124,
0x10A2,0x0861,0x10A2,0x10A2,0x10A2,0x2104,0x10A2,0x18E3,0x18C3,0x18E3,0x31A6,0x4208,0x4228,0x4228,0x4208,0x31A6,
0x39C7,0x4A69,0x4208,0x52AA,0x632C,0x6B4D,0x6B6D,0x6B4D,0x6B4D,0x6B4D,0x52AA,0x632C,0x6B4D,0x6B4D,0x4208,0x4228,
0x528A,0x52AA,0x4228,0x4A49,0x3186,0x3186,0x39C7,0x2104,0x2945,0x3186,0x3186,0x31A6,0x3186,0x2104,0x2104,0x2945,
0x2124,0x2104,0x2124,0x18E3,0x18C3,0x18E3,0x1082,0x18E3,0x18C3,0x18E3,0x0861,0x2945,0x2124,0x18C3,0x18C3,0x3186,
0x31A6,0x1082,0x0020,0x18C3,0x0861,0x18E3,0x0020,0x0841,0x0841,0x1082,0x1082,0x0841,0x0841,0x0020,0x0861,0x1082,
0x1082,0x1082,0x0861,0x10A2,0x18C3,0x2945,0x31A6,0x10A2,0x2104,0x31A6,0x2104,0x18E3,0x18C3,0x18C3,0x18E3,0x18E3,
0x10A2,0x2104,0x1082,0x18C3,0x2104,0x0841,0x2965,0x18C3,0x1082,0x1082,0x1082,0x0861,0x10A2,0x18C3,0x2945,0x4A49,
0x6B6D,0x39E7,0x2124,0x18E3,0x1082,0x18E3,0x0861,0x2945,0x2124,0x10A2,0x0841,0x10A2,0x0020,0x0841,0x0841,0x10A2,
0x0841,0x0000,0x18E3,0x1082,0x0020,0x0841,0x0841,0x0000,0x10A2,0x0020,0x2104,0x18C3,0x0841,0x0020,0x0861,0x1082,
0x0841,0x0020,0x0020,0x18C3,0x0000,0x0020,0x0841,0x0020,0x0020,0x0841,0x0020,0x0020,0x18C3,0x10A2,0x4228,0x4208,
0x18E3,0x0861,0x0020,0x10A2,0x0861,0x0841,0x0841,0x1082,0x1082,0x0861,0x18C3,0x18E3,0x0861,0x0861,0x18C3,0x18C3,
0x18E3,0x18C3,0x18C3,0x18E3,0x18C3,0x18E3,0x0861,0x10A2,0x1082,0x1082,0x1082,0x18C3,0x18E3,0x10A2,0x0861,0x1082,
0x1082,0x10A2,0x0861,0x18C3,0x0861,0x1082,0x10A2,0x0861,0x0861,0x39C7,0x10A2,0x0841,0x1082,0x10A2,0x0861,0x0861,
0x1082,0x18C3,0x1082,0x18E3,0x0841,0x18E3,0x18C3,0x18E3,0x18E3,0x0841,0x18E3,0x18C3,0x2104,0x2124,0x2124,0x2104,
0x3186,0x2124,0x2124,0x2124,0x3186,0x18C3,0x2945,0x2124,0x10A2,0x31A6,0x3186,0x3186,0x3186,0x2124,0x2124,0x2124,
0x31A6,0x10A2,0x18E3,0x2104,0x2104,0x2124,0x18C3,0x18C3,0x31A6,0x2124,0x1082,0x0861,0x1082,0x18C3,0x18E3,0x1082,
0x10A2,0x0861,0x10A2,0x1082,0x0861,0x18C3,0x0861,0x10A2,0x0861,0x2965,0x630C,0x10A2,0x10A2,0x2124,0x3186,0x52AA,
0x6B4D,0x632C,0x738E,0x632C,0x4A69,0x6B6D,0x39E7,0x4228,0x4208,0x31A6,0x3186,0x2965,0x31A6,0x3186,0x3186,0x4228,
0x3186,0x2124,0x2124,0x18C3,0x2124,0x3186,0x3186,0x3186,0x39E7,0x5AEB,0x39E7,0x4208,0x4208,0x4228,0x3186,0x3186,
0x4228,0x4208,0x4A49,0x39E7,0x4208,0x4208,0x4228,0x4228,0x4208,0x4228,0x31A6,0x3186,0x31A6,0x2104,0x2104,0x2124,
0x0861,0x18C3,0x18C3,0x18E3,0x0861,0x18C3,0x1082,0x10A2,0x0861,0x18E3,0x2104,0x2124,0x2104,0x4208,0x4208,0x31A6,
0x52AA,0x39E7,0x4228,0x6B6D,0x6B6D,0x4A69,0x6B4D,0x6B4D,0x632C,0x6B6D,0x632C,0x6B6D,0x6B6D,0x528A,0x52AA,0x39E7,
0x4208,0x4208,0x39E7,0x3186,0x4208,0x4228,0x4208,0x31A6,0x2965,0x39C7,0x3186,0x3186,0x3186,0x3186,0x2124,0x18C3,
0x10A2,0x2104,0x2104,0x1082,0x2945,0x2124,0x18C3,0x2945,0x10A2,0x2104,0x1082,0x2124,0x2124,0x1082,0x18C3,0x18E3,
0x39E7,0x18E3,0x0841,0x18E3,0x10A2,0x0020,0x0841,0x0020,0x0020,0x0841,0x0861,0x0841,0x0020,0x0841,0x0861,0x1082,
0x1082,0x0861,0x10A2,0x18C3,0x10A2,0x1082,0x2124,0x2124,0x2124,0x2124,0x2104,0x2124,0x2104,0x18C3,0x18E3,0x10A2,
0x2124,0x2945,0x18C3,0x2945,0x2965,0x31A6,0x18C3,0x0861,0x1082,0x0861,0x0861,0x10A2,0x10A2,0x18E3,0x2104,0x2965,
0x2104,0x2124,0x18E3,0x2124,0x2124,0x0861,0x1082,0x0861,0x18E3,0x0861,0x0020,0x1082,0x0020,0x1082,0x0861,0x0020,
0x0841,0x18C3,0x0020,0x1082,0x1082,0x0020,0x1082,0x0861,0x0861,0x1082,0x10A2,0x0861,0x0000,0x0841,0x10A2,0x0000,
0x0020,0x0861,0x0841,0x1082,0x1082,0x1082,0x0841,0x0861,0x0020,0x1082,0x0861,0x0000,0x1082,0x18E3,0x52AA,0x5ACB,
0x0861,0x0841,0x0841,0x0861,0x0020,0x0841,0x0841,0x0841,0x10A2,0x1082,0x1082,0x18C3,0x18C3,0x18C3,0x18E3,0x18C3,
0x31A6,0x18C3,0x18E3,0x18E3,0x10A2,0x18C3,0x18E3,0x0861,0x10A2,0x18E3,0x31A6,0x0861,0x0861,0x1082,0x0861,0x0861,
0x0861,0x1082,0x1082,0x2104,0x10A2,0x0841,0x0861,0x1082,0x0000,0x1082,0x1082,0x18C3,0x0841,0x0861,0x18C3,0x18E3,
0x0861,0x1082,0x0000,0x18C3,0x1082,0x10A2,0x0861,0x0841,0x1082,0x10A2,0x31A6,0x2124,0x2124,0x2104,0x2945,0x2945,
0x2945,0x2104,0x31A6,0x2124,0x3186,0x10A2,0x18C3,0x10A2,0x2945,0x4228,0x2965,0x2965,0x2104,0x10A2,0x18E3,0x10A2,
0x31A6,0x18E3,0x10A2,0x0841,0x10A2,0x18E3,0x1082,0x2945,0x2124,0x18C3,0x0841,0x10A2,0x0861,0x0861,0x0861,0x0861,
0x0861,0x1082,0x18E3,0x1082,0x18E3,0x18C3,0x2945,0x1082,0x2104,0x18E3,0x0861,0x18E3,0x18C3,0x2945,0x3186,0x52AA,
0x6B4D,0x8C51,0x7BEF,0x6B6D,0x6B6D,0x6B6D,0x528A,0x4A49,0x4228,0x3186,0x4A49,0x52AA,0x52AA,0x39E7,0x4228,0x2965,
0x31A6,0x18C3,0x2124,0x2945,0x2124,0x2965,0x39C7,0x4228,0x4A49,0x2965,0x31A6,0x4208,0x4A49,0x39E7,0x4228,0x4A49,
0x3186,0x31A6,0x31A6,0x4208,0x4228,0x4228,0x4228,0x39C7,0x4228,0x2965,0x4228,0x3186,0x2945,0x39C7,0x2104,0x2124,
0x18E3,0x18E3,0x1082,0x0861,0x10A2,0x18C3,0x18E3,0x1082,0x18E3,0x18E3,0x18C3,0x10A2,0x2945,0x3186,0x4228,0x31A6,
0x31A6,0x4228,0x4228,0x632C,0x632C,0x52AA,0x632C,0x6B4D,0x6B4D,0x52AA,0x632C,0x6B4D,0x632C,0x528A,0x5ACB,0x4228,
0x39E7,0x39E7,0x4208,0x39E7,0x4208,0x4228,0x2965,0x2965,0x39C7,0x4228,0x4208,0x39C7,0x3186,0x31A6,0x3186,0x2124,
0x2945,0x1082,0x2945,0x2945,0x2104,0x2124,0x31A6,0x10A2,0x0841,0x18C3,0x2104,0x0861,0x0861,0x2104,0x18E3,0x2104,
0x2945,0x1082,0x0841,0x0841,0x0000,0x0841,0x0020,0x0841,0x0861,0x0841,0x1082,0x2104,0x0841,0x0000,0x0020,0x10A2,
0x0861,0x1082,0x18E3,0x18E3,0x18C3,0x10A2,0x18E3,0x2104,0x2124,0x2124,0x2124,0x2104,0x2945,0x10A2,0x10A2,0x2945,
0x2124,0x2124,0x2124,0x4A49,0x31A6,0x31A6,0x39C7,0x18C3,0x0861,0x1082,0x18E3,0x2965,0x10A2,0x0861,0x0861,0x0861,
0x18C3,0x1082,0x1082,0x0020,0x18E3,0x2124,0x18E3,0x1082,0x1082,0x0861,0x0841,0x0861,0x0841,0x10A2,0x1082,0x0000,
0x0020,0x0000,0x1082,0x18C3,0x0020,0x0841,0x0020,0x1082,0x2945,0x0841,0x0861,0x0000,0x1082,0x0841,0x0841,0x10A2,
0x10A2,0x0861,0x0861,0x10A2,0x2104,0x10A2,0x0020,0x1082,0x0841,0x0841,0x0020,0x0861,0x10A2,0x0841,0x10A2,0x0861,
0x18E3,0x1082,0x0841,0x0861,0x0020,0x0020,0x0861,0x18C3,0x0861,0x0841,0x0841,0x1082,0x18C3,0x18C3,0x18C3,0x18C3,
0x2124,0x18E3,0x18E3,0x2945,0x18E3,0x2124,0x2124,0x18C3,0x0020,0x18C3,0x18E3,0x18C3,0x18C3,0x18C3,0x18E3,0x10A2,
0x10A2,0x1082,0x0861,0x10A2,0x1082,0x10A2,0x1082,0x0020,0x18C3,0x0861,0x1082,0x0020,0x10A2,0x0000,0x0861,0x0861,
0x2945,0x2965,0x1082,0x2124,0x18C3,0x0861,0x1082,0x10A2,0x18E3,0x2104,0x18E3,0x18E3,0x10A2,0x2124,0x2104,0x18E3,
0x1082,0x2104,0x2124,0x2945,0x2104,0x2965,0x18E3,0x2104,0x10A2,0x2945,0x2104,0x2124,0x18E3,0x18C3,0x18E3,0x10A2,
0x0861,0x18E3,0x0841,0x1082,0x2104,0x18C3,0x18E3,0x2124,0x18C3,0x18E3,0x0861,0x1082,0x0861,0x10A2,0x10A2,0x10A2,
0x10A2,0x0841,0x1082,0x10A2,0x0861,0x18C3,0x18C3,0x18C3,0x18E3,0x10A2,0x18C3,0x18E3,0x18E3,0x3186,0x4208,0x52AA,
0x630C,0x8C71,0x8C71,0x6B4D,0x632C,0x6B4D,0x4A69,0x4208,0x4228,0x2945,0x39C7,0x738E,0x6B6D,0x4208,0x39C7,0x3186,
0x39C7,0x3186,0x2124,0x31A6,0x2104,0x18E3,0x4208,0x3186,0x2945,0x39C7,0x3186,0x3186,0x4208,0x4A69,0x2945,0x3186,
0x31A6,0x2124,0x2965,0x4208,0x4A49,0x4208,0x2945,0x4A69,0x4208,0x31A6,0x2124,0x3186,0x3186,0x18E3,0x2945,0x31A6,
0x18C3,0x1082,0x1082,0x0861,0x1082,0x0861,0x18C3,0x18E3,0x10A2,0x18E3,0x10A2,0x2965,0x3186,0x3186,0x4208,0x4208,
0x31A6,0x39E7,0x528A,0x6B6D,0x6B6D,0x528A,0x738E,0x632C,0x6B4D,0x632C,0x632C,0x73AE,0x5AEB,0x6B4D,0x528A,0x528A,
0x4228,0x31A6,0x5ACB,0x52AA,0x52AA,0x4228,0x4228,0x4228,0x4228,0x4228,0x4208,0x31A6,0x3186,0x2124,0x31A6,0x31A6,
0x2945,0x18C3,0x2945,0x2965,0x2945,0x2124,0x31A6,0x18C3,0x18C3,0x0841,0x1082,0x18C3,0x0861,0x0861,0x18C3,0x6B6D,
0x31A6,0x10A2,0x0020,0x0020,0x0841,0x2124,0x0861,0x0020,0x0000,0x0020,0x0020,0x1082,0x0841,0x2104,0x18C3,0x0020,
0x1082,0x1082,0x10A2,0x10A2,0x10A2,0x10A2,0x1082,0x18C3,0x18C3,0x18E3,0x18C3,0x10A2,0x2124,0x18C3,0x10A2,0x3186,
0x2104,0x2945,0x2965,0x3186,0x2124,0x2104,0x10A2,0x1082,0x18E3,0x18E3,0x10A2,0x2104,0x1082,0x10A2,0x18C3,0x18E3,
0x18C3,0x1082,0x1082,0x18E3,0x18E3,0x10A2,0x1082,0x0861,0x1082,0x2104,0x0841,0x0000,0x0861,0x0861,0x0020,0x18C3,
0x2965,0x0020,0x1082,0x0861,0x0020,0x0841,0x0020,0x0020,0x10A2,0x10A2,0x0000,0x0861,0x0861,0x1082,0x0841,0x0861,
0x0020,0x1082,0x2124,0x0841,0x0000,0x0841,0x0841,0x0841,0x0841,0x0020,0x0000,0x0861,0x0841,0x0020,0x0861,0x0861,
0x0841,0x0000,0x0000,0x1082,0x0861,0x0861,0x1082,0x18E3,0x0841,0x0020,0x0861,0x1082,0x1082,0x1082,0x18E3,0x2104,
0x18E3,0x18C3,0x18E3,0x4228,0x6B6D,0x4228,0x2124,0x2124,0x2104,0x2945,0x1082,0x2945,0x2945,0x18C3,0x10A2,0x0841,
0x1082,0x10A2,0x10A2,0x0861,0x0861,0x1082,0x10A2,0x1082,0x18C3,0x10A2,0x18C3,0x1082,0x1082,0x18C3,0x10A2,0x10A2,
0x0861,0x18E3,0x1082,0x18E3,0x1082,0x0861,0x1082,0x10A2,0x18C3,0x10A2,0x1082,0x0861,0x18C3,0x18E3,0x2945,0x18E3,
0x39C7,0x1082,0x18E3,0x1082,0x18E3,0x2945,0x1082,0x31A6,0x2945,0x2104,0x2945,0x10A2,0x0861,0x10A2,0x1082,0x1082,
0x1082,0x0861,0x18C3,0x1082,0x1082,0x18E3,0x10A2,0x18E3,0x10A2,0x18E3,0x10A2,0x10A2,0x1082,0x1082,0x0861,0x0861,
0x1082,0x0861,0x0861,0x18E3,0x0841,0x2104,0x0841,0x18C3,0x31A6,0x2104,0x18C3,0x18E3,0x2104,0x39E7,0x4A49,0x6B4D,
0x6B6D,0x630C,0x632C,0x6B4D,0x6B4D,0x6B6D,0x52AA,0x6B4D,0x528A,0x4A69,0x3186,0x3186,0x2965,0x4208,0x4208,0x31A6,
0x528A,0x4228,0x2965,0x31A6,0x2104,0x2104,0x39C7,0x2104,0x39E7,0x18E3,0x2124,0x2104,0x2104,0x3186,0x4228,0x3186,
0x31A6,0x3186,0x4228,0x39E7,0x3186,0x39C7,0x2104,0x3186,0x3186,0x31A6,0x3186,0x2965,0x2965,0x2124,0x2104,0x2945,
0x1082,0x0861,0x0861,0x18E3,0x0861,0x18E3,0x0861,0x18E3,0x0861,0x18E3,0x10A2,0x2124,0x31A6,0x4208,0x4228,0x39C7,
0x3186,0x4228,0x4208,0x6B4D,0x528A,0x528A,0x528A,0x52AA,0x4A69,0x738E,0x6B4D,0x630C,0x6B6D,0x5ACB,0x5ACB,0x528A,
0x5ACB,0x528A,0x528A,0x5AEB,0x39E7,0x4228,0x39E7,0x4228,0x4208,0x39E7,0x3186,0x39C7,0x31A6,0x2965,0x2124,0x2104,
0x18E3,0x2104,0x18E3,0x2104,0x2104,0x10A2,0x10A2,0x18C3,0x0841,0x18E3,0x0841,0x0861,0x2104,0x10A2,0x10A2,0x2124,
0x10A2,0x10A2,0x0020,0x1082,0x0020,0x0000,0x0020,0x0861,0x0020,0x0841,0x0841,0x1082,0x1082,0x3186,0x2945,0x0841,
0x10A2,0x0861,0x0841,0x10A2,0x1082,0x0861,0x0841,0x2124,0x2124,0x10A2,0x1082,0x18E3,0x2104,0x2945,0x2124,0x2945,
0x528A,0x52AA,0x2945,0x18E3,0x10A2,0x2945,0x18E3,0x18C3,0x0841,0x10A2,0x0841,0x10A2,0x1082,0x0861,0x0841,0x0861,
0x2104,0x0841,0x18C3,0x10A2,0x0861,0x18C3,0x1082,0x18E3,0x1082,0x0000,0x0841,0x10A2,0x0020,0x0000,0x0841,0x0000,
0x0861,0x0020,0x10A2,0x0841,0x0841,0x0841,0x0841,0x2104,0x0020,0x1082,0x39C7,0x1082,0x0861,0x1082,0x0000,0x0020,
0x10A2,0x0020,0x1082,0x0020,0x0861,0x0861,0x0020,0x0020,0x0020,0x1082,0x10A2,0x1082,0x1082,0x18C3,0x10A2,0x0020,
0x0020,0x0861,0x0841,0x0841,0x0841,0x0861,0x0020,0x0020,0x0861,0x0020,0x0861,0x10A2,0x0861,0x10A2,0x2124,0x2945,
0x10A2,0x2965,0x31A6,0x2965,0x6B4D,0x4A49,0x31A6,0x2104,0x18E3,0x18C3,0x18C3,0x0861,0x10A2,0x1082,0x1082,0x1082,
0x0861,0x0861,0x1082,0x1082,0x1082,0x0861,0x0861,0x10A2,0x2104,0x18E3,0x4228,0x2965,0x10A2,0x0841,0x18C3,0x0861,
0x1082,0x10A2,0x0861,0x0861,0x0861,0x1082,0x18E3,0x2124,0x1082,0x18C3,0x0861,0x2945,0x2104,0x2945,0x18C3,0x18C3,
0x2124,0x18E3,0x2124,0x2104,0x2945,0x18C3,0x2945,0x31A6,0x2104,0x10A2,0x18E3,0x1082,0x0841,0x18E3,0x10A2,0x1082,
0x1082,0x10A2,0x0861,0x1082,0x18C3,0x18E3,0x2104,0x18C3,0x18E3,0x1082,0x0861,0x10A2,0x2104,0x0861,0x0861,0x10A2,
0x0861,0x18E3,0x1082,0x1082,0x10A2,0x10A2,0x18E3,0x18C3,0x2124,0x2945,0x10A2,0x10A2,0x3186,0x4228,0x5ACB,0x632C,
0x6B4D,0x632C,0x6B6D,0x6B4D,0x6B4D,0x4A69,0x5AEB,0x8410,0x6B4D,0x4208,0x39E7,0x4A49,0x4A49,0x4208,0x4208,0x4208,
0x52AA,0x3186,0x2945,0x2104,0x18E3,0x2965,0x18E3,0x3186,0x18E3,0x2124,0x2124,0x2945,0x3186,0x31A6,0x39C7,0x2965,
0x3186,0x3186,0x31A6,0x31A6,0x2124,0x18E3,0x31A6,0x2124,0x31A6,0x2104,0x39C7,0x2965,0x18E3,0x2965,0x2104,0x2104,
0x10A2,0x1082,0x1082,0x10A2,0x1082,0x2124,0x1082,0x10A2,0x18C3,0x18E3,0x18E3,0x2124,0x4208,0x4208,0x4A49,0x31A6,
0x2124,0x4A49,0x4208,0x39E7,0x4A49,0x5ACB,0x528A,0x52AA,0x528A,0x6B6D,0x52AA,0x6B4D,0x6B4D,0x6B4D,0x528A,0x6B6D,
0x6B4D,0x632C,0x52AA,0x4A69,0x52AA,0x528A,0x528A,0x4228,0x4A49,0x4A69,0x2945,0x3186,0x2124,0x31A6,0x2124,0x2945,
0x2945,0x2104,0x2945,0x2965,0x18E3,0x10A2,0x18C3,0x18C3,0x1082,0x2945,0x18E3,0x0861,0x18C3,0x0841,0x1082,0x1082,
0x0861,0x0020,0x0841,0x0020,0x0861,0x0841,0x0841,0x0841,0x0841,0x0020,0x0020,0x10A2,0x0861,0x1082,0x0861,0x0841,
0x0861,0x0861,0x0020,0x1082,0x0861,0x1082,0x1082,0x2124,0x2104,0x18E3,0x0861,0x1082,0x1082,0x18C3,0x10A2,0x1082,
0x4228,0x4228,0x18E3,0x18E3,0x1082,0x10A2,0x3186,0x18E3,0x1082,0x2104,0x1082,0x1082,0x0841,0x0020,0x0841,0x10A2,
0x0861,0x10A2,0x0861,0x18C3,0x18E3,0x0861,0x2124,0x0861,0x18E3,0x1082,0x0841,0x10A2,0x18E3,0x10A2,0x0020,0x0841,
0x0841,0x0020,0x1082,0x1082,0x0841,0x1082,0x0020,0x0861,0x0841,0x0861,0x0841,0x10A2,0x0841,0x10A2,0x0861,0x0841,
0x0020,0x1082,0x18E3,0x0020,0x0841,0x0841,0x0020,0x0861,0x0020,0x0020,0x0020,0x0020,0x0861,0x18E3,0x10A2,0x0841,
0x0020,0x0861,0x0020,0x0841,0x0861,0x10A2,0x1082,0x10A2,0x10A2,0x0841,0x0841,0x1082,0x1082,0x18E3,0x2124,0x2104,
0x18E3,0x2104,0x2124,0x2124,0x3186,0x2104,0x2124,0x31A6,0x2124,0x2124,0x18E3,0x1082,0x1082,0x1082,0x1082,0x1082,
0x10A2,0x18C3,0x2104,0x18E3,0x2104,0x18E3,0x10A2,0x0861,0x10A2,0x18C3,0x2124,0x2965,0x0861,0x10A2,0x0861,0x10A2,
0x1082,0x0861,0x18C3,0x18E3,0x10A2,0x0861,0x10A2,0x18E3,0x18E3,0x18C3,0x18E3,0x2104,0x2124,0x18C3,0x18C3,0x2104,
0x10A2,0x18C3,0x18C3,0x2124,0x2124,0x10A2,0x2945,0x2124,0x18C3,0x18C3,0x0861,0x18E3,0x1082,0x18E3,0x18C3,0x1082,
0x10A2,0x0861,0x10A2,0x0861,0x2124,0x31A6,0x10A2,0x18E3,0x1082,0x0841,0x10A2,0x2104,0x3186,0x18C3,0x10A2,0x0861,
0x1082,0x18C3,0x10A2,0x0861,0x18C3,0x1082,0x18C3,0x18C3,0x18C3,0x18C3,0x2104,0x2945,0x4228,0x4208,0x4A69,0x6B6D,
0x6B6D,0x8410,0x6B4D,0x6B6D,0x630C,0x738E,0x39E7,0x52AA,0x52AA,0x528A,0x4A49,0x39E7,0x39E7,0x5ACB,0x4208,0x31A6,
0x31A6,0x2104,0x2124,0x10A2,0x18C3,0x2124,0x10A2,0x2945,0x2945,0x2945,0x2104,0x4208,0x31A6,0x2124,0x18E3,0x2124,
0x2124,0x2104,0x18E3,0x2124,0x3186,0x2104,0x2945,0x3186,0x31A6,0x2124,0x18E3,0x2124,0x2104,0x2104,0x2965,0x2124,
0x0861,0x0861,0x18C3,0x1082,0x0861,0x1082,0x1082,0x18C3,0x1082,0x18C3,0x2124,0x4228,0x4208,0x39E7,0x31A6,0x4A69,
0x2124,0x2104,0x2124,0x31A6,0x2945,0x52AA,0x5ACB,0x52AA,0x5ACB,0x528A,0x528A,0x52AA,0x632C,0x5ACB,0x4A69,0x6B6D,
0x6B4D,0x6B4D,0x528A,0x52AA,0x52AA,0x5ACB,0x4A49,0x39E7,0x2965,0x4228,0x3186,0x39C7,0x3186,0x39C7,0x2104,0x2104,
0x10A2,0x18C3,0x2104,0x18C3,0x18E3,0x18C3,0x10A2,0x18C3,0x1082,0x0861,0x10A2,0x18C3,0x18C3,0x10A2,0x1082,0x1082,
0x0861,0x0841,0x10A2,0x0000,0x0020,0x0861,0x0000,0x0020,0x0841,0x0841,0x0841,0x0020,0x0841,0x10A2,0x1082,0x0020,
0x0000,0x0841,0x0841,0x0841,0x1082,0x1082,0x18C3,0x10A2,0x18C3,0x2124,0x18C3,0x1082,0x0861,0x0861,0x1082,0x10A2,
0x10A2,0x18C3,0x2124,0x10A2,0x2104,0x2124,0x2104,0x10A2,0x0841,0x1082,0x0020,0x1082,0x1082,0x0861,0x0861,0x0020,
0x10A2,0x10A2,0x1082,0x18E3,0x2945,0x0861,0x0841,0x1082,0x18E3,0x0861,0x0020,0x0000,0x0020,0x0841,0x0861,0x1082,
0x0841,0x0861,0x0020,0x18C3,0x0020,0x0000,0x2104,0x10A2,0x0841,0x0841,0x18C3,0x0861,0x0000,0x0020,0x0841,0x0000,
0x0841,0x0841,0x0841,0x0020,0x0861,0x0000,0x0000,0x0841,0x0841,0x0020,0x10A2,0x1082,0x0841,0x0841,0x0020,0x0861,
0x0841,0x0841,0x0841,0x1082,0x10A2,0x10A2,0x0841,0x0861,0x1082,0x0861,0x0841,0x0841,0x1082,0x18C3,0x18C3,0x18C3,
0x10A2,0x18E3,0x2104,0x2945,0x2104,0x2945,0x2104,0x2124,0x2104,0x2945,0x1082,0x18E3,0x1082,0x18C3,0x1082,0x0861,
0x0841,0x18E3,0x2945,0x1082,0x1082,0x1082,0x0861,0x1082,0x1082,0x1082,0x0861,0x0841,0x10A2,0x1082,0x0841,0x1082,
0x1082,0x0861,0x10A2,0x10A2,0x1082,0x0861,0x2945,0x2124,0x10A2,0x18C3,0x18E3,0x2104,0x1082,0x1082,0x18C3,0x4228,
0x630C,0x1082,0x18E3,0x1082,0x2965,0x18E3,0x10A2,0x2104,0x18E3,0x18E3,0x18C3,0x18E3,0x18C3,0x18C3,0x3186,0x31A6,
0x18E3,0x18E3,0x0861,0x1082,0x2104,0x18E3,0x18C3,0x10A2,0x2124,0x18C3,0x1082,0x0841,0x1082,0x1082,0x18C3,0x1082,
0x1082,0x1082,0x18E3,0x2965,0x18E3,0x18E3,0x0861,0x10A2,0x18E3,0x2124,0x2104,0x3186,0x39E7,0x5ACB,0x52AA,0x6B4D,
0x632C,0x630C,0x6B6D,0x632C,0x8C71,0x6B6D,0x4208,0x528A,0x632C,0x5ACB,0x3186,0x4228,0x39C7,0x4A49,0x2965,0x31A6,
0x2104,0x2965,0x2124,0x18E3,0x18E3,0x18C3,0x18E3,0x10A2,0x2104,0x2124,0x3186,0x2945,0x3186,0x2104,0x2124,0x2104,
0x18E3,0x2945,0x2965,0x2104,0x31A6,0x39C7,0x18E3,0x2124,0x2104,0x2124,0x2945,0x2104,0x2945,0x3186,0x2124,0x2104,
0x1082,0x1082,0x1082,0x18E3,0x18C3,0x18C3,0x10A2,0x18E3,0x18E3,0x10A2,0x2124,0x4228,0x52AA,0x31A6,0x2104,0x2965,
0x31A6,0x2104,0x2124,0x2124,0x3186,0x52AA,0x52AA,0x52AA,0x4208,0x4228,0x5ACB,0x528A,0x6B4D,0x528A,0x738E,0x632C,
0x6B4D,0x528A,0x52AA,0x52AA,0x528A,0x4208,0x4208,0x31A6,0x3186,0x4208,0x3186,0x2965,0x39C7,0x3186,0x2965,0x31A6,
0x18C3,0x18C3,0x2945,0x10A2,0x18E3,0x18C3,0x10A2,0x1082,0x10A2,0x18C3,0x10A2,0x39C7,0x1082,0x10A2,0x10A2,0x0861,
0x10A2,0x1082,0x0020,0x0861,0x0841,0x0841,0x0020,0x0861,0x0020,0x0841,0x0841,0x0841,0x0841,0x0020,0x0841,0x0861,
0x0020,0x0841,0x0861,0x0861,0x10A2,0x0020,0x18E3,0x18E3,0x1082,0x10A2,0x18E3,0x2104,0x10A2,0x1082,0x2124,0x1082,
0x18C3,0x18C3,0x18E3,0x18C3,0x10A2,0x52AA,0x5ACB,0x18C3,0x1082,0x1082,0x0861,0x1082,0x0841,0x0000,0x1082,0x0841,
0x0861,0x2945,0x0861,0x1082,0x3186,0x4228,0x18E3,0x1082,0x0020,0x0020,0x10A2,0x10A2,0x0020,0x0020,0x1082,0x0841,
0x10A2,0x0000,0x0841,0x0020,0x1082,0x1082,0x0841,0x0861,0x0020,0x0861,0x0841,0x31A6,0x31A6,0x31A6,0x31A6,0x0020,
0x0841,0x0020,0x0841,0x0841,0x0000,0x0861,0x18C3,0x0020,0x0841,0x0020,0x10A2,0x0841,0x0841,0x0841,0x0020,0x0020,
0x0841,0x1082,0x0841,0x0020,0x0841,0x10A2,0x1082,0x1082,0x0841,0x18C3,0x10A2,0x0841,0x10A2,0x1082,0x1082,0x2104,
0x18E3,0x2104,0x39C7,0x2104,0x2945,0x2104,0x2945,0x2124,0x2124,0x2124,0x2965,0x10A2,0x10A2,0x2104,0x1082,0x1082,
0x18E3,0x18E3,0x2104,0x0861,0x1082,0x1082,0x18C3,0x2945,0x0861,0x1082,0x1082,0x1082,0x0861,0x1082,0x1082,0x1082,
0x1082,0x1082,0x0861,0x1082,0x10A2,0x18E3,0x39C7,0x18E3,0x18C3,0x1082,0x18C3,0x1082,0x1082,0x1082,0x1082,0x3186,
0x3186,0x18E3,0x10A2,0x18C3,0x18C3,0x10A2,0x2945,0x18C3,0x18C3,0x18C3,0x31A6,0x18E3,0x2104,0x0861,0x3186,0x4228,
0x1082,0x0861,0x0861,0x10A2,0x0861,0x0861,0x18E3,0x1082,0x18C3,0x1082,0x0861,0x10A2,0x10A2,0x10A2,0x18E3,0x18C3,
0x1082,0x18E3,0x10A2,0x2965,0x0861,0x18C3,0x2124,0x18E3,0x2104,0x2124,0x2124,0x4228,0x5ACB,0x4208,0x632C,0x6B4D,
0x6B6D,0x6B4D,0x52AA,0x6B6D,0x8410,0x630C,0x4A49,0x4208,0x52AA,0x4228,0x2965,0x31A6,0x2124,0x4208,0x4228,0x2104,
0x2124,0x2124,0x18E3,0x18C3,0x18C3,0x0861,0x18C3,0x1082,0x2124,0x2124,0x2124,0x2104,0x31A6,0x2124,0x2104,0x4208,
0x31A6,0x2104,0x2124,0x2945,0x2104,0x3186,0x31A6,0x3186,0x31A6,0x2104,0x3186,0x31A6,0x2124,0x2104,0x2124,0x2124,
0x0861,0x10A2,0x1082,0x1082,0x2124,0x18E3,0x18C3,0x18C3,0x18C3,0x18E3,0x2124,0x5ACB,0x39E7,0x31A6,0x18E3,0x2104,
0x2104,0x2945,0x3186,0x2104,0x4A49,0x528A,0x528A,0x6B4D,0x4208,0x4228,0x39E7,0x5ACB,0x528A,0x6B4D,0x632C,0x5ACB,
0x632C,0x6B6D,0x528A,0x528A,0x4A49,0x2965,0x4228,0x3186,0x4208,0x4A49,0x3186,0x31A6,0x3186,0x4228,0x2965,0x2124,
0x18C3,0x10A2,0x2945,0x18E3,0x1082,0x1082,0x10A2,0x0861,0x0861,0x1082,0x1082,0x1082,0x10A2,0x10A2,0x2124,0x2965,
0x4208,0x2104,0x10A2,0x0000,0x0861,0x0020,0x0841,0x0841,0x0020,0x0861,0x0020,0x0841,0x0020,0x0841,0x0000,0x10A2,
0x0841,0x0020,0x1082,0x1082,0x1082,0x1082,0x0861,0x18E3,0x1082,0x0861,0x1082,0x18E3,0x18C3,0x10A2,0x18C3,0x0861,
0x18E3,0x10A2,0x10A2,0x1082,0x10A2,0x52AA,0x5AEB,0x18E3,0x1082,0x1082,0x0861,0x1082,0x0861,0x10A2,0x0861,0x0861,
0x1082,0x1082,0x0861,0x18C3,0x6B6D,0x31A6,0x10A2,0x1082,0x0861,0x0861,0x1082,0x1082,0x1082,0x0020,0x0020,0x0861,
0x0841,0x0020,0x1082,0x0020,0x1082,0x5ACB,0x18E3,0x0841,0x1082,0x1082,0x0000,0x4A69,0x3186,0x2124,0x2124,0x0020,
0x0841,0x0020,0x0841,0x0861,0x0020,0x10A2,0x0020,0x0841,0x0861,0x0000,0x0841,0x1082,0x0861,0x0020,0x1082,0x0020,
0x1082,0x0000,0x0841,0x18C3,0x0020,0x10A2,0x0861,0x0841,0x0841,0x18C3,0x0861,0x18C3,0x10A2,0x18E3,0x18E3,0x18C3,
0x18C3,0x2124,0x2104,0x2124,0x2124,0x10A2,0x18C3,0x18C3,0x2104,0x2945,0x2104,0x10A2,0x18E3,0x18C3,0x18C3,0x18C3,
0x18C3,0x1082,0x2104,0x1082,0x0841,0x18C3,0x2124,0x18C3,0x1082,0x10A2,0x10A2,0x0841,0x1082,0x1082,0x18C3,0x0861,
0x0861,0x10A2,0x0861,0x18C3,0x18C3,0x18E3,0x31A6,0x2104,0x18C3,0x2104,0x10A2,0x18C3,0x18C3,0x10A2,0x10A2,0x18C3,
0x0861,0x18E3,0x2124,0x10A2,0x1082,0x18C3,0x2104,0x18E3,0x10A2,0x18E3,0x2124,0x1082,0x18E3,0x18E3,0x1082,0x1082,
0x0861,0x1082,0x18E3,0x2104,0x0841,0x0861,0x10A2,0x0861,0x18E3,0x0861,0x0861,0x1082,0x0861,0x18C3,0x18C3,0x2945,
0x18E3,0x10A2,0x18E3,0x0861,0x18C3,0x2104,0x18E3,0x10A2,0x2124,0x2124,0x2104,0x4208,0x4208,0x4A49,0x632C,0x6B6D,
0x632C,0x5AEB,0x52AA,0x6B4D,0x8430,0x6B4D,0x4228,0x52AA,0x52AA,0x3186,0x2945,0x3186,0x31A6,0x39E7,0x4A49,0x2104,
0x18C3,0x2124,0x2945,0x18C3,0x18C3,0x2945,0x10A2,0x18E3,0x18C3,0x10A2,0x18E3,0x2124,0x3186,0x2124,0x2124,0x5ACB,
0x4228,0x10A2,0x18E3,0x2124,0x2104,0x4228,0x4228,0x3186,0x2965,0x31A6,0x31A6,0x2124,0x2945,0x2945,0x18E3,0x2945,
0x10A2,0x0861,0x1082,0x10A2,0x0861,0x18C3,0x1082,0x1082,0x18C3,0x0861,0x4208,0x5AEB,0x4208,0x3186,0x18C3,0x2124,
0x2965,0x18E3,0x3186,0x31A6,0x2965,0x39C7,0x52AA,0x528A,0x4A49,0x52AA,0x39E7,0x528A,0x5ACB,0x4A69,0x6B6D,0x528A,
0x528A,0x6B6D,0x528A,0x5ACB,0x4208,0x2965,0x39C7,0x3186,0x31A6,0x39E7,0x2965,0x39C7,0x4228,0x39E7,0x39C7,0x3186,
0x2124,0x2104,0x10A2,0x18C3,0x2945,0x0841,0x10A2,0x0861,0x0861,0x2945,0x0861,0x1082,0x18C3,0x0841,0x10A2,0x632C,
0x9492,0x2124,0x0861,0x0861,0x0020,0x0020,0x0841,0x0841,0x1082,0x0000,0x1082,0x0020,0x0841,0x0020,0x18C3,0x0861,
0x0841,0x0861,0x0841,0x1082,0x1082,0x0020,0x1082,0x18C3,0x10A2,0x1082,0x18C3,0x1082,0x0861,0x0841,0x18E3,0x18E3,
0x10A2,0x0861,0x0861,0x18E3,0x18E3,0x10A2,0x1082,0x2104,0x1082,0x0841,0x0841,0x1082,0x0841,0x0841,0x0841,0x18C3,
0x0841,0x2104,0x10A2,0x0020,0x31A6,0x18C3,0x0841,0x2945,0x4A49,0x1082,0x18E3,0x0000,0x0020,0x10A2,0x0020,0x0000,
0x0000,0x0841,0x18C3,0x1082,0x10A2,0x39C7,0x2104,0x0020,0x1082,0x0841,0x10A2,0x0841,0x0000,0x0020,0x18C3,0x0020,
0x0841,0x0020,0x0841,0x0861,0x0841,0x0020,0x0861,0x0020,0x0000,0x0841,0x0841,0x10A2,0x10A2,0x0861,0x10A2,0x0841,
0x0020,0x1082,0x0861,0x0861,0x2945,0x18C3,0x0020,0x0841,0x0861,0x0861,0x2945,0x4208,0x18C3,0x10A2,0x18C3,0x10A2,
0x18C3,0x31A6,0x2945,0x2124,0x2124,0x3186,0x2104,0x10A2,0x18E3,0x2104,0x2965,0x2124,0x18C3,0x0861,0x18E3,0x10A2,
0x18C3,0x10A2,0x0861,0x1082,0x10A2,0x10A2,0x18C3,0x1082,0x1082,0x10A2,0x10A2,0x10A2,0x18E3,0x1082,0x0861,0x10A2,
0x18E3,0x1082,0x18E3,0x1082,0x18C3,0x10A2,0x2945,0x18E3,0x18E3,0x1082,0x10A2,0x18C3,0x18E3,0x0861,0x18E3,0x18E3,
0x2104,0x1082,0x18C3,0x18C3,0x18C3,0x0861,0x18C3,0x10A2,0x18C3,0x18E3,0x18C3,0x18E3,0x18C3,0x1082,0x2124,0x18C3,
0x18E3,0x1082,0x10A2,0x2104,0x2104,0x18C3,0x1082,0x10A2,0x1082,0x2124,0x10A2,0x18C3,0x2124,0x10A2,0x0861,0x0861,
0x1082,0x0861,0x10A2,0x18E3,0x18C3,0x18C3,0x10A2,0x18E3,0x4228,0x3186,0x2104,0x5ACB,0x4A49,0x39E7,0x632C,0x6B4D,
0x6B6D,0x630C,0x52AA,0x6B6D,0x8430,0x6B4D,0x4208,0x4208,0x5ACB,0x3186,0x2965,0x3186,0x3186,0x39C7,0x3186,0x2124,
0x18C3,0x2124,0x18C3,0x10A2,0x18E3,0x2124,0x18C3,0x2104,0x18E3,0x1082,0x10A2,0x1082,0x18E3,0x10A2,0x2124,0x0861,
0x10A2,0x2124,0x18C3,0x2104,0x2124,0x2104,0x2124,0x3186,0x39C7,0x3186,0x39C7,0x2124,0x2104,0x18C3,0x4A69,0x2104,
0x0000,0x18E3,0x10A2,0x0861,0x18E3,0x18C3,0x0841,0x2104,0x2104,0x18E3,0x4208,0x52AA,0x39C7,0x2945,0x2124,0x2104,
0x2104,0x2945,0x2945,0x2965,0x2965,0x3186,0x4228,0x4208,0x528A,0x4208,0x5ACB,0x5AEB,0x4228,0x528A,0x6B4D,0x52AA,
0x6B6D,0x4A49,0x5ACB,0x4208,0x3186,0x3186,0x3186,0x31A6,0x3186,0x4208,0x4A49,0x31A6,0x3186,0x2965,0x2965,0x31A6,
0x2104,0x18C3,0x2945,0x10A2,0x3186,0x5AEB,0x10A2,0x1082,0x0861,0x18C3,0x1082,0x4208,0x18C3,0x18E3,0x0841,0x18E3,
0x3186,0x1082,0x10A2,0x1082,0x0020,0x18C3,0x0861,0x0020,0x0020,0x0020,0x0020,0x0861,0x0020,0x0841,0x1082,0x1082,
0x0000,0x10A2,0x1082,0x0841,0x0841,0x1082,0x18C3,0x0861,0x0861,0x0861,0x18C3,0x10A2,0x10A2,0x1082,0x1082,0x0861,
0x0861,0x10A2,0x10A2,0x0861,0x10A2,0x18C3,0x1082,0x0020,0x10A2,0x0841,0x0841,0x0841,0x0000,0x1082,0x10A2,0x0000,
0x10A2,0x0841,0x18E3,0x18E3,0x0861,0x18C3,0x10A2,0x1082,0x10A2,0x0000,0x0861,0x1082,0x2124,0x1082,0x0861,0x10A2,
0x0861,0x1082,0x0000,0x0861,0x39E7,0x0000,0x0000,0x0841,0x1082,0x0020,0x0841,0x0020,0x0841,0x10A2,0x18C3,0x0020,
0x18C3,0x39C7,0x0861,0x0000,0x0000,0x0841,0x0020,0x0020,0x0861,0x0861,0x0020,0x0000,0x0020,0x0861,0x0020,0x0020,
0x0841,0x1082,0x0020,0x0861,0x18E3,0x10A2,0x1082,0x1082,0x0861,0x1082,0x2104,0x18E3,0x0841,0x2104,0x2124,0x2965,
0x18E3,0x1082,0x18C3,0x2104,0x2124,0x2104,0x2104,0x18C3,0x18C3,0x18C3,0x2104,0x2124,0x18E3,0x10A2,0x18E3,0x1082,
0x2104,0x10A2,0x1082,0x18E3,0x0861,0x0841,0x10A2,0x1082,0x18E3,0x10A2,0x0861,0x0861,0x1082,0x18E3,0x1082,0x1082,
0x18E3,0x1082,0x2104,0x18E3,0x10A2,0x18C3,0x10A2,0x10A2,0x2124,0x18E3,0x0861,0x1082,0x1082,0x10A2,0x10A2,0x0861,
0x1082,0x0861,0x1082,0x0861,0x2124,0x1082,0x1082,0x18C3,0x18E3,0x0861,0x10A2,0x1082,0x18C3,0x18C3,0x0861,0x18C3,
0x10A2,0x10A2,0x0861,0x18C3,0x2124,0x1082,0x0020,0x10A2,0x18E3,0x10A2,0x18C3,0x10A2,0x2124,0x18C3,0x1082,0x18C3,
0x1082,0x10A2,0x10A2,0x2104,0x18C3,0x18C3,0x18C3,0x18E3,0x10A2,0x4A49,0x4208,0x528A,0x39E7,0x528A,0x738E,0x632C,
0x632C,0x6B4D,0x6B4D,0x6B6D,0x6B6D,0x52AA,0x4228,0x4208,0x4208,0x39E7,0x31A6,0x2945,0x31A6,0x4208,0x2965,0x3186,
0x2104,0x2945,0x1082,0x2124,0x2945,0x18C3,0x10A2,0x18E3,0x18C3,0x2104,0x18E3,0x18E3,0x18E3,0x10A2,0x18E3,0x18E3,
0x2104,0x10A2,0x1082,0x18E3,0x2124,0x2965,0x2124,0x18E3,0x2104,0x2945,0x2104,0x2124,0x2945,0x31A6,0x4208,0x2965,
0x1082,0x0861,0x0861,0x1082,0x2945,0x18E3,0x39C7,0x1082,0x0861,0x2104,0x2965,0x4A49,0x2945,0x10A2,0x2124,0x2945,
0x2104,0x31A6,0x3186,0x2965,0x2945,0x3186,0x4208,0x4208,0x528A,0x52AA,0x4208,0x4A69,0x4208,0x5ACB,0x630C,0x5ACB,
0x52AA,0x5ACB,0x4228,0x3186,0x31A6,0x31A6,0x2104,0x31A6,0x3186,0x4228,0x3186,0x2965,0x2965,0x2965,0x39C7,0x2965,
0x2104,0x18C3,0x18E3,0x18E3,0x3186,0x5AEB,0x1082,0x1082,0x18E3,0x18E3,0x0841,0x0841,0x18E3,0x18C3,0x1082,0x1082,
0x1082,0x10A2,0x0861,0x1082,0x0000,0x1082,0x10A2,0x0861,0x0020,0x1082,0x0020,0x0841,0x0861,0x0020,0x0000,0x0841,
0x0841,0x0841,0x1082,0x1082,0x1082,0x1082,0x0861,0x18C3,0x1082,0x1082,0x1082,0x18C3,0x0861,0x18E3,0x0861,0x0861,
0x10A2,0x0841,0x1082,0x10A2,0x18E3,0x1082,0x1082,0x1082,0x0000,0x1082,0x1082,0x10A2,0x18C3,0x1082,0x0841,0x1082,
0x0020,0x2945,0x4208,0x6B4D,0x3186,0x0841,0x10A2,0x0861,0x0861,0x18C3,0x0020,0x18C3,0x3186,0x0861,0x18C3,0x10A2,
0x0020,0x0020,0x0861,0x1082,0x10A2,0x18E3,0x0020,0x18E3,0x18C3,0x0020,0x0020,0x0020,0x10A2,0x0000,0x0861,0x0020,
0x0861,0x4228,0x18E3,0x10A2,0x0020,0x0841,0x0000,0x0861,0x0841,0x0000,0x0861,0x0861,0x1082,0x18E3,0x0000,0x0841,
0x1082,0x0841,0x0861,0x10A2,0x0841,0x0861,0x18C3,0x1082,0x2104,0x1082,0x18E3,0x2965,0x18C3,0x18C3,0x18C3,0x18E3,
0x10A2,0x18E3,0x18C3,0x2124,0x18C3,0x2945,0x18E3,0x39C7,0x18E3,0x2124,0x2124,0x2124,0x2104,0x18C3,0x18C3,0x18C3,
0x10A2,0x0861,0x18E3,0x18C3,0x18E3,0x0841,0x10A2,0x0861,0x0861,0x10A2,0x2104,0x2124,0x2124,0x31A6,0x18E3,0x18C3,
0x18E3,0x18C3,0x2124,0x2124,0x18C3,0x18E3,0x0861,0x1082,0x18E3,0x2124,0x18C3,0x2104,0x10A2,0x0861,0x0841,0x18E3,
0x18C3,0x18E3,0x2104,0x1082,0x2104,0x0861,0x1082,0x1082,0x0861,0x10A2,0x0861,0x18C3,0x2945,0x18C3,0x10A2,0x10A2,
0x2104,0x0841,0x10A2,0x18E3,0x10A2,0x10A2,0x18E3,0x0861,0x2104,0x0861,0x1082,0x0841,0x1082,0x1082,0x0861,0x10A2,
0x18C3,0x18C3,0x0841,0x1082,0x1082,0x10A2,0x18C3,0x10A2,0x3186,0x4228,0x4228,0x52AA,0x52AA,0x5ACB,0x528A,0x52AA,
0x6B4D,0x6B4D,0x632C,0x632C,0x632C,0x5AEB,0x52AA,0x4228,0x4208,0x4A49,0x2104,0x2124,0x31A6,0x2945,0x2124,0x4A49,
0x2124,0x2965,0x18C3,0x2124,0x2124,0x2104,0x2104,0x18C3,0x2124,0x18E3,0x10A2,0x18C3,0x10A2,0x18C3,0x10A2,0x18E3,
0x10A2,0x18E3,0x18E3,0x10A2,0x18C3,0x10A2,0x10A2,0x2945,0x2124,0x18E3,0x2945,0x2945,0x2965,0x2965,0x31A6,0x31A6,
0x3186,0x0841,0x1082,0x1082,0x10A2,0x10A2,0x528A,0x18C3,0x0861,0x10A2,0x18E3,0x31A6,0x3186,0x18C3,0x10A2,0x2104,
0x2104,0x31A6,0x31A6,0x2945,0x2104,0x2124,0x3186,0x4228,0x52AA,0x5ACB,0x52AA,0x5ACB,0x4208,0x52AA,0x6B4D,0x52AA,
0x52AA,0x52AA,0x4208,0x2124,0x31A6,0x39C7,0x3186,0x3186,0x39E7,0x31A6,0x3186,0x2945,0x31A6,0x39C7,0x2965,0x31A6,
0x18E3,0x18E3,0x18C3,0x2104,0x18E3,0x10A2,0x10A2,0x2104,0x1082,0x0861,0x0861,0x2104,0x0841,0x0861,0x10A2,0x1082,
0x1082,0x2124,0x0861,0x1082,0x18C3,0x1082,0x0000,0x0841,0x0020,0x0841,0x0020,0x0020,0x0841,0x0861,0x0861,0x0020,
0x0841,0x0841,0x1082,0x1082,0x1082,0x10A2,0x0861,0x18C3,0x10A2,0x18C3,0x1082,0x18C3,0x0841,0x2104,0x0861,0x10A2,
0x0861,0x10A2,0x1082,0x0841,0x10A2,0x1082,0x0861,0x0861,0x18E3,0x2124,0x1082,0x0000,0x0000,0x0020,0x0841,0x0000,
0x0841,0x1082,0x2945,0x4A49,0x2945,0x0861,0x1082,0x1082,0x0861,0x1082,0x0841,0x0020,0x0861,0x18E3,0x2124,0x1082,
0x1082,0x18E3,0x18E3,0x0020,0x1082,0x2104,0x2965,0x0861,0x10A2,0x0841,0x0020,0x0861,0x0000,0x0861,0x0000,0x0861,
0x0861,0x0841,0x0000,0x0841,0x0861,0x0861,0x0861,0x0000,0x0020,0x0841,0x10A2,0x1082,0x0020,0x1082,0x0841,0x1082,
0x18C3,0x1082,0x18C3,0x0841,0x10A2,0x0841,0x1082,0x18C3,0x0861,0x18E3,0x10A2,0x10A2,0x18C3,0x18E3,0x2124,0x2965,
0x39E7,0x18C3,0x18C3,0x18C3,0x2104,0x2945,0x2945,0x18E3,0x2104,0x2124,0x18E3,0x18E3,0x2104,0x2124,0x2124,0x18E3,
0x2124,0x4228,0x0861,0x2104,0x10A2,0x2945,0x0861,0x18C3,0x18E3,0x0861,0x4A49,0x630C,0x1082,0x10A2,0x2104,0x1082,
0x10A2,0x1082,0x18C3,0x1082,0x10A2,0x1082,0x18C3,0x18E3,0x10A2,0x1082,0x18C3,0x1082,0x18E3,0x18E3,0x18E3,0x1082,
0x18E3,0x0861,0x2104,0x10A2,0x0861,0x0841,0x2124,0x10A2,0x1082,0x18C3,0x18E3,0x2124,0x18C3,0x1082,0x18C3,0x1082,
0x1082,0x10A2,0x18E3,0x18C3,0x18E3,0x10A2,0x18C3,0x18E3,0x1082,0x2965,0x10A2,0x1082,0x18E3,0x18C3,0x1082,0x0861,
0x2104,0x18C3,0x1082,0x18C3,0x2104,0x18C3,0x2945,0x3186,0x4208,0x39E7,0x4A69,0x528A,0x528A,0x5ACB,0x630C,0x6B4D,
0x6B4D,0x6B4D,0x6B6D,0x6B4D,0x52AA,0x4208,0x4208,0x4208,0x4228,0x4228,0x2965,0x3186,0x2945,0x18E3,0x2104,0x3186,
0x4208,0x2104,0x18C3,0x39C7,0x31A6,0x2124,0x2104,0x2104,0x18E3,0x2124,0x2104,0x10A2,0x2965,0x2104,0x10A2,0x18C3,
0x2124,0x2945,0x10A2,0x18E3,0x2104,0x10A2,0x2945,0x2104,0x2945,0x2104,0x2945,0x2124,0x31A6,0x2965,0x31A6,0x2104,
0x0000,0x0020,0x18C3,0x0861,0x1082,0x0861,0x10A2,0x0861,0x4208,0x3186,0x10A2,0x2945,0x4208,0x18E3,0x18E3,0x2104,
0x2124,0x2945,0x2104,0x18E3,0x2124,0x2124,0x2965,0x4A49,0x52AA,0x39E7,0x52AA,0x5ACB,0x39E7,0x39E7,0x7BCF,0x4A49,
0x6B6D,0x4A69,0x4228,0x5ACB,0x2124,0x4228,0x39E7,0x39E7,0x4208,0x4228,0x31A6,0x2124,0x3186,0x2104,0x3186,0x2945,
0x2965,0x18C3,0x18C3,0x10A2,0x2104,0x3186,0x2104,0x10A2,0x1082,0x10A2,0x18C3,0x10A2,0x1082,0x0000,0x0020,0x0841,
0x0861,0x0861,0x10A2,0x1082,0x0020,0x10A2,0x0861,0x0841,0x0020,0x0841,0x0020,0x0841,0x0861,0x0861,0x0020,0x10A2,
0x0000,0x18C3,0x1082,0x0020,0x0841,0x10A2,0x18E3,0x0861,0x0861,0x1082,0x1082,0x10A2,0x18C3,0x18E3,0x0861,0x0861,
0x10A2,0x0841,0x0841,0x0861,0x1082,0x1082,0x0861,0x0020,0x18C3,0x18C3,0x0000,0x10A2,0x39C7,0x18C3,0x0020,0x10A2,
0x0841,0x0861,0x0861,0x0861,0x1082,0x0841,0x10A2,0x3186,0x0841,0x10A2,0x1082,0x0861,0x0861,0x18C3,0x1082,0x1082,
0x10A2,0x10A2,0x0841,0x0000,0x0020,0x1082,0x0841,0x0841,0x0861,0x0020,0x0841,0x0861,0x2945,0x1082,0x1082,0x0020,
0x0841,0x0020,0x0841,0x0841,0x0020,0x0841,0x1082,0x10A2,0x0000,0x10A2,0x1082,0x1082,0x0841,0x1082,0x2104,0x1082,
0x0861,0x0861,0x18C3,0x10A2,0x18E3,0x18C3,0x0841,0x0841,0x1082,0x0861,0x10A2,0x2104,0x0861,0x10A2,0x2945,0x10A2,
0x0861,0x10A2,0x10A2,0x18E3,0x18C3,0x18C3,0x18C3,0x31A6,0x2945,0x18C3,0x10A2,0x18E3,0x18C3,0x2945,0x3186,0x10A2,
0x31A6,0x52AA,0x18C3,0x10A2,0x18E3,0x10A2,0x2104,0x18C3,0x2104,0x18C3,0x18C3,0x2124,0x18C3,0x2945,0x18C3,0x1082,
0x18E3,0x18E3,0x1082,0x1082,0x0861,0x0861,0x10A2,0x18C3,0x18E3,0x0861,0x18C3,0x10A2,0x0841,0x10A2,0x18E3,0x0861,
0x1082,0x0861,0x2124,0x18C3,0x10A2,0x18E3,0x31A6,0x18E3,0x1082,0x10A2,0x18C3,0x18C3,0x10A2,0x18E3,0x18C3,0x18E3,
0x0861,0x10A2,0x18C3,0x18C3,0x18C3,0x1082,0x1082,0x10A2,0x0841,0x18C3,0x1082,0x10A2,0x10A2,0x18C3,0x1082,0x0861,
0x0861,0x1082,0x18C3,0x18C3,0x2104,0x2104,0x31A6,0x4208,0x4A49,0x4A69,0x4A69,0x5ACB,0x632C,0x52AA,0x5ACB,0x52AA,
0x6B4D,0x5ACB,0x632C,0x6B4D,0x528A,0x39C7,0x31A6,0x4208,0x3186,0x2965,0x4228,0x4208,0x2945,0x31A6,0x2965,0x18E3,
0x39C7,0x2124,0x18C3,0x10A2,0x10A2,0x31A6,0x39E7,0x31A6,0x2124,0x2104,0x39C7,0x6B4D,0x4A69,0x2124,0x2965,0x2124,
0x18E3,0x2104,0x18C3,0x10A2,0x2124,0x2104,0x2124,0x2124,0x18E3,0x2124,0x3186,0x2104,0x3186,0x4228,0x39C7,0x2104,
0x10A2,0x1082,0x1082,0x0861,0x0861,0x18C3,0x1082,0x18C3,0x39C7,0x3186,0x0861,0x1082,0x18E3,0x0020,0x18C3,0x18C3,
0x2965,0x18E3,0x2124,0x2945,0x2124,0x2124,0x4A49,0x39E7,0x5AEB,0x39E7,0x4A49,0x39E7,0x4A49,0x5AEB,0x632C,0x6B6D,
0x52AA,0x52AA,0x528A,0x738E,0x4228,0x2965,0x4208,0x4228,0x39C7,0x39C7,0x31A6,0x18E3,0x2945,0x2945,0x2124,0x2104,
0x2104,0x2104,0x18E3,0x2965,0x2945,0x2104,0x18E3,0x10A2,0x10A2,0x18C3,0x0841,0x0861,0x0841,0x0861,0x0020,0x0841,
0x18E3,0x0861,0x18C3,0x18C3,0x18C3,0x10A2,0x0841,0x0020,0x0861,0x0861,0x18E3,0x0000,0x18C3,0x18C3,0x1082,0x1082,
0x0841,0x1082,0x0841,0x1082,0x1082,0x0861,0x1082,0x1082,0x1082,0x0861,0x0020,0x0841,0x10A2,0x1082,0x0861,0x0861,
0x1082,0x0841,0x0861,0x10A2,0x0861,0x1082,0x10A2,0x0841,0x0861,0x1082,0x1082,0x18E3,0x2124,0x1082,0x1082,0x0861,
0x0841,0x0861,0x0000,0x10A2,0x10A2,0x0000,0x2104,0x0861,0x0020,0x0861,0x0000,0x0841,0x18E3,0x1082,0x0020,0x1082,
0x0000,0x0841,0x10A2,0x1082,0x0841,0x0000,0x3186,0x18E3,0x0841,0x0861,0x0000,0x1082,0x10A2,0x0000,0x0841,0x0020,
0x0000,0x0861,0x0020,0x0020,0x0841,0x0861,0x0000,0x0020,0x0841,0x10A2,0x0020,0x0841,0x18C3,0x2124,0x39C7,0x31A6,
0x2104,0x10A2,0x1082,0x18C3,0x0841,0x18E3,0x18E3,0x18E3,0x0861,0x2104,0x18E3,0x0841,0x1082,0x2124,0x2124,0x0861,
0x1082,0x18E3,0x2945,0x18C3,0x18E3,0x10A2,0x2124,0x2104,0x2945,0x2104,0x2124,0x2945,0x0861,0x1082,0x18E3,0x0861,
0x10A2,0x2945,0x10A2,0x18E3,0x18C3,0x10A2,0x2104,0x1082,0x18C3,0x2124,0x18E3,0x10A2,0x1082,0x2104,0x18C3,0x1082,
0x10A2,0x18E3,0x0861,0x18C3,0x10A2,0x2945,0x2124,0x2945,0x39C7,0x10A2,0x0841,0x2104,0x18C3,0x18E3,0x1082,0x18C3,
0x0861,0x18E3,0x2124,0x1082,0x0861,0x1082,0x10A2,0x0020,0x2124,0x31A6,0x1082,0x18C3,0x2104,0x10A2,0x10A2,0x0861,
0x18E3,0x2104,0x0861,0x0861,0x2124,0x2104,0x0861,0x1082,0x2104,0x0841,0x18E3,0x18E3,0x0861,0x10A2,0x10A2,0x18C3,
0x0861,0x18E3,0x2945,0x2124,0x3186,0x4208,0x4228,0x4208,0x4228,0x632C,0x5AEB,0x528A,0x5ACB,0x4A69,0x528A,0x6B4D,
0x528A,0x528A,0x6B6D,0x6B6D,0x528A,0x4228,0x4208,0x5ACB,0x4228,0x3186,0x4228,0x52AA,0x528A,0x4A69,0x4A69,0x52AA,
0x3186,0x2945,0x2124,0x2124,0x18E3,0x2104,0x18E3,0x2104,0x3186,0x3186,0x2965,0x6B6D,0x528A,0x2945,0x18E3,0x2124,
0x2965,0x10A2,0x2945,0x2104,0x2104,0x31A6,0x3186,0x2124,0x2965,0x2124,0x4A49,0x2124,0x2104,0x31A6,0x4208,0x31A6,
0x10A2,0x18C3,0x1082,0x18C3,0x10A2,0x10A2,0x1082,0x0861,0x18C3,0x18C3,0x10A2,0x1082,0x0861,0x2945,0x18C3,0x18C3,
0x18C3,0x31A6,0x3186,0x2124,0x2124,0x10A2,0x31A6,0x3186,0x3186,0x4228,0x2965,0x52AA,0x4228,0x4A69,0x528A,0x6B6D,
0x52AA,0x39E7,0x4A49,0x528A,0x39E7,0x4228,0x4A49,0x3186,0x2104,0x31A6,0x3186,0x31A6,0x2124,0x18C3,0x18C3,0x2124,
0x2104,0x18E3,0x18C3,0x18C3,0x31A6,0x2104,0x2124,0x18C3,0x18E3,0x0841,0x10A2,0x10A2,0x0861,0x0020,0x10A2,0x0020,
0x0861,0x1082,0x10A2,0x1082,0x1082,0x0000,0x10A2,0x0841,0x0020,0x0861,0x18E3,0x1082,0x1082,0x5ACB,0x4208,0x0861,
0x0841,0x0841,0x10A2,0x1082,0x1082,0x10A2,0x0861,0x1082,0x0020,0x10A2,0x0020,0x1082,0x0841,0x0841,0x0020,0x1082,
0x1082,0x10A2,0x0841,0x0861,0x10A2,0x1082,0x0000,0x0841,0x1082,0x1082,0x0861,0x10A2,0x10A2,0x0020,0x1082,0x0841,
0x1082,0x0000,0x0861,0x0020,0x2104,0x2104,0x0000,0x10A2,0x1082,0x1082,0x10A2,0x18E3,0x2104,0x10A2,0x0861,0x0861,
0x1082,0x0861,0x0020,0x0020,0x0841,0x0861,0x0841,0x0861,0x1082,0x0841,0x0861,0x0020,0x0020,0x0841,0x0020,0x0841,
0x0861,0x0020,0x0841,0x0020,0x10A2,0x0020,0x1082,0x10A2,0x0020,0x0020,0x0841,0x0020,0x18C3,0x0861,0x0000,0x1082,
0x18E3,0x18E3,0x2945,0x31A6,0x2124,0x2104,0x2945,0x1082,0x1082,0x1082,0x1082,0x0861,0x18E3,0x18E3,0x1082,0x18E3,
0x18C3,0x10A2,0x0841,0x1082,0x2945,0x18C3,0x2104,0x2945,0x2104,0x2124,0x2124,0x2945,0x18C3,0x10A2,0x1082,0x1082,
0x18E3,0x18C3,0x1082,0x0861,0x18C3,0x2124,0x10A2,0x18E3,0x2104,0x2124,0x18E3,0x18E3,0x0861,0x10A2,0x18E3,0x18C3,
0x18E3,0x18E3,0x1082,0x0861,0x1082,0x18C3,0x18C3,0x10A2,0x0861,0x18E3,0x18E3,0x0841,0x2124,0x2945,0x18C3,0x18E3,
0x18C3,0x18C3,0x2124,0x18E3,0x1082,0x0861,0x18E3,0x18E3,0x18C3,0x18C3,0x1082,0x18C3,0x18C3,0x18C3,0x18C3,0x1082,
0x18C3,0x18E3,0x18E3,0x18C3,0x0861,0x18C3,0x18C3,0x18C3,0x0861,0x1082,0x10A2,0x18C3,0x18C3,0x0861,0x18E3,0x18C3,
0x2124,0x2104,0x2124,0x3186,0x4208,0x52AA,0x4208,0x31A6,0x4228,0x528A,0x6B4D,0x632C,0x6B4D,0x6B6D,0x528A,0x52AA,
0x52AA,0x528A,0x6B6D,0x630C,0x5ACB,0x5ACB,0x39E7,0x31A6,0x3186,0x31A6,0x2965,0x4208,0x5ACB,0x39E7,0x4208,0x5ACB,
0x31A6,0x3186,0x2945,0x3186,0x2124,0x18C3,0x2945,0x5ACB,0x3186,0x31A6,0x3186,0x2945,0x2104,0x2124,0x2945,0x2124,
0x18E3,0x2965,0x2124,0x10A2,0x2124,0x2124,0x2104,0x2124,0x2104,0x31A6,0x1082,0x2945,0x2965,0x31A6,0x2104,0x3186,
0x0841,0x0841,0x1082,0x0861,0x0861,0x10A2,0x0841,0x18C3,0x18E3,0x1082,0x1082,0x10A2,0x18E3,0x18C3,0x18C3,0x0861,
0x18C3,0x31A6,0x3186,0x2104,0x2124,0x2124,0x2104,0x2124,0x2124,0x31A6,0x2965,0x39E7,0x5ACB,0x4208,0x52AA,0x632C,
0x4208,0x31A6,0x4208,0x4208,0x3186,0x3186,0x39C7,0x18E3,0x2104,0x39E7,0x2104,0x2104,0x18C3,0x18C3,0x18E3,0x18C3,
0x18C3,0x31A6,0x3186,0x10A2,0x2945,0x1082,0x18C3,0x18E3,0x1082,0x0861,0x1082,0x1082,0x0000,0x0020,0x10A2,0x0861,
0x1082,0x1082,0x18C3,0x0841,0x1082,0x1082,0x1082,0x0020,0x1082,0x3186,0x528A,0x2104,0x1082,0x3186,0x31A6,0x1082,
0x0861,0x0841,0x0841,0x0020,0x1082,0x1082,0x1082,0x10A2,0x0841,0x1082,0x0020,0x0861,0x1082,0x0020,0x0841,0x0841,
0x10A2,0x0020,0x10A2,0x1082,0x18C3,0x18C3,0x0841,0x0861,0x18E3,0x0841,0x0861,0x1082,0x0861,0x10A2,0x0841,0x0020,
0x3186,0x18C3,0x0861,0x0020,0x0861,0x1082,0x0020,0x0841,0x0841,0x18E3,0x10A2,0x18C3,0x39C7,0x0861,0x1082,0x0861,
0x0861,0x10A2,0x10A2,0x0841,0x1082,0x0861,0x0861,0x0020,0x0841,0x10A2,0x0841,0x0861,0x10A2,0x0000,0x0841,0x0020,
0x1082,0x0861,0x2945,0x18C3,0x0000,0x0841,0x2124,0x52AA,0x0861,0x0841,0x1082,0x0841,0x18E3,0x18E3,0x0841,0x1082,
0x18C3,0x2124,0x528A,0x8C71,0x52AA,0x2104,0x18E3,0x31A6,0x2124,0x0861,0x18C3,0x2945,0x0861,0x10A2,0x39C7,0x2124,
0x18C3,0x1082,0x0861,0x18C3,0x18C3,0x18E3,0x18C3,0x2124,0x2124,0x2104,0x2965,0x18E3,0x10A2,0x18E3,0x0841,0x18E3,
0x0861,0x18C3,0x18C3,0x1082,0x0861,0x18E3,0x18C3,0x2104,0x18C3,0x18C3,0x18C3,0x2124,0x2945,0x18C3,0x18E3,0x1082,
0x18C3,0x18E3,0x10A2,0x1082,0x10A2,0x1082,0x18C3,0x0861,0x2104,0x0841,0x18C3,0x18C3,0x18C3,0x18C3,0x18C3,0x18C3,
0x2124,0x18C3,0x0861,0x10A2,0x10A2,0x18E3,0x10A2,0x0861,0x18C3,0x2124,0x18C3,0x18E3,0x10A2,0x2945,0x0861,0x18E3,
0x2124,0x2104,0x18E3,0x2945,0x2965,0x2945,0x18E3,0x18C3,0x2104,0x18C3,0x10A2,0x2124,0x10A2,0x18E3,0x18E3,0x2104,
0x2124,0x3186,0x31A6,0x31A6,0x31A6,0x3186,0x4208,0x4208,0x52AA,0x52AA,0x632C,0x632C,0x6B6D,0x6B6D,0x528A,0x4208,
0x52AA,0x5ACB,0x52AA,0x52AA,0x4208,0x5ACB,0x39E7,0x4228,0x31A6,0x3186,0x2104,0x39E7,0x5ACB,0x4208,0x18E3,0x2945,
0x2945,0x2104,0x2124,0x18E3,0x10A2,0x18E3,0x18E3,0x31A6,0x3186,0x2124,0x39C7,0x2104,0x3186,0x31A6,0x3186,0x2104,
0x31A6,0x3186,0x2124,0x2104,0x2124,0x31A6,0x2945,0x2104,0x2124,0x18E3,0x2945,0x2124,0x2124,0x2124,0x3186,0x4208,
0x0841,0x0000,0x18C3,0x0020,0x0841,0x0841,0x18E3,0x18C3,0x2104,0x0861,0x1082,0x10A2,0x2124,0x18C3,0x0861,0x2945,
0x18E3,0x0841,0x2945,0x39C7,0x2104,0x2945,0x31A6,0x2124,0x2124,0x3186,0x4228,0x3186,0x4228,0x2945,0x5ACB,0x632C,
0x4228,0x2945,0x4228,0x31A6,0x39C7,0x2124,0x18C3,0x2124,0x2104,0x18C3,0x2104,0x2104,0x18E3,0x18E3,0x1082,0x10A2,
0x0020,0x2104,0x31A6,0x10A2,0x1082,0x2965,0x2104,0x1082,0x18E3,0x1082,0x18C3,0x10A2,0x0020,0x0861,0x1082,0x1082,
0x0861,0x0861,0x18C3,0x1082,0x10A2,0x0861,0x0841,0x0020,0x0861,0x2965,0x73AE,0x2124,0x18C3,0x0841,0x0861,0x18C3,
0x18C3,0x0020,0x0841,0x0020,0x0861,0x0841,0x0000,0x0841,0x0841,0x0020,0x0020,0x0020,0x0841,0x10A2,0x0841,0x0000,
0x0020,0x10A2,0x18E3,0x0861,0x10A2,0x18C3,0x0841,0x10A2,0x0000,0x18E3,0x0020,0x0841,0x1082,0x0020,0x10A2,0x10A2,
0x2945,0x1082,0x0000,0x18C3,0x18C3,0x0000,0x10A2,0x0020,0x0020,0x0020,0x0861,0x0861,0x1082,0x1082,0x0861,0x2965,
0x10A2,0x0861,0x0020,0x0861,0x1082,0x1082,0x1082,0x18C3,0x0020,0x0861,0x0841,0x18E3,0x2104,0x0841,0x0020,0x0841,
0x0020,0x0841,0x18C3,0x0861,0x0861,0x0861,0x1082,0x10A2,0x10A2,0x0841,0x0000,0x10A2,0x10A2,0x18E3,0x18C3,0x4A49,
0x4208,0x31A6,0x4228,0x8430,0x39C7,0x2965,0x10A2,0x2945,0x18C3,0x10A2,0x10A2,0x2945,0x2945,0x18C3,0x2104,0x18E3,
0x18C3,0x1082,0x10A2,0x18E3,0x1082,0x10A2,0x18C3,0x18C3,0x3186,0x2124,0x2104,0x2945,0x2104,0x18E3,0x18C3,0x18C3,
0x18E3,0x18E3,0x10A2,0x18C3,0x18E3,0x18C3,0x18E3,0x18E3,0x18C3,0x18E3,0x0861,0x2945,0x2945,0x1082,0x18C3,0x10A2,
0x18C3,0x18C3,0x18E3,0x10A2,0x18C3,0x10A2,0x0861,0x18E3,0x18C3,0x1082,0x10A2,0x2104,0x18E3,0x10A2,0x18C3,0x18E3,
0x18C3,0x18C3,0x10A2,0x18C3,0x18E3,0x2945,0x18E3,0x10A2,0x10A2,0x4A49,0x10A2,0x18C3,0x2124,0x4228,0x18E3,0x10A2,
0x2104,0x39C7,0x2945,0x3186,0x8C71,0x39E7,0x2124,0x2104,0x31A6,0x18C3,0x10A2,0x1082,0x2945,0x1082,0x1082,0x2104,
0x2104,0x4A69,0x4208,0x4208,0x2965,0x4A49,0x4228,0x52AA,0x528A,0x6B6D,0x6B6D,0x6B4D,0x52AA,0x4208,0x528A,0x738E,
0x52AA,0x4A69,0x528A,0x4208,0x5ACB,0x39E7,0x4228,0x4228,0x3186,0x3186,0x2124,0x39C7,0x39E7,0x3186,0x2945,0x2124,
0x2124,0x2104,0x2124,0x2945,0x18E3,0x18C3,0x18C3,0x2945,0x2124,0x2124,0x2104,0x2124,0x31A6,0x2965,0x39C7,0x31A6,
0x31A6,0x2124,0x2965,0x4A49,0x31A6,0x2124,0x2104,0x2124,0x2124,0x2124,0x2124,0x18E3,0x2124,0x3186,0x31A6,0x31A6,
0x0020,0x10A2,0x0841,0x0000,0x1082,0x0861,0x1082,0x10A2,0x10A2,0x1082,0x2124,0x18C3,0x1082,0x0861,0x1082,0x2124,
0x2124,0x4208,0x2124,0x3186,0x2124,0x2124,0x18E3,0x18C3,0x2104,0x3186,0x31A6,0x3186,0x4228,0x4228,0x528A,0x52AA,
0x39E7,0x4228,0x31A6,0x18E3,0x2104,0x31A6,0x2945,0x2945,0x2104,0x18E3,0x18C3,0x18C3,0x18C3,0x18E3,0x2104,0x0861,
0x10A2,0x1082,0x0000,0x1082,0x18E3,0x1082,0x0861,0x18E3,0x1082,0x0861,0x0841,0x10A2,0x0861,0x0841,0x10A2,0x0861,
0x10A2,0x0861,0x1082,0x0861,0x0861,0x0841,0x0861,0x10A2,0x0861,0x10A2,0x10A2,0x1082,0x0861,0x18C3,0x0861,0x18E3,
0x0861,0x0000,0x0861,0x0841,0x10A2,0x2104,0x0861,0x0841,0x1082,0x0020,0x0841,0x0841,0x0841,0x18E3,0x1082,0x0841,
0x0841,0x0861,0x0861,0x1082,0x10A2,0x0861,0x0020,0x1082,0x10A2,0x1082,0x1082,0x0841,0x0861,0x0861,0x0861,0x18E3,
0x18E3,0x2945,0x1082,0x0841,0x0861,0x18E3,0x10A2,0x0861,0x0841,0x0841,0x1082,0x0861,0x0841,0x1082,0x18C3,0x10A2,
0x0861,0x1082,0x1082,0x10A2,0x0020,0x0841,0x0841,0x10A2,0x0020,0x0841,0x0020,0x18C3,0x10A2,0x0861,0x0020,0x0841,
0x0020,0x0861,0x0000,0x0861,0x0000,0x0020,0x0020,0x0861,0x0000,0x0841,0x0020,0x2945,0x1082,0x10A2,0x18E3,0x52AA,
0x8430,0x4208,0x3186,0x3186,0x2104,0x18C3,0x10A2,0x0861,0x0861,0x10A2,0x0861,0x18E3,0x2124,0x1082,0x0861,0x10A2,
0x0020,0x18C3,0x2945,0x3186,0x2945,0x2124,0x2104,0x2124,0x2945,0x10A2,0x10A2,0x2124,0x10A2,0x1082,0x18C3,0x18C3,
0x1082,0x18C3,0x18E3,0x2124,0x18E3,0x10A2,0x18E3,0x10A2,0x0861,0x18C3,0x2124,0x0861,0x18C3,0x2945,0x2124,0x18E3,
0x1082,0x2945,0x2945,0x0861,0x18C3,0x2945,0x10A2,0x0861,0x2124,0x31A6,0x18E3,0x10A2,0x10A2,0x2104,0x2945,0x10A2,
0x18C3,0x18C3,0x10A2,0x10A2,0x18C3,0x18C3,0x18C3,0x18E3,0x10A2,0x1082,0x18E3,0x2124,0x2124,0x1082,0x18C3,0x1082,
0x1082,0x0020,0x2104,0x2124,0x4208,0x2965,0x39E7,0x4208,0x18C3,0x2124,0x39C7,0x2104,0x2124,0x2945,0x2945,0x2965,
0x2965,0x39E7,0x4228,0x2965,0x4A69,0x4208,0x39C7,0x4208,0x5ACB,0x6B4D,0x632C,0x528A,0x5ACB,0x52AA,0x4A69,0x6B4D,
0x5ACB,0x5ACB,0x528A,0x4228,0x4228,0x39E7,0x31A6,0x4228,0x3186,0x4208,0x31A6,0x2965,0x2945,0x3186,0x2945,0x2104,
0x2104,0x2945,0x18E3,0x18C3,0x1082,0x18C3,0x18E3,0x10A2,0x2124,0x2104,0x2124,0x39C7,0x2965,0x31A6,0x18E3,0x39E7,
0x4208,0x2124,0x39C7,0x4228,0x18E3,0x3186,0x2124,0x39C7,0x2104,0x2124,0x2104,0x2945,0x2945,0x2124,0x2104,0x2104,
0x0861,0x0861,0x1082,0x0841,0x18C3,0x0020,0x18E3,0x0861,0x0861,0x1082,0x18C3,0x18C3,0x10A2,0x18E3,0x2945,0x18C3,
0x18C3,0x4A69,0x2124,0x2104,0x2124,0x2124,0x2124,0x18E3,0x2124,0x2945,0x2104,0x4208,0x2965,0x4228,0x5ACB,0x52AA,
0x4228,0x39C7,0x31A6,0x3186,0x39C7,0x2124,0x2104,0x2124,0x2945,0x2104,0x2104,0x2104,0x10A2,0x10A2,0x10A2,0x18E3,
0x1082,0x1082,0x10A2,0x0000,0x10A2,0x18E3,0x0841,0x1082,0x2124,0x0861,0x1082,0x0841,0x0841,0x1082,0x0861,0x10A2,
0x1082,0x0861,0x0861,0x1082,0x1082,0x1082,0x0861,0x1082,0x0841,0x0020,0x0841,0x10A2,0x0861,0x0861,0x10A2,0x1082,
0x1082,0x0841,0x1082,0x0020,0x0000,0x0841,0x0020,0x0020,0x0841,0x0020,0x0020,0x1082,0x1082,0x0020,0x0841,0x0861,
0x0020,0x0841,0x0861,0x0861,0x0020,0x18C3,0x18C3,0x0000,0x1082,0x0000,0x0841,0x0841,0x1082,0x1082,0x10A2,0x2104,
0x6B4D,0x39C7,0x1082,0x0020,0x0020,0x2945,0x1082,0x0020,0x0841,0x0841,0x0020,0x0020,0x0020,0x0861,0x2104,0x0841,
0x1082,0x1082,0x1082,0x1082,0x0841,0x0861,0x0841,0x0000,0x0841,0x0841,0x0020,0x0841,0x0841,0x0861,0x0861,0x0841,
0x1082,0x0020,0x0841,0x18C3,0x31A6,0x0020,0x1082,0x0861,0x0841,0x0861,0x0000,0x1082,0x1082,0x18E3,0x2124,0x3186,
0x4228,0x2124,0x18C3,0x1082,0x10A2,0x10A2,0x10A2,0x18E3,0x1082,0x10A2,0x18C3,0x18C3,0x1082,0x10A2,0x18C3,0x18E3,
0x39E7,0x2104,0x2124,0x2945,0x18C3,0x2104,0x2945,0x10A2,0x2104,0x18C3,0x31A6,0x31A6,0x18E3,0x18C3,0x18C3,0x2945,
0x2945,0x2945,0x18C3,0x10A2,0x2104,0x18E3,0x18C3,0x18C3,0x18C3,0x2124,0x18C3,0x18E3,0x10A2,0x18E3,0x10A2,0x2104,
0x2124,0x2945,0x18C3,0x10A2,0x18E3,0x18C3,0x18E3,0x18C3,0x2104,0x2104,0x0861,0x18C3,0x18E3,0x18C3,0x18C3,0x18E3,
0x2104,0x2124,0x2124,0x2104,0x18E3,0x2104,0x18E3,0x0841,0x1082,0x18C3,0x2124,0x1082,0x2945,0x4228,0x0861,0x18E3,
0x18E3,0x18E3,0x18C3,0x18C3,0x39C7,0x2104,0x2104,0x2104,0x2124,0x2104,0x4208,0x3186,0x2104,0x31A6,0x4208,0x4228,
0x4228,0x4228,0x4A49,0x4208,0x52AA,0x4228,0x39E7,0x5ACB,0x630C,0x6B4D,0x6B6D,0x5ACB,0x6B4D,0x6B6D,0x528A,0x5ACB,
0x39E7,0x52AA,0x39E7,0x4228,0x39C7,0x4228,0x4228,0x4208,0x4208,0x3186,0x31A6,0x2945,0x1082,0x2945,0x2945,0x2104,
0x3186,0x2124,0x10A2,0x18E3,0x18C3,0x18C3,0x18C3,0x18E3,0x31A6,0x2124,0x2104,0x31A6,0x3186,0x4228,0x3186,0x4A49,
0x5ACB,0x2945,0x2104,0x2945,0x2104,0x2124,0x2945,0x2104,0x31A6,0x31A6,0x2104,0x2124,0x2124,0x18E3,0x18E3,0x2945,
0x0841,0x0841,0x1082,0x10A2,0x18C3,0x0020,0x18C3,0x18C3,0x0841,0x1082,0x0861,0x18C3,0x18E3,0x18E3,0x18C3,0x18C3,
0x18C3,0x2104,0x3186,0x18C3,0x2124,0x18E3,0x2104,0x2124,0x10A2,0x2124,0x2124,0x4228,0x4228,0x3186,0x4228,0x528A,
0x3186,0x2945,0x4208,0x39C7,0x18E3,0x31A6,0x2124,0x2104,0x2104,0x2945,0x1082,0x2124,0x2124,0x18E3,0x18E3,0x10A2,
0x1082,0x0020,0x10A2,0x0861,0x0841,0x1082,0x1082,0x1082,0x18E3,0x10A2,0x0020,0x1082,0x10A2,0x1082,0x18C3,0x1082,
0x1082,0x1082,0x1082,0x0841,0x0841,0x0861,0x0841,0x0861,0x1082,0x0000,0x18C3,0x1082,0x1082,0x1082,0x1082,0x0841,
0x0861,0x0020,0x0020,0x10A2,0x1082,0x0841,0x0841,0x0841,0x0020,0x0020,0x0841,0x0861,0x2104,0x0000,0x0000,0x0861,
0x0020,0x0841,0x0861,0x10A2,0x0861,0x18E3,0x18E3,0x0861,0x1082,0x18C3,0x18C3,0x0020,0x1082,0x1082,0x0861,0x18C3,
0x2124,0x1082,0x0861,0x18C3,0x2104,0x0000,0x1082,0x0841,0x0841,0x0020,0x0000,0x10A2,0x0000,0x1082,0x0861,0x10A2,
0x1082,0x0020,0x0841,0x0861,0x0861,0x0841,0x0861,0x0841,0x0020,0x0841,0x0861,0x0841,0x0861,0x0861,0x0861,0x0020,
0x0841,0x0000,0x0841,0x18E3,0x39C7,0x0020,0x0841,0x0000,0x0841,0x1082,0x0020,0x0861,0x18C3,0x18C3,0x2104,0x18C3,
0x0861,0x18E3,0x10A2,0x18E3,0x1082,0x0861,0x0861,0x10A2,0x1082,0x0861,0x2104,0x10A2,0x0841,0x18C3,0x18C3,0x18E3,
0x2124,0x18C3,0x10A2,0x18E3,0x2945,0x2945,0x2124,0x2124,0x2124,0x18C3,0x2124,0x2104,0x2104,0x2945,0x2104,0x2124,
0x2124,0x0861,0x18E3,0x18E3,0x18C3,0x2124,0x2104,0x18E3,0x18E3,0x1082,0x18C3,0x18C3,0x2945,0x10A2,0x18C3,0x2965,
0x18E3,0x10A2,0x10A2,0x3186,0x2945,0x10A2,0x18E3,0x2945,0x18E3,0x2104,0x18C3,0x18C3,0x18C3,0x18C3,0x18C3,0x3186,
0x31A6,0x18C3,0x10A2,0x18E3,0x18E3,0x2104,0x2945,0x2104,0x1082,0x2124,0x18C3,0x2965,0x18E3,0x0020,0x18E3,0x18E3,
0x2124,0x18E3,0x0841,0x18E3,0x2104,0x2965,0x2104,0x52AA,0x5AEB,0x39C7,0x4228,0x31A6,0x39E7,0x52AA,0x52AA,0x4208,
0x4228,0x4A69,0x528A,0x52AA,0x528A,0x5ACB,0x52AA,0x6B4D,0x6B6D,0x6B4D,0x52AA,0x528A,0x632C,0x632C,0x5ACB,0x39E7,
0x5ACB,0x4228,0x4228,0x52AA,0x4208,0x5ACB,0x39C7,0x4A49,0x39C7,0x31A6,0x2104,0x2124,0x2124,0x18E3,0x10A2,0x2945,
0x18E3,0x2104,0x2124,0x18C3,0x10A2,0x2945,0x18E3,0x10A2,0x18C3,0x1082,0x4A69,0x39E7,0x3186,0x39C7,0x2965,0x4228,
0x632C,0x3186,0x4208,0x18C3,0x2945,0x2124,0x2104,0x2124,0x2104,0x2945,0x18E3,0x18E3,0x2104,0x2945,0x18E3,0x10A2,
0x0841,0x1082,0x0020,0x0861,0x1082,0x10A2,0x0000,0x18C3,0x1082,0x0841,0x18C3,0x18C3,0x0861,0x1082,0x0841,0x10A2,
0x18E3,0x2965,0x2945,0x2104,0x18E3,0x18C3,0x10A2,0x2945,0x2945,0x2104,0x2124,0x4228,0x4208,0x2945,0x4A49,0x52AA,
0x4228,0x2124,0x4228,0x2965,0x31A6,0x3186,0x52AA,0x4228,0x18E3,0x18E3,0x18E3,0x10A2,0x2104,0x4228,0x18C3,0x18C3,
0x10A2,0x10A2,0x0000,0x0841,0x0841,0x0861,0x18E3,0x0861,0x0861,0x0000,0x0020,0x0841,0x1082,0x18C3,0x1082,0x1082,
0x1082,0x10A2,0x1082,0x0000,0x0020,0x0861,0x0861,0x10A2,0x0841,0x18C3,0x0861,0x0861,0x0020,0x0861,0x1082,0x2104,
0x18E3,0x10A2,0x0020,0x0861,0x0020,0x0000,0x0841,0x0020,0x0841,0x0020,0x10A2,0x0861,0x2965,0x2124,0x0020,0x1082,
0x1082,0x0020,0x0020,0x1082,0x18E3,0x1082,0x0020,0x18C3,0x10A2,0x1082,0x1082,0x0841,0x0861,0x0861,0x10A2,0x0841,
0x0861,0x18C3,0x0841,0x1082,0x2104,0x0020,0x1082,0x0841,0x0020,0x0861,0x0841,0x10A2,0x0841,0x0841,0x0861,0x0861,
0x0020,0x0020,0x0861,0x0020,0x0841,0x0000,0x0841,0x0020,0x0020,0x0020,0x0841,0x0841,0x1082,0x0020,0x0861,0x0841,
0x0020,0x0861,0x0000,0x0841,0x0000,0x0020,0x0020,0x0841,0x0020,0x0861,0x1082,0x2124,0x18E3,0x0861,0x0861,0x1082,
0x18C3,0x0861,0x1082,0x1082,0x10A2,0x1082,0x2945,0x10A2,0x10A2,0x0861,0x18C3,0x10A2,0x18C3,0x2104,0x10A2,0x2124,
0x18C3,0x10A2,0x2965,0x31A6,0x2124,0x18C3,0x2104,0x18C3,0x31A6,0x31A6,0x39C7,0x4208,0x4228,0x31A6,0x3186,0x18E3,
0x2104,0x2945,0x18C3,0x18C3,0x528A,0x6B6D,0x2945,0x18C3,0x18C3,0x18E3,0x2124,0x18C3,0x1082,0x2124,0x0861,0x10A2,
0x1082,0x0861,0x2104,0x2945,0x2104,0x2945,0x2104,0x18C3,0x18C3,0x1082,0x18C3,0x18E3,0x2104,0x2124,0x2104,0x4228,
0x39C7,0x18C3,0x18E3,0x2945,0x2104,0x1082,0x10A2,0x10A2,0x2124,0x31A6,0x10A2,0x2124,0x0861,0x18C3,0x18E3,0x1082,
0x18C3,0x18C3,0x31A6,0x1082,0x31A6,0x2965,0x2965,0x738E,0x6B4D,0x52AA,0x4228,0x4228,0x52AA,0x6B4D,0x52AA,0x528A,
0x52AA,0x5ACB,0x6B6D,0x632C,0x6B4D,0x632C,0x6B4D,0x632C,0x8C51,0x52AA,0x4A49,0x5ACB,0x6B4D,0x528A,0x528A,0x5ACB,
0x4A69,0x4A49,0x4208,0x4208,0x2965,0x4228,0x4228,0x4208,0x2965,0x31A6,0x18E3,0x2965,0x18E3,0x0861,0x18E3,0x18C3,
0x18E3,0x0861,0x18C3,0x18C3,0x2104,0x2124,0x10A2,0x18C3,0x18E3,0x2124,0x2945,0x31A6,0x2965,0x3186,0x31A6,0x2104,
0x31A6,0x31A6,0x31A6,0x2104,0x2124,0x2104,0x2124,0x2945,0x2124,0x2124,0x18E3,0x10A2,0x18C3,0x2124,0x2104,0x2965,
0x10A2,0x0000,0x0841,0x0020,0x0841,0x2124,0x1082,0x0020,0x18C3,0x0020,0x10A2,0x18C3,0x0841,0x2104,0x18C3,0x1082,
0x18C3,0x31A6,0x10A2,0x2945,0x1082,0x18E3,0x2965,0x2965,0x2104,0x2945,0x3186,0x4208,0x4208,0x2945,0x2965,0x52AA,
0x4208,0x39C7,0x2945,0x3186,0x31A6,0x3186,0x4228,0x2965,0x18C3,0x18E3,0x2104,0x2104,0x18E3,0x2945,0x18E3,0x2124,
0x18E3,0x1082,0x0841,0x0841,0x18C3,0x18E3,0x1082,0x1082,0x1082,0x1082,0x0020,0x0020,0x0841,0x0861,0x10A2,0x1082,
0x0861,0x1082,0x10A2,0x0841,0x18C3,0x18C3,0x10A2,0x10A2,0x18C3,0x2124,0x0861,0x1082,0x10A2,0x0841,0x18C3,0x0861,
0x0861,0x2124,0x2124,0x18C3,0x0020,0x0841,0x0841,0x0841,0x0020,0x0841,0x1082,0x0841,0x18E3,0x2945,0x0841,0x1082,
0x1082,0x1082,0x1082,0x0020,0x1082,0x1082,0x0000,0x1082,0x0861,0x0841,0x0020,0x18E3,0x18C3,0x1082,0x4A49,0x18E3,
0x0861,0x0000,0x10A2,0x18E3,0x0841,0x1082,0x0020,0x0020,0x0020,0x0861,0x0000,0x0000,0x0020,0x0000,0x18E3,0x0020,
0x0841,0x0841,0x0020,0x0000,0x0020,0x0841,0x0841,0x0020,0x0841,0x1082,0x0020,0x0020,0x0841,0x0000,0x0861,0x1082,
0x18C3,0x0861,0x0861,0x0000,0x0841,0x0861,0x0861,0x0841,0x10A2,0x0861,0x0861,0x18E3,0x18E3,0x1082,0x0861,0x1082,
0x18E3,0x1082,0x18C3,0x18C3,0x0861,0x10A2,0x2124,0x18C3,0x0861,0x1082,0x0861,0x0861,0x18C3,0x18E3,0x10A2,0x18E3,
0x2945,0x2124,0x2104,0x18C3,0x18E3,0x10A2,0x18E3,0x2124,0x3186,0x4A49,0x738E,0x8C51,0x6B4D,0x3186,0x2124,0x10A2,
0x2124,0x39C7,0x2124,0x2104,0x4208,0x5ACB,0x2104,0x18C3,0x10A2,0x18C3,0x18C3,0x18C3,0x2104,0x10A2,0x2104,0x18C3,
0x2124,0x18C3,0x10A2,0x10A2,0x10A2,0x2945,0x2104,0x18E3,0x18C3,0x18E3,0x2945,0x10A2,0x18C3,0x2104,0x10A2,0x18E3,
0x18E3,0x2124,0x2945,0x18C3,0x10A2,0x18C3,0x2945,0x2945,0x2124,0x31A6,0x3186,0x2124,0x2965,0x2124,0x2965,0x10A2,
0x18C3,0x2104,0x18C3,0x18C3,0x39C7,0x31A6,0x4228,0x4A69,0x632C,0x52AA,0x39E7,0x52AA,0x528A,0x5ACB,0x4A69,0x738E,
0x632C,0x6B4D,0x6B4D,0x6B4D,0x52AA,0x528A,0x5AEB,0x6B4D,0x528A,0x52AA,0x738E,0x4A69,0x4208,0x4228,0x52AA,0x632C,
0x6B6D,0x39C7,0x4228,0x31A6,0x39C7,0x18E3,0x2965,0x4228,0x2965,0x39E7,0x18E3,0x10A2,0x0861,0x0861,0x10A2,0x18C3,
0x18C3,0x1082,0x18C3,0x0861,0x18E3,0x2124,0x2945,0x2104,0x18C3,0x2124,0x2945,0x31A6,0x39C7,0x4228,0x3186,0x2104,
0x2124,0x2104,0x2124,0x31A6,0x31A6,0x39C7,0x18E3,0x2945,0x18E3,0x10A2,0x2104,0x18E3,0x18E3,0x18E3,0x10A2,0x2104,
0x0020,0x0861,0x0020,0x0841,0x0841,0x4A49,0x10A2,0x10A2,0x10A2,0x10A2,0x0861,0x18C3,0x1082,0x10A2,0x10A2,0x1082,
0x18C3,0x3186,0x18E3,0x18E3,0x2124,0x18C3,0x2104,0x2945,0x2124,0x2104,0x31A6,0x2965,0x39C7,0x2124,0x2104,0x4228,
0x39E7,0x4228,0x3186,0x3186,0x31A6,0x31A6,0x2124,0x18E3,0x18C3,0x2104,0x2124,0x18C3,0x10A2,0x2124,0x2124,0x0861,
0x18C3,0x0861,0x0841,0x0020,0x0841,0x0000,0x2945,0x1082,0x0020,0x0841,0x1082,0x1082,0x10A2,0x10A2,0x1082,0x0861,
0x18C3,0x1082,0x1082,0x0000,0x18E3,0x2104,0x18E3,0x10A2,0x18C3,0x0861,0x1082,0x1082,0x1082,0x1082,0x18E3,0x0861,
0x1082,0x18C3,0x1082,0x0841,0x0020,0x1082,0x0000,0x0020,0x0020,0x1082,0x0841,0x0861,0x0020,0x1082,0x0841,0x1082,
0x1082,0x0861,0x2124,0x1082,0x0841,0x0841,0x0841,0x18E3,0x1082,0x1082,0x18E3,0x0861,0x0020,0x0861,0x2945,0x0861,
0x0861,0x0020,0x10A2,0x0841,0x1082,0x2104,0x0020,0x0841,0x0861,0x0000,0x1082,0x18C3,0x0020,0x10A2,0x0861,0x0020,
0x0841,0x0841,0x0020,0x0861,0x0841,0x0841,0x10A2,0x31A6,0x0861,0x2124,0x0841,0x0841,0x0020,0x0841,0x10A2,0x10A2,
0x18C3,0x0841,0x18E3,0x18C3,0x0861,0x0841,0x0000,0x1082,0x10A2,0x1082,0x10A2,0x1082,0x10A2,0x1082,0x10A2,0x1082,
0x1082,0x0861,0x18C3,0x10A2,0x1082,0x10A2,0x10A2,0x18C3,0x1082,0x18E3,0x18C3,0x18C3,0x18E3,0x2104,0x2124,0x18C3,
0x18C3,0x18E3,0x2945,0x2124,0x2124,0x2104,0x2945,0x2124,0x31A6,0x2965,0x632C,0x8410,0x632C,0x31A6,0x2124,0x18C3,
0x18C3,0x18C3,0x2104,0x39C7,0x2104,0x2124,0x18C3,0x2124,0x2104,0x10A2,0x18C3,0x18E3,0x18C3,0x18E3,0x10A2,0x18E3,
0x2104,0x2945,0x18C3,0x18E3,0x18E3,0x2104,0x2124,0x18E3,0x2124,0x10A2,0x18E3,0x18C3,0x2104,0x2104,0x3186,0x5ACB,
0x2124,0x2124,0x2124,0x2104,0x2945,0x18C3,0x18C3,0x2124,0x2124,0x39E7,0x52AA,0x5ACB,0x2965,0x2104,0x18C3,0x18E3,
0x2124,0x18C3,0x18C3,0x2104,0x2104,0x3186,0x52AA,0x6B4D,0x6B6D,0x632C,0x6B4D,0x6B4D,0x632C,0x6B4D,0x6B4D,0x632C,
0x6B4D,0x6B4D,0x528A,0x52AA,0x528A,0x52AA,0x52AA,0x52AA,0x5ACB,0x528A,0x52AA,0x52AA,0x52AA,0x4208,0x52AA,0x6B4D,
0x52AA,0x4A49,0x2965,0x31A6,0x3186,0x39C7,0x31A6,0x3186,0x31A6,0x18E3,0x2124,0x2945,0x18C3,0x18E3,0x1082,0x18C3,
0x1082,0x1082,0x10A2,0x0861,0x10A2,0x0861,0x2945,0x31A6,0x2945,0x2104,0x2945,0x18E3,0x4228,0x4208,0x3186,0x2124,
0x2124,0x3186,0x31A6,0x2124,0x2104,0x2104,0x2124,0x18C3,0x2124,0x18C3,0x2945,0x10A2,0x18C3,0x2124,0x18C3,0x18C3,
0x1082,0x18E3,0x0020,0x10A2,0x0020,0x18C3,0x2124,0x18C3,0x0020,0x18E3,0x18C3,0x18C3,0x1082,0x0861,0x18C3,0x18E3,
0x2945,0x2104,0x18C3,0x2124,0x18C3,0x18C3,0x18C3,0x2945,0x2965,0x5AEB,0x39E7,0x31A6,0x39C7,0x2104,0x31A6,0x2124,
0x3186,0x4208,0x4208,0x39C7,0x18E3,0x4208,0x31A6,0x18C3,0x18C3,0x10A2,0x2965,0x1082,0x18C3,0x39C7,0x18C3,0x1082,
0x0861,0x2104,0x1082,0x0861,0x2124,0x10A2,0x0020,0x0861,0x1082,0x1082,0x0841,0x0861,0x0861,0x0841,0x1082,0x1082,
0x1082,0x0841,0x1082,0x0841,0x1082,0x0861,0x18E3,0x2104,0x18C3,0x10A2,0x10A2,0x18E3,0x0861,0x0861,0x1082,0x18C3,
0x0861,0x10A2,0x0861,0x10A2,0x1082,0x0861,0x0841,0x1082,0x0861,0x0000,0x0861,0x0020,0x10A2,0x1082,0x0000,0x10A2,
0x0841,0x1082,0x10A2,0x0000,0x0861,0x10A2,0x0000,0x0861,0x0020,0x2945,0x2124,0x18C3,0x18C3,0x0861,0x1082,0x1082,
0x0020,0x0841,0x0841,0x0861,0x0000,0x0020,0x10A2,0x0020,0x0020,0x18E3,0x2124,0x0020,0x1082,0x18C3,0x0841,0x0020,
0x0841,0x0000,0x0841,0x0861,0x0841,0x0841,0x1082,0x2104,0x0020,0x0841,0x0020,0x0020,0x0841,0x0841,0x0861,0x0841,
0x0861,0x18E3,0x18C3,0x0861,0x0861,0x0841,0x0000,0x10A2,0x1082,0x0000,0x0861,0x18E3,0x2124,0x10A2,0x18C3,0x18C3,
0x2124,0x18E3,0x0861,0x18C3,0x18C3,0x18C3,0x2124,0x2124,0x2124,0x10A2,0x2104,0x10A2,0x18C3,0x18C3,0x2124,0x18E3,
0x18C3,0x18C3,0x2124,0x2124,0x2104,0x2945,0x2945,0x1082,0x3186,0x3186,0x4A49,0x4228,0x39E7,0x2104,0x2945,0x2104,
0x18C3,0x18C3,0x2124,0x2124,0x10A2,0x18E3,0x10A2,0x18E3,0x18E3,0x18E3,0x1082,0x10A2,0x18E3,0x2104,0x18E3,0x2104,
0x18C3,0x18C3,0x18E3,0x18C3,0x18C3,0x18C3,0x18C3,0x2124,0x31A6,0x2124,0x2124,0x2124,0x18E3,0x2124,0x31A6,0x4228,
0x2124,0x18E3,0x31A6,0x3186,0x18C3,0x18E3,0x2104,0x2945,0x2965,0x4228,0x8C51,0x8430,0x4208,0x2124,0x3186,0x2124,
0x2124,0x2104,0x2124,0x3186,0x39E7,0x5ACB,0x6B6D,0x6B4D,0x6B4D,0x8C71,0x630C,0x528A,0x8C51,0x6B4D,0x632C,0x6B4D,
0x528A,0x52AA,0x528A,0x5ACB,0x52AA,0x52AA,0x52AA,0x52AA,0x5ACB,0x528A,0x6B6D,0x528A,0x52AA,0x5ACB,0x52AA,0x632C,
0x5ACB,0x39E7,0x4228,0x4A49,0x2965,0x2104,0x2945,0x2104,0x2104,0x18E3,0x2124,0x2965,0x2104,0x1082,0x1082,0x10A2,
0x1082,0x10A2,0x1082,0x1082,0x1082,0x2104,0x18C3,0x18C3,0x2124,0x4A49,0x2965,0x3186,0x4228,0x528A,0x4208,0x4A49,
0x4208,0x31A6,0x2124,0x10A2,0x10A2,0x18C3,0x10A2,0x18C3,0x2124,0x10A2,0x2945,0x18C3,0x2124,0x2104,0x18C3,0x2124,
0x0000,0x10A2,0x0841,0x0020,0x0861,0x0000,0x18C3,0x0861,0x0861,0x10A2,0x0861,0x10A2,0x10A2,0x1082,0x18C3,0x2104,
0x10A2,0x18C3,0x2104,0x2945,0x10A2,0x18C3,0x18E3,0x2124,0x2945,0x52AA,0x31A6,0x18E3,0x3186,0x2124,0x31A6,0x31A6,
0x31A6,0x2965,0x4228,0x2965,0x3186,0x2945,0x10A2,0x18C3,0x0861,0x1082,0x10A2,0x18E3,0x2945,0x2124,0x10A2,0x18C3,
0x18C3,0x0841,0x0000,0x2945,0x52AA,0x0861,0x0861,0x10A2,0x0861,0x0020,0x0020,0x0841,0x0861,0x10A2,0x10A2,0x0841,
0x10A2,0x0841,0x0020,0x0020,0x0861,0x10A2,0x2124,0x2124,0x18C3,0x1082,0x0861,0x0861,0x0861,0x1082,0x0861,0x18C3,
0x0861,0x18E3,0x18E3,0x0861,0x10A2,0x2104,0x0841,0x0841,0x0861,0x0841,0x0020,0x0841,0x0861,0x2945,0x10A2,0x1082,
0x0841,0x0000,0x1082,0x0020,0x1082,0x1082,0x10A2,0x0861,0x18C3,0x1082,0x0841,0x0861,0x10A2,0x1082,0x0861,0x10A2,
0x10A2,0x1082,0x10A2,0x0841,0x2965,0x0861,0x0020,0x0841,0x0841,0x0841,0x0020,0x0020,0x0841,0x0861,0x18E3,0x18E3,
0x0000,0x0861,0x0841,0x0841,0x18E3,0x0020,0x0841,0x0861,0x1082,0x0861,0x0861,0x0000,0x2104,0x0841,0x0841,0x0020,
0x0020,0x18C3,0x2945,0x0000,0x18C3,0x1082,0x18C3,0x0861,0x1082,0x10A2,0x10A2,0x0841,0x2945,0x18E3,0x18C3,0x1082,
0x10A2,0x2104,0x0861,0x10A2,0x18E3,0x39C7,0x52AA,0x632C,0x39E7,0x2945,0x18C3,0x0861,0x18C3,0x18C3,0x18C3,0x2104,
0x10A2,0x2124,0x2104,0x2945,0x10A2,0x18E3,0x2104,0x2945,0x2945,0x18E3,0x2124,0x2124,0x2124,0x18E3,0x2124,0x2104,
0x2124,0x2124,0x2124,0x10A2,0x18C3,0x18E3,0x2104,0x1082,0x10A2,0x0841,0x2104,0x2945,0x18E3,0x10A2,0x2945,0x2104,
0x18C3,0x18C3,0x18E3,0x18C3,0x18C3,0x18C3,0x18E3,0x2965,0x1082,0x2945,0x2965,0x2945,0x39E7,0x31A6,0x18C3,0x2124,
0x2945,0x2945,0x2965,0x39C7,0x2104,0x10A2,0x2965,0x2104,0x39E7,0x39E7,0x528A,0x4208,0x3186,0x2124,0x2124,0x31A6,
0x2124,0x2945,0x3186,0x5ACB,0x6B6D,0x8410,0x630C,0x8430,0x6B4D,0x632C,0x738E,0x632C,0x6B6D,0x6B4D,0x52AA,0x52AA,
0x5ACB,0x6B6D,0x52AA,0x52AA,0x4A49,0x5ACB,0x5ACB,0x632C,0x632C,0x52AA,0x4208,0x528A,0x52AA,0x528A,0x39E7,0x73AE,
0x528A,0x4228,0x52AA,0x39E7,0x31A6,0x2104,0x2104,0x2945,0x2945,0x18E3,0x18C3,0x2104,0x10A2,0x18E3,0x0861,0x1082,
0x18C3,0x18E3,0x18C3,0x0861,0x0841,0x10A2,0x10A2,0x10A2,0x18C3,0x2124,0x4208,0x6B4D,0x8430,0x8C51,0x632C,0x52AA,
0x31A6,0x1082,0x18E3,0x18C3,0x18C3,0x2965,0x18E3,0x10A2,0x18C3,0x2945,0x2124,0x18E3,0x18E3,0x18C3,0x2124,0x2124,
0x0841,0x1082,0x10A2,0x0841,0x10A2,0x18C3,0x0020,0x0861,0x10A2,0x10A2,0x1082,0x10A2,0x18C3,0x18C3,0x18C3,0x2104,
0x10A2,0x18C3,0x2124,0x2124,0x1082,0x1082,0x18C3,0x10A2,0x10A2,0x10A2,0x2104,0x3186,0x3186,0x2104,0x2945,0x2945,
0x2945,0x2945,0x3186,0x4228,0x39C7,0x2104,0x18C3,0x0861,0x18C3,0x10A2,0x10A2,0x2104,0x2104,0x10A2,0x10A2,0x18C3,
0x1082,0x0861,0x1082,0x0841,0x1082,0x0020,0x0000,0x1082,0x0861,0x0000,0x0861,0x0861,0x0020,0x0020,0x10A2,0x2945,
0x1082,0x10A2,0x10A2,0x10A2,0x0841,0x1082,0x18C3,0x2104,0x10A2,0x0861,0x18C3,0x10A2,0x1082,0x1082,0x1082,0x18C3,
0x18C3,0x0861,0x10A2,0x0841,0x10A2,0x1082,0x0020,0x31A6,0x1082,0x0861,0x1082,0x0841,0x0020,0x1082,0x10A2,0x0000,
0x18C3,0x2104,0x10A2,0x1082,0x0000,0x0861,0x1082,0x2124,0x31A6,0x0841,0x10A2,0x10A2,0x0000,0x0861,0x18C3,0x0861,
0x1082,0x1082,0x0841,0x0841,0x4228,0x10A2,0x0861,0x0020,0x0000,0x10A2,0x0841,0x0020,0x0841,0x0841,0x1082,0x1082,
0x1082,0x0000,0x0861,0x0000,0x0861,0x0841,0x0020,0x0020,0x0000,0x10A2,0x0841,0x1082,0x0000,0x2104,0x0020,0x0861,
0x0020,0x0861,0x0841,0x0861,0x0861,0x10A2,0x0861,0x1082,0x0861,0x1082,0x18C3,0x18E3,0x10A2,0x0861,0x10A2,0x0861,
0x10A2,0x18C3,0x10A2,0x18E3,0x2104,0x2965,0x9492,0x8410,0x4A49,0x18E3,0x18E3,0x0861,0x18E3,0x18C3,0x2965,0x2945,
0x18E3,0x2124,0x10A2,0x2945,0x2104,0x2945,0x2124,0x3186,0x2104,0x18E3,0x2124,0x2124,0x2124,0x18E3,0x18E3,0x18E3,
0x2124,0x2104,0x18C3,0x10A2,0x18E3,0x18C3,0x2124,0x18C3,0x18E3,0x18E3,0x2104,0x2124,0x2104,0x2945,0x2124,0x10A2,
0x18E3,0x10A2,0x18C3,0x18C3,0x18E3,0x18C3,0x18C3,0x18E3,0x18C3,0x31A6,0x3186,0x39E7,0x94B2,0x5ACB,0x2104,0x2945,
0x18E3,0x2124,0x2124,0x2104,0x2124,0x2104,0x2104,0x31A6,0x2965,0x2124,0x39C7,0x2124,0x2124,0x31A6,0x2945,0x2104,
0x18E3,0x39C7,0x39E7,0x632C,0x6B4D,0x8C51,0x8C51,0x8430,0x632C,0x6B6D,0x632C,0x6B4D,0x6B6D,0x632C,0x528A,0x52AA,
0x528A,0x52AA,0x4A69,0x5AEB,0x528A,0x632C,0x6B4D,0x6B4D,0x5ACB,0x4208,0x31A6,0x4208,0x4A49,0x4228,0x39E7,0x4228,
0x4A49,0x3186,0x2124,0x31A6,0x31A6,0x2104,0x2124,0x2124,0x31A6,0x2104,0x18C3,0x18E3,0x18C3,0x2945,0x1082,0x18C3,
0x10A2,0x18E3,0x2124,0x18E3,0x18E3,0x18E3,0x18C3,0x10A2,0x2124,0x2965,0x4208,0x8C51,0x7BEF,0x8430,0x8430,0x632C,
0x3186,0x2945,0x2124,0x2104,0x2124,0x2104,0x10A2,0x18E3,0x18C3,0x18E3,0x2104,0x1082,0x10A2,0x2104,0x10A2,0x2124,
0x0020,0x0000,0x0861,0x0020,0x10A2,0x2945,0x0841,0x1082,0x1082,0x10A2,0x18E3,0x10A2,0x10A2,0x18C3,0x10A2,0x18C3,
0x1082,0x0841,0x1082,0x18C3,0x1082,0x18C3,0x2124,0x2104,0x18C3,0x18E3,0x2124,0x18E3,0x2124,0x2945,0x2124,0x31A6,
0x4A49,0x3186,0x2104,0x31A6,0x18C3,0x2124,0x18E3,0x18E3,0x18C3,0x0861,0x18E3,0x2945,0x2945,0x2104,0x18E3,0x10A2,
0x0841,0x10A2,0x0020,0x0841,0x0841,0x0020,0x1082,0x0861,0x0861,0x0841,0x18C3,0x0861,0x0020,0x18E3,0x18E3,0x1082,
0x10A2,0x1082,0x0841,0x0020,0x0020,0x10A2,0x2104,0x2124,0x0861,0x0861,0x18E3,0x18E3,0x0861,0x0020,0x10A2,0x1082,
0x1082,0x0020,0x0861,0x0841,0x18C3,0x18C3,0x0861,0x2945,0x1082,0x1082,0x10A2,0x1082,0x1082,0x0020,0x10A2,0x1082,
0x0861,0x10A2,0x0861,0x0841,0x1082,0x1082,0x1082,0x1082,0x1082,0x0841,0x0020,0x0020,0x1082,0x10A2,0x0861,0x18C3,
0x1082,0x0841,0x10A2,0x0020,0x0861,0x0020,0x0020,0x10A2,0x0841,0x0841,0x0841,0x0020,0x0020,0x0841,0x0000,0x2124,
0x39C7,0x0000,0x0841,0x0861,0x0000,0x0020,0x0020,0x2945,0x39E7,0x0000,0x0020,0x0841,0x0841,0x0000,0x0000,0x1082,
0x0841,0x0020,0x0861,0x0020,0x0861,0x1082,0x1082,0x1082,0x1082,0x1082,0x18C3,0x5AEB,0x10A2,0x18C3,0x0861,0x10A2,
0x1082,0x0861,0x2104,0x2104,0x2104,0x3186,0x39E7,0x4A49,0x3186,0x10A2,0x18C3,0x18E3,0x0861,0x10A2,0x18E3,0x10A2,
0x18C3,0x18C3,0x10A2,0x2104,0x2124,0x2945,0x2104,0x2124,0x18C3,0x10A2,0x18C3,0x2104,0x18E3,0x18E3,0x10A2,0x18C3,
0x10A2,0x2945,0x18E3,0x18C3,0x10A2,0x2124,0x2945,0x18C3,0x18C3,0x10A2,0x18C3,0x2104,0x6B4D,0x39E7,0x2104,0x2124,
0x18E3,0x10A2,0x18E3,0x18E3,0x18C3,0x1082,0x10A2,0x18C3,0x2124,0x39C7,0x18E3,0x31A6,0x4A49,0x2965,0x2945,0x2104,
0x2945,0x31A6,0x2945,0x18E3,0x2965,0x2104,0x2124,0x31A6,0x2945,0x2104,0x2124,0x2104,0x31A6,0x2965,0x18E3,0x31A6,
0x39C7,0x39E7,0x6B4D,0x9492,0x632C,0x630C,0x8C71,0x6B4D,0x73AE,0x4A69,0x5ACB,0x528A,0x39C7,0x5ACB,0x5ACB,0x5ACB,
0x52AA,0x6B6D,0x6B4D,0x630C,0x6B6D,0x6B6D,0x52AA,0x4228,0x2104,0x2104,0x3186,0x4A69,0x39C7,0x4208,0x4A49,0x4208,
0x3186,0x2124,0x31A6,0x10A2,0x4228,0x31A6,0x2104,0x18C3,0x18C3,0x18C3,0x18E3,0x18C3,0x10A2,0x1082,0x10A2,0x2124,
0x2124,0x10A2,0x10A2,0x0841,0x1082,0x1082,0x18C3,0x2104,0x18C3,0x2945,0x4208,0x6B6D,0x8430,0x8430,0x8C51,0x52AA,
0x2124,0x18C3,0x18C3,0x2945,0x2104,0x18C3,0x18E3,0x0861,0x18C3,0x2104,0x10A2,0x18C3,0x2104,0x18C3,0x18E3,0x2124,
0x0020,0x1082,0x1082,0x0861,0x1082,0x0861,0x18C3,0x1082,0x0020,0x0861,0x1082,0x0861,0x1082,0x10A2,0x1082,0x1082,
0x18E3,0x1082,0x0861,0x18C3,0x10A2,0x1082,0x18C3,0x10A2,0x18C3,0x18C3,0x2945,0x2124,0x2124,0x2945,0x18E3,0x2104,
0x31A6,0x31A6,0x2104,0x39C7,0x39C7,0x2104,0x2124,0x2104,0x31A6,0x2104,0x10A2,0x18E3,0x31A6,0x2965,0x2124,0x2104,
0x10A2,0x0020,0x0841,0x1082,0x18E3,0x0000,0x0861,0x1082,0x1082,0x1082,0x2124,0x10A2,0x0841,0x18C3,0x10A2,0x0020,
0x0000,0x0020,0x0841,0x0841,0x0861,0x1082,0x18C3,0x10A2,0x18C3,0x18E3,0x10A2,0x1082,0x1082,0x0020,0x18C3,0x1082,
0x0861,0x0861,0x10A2,0x0861,0x10A2,0x10A2,0x1082,0x0861,0x10A2,0x10A2,0x0841,0x2104,0x18C3,0x1082,0x1082,0x1082,
0x0841,0x0841,0x0861,0x10A2,0x1082,0x18C3,0x18C3,0x0000,0x0000,0x0841,0x0861,0x10A2,0x18E3,0x0861,0x0020,0x18C3,
0x0861,0x10A2,0x10A2,0x10A2,0x0020,0x0000,0x1082,0x0861,0x0841,0x1082,0x0000,0x18E3,0x1082,0x0020,0x2124,0x18E3,
0x0020,0x0841,0x0841,0x0841,0x0841,0x0841,0x0841,0x1082,0x2104,0x0841,0x0020,0x1082,0x1082,0x4228,0x2124,0x0020,
0x0841,0x0020,0x0861,0x0861,0x1082,0x10A2,0x1082,0x0861,0x18E3,0x10A2,0x18C3,0x39C7,0x39C7,0x0861,0x0861,0x18E3,
0x10A2,0x0020,0x10A2,0x18C3,0x3186,0x4A49,0x2124,0x2104,0x2124,0x18E3,0x2965,0x10A2,0x2124,0x10A2,0x18E3,0x18C3,
0x18C3,0x18C3,0x31A6,0x39C7,0x2945,0x2945,0x18E3,0x2104,0x18C3,0x18C3,0x18E3,0x2104,0x10A2,0x18C3,0x2124,0x4228,
0x18C3,0x2104,0x18E3,0x18C3,0x10A2,0x18C3,0x10A2,0x10A2,0x18E3,0x18E3,0x18C3,0x2124,0x5AEB,0x2965,0x1082,0x2104,
0x2124,0x18C3,0x10A2,0x10A2,0x18C3,0x10A2,0x18E3,0x18C3,0x10A2,0x2104,0x2124,0x31A6,0x4A49,0x18E3,0x2945,0x31A6,
0x31A6,0x2104,0x39C7,0x2124,0x2104,0x2945,0x2124,0x2965,0x3186,0x2945,0x2104,0x2124,0x2965,0x2104,0x2124,0x31A6,
0x31A6,0x5ACB,0x632C,0x5AEB,0x8C51,0x8410,0x6B4D,0x632C,0x4A69,0x52AA,0x52AA,0x4228,0x5ACB,0x52AA,0x39E7,0x528A,
0x738E,0x630C,0x6B4D,0x6B4D,0x52AA,0x3186,0x2945,0x2965,0x31A6,0x31A6,0x4208,0x4228,0x4228,0x4228,0x4228,0x2965,
0x2965,0x18E3,0x2124,0x1082,0x18E3,0x10A2,0x39C7,0x2965,0x18C3,0x18E3,0x10A2,0x18E3,0x18E3,0x10A2,0x2104,0x2945,
0x18E3,0x1082,0x18C3,0x1082,0x18E3,0x1082,0x0861,0x0861,0x2124,0x4228,0x4228,0x4208,0x4A69,0x6B4D,0x39E7,0x4228,
0x39C7,0x18E3,0x2124,0x18E3,0x0861,0x18C3,0x18C3,0x18E3,0x10A2,0x2104,0x18C3,0x18C3,0x18E3,0x1082,0x18E3,0x2945,
0x0861,0x18C3,0x10A2,0x0861,0x0020,0x0020,0x0841,0x0020,0x0861,0x0841,0x0841,0x0861,0x1082,0x0861,0x0861,0x1082,
0x1082,0x10A2,0x0861,0x18E3,0x18C3,0x0861,0x1082,0x18C3,0x2945,0x10A2,0x2124,0x2965,0x18E3,0x2124,0x2945,0x2945,
0x2104,0x18C3,0x31A6,0x2124,0x2104,0x2945,0x10A2,0x18E3,0x10A2,0x39C7,0x2945,0x2124,0x39C7,0x18E3,0x2104,0x2945,
0x2104,0x0861,0x1082,0x0020,0x0000,0x0841,0x0020,0x0861,0x2104,0x0841,0x0861,0x1082,0x1082,0x10A2,0x0861,0x0841,
0x1082,0x1082,0x1082,0x0841,0x0020,0x0020,0x1082,0x10A2,0x18C3,0x3186,0x18C3,0x0861,0x10A2,0x0841,0x1082,0x18C3,
0x10A2,0x1082,0x0861,0x10A2,0x0861,0x0020,0x1082,0x10A2,0x1082,0x1082,0x0841,0x10A2,0x18C3,0x1082,0x0841,0x0000,
0x0841,0x1082,0x0861,0x1082,0x0000,0x1082,0x0861,0x1082,0x10A2,0x0861,0x18C3,0x18E3,0x0020,0x0020,0x1082,0x0841,
0x1082,0x0841,0x10A2,0x1082,0x10A2,0x18C3,0x0020,0x0841,0x0020,0x0020,0x0841,0x0841,0x0841,0x10A2,0x1082,0x0020,
0x31A6,0x0861,0x0020,0x0000,0x1082,0x0020,0x0861,0x18C3,0x0861,0x0841,0x0020,0x0000,0x0000,0x2945,0x1082,0x0020,
0x0841,0x0000,0x10A2,0x0861,0x18C3,0x0861,0x1082,0x1082,0x1082,0x18E3,0x0841,0x1082,0x2124,0x1082,0x0861,0x18C3,
0x1082,0x18C3,0x2124,0x18C3,0x10A2,0x0861,0x2945,0x18C3,0x18C3,0x10A2,0x10A2,0x10A2,0x10A2,0x18E3,0x18E3,0x2104,
0x2965,0x18E3,0x2104,0x2104,0x0861,0x2124,0x2104,0x2945,0x18C3,0x18C3,0x18C3,0x18E3,0x1082,0x10A2,0x18C3,0x39C7,
0x31A6,0x2104,0x2104,0x2124,0x2965,0x1082,0x0861,0x2104,0x10A2,0x18C3,0x1082,0x18E3,0x0861,0x2104,0x18C3,0x18E3,
0x2124,0x18C3,0x18C3,0x18C3,0x18E3,0x18C3,0x2104,0x18C3,0x18E3,0x18C3,0x18C3,0x18E3,0x1082,0x31A6,0x2124,0x18E3,
0x2104,0x2124,0x2104,0x2124,0x2945,0x18C3,0x3186,0x2124,0x2124,0x2104,0x2124,0x2945,0x2104,0x2124,0x39C7,0x18E3,
0x528A,0x632C,0x8C71,0x9492,0x8410,0x6B4D,0x632C,0x5ACB,0x52AA,0x5ACB,0x52AA,0x528A,0x52AA,0x4228,0x5ACB,0x52AA,
0x4A69,0x5ACB,0x4228,0x2124,0x10A2,0x18C3,0x1082,0x2104,0x18C3,0x2104,0x4A49,0x39E7,0x3186,0x18E3,0x39C7,0x2124,
0x2945,0x1082,0x0861,0x18E3,0x10A2,0x18C3,0x0861,0x2965,0x2104,0x2124,0x0841,0x18C3,0x18C3,0x18C3,0x18C3,0x10A2,
0x18C3,0x10A2,0x18E3,0x1082,0x18C3,0x18C3,0x18E3,0x18C3,0x2124,0x2104,0x2124,0x10A2,0x39C7,0x4228,0x2124,0x18C3,
0x18E3,0x2945,0x3186,0x2945,0x18E3,0x10A2,0x1082,0x1082,0x18C3,0x10A2,0x2104,0x0861,0x1082,0x18E3,0x18C3,0x2124,
0x10A2,0x1082,0x1082,0x0861,0x10A2,0x18E3,0x0020,0x10A2,0x1082,0x1082,0x0841,0x1082,0x1082,0x0841,0x1082,0x1082,
0x0861,0x2124,0x10A2,0x18C3,0x10A2,0x1082,0x0861,0x18C3,0x1082,0x2104,0x18C3,0x1082,0x10A2,0x2124,0x2104,0x2104,
0x2965,0x31A6,0x39C7,0x31A6,0x10A2,0x2124,0x2945,0x10A2,0x10A2,0x2945,0x10A2,0x1082,0x31A6,0x2124,0x2945,0x2104,
0x2104,0x18C3,0x0000,0x0861,0x0861,0x1082,0x1082,0x0841,0x0020,0x1082,0x18E3,0x10A2,0x0841,0x0861,0x1082,0x0861,
0x1082,0x0861,0x0841,0x1082,0x1082,0x18C3,0x10A2,0x0861,0x0861,0x2104,0x18E3,0x0861,0x1082,0x0861,0x0020,0x1082,
0x0861,0x1082,0x0841,0x1082,0x1082,0x1082,0x10A2,0x0861,0x0841,0x0841,0x1082,0x0861,0x10A2,0x10A2,0x2104,0x1082,
0x1082,0x0861,0x0861,0x0000,0x2124,0x18E3,0x10A2,0x18C3,0x1082,0x0861,0x1082,0x0020,0x0841,0x10A2,0x1082,0x0841,
0x18C3,0x10A2,0x0841,0x0861,0x0841,0x0841,0x0020,0x0841,0x10A2,0x0841,0x0020,0x0000,0x1082,0x0861,0x0841,0x18E3,
0x4A49,0x10A2,0x18C3,0x0841,0x0020,0x0861,0x1082,0x0841,0x0020,0x0841,0x18C3,0x1082,0x0841,0x0861,0x0020,0x1082,
0x0841,0x10A2,0x10A2,0x10A2,0x0861,0x2104,0x10A2,0x1082,0x1082,0x18E3,0x10A2,0x18E3,0x2945,0x10A2,0x2104,0x18C3,
0x10A2,0x2104,0x2104,0x18C3,0x2124,0x2965,0x2104,0x2104,0x18E3,0x0861,0x18C3,0x0861,0x18C3,0x10A2,0x2124,0x2104,
0x2104,0x18C3,0x10A2,0x2104,0x2124,0x2965,0x2124,0x10A2,0x2945,0x18C3,0x10A2,0x10A2,0x2104,0x2124,0x0861,0x0841,
0x18C3,0x2124,0x18E3,0x10A2,0x18E3,0x1082,0x10A2,0x1082,0x2104,0x10A2,0x18E3,0x18E3,0x10A2,0x0861,0x10A2,0x0861,
0x18E3,0x2104,0x2965,0x2104,0x18C3,0x1082,0x2945,0x2124,0x18E3,0x18C3,0x18C3,0x10A2,0x2104,0x2965,0x2124,0x31A6,
0x2104,0x2945,0x2124,0x18E3,0x3186,0x2104,0x2104,0x2124,0x2945,0x2124,0x2104,0x2104,0x2945,0x2124,0x31A6,0x4228,
0x630C,0x9492,0x8410,0x5AEB,0x6B4D,0x5ACB,0x528A,0x52AA,0x5ACB,0x39C7,0x5AEB,0x5ACB,0x4208,0x39E7,0x4208,0x4208,
0x4208,0x31A6,0x2124,0x18C3,0x0861,0x18C3,0x1082,0x10A2,0x18E3,0x18E3,0x2965,0x4A69,0x2124,0x2945,0x2104,0x2124,
0x31A6,0x18E3,0x10A2,0x1082,0x18C3,0x10A2,0x18E3,0x1082,0x18E3,0x31A6,0x2124,0x2104,0x1082,0x1082,0x10A2,0x18E3,
0x1082,0x1082,0x10A2,0x0020,0x1082,0x18C3,0x2104,0x18E3,0x18E3,0x1082,0x0841,0x18C3,0x10A2,0x2104,0x2104,0x1082,
0x10A2,0x18C3,0x2104,0x3186,0x2124,0x3186,0x4228,0x18C3,0x18E3,0x18E3,0x10A2,0x18C3,0x18C3,0x2124,0x2945,0x2104,
0x0861,0x0841,0x0841,0x0000,0x2945,0x0841,0x0000,0x0841,0x0020,0x10A2,0x1082,0x1082,0x0861,0x0841,0x1082,0x1082,
0x10A2,0x39E7,0x2104,0x1082,0x1082,0x1082,0x0861,0x18C3,0x18E3,0x18C3,0x18C3,0x2124,0x18E3,0x2104,0x2124,0x18E3,
0x2104,0x3186,0x2104,0x3186,0x2124,0x18C3,0x2124,0x18C3,0x18E3,0x10A2,0x2124,0x2945,0x3186,0x2104,0x2124,0x2124,
0x1082,0x0020,0x0861,0x0020,0x0841,0x0020,0x0020,0x0841,0x1082,0x18C3,0x1082,0x0861,0x0841,0x0861,0x1082,0x1082,
0x0861,0x0861,0x0020,0x1082,0x0841,0x1082,0x0861,0x10A2,0x10A2,0x0861,0x18C3,0x1082,0x0841,0x18E3,0x0861,0x0841,
0x0020,0x1082,0x0861,0x10A2,0x1082,0x0861,0x0841,0x1082,0x1082,0x0861,0x1082,0x10A2,0x0841,0x2124,0x3186,0x2124,
0x18C3,0x0020,0x0841,0x0861,0x18C3,0x18C3,0x0841,0x0861,0x2124,0x18E3,0x4208,0x31A6,0x1082,0x0861,0x0020,0x1082,
0x18C3,0x1082,0x1082,0x18C3,0x0841,0x2104,0x1082,0x0861,0x0861,0x0020,0x1082,0x0841,0x0020,0x0020,0x0861,0x0841,
0x0020,0x10A2,0x1082,0x1082,0x0020,0x0020,0x10A2,0x1082,0x0841,0x0000,0x0861,0x10A2,0x0000,0x0861,0x0861,0x1082,
0x0861,0x0841,0x18C3,0x18C3,0x2945,0x1082,0x1082,0x1082,0x18E3,0x18C3,0x0841,0x18C3,0x2124,0x10A2,0x2124,0x2124,
0x2124,0x10A2,0x2945,0x2945,0x2965,0x18E3,0x39C7,0x2104,0x18C3,0x18C3,0x18C3,0x10A2,0x2945,0x2124,0x2104,0x31A6,
0x18C3,0x18E3,0x10A2,0x10A2,0x2124,0x1082,0x2124,0x18E3,0x2104,0x18E3,0x18E3,0x10A2,0x18E3,0x2124,0x1082,0x1082,
0x0861,0x2945,0x18C3,0x18E3,0x18C3,0x10A2,0x18E3,0x10A2,0x0841,0x2104,0x18E3,0x0841,0x18E3,0x18C3,0x10A2,0x18E3,
0x3186,0x2124,0x2104,0x18C3,0x2104,0x2945,0x4208,0x3186,0x10A2,0x18E3,0x18E3,0x31A6,0x2945,0x2104,0x2124,0x2104,
0x2124,0x18E3,0x2104,0x18C3,0x2124,0x2124,0x2124,0x2124,0x3186,0x2965,0x31A6,0x2945,0x2104,0x3186,0x52AA,0x6B4D,
0x8C51,0x632C,0x6B4D,0x52AA,0x5ACB,0x52AA,0x52AA,0x52AA,0x52AA,0x528A,0x52AA,0x528A,0x52AA,0x31A6,0x2104,0x31A6,
0x31A6,0x2104,0x2124,0x2124,0x31A6,0x2104,0x1082,0x1082,0x10A2,0x39C7,0x3186,0x3186,0x2104,0x39C7,0x10A2,0x18C3,
0x18C3,0x0861,0x10A2,0x0861,0x18E3,0x0861,0x0861,0x18E3,0x0861,0x2124,0x2124,0x1082,0x0861,0x1082,0x10A2,0x18C3,
0x1082,0x0020,0x0841,0x0020,0x10A2,0x10A2,0x1082,0x0861,0x18C3,0x0861,0x0841,0x0020,0x10A2,0x18C3,0x0861,0x1082,
0x1082,0x18C3,0x2945,0x2104,0x2104,0x31A6,0x3186,0x18C3,0x18C3,0x0861,0x18E3,0x2124,0x10A2,0x2945,0x18E3,0x2945,
0x0841,0x0000,0x0861,0x0020,0x1082,0x18E3,0x0841,0x1082,0x0020,0x0841,0x0020,0x0841,0x0861,0x0000,0x18C3,0x0861,
0x1082,0x10A2,0x0861,0x1082,0x18E3,0x18C3,0x18C3,0x1082,0x18E3,0x2104,0x2124,0x18E3,0x18C3,0x18E3,0x10A2,0x31A6,
0x4228,0x18E3,0x31A6,0x2945,0x2945,0x10A2,0x18E3,0x18C3,0x18C3,0x18C3,0x3186,0x2104,0x2124,0x2124,0x31A6,0x2104,
0x18C3,0x18C3,0x18C3,0x0841,0x0841,0x0841,0x0020,0x10A2,0x1082,0x1082,0x1082,0x0861,0x1082,0x18C3,0x1082,0x1082,
0x0841,0x1082,0x0000,0x18C3,0x0020,0x0020,0x10A2,0x18E3,0x10A2,0x2104,0x2124,0x18C3,0x1082,0x0000,0x0841,0x0020,
0x1082,0x10A2,0x0020,0x0861,0x1082,0x1082,0x0861,0x1082,0x10A2,0x0861,0x1082,0x1082,0x1082,0x0841,0x0861,0x0861,
0x2124,0x2124,0x1082,0x10A2,0x0000,0x10A2,0x1082,0x0000,0x18E3,0x0841,0x4228,0x4A49,0x0000,0x10A2,0x0841,0x18C3,
0x0841,0x0841,0x0861,0x18E3,0x0841,0x4228,0x31A6,0x0841,0x1082,0x0841,0x0020,0x10A2,0x0841,0x0841,0x0020,0x0841,
0x0020,0x0861,0x0841,0x2124,0x18C3,0x1082,0x0000,0x18E3,0x1082,0x1082,0x0841,0x1082,0x1082,0x0841,0x0861,0x10A2,
0x0020,0x1082,0x18C3,0x4A49,0x2104,0x0861,0x1082,0x10A2,0x18C3,0x18C3,0x1082,0x2124,0x18C3,0x18E3,0x0861,0x18E3,
0x2104,0x31A6,0x2124,0x18E3,0x2965,0x31A6,0x4A49,0x2104,0x18E3,0x18C3,0x2104,0x3186,0x2945,0x2124,0x18C3,0x2124,
0x10A2,0x2104,0x2124,0x10A2,0x2124,0x18C3,0x18C3,0x18C3,0x18E3,0x2965,0x2945,0x10A2,0x1082,0x10A2,0x2945,0x1082,
0x1082,0x18C3,0x2104,0x0861,0x1082,0x18C3,0x18C3,0x1082,0x1082,0x0861,0x10A2,0x1082,0x18C3,0x18E3,0x10A2,0x18E3,
0x2124,0x10A2,0x18C3,0x18C3,0x10A2,0x18E3,0x2124,0x18C3,0x1082,0x0861,0x18C3,0x2945,0x10A2,0x2945,0x2124,0x2124,
0x2124,0x2124,0x2124,0x2124,0x2124,0x2104,0x2124,0x2945,0x2124,0x2965,0x39C7,0x2965,0x4208,0x738E,0x632C,0x6B6D,
0x6B4D,0x52AA,0x632C,0x52AA,0x5ACB,0x52AA,0x528A,0x52AA,0x528A,0x5AEB,0x528A,0x4208,0x3186,0x2104,0x31A6,0x2124,
0x2124,0x18C3,0x18C3,0x18E3,0x31A6,0x2104,0x18E3,0x18C3,0x18E3,0x18E3,0x3186,0x3186,0x18C3,0x18C3,0x18C3,0x18C3,
0x0861,0x18C3,0x1082,0x0861,0x18E3,0x18C3,0x0861,0x18E3,0x18C3,0x10A2,0x10A2,0x18E3,0x18C3,0x0861,0x0841,0x1082,
0x0020,0x0841,0x0020,0x1082,0x1082,0x0020,0x0861,0x0020,0x10A2,0x1082,0x10A2,0x1082,0x1082,0x18C3,0x18E3,0x18C3,
0x0861,0x18E3,0x2124,0x2104,0x18E3,0x1082,0x2945,0x18E3,0x18C3,0x18C3,0x18E3,0x2124,0x2124,0x10A2,0x18E3,0x18C3,
0x0841,0x18C3,0x0841,0x0020,0x0861,0x0861,0x0020,0x0861,0x0841,0x0000,0x0861,0x0861,0x0020,0x10A2,0x0020,0x0841,
0x0861,0x10A2,0x0861,0x1082,0x18C3,0x18E3,0x2965,0x18E3,0x0861,0x18E3,0x18E3,0x0841,0x18E3,0x10A2,0x10A2,0x31A6,
0x3186,0x4A69,0x31A6,0x18E3,0x10A2,0x2124,0x18E3,0x10A2,0x18C3,0x2104,0x4A69,0x3186,0x2104,0x18C3,0x3186,0x2945,
0x18E3,0x10A2,0x1082,0x0861,0x0020,0x0841,0x0841,0x1082,0x1082,0x0841,0x18C3,0x18E3,0x18C3,0x10A2,0x0841,0x10A2,
0x0000,0x0841,0x2104,0x2945,0x18E3,0x3186,0x2124,0x3186,0x1082,0x18C3,0x18C3,0x0841,0x0841,0x0841,0x0861,0x1082,
0x10A2,0x0861,0x0841,0x0861,0x1082,0x10A2,0x1082,0x0861,0x0841,0x0861,0x10A2,0x0841,0x2124,0x4228,0x1082,0x0000,
0x18C3,0x10A2,0x18C3,0x1082,0x0841,0x0020,0x18C3,0x10A2,0x0020,0x18C3,0x0020,0x0841,0x0841,0x0841,0x0841,0x0841,
0x0841,0x0020,0x0841,0x18C3,0x10A2,0x18E3,0x0841,0x0861,0x2124,0x18C3,0x0020,0x1082,0x0020,0x0861,0x1082,0x0000,
0x0841,0x0020,0x0841,0x10A2,0x0861,0x18E3,0x10A2,0x0000,0x0841,0x0861,0x1082,0x0841,0x10A2,0x0841,0x0861,0x0020,
0x1082,0x1082,0x1082,0x2945,0x18C3,0x1082,0x1082,0x1082,0x0861,0x2104,0x10A2,0x2965,0x2124,0x1082,0x18C3,0x2124,
0x2104,0x31A6,0x31A6,0x4A49,0x2945,0x39E7,0x52AA,0x4208,0x3186,0x4208,0x39E7,0x2124,0x10A2,0x2124,0x18E3,0x18C3,
0x18C3,0x18C3,0x2945,0x18E3,0x2965,0x10A2,0x1082,0x18E3,0x1082,0x2104,0x4208,0x2945,0x1082,0x18E3,0x2945,0x0841,
0x18E3,0x0861,0x0861,0x1082,0x1082,0x18E3,0x18C3,0x18C3,0x2124,0x10A2,0x1082,0x1082,0x18C3,0x18C3,0x18C3,0x2104,
0x10A2,0x18E3,0x10A2,0x2104,0x10A2,0x18C3,0x1082,0x10A2,0x2104,0x18E3,0x18C3,0x10A2,0x18E3,0x18C3,0x2104,0x2124,
0x4228,0x31A6,0x2124,0x2124,0x18C3,0x4228,0x3186,0x18E3,0x3186,0x4A69,0x2945,0x5ACB,0x6B6D,0x39E7,0x4228,0x4A49,
0x6B4D,0x6B4D,0x5ACB,0x528A,0x3186,0x3186,0x3186,0x31A6,0x3186,0x3186,0x3186,0x3186,0x2965,0x2124,0x31A6,0x2965,
0x10A2,0x10A2,0x1082,0x0841,0x1082,0x18C3,0x18E3,0x18E3,0x18C3,0x0020,0x31A6,0x4A69,0x0861,0x18C3,0x31A6,0x2104,
0x18E3,0x2124,0x2124,0x0861,0x10A2,0x0841,0x0861,0x1082,0x0861,0x1082,0x0841,0x2104,0x18C3,0x18E3,0x0000,0x0020,
0x0000,0x0841,0x0861,0x1082,0x0841,0x0841,0x1082,0x0020,0x0020,0x1082,0x2104,0x10A2,0x10A2,0x18E3,0x18E3,0x18C3,
0x1082,0x10A2,0x2124,0x2104,0x18C3,0x2104,0x10A2,0x10A2,0x2124,0x2945,0x2124,0x2124,0x18C3,0x2104,0x10A2,0x18C3,
0x0000,0x2104,0x0861,0x0841,0x0841,0x0020,0x1082,0x0000,0x0841,0x0861,0x0841,0x10A2,0x0841,0x0861,0x0020,0x10A2,
0x10A2,0x0861,0x10A2,0x0861,0x0861,0x0861,0x18E3,0x39C7,0x0861,0x2104,0x0841,0x18E3,0x18E3,0x10A2,0x2104,0x18E3,
0x2104,0x3186,0x18E3,0x3186,0x4228,0x2124,0x10A2,0x18E3,0x18E3,0x10A2,0x2124,0x39C7,0x3186,0x2104,0x31A6,0x3186,
0x2124,0x1082,0x1082,0x2104,0x0861,0x0841,0x0841,0x1082,0x0861,0x18C3,0x18E3,0x18E3,0x18C3,0x1082,0x1082,0x0861,
0x0841,0x0861,0x18E3,0x31A6,0x18E3,0x18C3,0x1082,0x2945,0x1082,0x18E3,0x2104,0x1082,0x1082,0x0841,0x0020,0x0841,
0x0861,0x0000,0x18C3,0x18C3,0x0861,0x1082,0x10A2,0x18E3,0x1082,0x1082,0x0020,0x0020,0x10A2,0x4A69,0x0841,0x0861,
0x0020,0x0020,0x0020,0x1082,0x0841,0x0020,0x0841,0x0020,0x0861,0x0841,0x0841,0x10A2,0x0861,0x1082,0x18E3,0x0861,
0x0861,0x0861,0x10A2,0x1082,0x1082,0x1082,0x0841,0x0020,0x0861,0x1082,0x0020,0x0861,0x0020,0x0020,0x0020,0x1082,
0x1082,0x0861,0x0841,0x0020,0x0020,0x1082,0x10A2,0x1082,0x10A2,0x0841,0x0841,0x0861,0x0841,0x0020,0x0020,0x10A2,
0x18E3,0x18C3,0x1082,0x0861,0x1082,0x1082,0x1082,0x1082,0x18E3,0x10A2,0x10A2,0x18E3,0x3186,0x2124,0x18E3,0x18C3,
0x1082,0x1082,0x2104,0x4228,0x6B4D,0x8430,0x8C71,0x632C,0x52AA,0x2965,0x18E3,0x2945,0x2104,0x18C3,0x10A2,0x18E3,
0x18E3,0x2104,0x18C3,0x18C3,0x2124,0x18C3,0x2124,0x18C3,0x18C3,0x10A2,0x2104,0x1082,0x1082,0x1082,0x0020,0x18C3,
0x1082,0x18C3,0x10A2,0x10A2,0x0861,0x10A2,0x1082,0x18C3,0x1082,0x1082,0x18C3,0x18C3,0x18C3,0x18C3,0x2124,0x2124,
0x18C3,0x18E3,0x2104,0x2104,0x2124,0x18C3,0x18C3,0x2104,0x2124,0x2104,0x1082,0x10A2,0x31A6,0x18C3,0x2124,0x31A6,
0x18E3,0x2124,0x2104,0x2104,0x2104,0x2945,0x18E3,0x39C7,0x3186,0x528A,0x738E,0x632C,0x3186,0x3186,0x4A49,0x5AEB,
0x528A,0x4208,0x4208,0x31A6,0x2945,0x2104,0x2124,0x2124,0x3186,0x3186,0x39C7,0x31A6,0x18E3,0x18C3,0x2124,0x31A6,
0x2124,0x10A2,0x10A2,0x10A2,0x1082,0x1082,0x0841,0x1082,0x2965,0x18C3,0x1082,0x18E3,0x10A2,0x2945,0x31A6,0x4A49,
0x2104,0x18C3,0x18C3,0x0841,0x1082,0x0861,0x1082,0x0020,0x0861,0x0861,0x10A2,0x0841,0x0841,0x0000,0x0841,0x10A2,
0x0020,0x10A2,0x0000,0x0000,0x10A2,0x0000,0x0000,0x4A49,0x39C7,0x0020,0x0841,0x18C3,0x2104,0x2104,0x2104,0x1082,
0x18E3,0x18C3,0x4208,0x31A6,0x18E3,0x10A2,0x2104,0x31A6,0x31A6,0x2104,0x2124,0x10A2,0x18E3,0x10A2,0x10A2,0x2945,
0x0841,0x0861,0x0020,0x0841,0x0841,0x1082,0x0000,0x18E3,0x0861,0x18E3,0x1082,0x1082,0x0020,0x1082,0x18C3,0x0000,
0x1082,0x10A2,0x0861,0x1082,0x10A2,0x0841,0x10A2,0x1082,0x10A2,0x1082,0x18C3,0x18E3,0x18C3,0x10A2,0x18E3,0x1082,
0x18E3,0x18E3,0x2124,0x4228,0x5ACB,0x2124,0x2104,0x10A2,0x18E3,0x18C3,0x10A2,0x3186,0x39C7,0x10A2,0x31A6,0x3186,
0x2124,0x10A2,0x1082,0x18C3,0x0841,0x0841,0x1082,0x18C3,0x18C3,0x1082,0x10A2,0x5ACB,0x5ACB,0x10A2,0x0861,0x10A2,
0x1082,0x1082,0x0841,0x18E3,0x10A2,0x18C3,0x1082,0x0861,0x1082,0x2124,0x18E3,0x1082,0x1082,0x0020,0x0841,0x1082,
0x1082,0x0020,0x1082,0x1082,0x1082,0x0841,0x0841,0x0861,0x18E3,0x1082,0x18C3,0x0841,0x0841,0x0000,0x0020,0x1082,
0x1082,0x1082,0x18C3,0x0841,0x0841,0x0000,0x10A2,0x1082,0x2945,0x0000,0x10A2,0x18C3,0x0000,0x0020,0x0841,0x2124,
0x0841,0x0000,0x0861,0x0861,0x0861,0x0861,0x1082,0x0841,0x0841,0x18C3,0x0861,0x0020,0x0861,0x18E3,0x0861,0x10A2,
0x10A2,0x0020,0x0000,0x0861,0x10A2,0x1082,0x0841,0x0861,0x18C3,0x1082,0x0841,0x0841,0x0841,0x18E3,0x0861,0x0020,
0x1082,0x2104,0x2124,0x10A2,0x2124,0x18C3,0x1082,0x1082,0x10A2,0x1082,0x2104,0x18E3,0x2124,0x18C3,0x18C3,0x2124,
0x2945,0x39C7,0x39C7,0x39C7,0x8C51,0x8430,0x8410,0x8430,0x6B6D,0x4228,0x39C7,0x3186,0x18E3,0x2965,0x31A6,0x2104,
0x3186,0x2124,0x2104,0x10A2,0x1082,0x2104,0x10A2,0x1082,0x2104,0x1082,0x18E3,0x0861,0x0861,0x18E3,0x10A2,0x0861,
0x1082,0x18E3,0x1082,0x0861,0x10A2,0x10A2,0x0020,0x10A2,0x0861,0x1082,0x18C3,0x2945,0x2124,0x2124,0x2945,0x18E3,
0x18C3,0x18C3,0x2945,0x10A2,0x18C3,0x10A2,0x2104,0x0841,0x1082,0x10A2,0x0861,0x18E3,0x31A6,0x2945,0x2104,0x3186,
0x2945,0x2124,0x31A6,0x2124,0x2965,0x2965,0x2124,0x31A6,0x52AA,0x6B6D,0x52AA,0x2965,0x2965,0x2945,0x18C3,0x4228,
0x4228,0x3186,0x4228,0x4208,0x18E3,0x18E3,0x10A2,0x31A6,0x39C7,0x31A6,0x2965,0x3186,0x18E3,0x2124,0x2104,0x2124,
0x5ACB,0x2104,0x0841,0x0841,0x10A2,0x18E3,0x1082,0x10A2,0x1082,0x18C3,0x0861,0x1082,0x1082,0x18E3,0x10A2,0x3186,
0x39C7,0x18C3,0x0020,0x0841,0x0020,0x0861,0x0861,0x0841,0x0020,0x0841,0x0020,0x0841,0x0020,0x0841,0x0020,0x0841,
0x0841,0x0841,0x0020,0x0020,0x0861,0x1082,0x10A2,0x3186,0x2945,0x0000,0x0020,0x0861,0x10A2,0x2124,0x39E7,0x3186,
0x2124,0x39C7,0x39E7,0x528A,0x31A6,0x2945,0x4228,0x4208,0x2124,0x18E3,0x18C3,0x2124,0x2965,0x2104,0x10A2,0x2945,
0x0841,0x0000,0x0841,0x0020,0x0861,0x10A2,0x5AEB,0x2965,0x1082,0x1082,0x0861,0x0000,0x0841,0x1082,0x0861,0x39E7,
0x18C3,0x0020,0x0861,0x1082,0x1082,0x18E3,0x10A2,0x1082,0x0841,0x2104,0x18C3,0x18C3,0x18C3,0x0861,0x18C3,0x18E3,
0x0861,0x18C3,0x18E3,0x2945,0x2104,0x18E3,0x18E3,0x10A2,0x10A2,0x18E3,0x18E3,0x18C3,0x31A6,0x18C3,0x31A6,0x39C7,
0x10A2,0x10A2,0x1082,0x0841,0x0020,0x10A2,0x10A2,0x0861,0x10A2,0x10A2,0x10A2,0x2965,0x3186,0x18E3,0x18C3,0x1082,
0x10A2,0x2124,0x2124,0x10A2,0x18C3,0x4228,0x3186,0x0841,0x0861,0x2124,0x1082,0x0861,0x0861,0x0020,0x1082,0x1082,
0x0020,0x0841,0x0020,0x0020,0x10A2,0x1082,0x18C3,0x1082,0x10A2,0x0861,0x0000,0x1082,0x1082,0x1082,0x0841,0x0000,
0x1082,0x1082,0x0841,0x0000,0x0020,0x0861,0x10A2,0x0020,0x2945,0x0841,0x18C3,0x2965,0x0841,0x0020,0x0861,0x1082,
0x0020,0x0861,0x0020,0x0841,0x1082,0x0861,0x0841,0x0841,0x0020,0x0861,0x0841,0x1082,0x1082,0x0841,0x0020,0x0020,
0x1082,0x0841,0x1082,0x18E3,0x0000,0x0020,0x0861,0x0861,0x0861,0x1082,0x2104,0x1082,0x0861,0x0841,0x0861,0x1082,
0x0861,0x18C3,0x1082,0x0861,0x2945,0x18C3,0x18C3,0x10A2,0x1082,0x10A2,0x0020,0x18C3,0x2945,0x18C3,0x18E3,0x18C3,
0x18E3,0x10A2,0x18E3,0x4A49,0x6B4D,0x8430,0x8C51,0x8C51,0x528A,0x3186,0x2104,0x18E3,0x18C3,0x2104,0x2965,0x2104,
0x31A6,0x2945,0x10A2,0x18E3,0x10A2,0x0841,0x2104,0x18C3,0x10A2,0x1082,0x18E3,0x18C3,0x1082,0x10A2,0x1082,0x0861,
0x0861,0x18C3,0x18C3,0x1082,0x18E3,0x18E3,0x10A2,0x1082,0x18C3,0x18C3,0x18C3,0x2965,0x18E3,0x18C3,0x18C3,0x18C3,
0x18C3,0x10A2,0x18C3,0x2124,0x2104,0x18E3,0x18C3,0x10A2,0x1082,0x18C3,0x18E3,0x18E3,0x2124,0x3186,0x2124,0x2104,
0x2124,0x2124,0x3186,0x18E3,0x2104,0x39C7,0x2965,0x5ACB,0x6B4D,0x4228,0x10A2,0x18E3,0x18C3,0x1082,0x2945,0x4228,
0x4228,0x2965,0x39E7,0x3186,0x18E3,0x18E3,0x18E3,0x39C7,0x18E3,0x2124,0x2104,0x39C7,0x2104,0x18C3,0x18C3,0x18E3,
0x2124,0x18E3,0x2124,0x10A2,0x1082,0x10A2,0x1082,0x1082,0x0020,0x1082,0x1082,0x10A2,0x1082,0x2124,0x31A6,0x5ACB,
0x31A6,0x18E3,0x1082,0x18C3,0x0020,0x0020,0x0020,0x0841,0x0841,0x0841,0x0020,0x0841,0x0861,0x1082,0x0841,0x0000,
0x0020,0x0000,0x0861,0x0841,0x0000,0x1082,0x18C3,0x0020,0x0841,0x1082,0x1082,0x0020,0x0861,0x0861,0x18C3,0x3186,
0x5ACB,0x632C,0x8C51,0x632C,0x6B6D,0x52AA,0x31A6,0x2945,0x10A2,0x18C3,0x0861,0x18C3,0x2104,0x2104,0x10A2,0x18C3,
0x0841,0x0841,0x0861,0x0020,0x1082,0x1082,0x7BCF,0x2104,0x1082,0x0000,0x2945,0x31A6,0x0020,0x18C3,0x0861,0x10A2,
0x2124,0x39C7,0x10A2,0x1082,0x0861,0x1082,0x10A2,0x1082,0x0861,0x1082,0x18E3,0x18C3,0x0861,0x2104,0x0861,0x18C3,
0x10A2,0x18C3,0x0861,0x18C3,0x10A2,0x18E3,0x18C3,0x2965,0x2124,0x2104,0x18E3,0x10A2,0x2124,0x2124,0x18C3,0x2945,
0x10A2,0x0861,0x10A2,0x0861,0x0861,0x1082,0x0861,0x1082,0x10A2,0x0861,0x18C3,0x10A2,0x10A2,0x18E3,0x0861,0x10A2,
0x0841,0x18E3,0x18E3,0x10A2,0x18C3,0x2104,0x2124,0x0841,0x1082,0x2104,0x0861,0x0861,0x1082,0x0841,0x0861,0x0020,
0x0861,0x2104,0x10A2,0x0020,0x0861,0x0861,0x1082,0x0841,0x0000,0x0841,0x1082,0x0861,0x18C3,0x0861,0x0020,0x0861,
0x0000,0x18C3,0x1082,0x1082,0x0000,0x0861,0x0841,0x0841,0x1082,0x10A2,0x0020,0x0020,0x0000,0x0841,0x0841,0x1082,
0x0841,0x1082,0x0841,0x1082,0x1082,0x10A2,0x0861,0x0000,0x0841,0x0020,0x0020,0x2945,0x10A2,0x0000,0x2965,0x18E3,
0x18E3,0x1082,0x0020,0x0861,0x0020,0x0861,0x0861,0x0841,0x18E3,0x0020,0x0861,0x10A2,0x18C3,0x0841,0x0861,0x10A2,
0x0841,0x18E3,0x18E3,0x10A2,0x18E3,0x0861,0x2124,0x31A6,0x0861,0x1082,0x0861,0x18E3,0x2124,0x18C3,0x10A2,0x10A2,
0x1082,0x2965,0x3186,0x4208,0x39E7,0x5ACB,0x52AA,0x528A,0x4208,0x4228,0x31A6,0x2124,0x2124,0x18C3,0x18C3,0x18C3,
0x10A2,0x0841,0x18E3,0x18E3,0x2945,0x18C3,0x18C3,0x0861,0x1082,0x2945,0x2104,0x10A2,0x18C3,0x2104,0x18C3,0x18C3,
0x2965,0x18E3,0x18E3,0x0861,0x0841,0x0841,0x10A2,0x10A2,0x10A2,0x18E3,0x10A2,0x18C3,0x1082,0x2104,0x2104,0x18C3,
0x18E3,0x18C3,0x18C3,0x2945,0x31A6,0x18E3,0x18C3,0x39C7,0x2945,0x10A2,0x2104,0x18C3,0x2104,0x2124,0x2945,0x2124,
0x2124,0x18E3,0x2945,0x31A6,0x2104,0x3186,0x6B4D,0x632C,0x31A6,0x10A2,0x1082,0x18E3,0x0861,0x1082,0x18E3,0x18C3,
0x4A69,0x4208,0x39C7,0x2104,0x2945,0x18C3,0x2945,0x18E3,0x2945,0x2104,0x18C3,0x39C7,0x2124,0x10A2,0x10A2,0x18C3,
0x2104,0x2104,0x2124,0x1082,0x0861,0x10A2,0x10A2,0x0861,0x10A2,0x1082,0x0020,0x1082,0x18E3,0x18C3,0x2104,0x52AA,
0x2965,0x18E3,0x18E3,0x18C3,0x0861,0x0020,0x0841,0x0841,0x0861,0x1082,0x10A2,0x0000,0x0841,0x0000,0x0841,0x0861,
0x0841,0x0861,0x0020,0x0020,0x0841,0x0000,0x0020,0x2104,0x1082,0x10A2,0x0861,0x1082,0x2124,0x2124,0x2104,0x31A6,
0x4A69,0x8C51,0x8410,0x8C51,0x8430,0x528A,0x2965,0x2965,0x2945,0x2124,0x18C3,0x10A2,0x2945,0x18E3,0x2945,0x2945,
0x1082,0x0861,0x0020,0x0841,0x0861,0x10A2,0x0020,0x18E3,0x18C3,0x0000,0x0841,0x3186,0x2104,0x10A2,0x1082,0x0841,
0x0861,0x31A6,0x2124,0x3186,0x2124,0x3186,0x2104,0x10A2,0x1082,0x0861,0x18C3,0x1082,0x10A2,0x1082,0x18E3,0x0861,
0x18C3,0x18C3,0x1082,0x0861,0x10A2,0x18C3,0x10A2,0x18C3,0x18C3,0x18C3,0x10A2,0x18E3,0x18C3,0x2104,0x10A2,0x2965,
0x2965,0x10A2,0x2945,0x18C3,0x0861,0x0841,0x0861,0x18E3,0x10A2,0x0841,0x10A2,0x1082,0x1082,0x10A2,0x0841,0x10A2,
0x10A2,0x0861,0x0841,0x10A2,0x18E3,0x0861,0x18E3,0x1082,0x1082,0x18C3,0x0861,0x0861,0x0861,0x10A2,0x1082,0x1082,
0x1082,0x1082,0x0841,0x0841,0x1082,0x10A2,0x0861,0x0020,0x10A2,0x10A2,0x0861,0x10A2,0x0020,0x0861,0x0000,0x0841,
0x10A2,0x1082,0x0841,0x0000,0x0841,0x0020,0x0841,0x0020,0x0000,0x0020,0x0861,0x0841,0x0020,0x1082,0x1082,0x0841,
0x1082,0x2104,0x18E3,0x18E3,0x1082,0x0861,0x1082,0x0861,0x0841,0x0841,0x0841,0x0841,0x0861,0x18C3,0x4A49,0x18E3,
0x0020,0x0861,0x0841,0x0861,0x0861,0x0020,0x0000,0x0841,0x0020,0x0841,0x1082,0x18C3,0x18C3,0x18C3,0x18E3,0x0861,
0x1082,0x0861,0x0861,0x1082,0x18E3,0x18C3,0x10A2,0x1082,0x1082,0x1082,0x18E3,0x2104,0x2945,0x2104,0x1082,0x18C3,
0x2945,0x3186,0x31A6,0x2124,0x2104,0x31A6,0x4228,0x2965,0x18E3,0x3186,0x39C7,0x2965,0x2124,0x1082,0x18C3,0x18E3,
0x18E3,0x18E3,0x0861,0x1082,0x18C3,0x1082,0x2104,0x0861,0x10A2,0x0841,0x1082,0x2104,0x10A2,0x10A2,0x10A2,0x18C3,
0x2104,0x1082,0x10A2,0x2104,0x2124,0x18C3,0x1082,0x18E3,0x18C3,0x10A2,0x1082,0x0841,0x18E3,0x39C7,0x3186,0x18C3,
0x10A2,0x2124,0x2124,0x1082,0x18E3,0x10A2,0x18C3,0x2124,0x2945,0x0861,0x10A2,0x10A2,0x2124,0x2104,0x3186,0x2945,
0x31A6,0x31A6,0x2104,0x3186,0x4228,0x528A,0x630C,0x18E3,0x1082,0x18C3,0x10A2,0x2104,0x1082,0x0841,0x18E3,0x2104,
0x1082,0x2945,0x18C3,0x18C3,0x10A2,0x18E3,0x2945,0x2124,0x2965,0x2965,0x2965,0x31A6,0x18C3,0x10A2,0x18C3,0x2945,
0x3186,0x31A6,0x2945,0x18E3,0x1082,0x1082,0x1082,0x18E3,0x18C3,0x1082,0x1082,0x1082,0x10A2,0x0841,0x18C3,0x4228,
0x4228,0x2945,0x1082,0x0020,0x0020,0x0020,0x0841,0x1082,0x1082,0x1082,0x0841,0x0841,0x0020,0x0841,0x0020,0x0841,
0x0861,0x1082,0x0841,0x0861,0x10A2,0x10A2,0x18E3,0x18C3,0x10A2,0x18C3,0x1082,0x0861,0x10A2,0x31A6,0x3186,0x3186,
0x5AEB,0x7BEF,0x8430,0x8C51,0x8410,0x528A,0x39C7,0x31A6,0x2124,0x2124,0x18E3,0x2945,0x2124,0x2945,0x2104,0x2124,
0x0841,0x0000,0x0841,0x0020,0x0841,0x0020,0x0841,0x1082,0x0000,0x10A2,0x0841,0x0841,0x18E3,0x0020,0x0861,0x1082,
0x1082,0x1082,0x2965,0x8C51,0x4228,0x1082,0x18C3,0x18C3,0x1082,0x2124,0x18E3,0x1082,0x0861,0x18C3,0x18E3,0x3186,
0x18C3,0x18C3,0x1082,0x10A2,0x0861,0x18C3,0x18E3,0x18C3,0x18C3,0x18C3,0x18C3,0x10A2,0x2104,0x10A2,0x2945,0x10A2,
0x2104,0x18E3,0x52AA,0x3186,0x1082,0x1082,0x1082,0x0861,0x0861,0x10A2,0x0861,0x0861,0x1082,0x1082,0x10A2,0x0841,
0x1082,0x1082,0x2945,0x0841,0x1082,0x10A2,0x10A2,0x1082,0x0020,0x0861,0x18E3,0x18C3,0x1082,0x18E3,0x0861,0x1082,
0x10A2,0x0020,0x10A2,0x2124,0x18C3,0x10A2,0x0841,0x10A2,0x0861,0x0841,0x1082,0x1082,0x0020,0x1082,0x18C3,0x0020,
0x18C3,0x1082,0x0020,0x1082,0x1082,0x0841,0x0020,0x0841,0x0841,0x10A2,0x0841,0x0841,0x18E3,0x0020,0x0841,0x1082,
0x18C3,0x6B6D,0x632C,0x18E3,0x0020,0x0841,0x0841,0x0020,0x0841,0x0000,0x10A2,0x0861,0x18E3,0x1082,0x10A2,0x0841,
0x0841,0x0841,0x1082,0x0861,0x0861,0x0841,0x10A2,0x1082,0x0841,0x0020,0x10A2,0x0861,0x2104,0x18C3,0x3186,0x18E3,
0x2124,0x18E3,0x18E3,0x18C3,0x0861,0x10A2,0x0861,0x18C3,0x1082,0x18C3,0x18C3,0x2124,0x31A6,0x2124,0x2945,0x2104,
0x2124,0x18C3,0x10A2,0x18C3,0x18E3,0x2104,0x31A6,0x2945,0x2965,0x2104,0x2124,0x2124,0x2124,0x2945,0x3186,0x0861,
0x10A2,0x18E3,0x1082,0x2945,0x18C3,0x10A2,0x1082,0x1082,0x0861,0x10A2,0x1082,0x0861,0x0861,0x18E3,0x18C3,0x2945,
0x4208,0x738E,0x5ACB,0x18E3,0x10A2,0x18E3,0x1082,0x18C3,0x18C3,0x0861,0x10A2,0x0861,0x18C3,0x10A2,0x18C3,0x2124,
0x18C3,0x18C3,0x18C3,0x2124,0x18C3,0x18E3,0x18C3,0x2124,0x2104,0x18E3,0x18E3,0x18C3,0x2945,0x2965,0x39E7,0x2104,
0x31A6,0x3186,0x31A6,0x52AA,0x52AA,0x6B4D,0x3186,0x18E3,0x1082,0x18C3,0x1082,0x0861,0x1082,0x1082,0x0020,0x0861,
0x1082,0x18E3,0x18C3,0x10A2,0x18E3,0x2124,0x2965,0x31A6,0x39C7,0x2965,0x2945,0x2104,0x18C3,0x2945,0x18E3,0x10A2,
0x2124,0x2945,0x1082,0x18C3,0x1082,0x10A2,0x0861,0x1082,0x0861,0x31A6,0x3186,0x0861,0x18E3,0x18E3,0x18C3,0x2104,
0x4208,0x2124,0x0000,0x0861,0x0841,0x0841,0x0020,0x18C3,0x18C3,0x1082,0x0861,0x0020,0x18C3,0x10A2,0x18E3,0x18C3,
0x18C3,0x18E3,0x10A2,0x18C3,0x0861,0x1082,0x2124,0x10A2,0x2104,0x2124,0x1082,0x1082,0x18E3,0x31A6,0x2965,0x4228,
0x52AA,0x6B4D,0x8C51,0x8C51,0x4A69,0x5AEB,0x4208,0x3186,0x2124,0x2945,0x3186,0x2104,0x2104,0x2945,0x2104,0x18C3,
0x10A2,0x0020,0x1082,0x0841,0x0020,0x0020,0x18E3,0x1082,0x0861,0x0020,0x0020,0x0861,0x0000,0x2124,0x18E3,0x0020,
0x0861,0x1082,0x2124,0x4A49,0x2104,0x1082,0x10A2,0x1082,0x18C3,0x2124,0x1082,0x10A2,0x0841,0x10A2,0x18E3,0x18C3,
0x2104,0x0861,0x1082,0x18C3,0x0861,0x1082,0x10A2,0x0861,0x10A2,0x18C3,0x2124,0x18E3,0x0861,0x0861,0x18C3,0x2945,
0x18E3,0x10A2,0x18C3,0x18E3,0x10A2,0x1082,0x1082,0x1082,0x1082,0x0861,0x2945,0x10A2,0x1082,0x0861,0x0861,0x1082,
0x0861,0x10A2,0x0841,0x18E3,0x10A2,0x0000,0x0861,0x1082,0x1082,0x0841,0x18E3,0x10A2,0x1082,0x0861,0x1082,0x10A2,
0x10A2,0x10A2,0x0861,0x2104,0x18E3,0x10A2,0x31A6,0x2124,0x1082,0x1082,0x0861,0x1082,0x0020,0x1082,0x1082,0x0020,
0x1082,0x10A2,0x10A2,0x10A2,0x0861,0x1082,0x18E3,0x18C3,0x18C3,0x0861,0x0020,0x0841,0x0020,0x0841,0x0000,0x1082,
0x1082,0x2104,0x39E7,0x0861,0x0861,0x0841,0x0861,0x0020,0x0020,0x1082,0x0020,0x2104,0x1082,0x0861,0x1082,0x10A2,
0x0841,0x0841,0x1082,0x0841,0x0000,0x0841,0x0841,0x0841,0x0841,0x0861,0x18E3,0x0861,0x0861,0x10A2,0x2965,0x31A6,
0x4228,0x2104,0x2124,0x18C3,0x18E3,0x0861,0x18C3,0x2945,0x0861,0x18C3,0x2104,0x2104,0x31A6,0x2124,0x2104,0x2945,
0x18C3,0x1082,0x18C3,0x18C3,0x18C3,0x2104,0x31A6,0x2124,0x18E3,0x0841,0x18E3,0x0861,0x0861,0x18E3,0x2124,0x18C3,
0x1082,0x18C3,0x18C3,0x18C3,0x18E3,0x0861,0x1082,0x0861,0x18C3,0x18E3,0x0861,0x1082,0x18C3,0x1082,0x0861,0x2945,
0x4228,0x8430,0x6B4D,0x2124,0x18E3,0x1082,0x0861,0x1082,0x18C3,0x18C3,0x10A2,0x18C3,0x18E3,0x2104,0x2104,0x18C3,
0x18E3,0x18C3,0x2965,0x10A2,0x18C3,0x2965,0x10A2,0x18C3,0x18C3,0x18C3,0x18C3,0x2124,0x2124,0x2104,0x2124,0x2945,
0x31A6,0x39E7,0x528A,0x52AA,0x6B6D,0x52AA,0x3186,0x18C3,0x18C3,0x10A2,0x18C3,0x18E3,0x1082,0x1082,0x18C3,0x1082,
0x0861,0x10A2,0x18C3,0x18C3,0x2104,0x3186,0x5ACB,0x52AA,0x31A6,0x4228,0x2104,0x3186,0x1082,0x18E3,0x18C3,0x2945,
0x18E3,0x10A2,0x39C7,0x1082,0x0861,0x10A2,0x1082,0x1082,0x1082,0x2945,0x2104,0x18C3,0x10A2,0x2104,0x0861,0x1082,
0x18C3,0x10A2,0x0000,0x0841,0x1082,0x0861,0x0020,0x1082,0x1082,0x0841,0x1082,0x18E3,0x18E3,0x0841,0x2104,0x4228,
0x632C,0x3186,0x18E3,0x18C3,0x18C3,0x0861,0x10A2,0x18C3,0x2124,0x18C3,0x10A2,0x18E3,0x2104,0x4208,0x4228,0x4208,
0x31A6,0x3186,0x4208,0x4208,0x31A6,0x31A6,0x4208,0x3186,0x2124,0x3186,0x2124,0x2124,0x2124,0x2124,0x31A6,0x18E3,
0x18E3,0x10A2,0x0020,0x0020,0x0861,0x1082,0x0861,0x0841,0x0000,0x0861,0x0861,0x0000,0x0861,0x1082,0x1082,0x1082,
0x0841,0x10A2,0x1082,0x0861,0x0861,0x2104,0x10A2,0x0020,0x0861,0x10A2,0x0841,0x1082,0x2104,0x18C3,0x18C3,0x10A2,
0x2945,0x1082,0x2124,0x0841,0x1082,0x18C3,0x10A2,0x1082,0x18E3,0x18C3,0x18C3,0x10A2,0x10A2,0x10A2,0x10A2,0x2104,
0x0861,0x10A2,0x0861,0x0861,0x18E3,0x1082,0x18C3,0x1082,0x2104,0x1082,0x0841,0x10A2,0x1082,0x39C7,0x18C3,0x1082,
0x1082,0x1082,0x0861,0x0861,0x0000,0x0020,0x0020,0x1082,0x1082,0x1082,0x18E3,0x10A2,0x18E3,0x18E3,0x0020,0x0861,
0x1082,0x0861,0x10A2,0x0841,0x10A2,0x1082,0x4228,0x2124,0x1082,0x0861,0x1082,0x1082,0x0020,0x10A2,0x10A2,0x18C3,
0x1082,0x10A2,0x3186,0x0861,0x0861,0x0020,0x0861,0x0841,0x18C3,0x0841,0x1082,0x0841,0x1082,0x0841,0x0841,0x0841,
0x0020,0x0841,0x0841,0x0861,0x10A2,0x0020,0x0861,0x0861,0x0861,0x0000,0x18C3,0x1082,0x10A2,0x2104,0x1082,0x0000,
0x0020,0x0861,0x0861,0x0841,0x0861,0x0841,0x0000,0x10A2,0x0861,0x0020,0x0861,0x0861,0x10A2,0x18C3,0x2945,0x31A6,
0x2104,0x2945,0x2104,0x2965,0x2124,0x18C3,0x18E3,0x0841,0x18E3,0x18E3,0x2104,0x31A6,0x39E7,0x2104,0x2104,0x2104,
0x18E3,0x10A2,0x18E3,0x2965,0x31A6,0x31A6,0x31A6,0x2104,0x18C3,0x31A6,0x18C3,0x2104,0x2945,0x0861,0x1082,0x18C3,
0x18C3,0x2945,0x0861,0x0861,0x18C3,0x18C3,0x1082,0x10A2,0x0841,0x18E3,0x1082,0x1082,0x10A2,0x10A2,0x18C3,0x2945,
0x18E3,0x4A49,0x3186,0x2945,0x10A2,0x18C3,0x10A2,0x0861,0x18C3,0x18C3,0x10A2,0x0861,0x1082,0x10A2,0x2104,0x2124,
0x10A2,0x10A2,0x18C3,0x2945,0x2104,0x2124,0x2124,0x2124,0x2124,0x18C3,0x18C3,0x18E3,0x31A6,0x39E7,0x18E3,0x3186,
0x31A6,0x738E,0x5ACB,0x528A,0x52AA,0x2945,0x2965,0x2945,0x2124,0x18C3,0x2945,0x18C3,0x0841,0x0861,0x18E3,0x18C3,
0x1082,0x1082,0x18C3,0x18C3,0x2124,0x31A6,0x2965,0x3186,0x4228,0x31A6,0x18E3,0x2965,0x2965,0x18E3,0x18C3,0x2104,
0x18C3,0x0861,0x2945,0x2945,0x10A2,0x2124,0x2104,0x0861,0x0861,0x1082,0x2104,0x10A2,0x0861,0x18C3,0x18C3,0x18E3,
0x10A2,0x0000,0x0861,0x0861,0x1082,0x0861,0x10A2,0x0020,0x0861,0x18C3,0x0861,0x10A2,0x10A2,0x18E3,0x2124,0x528A,
0x8C51,0x52AA,0x2124,0x10A2,0x2104,0x18E3,0x10A2,0x18E3,0x18E3,0x0020,0x2124,0x2965,0x4208,0x4228,0x31A6,0x2124,
0x2124,0x2104,0x4208,0x3186,0x2945,0x18E3,0x31A6,0x39C7,0x3186,0x39C7,0x18E3,0x2965,0x2104,0x2104,0x39C7,0x31A6,
0x528A,0x2104,0x0020,0x1082,0x0020,0x0020,0x0020,0x10A2,0x0861,0x0841,0x0841,0x18E3,0x18C3,0x0841,0x0861,0x1082,
0x0020,0x0020,0x0861,0x1082,0x10A2,0x18C3,0x1082,0x18E3,0x2104,0x2124,0x1082,0x10A2,0x2104,0x10A2,0x1082,0x1082,
0x0020,0x0841,0x10A2,0x1082,0x0861,0x2104,0x0861,0x10A2,0x0861,0x10A2,0x2104,0x18C3,0x1082,0x0861,0x10A2,0x2945,
0x2124,0x0841,0x1082,0x18E3,0x2945,0x2104,0x2965,0x1082,0x10A2,0x10A2,0x10A2,0x0861,0x0861,0x31A6,0x18E3,0x0841,
0x0841,0x0020,0x0861,0x0861,0x1082,0x0861,0x0841,0x0861,0x1082,0x2945,0x0861,0x2945,0x2104,0x0861,0x1082,0x10A2,
0x1082,0x18E3,0x0861,0x1082,0x18E3,0x18E3,0x18E3,0x10A2,0x1082,0x10A2,0x1082,0x10A2,0x0861,0x0861,0x10A2,0x18C3,
0x0861,0x10A2,0x2124,0x10A2,0x0861,0x10A2,0x0841,0x0841,0x0861,0x0841,0x0841,0x1082,0x0841,0x10A2,0x0841,0x0020,
0x0841,0x0020,0x0020,0x0020,0x0841,0x0861,0x0000,0x0841,0x18E3,0x31A6,0x0841,0x18E3,0x0861,0x0861,0x0861,0x1082,
0x2124,0x10A2,0x0841,0x0000,0x0000,0x1082,0x10A2,0x1082,0x1082,0x0020,0x1082,0x18C3,0x1082,0x0861,0x0841,0x0020,
0x18E3,0x18C3,0x18C3,0x3186,0x39E7,0x3186,0x18C3,0x39C7,0x2124,0x1082,0x2945,0x4228,0x4A49,0x3186,0x2104,0x2124,
0x2124,0x2104,0x2945,0x31A6,0x3186,0x2124,0x2104,0x18C3,0x18C3,0x4208,0x18C3,0x0020,0x18E3,0x10A2,0x0861,0x0861,
0x10A2,0x2945,0x18C3,0x18E3,0x2124,0x18E3,0x0861,0x0861,0x18E3,0x2945,0x10A2,0x0861,0x10A2,0x2104,0x18E3,0x10A2,
0x2104,0x18C3,0x10A2,0x10A2,0x18E3,0x1082,0x18E3,0x18E3,0x1082,0x0861,0x1082,0x18C3,0x18E3,0x18C3,0x10A2,0x18C3,
0x2945,0x2124,0x18C3,0x18C3,0x2945,0x10A2,0x18C3,0x18C3,0x10A2,0x18C3,0x18E3,0x2124,0x3186,0x3186,0x18E3,0x5AEB,
0x5ACB,0x3186,0x31A6,0x4208,0x4A49,0x39C7,0x18C3,0x2124,0x31A6,0x18E3,0x3186,0x10A2,0x0861,0x10A2,0x18E3,0x18C3,
0x18C3,0x18C3,0x18C3,0x18E3,0x2124,0x31A6,0x2124,0x31A6,0x2104,0x31A6,0x31A6,0x2124,0x2124,0x18E3,0x2104,0x1082,
0x2124,0x2965,0x1082,0x2124,0x1082,0x10A2,0x2965,0x18C3,0x10A2,0x18C3,0x2124,0x10A2,0x18E3,0x1082,0x0861,0x18C3,
0x0861,0x0841,0x0020,0x0841,0x0861,0x1082,0x0861,0x0861,0x10A2,0x10A2,0x10A2,0x1082,0x18C3,0x2124,0x3186,0x3186,
0x3186,0x3186,0x3186,0x2124,0x1082,0x18C3,0x2124,0x2965,0x2945,0x2124,0x3186,0x31A6,0x2965,0x31A6,0x3186,0x3186,
0x2124,0x2124,0x39C7,0x3186,0x2124,0x31A6,0x3186,0x2104,0x2104,0x2124,0x31A6,0x2965,0x3186,0x3186,0x2965,0x2124,
0x2945,0x1082,0x0861,0x0861,0x0841,0x10A2,0x2124,0x18E3,0x0841,0x0020,0x0861,0x18C3,0x31A6,0x0841,0x10A2,0x18E3,
0x1082,0x1082,0x2104,0x18C3,0x0841,0x0861,0x1082,0x18C3,0x2104,0x18E3,0x18C3,0x2965,0x10A2,0x10A2,0x10A2,0x0841,
0x10A2,0x0861,0x0841,0x0861,0x10A2,0x0861,0x10A2,0x10A2,0x1082,0x10A2,0x18C3,0x10A2,0x10A2,0x1082,0x0861,0x1082,
0x18C3,0x1082,0x10A2,0x1082,0x2104,0x3186,0x2124,0x31A6,0x6B6D,0x2945,0x10A2,0x10A2,0x18C3,0x0000,0x0020,0x2104,
0x1082,0x0841,0x0841,0x0841,0x10A2,0x0000,0x1082,0x10A2,0x1082,0x2945,0x18C3,0x2124,0x2104,0x18C3,0x18C3,0x10A2,
0x18C3,0x2945,0x1082,0x1082,0x2124,0x2104,0x0861,0x2104,0x18E3,0x0841,0x1082,0x0861,0x18C3,0x2945,0x0861,0x0861,
0x0861,0x0861,0x0861,0x0861,0x18C3,0x1082,0x1082,0x0861,0x0020,0x0861,0x1082,0x2104,0x0000,0x1082,0x0861,0x10A2,
0x0000,0x18C3,0x0020,0x0841,0x0020,0x0841,0x0841,0x0020,0x1082,0x2945,0x2104,0x31A6,0x10A2,0x18C3,0x10A2,0x18C3,
0x2945,0x0861,0x0020,0x0841,0x0841,0x1082,0x1082,0x0000,0x0020,0x10A2,0x10A2,0x0861,0x1082,0x10A2,0x1082,0x18C3,
0x1082,0x1082,0x18E3,0x2124,0x18E3,0x2965,0x4A49,0x4208,0x2965,0x2965,0x2945,0x52AA,0x52AA,0x3186,0x31A6,0x3186,
0x3186,0x4A49,0x4208,0x2104,0x10A2,0x18C3,0x2124,0x18E3,0x18E3,0x0861,0x10A2,0x18E3,0x18C3,0x0841,0x18C3,0x0861,
0x1082,0x10A2,0x10A2,0x10A2,0x18C3,0x0861,0x10A2,0x1082,0x2945,0x10A2,0x0841,0x18C3,0x18E3,0x10A2,0x0841,0x10A2,
0x10A2,0x2104,0x2965,0x31A6,0x3186,0x2945,0x18C3,0x18C3,0x1082,0x0861,0x1082,0x2104,0x10A2,0x10A2,0x1082,0x2104,
0x3186,0x2965,0x10A2,0x18C3,0x18C3,0x2124,0x18C3,0x2124,0x18C3,0x2124,0x2945,0x2965,0x31A6,0x39C7,0x4228,0x6B4D,
0x52AA,0x2965,0x2124,0x3186,0x2104,0x2124,0x39C7,0x3186,0x2124,0x18C3,0x2965,0x2124,0x2945,0x2124,0x2104,0x18C3,
0x2104,0x18E3,0x0841,0x1082,0x10A2,0x1082,0x10A2,0x18E3,0x10A2,0x2104,0x18E3,0x18C3,0x18C3,0x18C3,0x18C3,0x0861,
0x39C7,0x528A,0x3186,0x2945,0x18C3,0x18C3,0x1082,0x1082,0x1082,0x1082,0x18C3,0x18C3,0x18E3,0x0861,0x0861,0x1082,
0x1082,0x0841,0x0020,0x1082,0x0000,0x1082,0x10A2,0x1082,0x2945,0x10A2,0x10A2,0x0841,0x0861,0x18C3,0x2945,0x2104,
0x2104,0x2965,0x2945,0x2124,0x2945,0x3186,0x2945,0x2965,0x3186,0x3186,0x2965,0x2945,0x2945,0x3186,0x4228,0x31A6,
0x2124,0x3186,0x31A6,0x2945,0x4228,0x4228,0x2104,0x2945,0x2104,0x2945,0x2104,0x4228,0x31A6,0x3186,0x2124,0x2124,
0x0000,0x0841,0x0020,0x0000,0x0841,0x0841,0x0020,0x0020,0x0000,0x0861,0x0020,0x18C3,0x1082,0x1082,0x18E3,0x2104,
0x18C3,0x18C3,0x2104,0x2104,0x18C3,0x10A2,0x1082,0x0000,0x1082,0x2945,0x10A2,0x18C3,0x18E3,0x18E3,0x0861,0x18E3,
0x2945,0x0861,0x0020,0x1082,0x10A2,0x0861,0x1082,0x0861,0x0861,0x1082,0x18C3,0x10A2,0x18C3,0x18E3,0x1082,0x0841,
0x1082,0x1082,0x1082,0x0861,0x3186,0x4228,0x2124,0x2124,0x3186,0x10A2,0x1082,0x0861,0x1082,0x10A2,0x1082,0x0861,
0x10A2,0x1082,0x0020,0x0841,0x0841,0x0000,0x0861,0x10A2,0x0861,0x0841,0x3186,0x31A6,0x10A2,0x2124,0x738E,0x39E7,
0x18C3,0x2104,0x1082,0x18C3,0x2124,0x2965,0x10A2,0x0861,0x1082,0x18E3,0x18E3,0x18C3,0x10A2,0x0861,0x1082,0x1082,
0x0861,0x18C3,0x0841,0x10A2,0x0841,0x1082,0x0841,0x10A2,0x10A2,0x0841,0x0841,0x0861,0x0861,0x18C3,0x18C3,0x0841,
0x0020,0x10A2,0x0841,0x1082,0x0841,0x0000,0x0841,0x0841,0x10A2,0x2124,0x1082,0x2124,0x18C3,0x18C3,0x18C3,0x1082,
0x0000,0x10A2,0x10A2,0x0020,0x0020,0x0020,0x0020,0x0861,0x1082,0x0020,0x0861,0x0841,0x0000,0x1082,0x10A2,0x0841,
0x0861,0x0020,0x2124,0x31A6,0x18E3,0x10A2,0x31A6,0x52AA,0x6B4D,0x52AA,0x52AA,0x632C,0x632C,0x52AA,0x528A,0x6B4D,
0x528A,0x528A,0x31A6,0x18E3,0x1082,0x10A2,0x18E3,0x18C3,0x0841,0x10A2,0x0841,0x0861,0x2945,0x1082,0x10A2,0x0861,
0x0861,0x1082,0x10A2,0x10A2,0x18C3,0x1082,0x18C3,0x0861,0x0861,0x18C3,0x2945,0x18E3,0x10A2,0x2945,0x18E3,0x18C3,
0x18E3,0x18C3,0x2965,0x6B4D,0x6B4D,0x2124,0x18C3,0x18C3,0x18E3,0x10A2,0x18C3,0x18C3,0x10A2,0x18C3,0x10A2,0x18E3,
0x2124,0x10A2,0x2124,0x2104,0x18E3,0x2124,0x4208,0x39C7,0x5AEB,0x2124,0x3186,0x2965,0x4A49,0x2945,0x5ACB,0x632C,
0x5ACB,0x39E7,0x2124,0x1082,0x0861,0x0861,0x0861,0x18E3,0x31A6,0x2124,0x1082,0x10A2,0x2945,0x2965,0x2945,0x2124,
0x2945,0x18E3,0x1082,0x10A2,0x10A2,0x0841,0x10A2,0x0861,0x18C3,0x0861,0x0000,0x1082,0x1082,0x10A2,0x10A2,0x10A2,
0x3186,0x5AEB,0x3186,0x2124,0x18E3,0x10A2,0x18E3,0x1082,0x2965,0x1082,0x1082,0x18E3,0x0841,0x1082,0x2965,0x18C3,
0x0841,0x0020,0x0861,0x1082,0x10A2,0x0861,0x10A2,0x18C3,0x10A2,0x18E3,0x18C3,0x18E3,0x1082,0x10A2,0x0841,0x18E3,
0x18E3,0x1082,0x2104,0x31A6,0x2104,0x2945,0x3186,0x3186,0x31A6,0x4228,0x4228,0x4228,0x2965,0x4228,0x4208,0x4208,
0x3186,0x4228,0x528A,0x4A69,0x3186,0x4A49,0x2945,0x2124,0x2945,0x2104,0x31A6,0x18E3,0x2124,0x31A6,0x2124,0x2104,
0x0861,0x0841,0x0020,0x10A2,0x1082,0x1082,0x0841,0x10A2,0x10A2,0x0020,0x1082,0x10A2,0x0020,0x0841,0x2945,0x0861,
0x2104,0x18C3,0x0861,0x10A2,0x18C3,0x1082,0x1082,0x2104,0x2945,0x18C3,0x18E3,0x18C3,0x0861,0x10A2,0x2104,0x10A2,
0x18C3,0x0841,0x0841,0x10A2,0x0020,0x10A2,0x0841,0x0861,0x0861,0x18C3,0x2945,0x2104,0x1082,0x0861,0x0841,0x0020,
0x1082,0x1082,0x18C3,0x2945,0x4228,0x2965,0x2124,0x18C3,0x1082,0x0861,0x18C3,0x1082,0x0861,0x1082,0x10A2,0x1082,
0x0861,0x0841,0x0020,0x1082,0x0861,0x2965,0x1082,0x0861,0x18C3,0x2945,0x2124,0x31A6,0x2104,0x10A2,0x4A49,0x31A6,
0x2945,0x2945,0x10A2,0x2124,0x2965,0x31A6,0x2104,0x2124,0x2945,0x18E3,0x18E3,0x0861,0x0861,0x10A2,0x0861,0x0841,
0x0861,0x0861,0x18E3,0x0020,0x0861,0x0861,0x0861,0x1082,0x0861,0x1082,0x0861,0x0861,0x0020,0x0841,0x1082,0x0861,
0x0861,0x0841,0x1082,0x0861,0x0841,0x0861,0x0020,0x0861,0x18C3,0x10A2,0x1082,0x18C3,0x18C3,0x39C7,0x4208,0x2104,
0x1082,0x10A2,0x0841,0x0020,0x0861,0x1082,0x0861,0x0020,0x0000,0x10A2,0x0841,0x0841,0x39C7,0x2965,0x0020,0x10A2,
0x18E3,0x18E3,0x10A2,0x0861,0x18C3,0x2965,0x1082,0x2124,0x528A,0x8C51,0x8C51,0x8430,0x8C51,0x8C51,0x8C51,0x630C,
0x39C7,0x2945,0x1082,0x1082,0x10A2,0x10A2,0x10A2,0x10A2,0x10A2,0x0861,0x10A2,0x18E3,0x1082,0x1082,0x0861,0x1082,
0x18C3,0x3186,0x18C3,0x1082,0x0861,0x10A2,0x18C3,0x18E3,0x18E3,0x1082,0x10A2,0x10A2,0x18C3,0x2124,0x10A2,0x18C3,
0x18C3,0x1082,0x5AEB,0x528A,0x39E7,0x18E3,0x18C3,0x2104,0x10A2,0x18C3,0x2965,0x10A2,0x18E3,0x18E3,0x18E3,0x1082,
0x18C3,0x18C3,0x10A2,0x3186,0x2104,0x2104,0x31A6,0x3186,0x39E7,0x2124,0x2965,0x31A6,0x3186,0x52AA,0x6B4D,0x52AA,
0x2965,0x4228,0x2124,0x10A2,0x2104,0x18C3,0x2124,0x18C3,0x18C3,0x2104,0x18C3,0x18E3,0x2124,0x18E3,0x2104,0x2945,
0x2104,0x1082,0x2104,0x18C3,0x10A2,0x1082,0x1082,0x1082,0x0020,0x0861,0x1082,0x0861,0x0841,0x1082,0x18C3,0x10A2,
0x2104,0x3186,0x31A6,0x2945,0x2104,0x3186,0x2124,0x18C3,0x18C3,0x0861,0x1082,0x2124,0x1082,0x1082,0x10A2,0x0000,
0x0020,0x1082,0x0861,0x0861,0x18E3,0x1082,0x0861,0x18E3,0x2124,0x2104,0x18E3,0x10A2,0x0861,0x0861,0x0861,0x2104,
0x18E3,0x2104,0x2965,0x3186,0x3186,0x3186,0x2124,0x2124,0x31A6,0x4228,0x2945,0x4208,0x738E,0x632C,0x8C51,0x6B4D,
0x6B6D,0x52AA,0x52AA,0x2965,0x2965,0x3186,0x39C7,0x2965,0x31A6,0x2965,0x2124,0x2965,0x2124,0x2945,0x2124,0x2945,
0x0020,0x0841,0x0861,0x1082,0x0841,0x1082,0x1082,0x0020,0x0861,0x0841,0x0020,0x10A2,0x0861,0x10A2,0x1082,0x1082,
0x1082,0x1082,0x10A2,0x1082,0x0861,0x18E3,0x10A2,0x18C3,0x18E3,0x0841,0x10A2,0x18E3,0x1082,0x10A2,0x18C3,0x0841,
0x18C3,0x1082,0x18C3,0x0841,0x0020,0x0020,0x0861,0x10A2,0x0020,0x0020,0x18C3,0x18C3,0x0861,0x1082,0x10A2,0x10A2,
0x1082,0x1082,0x0841,0x2104,0x4A49,0x2124,0x18E3,0x2124,0x18C3,0x0841,0x1082,0x0861,0x10A2,0x0861,0x10A2,0x0861,
0x1082,0x0861,0x0020,0x0861,0x0861,0x31A6,0x18C3,0x1082,0x1082,0x0841,0x0841,0x2945,0x2124,0x2104,0x0000,0x0861,
0x10A2,0x2965,0x4A49,0x5ACB,0x738E,0x4A69,0x4228,0x4228,0x2104,0x18E3,0x1082,0x1082,0x1082,0x0841,0x2104,0x1082,
0x0841,0x0020,0x1082,0x0861,0x0020,0x10A2,0x0841,0x0861,0x1082,0x10A2,0x0020,0x10A2,0x0861,0x10A2,0x1082,0x0861,
0x0020,0x0841,0x0000,0x0841,0x0841,0x1082,0x18E3,0x0841,0x10A2,0x1082,0x10A2,0x0841,0x0861,0x2965,0x8C71,0x3186,
0x1082,0x1082,0x18C3,0x2945,0x18E3,0x0000,0x0000,0x1082,0x1082,0x10A2,0x0861,0x0861,0x39C7,0x2124,0x0841,0x18E3,
0x18C3,0x31A6,0x2104,0x2124,0x2104,0x31A6,0x5AEB,0x4228,0x52AA,0x6B6D,0x8410,0x8430,0x8C51,0x8430,0x8430,0x6B6D,
0x4228,0x4A69,0x39C7,0x2124,0x18E3,0x2945,0x2124,0x1082,0x0841,0x18E3,0x39E7,0x2104,0x0841,0x18C3,0x0861,0x1082,
0x18C3,0x2945,0x18C3,0x18C3,0x10A2,0x1082,0x0861,0x0861,0x2965,0x2945,0x10A2,0x1082,0x18C3,0x2124,0x18C3,0x1082,
0x2104,0x2124,0x18E3,0x39C7,0x2124,0x18C3,0x18E3,0x0861,0x0841,0x18C3,0x3186,0x18C3,0x0861,0x1082,0x18C3,0x2124,
0x1082,0x18E3,0x10A2,0x10A2,0x2945,0x2104,0x2124,0x2124,0x2965,0x2945,0x39E7,0x4228,0x52AA,0x528A,0x52AA,0x2965,
0x31A6,0x2945,0x0861,0x18C3,0x2124,0x10A2,0x2124,0x18C3,0x18E3,0x10A2,0x1082,0x10A2,0x2124,0x2965,0x2945,0x2104,
0x2104,0x2104,0x2965,0x2104,0x10A2,0x1082,0x0861,0x10A2,0x0841,0x0020,0x1082,0x1082,0x1082,0x10A2,0x18E3,0x18C3,
0x31A6,0x31A6,0x2104,0x2124,0x18E3,0x2104,0x2945,0x2124,0x18E3,0x18C3,0x18C3,0x10A2,0x1082,0x1082,0x0861,0x2104,
0x18C3,0x0861,0x0861,0x18E3,0x0861,0x18C3,0x18E3,0x18C3,0x2124,0x18C3,0x2945,0x18C3,0x18E3,0x18C3,0x10A2,0x0861,
0x18C3,0x2124,0x31A6,0x3186,0x3186,0x31A6,0x31A6,0x3186,0x2965,0x2945,0x31A6,0x4208,0x6B6D,0x8C71,0x7BEF,0x8C51,
0x8C51,0x4A49,0x4228,0x5AEB,0x6B6D,0x632C,0x52AA,0x4208,0x3186,0x2104,0x2965,0x1082,0x10A2,0x18C3,0x18E3,0x2104,
0x0020,0x0841,0x0861,0x0000,0x1082,0x0020,0x0861,0x10A2,0x0841,0x0020,0x10A2,0x1082,0x0020,0x0841,0x1082,0x0020,
0x1082,0x0000,0x1082,0x1082,0x0861,0x39E7,0x2965,0x18C3,0x18E3,0x0861,0x1082,0x2104,0x0841,0x1082,0x1082,0x1082,
0x0841,0x18C3,0x0000,0x1082,0x1082,0x1082,0x0861,0x1082,0x2124,0x18C3,0x2124,0x2124,0x1082,0x0861,0x1082,0x0861,
0x0841,0x0861,0x2124,0x39C7,0x2965,0x2124,0x18C3,0x1082,0x10A2,0x0841,0x0861,0x1082,0x1082,0x1082,0x10A2,0x10A2,
0x0861,0x10A2,0x1082,0x0861,0x0020,0x0861,0x1082,0x1082,0x0861,0x10A2,0x18E3,0x2104,0x2124,0x10A2,0x18E3,0x18E3,
0x10A2,0x2965,0x4A69,0x8430,0x8430,0x8430,0x632C,0x31A6,0x2124,0x18C3,0x1082,0x18C3,0x18E3,0x1082,0x2104,0x1082,
0x1082,0x1082,0x0861,0x18E3,0x1082,0x1082,0x1082,0x1082,0x0841,0x0841,0x0020,0x0020,0x10A2,0x1082,0x1082,0x0020,
0x10A2,0x0000,0x0841,0x0841,0x0000,0x10A2,0x0841,0x0020,0x18C3,0x10A2,0x0861,0x0861,0x18C3,0x1082,0x18E3,0x10A2,
0x0020,0x2945,0x18E3,0x0841,0x1082,0x0861,0x0020,0x0841,0x1082,0x0020,0x1082,0x1082,0x18C3,0x0861,0x10A2,0x18C3,
0x1082,0x18C3,0x10A2,0x18E3,0x2124,0x2104,0x4A49,0x39E7,0x4228,0x6B4D,0x8410,0x8C51,0x8C51,0x7BEF,0x8C51,0x52AA,
0x4228,0x4208,0x3186,0x2945,0x18C3,0x2104,0x2124,0x2124,0x2945,0x10A2,0x10A2,0x10A2,0x18E3,0x0861,0x10A2,0x0861,
0x2945,0x10A2,0x0861,0x10A2,0x18C3,0x0861,0x18C3,0x1082,0x18C3,0x2124,0x10A2,0x2104,0x18C3,0x0861,0x10A2,0x18C3,
0x10A2,0x18E3,0x18C3,0x10A2,0x10A2,0x18C3,0x0861,0x2104,0x10A2,0x0861,0x1082,0x18C3,0x1082,0x18E3,0x1082,0x2124,
0x18C3,0x2124,0x2945,0x18C3,0x18C3,0x2945,0x2104,0x2124,0x2124,0x4228,0x2124,0x5ACB,0x4208,0x4208,0x4228,0x4228,
0x3186,0x10A2,0x2104,0x0861,0x18C3,0x2945,0x2945,0x2124,0x2104,0x2124,0x4A49,0x3186,0x18E3,0x18C3,0x2104,0x18E3,
0x10A2,0x2945,0x2104,0x2104,0x18E3,0x10A2,0x0861,0x0841,0x1082,0x1082,0x1082,0x1082,0x0020,0x18C3,0x2104,0x2124,
0x3186,0x3186,0x18C3,0x18C3,0x18C3,0x10A2,0x0861,0x2124,0x2104,0x18C3,0x2945,0x18E3,0x0861,0x0861,0x0020,0x2124,
0x18C3,0x1082,0x10A2,0x1082,0x18C3,0x18E3,0x2124,0x18C3,0x18C3,0x2124,0x2124,0x10A2,0x18E3,0x2124,0x0861,0x10A2,
0x18C3,0x2124,0x3186,0x3186,0x4A49,0x3186,0x2104,0x31A6,0x2124,0x3186,0x2124,0x31A6,0x632C,0x8C51,0x8430,0x8430,
0x6B4D,0x5ACB,0x4228,0x4A69,0x8430,0x8C51,0x632C,0x4228,0x31A6,0x2124,0x2965,0x2945,0x2124,0x10A2,0x18E3,0x2124,
0x0841,0x39E7,0x31A6,0x0020,0x1082,0x0841,0x0020,0x0841,0x0841,0x0841,0x1082,0x0020,0x0861,0x0020,0x0841,0x1082,
0x18C3,0x0841,0x0841,0x0020,0x18E3,0x39E7,0x4228,0x2104,0x2124,0x18E3,0x0861,0x1082,0x1082,0x0861,0x1082,0x1082,
0x0841,0x0861,0x0841,0x10A2,0x18C3,0x1082,0x1082,0x0861,0x31A6,0x18C3,0x18C3,0x2104,0x0020,0x1082,0x0841,0x0861,
0x1082,0x1082,0x39C7,0x528A,0x632C,0x2104,0x18C3,0x1082,0x18C3,0x1082,0x1082,0x1082,0x0861,0x18E3,0x10A2,0x18C3,
0x1082,0x0841,0x1082,0x10A2,0x0861,0x10A2,0x0841,0x1082,0x10A2,0x0841,0x18C3,0x2945,0x2124,0x0841,0x2104,0x10A2,
0x18C3,0x2104,0x4208,0x8C51,0x8410,0x8410,0x738E,0x2965,0x2124,0x2124,0x10A2,0x1082,0x0861,0x0861,0x10A2,0x0020,
0x10A2,0x0861,0x0861,0x18C3,0x18C3,0x0861,0x10A2,0x0020,0x0841,0x0020,0x0841,0x0841,0x0861,0x0020,0x2124,0x2124,
0x0020,0x0861,0x0841,0x0000,0x0861,0x0020,0x0841,0x0841,0x0861,0x1082,0x0861,0x10A2,0x0861,0x0861,0x1082,0x18E3,
0x1082,0x0841,0x0841,0x0841,0x0020,0x0020,0x10A2,0x3186,0x10A2,0x0020,0x0020,0x0841,0x1082,0x0861,0x10A2,0x0861,
0x10A2,0x0020,0x1082,0x1082,0x1082,0x0861,0x18C3,0x31A6,0x528A,0x8C51,0x8430,0x8430,0x8C51,0x8410,0x8430,0x6B4D,
0x4228,0x2124,0x18E3,0x0861,0x18C3,0x0861,0x3186,0x52AA,0x2945,0x1082,0x10A2,0x2104,0x18C3,0x1082,0x0861,0x18C3,
0x2945,0x18C3,0x0861,0x18C3,0x0861,0x1082,0x0861,0x2945,0x2945,0x10A2,0x18E3,0x18E3,0x10A2,0x1082,0x1082,0x18C3,
0x18E3,0x1082,0x18E3,0x1082,0x0861,0x10A2,0x0861,0x18C3,0x18E3,0x0861,0x18C3,0x18C3,0x18C3,0x1082,0x10A2,0x18E3,
0x18C3,0x2124,0x2124,0x18E3,0x10A2,0x2124,0x2104,0x2945,0x31A6,0x2965,0x31A6,0x4208,0x4A69,0x4228,0x4208,0x52AA,
0x3186,0x2124,0x2124,0x10A2,0x18E3,0x2124,0x2124,0x2104,0x2124,0x2124,0x4A49,0x31A6,0x1082,0x1082,0x2104,0x10A2,
0x18C3,0x2124,0x18C3,0x2124,0x2124,0x1082,0x1082,0x0861,0x1082,0x0020,0x1082,0x0841,0x0000,0x18C3,0x2124,0x2104,
0x31A6,0x18C3,0x18E3,0x18C3,0x18C3,0x1082,0x18E3,0x1082,0x18E3,0x0841,0x1082,0x2945,0x1082,0x1082,0x1082,0x0020,
0x1082,0x1082,0x18E3,0x18E3,0x2104,0x2124,0x31A6,0x2124,0x10A2,0x18C3,0x2945,0x3186,0x18E3,0x18E3,0x0841,0x18C3,
0x18C3,0x2124,0x2124,0x2124,0x2104,0x2104,0x39C7,0x2124,0x2104,0x2124,0x2965,0x528A,0x528A,0x6B6D,0x8C51,0x632C,
0x5ACB,0x52AA,0x52AA,0x52AA,0x6B4D,0x9492,0x528A,0x52AA,0x3186,0x2104,0x2124,0x18C3,0x18C3,0x2945,0x18C3,0x18C3,
0x0861,0x630C,0x3186,0x0020,0x0841,0x0000,0x0841,0x0020,0x0841,0x0000,0x0020,0x0020,0x0000,0x18C3,0x18E3,0x10A2,
0x1082,0x0861,0x0000,0x10A2,0x0861,0x2124,0x3186,0x2124,0x2104,0x2945,0x2104,0x18C3,0x10A2,0x1082,0x1082,0x1082,
0x0861,0x18C3,0x1082,0x0841,0x10A2,0x0841,0x0861,0x2945,0x4228,0x2965,0x1082,0x0000,0x0841,0x0861,0x10A2,0x1082,
0x10A2,0x0841,0x2124,0x39E7,0x4A69,0x2945,0x1082,0x0861,0x1082,0x1082,0x0841,0x1082,0x10A2,0x1082,0x0020,0x18E3,
0x10A2,0x31A6,0x1082,0x0000,0x18C3,0x1082,0x2124,0x2124,0x10A2,0x18E3,0x2104,0x10A2,0x18C3,0x10A2,0x0000,0x0841,
0x18C3,0x31A6,0x39E7,0x5ACB,0x6B6D,0x6B4D,0x39E7,0x52AA,0x528A,0x2124,0x10A2,0x0861,0x2104,0x0020,0x0861,0x18C3,
0x0861,0x2104,0x2124,0x0861,0x18E3,0x1082,0x0000,0x0861,0x0020,0x0841,0x0841,0x10A2,0x10A2,0x1082,0x1082,0x0841,
0x0841,0x0020,0x0841,0x0020,0x0841,0x0841,0x0841,0x0841,0x0841,0x0020,0x0861,0x0020,0x0861,0x18C3,0x0000,0x18C3,
0x0861,0x0841,0x0841,0x0861,0x0841,0x1082,0x0861,0x2124,0x0861,0x0841,0x10A2,0x1082,0x0861,0x0020,0x1082,0x1082,
0x10A2,0x18C3,0x0861,0x10A2,0x1082,0x18E3,0x4A69,0x52AA,0x52AA,0x4208,0x5AEB,0x632C,0x8430,0x52AA,0x4208,0x5ACB,
0x528A,0x4208,0x2104,0x18E3,0x18E3,0x1082,0x10A2,0x2945,0x18C3,0x0841,0x2945,0x5ACB,0x18E3,0x0861,0x1082,0x2104,
0x10A2,0x1082,0x0861,0x2965,0x1082,0x18E3,0x0861,0x2124,0x3186,0x10A2,0x0861,0x10A2,0x18C3,0x18E3,0x18C3,0x10A2,
0x18C3,0x0861,0x0861,0x2104,0x3186,0x10A2,0x1082,0x0841,0x18C3,0x18C3,0x18E3,0x10A2,0x18C3,0x18C3,0x18E3,0x18C3,
0x2124,0x10A2,0x2945,0x1082,0x2124,0x39C7,0x2945,0x2104,0x3186,0x4228,0x31A6,0x39E7,0x52AA,0x4228,0x4208,0x4A49,
0x4208,0x4A49,0x18E3,0x3186,0x3186,0x31A6,0x2965,0x31A6,0x2945,0x18E3,0x10A2,0x2104,0x2945,0x18E3,0x10A2,0x18C3,
0x18C3,0x2124,0x18C3,0x2104,0x1082,0x10A2,0x10A2,0x10A2,0x1082,0x1082,0x1082,0x1082,0x0861,0x10A2,0x18E3,0x18C3,
0x0861,0x10A2,0x10A2,0x10A2,0x2104,0x2124,0x18C3,0x18E3,0x0861,0x18C3,0x0861,0x0841,0x0020,0x0861,0x10A2,0x10A2,
0x1082,0x0861,0x10A2,0x18C3,0x18C3,0x18E3,0x2104,0x10A2,0x18E3,0x18C3,0x2945,0x2104,0x10A2,0x2124,0x2124,0x18C3,
0x1082,0x18E3,0x1082,0x18C3,0x2104,0x2945,0x18E3,0x18E3,0x2124,0x39C7,0x4228,0x4A69,0x3186,0x4208,0x52AA,0x39E7,
0x2965,0x39E7,0x5ACB,0x528A,0x528A,0x4208,0x4208,0x4228,0x3186,0x39C7,0x2104,0x2124,0x18C3,0x10A2,0x18C3,0x18C3,
0x0861,0x3186,0x1082,0x0841,0x0020,0x0841,0x0841,0x0020,0x0020,0x0841,0x10A2,0x10A2,0x0020,0x18C3,0x10A2,0x0020,
0x0841,0x0020,0x0020,0x10A2,0x10A2,0x18C3,0x2965,0x10A2,0x18C3,0x18C3,0x1082,0x0861,0x10A2,0x10A2,0x0020,0x0020,
0x0861,0x1082,0x1082,0x10A2,0x0841,0x0861,0x0841,0x2104,0x4208,0x2945,0x0000,0x10A2,0x2945,0x0841,0x0000,0x0861,
0x0861,0x10A2,0x18C3,0x31A6,0x2104,0x1082,0x10A2,0x18C3,0x1082,0x10A2,0x1082,0x10A2,0x0861,0x1082,0x10A2,0x1082,
0x18C3,0x2124,0x0861,0x10A2,0x1082,0x0861,0x4228,0x3186,0x1082,0x2124,0x2124,0x18E3,0x0861,0x0861,0x18C3,0x10A2,
0x2104,0x2945,0x3186,0x18C3,0x4228,0x3186,0x2104,0x4A49,0x73AE,0x18E3,0x10A2,0x18E3,0x10A2,0x0841,0x10A2,0x18E3,
0x0861,0x18C3,0x2124,0x0020,0x1082,0x1082,0x0841,0x0841,0x0020,0x0841,0x0020,0x0020,0x0020,0x0841,0x0841,0x0861,
0x0841,0x0861,0x0861,0x0020,0x0841,0x0841,0x0000,0x1082,0x0861,0x0861,0x0000,0x0020,0x0841,0x0841,0x0020,0x0841,
0x1082,0x0841,0x0020,0x0020,0x0841,0x10A2,0x0020,0x0841,0x1082,0x1082,0x0861,0x0861,0x18E3,0x1082,0x0841,0x0841,
0x10A2,0x2965,0x0000,0x1082,0x18E3,0x39C7,0x39E7,0x2965,0x2124,0x2124,0x3186,0x4A69,0x5ACB,0x4228,0x3186,0x2124,
0x31A6,0x4228,0x4A49,0x2104,0x10A2,0x0861,0x18C3,0x0861,0x18C3,0x1082,0x0861,0x39C7,0x1082,0x18E3,0x1082,0x10A2,
0x2965,0x1082,0x0861,0x1082,0x0861,0x10A2,0x10A2,0x1082,0x1082,0x1082,0x1082,0x18C3,0x1082,0x1082,0x18E3,0x2945,
0x18C3,0x18C3,0x2945,0x39C7,0x4A49,0x0841,0x10A2,0x10A2,0x1082,0x10A2,0x18E3,0x0861,0x0861,0x2104,0x10A2,0x18E3,
0x18C3,0x2124,0x2104,0x2945,0x2104,0x3186,0x3186,0x2965,0x3186,0x3186,0x39E7,0x5AEB,0x6B4D,0x39E7,0x4228,0x39E7,
0x4228,0x4228,0x4208,0x3186,0x39C7,0x2945,0x4A69,0x2104,0x2104,0x3186,0x2124,0x2124,0x2945,0x2124,0x2124,0x2945,
0x18C3,0x10A2,0x2104,0x0861,0x0861,0x0020,0x1082,0x0020,0x0000,0x1082,0x0861,0x0861,0x1082,0x10A2,0x18C3,0x0861,
0x2104,0x1082,0x18C3,0x0841,0x1082,0x2965,0x10A2,0x1082,0x0861,0x10A2,0x0020,0x0841,0x10A2,0x10A2,0x0861,0x0841,
0x2104,0x1082,0x2104,0x2104,0x18E3,0x10A2,0x10A2,0x18E3,0x2104,0x10A2,0x18C3,0x2124,0x39C7,0x18C3,0x10A2,0x2945,
0x2104,0x10A2,0x2104,0x2945,0x10A2,0x2104,0x2965,0x3186,0x2965,0x2965,0x3186,0x31A6,0x2124,0x2965,0x4228,0x4228,
0x39C7,0x31A6,0x39E7,0x4A49,0x4208,0x5ACB,0x4208,0x3186,0x2104,0x31A6,0x3186,0x2945,0x2945,0x1082,0x2945,0x2945,
0x1082,0x0841,0x0020,0x1082,0x0020,0x0841,0x0020,0x0841,0x0841,0x10A2,0x18C3,0x0861,0x0841,0x0841,0x0020,0x0841,
0x0020,0x0841,0x1082,0x0841,0x0020,0x1082,0x3186,0x2104,0x1082,0x0861,0x1082,0x1082,0x10A2,0x0861,0x0020,0x10A2,
0x1082,0x0020,0x0861,0x1082,0x0861,0x1082,0x0841,0x0841,0x0020,0x0861,0x0841,0x0841,0x39C7,0x1082,0x10A2,0x0861,
0x18C3,0x0861,0x3186,0x4208,0x3186,0x4A49,0x10A2,0x18E3,0x10A2,0x0861,0x0020,0x0861,0x1082,0x2945,0x3186,0x0861,
0x0861,0x2124,0x0861,0x0861,0x18C3,0x18C3,0x10A2,0x2945,0x18E3,0x18C3,0x10A2,0x18E3,0x18C3,0x10A2,0x31A6,0x2124,
0x0861,0x10A2,0x0861,0x18C3,0x2124,0x2945,0x18C3,0x18C3,0x1082,0x2124,0x2965,0x18E3,0x0861,0x10A2,0x1082,0x18E3,
0x2945,0x18C3,0x18C3,0x0861,0x0861,0x0861,0x18E3,0x0000,0x18E3,0x10A2,0x1082,0x0000,0x1082,0x0861,0x0861,0x0841,
0x18E3,0x0000,0x0020,0x0841,0x0020,0x1082,0x0861,0x0861,0x0000,0x0020,0x1082,0x18E3,0x0020,0x0020,0x1082,0x0861,
0x1082,0x0861,0x18E3,0x0020,0x1082,0x1082,0x0841,0x0841,0x10A2,0x1082,0x1082,0x0861,0x0841,0x0020,0x0861,0x10A2,
0x1082,0x10A2,0x18E3,0x18C3,0x39C7,0x2104,0x18C3,0x18E3,0x18C3,0x2965,0x31A6,0x8C51,0x5ACB,0x2965,0x2124,0x2124,
0x2124,0x10A2,0x2945,0x39C7,0x2124,0x2945,0x18C3,0x18C3,0x1082,0x10A2,0x1082,0x10A2,0x1082,0x2104,0x1082,0x0861,
0x1082,0x1082,0x1082,0x18C3,0x0861,0x18E3,0x10A2,0x0841,0x0861,0x10A2,0x1082,0x18C3,0x1082,0x0841,0x10A2,0x18C3,
0x1082,0x2104,0x10A2,0x10A2,0x0841,0x18E3,0x0861,0x1082,0x18C3,0x18E3,0x18C3,0x1082,0x1082,0x18C3,0x1082,0x18C3,
0x18C3,0x18C3,0x2945,0x2124,0x2104,0x2124,0x3186,0x39E7,0x31A6,0x4208,0x31A6,0x6B6D,0x4A49,0x39C7,0x4A49,0x4208,
0x528A,0x39E7,0x4A69,0x3186,0x2965,0x3186,0x2104,0x18E3,0x18C3,0x18C3,0x1082,0x2124,0x2104,0x2965,0x3186,0x2104,
0x18E3,0x10A2,0x18E3,0x1082,0x0861,0x10A2,0x1082,0x0861,0x1082,0x10A2,0x18C3,0x18E3,0x2104,0x2104,0x2124,0x18E3,
0x18E3,0x18C3,0x2124,0x18C3,0x2945,0x2124,0x18E3,0x0861,0x1082,0x1082,0x1082,0x1082,0x0861,0x1082,0x1082,0x10A2,
0x18C3,0x0861,0x18E3,0x10A2,0x18C3,0x18E3,0x10A2,0x18C3,0x18C3,0x10A2,0x2104,0x2124,0x2965,0x10A2,0x18C3,0x18C3,
0x10A2,0x18C3,0x2945,0x2124,0x2124,0x2104,0x2124,0x3186,0x39C7,0x31A6,0x2945,0x18E3,0x18E3,0x31A6,0x4208,0x3186,
0x2124,0x18E3,0x31A6,0x2965,0x31A6,0x4228,0x39E7,0x31A6,0x2124,0x2104,0x2124,0x18E3,0x31A6,0x2965,0x18E3,0x1082,
0x0841,0x0861,0x0000,0x0020,0x0841,0x0841,0x0841,0x0020,0x0020,0x0020,0x0020,0x0020,0x0841,0x0020,0x0020,0x10A2,
0x0020,0x0861,0x1082,0x0861,0x0000,0x2104,0x2104,0x18E3,0x1082,0x0861,0x1082,0x1082,0x1082,0x0861,0x0020,0x1082,
0x10A2,0x0861,0x1082,0x0000,0x18C3,0x0861,0x0841,0x0861,0x0020,0x18C3,0x0841,0x0000,0x0020,0x1082,0x10A2,0x1082,
0x0841,0x0861,0x4208,0x4228,0x2124,0x31A6,0x0841,0x10A2,0x0861,0x10A2,0x0861,0x10A2,0x1082,0x1082,0x18E3,0x2945,
0x18E3,0x10A2,0x18C3,0x1082,0x10A2,0x2945,0x10A2,0x18C3,0x18C3,0x18E3,0x2124,0x2124,0x31A6,0x2124,0x18C3,0x2965,
0x2945,0x2945,0x0861,0x10A2,0x2104,0x18C3,0x1082,0x0000,0x2124,0x18C3,0x0861,0x0861,0x18C3,0x0861,0x0841,0x0861,
0x18E3,0x1082,0x0020,0x0020,0x10A2,0x1082,0x18E3,0x1082,0x0861,0x18E3,0x2945,0x0861,0x0841,0x0000,0x0841,0x10A2,
0x0861,0x0841,0x0841,0x0020,0x1082,0x1082,0x0000,0x18C3,0x18C3,0x18C3,0x0020,0x18E3,0x1082,0x0861,0x2945,0x0861,
0x0841,0x0861,0x2124,0x0861,0x1082,0x0861,0x1082,0x10A2,0x10A2,0x0000,0x1082,0x1082,0x0020,0x0841,0x18C3,0x0861,
0x10A2,0x10A2,0x2124,0x2945,0x18C3,0x18E3,0x1082,0x18E3,0x18E3,0x2104,0x3186,0x52AA,0x39E7,0x2124,0x18E3,0x18E3,
0x18E3,0x2104,0x18E3,0x3186,0x3186,0x31A6,0x2945,0x18E3,0x18E3,0x0861,0x18C3,0x0861,0x0841,0x1082,0x10A2,0x2104,
0x10A2,0x18C3,0x0861,0x0861,0x0841,0x1082,0x10A2,0x18E3,0x1082,0x10A2,0x0861,0x1082,0x10A2,0x0861,0x1082,0x0861,
0x10A2,0x0861,0x18E3,0x2124,0x2104,0x2104,0x0861,0x2104,0x18C3,0x2104,0x0841,0x18C3,0x18E3,0x18C3,0x18E3,0x18C3,
0x2945,0x2124,0x2104,0x2124,0x3186,0x3186,0x39C7,0x2965,0x2965,0x4A49,0x4208,0x6B4D,0x5ACB,0x2945,0x4228,0x4208,
0x5ACB,0x4A69,0x39E7,0x4A49,0x3186,0x4208,0x39C7,0x2124,0x1082,0x10A2,0x10A2,0x18C3,0x18E3,0x5ACB,0x4A69,0x10A2,
0x18C3,0x18C3,0x18C3,0x0841,0x0841,0x0841,0x0020,0x10A2,0x18E3,0x0841,0x10A2,0x2104,0x18C3,0x10A2,0x10A2,0x18C3,
0x18E3,0x10A2,0x1082,0x2124,0x2104,0x1082,0x39C7,0x10A2,0x1082,0x10A2,0x2104,0x1082,0x0861,0x18C3,0x18C3,0x18E3,
0x0841,0x2124,0x4228,0x2124,0x10A2,0x18C3,0x18E3,0x18C3,0x18C3,0x2945,0x2945,0x18E3,0x18C3,0x18C3,0x2104,0x10A2,
0x18E3,0x2104,0x2104,0x2124,0x31A6,0x3186,0x3186,0x2124,0x18E3,0x18C3,0x2104,0x3186,0x39E7,0x31A6,0x3186,0x2965,
0x2124,0x31A6,0x31A6,0x4228,0x4208,0x2965,0x31A6,0x31A6,0x2104,0x2945,0x2945,0x2124,0x2104,0x31A6,0x18C3,0x2104,
0x0841,0x0020,0x18C3,0x1082,0x0841,0x0861,0x0861,0x0861,0x0841,0x0020,0x1082,0x2945,0x0861,0x1082,0x0861,0x18C3,
0x0861,0x0020,0x1082,0x1082,0x10A2,0x2104,0x0861,0x0020,0x0841,0x0841,0x0841,0x0020,0x0841,0x10A2,0x0861,0x0000,
0x1082,0x1082,0x0861,0x0861,0x0841,0x0841,0x0020,0x1082,0x10A2,0x0861,0x18C3,0x0861,0x1082,0x0000,0x0020,0x0020,
0x18C3,0x2124,0x2104,0x3186,0x2104,0x18E3,0x10A2,0x0020,0x10A2,0x1082,0x0861,0x18E3,0x18C3,0x1082,0x0861,0x18C3,
0x10A2,0x0841,0x18C3,0x18C3,0x2124,0x2945,0x2124,0x2945,0x18C3,0x31A6,0x2124,0x18E3,0x18E3,0x10A2,0x0841,0x3186,
0x2124,0x0861,0x1082,0x0000,0x18E3,0x0841,0x18C3,0x18E3,0x0861,0x1082,0x0841,0x0841,0x10A2,0x10A2,0x0861,0x1082,
0x10A2,0x1082,0x1082,0x0020,0x0861,0x0841,0x0020,0x1082,0x1082,0x1082,0x0841,0x0000,0x0020,0x0841,0x0841,0x0841,
0x0861,0x0020,0x10A2,0x1082,0x1082,0x0841,0x0841,0x1082,0x31A6,0x10A2,0x0841,0x0020,0x1082,0x2945,0x1082,0x1082,
0x0861,0x1082,0x0841,0x0020,0x0841,0x1082,0x0861,0x1082,0x0020,0x0861,0x18C3,0x10A2,0x10A2,0x0861,0x1082,0x18C3,
0x10A2,0x31A6,0x18E3,0x0841,0x2124,0x18E3,0x0841,0x0861,0x2104,0x10A2,0x10A2,0x2104,0x31A6,0x2124,0x18C3,0x2124,
0x3186,0x52AA,0x3186,0x2124,0x2965,0x1082,0x2104,0x2945,0x18C3,0x0861,0x0861,0x1082,0x18C3,0x10A2,0x0020,0x0861,
0x10A2,0x0861,0x1082,0x18C3,0x2945,0x0861,0x0861,0x0861,0x0861,0x1082,0x0861,0x0861,0x1082,0x1082,0x1082,0x10A2,
0x18E3,0x18C3,0x0861,0x18C3,0x10A2,0x31A6,0x2124,0x18C3,0x0861,0x1082,0x18E3,0x18E3,0x18C3,0x2124,0x18C3,0x2104,
0x18E3,0x10A2,0x2965,0x2124,0x2965,0x5AEB,0x31A6,0x4208,0x39C7,0x3186,0x4A69,0x6B4D,0x528A,0x4208,0x4208,0x5ACB,
0x528A,0x73AE,0x4208,0x39E7,0x5ACB,0x4208,0x3186,0x10A2,0x2945,0x2124,0x2945,0x2945,0x2124,0x39E7,0x2945,0x18E3,
0x18C3,0x18C3,0x2104,0x0861,0x10A2,0x0020,0x0020,0x18C3,0x18E3,0x0861,0x18E3,0x18C3,0x0861,0x18C3,0x18C3,0x1082,
0x1082,0x0861,0x10A2,0x2124,0x2104,0x2104,0x2945,0x2945,0x18C3,0x18E3,0x2124,0x10A2,0x2104,0x2104,0x0861,0x1082,
0x10A2,0x18E3,0x2945,0x18C3,0x18C3,0x18E3,0x10A2,0x1082,0x18C3,0x2945,0x18E3,0x18C3,0x18E3,0x18E3,0x10A2,0x2104,
0x2945,0x2124,0x2124,0x3186,0x2104,0x2965,0x31A6,0x2124,0x2124,0x2945,0x2124,0x2104,0x2124,0x2945,0x39C7,0x31A6,
0x31A6,0x31A6,0x3186,0x3186,0x4A49,0x4208,0x3186,0x2124,0x3186,0x31A6,0x2104,0x2104,0x2124,0x31A6,0x2945,0x2945,
0x0861,0x0000,0x31A6,0x2945,0x0020,0x0020,0x0841,0x10A2,0x0841,0x0020,0x0861,0x18E3,0x0000,0x0020,0x0020,0x1082,
0x1082,0x0841,0x1082,0x0841,0x10A2,0x0841,0x0020,0x0861,0x0020,0x0861,0x10A2,0x1082,0x0841,0x1082,0x18E3,0x0861,
0x0841,0x0841,0x0020,0x18C3,0x0000,0x0841,0x0841,0x0020,0x0841,0x0861,0x0861,0x0020,0x0000,0x0861,0x18C3,0x10A2,
0x18C3,0x18C3,0x18C3,0x2124,0x2124,0x2945,0x1082,0x0020,0x0861,0x0841,0x10A2,0x18E3,0x1082,0x10A2,0x10A2,0x18C3,
0x1082,0x0861,0x1082,0x18C3,0x2124,0x18E3,0x2104,0x2124,0x0861,0x2124,0x1082,0x2104,0x18C3,0x1082,0x0861,0x0020,
0x1082,0x0000,0x0861,0x10A2,0x1082,0x1082,0x0861,0x10A2,0x18E3,0x0020,0x0861,0x10A2,0x0841,0x1082,0x0861,0x1082,
0x0861,0x0861,0x18C3,0x1082,0x0020,0x1082,0x1082,0x10A2,0x0861,0x1082,0x0841,0x0861,0x0841,0x0841,0x0841,0x0000,
0x10A2,0x10A2,0x0861,0x0020,0x2124,0x10A2,0x0841,0x0861,0x0841,0x0861,0x1082,0x10A2,0x10A2,0x18C3,0x0861,0x1082,
0x18C3,0x10A2,0x0000,0x0020,0x0841,0x10A2,0x0861,0x0841,0x10A2,0x10A2,0x0020,0x0000,0x18C3,0x18E3,0x10A2,0x18E3,
0x18E3,0x10A2,0x0861,0x2945,0x18C3,0x10A2,0x10A2,0x1082,0x0861,0x18C3,0x10A2,0x2124,0x2965,0x10A2,0x18C3,0x18E3,
0x3186,0x632C,0x3186,0x10A2,0x0861,0x18C3,0x18E3,0x18C3,0x18E3,0x2104,0x10A2,0x1082,0x10A2,0x0861,0x18C3,0x18E3,
0x0861,0x0861,0x1082,0x2945,0x2104,0x1082,0x0861,0x10A2,0x1082,0x10A2,0x1082,0x0861,0x10A2,0x10A2,0x0861,0x0861,
0x0861,0x1082,0x18E3,0x18C3,0x18C3,0x10A2,0x2124,0x10A2,0x18C3,0x10A2,0x31A6,0x2104,0x10A2,0x2104,0x10A2,0x2945,
0x2124,0x2945,0x31A6,0x2104,0x3186,0x31A6,0x2965,0x31A6,0x2965,0x2945,0x73AE,0x632C,0x52AA,0x5ACB,0x52AA,0x4A69,
0x4208,0x39E7,0x4208,0x4228,0x52AA,0x4A49,0x2104,0x2945,0x10A2,0x2124,0x2104,0x2104,0x2104,0x39C7,0x3186,0x2965,
0x0861,0x1082,0x0841,0x10A2,0x0841,0x1082,0x0841,0x10A2,0x1082,0x10A2,0x18C3,0x1082,0x0841,0x18C3,0x18E3,0x0861,
0x0020,0x1082,0x1082,0x1082,0x5ACB,0x630C,0x1082,0x2104,0x2124,0x2124,0x2124,0x18C3,0x18C3,0x10A2,0x18C3,0x18C3,
0x1082,0x0841,0x0861,0x1082,0x18C3,0x1082,0x18C3,0x2124,0x1082,0x0861,0x18E3,0x18E3,0x0861,0x18C3,0x18E3,0x10A2,
0x1082,0x2945,0x3186,0x2945,0x2104,0x2104,0x10A2,0x2104,0x2124,0x2104,0x2104,0x3186,0x39C7,0x2124,0x3186,0x3186,
0x2104,0x3186,0x3186,0x3186,0x2965,0x5AEB,0x39C7,0x39C7,0x31A6,0x3186,0x2965,0x2104,0x2104,0x10A2,0x2104,0x2104,
0x0020,0x0841,0x0861,0x1082,0x0841,0x0841,0x1082,0x0020,0x0020,0x0841,0x0020,0x0020,0x0841,0x0861,0x0020,0x0861,
0x0861,0x1082,0x0020,0x0841,0x1082,0x1082,0x0020,0x0841,0x0841,0x0020,0x0020,0x0841,0x0020,0x0861,0x18C3,0x0841,
0x0841,0x0841,0x0020,0x0020,0x10A2,0x0020,0x0861,0x0020,0x0020,0x1082,0x18C3,0x0020,0x0841,0x0020,0x1082,0x0000,
0x18C3,0x2124,0x18C3,0x2124,0x18C3,0x10A2,0x1082,0x1082,0x18E3,0x18E3,0x1082,0x0861,0x0861,0x10A2,0x0841,0x18E3,
0x2124,0x18C3,0x1082,0x18C3,0x18E3,0x31A6,0x31A6,0x18C3,0x18E3,0x18C3,0x18C3,0x1082,0x0841,0x10A2,0x18C3,0x18C3,
0x1082,0x10A2,0x0861,0x1082,0x18C3,0x18C3,0x10A2,0x18C3,0x18C3,0x10A2,0x18E3,0x0020,0x4A49,0x31A6,0x0020,0x1082,
0x0861,0x18C3,0x1082,0x1082,0x0000,0x1082,0x10A2,0x0000,0x0841,0x0841,0x0020,0x0020,0x0861,0x0000,0x10A2,0x0841,
0x0861,0x18C3,0x18C3,0x0841,0x2124,0x1082,0x18C3,0x2124,0x0841,0x0020,0x1082,0x18C3,0x0841,0x1082,0x10A2,0x0861,
0x0861,0x10A2,0x0861,0x10A2,0x1082,0x0020,0x0841,0x0020,0x1082,0x0000,0x0861,0x1082,0x1082,0x10A2,0x2104,0x0861,
0x0861,0x18C3,0x1082,0x0000,0x10A2,0x1082,0x1082,0x1082,0x18E3,0x0861,0x1082,0x18E3,0x2104,0x18C3,0x31A6,0x2124,
0x18C3,0x18E3,0x2104,0x10A2,0x10A2,0x1082,0x1082,0x18C3,0x1082,0x1082,0x18E3,0x2945,0x18C3,0x0000,0x39C7,0x3186,
0x2945,0x18C3,0x18C3,0x10A2,0x18E3,0x1082,0x18E3,0x0861,0x0020,0x0861,0x10A2,0x0861,0x10A2,0x18C3,0x0861,0x10A2,
0x1082,0x1082,0x18C3,0x18C3,0x0861,0x18E3,0x2124,0x18C3,0x18C3,0x18C3,0x10A2,0x18E3,0x18E3,0x1082,0x2945,0x2104,
0x3186,0x31A6,0x18E3,0x2945,0x31A6,0x31A6,0x3186,0x4228,0x31A6,0x52AA,0x632C,0x6B4D,0x528A,0x4228,0x52AA,0x52AA,
0x4228,0x528A,0x52AA,0x52AA,0x528A,0x39E7,0x39C7,0x2965,0x2104,0x2104,0x10A2,0x18E3,0x1082,0x10A2,0x18E3,0x10A2,
0x2945,0x10A2,0x0841,0x0841,0x0020,0x0861,0x10A2,0x1082,0x1082,0x1082,0x0861,0x1082,0x10A2,0x0861,0x1082,0x1082,
0x1082,0x18C3,0x18E3,0x0841,0x2945,0x3186,0x3186,0x31A6,0x2945,0x2104,0x18C3,0x10A2,0x1082,0x2104,0x39E7,0x0861,
0x1082,0x10A2,0x10A2,0x0861,0x1082,0x0861,0x18E3,0x2104,0x1082,0x0861,0x18E3,0x18C3,0x18C3,0x18E3,0x18C3,0x2945,
0x2945,0x2104,0x31A6,0x2945,0x2104,0x2124,0x2124,0x2124,0x2104,0x2945,0x2124,0x3186,0x31A6,0x2104,0x3186,0x2945,
0x3186,0x39C7,0x31A6,0x3186,0x4208,0x52AA,0x4A49,0x2965,0x3186,0x2124,0x2104,0x2124,0x2945,0x2124,0x18E3,0x18C3,
0x0000,0x0861,0x18C3,0x0861,0x1082,0x10A2,0x0000,0x0861,0x0841,0x0000,0x0861,0x0000,0x0841,0x18E3,0x0000,0x0841,
0x1082,0x0841,0x0020,0x0841,0x0000,0x0841,0x10A2,0x0861,0x0020,0x0841,0x1082,0x0841,0x0841,0x1082,0x0020,0x0841,
0x0000,0x0861,0x0000,0x0841,0x0841,0x1082,0x0020,0x0020,0x0020,0x0020,0x1082,0x0020,0x1082,0x0841,0x0861,0x0020,
0x0861,0x2965,0x10A2,0x18C3,0x0861,0x18E3,0x10A2,0x0020,0x1082,0x18E3,0x0861,0x1082,0x1082,0x10A2,0x1082,0x1082,
0x18C3,0x10A2,0x2124,0x2945,0x2124,0x2124,0x18E3,0x18C3,0x18C3,0x18C3,0x18E3,0x0861,0x10A2,0x0861,0x2104,0x2104,
0x1082,0x10A2,0x10A2,0x1082,0x2124,0x3186,0x2945,0x18C3,0x18C3,0x10A2,0x10A2,0x1082,0x18C3,0x1082,0x1082,0x1082,
0x1082,0x18E3,0x0841,0x1082,0x1082,0x18C3,0x10A2,0x0020,0x0841,0x0861,0x0841,0x0020,0x0020,0x0020,0x0861,0x0020,
0x1082,0x1082,0x1082,0x18C3,0x0841,0x0861,0x1082,0x0841,0x0841,0x0020,0x18C3,0x1082,0x0841,0x1082,0x10A2,0x1082,
0x10A2,0x0861,0x10A2,0x2124,0x1082,0x0861,0x10A2,0x0000,0x0020,0x0861,0x0861,0x18C3,0x18C3,0x0861,0x1082,0x1082,
0x1082,0x1082,0x0841,0x18C3,0x10A2,0x1082,0x0020,0x1082,0x1082,0x0861,0x2945,0x2104,0x2945,0x10A2,0x10A2,0x2945,
0x18C3,0x18E3,0x10A2,0x0861,0x18E3,0x10A2,0x18E3,0x2124,0x10A2,0x1082,0x0861,0x18E3,0x2945,0x18E3,0x10A2,0x4A49,
0x8C51,0x2104,0x1082,0x1082,0x2124,0x1082,0x18E3,0x0861,0x2124,0x0841,0x10A2,0x10A2,0x0841,0x2945,0x2104,0x1082,
0x1082,0x1082,0x0861,0x18E3,0x2104,0x18C3,0x2124,0x2124,0x10A2,0x2104,0x1082,0x18E3,0x18E3,0x18E3,0x1082,0x2965,
0x2124,0x10A2,0x2124,0x2945,0x3186,0x39E7,0x4228,0x3186,0x4208,0x6B4D,0x632C,0x5ACB,0x39E7,0x4A69,0x6B6D,0x52AA,
0x52AA,0x4A69,0x632C,0x632C,0x4A69,0x52AA,0x5ACB,0x39E7,0x3186,0x2104,0x18C3,0x18C3,0x1082,0x0861,0x1082,0x1082,
0x3186,0x18E3,0x0020,0x10A2,0x1082,0x1082,0x18C3,0x1082,0x1082,0x10A2,0x18E3,0x18C3,0x18E3,0x18C3,0x1082,0x18C3,
0x2124,0x10A2,0x18C3,0x18C3,0x10A2,0x2945,0x2124,0x2124,0x10A2,0x18E3,0x0861,0x10A2,0x1082,0x10A2,0x2104,0x0861,
0x1082,0x1082,0x1082,0x0861,0x18C3,0x18E3,0x10A2,0x1082,0x18C3,0x18C3,0x18E3,0x18C3,0x10A2,0x2124,0x2945,0x2104,
0x2945,0x2104,0x18C3,0x2945,0x2104,0x2104,0x2124,0x2124,0x2104,0x2124,0x2945,0x2104,0x2124,0x2124,0x2965,0x31A6,
0x2104,0x31A6,0x31A6,0x3186,0x4208,0x31A6,0x2965,0x39C7,0x2124,0x2124,0x31A6,0x2124,0x2104,0x2124,0x2104,0x18C3,
0x18E3,0x18C3,0x0841,0x0000,0x0841,0x0861,0x0020,0x0020,0x0020,0x0861,0x0841,0x2104,0x0841,0x0861,0x1082,0x10A2,
0x0841,0x0020,0x2104,0x0841,0x18C3,0x10A2,0x0020,0x0861,0x18C3,0x0841,0x1082,0x0841,0x0020,0x0841,0x0841,0x0841,
0x0861,0x0020,0x0841,0x0841,0x0020,0x0000,0x1082,0x0841,0x0020,0x0020,0x0861,0x0020,0x0861,0x0020,0x1082,0x1082,
0x18C3,0x2104,0x2124,0x18C3,0x1082,0x1082,0x0000,0x10A2,0x0841,0x0020,0x18C3,0x10A2,0x18E3,0x2104,0x1082,0x1082,
0x18E3,0x2124,0x31A6,0x3186,0x2945,0x2104,0x2104,0x1082,0x2104,0x10A2,0x1082,0x0861,0x18C3,0x18E3,0x0020,0x18C3,
0x2124,0x2104,0x18C3,0x18C3,0x39C7,0x2104,0x18C3,0x2124,0x1082,0x18E3,0x10A2,0x0020,0x0000,0x1082,0x2104,0x0861,
0x0841,0x10A2,0x0861,0x18E3,0x10A2,0x1082,0x0861,0x1082,0x0020,0x0841,0x0020,0x10A2,0x1082,0x0861,0x1082,0x18C3,
0x1082,0x0861,0x0861,0x1082,0x0841,0x0841,0x0861,0x1082,0x18E3,0x3186,0x2124,0x0861,0x1082,0x0020,0x39C7,0x10A2,
0x1082,0x18C3,0x10A2,0x1082,0x1082,0x0861,0x10A2,0x10A2,0x10A2,0x18E3,0x10A2,0x10A2,0x0000,0x0861,0x1082,0x0861,
0x18C3,0x0841,0x2124,0x2124,0x0861,0x1082,0x1082,0x18E3,0x1082,0x10A2,0x18C3,0x2124,0x2124,0x18C3,0x0861,0x0861,
0x10A2,0x18E3,0x4228,0x18C3,0x0861,0x10A2,0x10A2,0x18C3,0x0861,0x10A2,0x1082,0x0861,0x0861,0x2965,0x18E3,0x18E3,
0x2965,0x10A2,0x0861,0x1082,0x1082,0x0841,0x1082,0x31A6,0x3186,0x10A2,0x0861,0x1082,0x1082,0x0861,0x18E3,0x0861,
0x1082,0x0861,0x0861,0x18C3,0x18C3,0x0841,0x2104,0x2124,0x18E3,0x18E3,0x2945,0x2104,0x2104,0x18C3,0x2104,0x18E3,
0x2124,0x2945,0x2104,0x39C7,0x3186,0x5AEB,0x52AA,0x3186,0x5ACB,0x6B4D,0x52AA,0x528A,0x5ACB,0x5ACB,0x4A69,0x52AA,
0x52AA,0x6B6D,0x738E,0x528A,0x738E,0x528A,0x39E7,0x31A6,0x4A49,0x2945,0x2104,0x18E3,0x1082,0x10A2,0x18C3,0x0020,
0x0861,0x0020,0x0000,0x1082,0x1082,0x10A2,0x1082,0x0861,0x18E3,0x1082,0x10A2,0x18C3,0x18E3,0x1082,0x0841,0x10A2,
0x0841,0x18E3,0x2945,0x2945,0x10A2,0x18E3,0x18E3,0x1082,0x2945,0x10A2,0x1082,0x1082,0x0861,0x0861,0x1082,0x10A2,
0x1082,0x0861,0x1082,0x10A2,0x0841,0x0861,0x2104,0x2104,0x2945,0x2104,0x2104,0x18E3,0x39C7,0x2104,0x2945,0x18E3,
0x1082,0x2945,0x18C3,0x2124,0x2124,0x18E3,0x1082,0x2124,0x2945,0x18E3,0x2124,0x2945,0x2104,0x2945,0x39C7,0x2965,
0x3186,0x3186,0x4208,0x39C7,0x4208,0x4208,0x3186,0x2124,0x2124,0x3186,0x31A6,0x2104,0x2124,0x18C3,0x1082,0x18E3,
0x18C3,0x2104,0x0841,0x0020,0x0861,0x0841,0x0861,0x0841,0x0861,0x0861,0x0020,0x0861,0x1082,0x0020,0x18E3,0x0861,
0x0000,0x18E3,0x31A6,0x0020,0x0861,0x39C7,0x39C7,0x2945,0x3186,0x0861,0x1082,0x10A2,0x0020,0x0020,0x0841,0x0841,
0x0000,0x0861,0x0020,0x1082,0x10A2,0x0841,0x0000,0x0841,0x0861,0x0841,0x0841,0x0841,0x0020,0x0020,0x1082,0x18E3,
0x4A49,0x39C7,0x31A6,0x18C3,0x0841,0x0020,0x1082,0x18E3,0x10A2,0x0000,0x18E3,0x2124,0x4A49,0x1082,0x1082,0x10A2,
0x0861,0x2124,0x2124,0x2124,0x9CD3,0x39E7,0x10A2,0x2104,0x18C3,0x1082,0x1082,0x18C3,0x18C3,0x2104,0x0861,0x18E3,
0x39C7,0x2104,0x18E3,0x2104,0x2965,0x2945,0x2124,0x18C3,0x2104,0x2124,0x18E3,0x2945,0x2124,0x1082,0x1082,0x1082,
0x10A2,0x1082,0x0020,0x1082,0x1082,0x1082,0x0841,0x1082,0x10A2,0x2124,0x0861,0x18C3,0x1082,0x0861,0x18C3,0x1082,
0x10A2,0x1082,0x1082,0x0841,0x0841,0x1082,0x0841,0x18C3,0x1082,0x2124,0x1082,0x10A2,0x1082,0x1082,0x2124,0x18C3,
0x1082,0x1082,0x3186,0x10A2,0x18C3,0x18E3,0x0861,0x18C3,0x10A2,0x1082,0x0000,0x0020,0x10A2,0x10A2,0x0861,0x2124,
0x1082,0x18C3,0x0861,0x1082,0x4228,0x31A6,0x10A2,0x10A2,0x18E3,0x2124,0x1082,0x18E3,0x10A2,0x1082,0x10A2,0x10A2,
0x0861,0x2104,0x2104,0x2124,0x10A2,0x18C3,0x2104,0x10A2,0x1082,0x0841,0x10A2,0x18C3,0x0841,0x1082,0x31A6,0x2124,
0x10A2,0x2104,0x0861,0x1082,0x1082,0x18C3,0x1082,0x3186,0x31A6,0x10A2,0x18C3,0x10A2,0x1082,0x0861,0x1082,0x18C3,
0x0861,0x18C3,0x2104,0x1082,0x18C3,0x0861,0x18C3,0x10A2,0x10A2,0x2965,0x3186,0x10A2,0x31A6,0x2124,0x2945,0x2124,
0x2104,0x2965,0x2965,0x73AE,0x5ACB,0x39E7,0x31A6,0x3186,0x528A,0x6B6D,0x528A,0x4A69,0x52AA,0x52AA,0x4228,0x52AA,
0x52AA,0x4A69,0x52AA,0x52AA,0x5ACB,0x39E7,0x39C7,0x2104,0x2104,0x18C3,0x1082,0x0861,0x1082,0x10A2,0x1082,0x1082,
0x0861,0x0841,0x0841,0x0841,0x0020,0x0861,0x0841,0x0861,0x1082,0x0861,0x10A2,0x10A2,0x1082,0x1082,0x1082,0x1082,
0x18C3,0x1082,0x0020,0x18C3,0x18C3,0x10A2,0x18E3,0x10A2,0x2124,0x10A2,0x18C3,0x18C3,0x1082,0x1082,0x1082,0x0861,
0x10A2,0x1082,0x0000,0x0861,0x18C3,0x2104,0x3186,0x1082,0x3186,0x632C,0x6B4D,0x4A49,0x31A6,0x2104,0x2104,0x2104,
0x2124,0x18C3,0x2945,0x2124,0x3186,0x2945,0x2945,0x18E3,0x2124,0x2945,0x3186,0x4A49,0x31A6,0x18E3,0x3186,0x39C7,
0x31A6,0x3186,0x4228,0x3186,0x39E7,0x4228,0x39C7,0x3186,0x2965,0x4A49,0x2104,0x2104,0x2124,0x39E7,0x2124,0x2945,
0x0000,0x1082,0x0020,0x0841,0x0841,0x0000,0x0841,0x0020,0x0841,0x0020,0x0000,0x0841,0x0020,0x0020,0x0841,0x0861,
0x0861,0x1082,0x18C3,0x0841,0x1082,0x39C7,0x9492,0x3186,0x2945,0x0861,0x1082,0x10A2,0x0841,0x0020,0x0841,0x0841,
0x0841,0x0861,0x0020,0x0841,0x10A2,0x0000,0x10A2,0x0861,0x0020,0x0841,0x0861,0x18C3,0x1082,0x0841,0x0841,0x10A2,
0x528A,0x8C71,0x2945,0x2104,0x0861,0x0841,0x10A2,0x0861,0x0861,0x1082,0x1082,0x0861,0x39C7,0x0841,0x1082,0x1082,
0x18C3,0x2124,0x18C3,0x2945,0x2965,0x2104,0x10A2,0x2124,0x18E3,0x0861,0x1082,0x18E3,0x18C3,0x18C3,0x2945,0x2104,
0x39E7,0x31A6,0x2124,0x3186,0x39C7,0x31A6,0x2104,0x2124,0x4208,0x8C51,0x6B6D,0x18C3,0x1082,0x1082,0x2104,0x1082,
0x1082,0x1082,0x1082,0x1082,0x0841,0x0861,0x0861,0x18C3,0x18C3,0x0861,0x1082,0x0841,0x18E3,0x18E3,0x1082,0x0861,
0x0861,0x39E7,0x18C3,0x0841,0x0841,0x0000,0x18E3,0x0861,0x0841,0x0841,0x0861,0x0861,0x10A2,0x1082,0x0861,0x1082,
0x0861,0x10A2,0x0000,0x10A2,0x2124,0x18E3,0x31A6,0x10A2,0x1082,0x1082,0x10A2,0x0000,0x2104,0x18E3,0x10A2,0x18E3,
0x10A2,0x0861,0x2124,0x2124,0x52AA,0x52AA,0x18C3,0x1082,0x10A2,0x2124,0x0861,0x18E3,0x18C3,0x1082,0x18C3,0x10A2,
0x0861,0x18E3,0x0861,0x10A2,0x1082,0x2124,0x18E3,0x18E3,0x18E3,0x1082,0x0861,0x18C3,0x1082,0x0841,0x2965,0x10A2,
0x1082,0x2124,0x10A2,0x0841,0x10A2,0x0861,0x0000,0x10A2,0x1082,0x2945,0x10A2,0x10A2,0x0861,0x18C3,0x2124,0x10A2,
0x0861,0x18C3,0x0861,0x0861,0x18C3,0x0861,0x2124,0x10A2,0x18C3,0x18E3,0x2124,0x18E3,0x2124,0x2945,0x31A6,0x3186,
0x3186,0x2965,0x31A6,0x2104,0x2965,0x4208,0x31A6,0x4208,0x52AA,0x6B4D,0x52AA,0x738E,0x5ACB,0x39E7,0x4228,0x528A,
0x6B4D,0x528A,0x4208,0x52AA,0x4A49,0x31A6,0x31A6,0x2124,0x0861,0x1082,0x0841,0x0020,0x1082,0x1082,0x0841,0x10A2,
0x0861,0x1082,0x1082,0x1082,0x0841,0x0841,0x0000,0x0020,0x0841,0x1082,0x18E3,0x10A2,0x0861,0x1082,0x1082,0x0861,
0x0020,0x18C3,0x10A2,0x2104,0x0861,0x0841,0x18C3,0x10A2,0x10A2,0x18E3,0x2104,0x18E3,0x0861,0x0020,0x2104,0x18E3,
0x0000,0x18C3,0x31A6,0x1082,0x0841,0x2104,0x10A2,0x2945,0x4A49,0x8430,0x8410,0x4228,0x2104,0x31A6,0x2104,0x2124,
0x4228,0x18C3,0x39C7,0x2124,0x18C3,0x18C3,0x2945,0x2104,0x18E3,0x2124,0x2945,0x2104,0x2965,0x39E7,0x3186,0x3186,
0x3186,0x2104,0x31A6,0x3186,0x4A49,0x3186,0x2104,0x31A6,0x31A6,0x2124,0x2104,0x31A6,0x2104,0x18E3,0x2945,0x18E3,
0x0841,0x0861,0x0841,0x0841,0x0841,0x0841,0x0841,0x0841,0x0020,0x1082,0x0861,0x0020,0x0841,0x0861,0x0000,0x0020,
0x1082,0x0020,0x1082,0x18C3,0x10A2,0x2945,0x18E3,0x18C3,0x0841,0x0020,0x0841,0x0861,0x0841,0x0020,0x0020,0x0841,
0x1082,0x0020,0x1082,0x0000,0x0861,0x18E3,0x0000,0x0861,0x1082,0x0861,0x0020,0x0861,0x0020,0x0841,0x0861,0x18E3,
0x18E3,0x4228,0x2124,0x0841,0x1082,0x2124,0x0861,0x0861,0x0841,0x1082,0x1082,0x0861,0x18E3,0x18E3,0x1082,0x1082,
0x0861,0x18C3,0x2945,0x2945,0x18E3,0x2104,0x2104,0x2124,0x2124,0x1082,0x0841,0x18C3,0x10A2,0x18C3,0x39C7,0x3186,
0x4228,0x3186,0x2104,0x18E3,0x18C3,0x0841,0x18C3,0x4A49,0x31A6,0x6B4D,0x528A,0x18C3,0x10A2,0x0841,0x2124,0x2945,
0x0861,0x1082,0x1082,0x10A2,0x1082,0x10A2,0x0861,0x10A2,0x1082,0x18C3,0x2104,0x10A2,0x10A2,0x0861,0x10A2,0x10A2,
0x0861,0x4208,0x31A6,0x0841,0x0000,0x0841,0x1082,0x1082,0x10A2,0x2965,0x1082,0x0861,0x0861,0x1082,0x18C3,0x1082,
0x1082,0x0861,0x0861,0x10A2,0x18E3,0x2104,0x18C3,0x1082,0x1082,0x0861,0x2124,0x18C3,0x1082,0x0861,0x10A2,0x0861,
0x1082,0x0861,0x18C3,0x2104,0x18C3,0x18C3,0x18E3,0x0861,0x0861,0x0861,0x0841,0x10A2,0x18E3,0x10A2,0x1082,0x0861,
0x1082,0x1082,0x18C3,0x0861,0x18C3,0x18C3,0x10A2,0x18C3,0x10A2,0x2124,0x1082,0x10A2,0x1082,0x1082,0x0000,0x39C7,
0x18C3,0x0841,0x2124,0x2965,0x0861,0x0861,0x2124,0x0841,0x1082,0x10A2,0x0000,0x18E3,0x18C3,0x0841,0x18C3,0x2945,
0x18E3,0x18E3,0x2945,0x2104,0x18C3,0x18E3,0x10A2,0x18E3,0x2124,0x2104,0x18E3,0x18C3,0x10A2,0x18C3,0x2104,0x2124,
0x6B4D,0x632C,0x31A6,0x18E3,0x39C7,0x31A6,0x31A6,0x4208,0x6B4D,0x6B4D,0x4A69,0x6B4D,0x52AA,0x52AA,0x6B4D,0x738E,
0x6B4D,0x5ACB,0x39E7,0x4228,0x4A49,0x3186,0x2965,0x2945,0x10A2,0x0841,0x0020,0x0841,0x0861,0x0861,0x0861,0x0841,
0x0020,0x1082,0x0020,0x0861,0x0841,0x0020,0x0841,0x0020,0x0841,0x0841,0x10A2,0x10A2,0x1082,0x1082,0x1082,0x1082,
0x39C7,0x3186,0x1082,0x1082,0x0861,0x1082,0x2104,0x18C3,0x18E3,0x0861,0x0841,0x0861,0x10A2,0x0861,0x1082,0x0020,
0x0861,0x1082,0x0841,0x0841,0x10A2,0x10A2,0x10A2,0x2945,0x3186,0x4228,0x5ACB,0x2965,0x2945,0x2945,0x2124,0x2124,
0x31A6,0x2945,0x18E3,0x2124,0x2124,0x2945,0x10A2,0x2104,0x2945,0x31A6,0x2124,0x2965,0x39C7,0x4208,0x4228,0x2104,
0x31A6,0x3186,0x31A6,0x3186,0x4208,0x3186,0x2104,0x2104,0x2124,0x3186,0x2104,0x4A69,0x2945,0x2104,0x18C3,0x18E3,
0x0841,0x0020,0x0841,0x0020,0x0020,0x0841,0x0020,0x0020,0x1082,0x0841,0x0020,0x1082,0x1082,0x0000,0x10A2,0x1082,
0x2104,0x0841,0x1082,0x1082,0x0841,0x0000,0x1082,0x18C3,0x0000,0x0841,0x0841,0x0020,0x0841,0x0020,0x0020,0x0841,
0x0841,0x0000,0x18E3,0x0861,0x0020,0x0000,0x5ACB,0x4A49,0x0841,0x0841,0x0020,0x1082,0x0841,0x0841,0x0020,0x0841,
0x1082,0x1082,0x10A2,0x10A2,0x1082,0x0020,0x18C3,0x0000,0x10A2,0x10A2,0x1082,0x10A2,0x18E3,0x18E3,0x4228,0x3186,
0x2104,0x0861,0x0861,0x2124,0x3186,0x2965,0x1082,0x10A2,0x10A2,0x2104,0x2104,0x18C3,0x0861,0x2965,0x4208,0x52AA,
0x2124,0x10A2,0x2124,0x18C3,0x18C3,0x1082,0x2945,0x2104,0x18C3,0x2104,0x18C3,0x2124,0x18E3,0x0861,0x0841,0x0841,
0x18E3,0x10A2,0x0841,0x1082,0x10A2,0x1082,0x0861,0x1082,0x1082,0x10A2,0x31A6,0x39E7,0x2104,0x2104,0x0841,0x18E3,
0x1082,0x3186,0x2124,0x0861,0x10A2,0x10A2,0x18C3,0x1082,0x10A2,0x31A6,0x0861,0x10A2,0x0000,0x1082,0x10A2,0x1082,
0x4208,0x4228,0x18C3,0x10A2,0x0861,0x0000,0x0841,0x1082,0x1082,0x0861,0x18C3,0x18E3,0x0861,0x0841,0x0861,0x1082,
0x10A2,0x1082,0x10A2,0x0861,0x0841,0x10A2,0x0841,0x10A2,0x10A2,0x0861,0x0861,0x1082,0x18C3,0x0861,0x0861,0x10A2,
0x18C3,0x0841,0x1082,0x18C3,0x2965,0x5ACB,0x4228,0x10A2,0x10A2,0x2945,0x0861,0x2945,0x2104,0x1082,0x10A2,0x18C3,
0x1082,0x1082,0x0861,0x18C3,0x10A2,0x10A2,0x10A2,0x10A2,0x0861,0x1082,0x1082,0x0841,0x10A2,0x10A2,0x2104,0x3186,
0x2124,0x18C3,0x4A49,0x4228,0x18C3,0x18C3,0x10A2,0x2104,0x18C3,0x18C3,0x10A2,0x10A2,0x2124,0x18E3,0x2104,0x31A6,
0x4228,0x5ACB,0x31A6,0x3186,0x3186,0x3186,0x3186,0x632C,0x6B4D,0x6B6D,0x6B6D,0x6B4D,0x630C,0x6B6D,0x52AA,0x528A,
0x4A69,0x4228,0x3186,0x4208,0x3186,0x31A6,0x2965,0x18E3,0x1082,0x0841,0x0020,0x0020,0x0841,0x0841,0x0841,0x0861,
0x0861,0x10A2,0x0020,0x0861,0x0020,0x0020,0x0861,0x0841,0x0020,0x0000,0x0841,0x0841,0x0841,0x1082,0x0861,0x0861,
0x2124,0x18C3,0x0861,0x10A2,0x10A2,0x1082,0x1082,0x18C3,0x18C3,0x1082,0x2124,0x18C3,0x18E3,0x10A2,0x0861,0x1082,
0x1082,0x1082,0x18C3,0x0861,0x1082,0x2945,0x2945,0x2124,0x18E3,0x10A2,0x2124,0x2104,0x39C7,0x2104,0x2124,0x18E3,
0x1082,0x39C7,0x2104,0x31A6,0x31A6,0x18C3,0x18C3,0x2945,0x2104,0x31A6,0x2965,0x4208,0x4228,0x2104,0x3186,0x2124,
0x31A6,0x31A6,0x39E7,0x31A6,0x3186,0x31A6,0x39C7,0x2104,0x2104,0x31A6,0x18E3,0x18C3,0x2965,0x2124,0x2104,0x18C3,
0x0841,0x0020,0x0861,0x0861,0x0841,0x0841,0x0841,0x0861,0x1082,0x73AE,0x3186,0x0861,0x1082,0x1082,0x0000,0x1082,
0x1082,0x0841,0x0020,0x0020,0x0000,0x1082,0x0000,0x0000,0x0841,0x10A2,0x0861,0x0841,0x0841,0x0841,0x0841,0x0861,
0x0841,0x0841,0x0020,0x0841,0x0861,0x0861,0x31A6,0x2104,0x0861,0x0841,0x0020,0x0841,0x0020,0x0841,0x0020,0x0020,
0x0861,0x10A2,0x0020,0x18E3,0x0020,0x10A2,0x0861,0x18E3,0x2124,0x4208,0x18E3,0x0861,0x2104,0x2124,0x73AE,0x4A69,
0x1082,0x0861,0x0841,0x1082,0x18E3,0x18C3,0x10A2,0x2104,0x2945,0x18C3,0x0841,0x0861,0x2965,0x528A,0x4228,0x3186,
0x0000,0x10A2,0x10A2,0x0000,0x18E3,0x2104,0x18E3,0x0020,0x0861,0x18C3,0x10A2,0x18C3,0x0020,0x10A2,0x10A2,0x1082,
0x18C3,0x2104,0x10A2,0x1082,0x0861,0x0841,0x10A2,0x18C3,0x18C3,0x31A6,0x528A,0x8430,0x4228,0x10A2,0x1082,0x2965,
0x18E3,0x1082,0x18C3,0x1082,0x2104,0x2124,0x0861,0x1082,0x0841,0x0841,0x1082,0x0861,0x10A2,0x0861,0x0861,0x1082,
0x4208,0x4A49,0x0861,0x10A2,0x18E3,0x0841,0x18C3,0x0020,0x1082,0x2945,0x18C3,0x1082,0x0861,0x18C3,0x1082,0x0861,
0x0020,0x1082,0x1082,0x2124,0x18C3,0x1082,0x10A2,0x0020,0x0861,0x1082,0x18C3,0x18C3,0x18E3,0x1082,0x0861,0x1082,
0x18C3,0x10A2,0x18C3,0x18C3,0x2124,0x8C51,0x52AA,0x10A2,0x0861,0x10A2,0x18C3,0x0861,0x5AEB,0x73AE,0x18C3,0x10A2,
0x1082,0x10A2,0x0861,0x10A2,0x0861,0x0861,0x0861,0x18C3,0x1082,0x18C3,0x0841,0x1082,0x18E3,0x0861,0x2945,0x2945,
0x2104,0x9492,0x630C,0x2124,0x2945,0x10A2,0x2104,0x10A2,0x2124,0x18C3,0x2124,0x2945,0x2104,0x18E3,0x2945,0x2104,
0x18E3,0x31A6,0x18E3,0x39C7,0x4208,0x3186,0x4228,0x6B4D,0x6B4D,0x630C,0x6B4D,0x632C,0x5ACB,0x5ACB,0x39C7,0x4228,
0x4228,0x4228,0x31A6,0x4228,0x2965,0x31A6,0x2104,0x18E3,0x0861,0x10A2,0x0861,0x0020,0x0841,0x0020,0x0020,0x1082,
0x0861,0x1082,0x1082,0x18E3,0x1082,0x0841,0x0841,0x0000,0x0841,0x0841,0x0841,0x0020,0x0841,0x0841,0x0020,0x0841,
0x0841,0x1082,0x18E3,0x10A2,0x18C3,0x2945,0x18E3,0x18C3,0x10A2,0x0861,0x18C3,0x0000,0x1082,0x10A2,0x1082,0x10A2,
0x1082,0x0861,0x1082,0x2124,0x2124,0x0861,0x0861,0x18E3,0x10A2,0x18E3,0x2124,0x2104,0x18C3,0x10A2,0x2104,0x39C7,
0x2124,0x39C7,0x2104,0x2104,0x2945,0x10A2,0x2124,0x2104,0x2124,0x2124,0x39C7,0x2124,0x31A6,0x31A6,0x3186,0x39C7,
0x2124,0x18E3,0x31A6,0x4228,0x31A6,0x2965,0x2124,0x2945,0x39C7,0x2124,0x18E3,0x2945,0x1082,0x10A2,0x2945,0x2124,
0x0841,0x0020,0x0020,0x0020,0x0020,0x0020,0x0841,0x0020,0x0020,0x31A6,0x10A2,0x1082,0x10A2,0x0841,0x0841,0x1082,
0x1082,0x0000,0x0841,0x0841,0x0020,0x0020,0x0861,0x2124,0x0861,0x10A2,0x0861,0x0841,0x0020,0x0020,0x0861,0x0841,
0x0020,0x0841,0x0841,0x0020,0x0841,0x10A2,0x0020,0x0841,0x0020,0x0841,0x0020,0x0020,0x0020,0x0841,0x0841,0x0020,
0x0000,0x0841,0x0841,0x1082,0x0020,0x0841,0x1082,0x0861,0x18C3,0x4228,0x10A2,0x1082,0x10A2,0x0861,0x2104,0x18E3,
0x1082,0x0841,0x0841,0x1082,0x18E3,0x10A2,0x2104,0x10A2,0x18E3,0x0861,0x1082,0x2945,0x3186,0x10A2,0x2945,0x18C3,
0x0841,0x0841,0x10A2,0x2945,0x18C3,0x1082,0x1082,0x1082,0x0020,0x1082,0x1082,0x1082,0x1082,0x18C3,0x10A2,0x18C3,
0x18C3,0x2945,0x18C3,0x1082,0x10A2,0x18E3,0x2124,0x18C3,0x10A2,0x2124,0x2104,0x31A6,0x2104,0x2945,0x3186,0x10A2,
0x18C3,0x1082,0x0861,0x18C3,0x2124,0x1082,0x0861,0x0020,0x1082,0x0020,0x0841,0x1082,0x18C3,0x18C3,0x1082,0x18C3,
0x18C3,0x1082,0x10A2,0x0020,0x0020,0x0861,0x18C3,0x1082,0x0861,0x18E3,0x18C3,0x10A2,0x1082,0x0861,0x1082,0x1082,
0x18C3,0x18C3,0x1082,0x1082,0x0861,0x0841,0x10A2,0x1082,0x0861,0x10A2,0x1082,0x10A2,0x18C3,0x10A2,0x1082,0x0841,
0x1082,0x2945,0x0861,0x18E3,0x10A2,0x2124,0x2124,0x1082,0x18C3,0x0861,0x10A2,0x18C3,0x2965,0x31A6,0x0861,0x1082,
0x1082,0x0861,0x0861,0x18C3,0x18C3,0x1082,0x10A2,0x0861,0x1082,0x18C3,0x1082,0x1082,0x0861,0x18C3,0x1082,0x10A2,
0x2945,0x4A69,0x4228,0x2124,0x2945,0x1082,0x18C3,0x2124,0x10A2,0x18E3,0x2104,0x2124,0x2124,0x2124,0x2124,0x2124,
0x31A6,0x2104,0x2945,0x2104,0x4228,0x4208,0x52AA,0x632C,0x6B6D,0x6B4D,0x6B6D,0x5ACB,0x39E7,0x4208,0x39C7,0x3186,
0x4228,0x2945,0x39C7,0x4228,0x2965,0x2124,0x2124,0x18C3,0x10A2,0x0861,0x0841,0x0020,0x0841,0x1082,0x1082,0x0841,
0x0841,0x0020,0x0861,0x10A2,0x0841,0x1082,0x1082,0x10A2,0x0841,0x0000,0x0841,0x10A2,0x18C3,0x0861,0x0841,0x2124,
0x10A2,0x0861,0x18C3,0x0861,0x0861,0x18E3,0x0841,0x18E3,0x0861,0x0020,0x0020,0x0841,0x18E3,0x0861,0x1082,0x18C3,
0x1082,0x1082,0x18E3,0x1082,0x31A6,0x4228,0x10A2,0x1082,0x1082,0x10A2,0x2124,0x18C3,0x18C3,0x2124,0x18C3,0x3186,
0x2104,0x3186,0x2945,0x2124,0x2104,0x2945,0x2124,0x2124,0x31A6,0x2124,0x2124,0x3186,0x31A6,0x18E3,0x4A69,0x2965,
0x2124,0x2945,0x31A6,0x3186,0x3186,0x39C7,0x18E3,0x2124,0x2104,0x2104,0x2945,0x2124,0x2124,0x18C3,0x2124,0x2124,
0x0841,0x0000,0x0841,0x0841,0x1082,0x0841,0x0841,0x0841,0x0841,0x0020,0x0841,0x1082,0x18E3,0x0841,0x0020,0x0020,
0x0841,0x0000,0x0861,0x18E3,0x0000,0x0861,0x0841,0x2124,0x2945,0x0000,0x10A2,0x0841,0x0020,0x0020,0x0020,0x10A2,
0x0841,0x0841,0x1082,0x10A2,0x0841,0x0020,0x0841,0x0841,0x10A2,0x0861,0x0020,0x0841,0x0000,0x0841,0x0841,0x0020,
0x0020,0x0841,0x0020,0x10A2,0x0861,0x0841,0x0861,0x1082,0x1082,0x2104,0x18E3,0x1082,0x10A2,0x0861,0x10A2,0x0861,
0x0841,0x18E3,0x18C3,0x0020,0x0020,0x1082,0x18E3,0x10A2,0x18C3,0x18C3,0x10A2,0x39C7,0x3186,0x1082,0x31A6,0x10A2,
0x0841,0x0020,0x2104,0x5ACB,0x0861,0x0861,0x0861,0x2124,0x0020,0x0841,0x0841,0x0020,0x0020,0x10A2,0x2104,0x2104,
0x3186,0x31A6,0x2965,0x2124,0x2965,0x1082,0x10A2,0x18C3,0x18C3,0x2945,0x10A2,0x18C3,0x2945,0x4A69,0x8C51,0x3186,
0x18C3,0x1082,0x0020,0x1082,0x0841,0x1082,0x1082,0x1082,0x1082,0x1082,0x0841,0x1082,0x0861,0x18C3,0x0841,0x18E3,
0x18E3,0x0000,0x0841,0x10A2,0x0020,0x0841,0x0020,0x0841,0x10A2,0x0000,0x0841,0x0000,0x18E3,0x10A2,0x10A2,0x0861,
0x1082,0x0861,0x18C3,0x0861,0x1082,0x0841,0x0861,0x0861,0x10A2,0x0020,0x1082,0x18C3,0x18C3,0x1082,0x0861,0x0020,
0x1082,0x18C3,0x1082,0x0861,0x0861,0x2945,0x2124,0x0861,0x1082,0x18C3,0x1082,0x18C3,0x1082,0x0841,0x18E3,0x18C3,
0x0861,0x1082,0x1082,0x1082,0x1082,0x0861,0x1082,0x10A2,0x10A2,0x18C3,0x1082,0x1082,0x18E3,0x10A2,0x18E3,0x18C3,
0x10A2,0x2965,0x10A2,0x18C3,0x2124,0x18C3,0x10A2,0x2945,0x2945,0x10A2,0x18E3,0x2104,0x2124,0x2104,0x2945,0x2104,
0x2124,0x18E3,0x2124,0x18E3,0x4228,0x52AA,0x528A,0x6B6D,0x6B4D,0x632C,0x6B6D,0x528A,0x4208,0x4228,0x2965,0x4228,
0x4228,0x3186,0x2945,0x2124,0x31A6,0x528A,0x4228,0x18C3,0x18E3,0x0861,0x10A2,0x1082,0x0020,0x1082,0x0020,0x0841,
0x0841,0x0841,0x0000,0x0841,0x0841,0x1082,0x1082,0x1082,0x1082,0x10A2,0x0861,0x18C3,0x1082,0x1082,0x0861,0x18C3,
0x0861,0x18C3,0x18E3,0x0020,0x1082,0x18C3,0x10A2,0x1082,0x18E3,0x0861,0x0841,0x0861,0x1082,0x1082,0x0861,0x1082,
0x0861,0x10A2,0x18E3,0x18C3,0x2104,0x4228,0x10A2,0x18C3,0x18C3,0x2124,0x18C3,0x18C3,0x18C3,0x2104,0x2124,0x2124,
0x2124,0x2104,0x31A6,0x18E3,0x2104,0x31A6,0x2124,0x2124,0x3186,0x2104,0x31A6,0x31A6,0x2965,0x2124,0x3186,0x31A6,
0x4208,0x39C7,0x2965,0x3186,0x31A6,0x2124,0x2945,0x10A2,0x2124,0x2104,0x18C3,0x2104,0x18C3,0x18C3,0x18E3,0x10A2,
0x0020,0x0841,0x0841,0x0841,0x0841,0x0841,0x0841,0x0020,0x0000,0x1082,0x1082,0x0020,0x0020,0x0841,0x0861,0x0861,
0x1082,0x0861,0x0000,0x1082,0x10A2,0x0841,0x0841,0x0841,0x0861,0x10A2,0x0020,0x0841,0x0861,0x1082,0x0020,0x0000,
0x0841,0x0020,0x0020,0x0841,0x0841,0x0020,0x0861,0x18C3,0x2945,0x0000,0x0841,0x0020,0x2945,0x0841,0x1082,0x0020,
0x0861,0x0861,0x0861,0x1082,0x0861,0x0861,0x1082,0x0841,0x1082,0x18C3,0x1082,0x1082,0x18E3,0x0841,0x0841,0x0841,
0x0020,0x1082,0x0861,0x0861,0x18E3,0x1082,0x10A2,0x2124,0x18C3,0x18C3,0x18C3,0x2104,0x2945,0x18E3,0x4228,0x2965,
0x0861,0x0861,0x1082,0x0020,0x0841,0x0841,0x0841,0x1082,0x0841,0x0841,0x0000,0x0861,0x0000,0x1082,0x18E3,0x39C7,
0x6B6D,0x8C51,0x632C,0x3186,0x18E3,0x18E3,0x2965,0x10A2,0x18C3,0x18C3,0x10A2,0x2124,0x10A2,0x31A6,0x4A69,0x2104,
0x0861,0x10A2,0x10A2,0x10A2,0x1082,0x10A2,0x0020,0x0861,0x1082,0x0861,0x1082,0x0861,0x1082,0x0861,0x10A2,0x0861,
0x0861,0x18C3,0x0861,0x0861,0x0861,0x0861,0x0861,0x0020,0x1082,0x0861,0x1082,0x10A2,0x1082,0x18E3,0x0861,0x10A2,
0x1082,0x0020,0x0861,0x0861,0x1082,0x0861,0x1082,0x18C3,0x0020,0x1082,0x18C3,0x0861,0x10A2,0x18E3,0x2104,0x1082,
0x1082,0x0861,0x1082,0x10A2,0x10A2,0x0861,0x0000,0x10A2,0x10A2,0x0861,0x18C3,0x10A2,0x10A2,0x10A2,0x0861,0x1082,
0x18C3,0x1082,0x10A2,0x2104,0x0861,0x1082,0x1082,0x0861,0x18E3,0x0841,0x0861,0x10A2,0x10A2,0x18C3,0x1082,0x1082,
0x10A2,0x2104,0x18E3,0x1082,0x2124,0x2124,0x18C3,0x2124,0x4228,0x2124,0x2104,0x2945,0x2124,0x3186,0x4208,0x2124,
0x2945,0x2945,0x2124,0x31A6,0x39C7,0x4208,0x6B4D,0x632C,0x632C,0x6B6D,0x6B4D,0x4208,0x4A49,0x39E7,0x4228,0x4208,
0x31A6,0x2104,0x2965,0x3186,0x31A6,0x5ACB,0x528A,0x18C3,0x18C3,0x1082,0x18C3,0x18C3,0x10A2,0x10A2,0x0020,0x0841,
0x0020,0x0841,0x0841,0x0841,0x0020,0x0841,0x1082,0x18C3,0x18E3,0x18C3,0x18C3,0x2124,0x2104,0x2104,0x18C3,0x2104,
0x10A2,0x10A2,0x1082,0x10A2,0x1082,0x1082,0x2124,0x10A2,0x1082,0x10A2,0x1082,0x18C3,0x1082,0x18C3,0x10A2,0x10A2,
0x18C3,0x1082,0x10A2,0x18C3,0x2945,0x2124,0x18C3,0x18C3,0x18E3,0x2124,0x18E3,0x18C3,0x18C3,0x18E3,0x2104,0x2104,
0x10A2,0x2965,0x2965,0x39C7,0x2945,0x18E3,0x2124,0x3186,0x31A6,0x39C7,0x39E7,0x39C7,0x3186,0x3186,0x31A6,0x2104,
0x3186,0x2965,0x31A6,0x31A6,0x3186,0x2124,0x2945,0x2124,0x2945,0x2104,0x39C7,0x0861,0x18E3,0x18E3,0x1082,0x2965,
0x0841,0x0020,0x0000,0x1082,0x0861,0x0000,0x0020,0x1082,0x0020,0x0841,0x0841,0x0841,0x0841,0x0020,0x0020,0x0861,
0x0861,0x0020,0x0861,0x0020,0x0020,0x0861,0x0841,0x0020,0x0020,0x0861,0x0841,0x0020,0x0861,0x0000,0x0841,0x0841,
0x0020,0x0861,0x0020,0x0020,0x0841,0x0020,0x0841,0x18C3,0x10A2,0x1082,0x0000,0x0000,0x4A69,0x18E3,0x0000,0x0861,
0x0020,0x0861,0x1082,0x0841,0x0841,0x0020,0x1082,0x0020,0x0841,0x0841,0x0841,0x0841,0x1082,0x0020,0x1082,0x0020,
0x0020,0x0861,0x0020,0x0020,0x1082,0x0841,0x0841,0x0861,0x10A2,0x2104,0x10A2,0x18C3,0x18C3,0x0861,0x0020,0x10A2,
0x18C3,0x1082,0x0861,0x0020,0x0020,0x0861,0x0000,0x0020,0x0020,0x0841,0x0841,0x18C3,0x1082,0x10A2,0x10A2,0x2965,
0x630C,0x8430,0x6B4D,0x2965,0x10A2,0x18C3,0x18E3,0x18C3,0x18C3,0x10A2,0x1082,0x18E3,0x1082,0x10A2,0x0020,0x10A2,
0x18E3,0x18C3,0x0861,0x10A2,0x0861,0x0020,0x10A2,0x18E3,0x1082,0x0841,0x1082,0x2965,0x1082,0x0000,0x1082,0x10A2,
0x0000,0x2965,0x18C3,0x0020,0x0841,0x0841,0x0000,0x0020,0x0020,0x1082,0x18E3,0x39E7,0x528A,0x2104,0x18C3,0x0861,
0x2124,0x10A2,0x1082,0x1082,0x1082,0x0861,0x0841,0x1082,0x1082,0x0841,0x0000,0x0861,0x2104,0x1082,0x1082,0x1082,
0x0861,0x10A2,0x1082,0x1082,0x0861,0x10A2,0x2945,0x18E3,0x10A2,0x2124,0x4A69,0x0861,0x0861,0x0861,0x10A2,0x0020,
0x10A2,0x0861,0x1082,0x2124,0x1082,0x10A2,0x1082,0x1082,0x10A2,0x18E3,0x0841,0x18E3,0x10A2,0x18E3,0x2104,0x0841,
0x18E3,0x18E3,0x18C3,0x1082,0x2124,0x2965,0x18C3,0x18C3,0x2965,0x39C7,0x2104,0x2104,0x3186,0x3186,0x2124,0x2104,
0x2945,0x2104,0x3186,0x4208,0x4208,0x6B6D,0x6B4D,0x8430,0x6B6D,0x632C,0x39E7,0x4228,0x4208,0x4228,0x4208,0x4228,
0x2965,0x2945,0x31A6,0x3186,0x2104,0x2104,0x2104,0x18C3,0x10A2,0x10A2,0x1082,0x1082,0x0861,0x0861,0x0020,0x0020,
0x0861,0x0841,0x0841,0x0020,0x0841,0x0861,0x1082,0x1082,0x2104,0x4228,0x4228,0x528A,0x39E7,0x2124,0x2104,0x0841,
0x1082,0x1082,0x10A2,0x10A2,0x18C3,0x1082,0x10A2,0x10A2,0x0841,0x18C3,0x0861,0x18C3,0x0841,0x1082,0x10A2,0x18E3,
0x18E3,0x0861,0x18E3,0x18C3,0x2945,0x1082,0x2945,0x2124,0x10A2,0x18E3,0x18E3,0x18C3,0x18E3,0x18E3,0x2104,0x18C3,
0x2104,0x3186,0x2124,0x2124,0x18E3,0x31A6,0x3186,0x39C7,0x3186,0x4228,0x31A6,0x4208,0x4228,0x3186,0x2965,0x39C7,
0x3186,0x2945,0x31A6,0x31A6,0x31A6,0x3186,0x2104,0x2104,0x1082,0x2124,0x2124,0x2945,0x2104,0x0861,0x2104,0x2104,
0x0020,0x2124,0x18C3,0x0841,0x0000,0x10A2,0x2104,0x0861,0x1082,0x0020,0x0020,0x18C3,0x18C3,0x0861,0x0020,0x18C3,
0x0841,0x0000,0x0841,0x1082,0x0841,0x0841,0x10A2,0x0841,0x18E3,0x18C3,0x0861,0x0000,0x2104,0x10A2,0x0000,0x0861,
0x0841,0x1082,0x1082,0x0861,0x0841,0x0841,0x0020,0x0841,0x0861,0x0000,0x0841,0x0861,0x0020,0x0020,0x1082,0x1082,
0x0020,0x0841,0x0861,0x0020,0x0020,0x0841,0x1082,0x0861,0x0841,0x1082,0x1082,0x10A2,0x0861,0x0020,0x0861,0x0020,
0x0861,0x0841,0x0841,0x0020,0x0020,0x1082,0x18E3,0x0841,0x10A2,0x0861,0x1082,0x2965,0x2124,0x18E3,0x0841,0x0841,
0x18C3,0x0020,0x0020,0x0841,0x0841,0x0841,0x0841,0x0861,0x0841,0x0841,0x0020,0x0000,0x1082,0x10A2,0x2945,0x31A6,
0x4208,0x52AA,0x4A49,0x2965,0x2965,0x18E3,0x0841,0x18C3,0x18C3,0x1082,0x18C3,0x0861,0x1082,0x10A2,0x0841,0x1082,
0x1082,0x1082,0x1082,0x0020,0x1082,0x0841,0x0000,0x2104,0x10A2,0x1082,0x0861,0x0841,0x0020,0x10A2,0x0841,0x1082,
0x1082,0x0000,0x2104,0x1082,0x0000,0x18C3,0x0841,0x10A2,0x1082,0x1082,0x0841,0x39E7,0x9492,0x3186,0x10A2,0x1082,
0x18E3,0x10A2,0x1082,0x0861,0x1082,0x0861,0x0841,0x1082,0x0841,0x1082,0x0861,0x1082,0x1082,0x0000,0x0861,0x1082,
0x18C3,0x1082,0x0020,0x0861,0x2945,0x3186,0x1082,0x1082,0x10A2,0x18C3,0x2945,0x0861,0x10A2,0x0861,0x18C3,0x0861,
0x0861,0x1082,0x0861,0x18C3,0x18C3,0x18C3,0x0861,0x10A2,0x18C3,0x2965,0x1082,0x0841,0x0861,0x18E3,0x0861,0x18E3,
0x18E3,0x18C3,0x0841,0x10A2,0x18E3,0x18C3,0x18C3,0x18C3,0x2124,0x3186,0x2124,0x2104,0x3186,0x3186,0x2104,0x31A6,
0x39C7,0x52AA,0x5ACB,0x5ACB,0x632C,0x6B4D,0x8C71,0x6B4D,0x4A69,0x4208,0x4A49,0x2945,0x4A69,0x3186,0x3186,0x18C3,
0x18E3,0x18C3,0x18C3,0x18C3,0x10A2,0x1082,0x0861,0x10A2,0x1082,0x10A2,0x0020,0x0841,0x0841,0x0841,0x0020,0x0841,
0x0020,0x0841,0x1082,0x0841,0x0841,0x0020,0x0861,0x10A2,0x0861,0x31A6,0x6B4D,0x8C51,0x5ACB,0x2124,0x10A2,0x2104,
0x0861,0x1082,0x1082,0x2104,0x18E3,0x0861,0x2124,0x0841,0x2945,0x2124,0x0861,0x18C3,0x10A2,0x10A2,0x10A2,0x1082,
0x10A2,0x18C3,0x18C3,0x2104,0x10A2,0x2945,0x2104,0x2124,0x2124,0x2104,0x18C3,0x10A2,0x2124,0x2945,0x3186,0x2945,
0x3186,0x4208,0x31A6,0x31A6,0x39E7,0x2124,0x31A6,0x2965,0x4228,0x39E7,0x2965,0x39C7,0x2965,0x3186,0x31A6,0x2104,
0x31A6,0x2965,0x4208,0x3186,0x2945,0x3186,0x2104,0x2965,0x18E3,0x2965,0x10A2,0x18C3,0x2945,0x18C3,0x10A2,0x2945,
0x1082,0x1082,0x0000,0x0861,0x0020,0x0000,0x0020,0x0841,0x0020,0x0020,0x0020,0x0841,0x0020,0x0841,0x0020,0x10A2,
0x4208,0x18C3,0x0841,0x0841,0x0861,0x0841,0x0000,0x0841,0x0020,0x0841,0x0861,0x10A2,0x0020,0x1082,0x0020,0x0020,
0x0841,0x0000,0x0020,0x0841,0x0841,0x0841,0x0841,0x0020,0x0000,0x0841,0x10A2,0x0841,0x0020,0x0020,0x0861,0x0020,
0x0861,0x0841,0x0020,0x0841,0x0020,0x0861,0x0841,0x0841,0x0020,0x0861,0x0861,0x2124,0x10A2,0x0861,0x0020,0x0841,
0x18C3,0x0020,0x0020,0x0841,0x0020,0x0000,0x0861,0x0000,0x0020,0x0020,0x0861,0x18C3,0x31A6,0x2104,0x10A2,0x0861,
0x0861,0x0841,0x0000,0x0861,0x1082,0x1082,0x0841,0x0000,0x0020,0x0841,0x0861,0x0861,0x18E3,0x18C3,0x2104,0x10A2,
0x2104,0x2945,0x2104,0x10A2,0x2124,0x2104,0x2945,0x2945,0x10A2,0x2104,0x1082,0x18E3,0x1082,0x1082,0x528A,0x0841,
0x0841,0x1082,0x1082,0x0841,0x1082,0x0841,0x18C3,0x0020,0x18C3,0x10A2,0x0000,0x1082,0x0841,0x1082,0x632C,0x2965,
0x10A2,0x1082,0x0841,0x1082,0x0841,0x0020,0x0841,0x0020,0x0000,0x0861,0x2124,0x18C3,0x2124,0x2104,0x2104,0x1082,
0x1082,0x1082,0x1082,0x0861,0x1082,0x10A2,0x1082,0x18C3,0x0000,0x0841,0x0861,0x1082,0x1082,0x1082,0x2945,0x18E3,
0x0861,0x1082,0x1082,0x31A6,0x18E3,0x0000,0x0861,0x1082,0x1082,0x0020,0x0020,0x18C3,0x10A2,0x10A2,0x0841,0x10A2,
0x1082,0x18C3,0x10A2,0x1082,0x18C3,0x10A2,0x0861,0x1082,0x2124,0x1082,0x0861,0x18E3,0x0841,0x1082,0x18C3,0x2104,
0x2104,0x18C3,0x18C3,0x18C3,0x18C3,0x1082,0x2104,0x3186,0x3186,0x3186,0x31A6,0x39C7,0x4208,0x4228,0x3186,0x4A69,
0x738E,0x5ACB,0x39C7,0x528A,0x738E,0x7BEF,0x632C,0x6B4D,0x5ACB,0x5AEB,0x52AA,0x4208,0x3186,0x2124,0x18C3,0x0861,
0x1082,0x0841,0x10A2,0x18C3,0x10A2,0x18E3,0x18C3,0x0000,0x0020,0x0861,0x0000,0x0841,0x0841,0x0020,0x0841,0x0841,
0x0861,0x0020,0x0020,0x0000,0x1082,0x1082,0x1082,0x0020,0x0861,0x2945,0x31A6,0x6B6D,0x4A49,0x18C3,0x18C3,0x1082,
0x1082,0x0861,0x10A2,0x1082,0x2124,0x18E3,0x0841,0x18E3,0x10A2,0x18E3,0x1082,0x18C3,0x18E3,0x18E3,0x2124,0x18E3,
0x18C3,0x18E3,0x18C3,0x18C3,0x18E3,0x2124,0x18C3,0x18C3,0x10A2,0x18E3,0x2104,0x2945,0x39C7,0x3186,0x3186,0x2104,
0x2965,0x4A69,0x3186,0x31A6,0x18C3,0x39C7,0x3186,0x3186,0x4228,0x4208,0x39C7,0x31A6,0x18E3,0x2124,0x2965,0x2945,
0x2124,0x2945,0x4208,0x39C7,0x3186,0x39E7,0x2104,0x2104,0x2965,0x18E3,0x2965,0x18C3,0x2124,0x18C3,0x18C3,0x18E3,
0x1082,0x0861,0x0020,0x1082,0x0861,0x0020,0x0020,0x0841,0x0841,0x0841,0x0841,0x0020,0x0020,0x0861,0x0841,0x10A2,
0x528A,0x5ACB,0x1082,0x1082,0x10A2,0x0020,0x0861,0x1082,0x0020,0x0861,0x0000,0x0841,0x0841,0x0841,0x0841,0x1082,
0x31A6,0x10A2,0x0861,0x10A2,0x0861,0x0841,0x0841,0x0020,0x0841,0x0841,0x0020,0x0000,0x0020,0x0841,0x0841,0x0020,
0x0020,0x0020,0x0861,0x1082,0x0020,0x0020,0x0020,0x0861,0x10A2,0x0861,0x1082,0x2965,0x0861,0x18C3,0x18E3,0x0000,
0x0841,0x0020,0x0020,0x0841,0x10A2,0x0020,0x0841,0x0861,0x1082,0x0020,0x18C3,0x2945,0x2104,0x1082,0x2104,0x18C3,
0x2104,0x18C3,0x0861,0x10A2,0x0841,0x10A2,0x1082,0x1082,0x1082,0x0861,0x0020,0x1082,0x0861,0x0841,0x1082,0x0861,
0x10A2,0x10A2,0x1082,0x1082,0x10A2,0x2104,0x6B6D,0x630C,0x2124,0x1082,0x18E3,0x2104,0x0841,0x10A2,0x2965,0x1082,
0x1082,0x10A2,0x18C3,0x0000,0x1082,0x18C3,0x0841,0x1082,0x1082,0x10A2,0x1082,0x0861,0x0861,0x0841,0x2124,0x2124,
0x1082,0x0000,0x18C3,0x1082,0x0000,0x10A2,0x0020,0x1082,0x1082,0x1082,0x0841,0x0020,0x18E3,0x1082,0x0000,0x10A2,
0x0020,0x0861,0x1082,0x0841,0x0861,0x0861,0x0020,0x0841,0x2945,0x1082,0x0841,0x10A2,0x18C3,0x1082,0x18E3,0x1082,
0x0861,0x1082,0x1082,0x10A2,0x18C3,0x18C3,0x1082,0x10A2,0x1082,0x1082,0x2124,0x10A2,0x0841,0x10A2,0x0861,0x10A2,
0x1082,0x1082,0x10A2,0x1082,0x0861,0x1082,0x10A2,0x0861,0x4228,0x4A49,0x18C3,0x18C3,0x2945,0x10A2,0x18E3,0x2945,
0x3186,0x2104,0x39C7,0x18E3,0x2124,0x2104,0x2104,0x2945,0x2945,0x2965,0x4208,0x4A69,0x528A,0x52AA,0x528A,0x738E,
0x3186,0x2965,0x4228,0x5AEB,0x630C,0x738E,0x738E,0x4A69,0x4208,0x4A69,0x39C7,0x4A69,0x3186,0x2124,0x18E3,0x1082,
0x1082,0x10A2,0x2124,0x2124,0x18E3,0x18C3,0x1082,0x0861,0x0861,0x10A2,0x0841,0x0841,0x0020,0x0020,0x0020,0x0020,
0x0020,0x0020,0x0861,0x0841,0x1082,0x1082,0x1082,0x0861,0x18E3,0x18E3,0x18C3,0x2124,0x10A2,0x2104,0x2104,0x18C3,
0x18C3,0x0861,0x0841,0x1082,0x18C3,0x0861,0x10A2,0x18C3,0x0861,0x2104,0x18E3,0x1082,0x0861,0x1082,0x18E3,0x10A2,
0x10A2,0x18E3,0x18C3,0x2104,0x2945,0x1082,0x18C3,0x18C3,0x10A2,0x18E3,0x18C3,0x18C3,0x2124,0x2945,0x2965,0x3186,
0x31A6,0x2104,0x3186,0x31A6,0x39E7,0x4228,0x31A6,0x4228,0x4208,0x4228,0x2965,0x2104,0x31A6,0x2965,0x2104,0x2945,
0x3186,0x2124,0x2945,0x2104,0x2104,0x3186,0x2945,0x2104,0x5AEB,0x2945,0x18C3,0x18C3,0x18C3,0x2124,0x4A69,0x1082,
0x0020,0x0841,0x0841,0x0020,0x0841,0x0841,0x0841,0x0020,0x0841,0x0000,0x0841,0x0020,0x0841,0x0841,0x0020,0x10A2,
0x18C3,0x2945,0x1082,0x0020,0x0020,0x0861,0x0000,0x0841,0x0861,0x0020,0x1082,0x10A2,0x1082,0x0020,0x1082,0x1082,
0x18C3,0x0841,0x0000,0x0020,0x0841,0x0841,0x0841,0x1082,0x0020,0x0861,0x18C3,0x2965,0x1082,0x1082,0x0861,0x10A2,
0x0020,0x0841,0x10A2,0x10A2,0x0841,0x0841,0x0841,0x10A2,0x0841,0x0020,0x1082,0x18E3,0x0841,0x2124,0x4208,0x18C3,
0x0020,0x0841,0x0841,0x0000,0x0841,0x0000,0x0841,0x0841,0x0000,0x0841,0x0841,0x2124,0x18E3,0x18C3,0x10A2,0x2945,
0x10A2,0x0020,0x18E3,0x2124,0x4A49,0x39E7,0x2104,0x2104,0x1082,0x0020,0x0000,0x0861,0x0020,0x0000,0x10A2,0x1082,
0x1082,0x0861,0x0861,0x10A2,0x0841,0x10A2,0x5ACB,0x5ACB,0x2945,0x10A2,0x18C3,0x18C3,0x1082,0x1082,0x0000,0x1082,
0x1082,0x0861,0x0861,0x1082,0x1082,0x0841,0x1082,0x0841,0x0861,0x1082,0x0861,0x0841,0x0841,0x10A2,0x0841,0x0020,
0x1082,0x18E3,0x18E3,0x1082,0x0861,0x1082,0x0000,0x10A2,0x1082,0x10A2,0x1082,0x18C3,0x2945,0x0841,0x0861,0x1082,
0x0841,0x10A2,0x18E3,0x1082,0x18C3,0x1082,0x0861,0x1082,0x18C3,0x0861,0x1082,0x1082,0x10A2,0x1082,0x18C3,0x18C3,
0x1082,0x0020,0x0020,0x18C3,0x10A2,0x0841,0x2104,0x0841,0x10A2,0x0841,0x18E3,0x0861,0x1082,0x0861,0x10A2,0x10A2,
0x0861,0x1082,0x1082,0x10A2,0x0861,0x1082,0x10A2,0x10A2,0x1082,0x18C3,0x18E3,0x10A2,0x4208,0x31A6,0x18C3,0x2104,
0x31A6,0x2124,0x31A6,0x2124,0x2124,0x2124,0x18C3,0x2104,0x31A6,0x4208,0x6B4D,0x738E,0x52AA,0x4208,0x4208,0x3186,
0x2124,0x39C7,0x39E7,0x52AA,0x52AA,0x630C,0x528A,0x4228,0x4208,0x4A69,0x31A6,0x2965,0x2104,0x3186,0x2945,0x0861,
0x0861,0x1082,0x0861,0x10A2,0x2124,0x18C3,0x1082,0x2945,0x18E3,0x18C3,0x1082,0x1082,0x0020,0x0841,0x0861,0x0841,
0x0841,0x0841,0x0020,0x0841,0x1082,0x18C3,0x10A2,0x0861,0x0861,0x1082,0x1082,0x18C3,0x0861,0x0861,0x39C7,0x4208,
0x18C3,0x1082,0x1082,0x0861,0x18E3,0x18E3,0x18C3,0x18E3,0x18C3,0x18C3,0x0861,0x0861,0x1082,0x18E3,0x18E3,0x18C3,
0x1082,0x2104,0x1082,0x3186,0x10A2,0x2104,0x18C3,0x18E3,0x1082,0x2104,0x18C3,0x18C3,0x2124,0x2945,0x2945,0x39C7,
0x3186,0x3186,0x3186,0x31A6,0x2965,0x2965,0x4228,0x4208,0x39E7,0x39C7,0x39C7,0x3186,0x31A6,0x2104,0x31A6,0x18E3,
0x2945,0x2104,0x2104,0x2945,0x18C3,0x18C3,0x2104,0x18E3,0x2124,0x2104,0x18C3,0x18C3,0x18C3,0x10A2,0x2124,0x18E3,
0x0861,0x0020,0x0841,0x0020,0x0841,0x0841,0x0841,0x0841,0x0841,0x0841,0x18C3,0x0841,0x0020,0x0020,0x0841,0x2104,
0x2945,0x0020,0x0841,0x0841,0x0841,0x18E3,0x0020,0x0841,0x0020,0x0020,0x1082,0x2124,0x4208,0x5AEB,0x2124,0x1082,
0x0020,0x0861,0x0861,0x0020,0x0841,0x0841,0x0020,0x0841,0x0841,0x0020,0x0861,0x18E3,0x0841,0x0841,0x0020,0x0020,
0x0861,0x0000,0x0841,0x0000,0x0841,0x0841,0x0841,0x0841,0x0020,0x10A2,0x0861,0x0000,0x0861,0x0841,0x0861,0x0841,
0x0841,0x0020,0x0841,0x0841,0x0020,0x0841,0x2124,0x2124,0x1082,0x1082,0x0861,0x1082,0x18C3,0x2945,0x18C3,0x1082,
0x1082,0x1082,0x1082,0x2965,0x8430,0x8C71,0x2104,0x2104,0x18C3,0x0841,0x0861,0x1082,0x1082,0x0020,0x10A2,0x0000,
0x1082,0x0861,0x10A2,0x1082,0x1082,0x18C3,0x1082,0x10A2,0x18E3,0x18C3,0x18C3,0x0861,0x1082,0x18C3,0x10A2,0x1082,
0x1082,0x1082,0x1082,0x0841,0x0020,0x0861,0x1082,0x1082,0x3186,0x0861,0x1082,0x0020,0x0861,0x0020,0x0841,0x18E3,
0x1082,0x10A2,0x0000,0x0841,0x0020,0x0020,0x1082,0x0000,0x0020,0x0020,0x1082,0x1082,0x0861,0x0841,0x0861,0x1082,
0x0020,0x0861,0x18C3,0x0861,0x18C3,0x0861,0x0841,0x1082,0x18E3,0x1082,0x1082,0x1082,0x18E3,0x10A2,0x1082,0x1082,
0x18C3,0x0020,0x0841,0x0000,0x0861,0x0020,0x2124,0x18C3,0x0861,0x10A2,0x0841,0x18E3,0x1082,0x1082,0x1082,0x0861,
0x1082,0x2104,0x10A2,0x10A2,0x10A2,0x1082,0x0020,0x18E3,0x1082,0x10A2,0x0861,0x10A2,0x4A49,0x2965,0x3186,0x31A6,
0x3186,0x3186,0x2124,0x31A6,0x18E3,0x2124,0x2124,0x4208,0x528A,0x6B6D,0x52AA,0x39C7,0x39C7,0x2104,0x2124,0x2124,
0x2124,0x3186,0x4228,0x3186,0x4228,0x4228,0x4208,0x4228,0x2124,0x2104,0x2124,0x18E3,0x2104,0x31A6,0x2124,0x18C3,
0x18C3,0x1082,0x1082,0x1082,0x1082,0x1082,0x1082,0x18C3,0x1082,0x0861,0x0861,0x0861,0x0000,0x0841,0x0841,0x0020,
0x0020,0x0841,0x0841,0x0841,0x0020,0x1082,0x1082,0x1082,0x0861,0x0841,0x18E3,0x1082,0x0861,0x1082,0x2124,0x18C3,
0x1082,0x18E3,0x18C3,0x18E3,0x2124,0x2965,0x39E7,0x10A2,0x10A2,0x10A2,0x1082,0x18E3,0x0861,0x1082,0x0861,0x18E3,
0x18C3,0x10A2,0x18E3,0x18C3,0x1082,0x31A6,0x2124,0x0861,0x18C3,0x2945,0x10A2,0x10A2,0x2104,0x2124,0x2104,0x3186,
0x4208,0x4208,0x52AA,0x52AA,0x4208,0x4228,0x4228,0x4208,0x4A49,0x2965,0x2965,0x4228,0x5ACB,0x2965,0x4A49,0x31A6,
0x3186,0x18E3,0x10A2,0x3186,0x2104,0x18C3,0x2124,0x18C3,0x18C3,0x10A2,0x18C3,0x18C3,0x39C7,0x10A2,0x18C3,0x18C3,
0x1082,0x0841,0x0020,0x0020,0x0841,0x0020,0x0020,0x0841,0x18C3,0x18C3,0x0841,0x0841,0x0020,0x0020,0x0841,0x1082,
0x1082,0x0020,0x0841,0x0841,0x0000,0x18C3,0x0020,0x0861,0x0861,0x18C3,0x18E3,0x2104,0x8C51,0x8430,0x31A6,0x18C3,
0x10A2,0x0841,0x0841,0x0841,0x0020,0x0861,0x0841,0x0861,0x0861,0x0020,0x0841,0x0841,0x0000,0x0861,0x0841,0x0841,
0x0020,0x0841,0x0861,0x0020,0x0841,0x0841,0x0020,0x18C3,0x1082,0x1082,0x0000,0x1082,0x10A2,0x0000,0x0861,0x0020,
0x0841,0x0841,0x0020,0x0861,0x0861,0x0020,0x1082,0x2104,0x1082,0x0861,0x0841,0x0020,0x10A2,0x1082,0x0861,0x1082,
0x10A2,0x0861,0x1082,0x2124,0x5ACB,0x4208,0x18C3,0x1082,0x0020,0x0861,0x0020,0x0000,0x0841,0x0020,0x0020,0x0841,
0x0861,0x1082,0x1082,0x0841,0x18E3,0x10A2,0x0861,0x18C3,0x18E3,0x1082,0x1082,0x0861,0x0861,0x10A2,0x0861,0x0861,
0x0861,0x18C3,0x0000,0x1082,0x10A2,0x18E3,0x0020,0x4228,0x39C7,0x0841,0x1082,0x10A2,0x0000,0x0841,0x10A2,0x2104,
0x18E3,0x1082,0x1082,0x1082,0x1082,0x0861,0x1082,0x0020,0x0020,0x0020,0x0861,0x0861,0x18C3,0x2104,0x18C3,0x0861,
0x0020,0x18C3,0x2104,0x2124,0x10A2,0x18E3,0x18C3,0x0861,0x31A6,0x18C3,0x0020,0x1082,0x1082,0x1082,0x2104,0x18C3,
0x0841,0x0861,0x1082,0x1082,0x0861,0x18C3,0x0020,0x1082,0x1082,0x10A2,0x1082,0x0020,0x18C3,0x0861,0x1082,0x0861,
0x1082,0x10A2,0x10A2,0x18C3,0x18C3,0x1082,0x1082,0x0861,0x1082,0x18C3,0x18E3,0x18C3,0x18E3,0x39C7,0x39E7,0x8C51,
0x5ACB,0x3186,0x3186,0x4208,0x2965,0x4228,0x4A69,0x5ACB,0x52AA,0x52AA,0x31A6,0x2104,0x1082,0x0841,0x0861,0x10A2,
0x18C3,0x2104,0x18C3,0x1082,0x18C3,0x2104,0x2124,0x18C3,0x10A2,0x18E3,0x10A2,0x0861,0x18C3,0x2124,0x2124,0x18C3,
0x18C3,0x0861,0x1082,0x10A2,0x0020,0x0841,0x1082,0x0841,0x0841,0x0020,0x1082,0x1082,0x10A2,0x10A2,0x0020,0x0020,
0x0861,0x0000,0x0861,0x1082,0x1082,0x0841,0x0841,0x0020,0x0020,0x0841,0x1082,0x0861,0x1082,0x1082,0x0020,0x10A2,
0x0861,0x10A2,0x1082,0x1082,0x2124,0x6B4D,0x52AA,0x18C3,0x10A2,0x10A2,0x1082,0x18E3,0x18E3,0x0020,0x2104,0x10A2,
0x18C3,0x2124,0x18C3,0x18C3,0x18E3,0x18C3,0x0861,0x2104,0x18C3,0x18C3,0x18C3,0x18C3,0x2124,0x2124,0x2124,0x3186,
0x3186,0x5ACB,0x8410,0x8430,0x52AA,0x4208,0x52AA,0x4228,0x4208,0x2124,0x3186,0x4228,0x52AA,0x2965,0x31A6,0x2104,
0x2124,0x10A2,0x18E3,0x2104,0x10A2,0x18E3,0x18C3,0x18E3,0x18E3,0x18C3,0x10A2,0x2124,0x2945,0x18C3,0x18E3,0x18E3,
0x1082,0x0841,0x0020,0x0841,0x0841,0x0841,0x0841,0x0841,0x0841,0x0861,0x0000,0x0841,0x0841,0x0861,0x0841,0x0020,
0x0020,0x0020,0x0841,0x0841,0x0841,0x0000,0x0841,0x0841,0x0020,0x31A6,0x738E,0x2124,0x39E7,0x5AEB,0x18C3,0x1082,
0x0861,0x0861,0x0020,0x0861,0x0020,0x0841,0x1082,0x0861,0x0000,0x0020,0x10A2,0x18E3,0x0861,0x0841,0x0000,0x0841,
0x1082,0x0020,0x0020,0x0841,0x0841,0x0020,0x0861,0x1082,0x0020,0x0861,0x0861,0x0020,0x0020,0x0861,0x0020,0x0841,
0x0841,0x0841,0x0841,0x0841,0x0020,0x0841,0x0841,0x1082,0x18C3,0x18C3,0x0020,0x0861,0x0861,0x1082,0x10A2,0x1082,
0x0861,0x1082,0x39C7,0x2104,0x10A2,0x18C3,0x1082,0x1082,0x0861,0x0861,0x0861,0x0020,0x18C3,0x0861,0x0861,0x1082,
0x2104,0x0020,0x0000,0x10A2,0x18C3,0x0841,0x10A2,0x18E3,0x0861,0x0841,0x1082,0x2104,0x18E3,0x18C3,0x18C3,0x0861,
0x1082,0x10A2,0x4A49,0x10A2,0x0861,0x0861,0x0841,0x2104,0x0841,0x0861,0x0841,0x0020,0x2104,0x18E3,0x0000,0x0841,
0x0000,0x0020,0x0841,0x0861,0x10A2,0x18E3,0x18C3,0x0000,0x10A2,0x0841,0x1082,0x0861,0x0861,0x2945,0x18C3,0x2945,
0x18C3,0x2104,0x31A6,0x4A49,0x2124,0x2124,0x0861,0x10A2,0x10A2,0x10A2,0x10A2,0x1082,0x0861,0x0020,0x2124,0x0020,
0x0020,0x0861,0x2104,0x18C3,0x0861,0x1082,0x18E3,0x1082,0x1082,0x1082,0x1082,0x0861,0x1082,0x0861,0x0861,0x10A2,
0x1082,0x10A2,0x1082,0x1082,0x0861,0x0861,0x18C3,0x2104,0x18E3,0x1082,0x18C3,0x18E3,0x2124,0x2124,0x52AA,0x8430,
0x632C,0x2945,0x2965,0x31A6,0x3186,0x6B4D,0x73AE,0x31A6,0x4A49,0x2965,0x2104,0x10A2,0x1082,0x1082,0x1082,0x0020,
0x0020,0x0861,0x0020,0x0841,0x18C3,0x3186,0x18E3,0x18E3,0x18E3,0x18E3,0x18C3,0x2104,0x2945,0x2124,0x18C3,0x0861,
0x1082,0x0020,0x1082,0x1082,0x1082,0x0861,0x10A2,0x0841,0x2124,0x2124,0x0861,0x0841,0x0841,0x0000,0x0841,0x0861,
0x0000,0x0841,0x0000,0x0000,0x0861,0x0841,0x10A2,0x1082,0x0020,0x0861,0x0020,0x1082,0x18C3,0x0861,0x0861,0x0861,
0x10A2,0x1082,0x1082,0x10A2,0x18C3,0x2104,0x2945,0x10A2,0x18C3,0x1082,0x0841,0x1082,0x10A2,0x10A2,0x18C3,0x1082,
0x2124,0x39C7,0x18C3,0x1082,0x18C3,0x18C3,0x18E3,0x3186,0x2124,0x18E3,0x18E3,0x10A2,0x2945,0x2104,0x2124,0x31A6,
0x31A6,0x39C7,0x8C71,0x8C51,0x39E7,0x5ACB,0x4208,0x3186,0x4A49,0x2945,0x31A6,0x2965,0x2124,0x31A6,0x3186,0x2124,
0x10A2,0x2965,0x2124,0x2945,0x18E3,0x18E3,0x2965,0x18E3,0x10A2,0x10A2,0x39C7,0x39C7,0x10A2,0x2104,0x18E3,0x1082,
0x0841,0x0841,0x0020,0x0020,0x0841,0x0841,0x0841,0x0841,0x0020,0x0841,0x0020,0x0020,0x0841,0x0861,0x0861,0x0841,
0x0841,0x0841,0x0020,0x0841,0x0841,0x0020,0x0841,0x0020,0x0841,0x18E3,0x2104,0x1082,0x1082,0x0861,0x1082,0x1082,
0x1082,0x5AEB,0x2124,0x0020,0x0841,0x0841,0x0861,0x0841,0x0861,0x0020,0x0841,0x1082,0x0020,0x0000,0x0841,0x18C3,
0x18C3,0x0000,0x0861,0x0020,0x0020,0x0000,0x0020,0x1082,0x0020,0x0841,0x0841,0x0020,0x0000,0x0861,0x0000,0x0861,
0x0841,0x0000,0x0841,0x0841,0x0020,0x0020,0x0841,0x0861,0x0000,0x0841,0x0841,0x0841,0x10A2,0x0841,0x10A2,0x18C3,
0x18C3,0x0861,0x2124,0x18C3,0x10A2,0x10A2,0x0000,0x0841,0x0020,0x0861,0x18C3,0x0000,0x0000,0x1082,0x1082,0x0020,
0x0020,0x1082,0x0861,0x0841,0x10A2,0x1082,0x1082,0x10A2,0x18E3,0x1082,0x10A2,0x18E3,0x10A2,0x0861,0x10A2,0x1082,
0x0861,0x18C3,0x4A49,0x18C3,0x0841,0x0861,0x1082,0x0000,0x0020,0x0861,0x0020,0x0000,0x0861,0x1082,0x0841,0x0841,
0x18C3,0x10A2,0x0861,0x0861,0x0841,0x0020,0x0841,0x0020,0x0020,0x0020,0x1082,0x1082,0x0020,0x0000,0x0861,0x2945,
0x39C7,0x39C7,0x6B6D,0x52AA,0x2965,0x2124,0x1082,0x18E3,0x0861,0x0861,0x0841,0x2104,0x2124,0x0000,0x0000,0x0841,
0x10A2,0x2104,0x0861,0x1082,0x0000,0x0861,0x3186,0x0841,0x0861,0x0841,0x0841,0x0861,0x0861,0x10A2,0x1082,0x18C3,
0x0861,0x0861,0x10A2,0x0861,0x2104,0x1082,0x18E3,0x10A2,0x18C3,0x18C3,0x2104,0x1082,0x2124,0x2124,0x39C7,0x4228,
0x31A6,0x39C7,0x31A6,0x2965,0x6B6D,0x4A49,0x39E7,0x5AEB,0x2104,0x0861,0x0861,0x0841,0x18C3,0x10A2,0x18C3,0x0861,
0x18E3,0x18E3,0x18C3,0x1082,0x2124,0x3186,0x1082,0x10A2,0x1082,0x1082,0x0861,0x10A2,0x2104,0x2124,0x2104,0x18C3,
0x0861,0x1082,0x0861,0x1082,0x0020,0x1082,0x1082,0x1082,0x1082,0x1082,0x0000,0x0861,0x1082,0x0020,0x0861,0x0000,
0x0841,0x31A6,0x2945,0x0861,0x0841,0x0020,0x18C3,0x18E3,0x0841,0x0020,0x0841,0x0841,0x0000,0x10A2,0x18C3,0x18C3,
0x0861,0x0000,0x1082,0x10A2,0x18C3,0x1082,0x18E3,0x18C3,0x2124,0x2945,0x1082,0x0861,0x18E3,0x2945,0x0841,0x10A2,
0x18C3,0x18C3,0x10A2,0x2104,0x18C3,0x2104,0x31A6,0x18C3,0x2945,0x1082,0x18E3,0x18E3,0x2104,0x2124,0x3186,0x3186,
0x31A6,0x4A49,0x39E7,0x4228,0x39E7,0x52AA,0x4208,0x4208,0x52AA,0x2104,0x39C7,0x31A6,0x3186,0x31A6,0x3186,0x3186,
0x18E3,0x2104,0x2104,0x18E3,0x1082,0x2945,0x3186,0x18C3,0x2945,0x2124,0x18C3,0x2124,0x2124,0x10A2,0x2124,0x2965,
0x0020,0x0841,0x0841,0x0841,0x0020,0x0841,0x0841,0x0020,0x0020,0x0841,0x0020,0x0020,0x0020,0x0020,0x0020,0x0841,
0x0841,0x0841,0x0841,0x0020,0x0000,0x1082,0x0000,0x0841,0x0841,0x0000,0x0000,0x0841,0x0841,0x0020,0x0841,0x0841,
0x0020,0x1082,0x1082,0x0861,0x0861,0x2124,0x2104,0x18C3,0x1082,0x0020,0x0000,0x0841,0x0020,0x0841,0x0841,0x1082,
0x0861,0x0000,0x0841,0x1082,0x18C3,0x0861,0x0861,0x0841,0x10A2,0x1082,0x0841,0x1082,0x0861,0x0020,0x0841,0x0020,
0x0841,0x0000,0x1082,0x0841,0x0841,0x0000,0x1082,0x0861,0x0841,0x0841,0x0861,0x0000,0x2945,0x18C3,0x0861,0x1082,
0x1082,0x10A2,0x0841,0x0841,0x1082,0x0841,0x0020,0x0020,0x0841,0x0020,0x10A2,0x0861,0x0841,0x0861,0x0841,0x1082,
0x2945,0x0000,0x1082,0x0020,0x0841,0x18E3,0x10A2,0x10A2,0x2124,0x18C3,0x18E3,0x10A2,0x1082,0x1082,0x0861,0x1082,
0x18E3,0x0841,0x0000,0x1082,0x1082,0x1082,0x1082,0x2965,0x1082,0x0020,0x0841,0x1082,0x0000,0x0020,0x10A2,0x0841,
0x0841,0x0841,0x1082,0x1082,0x10A2,0x0020,0x1082,0x10A2,0x1082,0x10A2,0x1082,0x0841,0x18C3,0x18E3,0x2124,0x1082,
0x3186,0x632C,0x8410,0x8430,0x4208,0x2945,0x18E3,0x0861,0x10A2,0x1082,0x18E3,0x0841,0x1082,0x10A2,0x10A2,0x0861,
0x0841,0x2965,0x0841,0x1082,0x18C3,0x1082,0x0861,0x10A2,0x1082,0x1082,0x1082,0x10A2,0x1082,0x1082,0x1082,0x1082,
0x18C3,0x18E3,0x0861,0x18C3,0x1082,0x18C3,0x18C3,0x18E3,0x18E3,0x18C3,0x1082,0x2965,0x2945,0x2104,0x31A6,0x2104,
0x31A6,0x2104,0x31A6,0x4A69,0x5AEB,0x5ACB,0x52AA,0x2965,0x1082,0x2104,0x18E3,0x0861,0x2104,0x1082,0x10A2,0x18C3,
0x2124,0x2104,0x2124,0x10A2,0x2945,0x2124,0x18C3,0x18C3,0x1082,0x18C3,0x1082,0x1082,0x18C3,0x18C3,0x1082,0x0000,
0x0020,0x0861,0x18E3,0x1082,0x1082,0x0020,0x0861,0x0020,0x0020,0x0020,0x0841,0x1082,0x1082,0x0841,0x0020,0x0861,
0x0020,0x18E3,0x18C3,0x0020,0x0020,0x0000,0x0841,0x0841,0x0020,0x0020,0x0861,0x1082,0x1082,0x10A2,0x0000,0x1082,
0x2104,0x1082,0x18C3,0x0861,0x1082,0x18C3,0x18C3,0x18C3,0x2104,0x18C3,0x18C3,0x18C3,0x18C3,0x2124,0x18C3,0x18C3,
0x18C3,0x18C3,0x1082,0x18C3,0x18E3,0x18E3,0x18E3,0x1082,0x2124,0x10A2,0x18E3,0x2124,0x18C3,0x2124,0x2945,0x2124,
0x2124,0x3186,0x31A6,0x2965,0x39C7,0x4208,0x31A6,0x3186,0x3186,0x2124,0x2104,0x39C7,0x2965,0x3186,0x2945,0x18C3,
0x10A2,0x2124,0x2124,0x2945,0x2124,0x2945,0x18E3,0x2104,0x2124,0x18C3,0x18C3,0x2124,0x31A6,0x10A2,0x2965,0x0861,
0x0020,0x0841,0x0861,0x0841,0x0841,0x0841,0x0841,0x0841,0x0861,0x0861,0x1082,0x10A2,0x10A2,0x1082,0x0841,0x0861,
0x0000,0x0861,0x0861,0x0020,0x0000,0x0861,0x0020,0x0861,0x0020,0x0841,0x10A2,0x0841,0x0020,0x10A2,0x0020,0x0020,
0x0861,0x0841,0x0020,0x0000,0x1082,0x5ACB,0x8C51,0x3186,0x1082,0x0861,0x0020,0x0841,0x0841,0x0861,0x0020,0x0020,
0x0020,0x1082,0x0020,0x0861,0x1082,0x0000,0x0861,0x0020,0x10A2,0x0861,0x0841,0x0841,0x0020,0x0020,0x18C3,0x0841,
0x0020,0x0861,0x1082,0x0841,0x0841,0x0841,0x18C3,0x0020,0x0861,0x0861,0x0000,0x0841,0x18C3,0x10A2,0x0020,0x0020,
0x0020,0x0861,0x0020,0x18C3,0x1082,0x0000,0x10A2,0x0861,0x0841,0x0000,0x0861,0x0000,0x1082,0x0020,0x0000,0x18E3,
0x2945,0x0000,0x10A2,0x10A2,0x1082,0x10A2,0x0841,0x0861,0x1082,0x18E3,0x1082,0x0841,0x1082,0x1082,0x1082,0x10A2,
0x18C3,0x10A2,0x1082,0x0861,0x10A2,0x18E3,0x0020,0x0861,0x0841,0x0020,0x0841,0x18C3,0x1082,0x0841,0x1082,0x0020,
0x0841,0x0841,0x1082,0x0841,0x10A2,0x0861,0x10A2,0x0861,0x1082,0x0020,0x0861,0x18C3,0x0861,0x0861,0x0861,0x31A6,
0x31A6,0x52AA,0x8C51,0x6B4D,0x31A6,0x10A2,0x0861,0x1082,0x10A2,0x1082,0x0861,0x1082,0x1082,0x0861,0x0000,0x18C3,
0x2124,0x0841,0x18C3,0x1082,0x1082,0x0861,0x0861,0x10A2,0x0020,0x0861,0x1082,0x1082,0x0861,0x0841,0x10A2,0x0861,
0x18E3,0x2104,0x18C3,0x18E3,0x0861,0x1082,0x18C3,0x2124,0x10A2,0x18C3,0x10A2,0x10A2,0x18E3,0x2945,0x10A2,0x31A6,
0x31A6,0x2124,0x2965,0x6B6D,0x632C,0x632C,0x31A6,0x0841,0x0020,0x2965,0x2104,0x2104,0x2104,0x0861,0x0861,0x0841,
0x1082,0x1082,0x18C3,0x10A2,0x2104,0x2104,0x2945,0x2104,0x0861,0x1082,0x0841,0x0861,0x18E3,0x2104,0x18E3,0x0841,
0x0000,0x10A2,0x1082,0x10A2,0x0020,0x0841,0x0020,0x0841,0x0841,0x1082,0x0841,0x0841,0x1082,0x0841,0x0000,0x0861,
0x1082,0x0000,0x0841,0x0861,0x10A2,0x0861,0x0020,0x0841,0x0861,0x10A2,0x0841,0x10A2,0x0861,0x18E3,0x18C3,0x0841,
0x0841,0x18E3,0x2104,0x18E3,0x31A6,0x2945,0x18E3,0x2104,0x18C3,0x18E3,0x18C3,0x10A2,0x18E3,0x18C3,0x18C3,0x18E3,
0x2104,0x2104,0x2104,0x18C3,0x18C3,0x10A2,0x10A2,0x2124,0x18C3,0x2945,0x18E3,0x18C3,0x18E3,0x2124,0x10A2,0x2124,
0x2124,0x2104,0x39E7,0x2124,0x2945,0x3186,0x31A6,0x3186,0x3186,0x31A6,0x31A6,0x39E7,0x4A49,0x2965,0x31A6,0x2124,
0x18E3,0x2104,0x18E3,0x31A6,0x2945,0x18E3,0x2945,0x10A2,0x10A2,0x18E3,0x31A6,0x2124,0x2945,0x10A2,0x2124,0x2965,
0x0020,0x0841,0x0841,0x0841,0x0841,0x0020,0x0020,0x0841,0x0020,0x0020,0x0841,0x0841,0x0861,0x0841,0x0020,0x0020,
0x0841,0x18C3,0x1082,0x0841,0x1082,0x0020,0x1082,0x0020,0x0841,0x0841,0x0000,0x0020,0x0861,0x0000,0x0841,0x0841,
0x0000,0x0861,0x0841,0x0000,0x10A2,0x31A6,0x4A49,0x18E3,0x1082,0x10A2,0x0020,0x0020,0x0020,0x0841,0x0841,0x0020,
0x1082,0x0000,0x0861,0x0841,0x0000,0x1082,0x1082,0x1082,0x18C3,0x1082,0x10A2,0x18C3,0x1082,0x0841,0x0841,0x0020,
0x0841,0x0020,0x0000,0x0861,0x0020,0x0841,0x0861,0x0841,0x0020,0x0841,0x0020,0x18C3,0x0841,0x0000,0x1082,0x0020,
0x0841,0x0020,0x0841,0x18C3,0x18E3,0x0861,0x0841,0x0861,0x0841,0x0020,0x18C3,0x2124,0x0000,0x0841,0x0841,0x1082,
0x10A2,0x18C3,0x10A2,0x0020,0x0020,0x0020,0x10A2,0x18E3,0x0861,0x2945,0x0861,0x0861,0x1082,0x0020,0x1082,0x0861,
0x1082,0x0841,0x0000,0x10A2,0x1082,0x1082,0x10A2,0x18C3,0x0020,0x0841,0x0841,0x1082,0x0841,0x0841,0x10A2,0x0841,
0x0841,0x0020,0x0841,0x0000,0x1082,0x0841,0x18E3,0x2104,0x0861,0x1082,0x1082,0x0861,0x0841,0x1082,0x18C3,0x2124,
0x18C3,0x2945,0x3186,0x31A6,0x2124,0x2945,0x18C3,0x0841,0x0861,0x1082,0x0841,0x10A2,0x1082,0x0861,0x18C3,0x0861,
0x0841,0x0861,0x2104,0x18E3,0x1082,0x2104,0x39C7,0x10A2,0x0861,0x1082,0x1082,0x1082,0x10A2,0x10A2,0x10A2,0x1082,
0x1082,0x1082,0x2104,0x10A2,0x2104,0x0861,0x18E3,0x18C3,0x18E3,0x2124,0x2104,0x18C3,0x18C3,0x2104,0x2945,0x3186,
0x2965,0x5AEB,0x6B4D,0x632C,0x52AA,0x4208,0x18C3,0x10A2,0x10A2,0x2124,0x1082,0x18C3,0x0861,0x1082,0x2104,0x10A2,
0x1082,0x0861,0x1082,0x18E3,0x18C3,0x2104,0x2945,0x18C3,0x18E3,0x1082,0x0020,0x1082,0x2104,0x2124,0x18E3,0x1082,
0x1082,0x1082,0x1082,0x0000,0x0841,0x0020,0x0861,0x0861,0x0020,0x0020,0x0020,0x0861,0x0020,0x0020,0x1082,0x0020,
0x10A2,0x0841,0x18E3,0x10A2,0x0841,0x0841,0x0020,0x0841,0x0000,0x0020,0x0841,0x0861,0x0000,0x18E3,0x18E3,0x0841,
0x1082,0x10A2,0x1082,0x52AA,0x8C71,0x2945,0x18C3,0x4228,0x2945,0x10A2,0x18E3,0x2104,0x18C3,0x0861,0x2965,0x10A2,
0x18E3,0x0861,0x2104,0x18E3,0x18C3,0x18E3,0x2104,0x3186,0x18C3,0x2945,0x2104,0x1082,0x18E3,0x18E3,0x10A2,0x2945,
0x2124,0x2965,0x18E3,0x3186,0x4A69,0x3186,0x31A6,0x3186,0x2965,0x39C7,0x3186,0x4228,0x4208,0x31A6,0x2945,0x31A6,
0x2104,0x2945,0x18C3,0x18C3,0x2104,0x2945,0x18C3,0x18C3,0x18C3,0x2104,0x18C3,0x2104,0x31A6,0x39C7,0x2104,0x2945,
0x0020,0x0020,0x0020,0x0841,0x0841,0x0020,0x0841,0x0861,0x0020,0x0861,0x10A2,0x0020,0x0020,0x0841,0x0841,0x0841,
0x1082,0x18C3,0x0861,0x0841,0x18C3,0x0841,0x1082,0x0000,0x0841,0x0841,0x0861,0x0861,0x0841,0x0020,0x0841,0x0841,
0x0000,0x0861,0x0020,0x0861,0x0861,0x0000,0x18E3,0x10A2,0x0020,0x1082,0x0841,0x0841,0x0841,0x0841,0x0020,0x0020,
0x0020,0x0841,0x0020,0x0000,0x39C7,0x4A69,0x0020,0x31A6,0x6B4D,0x5ACB,0x2104,0x10A2,0x0841,0x0020,0x0020,0x18C3,
0x0841,0x0000,0x0861,0x0841,0x0841,0x0020,0x0000,0x0861,0x0841,0x0020,0x0020,0x0841,0x0841,0x0020,0x0841,0x0841,
0x18C3,0x18C3,0x18C3,0x0000,0x0020,0x0841,0x0020,0x0020,0x1082,0x0020,0x2104,0x4A69,0x1082,0x1082,0x0861,0x0861,
0x10A2,0x0020,0x0861,0x18C3,0x1082,0x0861,0x2124,0x1082,0x1082,0x2124,0x2104,0x2104,0x18E3,0x10A2,0x18C3,0x18C3,
0x18C3,0x18C3,0x0020,0x18C3,0x1082,0x0841,0x10A2,0x0841,0x0861,0x0841,0x1082,0x10A2,0x0020,0x0841,0x10A2,0x0020,
0x0841,0x0841,0x0841,0x1082,0x10A2,0x0020,0x0861,0x18E3,0x1082,0x10A2,0x1082,0x1082,0x18E3,0x0861,0x18E3,0x1082,
0x18E3,0x18E3,0x2945,0x10A2,0x1082,0x0861,0x10A2,0x2124,0x2124,0x0000,0x10A2,0x0861,0x10A2,0x0861,0x4A69,0x10A2,
0x18C3,0x10A2,0x0020,0x1082,0x1082,0x4A49,0x632C,0x18C3,0x18C3,0x0861,0x0861,0x0861,0x0861,0x10A2,0x0020,0x1082,
0x1082,0x10A2,0x1082,0x18C3,0x18C3,0x18C3,0x18C3,0x10A2,0x18E3,0x10A2,0x18E3,0x10A2,0x2124,0x2104,0x18E3,0x4208,
0x528A,0x528A,0x5ACB,0x3186,0x2124,0x1082,0x1082,0x10A2,0x18C3,0x18C3,0x18E3,0x2965,0x2104,0x2124,0x18E3,0x0861,
0x1082,0x1082,0x0861,0x10A2,0x1082,0x2104,0x18C3,0x1082,0x1082,0x0861,0x0841,0x18C3,0x2945,0x2104,0x18C3,0x0861,
0x0861,0x1082,0x0841,0x0861,0x0841,0x0861,0x0020,0x0020,0x0841,0x0861,0x10A2,0x10A2,0x0841,0x0861,0x10A2,0x1082,
0x1082,0x0861,0x18C3,0x0841,0x0020,0x0861,0x0861,0x0020,0x18E3,0x10A2,0x0841,0x0020,0x10A2,0x1082,0x0000,0x39C7,
0x10A2,0x2104,0x18C3,0x2965,0x528A,0x18E3,0x18E3,0x2104,0x18C3,0x18C3,0x18E3,0x10A2,0x18E3,0x10A2,0x2945,0x18E3,
0x18E3,0x18E3,0x18C3,0x0841,0x18E3,0x18C3,0x10A2,0x2945,0x2945,0x2124,0x2124,0x18C3,0x18C3,0x18C3,0x18C3,0x2124,
0x3186,0x2104,0x2124,0x39C7,0x4228,0x2965,0x3186,0x39C7,0x2124,0x31A6,0x31A6,0x3186,0x31A6,0x31A6,0x2945,0x2124,
0x2104,0x2945,0x4208,0x3186,0x2104,0x39C7,0x2104,0x18E3,0x18C3,0x2104,0x2104,0x2965,0x0861,0x2124,0x2945,0x10A2,
0x0841,0x0020,0x0841,0x0861,0x0861,0x0841,0x0861,0x10A2,0x0841,0x18C3,0x2124,0x0841,0x0020,0x0020,0x0841,0x0861,
0x0841,0x0841,0x0020,0x0020,0x0841,0x0020,0x0000,0x0861,0x0020,0x0020,0x1082,0x0841,0x0020,0x0841,0x0841,0x0020,
0x0861,0x0020,0x0841,0x0020,0x0841,0x0861,0x0020,0x0841,0x0841,0x10A2,0x0020,0x0841,0x0841,0x0020,0x0020,0x0841,
0x1082,0x10A2,0x0841,0x10A2,0x2124,0x3186,0x2104,0x39C7,0x8430,0x8C71,0x18E3,0x0861,0x0020,0x0841,0x1082,0x18C3,
0x0841,0x0861,0x39C7,0x0000,0x0841,0x0861,0x0841,0x0841,0x0020,0x0841,0x0841,0x0020,0x0841,0x2945,0x0841,0x4208,
0x2124,0x0020,0x1082,0x0861,0x0020,0x0020,0x10A2,0x0861,0x0841,0x0020,0x0841,0x0000,0x0861,0x0841,0x18C3,0x1082,
0x0841,0x0020,0x1082,0x0861,0x1082,0x1082,0x0861,0x1082,0x0861,0x0020,0x2104,0x10A2,0x0861,0x2945,0x2965,0x4228,
0x4208,0x2124,0x2104,0x0861,0x1082,0x0020,0x0020,0x10A2,0x18E3,0x1082,0x0861,0x1082,0x1082,0x10A2,0x1082,0x0020,
0x0841,0x1082,0x0020,0x0861,0x0861,0x0861,0x0020,0x0841,0x0841,0x0841,0x1082,0x10A2,0x0861,0x1082,0x0020,0x0841,
0x1082,0x10A2,0x0841,0x2945,0x2945,0x0841,0x18E3,0x3186,0x10A2,0x2945,0x1082,0x1082,0x1082,0x10A2,0x0861,0x10A2,
0x0841,0x18E3,0x2945,0x0841,0x18E3,0x2124,0x18E3,0x18E3,0x1082,0x0861,0x18E3,0x18E3,0x10A2,0x2124,0x10A2,0x4228,
0x18C3,0x18E3,0x18C3,0x18E3,0x18C3,0x18C3,0x18C3,0x18C3,0x2124,0x2124,0x2124,0x18E3,0x10A2,0x2104,0x39C7,0x52AA,
0x5ACB,0x31A6,0x2965,0x3186,0x2945,0x1082,0x0000,0x18C3,0x1082,0x1082,0x10A2,0x18C3,0x18C3,0x18E3,0x0861,0x18C3,
0x18C3,0x18C3,0x18E3,0x0861,0x1082,0x18E3,0x1082,0x1082,0x0841,0x1082,0x0861,0x1082,0x10A2,0x18C3,0x18C3,0x10A2,
0x0841,0x0020,0x0841,0x0841,0x0020,0x0020,0x0841,0x0841,0x0020,0x1082,0x1082,0x0020,0x39C7,0x4208,0x0020,0x1082,
0x10A2,0x0861,0x1082,0x0861,0x0841,0x0000,0x0841,0x0841,0x1082,0x0020,0x0020,0x0861,0x1082,0x1082,0x18C3,0x18C3,
0x18C3,0x18C3,0x2945,0x2104,0x10A2,0x2945,0x31A6,0x2124,0x18C3,0x18C3,0x2124,0x18C3,0x18C3,0x10A2,0x2945,0x18C3,
0x18C3,0x10A2,0x18E3,0x18C3,0x1082,0x1082,0x18E3,0x10A2,0x2104,0x2124,0x10A2,0x18C3,0x18E3,0x2104,0x10A2,0x31A6,
0x2124,0x18C3,0x2945,0x2104,0x3186,0x3186,0x31A6,0x3186,0x4208,0x31A6,0x2104,0x4228,0x31A6,0x3186,0x2104,0x2124,
0x2945,0x39E7,0x4228,0x31A6,0x31A6,0x4208,0x3186,0x2124,0x2945,0x1082,0x2945,0x31A6,0x18C3,0x2124,0x10A2,0x2945,
0x0020,0x0861,0x0020,0x10A2,0x2104,0x0020,0x0841,0x0841,0x0020,0x0861,0x0020,0x0841,0x0020,0x0020,0x10A2,0x1082,
0x0841,0x0861,0x0861,0x0841,0x0020,0x0841,0x0841,0x0020,0x0841,0x10A2,0x1082,0x0841,0x0841,0x0841,0x0841,0x0020,
0x0841,0x0020,0x0841,0x0020,0x0020,0x0841,0x0861,0x0000,0x0020,0x0841,0x0861,0x0020,0x0020,0x0020,0x0020,0x0841,
0x0020,0x1082,0x0841,0x18C3,0x1082,0x18E3,0x2104,0x18E3,0x31A6,0x31A6,0x18C3,0x18E3,0x0841,0x0020,0x0020,0x0841,
0x0020,0x0861,0x0020,0x1082,0x0841,0x0841,0x0020,0x0020,0x0020,0x0841,0x0020,0x0000,0x0020,0x2945,0x0861,0x2945,
0x2124,0x0020,0x0841,0x0841,0x0861,0x1082,0x0861,0x10A2,0x1082,0x10A2,0x1082,0x1082,0x0020,0x0841,0x0861,0x0861,
0x0020,0x1082,0x18E3,0x10A2,0x1082,0x1082,0x0861,0x10A2,0x0861,0x18E3,0x10A2,0x2124,0x2124,0x18C3,0x3186,0x8430,
0x8C51,0x2965,0x18E3,0x10A2,0x1082,0x0861,0x1082,0x0841,0x0841,0x1082,0x0020,0x1082,0x1082,0x1082,0x1082,0x1082,
0x0861,0x1082,0x0841,0x0020,0x0020,0x10A2,0x2124,0x18C3,0x1082,0x18C3,0x18E3,0x0861,0x0841,0x0861,0x0020,0x0841,
0x0861,0x10A2,0x1082,0x2124,0x2124,0x0841,0x18E3,0x18C3,0x0861,0x18C3,0x0861,0x1082,0x0861,0x1082,0x1082,0x1082,
0x0861,0x2945,0x2945,0x0841,0x1082,0x18C3,0x18E3,0x18C3,0x18E3,0x1082,0x18E3,0x0861,0x10A2,0x1082,0x18C3,0x2945,
0x18C3,0x18C3,0x18C3,0x18C3,0x18E3,0x10A2,0x18C3,0x2124,0x2104,0x31A6,0x2124,0x10A2,0x2945,0x3186,0x52AA,0x52AA,
0x4228,0x39E7,0x4208,0x31A6,0x2104,0x1082,0x18C3,0x1082,0x0020,0x0020,0x0861,0x10A2,0x10A2,0x10A2,0x2945,0x2104,
0x2124,0x10A2,0x1082,0x0841,0x0861,0x18E3,0x0861,0x0020,0x1082,0x0861,0x1082,0x1082,0x0841,0x0861,0x1082,0x1082,
0x0841,0x0841,0x0841,0x0020,0x0841,0x0861,0x0020,0x0841,0x0020,0x1082,0x0861,0x10A2,0x18C3,0x10A2,0x0841,0x18E3,
0x1082,0x1082,0x18C3,0x0000,0x1082,0x0020,0x0841,0x0841,0x0841,0x1082,0x0861,0x10A2,0x1082,0x0020,0x2965,0x39C7,
0x10A2,0x18E3,0x31A6,0x10A2,0x4208,0x52AA,0x3186,0x10A2,0x18C3,0x2945,0x1082,0x18E3,0x18E3,0x18C3,0x2104,0x18C3,
0x10A2,0x18E3,0x18C3,0x1082,0x1082,0x1082,0x18E3,0x0861,0x18C3,0x18C3,0x2945,0x18C3,0x0861,0x18C3,0x18C3,0x2124,
0x2945,0x1082,0x2945,0x2124,0x2124,0x2124,0x31A6,0x4208,0x3186,0x2124,0x2945,0x2965,0x2124,0x2124,0x31A6,0x3186,
0x2965,0x39E7,0x2104,0x10A2,0x2945,0x31A6,0x4228,0x18E3,0x10A2,0x2945,0x18C3,0x10A2,0x2104,0x2124,0x2104,0x2945,
0x0020,0x0841,0x0020,0x0020,0x0861,0x0020,0x0020,0x0841,0x0020,0x0841,0x0841,0x18C3,0x18C3,0x0020,0x0020,0x2124,
0x3186,0x0861,0x0000,0x0861,0x0841,0x0020,0x0841,0x1082,0x1082,0x1082,0x0861,0x0861,0x0861,0x0020,0x0020,0x0841,
0x0841,0x0020,0x2124,0x1082,0x0841,0x0841,0x0000,0x0841,0x0841,0x0020,0x0020,0x0020,0x0841,0x0861,0x0841,0x0841,
0x0020,0x0841,0x0020,0x0861,0x0020,0x0841,0x0861,0x0861,0x0861,0x1082,0x0020,0x0841,0x0861,0x0861,0x0020,0x0861,
0x0861,0x0000,0x1082,0x0841,0x0000,0x0841,0x0841,0x0861,0x0020,0x18C3,0x0841,0x0861,0x0020,0x0841,0x0000,0x0841,
0x18E3,0x1082,0x0020,0x0841,0x0020,0x18E3,0x3186,0x4A69,0x3186,0x18C3,0x0841,0x0841,0x0020,0x0020,0x0020,0x0020,
0x0861,0x0020,0x0841,0x4A49,0x2124,0x10A2,0x0020,0x0861,0x1082,0x2945,0x18C3,0x18C3,0x10A2,0x2124,0x31A6,0x5ACB,
0x5ACB,0x3186,0x2124,0x10A2,0x0861,0x0020,0x1082,0x0841,0x0841,0x0020,0x0841,0x0861,0x0841,0x1082,0x1082,0x0000,
0x10A2,0x1082,0x0841,0x0841,0x0000,0x0861,0x2104,0x2104,0x1082,0x0841,0x1082,0x0861,0x0020,0x0841,0x1082,0x1082,
0x10A2,0x0841,0x1082,0x1082,0x0000,0x10A2,0x10A2,0x0861,0x10A2,0x1082,0x0841,0x1082,0x18E3,0x18C3,0x1082,0x1082,
0x10A2,0x0861,0x1082,0x18E3,0x1082,0x1082,0x10A2,0x10A2,0x1082,0x1082,0x0861,0x10A2,0x2124,0x18C3,0x18E3,0x0841,
0x2124,0x3186,0x31A6,0x3186,0x4228,0x4228,0x4208,0x52AA,0x3186,0x4A69,0x2124,0x2124,0x3186,0x4208,0x52AA,0x52AA,
0x3186,0x39E7,0x39C7,0x2104,0x18C3,0x2945,0x2124,0x0861,0x10A2,0x1082,0x18C3,0x0020,0x0841,0x2124,0x2965,0x31A6,
0x2945,0x10A2,0x1082,0x0861,0x0861,0x1082,0x1082,0x1082,0x1082,0x10A2,0x18E3,0x0861,0x0020,0x0861,0x0841,0x0020,
0x0841,0x0020,0x0841,0x0020,0x0020,0x0861,0x0020,0x0841,0x10A2,0x18E3,0x0020,0x0020,0x0861,0x1082,0x1082,0x0861,
0x0861,0x0841,0x0861,0x0000,0x0861,0x0000,0x0020,0x0841,0x0020,0x10A2,0x0861,0x0861,0x0841,0x0861,0x18E3,0x0841,
0x2965,0x10A2,0x2124,0x2124,0x4208,0x5AEB,0x2104,0x18E3,0x18C3,0x18C3,0x2945,0x18C3,0x18C3,0x18C3,0x18E3,0x18C3,
0x18C3,0x2124,0x2104,0x10A2,0x10A2,0x1082,0x18C3,0x18E3,0x1082,0x18C3,0x0861,0x18E3,0x1082,0x18E3,0x10A2,0x18E3,
0x2124,0x10A2,0x10A2,0x2945,0x31A6,0x39C7,0x2965,0x4A49,0x31A6,0x2104,0x2104,0x2104,0x18C3,0x3186,0x2965,0x2945,
0x2124,0x2104,0x2945,0x2104,0x1082,0x18E3,0x2965,0x31A6,0x18E3,0x10A2,0x2124,0x18E3,0x1082,0x2965,0x2124,0x2104,
0x0841,0x0841,0x0841,0x0020,0x0020,0x0841,0x0020,0x1082,0x10A2,0x0020,0x0000,0x0841,0x0020,0x0841,0x0020,0x18C3,
0x18E3,0x0020,0x0841,0x10A2,0x0861,0x0020,0x0841,0x0020,0x0000,0x0841,0x0020,0x0020,0x0841,0x0020,0x0841,0x0020,
0x0841,0x0841,0x10A2,0x0861,0x0841,0x0020,0x0841,0x0841,0x0841,0x0000,0x0841,0x0841,0x0000,0x0020,0x0841,0x0861,
0x10A2,0x0020,0x0020,0x0841,0x0020,0x0020,0x0020,0x0841,0x0861,0x0000,0x0861,0x0861,0x0020,0x0861,0x0841,0x0000,
0x0841,0x0841,0x0841,0x0000,0x0841,0x0000,0x10A2,0x0000,0x1082,0x18C3,0x0000,0x0841,0x0861,0x0020,0x1082,0x0841,
0x1082,0x0000,0x0861,0x1082,0x2104,0x1082,0x528A,0x8C71,0x4208,0x10A2,0x0841,0x0841,0x0861,0x0841,0x0861,0x10A2,
0x0841,0x0841,0x0020,0x1082,0x2104,0x18E3,0x0841,0x0841,0x0841,0x0020,0x0020,0x18E3,0x2104,0x2945,0x2965,0x2124,
0x2965,0x2945,0x18E3,0x2945,0x2104,0x0861,0x1082,0x0020,0x0000,0x0841,0x0841,0x2124,0x18C3,0x0000,0x2124,0x18C3,
0x0020,0x10A2,0x1082,0x0861,0x10A2,0x0841,0x0020,0x1082,0x0861,0x1082,0x18C3,0x18C3,0x0841,0x0000,0x1082,0x1082,
0x0841,0x1082,0x10A2,0x1082,0x2104,0x18C3,0x10A2,0x0861,0x0861,0x1082,0x10A2,0x1082,0x2104,0x2104,0x18C3,0x18C3,
0x18C3,0x18C3,0x18E3,0x18E3,0x0861,0x10A2,0x1082,0x0841,0x1082,0x1082,0x1082,0x1082,0x10A2,0x10A2,0x10A2,0x4228,
0x4A49,0x4208,0x4228,0x4208,0x4208,0x31A6,0x2965,0x31A6,0x4228,0x2945,0x39E7,0x5ACB,0x528A,0x528A,0x738E,0x528A,
0x4208,0x39C7,0x10A2,0x1082,0x10A2,0x10A2,0x0841,0x10A2,0x0861,0x18C3,0x1082,0x0020,0x1082,0x2124,0x31A6,0x3186,
0x2124,0x18C3,0x0861,0x10A2,0x10A2,0x0861,0x1082,0x10A2,0x10A2,0x18E3,0x18E3,0x0861,0x0020,0x0841,0x0020,0x0020,
0x0841,0x0020,0x0841,0x0020,0x0020,0x0861,0x0841,0x0841,0x0861,0x10A2,0x0020,0x1082,0x10A2,0x1082,0x10A2,0x1082,
0x10A2,0x1082,0x0861,0x0841,0x1082,0x0020,0x0020,0x0841,0x0020,0x0841,0x0020,0x1082,0x0861,0x1082,0x10A2,0x1082,
0x0861,0x18C3,0x18C3,0x4228,0x2124,0x18C3,0x2124,0x18C3,0x2124,0x18C3,0x2104,0x2965,0x10A2,0x10A2,0x2104,0x10A2,
0x18C3,0x2124,0x1082,0x10A2,0x2124,0x2104,0x0861,0x1082,0x18C3,0x18E3,0x18C3,0x10A2,0x1082,0x10A2,0x1082,0x10A2,
0x2945,0x2124,0x39C7,0x31A6,0x1082,0x31A6,0x39C7,0x18E3,0x31A6,0x18E3,0x18C3,0x2945,0x2945,0x31A6,0x2124,0x18C3,
0x2104,0x2124,0x10A2,0x2965,0x2124,0x2124,0x0020,0x18C3,0x2945,0x1082,0x2945,0x2945,0x10A2,0x2945,0x2104,0x2124,
0x0841,0x0020,0x0020,0x0861,0x0020,0x0841,0x0020,0x1082,0x10A2,0x0841,0x0841,0x0020,0x0841,0x1082,0x10A2,0x0000,
0x0020,0x0020,0x0861,0x0861,0x0000,0x0020,0x0861,0x0020,0x0861,0x1082,0x0861,0x0841,0x0861,0x0841,0x0841,0x0841,
0x0861,0x0841,0x0000,0x0020,0x0861,0x0020,0x1082,0x0841,0x0841,0x0841,0x18C3,0x18E3,0x0861,0x0020,0x0841,0x0861,
0x18C3,0x0020,0x0841,0x0020,0x0861,0x0861,0x0020,0x0841,0x0020,0x0841,0x0841,0x0020,0x10A2,0x10A2,0x10A2,0x10A2,
0x1082,0x0020,0x1082,0x10A2,0x0861,0x0020,0x18C3,0x1082,0x3186,0x18E3,0x0020,0x0020,0x0841,0x0841,0x0841,0x0000,
0x0841,0x0861,0x0861,0x0000,0x0861,0x0861,0x2104,0x3186,0x2945,0x0841,0x1082,0x1082,0x0020,0x0020,0x0000,0x0861,
0x0000,0x0020,0x0861,0x18C3,0x1082,0x10A2,0x1082,0x0020,0x0841,0x0861,0x0841,0x0861,0x1082,0x18E3,0x2104,0x2965,
0x2945,0x2124,0x18E3,0x31A6,0x2965,0x18E3,0x18C3,0x0861,0x0861,0x0861,0x0000,0x2104,0x18E3,0x0000,0x2104,0x0861,
0x1082,0x0841,0x0841,0x0841,0x0841,0x0020,0x1082,0x1082,0x0841,0x18C3,0x0861,0x1082,0x18E3,0x10A2,0x0841,0x0020,
0x0841,0x10A2,0x18C3,0x10A2,0x31A6,0x2124,0x2965,0x2945,0x2945,0x2124,0x18C3,0x10A2,0x2104,0x18C3,0x18C3,0x18E3,
0x10A2,0x18C3,0x10A2,0x0861,0x1082,0x0861,0x0861,0x18C3,0x1082,0x0861,0x18C3,0x10A2,0x18E3,0x2124,0x52AA,0x4228,
0x2965,0x31A6,0x31A6,0x3186,0x2124,0x18E3,0x2945,0x4208,0x4208,0x4228,0x5ACB,0x52AA,0x5ACB,0x6B6D,0x31A6,0x39C7,
0x4208,0x18E3,0x0861,0x0861,0x0000,0x0861,0x0861,0x0020,0x0020,0x0861,0x0020,0x0841,0x10A2,0x2104,0x3186,0x2104,
0x2124,0x2945,0x18C3,0x18C3,0x18C3,0x1082,0x2104,0x2124,0x18C3,0x2104,0x18E3,0x10A2,0x1082,0x0020,0x0020,0x0861,
0x0841,0x0020,0x0841,0x0841,0x0020,0x0841,0x0861,0x0841,0x0841,0x0841,0x0020,0x1082,0x1082,0x0861,0x18C3,0x18E3,
0x10A2,0x0861,0x0841,0x1082,0x1082,0x0020,0x0020,0x0841,0x1082,0x0020,0x0020,0x10A2,0x1082,0x1082,0x1082,0x18E3,
0x2104,0x10A2,0x18C3,0x10A2,0x10A2,0x2104,0x10A2,0x2104,0x2945,0x2124,0x18E3,0x2945,0x18E3,0x2124,0x2124,0x18C3,
0x18C3,0x2124,0x18C3,0x18C3,0x18E3,0x18C3,0x1082,0x2104,0x0861,0x18C3,0x2945,0x10A2,0x10A2,0x10A2,0x0861,0x1082,
0x1082,0x2124,0x2965,0x2945,0x2945,0x2104,0x18E3,0x39E7,0x3186,0x2945,0x2104,0x2104,0x18E3,0x2124,0x3186,0x2124,
0x18E3,0x10A2,0x2945,0x1082,0x39C7,0x31A6,0x10A2,0x39C7,0x2124,0x2124,0x2124,0x2124,0x2104,0x18E3,0x18C3,0x2124,
0x0020,0x0841,0x0020,0x0861,0x0020,0x0841,0x0861,0x0020,0x0000,0x0841,0x0841,0x0020,0x1082,0x0020,0x1082,0x0841,
0x0841,0x0841,0x0020,0x0020,0x0841,0x0841,0x0020,0x0841,0x1082,0x0841,0x0000,0x0841,0x0841,0x0000,0x0020,0x1082,
0x0841,0x0000,0x0861,0x0020,0x0841,0x0841,0x0020,0x0841,0x1082,0x0020,0x0841,0x0841,0x0020,0x0020,0x0020,0x0020,
0x18C3,0x0020,0x1082,0x0020,0x0841,0x0861,0x0020,0x0020,0x0861,0x0000,0x0020,0x0841,0x0841,0x0861,0x2124,0x0861,
0x2104,0x5ACB,0x3186,0x1082,0x0020,0x0000,0x0841,0x10A2,0x10A2,0x0020,0x0841,0x0020,0x0841,0x0841,0x0841,0x0861,
0x0841,0x0861,0x18C3,0x0841,0x1082,0x10A2,0x0841,0x0841,0x0861,0x0841,0x10A2,0x18E3,0x0861,0x10A2,0x0020,0x0020,
0x0861,0x0841,0x0000,0x1082,0x0841,0x0020,0x1082,0x0020,0x0020,0x1082,0x0861,0x0020,0x1082,0x0861,0x18E3,0x738E,
0x2104,0x18E3,0x18C3,0x2104,0x10A2,0x18E3,0x2104,0x2104,0x1082,0x0861,0x1082,0x0020,0x0841,0x0841,0x0841,0x0000,
0x1082,0x18C3,0x1082,0x0020,0x10A2,0x0841,0x0020,0x1082,0x0841,0x2104,0x18E3,0x18C3,0x18C3,0x0841,0x0020,0x1082,
0x10A2,0x0861,0x2124,0x2124,0x2104,0x4208,0x39C7,0x2124,0x3186,0x18C3,0x10A2,0x39C7,0x4A69,0x18E3,0x10A2,0x2104,
0x18E3,0x2124,0x2104,0x18C3,0x18C3,0x10A2,0x10A2,0x18E3,0x2124,0x18C3,0x18C3,0x2945,0x3186,0x39E7,0x39C7,0x1082,
0x2965,0x4228,0x10A2,0x0861,0x18E3,0x2945,0x2124,0x31A6,0x2965,0x39C7,0x18E3,0x3186,0x4208,0x4208,0x39C7,0x3186,
0x31A6,0x2104,0x18C3,0x0020,0x0020,0x0861,0x1082,0x0861,0x1082,0x0000,0x0841,0x0020,0x0020,0x2945,0x2965,0x18E3,
0x2104,0x3186,0x2104,0x18C3,0x10A2,0x10A2,0x3186,0x31A6,0x18C3,0x2945,0x2104,0x2124,0x18E3,0x0841,0x0841,0x0020,
0x0841,0x0020,0x0020,0x0841,0x0020,0x0020,0x0841,0x0020,0x1082,0x1082,0x18E3,0x1082,0x1082,0x18C3,0x10A2,0x1082,
0x1082,0x0861,0x0020,0x10A2,0x1082,0x0841,0x0841,0x0841,0x1082,0x0841,0x0861,0x0861,0x18C3,0x18E3,0x18C3,0x10A2,
0x10A2,0x1082,0x18E3,0x18E3,0x18C3,0x10A2,0x2104,0x10A2,0x1082,0x18C3,0x18E3,0x0020,0x2104,0x2945,0x10A2,0x18E3,
0x18C3,0x10A2,0x0861,0x0861,0x1082,0x18C3,0x10A2,0x1082,0x18C3,0x2104,0x0861,0x1082,0x0841,0x10A2,0x0861,0x18E3,
0x1082,0x2104,0x2965,0x18C3,0x2104,0x2104,0x2124,0x2104,0x3186,0x2104,0x2124,0x4A49,0x4A49,0x4208,0x2965,0x2945,
0x10A2,0x18E3,0x10A2,0x10A2,0x18C3,0x18C3,0x2124,0x31A6,0x10A2,0x2945,0x2124,0x10A2,0x18E3,0x2104,0x18C3,0x18E3,
0x0841,0x0841,0x0020,0x0841,0x0020,0x1082,0x18C3,0x0020,0x0841,0x0861,0x0841,0x0020,0x0861,0x0020,0x2104,0x18C3,
0x0020,0x0841,0x0020,0x0841,0x1082,0x0861,0x0000,0x0020,0x0841,0x0841,0x0020,0x0861,0x1082,0x0861,0x1082,0x10A2,
0x0020,0x0020,0x0841,0x0020,0x0841,0x0020,0x0861,0x0841,0x18E3,0x0841,0x0020,0x0000,0x0020,0x0841,0x0861,0x0841,
0x0861,0x0020,0x10A2,0x0841,0x0841,0x0841,0x0020,0x0841,0x0861,0x10A2,0x0841,0x0020,0x0861,0x0000,0x0861,0x0020,
0x3186,0x8C71,0x4208,0x10A2,0x0861,0x0841,0x0841,0x0841,0x0020,0x0020,0x0841,0x0861,0x0841,0x0000,0x0020,0x0020,
0x0020,0x1082,0x2965,0x0020,0x0841,0x0020,0x0841,0x0020,0x0020,0x0841,0x0020,0x0861,0x0020,0x18E3,0x0841,0x0020,
0x0841,0x0020,0x1082,0x0000,0x10A2,0x2124,0x1082,0x18C3,0x0020,0x18C3,0x2104,0x0020,0x0000,0x10A2,0x18C3,0x2965,
0x2124,0x18C3,0x18E3,0x2104,0x1082,0x0861,0x0020,0x0841,0x0861,0x1082,0x10A2,0x0841,0x0841,0x0841,0x0841,0x1082,
0x10A2,0x1082,0x18E3,0x0861,0x0861,0x0841,0x0861,0x0841,0x2124,0x18E3,0x18C3,0x18E3,0x1082,0x0020,0x0861,0x1082,
0x1082,0x31A6,0x2124,0x2124,0x4228,0x39C7,0x0841,0x10A2,0x0841,0x1082,0x0841,0x0841,0x18C3,0x2124,0x3186,0x2945,
0x2104,0x2124,0x18E3,0x2945,0x2104,0x4208,0x4A49,0x4A49,0x31A6,0x3186,0x3186,0x3186,0x4228,0x3186,0x0000,0x10A2,
0x18E3,0x39C7,0x18C3,0x1082,0x0861,0x1082,0x10A2,0x2124,0x2945,0x18E3,0x2945,0x31A6,0x5AEB,0x4208,0x1082,0x2124,
0x2104,0x10A2,0x18E3,0x10A2,0x18E3,0x10A2,0x1082,0x2124,0x0861,0x0020,0x0841,0x0841,0x0020,0x2965,0x39E7,0x2104,
0x18C3,0x3186,0x2124,0x2124,0x2965,0x31A6,0x31A6,0x2124,0x10A2,0x2124,0x18E3,0x18E3,0x18C3,0x0861,0x1082,0x0020,
0x0841,0x0841,0x0020,0x0841,0x0841,0x0020,0x0841,0x0020,0x0861,0x0861,0x2124,0x18C3,0x10A2,0x10A2,0x0861,0x0841,
0x1082,0x1082,0x0841,0x10A2,0x1082,0x0020,0x0841,0x0020,0x0841,0x0861,0x10A2,0x0861,0x10A2,0x18E3,0x2104,0x18E3,
0x1082,0x18C3,0x1082,0x0861,0x18C3,0x18E3,0x0861,0x2104,0x18C3,0x18C3,0x18E3,0x2124,0x2945,0x2124,0x2124,0x2965,
0x18E3,0x18C3,0x18E3,0x18E3,0x10A2,0x18E3,0x18C3,0x1082,0x1082,0x2104,0x0861,0x2124,0x2124,0x1082,0x1082,0x18C3,
0x10A2,0x18E3,0x10A2,0x10A2,0x2945,0x2945,0x2104,0x2124,0x2124,0x2124,0x2124,0x2945,0x2965,0x5AEB,0x3186,0x18E3,
0x31A6,0x2104,0x2104,0x1082,0x2124,0x2104,0x10A2,0x18C3,0x2104,0x2104,0x2945,0x18C3,0x18C3,0x2104,0x18C3,0x18C3,
0x18C3,0x0020,0x0841,0x0841,0x0020,0x1082,0x10A2,0x0841,0x0841,0x0020,0x0020,0x0841,0x0000,0x1082,0x2104,0x0020,
0x0020,0x0841,0x0841,0x0020,0x0020,0x0020,0x0841,0x0841,0x0020,0x0861,0x0841,0x0020,0x0841,0x0841,0x0841,0x0000,
0x0841,0x1082,0x0000,0x0841,0x0861,0x0020,0x18E3,0x1082,0x0020,0x0020,0x0841,0x0841,0x0841,0x0841,0x0020,0x0000,
0x0020,0x0000,0x0861,0x0020,0x0020,0x0020,0x0020,0x0841,0x0020,0x0020,0x0020,0x0841,0x0861,0x0841,0x10A2,0x1082,
0x18E3,0x18C3,0x10A2,0x1082,0x0020,0x0020,0x0841,0x0841,0x0841,0x0841,0x0020,0x0841,0x0841,0x0841,0x0841,0x0020,
0x0861,0x0000,0x0000,0x0861,0x0020,0x0020,0x0000,0x0861,0x10A2,0x18C3,0x0841,0x0841,0x0020,0x10A2,0x0841,0x0861,
0x5AEB,0x10A2,0x0020,0x0841,0x0841,0x39C7,0x1082,0x0861,0x0861,0x0020,0x0020,0x0841,0x0020,0x1082,0x18C3,0x0841,
0x1082,0x0841,0x1082,0x2104,0x2104,0x10A2,0x0841,0x18C3,0x18C3,0x10A2,0x0020,0x10A2,0x1082,0x0861,0x10A2,0x0861,
0x0000,0x0020,0x18C3,0x1082,0x18E3,0x18C3,0x1082,0x1082,0x18E3,0x18C3,0x2124,0x18E3,0x0841,0x1082,0x18E3,0x2104,
0x2945,0x2965,0x2945,0x39E7,0x31A6,0x1082,0x1082,0x0020,0x1082,0x0020,0x0841,0x0841,0x0841,0x18E3,0x2124,0x3186,
0x4228,0x4208,0x4208,0x5AEB,0x4228,0x4208,0x3186,0x3186,0x2965,0x31A6,0x4A49,0x2965,0x5ACB,0x2965,0x2965,0x2104,
0x2945,0x10A2,0x18C3,0x18E3,0x1082,0x0841,0x0861,0x0841,0x10A2,0x2124,0x2945,0x2965,0x39C7,0x39E7,0x0861,0x10A2,
0x2124,0x2104,0x31A6,0x2945,0x1082,0x1082,0x0861,0x0000,0x0020,0x0861,0x0020,0x0861,0x0841,0x2945,0x4208,0x2104,
0x2124,0x31A6,0x2945,0x3186,0x4228,0x4228,0x3186,0x18C3,0x18E3,0x18C3,0x10A2,0x0861,0x0841,0x1082,0x1082,0x0861,
0x0841,0x0861,0x0841,0x0861,0x0861,0x0020,0x0841,0x0841,0x0020,0x0020,0x10A2,0x0861,0x0841,0x0020,0x0841,0x1082,
0x1082,0x1082,0x0861,0x1082,0x0861,0x0020,0x0861,0x0020,0x0861,0x10A2,0x18C3,0x10A2,0x0861,0x0861,0x18C3,0x18E3,
0x1082,0x0841,0x18C3,0x18E3,0x18C3,0x2104,0x10A2,0x18E3,0x2124,0x18C3,0x1082,0x39E7,0x2104,0x1082,0x2945,0x2945,
0x2945,0x10A2,0x10A2,0x10A2,0x18E3,0x2104,0x18C3,0x1082,0x10A2,0x18C3,0x18C3,0x18E3,0x2965,0x18E3,0x18E3,0x2124,
0x10A2,0x2104,0x18C3,0x2104,0x2945,0x2124,0x18E3,0x2945,0x2124,0x3186,0x31A6,0x4208,0x31A6,0x39C7,0x3186,0x31A6,
0x2965,0x2945,0x0861,0x18C3,0x2104,0x2124,0x18C3,0x2945,0x2965,0x18E3,0x2124,0x18E3,0x18C3,0x10A2,0x18C3,0x18C3,
0x2965,0x0000,0x0841,0x0841,0x0020,0x0020,0x0020,0x0841,0x0841,0x0841,0x0020,0x0861,0x0020,0x18C3,0x0861,0x0841,
0x0841,0x0020,0x0841,0x0861,0x0020,0x0020,0x0841,0x0841,0x1082,0x1082,0x0020,0x0020,0x0841,0x0020,0x0841,0x0861,
0x0020,0x0841,0x0861,0x0020,0x0020,0x0841,0x1082,0x1082,0x0841,0x0841,0x0841,0x0020,0x0020,0x0841,0x0020,0x0841,
0x0861,0x0020,0x0841,0x0841,0x0841,0x0841,0x0841,0x0841,0x0020,0x0841,0x0841,0x0020,0x0841,0x0841,0x0020,0x1082,
0x0861,0x0861,0x0841,0x0020,0x10A2,0x0020,0x0841,0x0841,0x0841,0x0020,0x0841,0x0020,0x0020,0x0861,0x0000,0x0841,
0x0020,0x0841,0x0841,0x0020,0x0020,0x0841,0x0861,0x0020,0x0020,0x1082,0x0020,0x0841,0x0841,0x0020,0x0020,0x1082,
0x0861,0x0861,0x0020,0x0020,0x1082,0x0000,0x18E3,0x18E3,0x0841,0x18C3,0x0020,0x0841,0x0861,0x0000,0x0861,0x1082,
0x0841,0x10A2,0x1082,0x0841,0x0861,0x0841,0x0841,0x18E3,0x0861,0x0841,0x10A2,0x18C3,0x0841,0x18C3,0x18E3,0x18C3,
0x2124,0x0861,0x1082,0x0020,0x1082,0x18C3,0x2124,0x2124,0x2124,0x3186,0x31A6,0x2104,0x2124,0x39C7,0x2965,0x2124,
0x2104,0x2104,0x2965,0x4A49,0x1082,0x1082,0x10A2,0x1082,0x10A2,0x0020,0x1082,0x0020,0x0000,0x2104,0x10A2,0x18C3,
0x18C3,0x2945,0x2124,0x2104,0x2104,0x2965,0x2965,0x31A6,0x31A6,0x31A6,0x4228,0x2965,0x4228,0x39C7,0x18C3,0x39C7,
0x2965,0x0861,0x2104,0x1082,0x0861,0x1082,0x0861,0x0841,0x0841,0x10A2,0x31A6,0x31A6,0x3186,0x2104,0x18C3,0x0000,
0x18C3,0x31A6,0x2124,0x0000,0x0841,0x10A2,0x0000,0x2104,0x0841,0x0020,0x0841,0x0020,0x0020,0x2124,0x2124,0x2124,
0x3186,0x31A6,0x2124,0x2124,0x3186,0x2965,0x2104,0x18E3,0x2104,0x0861,0x10A2,0x0861,0x0841,0x1082,0x0841,0x0861,
0x0841,0x0861,0x0841,0x0861,0x0861,0x0020,0x0020,0x0841,0x0841,0x1082,0x1082,0x0841,0x1082,0x1082,0x1082,0x0020,
0x0861,0x1082,0x1082,0x1082,0x1082,0x0861,0x18E3,0x0861,0x0841,0x1082,0x1082,0x1082,0x0841,0x1082,0x10A2,0x0861,
0x18C3,0x10A2,0x1082,0x1082,0x18C3,0x10A2,0x2104,0x2104,0x18C3,0x18E3,0x18C3,0x10A2,0x18C3,0x1082,0x18C3,0x2104,
0x18C3,0x10A2,0x2945,0x2124,0x2104,0x10A2,0x1082,0x18C3,0x2124,0x18C3,0x18E3,0x10A2,0x2104,0x39E7,0x1082,0x18E3,
0x18C3,0x18C3,0x2124,0x2945,0x2104,0x2104,0x2945,0x2104,0x2965,0x31A6,0x4208,0x6B6D,0x6B4D,0x18E3,0x2965,0x3186,
0x31A6,0x18E3,0x2965,0x2124,0x2104,0x2124,0x2104,0x2124,0x2104,0x2945,0x10A2,0x10A2,0x18C3,0x0861,0x2104,0x10A2,
0x0020,0x0020,0x0861,0x0841,0x0020,0x0020,0x0020,0x0841,0x0020,0x0841,0x0020,0x0020,0x0841,0x0841,0x0841,0x0020,
0x0841,0x0020,0x0841,0x0861,0x0000,0x0841,0x0841,0x0841,0x0861,0x0841,0x0841,0x0861,0x1082,0x0861,0x10A2,0x0020,
0x0841,0x0841,0x0841,0x0841,0x0841,0x0841,0x0841,0x0841,0x0020,0x0861,0x0020,0x0861,0x0841,0x0841,0x0020,0x0841,
0x0841,0x0841,0x0841,0x0841,0x0841,0x0841,0x0841,0x0841,0x0020,0x0841,0x0841,0x0000,0x0861,0x0020,0x0020,0x0841,
0x0020,0x0861,0x0000,0x18C3,0x0841,0x0020,0x0841,0x0841,0x0841,0x0841,0x0841,0x0020,0x0020,0x0841,0x0841,0x0841,
0x0841,0x0020,0x0020,0x0841,0x0841,0x0020,0x0020,0x0841,0x0000,0x0861,0x0841,0x0841,0x18C3,0x0020,0x0020,0x0861,
0x0000,0x0841,0x0841,0x0020,0x0020,0x10A2,0x1082,0x0861,0x1082,0x10A2,0x0861,0x0020,0x0841,0x0020,0x18E3,0x0020,
0x0020,0x0020,0x10A2,0x0020,0x0020,0x0020,0x10A2,0x0020,0x0861,0x10A2,0x0861,0x0861,0x0020,0x18C3,0x10A2,0x5ACB,
0x8C71,0x0861,0x10A2,0x0861,0x0861,0x1082,0x18C3,0x31A6,0x52AA,0x632C,0x6B4D,0x632C,0x4228,0x31A6,0x10A2,0x1082,
0x18C3,0x2124,0x39C7,0x1082,0x0861,0x1082,0x0861,0x0841,0x0020,0x1082,0x10A2,0x1082,0x0861,0x10A2,0x18E3,0x0861,
0x18C3,0x18C3,0x2104,0x2945,0x18E3,0x2104,0x31A6,0x3186,0x3186,0x3186,0x2124,0x10A2,0x31A6,0x10A2,0x10A2,0x2124,
0x18C3,0x0861,0x1082,0x0841,0x1082,0x1082,0x10A2,0x18C3,0x1082,0x0861,0x18E3,0x18C3,0x2104,0x2945,0x2104,0x10A2,
0x2124,0x2124,0x0020,0x0841,0x0020,0x0861,0x0861,0x31A6,0x18C3,0x18C3,0x10A2,0x1082,0x18C3,0x2104,0x2124,0x2945,
0x31A6,0x2104,0x18C3,0x2945,0x1082,0x18C3,0x2124,0x2124,0x2945,0x0841,0x1082,0x10A2,0x0841,0x0020,0x0020,0x0841,
0x0841,0x1082,0x10A2,0x0841,0x1082,0x0841,0x0020,0x0861,0x0841,0x0841,0x0841,0x0841,0x0861,0x1082,0x1082,0x1082,
0x1082,0x0861,0x10A2,0x0861,0x10A2,0x0861,0x1082,0x2124,0x1082,0x10A2,0x1082,0x0861,0x1082,0x1082,0x1082,0x0861,
0x18C3,0x1082,0x0861,0x18C3,0x18C3,0x18E3,0x18E3,0x2124,0x18C3,0x18C3,0x18E3,0x18E3,0x10A2,0x10A2,0x2124,0x2124,
0x18C3,0x18C3,0x18C3,0x18C3,0x2945,0x18E3,0x1082,0x18E3,0x2124,0x2104,0x0861,0x18C3,0x18C3,0x10A2,0x18C3,0x18C3,
0x18C3,0x18C3,0x2104,0x2124,0x18E3,0x2124,0x31A6,0x2965,0x31A6,0x4208,0x3186,0x4228,0x3186,0x2945,0x3186,0x3186,
0x4228,0x2965,0x39C7,0x2124,0x10A2,0x31A6,0x18C3,0x2965,0x18C3,0x18C3,0x2104,0x18C3,0x0861,0x10A2,0x18E3,0x18C3,
0x0841,0x0020,0x0020,0x0020,0x0841,0x1082,0x0020,0x0020,0x0020,0x0841,0x0020,0x0841,0x0841,0x0020,0x0841,0x0020,
0x0841,0x0861,0x0020,0x0020,0x0861,0x0020,0x0841,0x0841,0x1082,0x0841,0x18C3,0x0020,0x10A2,0x0861,0x0841,0x0841,
0x0841,0x0841,0x0841,0x0841,0x0841,0x0841,0x0841,0x0841,0x1082,0x0841,0x1082,0x0000,0x0841,0x0841,0x0841,0x0000,
0x0841,0x0841,0x0841,0x0841,0x0841,0x0841,0x0841,0x0841,0x0861,0x0020,0x0861,0x0841,0x0020,0x0020,0x0861,0x0020,
0x0020,0x0000,0x0841,0x0000,0x0841,0x0841,0x1082,0x0020,0x0020,0x0841,0x0841,0x0841,0x0841,0x0841,0x0841,0x0020,
0x0020,0x0841,0x0841,0x0841,0x0020,0x0841,0x0841,0x0841,0x0861,0x0020,0x0000,0x0000,0x0000,0x0020,0x0000,0x0841,
0x0841,0x0841,0x0020,0x0861,0x0841,0x0000,0x0841,0x0861,0x0020,0x1082,0x1082,0x0841,0x0020,0x0020,0x0861,0x0861,
0x1082,0x1082,0x1082,0x0020,0x18C3,0x1082,0x0841,0x0020,0x1082,0x10A2,0x10A2,0x0020,0x0841,0x0861,0x1082,0x2104,
0x2965,0x18E3,0x10A2,0x0841,0x18E3,0x18C3,0x18E3,0x31A6,0x6B6D,0x8430,0x8430,0x8C51,0x52AA,0x2104,0x2965,0x18C3,
0x2104,0x31A6,0x0861,0x0861,0x18C3,0x0861,0x0020,0x0861,0x0861,0x1082,0x18C3,0x1082,0x0861,0x18C3,0x0861,0x18E3,
0x2124,0x18C3,0x39E7,0x2965,0x18E3,0x39C7,0x2124,0x31A6,0x2104,0x2945,0x2124,0x18C3,0x2965,0x18C3,0x1082,0x1082,
0x0841,0x0841,0x0841,0x0020,0x0020,0x0841,0x0861,0x10A2,0x18E3,0x2124,0x18C3,0x0861,0x2945,0x18C3,0x0841,0x2104,
0x1082,0x2104,0x18E3,0x2104,0x1082,0x10A2,0x0861,0x10A2,0x1082,0x10A2,0x2104,0x18E3,0x10A2,0x2965,0x39E7,0x3186,
0x2124,0x10A2,0x18C3,0x10A2,0x18E3,0x31A6,0x3186,0x2104,0x2945,0x18C3,0x1082,0x0861,0x0841,0x0841,0x0841,0x0841,
0x0020,0x0841,0x0861,0x18C3,0x2104,0x0861,0x1082,0x0861,0x0841,0x0841,0x0020,0x0841,0x0841,0x0861,0x0861,0x0861,
0x0861,0x10A2,0x0861,0x10A2,0x1082,0x0841,0x2965,0x10A2,0x0861,0x0861,0x0861,0x18E3,0x10A2,0x18C3,0x10A2,0x2124,
0x1082,0x1082,0x1082,0x18E3,0x10A2,0x18E3,0x10A2,0x18C3,0x2104,0x2104,0x2104,0x18E3,0x2965,0x2965,0x2965,0x2124,
0x18E3,0x18C3,0x2104,0x18C3,0x18C3,0x2104,0x2104,0x10A2,0x18C3,0x18C3,0x18C3,0x18C3,0x2124,0x10A2,0x18E3,0x18E3,
0x2124,0x2124,0x39C7,0x2124,0x2124,0x18E3,0x39C7,0x4228,0x2965,0x31A6,0x2104,0x2124,0x2104,0x2104,0x31A6,0x31A6,
0x2965,0x4228,0x2965,0x39C7,0x3186,0x39C7,0x2124,0x10A2,0x2124,0x2104,0x10A2,0x18C3,0x18E3,0x18E3,0x18E3,0x3186,
0x0020,0x0020,0x1082,0x0020,0x0841,0x0000,0x0020,0x0841,0x0841,0x0841,0x0841,0x0861,0x0841,0x0841,0x0861,0x0841,
0x0020,0x0841,0x0020,0x0841,0x0841,0x0841,0x0841,0x0020,0x0020,0x0020,0x0861,0x0020,0x10A2,0x10A2,0x0000,0x0841,
0x0841,0x0841,0x0841,0x0841,0x0841,0x0841,0x0841,0x0841,0x0841,0x0020,0x2124,0x0020,0x0841,0x0020,0x0841,0x0841,
0x0841,0x0841,0x0841,0x0841,0x0841,0x0841,0x0841,0x0841,0x0841,0x0020,0x0841,0x0841,0x0841,0x0020,0x0861,0x0020,
0x0020,0x0861,0x0841,0x0020,0x0841,0x0841,0x0000,0x1082,0x0841,0x0841,0x0841,0x0841,0x0841,0x0841,0x0841,0x0841,
0x0020,0x0841,0x0841,0x0020,0x0020,0x0841,0x0841,0x0841,0x0020,0x0000,0x2124,0x39C7,0x0020,0x1082,0x1082,0x0020,
0x0841,0x0020,0x0020,0x0861,0x0861,0x1082,0x2124,0x0020,0x0841,0x10A2,0x18E3,0x0000,0x0861,0x0020,0x0020,0x2104,
0x10A2,0x0841,0x0841,0x0861,0x1082,0x1082,0x0861,0x0841,0x1082,0x18C3,0x18C3,0x10A2,0x0841,0x1082,0x10A2,0x0861,
0x0020,0x18C3,0x1082,0x0861,0x10A2,0x10A2,0x2104,0x2104,0x528A,0x8430,0x8C51,0x6B4D,0x4208,0x2124,0x10A2,0x2104,
0x4228,0x2945,0x10A2,0x0020,0x1082,0x0020,0x0020,0x0861,0x1082,0x18C3,0x0861,0x18C3,0x2124,0x10A2,0x10A2,0x18C3,
0x2965,0x18E3,0x2124,0x2104,0x2124,0x39E7,0x2945,0x2104,0x18C3,0x18C3,0x10A2,0x18C3,0x2124,0x18C3,0x18C3,0x18C3,
0x0841,0x0841,0x0841,0x0841,0x0020,0x10A2,0x1082,0x10A2,0x0861,0x2124,0x2124,0x10A2,0x18E3,0x18C3,0x1082,0x0861,
0x1082,0x0861,0x1082,0x18C3,0x0020,0x0020,0x0841,0x0861,0x0841,0x0000,0x0020,0x0841,0x0841,0x10A2,0x18E3,0x1082,
0x1082,0x1082,0x2104,0x18E3,0x3186,0x4A49,0x31A6,0x2104,0x2104,0x2104,0x10A2,0x0861,0x1082,0x1082,0x0841,0x0020,
0x0861,0x0020,0x10A2,0x1082,0x10A2,0x18C3,0x18C3,0x18C3,0x0861,0x0841,0x0020,0x0020,0x0020,0x0841,0x0841,0x0020,
0x0841,0x0841,0x2104,0x2124,0x1082,0x0861,0x2124,0x18E3,0x10A2,0x1082,0x18C3,0x1082,0x1082,0x0861,0x18E3,0x2124,
0x10A2,0x1082,0x1082,0x2965,0x2124,0x2965,0x2104,0x18E3,0x2945,0x2104,0x2124,0x2945,0x18C3,0x18E3,0x2124,0x2124,
0x2104,0x2124,0x2124,0x2945,0x31A6,0x2124,0x10A2,0x18E3,0x2124,0x2104,0x18E3,0x1082,0x2124,0x18E3,0x2104,0x2124,
0x2965,0x2104,0x2124,0x2104,0x2104,0x39C7,0x3186,0x31A6,0x39C7,0x2124,0x2104,0x2945,0x39C7,0x18E3,0x31A6,0x3186,
0x39C7,0x31A6,0x2965,0x632C,0x4228,0x2965,0x2945,0x18C3,0x18E3,0x2104,0x10A2,0x18E3,0x39C7,0x10A2,0x10A2,0x4228,
0x0841,0x0841,0x0861,0x0841,0x0841,0x0841,0x0841,0x0020,0x0841,0x0020,0x0020,0x0841,0x0020,0x0020,0x0841,0x0020,
0x0020,0x0000,0x0841,0x1082,0x0020,0x18E3,0x0000,0x0861,0x0861,0x0841,0x0841,0x0861,0x0020,0x0020,0x0861,0x0020,
0x0841,0x0841,0x0841,0x0841,0x0841,0x0841,0x0841,0x0841,0x0020,0x0000,0x1082,0x0841,0x0841,0x0861,0x0841,0x0020,
0x0841,0x0841,0x0841,0x0841,0x0841,0x0841,0x0841,0x0841,0x0000,0x0841,0x0841,0x0020,0x10A2,0x0861,0x0020,0x0841,
0x0020,0x0861,0x0841,0x0000,0x0020,0x0861,0x0841,0x0841,0x0841,0x0841,0x0020,0x0020,0x0020,0x0020,0x0841,0x0841,
0x0841,0x0841,0x0841,0x0020,0x0020,0x0841,0x0841,0x0020,0x0861,0x0841,0x0000,0x0841,0x0020,0x18C3,0x0020,0x0020,
0x0020,0x0000,0x1082,0x18E3,0x10A2,0x0020,0x10A2,0x0861,0x0020,0x0861,0x18E3,0x18C3,0x1082,0x1082,0x0020,0x18C3,
0x1082,0x0000,0x0020,0x1082,0x0020,0x0841,0x1082,0x1082,0x1082,0x0861,0x10A2,0x1082,0x0020,0x0861,0x1082,0x10A2,
0x10A2,0x0020,0x10A2,0x10A2,0x0020,0x0861,0x2945,0x3186,0x4A49,0x39E7,0x5ACB,0x4208,0x3186,0x3186,0x18C3,0x31A6,
0x31A6,0x0841,0x10A2,0x0020,0x0861,0x1082,0x1082,0x0861,0x0861,0x0020,0x0861,0x1082,0x2945,0x10A2,0x0841,0x1082,
0x1082,0x18E3,0x10A2,0x18E3,0x2104,0x18E3,0x2965,0x2124,0x0861,0x10A2,0x18E3,0x2124,0x2945,0x2124,0x2124,0x18C3,
0x0841,0x0020,0x0020,0x0020,0x0841,0x1082,0x0861,0x1082,0x18C3,0x18C3,0x2104,0x2124,0x10A2,0x1082,0x18E3,0x1082,
0x10A2,0x0020,0x0020,0x0841,0x0020,0x0020,0x0841,0x0841,0x0841,0x0841,0x0020,0x0841,0x0861,0x0020,0x0841,0x18C3,
0x18C3,0x2124,0x2104,0x2124,0x2965,0x4208,0x2965,0x31A6,0x2965,0x2124,0x0861,0x0841,0x0861,0x0841,0x1082,0x1082,
0x1082,0x0020,0x0000,0x18E3,0x2124,0x0841,0x1082,0x10A2,0x10A2,0x1082,0x0841,0x0020,0x0020,0x0841,0x0020,0x0020,
0x0020,0x0000,0x0020,0x0000,0x39E7,0x39E7,0x0841,0x2945,0x0861,0x1082,0x18E3,0x1082,0x10A2,0x0861,0x18C3,0x10A2,
0x2945,0x18C3,0x18C3,0x2965,0x2104,0x2104,0x18E3,0x18C3,0x2124,0x2124,0x18C3,0x2104,0x2124,0x2945,0x18E3,0x2124,
0x2124,0x2124,0x2965,0x2124,0x18E3,0x2124,0x2945,0x2104,0x4228,0x18C3,0x18C3,0x39E7,0x18E3,0x18C3,0x31A6,0x31A6,
0x2945,0x18C3,0x2104,0x2104,0x39E7,0x2965,0x2104,0x3186,0x2965,0x2124,0x39C7,0x18E3,0x2124,0x31A6,0x6B6D,0x39E7,
0x2965,0x31A6,0x2124,0x3186,0x2124,0x18E3,0x18E3,0x2945,0x10A2,0x10A2,0x18E3,0x2104,0x18C3,0x10A2,0x18E3,0x10A2,
0x0020,0x0841,0x0020,0x0861,0x0020,0x10A2,0x0841,0x0841,0x0841,0x0841,0x0020,0x0841,0x0841,0x0020,0x0841,0x0020,
0x0861,0x0841,0x0000,0x39C7,0x0020,0x0841,0x39C7,0x0000,0x0000,0x0841,0x0861,0x0000,0x18C3,0x0000,0x0841,0x0861,
0x0841,0x0841,0x0841,0x0841,0x0841,0x0841,0x0841,0x0841,0x0841,0x0020,0x0000,0x0020,0x0020,0x0841,0x0020,0x0020,
0x0841,0x0841,0x0841,0x0841,0x0841,0x0841,0x0841,0x0841,0x0020,0x0861,0x0841,0x0020,0x18C3,0x0861,0x0020,0x0861,
0x0841,0x0020,0x10A2,0x4228,0x0861,0x0020,0x0861,0x0000,0x0841,0x0020,0x0020,0x0020,0x0020,0x0020,0x0020,0x0841,
0x1082,0x0841,0x0020,0x0841,0x0841,0x0841,0x0841,0x0841,0x0000,0x1082,0x0020,0x0020,0x0841,0x0861,0x0841,0x0861,
0x0861,0x0020,0x0020,0x0020,0x1082,0x0020,0x0020,0x0861,0x0841,0x0000,0x0861,0x2965,0x0000,0x10A2,0x1082,0x0020,
0x0841,0x1082,0x0841,0x0861,0x0841,0x0841,0x0841,0x10A2,0x18E3,0x0020,0x1082,0x0000,0x10A2,0x0861,0x0841,0x0861,
0x18E3,0x0000,0x1082,0x1082,0x18C3,0x18C3,0x10A2,0x18E3,0x18E3,0x2104,0x31A6,0x18C3,0x18E3,0x18E3,0x2124,0x3186,
0x39E7,0x18E3,0x0861,0x0861,0x0841,0x10A2,0x0861,0x0020,0x0841,0x0020,0x1082,0x10A2,0x10A2,0x0861,0x0861,0x10A2,
0x1082,0x10A2,0x2945,0x2104,0x2124,0x10A2,0x18C3,0x2104,0x10A2,0x18E3,0x18E3,0x18C3,0x1082,0x10A2,0x18E3,0x1082,
0x1082,0x0841,0x1082,0x1082,0x1082,0x0861,0x1082,0x18E3,0x18E3,0x2124,0x18C3,0x18C3,0x10A2,0x1082,0x1082,0x0861,
0x1082,0x1082,0x0861,0x0000,0x0020,0x0841,0x0841,0x0000,0x0020,0x0841,0x0020,0x0841,0x1082,0x1082,0x18E3,0x31A6,
0x3186,0x4228,0x31A6,0x4208,0x4228,0x4228,0x3186,0x31A6,0x2945,0x18E3,0x0861,0x0861,0x0020,0x0841,0x10A2,0x0861,
0x10A2,0x1082,0x10A2,0x0020,0x18C3,0x2124,0x1082,0x0841,0x0861,0x0841,0x0020,0x0020,0x0861,0x1082,0x10A2,0x10A2,
0x0841,0x1082,0x10A2,0x1082,0x2124,0x18C3,0x0841,0x18C3,0x1082,0x1082,0x0861,0x18C3,0x1082,0x18C3,0x10A2,0x2104,
0x18E3,0x1082,0x18C3,0x18E3,0x10A2,0x18C3,0x2124,0x2124,0x10A2,0x18E3,0x2965,0x39C7,0x18E3,0x2945,0x2124,0x2104,
0x10A2,0x18C3,0x2124,0x2104,0x18C3,0x2124,0x2945,0x2124,0x18C3,0x2965,0x2104,0x31A6,0x10A2,0x18E3,0x2965,0x2104,
0x2104,0x18C3,0x2965,0x3186,0x2965,0x2124,0x31A6,0x2945,0x2124,0x2945,0x2124,0x18E3,0x2945,0x18E3,0x31A6,0x4A69,
0x2104,0x39C7,0x2104,0x10A2,0x18E3,0x18C3,0x2945,0x3186,0x2124,0x2945,0x18C3,0x2124,0x18E3,0x2945,0x18C3,0x10A2,
0x0020,0x0020,0x0841,0x0020,0x0841,0x0841,0x0841,0x0841,0x0020,0x0861,0x0841,0x0020,0x0841,0x0841,0x0861,0x0841,
0x0000,0x0020,0x0020,0x0861,0x0841,0x0020,0x0861,0x0020,0x1082,0x18C3,0x528A,0x4228,0x2965,0x1082,0x0841,0x0020,
0x0841,0x0841,0x0841,0x0841,0x0841,0x0841,0x0841,0x0841,0x0020,0x0841,0x0020,0x0841,0x1082,0x0020,0x0841,0x0841,
0x0841,0x0841,0x0841,0x0841,0x0841,0x0841,0x0841,0x0841,0x0841,0x0020,0x0841,0x0020,0x0861,0x0020,0x0841,0x0841,
0x0841,0x0841,0x10A2,0x5AEB,0x1082,0x0020,0x0000,0x0841,0x0841,0x0020,0x0841,0x0841,0x0841,0x0841,0x0020,0x0841,
0x1082,0x0841,0x0020,0x0841,0x0861,0x0020,0x0020,0x0841,0x0841,0x0020,0x0020,0x0861,0x0000,0x0020,0x10A2,0x0020,
0x0020,0x0020,0x18E3,0x18E3,0x0841,0x0841,0x0841,0x0000,0x0861,0x0020,0x0020,0x1082,0x0841,0x0841,0x1082,0x0841,
0x0020,0x0841,0x0841,0x1082,0x0841,0x0841,0x0841,0x0841,0x10A2,0x0841,0x10A2,0x0841,0x18C3,0x18E3,0x0861,0x1082,
0x1082,0x0861,0x1082,0x1082,0x18E3,0x10A2,0x0841,0x0000,0x18C3,0x2945,0x2124,0x2104,0x10A2,0x0841,0x0841,0x31A6,
0x4A69,0x2104,0x18E3,0x1082,0x0020,0x0841,0x0020,0x0020,0x0020,0x0861,0x0020,0x18E3,0x0861,0x0861,0x1082,0x1082,
0x2104,0x1082,0x18C3,0x18C3,0x2945,0x2124,0x18C3,0x18C3,0x1082,0x10A2,0x18C3,0x2124,0x18E3,0x0861,0x0841,0x0861,
0x18C3,0x0861,0x10A2,0x10A2,0x18C3,0x0861,0x1082,0x18C3,0x18E3,0x2945,0x18C3,0x1082,0x1082,0x10A2,0x0861,0x0841,
0x0861,0x10A2,0x0861,0x0020,0x0841,0x0020,0x0020,0x0841,0x18C3,0x0020,0x0020,0x1082,0x10A2,0x18E3,0x3186,0x4208,
0x4228,0x4208,0x2124,0x2124,0x31A6,0x3186,0x3186,0x2124,0x1082,0x0861,0x1082,0x10A2,0x0861,0x0861,0x10A2,0x0020,
0x10A2,0x18E3,0x0861,0x0020,0x10A2,0x0861,0x10A2,0x10A2,0x10A2,0x1082,0x0861,0x0841,0x0020,0x0020,0x0020,0x0020,
0x1082,0x1082,0x0861,0x1082,0x18E3,0x0861,0x10A2,0x18C3,0x1082,0x10A2,0x0861,0x10A2,0x1082,0x18C3,0x10A2,0x18E3,
0x2104,0x18E3,0x2104,0x18C3,0x18C3,0x2104,0x2124,0x10A2,0x18C3,0x18C3,0x31A6,0x2965,0x39C7,0x18C3,0x10A2,0x2104,
0x18E3,0x18C3,0x10A2,0x2104,0x31A6,0x31A6,0x18E3,0x2124,0x2104,0x2124,0x2945,0x4208,0x3186,0x18E3,0x2124,0x2124,
0x2124,0x18C3,0x2104,0x3186,0x18E3,0x2965,0x4208,0x2965,0x2124,0x2104,0x2104,0x39E7,0x18E3,0x2124,0x2104,0x18E3,
0x2945,0x10A2,0x18E3,0x18E3,0x2124,0x10A2,0x18E3,0x3186,0x31A6,0x3186,0x39E7,0x31A6,0x2945,0x2104,0x2104,0x2124,
0x0861,0x0000,0x0861,0x0000,0x10A2,0x0841,0x0841,0x0020,0x0000,0x1082,0x0841,0x0000,0x0020,0x0841,0x0841,0x0841,
0x0841,0x0861,0x0841,0x0000,0x0861,0x0841,0x0020,0x0861,0x0020,0x0020,0x5ACB,0x738E,0x0861,0x0841,0x18C3,0x0020,
0x0841,0x0841,0x0841,0x0841,0x0841,0x0841,0x0841,0x0841,0x0841,0x0020,0x0841,0x0020,0x2104,0x18C3,0x0841,0x0020,
0x0841,0x0841,0x0841,0x0841,0x0841,0x0841,0x0841,0x0841,0x0841,0x0020,0x0020,0x0020,0x0861,0x0020,0x0020,0x0841,
0x0020,0x0861,0x0000,0x0020,0x0020,0x1082,0x1082,0x0841,0x0841,0x0841,0x0841,0x0861,0x0861,0x0841,0x0841,0x0841,
0x0861,0x0020,0x0020,0x0841,0x0841,0x0020,0x0020,0x0841,0x0000,0x0841,0x0020,0x0841,0x0841,0x0841,0x0020,0x0020,
0x39C7,0x10A2,0x0861,0x10A2,0x0000,0x0000,0x1082,0x0841,0x0020,0x0841,0x0861,0x0020,0x18E3,0x0841,0x1082,0x0861,
0x0861,0x0000,0x0020,0x0861,0x0000,0x0841,0x0861,0x0020,0x0020,0x0841,0x1082,0x10A2,0x1082,0x18E3,0x0861,0x10A2,
0x1082,0x10A2,0x10A2,0x0861,0x0000,0x0000,0x10A2,0x2104,0x2124,0x18E3,0x2104,0x18E3,0x0000,0x10A2,0x1082,0x10A2,
0x3186,0x0861,0x2945,0x18E3,0x18C3,0x1082,0x0861,0x0841,0x0020,0x0000,0x0020,0x0861,0x0861,0x10A2,0x0020,0x0861,
0x0861,0x0861,0x0861,0x18C3,0x2104,0x2104,0x2124,0x2945,0x2104,0x18E3,0x18E3,0x2124,0x2124,0x1082,0x10A2,0x2124,
0x2124,0x10A2,0x10A2,0x18E3,0x2124,0x2124,0x18C3,0x18C3,0x2965,0x18E3,0x18C3,0x2104,0x1082,0x1082,0x1082,0x18E3,
0x0861,0x1082,0x1082,0x18C3,0x18E3,0x1082,0x0841,0x1082,0x18C3,0x0861,0x1082,0x2104,0x18E3,0x10A2,0x2945,0x4208,
0x4208,0x31A6,0x2104,0x2945,0x31A6,0x3186,0x2965,0x18E3,0x18E3,0x10A2,0x18C3,0x10A2,0x1082,0x1082,0x1082,0x1082,
0x0000,0x0861,0x18C3,0x0020,0x0020,0x0841,0x0020,0x0020,0x0020,0x0020,0x0020,0x0020,0x0841,0x0841,0x0861,0x1082,
0x2104,0x0841,0x1082,0x18C3,0x10A2,0x0861,0x10A2,0x1082,0x0861,0x18C3,0x2104,0x18C3,0x2124,0x10A2,0x1082,0x10A2,
0x18C3,0x10A2,0x10A2,0x10A2,0x18E3,0x2124,0x2124,0x10A2,0x18E3,0x2124,0x3186,0x4A49,0x10A2,0x18E3,0x1082,0x3186,
0x2945,0x18E3,0x10A2,0x18C3,0x18E3,0x31A6,0x3186,0x2104,0x2124,0x2124,0x2124,0x2104,0x39C7,0x2945,0x18E3,0x2124,
0x2124,0x18E3,0x2104,0x2104,0x39C7,0x18E3,0x2124,0x4A49,0x2104,0x2124,0x2104,0x31A6,0x2124,0x4208,0x39C7,0x2124,
0x2945,0x2104,0x2124,0x10A2,0x2104,0x18E3,0x2104,0x4208,0x2104,0x4228,0x5ACB,0x2104,0x2124,0x18E3,0x10A2,0x18C3,
0x0020,0x0861,0x10A2,0x18E3,0x0020,0x0841,0x0020,0x18C3,0x0841,0x2124,0x18C3,0x0841,0x0841,0x0841,0x0020,0x0841,
0x0841,0x0020,0x0020,0x0841,0x0020,0x0861,0x0020,0x0841,0x0841,0x10A2,0x0861,0x10A2,0x10A2,0x1082,0x0020,0x0841,
0x0841,0x0841,0x0841,0x0841,0x0841,0x0841,0x0841,0x0841,0x0020,0x0841,0x0861,0x0020,0x18C3,0x18C3,0x0020,0x0841,
0x0841,0x0841,0x0841,0x0841,0x0841,0x0841,0x0841,0x0841,0x0020,0x1082,0x0861,0x0020,0x18C3,0x0861,0x0000,0x1082,
0x0841,0x0020,0x0841,0x0861,0x0841,0x0020,0x0000,0x0841,0x0841,0x0020,0x0020,0x0841,0x0841,0x0020,0x0020,0x0841,
0x0020,0x0020,0x0841,0x0841,0x0841,0x0841,0x0841,0x0841,0x0841,0x0020,0x0841,0x0841,0x0020,0x0861,0x0020,0x0841,
0x2104,0x2945,0x0020,0x0020,0x0861,0x0841,0x0020,0x0841,0x0841,0x0020,0x0841,0x10A2,0x0000,0x10A2,0x18E3,0x18C3,
0x18C3,0x1082,0x0020,0x0020,0x0841,0x0020,0x0841,0x1082,0x1082,0x0861,0x18C3,0x18C3,0x18C3,0x0861,0x10A2,0x10A2,
0x18C3,0x0861,0x0841,0x0841,0x0841,0x0861,0x0020,0x2104,0x1082,0x0861,0x2104,0x0020,0x10A2,0x0020,0x18C3,0x18E3,
0x4228,0x4A49,0x2104,0x2104,0x2965,0x10A2,0x0861,0x0841,0x0841,0x0861,0x0841,0x0000,0x10A2,0x0020,0x1082,0x18E3,
0x1082,0x18E3,0x18C3,0x2945,0x18C3,0x18C3,0x10A2,0x18C3,0x18C3,0x2945,0x2124,0x18E3,0x2104,0x18C3,0x18C3,0x18C3,
0x18C3,0x1082,0x1082,0x18E3,0x2104,0x2124,0x18C3,0x18C3,0x18C3,0x18C3,0x2124,0x2945,0x18C3,0x18C3,0x1082,0x1082,
0x1082,0x1082,0x0861,0x10A2,0x10A2,0x18C3,0x1082,0x1082,0x10A2,0x2104,0x18E3,0x2104,0x31A6,0x31A6,0x3186,0x4208,
0x4228,0x3186,0x2124,0x31A6,0x2965,0x31A6,0x2965,0x31A6,0x3186,0x2124,0x2124,0x2124,0x2124,0x18C3,0x0841,0x18E3,
0x18E3,0x0841,0x0841,0x1082,0x1082,0x0020,0x0841,0x0841,0x0841,0x0841,0x0841,0x0841,0x0841,0x0861,0x0861,0x1082,
0x0000,0x2104,0x10A2,0x0841,0x18E3,0x10A2,0x0861,0x10A2,0x18C3,0x18E3,0x18C3,0x2104,0x2945,0x10A2,0x10A2,0x39C7,
0x2104,0x18E3,0x18C3,0x18E3,0x10A2,0x10A2,0x18C3,0x2945,0x31A6,0x3186,0x4228,0x2104,0x2124,0x18E3,0x18C3,0x0861,
0x0861,0x10A2,0x1082,0x10A2,0x18C3,0x18C3,0x1082,0x2945,0x2124,0x10A2,0x2124,0x18C3,0x2104,0x2965,0x2124,0x2945,
0x2124,0x18C3,0x2124,0x2104,0x18E3,0x2945,0x2124,0x2104,0x2104,0x2965,0x2945,0x2104,0x2104,0x2124,0x2104,0x18C3,
0x2104,0x2945,0x2124,0x31A6,0x2104,0x10A2,0x4A49,0x4208,0x2124,0x2124,0x2945,0x2104,0x18E3,0x31A6,0x18C3,0x18E3,
0x0841,0x0020,0x0020,0x0861,0x0000,0x0841,0x0000,0x0841,0x0020,0x18C3,0x1082,0x0841,0x0841,0x0020,0x1082,0x0841,
0x0020,0x1082,0x0020,0x0020,0x0861,0x0020,0x0841,0x0861,0x0841,0x0841,0x0841,0x0841,0x0841,0x0841,0x0841,0x0841,
0x0841,0x0841,0x0841,0x0020,0x0841,0x0841,0x0020,0x0841,0x0861,0x0000,0x1082,0x0841,0x0020,0x0841,0x0020,0x0841,
0x0020,0x0841,0x0841,0x0861,0x0020,0x0841,0x0020,0x0020,0x0020,0x2104,0x0861,0x0000,0x0841,0x0841,0x0841,0x2104,
0x0020,0x0841,0x1082,0x0861,0x0020,0x0020,0x0841,0x0841,0x0020,0x0841,0x0841,0x0020,0x0861,0x0020,0x0020,0x0841,
0x0841,0x0020,0x0841,0x0841,0x0841,0x0841,0x0020,0x0841,0x0841,0x0020,0x0020,0x0841,0x0020,0x0000,0x0841,0x0841,
0x0020,0x0841,0x18C3,0x1082,0x0020,0x0841,0x0841,0x18C3,0x1082,0x0841,0x0020,0x0841,0x0841,0x0000,0x0841,0x18E3,
0x2945,0x10A2,0x18C3,0x1082,0x0020,0x0020,0x0020,0x1082,0x1082,0x0861,0x0841,0x1082,0x18C3,0x1082,0x0861,0x1082,
0x1082,0x18C3,0x18E3,0x1082,0x18E3,0x0861,0x0841,0x0020,0x0841,0x0020,0x1082,0x0841,0x1082,0x0020,0x10A2,0x10A2,
0x2124,0x31A6,0x2104,0x2124,0x31A6,0x18E3,0x18C3,0x0020,0x0861,0x0020,0x0020,0x0861,0x0000,0x1082,0x10A2,0x0841,
0x1082,0x10A2,0x18E3,0x10A2,0x18E3,0x10A2,0x10A2,0x18C3,0x2124,0x2104,0x3186,0x18C3,0x2104,0x18C3,0x2124,0x2124,
0x18E3,0x0861,0x0861,0x10A2,0x10A2,0x18E3,0x10A2,0x2945,0x18E3,0x18E3,0x10A2,0x2124,0x2945,0x2124,0x10A2,0x18E3,
0x10A2,0x18E3,0x2965,0x5AEB,0x18E3,0x0861,0x10A2,0x18E3,0x2945,0x2965,0x2124,0x3186,0x31A6,0x39E7,0x4228,0x52AA,
0x4228,0x4A49,0x3186,0x2104,0x39C7,0x2965,0x2124,0x2124,0x2124,0x2124,0x4208,0x6B6D,0x31A6,0x2104,0x2124,0x18C3,
0x18C3,0x1082,0x1082,0x0020,0x0841,0x0020,0x0020,0x0841,0x0841,0x0020,0x0841,0x0020,0x0861,0x1082,0x0020,0x10A2,
0x10A2,0x1082,0x0861,0x1082,0x1082,0x18E3,0x10A2,0x18C3,0x18C3,0x18E3,0x18C3,0x10A2,0x10A2,0x18C3,0x18E3,0x10A2,
0x18C3,0x18C3,0x18C3,0x18C3,0x18C3,0x18E3,0x2124,0x2965,0x4228,0x4208,0x4208,0x4208,0x3186,0x3186,0x18E3,0x2104,
0x18C3,0x1082,0x18C3,0x0841,0x1082,0x18C3,0x18C3,0x2124,0x18C3,0x2945,0x2104,0x31A6,0x3186,0x18E3,0x31A6,0x3186,
0x2124,0x18C3,0x2124,0x2124,0x18E3,0x2124,0x18C3,0x31A6,0x2104,0x2945,0x2965,0x2124,0x2124,0x18C3,0x18C3,0x18E3,
0x2124,0x2104,0x2124,0x18C3,0x2945,0x2104,0x3186,0x31A6,0x2104,0x2124,0x2124,0x18C3,0x18C3,0x2124,0x2124,0x2124,
0x0841,0x0841,0x0861,0x10A2,0x0020,0x0861,0x0000,0x0841,0x10A2,0x0020,0x0861,0x0000,0x0020,0x0841,0x0841,0x0000,
0x0841,0x0020,0x0841,0x0841,0x0841,0x0841,0x0841,0x0000,0x0020,0x0020,0x0020,0x0841,0x0841,0x0841,0x0841,0x0841,
0x0020,0x0841,0x0841,0x0020,0x0841,0x0861,0x0020,0x0000,0x0020,0x18E3,0x2124,0x0020,0x0861,0x0020,0x0020,0x0020,
0x0841,0x0000,0x0020,0x0841,0x0841,0x0020,0x0841,0x0841,0x0000,0x0841,0x0841,0x0020,0x1082,0x0000,0x0020,0x1082,
0x0020,0x0020,0x0861,0x0841,0x0020,0x0841,0x0841,0x0020,0x1082,0x10A2,0x0841,0x0841,0x0020,0x0861,0x0000,0x0841,
0x0020,0x0020,0x0020,0x0841,0x0841,0x0841,0x0841,0x0841,0x0841,0x18E3,0x0020,0x0020,0x0841,0x1082,0x0861,0x0020,
0x0841,0x0020,0x1082,0x0861,0x0841,0x0841,0x0000,0x0020,0x0841,0x0861,0x0841,0x0020,0x0841,0x0841,0x0861,0x1082,
0x0020,0x2104,0x18C3,0x18E3,0x18C3,0x1082,0x2104,0x0000,0x1082,0x2104,0x0000,0x0841,0x18C3,0x10A2,0x2124,0x1082,
0x1082,0x18C3,0x10A2,0x4A49,0x2965,0x0000,0x0861,0x0841,0x1082,0x2965,0x0861,0x0020,0x0861,0x0020,0x0841,0x0020,
0x1082,0x0841,0x2104,0x18C3,0x2124,0x3186,0x18C3,0x18E3,0x18E3,0x0841,0x10A2,0x0841,0x0020,0x1082,0x1082,0x18C3,
0x18C3,0x18C3,0x2124,0x2104,0x10A2,0x2945,0x18C3,0x18E3,0x18C3,0x2124,0x31A6,0x18E3,0x10A2,0x10A2,0x2104,0x2124,
0x18C3,0x10A2,0x18E3,0x18E3,0x10A2,0x18C3,0x10A2,0x2124,0x18C3,0x10A2,0x18C3,0x2124,0x18E3,0x18C3,0x10A2,0x2124,
0x2124,0x3186,0x39C7,0x39E7,0x2945,0x18E3,0x18E3,0x18E3,0x2965,0x4208,0x3186,0x4228,0x2124,0x4A49,0x39E7,0x5ACB,
0x2965,0x2965,0x39C7,0x31A6,0x2104,0x39C7,0x4208,0x31A6,0x3186,0x2124,0x2104,0x31A6,0x2104,0x2124,0x2124,0x18C3,
0x1082,0x0861,0x0841,0x0841,0x1082,0x1082,0x0020,0x0020,0x0020,0x0861,0x0841,0x18C3,0x18C3,0x18E3,0x0841,0x0861,
0x0861,0x0841,0x10A2,0x18E3,0x18C3,0x10A2,0x3186,0x10A2,0x2104,0x10A2,0x18C3,0x2965,0x10A2,0x1082,0x10A2,0x1082,
0x18E3,0x1082,0x18C3,0x18E3,0x10A2,0x10A2,0x2124,0x4A49,0x4208,0x31A6,0x3186,0x5ACB,0x2124,0x2945,0x18C3,0x18C3,
0x2945,0x18E3,0x18E3,0x10A2,0x18E3,0x1082,0x10A2,0x2945,0x2124,0x10A2,0x2104,0x2124,0x2945,0x39C7,0x2104,0x2124,
0x18C3,0x2104,0x2965,0x2124,0x2104,0x2124,0x18C3,0x2965,0x3186,0x3186,0x2124,0x2124,0x2945,0x18C3,0x0841,0x1082,
0x10A2,0x2945,0x2124,0x10A2,0x2124,0x2965,0x2965,0x2124,0x39C7,0x2124,0x3186,0x18E3,0x10A2,0x18E3,0x1082,0x2945,
0x10A2,0x0861,0x0020,0x0861,0x0841,0x1082,0x0841,0x0020,0x0020,0x0020,0x1082,0x0000,0x10A2,0x1082,0x0841,0x0020,
0x0020,0x1082,0x0000,0x0020,0x10A2,0x0020,0x18E3,0x2945,0x0841,0x0841,0x0020,0x0020,0x0841,0x0841,0x0841,0x0020,
0x0000,0x0861,0x0020,0x0841,0x0020,0x0000,0x0841,0x0841,0x0000,0x10A2,0x0020,0x0020,0x1082,0x1082,0x0020,0x0841,
0x0861,0x0020,0x0020,0x2104,0x0020,0x0861,0x0020,0x0841,0x0841,0x0020,0x0841,0x0020,0x0000,0x0861,0x0841,0x0861,
0x0020,0x0020,0x0841,0x0020,0x0020,0x0841,0x0020,0x0020,0x0020,0x0020,0x0841,0x0020,0x10A2,0x0841,0x0841,0x0020,
0x0841,0x0841,0x0020,0x0020,0x0841,0x0841,0x0841,0x0020,0x0000,0x1082,0x0020,0x3186,0x18C3,0x0020,0x0841,0x0020,
0x10A2,0x0841,0x0841,0x0020,0x0020,0x0861,0x0841,0x0841,0x0020,0x0861,0x0861,0x0020,0x0020,0x0841,0x0841,0x0020,
0x0020,0x0020,0x0841,0x0000,0x1082,0x1082,0x0841,0x10A2,0x0861,0x10A2,0x0020,0x10A2,0x1082,0x0000,0x2945,0x18C3,
0x0020,0x1082,0x0020,0x10A2,0x10A2,0x0861,0x0841,0x0000,0x18E3,0x3186,0x0861,0x0841,0x0020,0x0841,0x10A2,0x0861,
0x18C3,0x1082,0x0861,0x10A2,0x1082,0x2124,0x39E7,0x3186,0x2104,0x39C7,0x10A2,0x2945,0x2945,0x10A2,0x0861,0x10A2,
0x18E3,0x10A2,0x3186,0x3186,0x0841,0x2124,0x2124,0x1082,0x1082,0x0841,0x1082,0x18C3,0x2124,0x18E3,0x18C3,0x2945,
0x2124,0x18C3,0x1082,0x1082,0x18C3,0x2124,0x18C3,0x18C3,0x18C3,0x18C3,0x2104,0x2104,0x10A2,0x18C3,0x10A2,0x2104,
0x2124,0x2104,0x18C3,0x18C3,0x31A6,0x2104,0x18E3,0x4A49,0x4228,0x18C3,0x31A6,0x31A6,0x31A6,0x4228,0x4228,0x528A,
0x39C7,0x3186,0x3186,0x31A6,0x18E3,0x31A6,0x31A6,0x4208,0x31A6,0x2945,0x18C3,0x18C3,0x10A2,0x18E3,0x18C3,0x1082,
0x10A2,0x0841,0x0020,0x0861,0x10A2,0x10A2,0x0841,0x0841,0x0000,0x0861,0x0000,0x0861,0x0020,0x0861,0x1082,0x18E3,
0x18E3,0x18C3,0x10A2,0x10A2,0x2104,0x0861,0x10A2,0x0861,0x18C3,0x18C3,0x2104,0x2945,0x18C3,0x18C3,0x18E3,0x0861,
0x18C3,0x2104,0x18C3,0x10A2,0x2965,0x18C3,0x2104,0x2104,0x2124,0x2945,0x4228,0x4208,0x2965,0x2104,0x10A2,0x18C3,
0x2104,0x2124,0x2104,0x1082,0x1082,0x0861,0x1082,0x18C3,0x2104,0x18E3,0x18E3,0x18C3,0x10A2,0x2124,0x2104,0x2124,
0x18C3,0x2124,0x2124,0x2124,0x3186,0x31A6,0x2124,0x31A6,0x2945,0x18C3,0x18C3,0x2124,0x2104,0x2104,0x18E3,0x1082,
0x1082,0x2104,0x31A6,0x2965,0x18C3,0x18C3,0x2104,0x2104,0x2104,0x31A6,0x31A6,0x39C7,0x39C7,0x10A2,0x2965,0x18C3,
0x1082,0x0841,0x0000,0x0020,0x0020,0x1082,0x0841,0x0020,0x0861,0x0020,0x0841,0x0841,0x0020,0x0841,0x18C3,0x0841,
0x0841,0x0020,0x0841,0x0000,0x1082,0x0020,0x1082,0x4228,0x0861,0x0841,0x0841,0x0020,0x0020,0x0841,0x0841,0x0020,
0x2945,0x2104,0x0020,0x0841,0x1082,0x0020,0x0841,0x0841,0x0861,0x0861,0x0000,0x0841,0x0841,0x0861,0x0020,0x0020,
0x0000,0x0020,0x2124,0x4A69,0x0020,0x0841,0x0861,0x0020,0x0841,0x0861,0x0000,0x18E3,0x1082,0x2965,0x1082,0x0841,
0x0020,0x0841,0x0841,0x0020,0x0020,0x0841,0x0020,0x0841,0x10A2,0x1082,0x0020,0x0020,0x0020,0x0841,0x0020,0x0841,
0x0020,0x0841,0x0020,0x0020,0x0020,0x0841,0x0861,0x0841,0x2965,0x10A2,0x0020,0x4228,0x2124,0x0020,0x0861,0x10A2,
0x0841,0x0000,0x0841,0x0841,0x0841,0x0841,0x0020,0x0841,0x0841,0x0841,0x0020,0x0020,0x0841,0x0020,0x0020,0x0861,
0x0861,0x0841,0x1082,0x0020,0x0861,0x0861,0x0020,0x0841,0x1082,0x18C3,0x10A2,0x0841,0x1082,0x0841,0x0020,0x0020,
0x10A2,0x0861,0x0020,0x0020,0x18C3,0x0000,0x0020,0x0861,0x0000,0x0020,0x10A2,0x1082,0x1082,0x0861,0x10A2,0x18E3,
0x0861,0x0861,0x18E3,0x0861,0x18E3,0x39C7,0x0861,0x2124,0x3186,0x4A49,0x31A6,0x3186,0x18E3,0x2965,0x3186,0x3186,
0x31A6,0x2965,0x2945,0x18E3,0x18C3,0x18E3,0x3186,0x18C3,0x0020,0x18C3,0x2104,0x0841,0x18C3,0x2104,0x18C3,0x1082,
0x18C3,0x18C3,0x18E3,0x18C3,0x18C3,0x2945,0x2124,0x2124,0x18E3,0x18C3,0x2124,0x18E3,0x18C3,0x2124,0x18C3,0x10A2,
0x18C3,0x18C3,0x2104,0x2945,0x2104,0x3186,0x39C7,0x3186,0x3186,0x31A6,0x2104,0x31A6,0x4208,0x2965,0x4228,0x52AA,
0x4228,0x4228,0x2965,0x3186,0x2945,0x2945,0x18E3,0x31A6,0x10A2,0x10A2,0x1082,0x1082,0x1082,0x1082,0x10A2,0x18C3,
0x0861,0x0841,0x0020,0x0861,0x1082,0x10A2,0x0020,0x0020,0x10A2,0x10A2,0x1082,0x0861,0x1082,0x1082,0x18C3,0x2104,
0x2945,0x18C3,0x0841,0x2945,0x18E3,0x1082,0x18E3,0x1082,0x0861,0x2104,0x2124,0x10A2,0x2124,0x2104,0x2945,0x10A2,
0x10A2,0x18E3,0x10A2,0x18C3,0x10A2,0x39C7,0x2104,0x2945,0x4208,0x4228,0x2965,0x5ACB,0x4228,0x2104,0x2945,0x18C3,
0x18C3,0x2965,0x2124,0x0861,0x1082,0x1082,0x10A2,0x0861,0x2104,0x0841,0x1082,0x18E3,0x2104,0x2945,0x18C3,0x18C3,
0x2124,0x2124,0x18C3,0x18E3,0x2945,0x2124,0x18E3,0x2124,0x2104,0x10A2,0x2104,0x2104,0x18E3,0x2124,0x2945,0x1082,
0x10A2,0x18E3,0x18E3,0x1082,0x2945,0x18C3,0x2104,0x39E7,0x2124,0x2965,0x31A6,0x2104,0x18E3,0x3186,0x2945,0x10A2,
0x0000,0x0000,0x0841,0x0841,0x0020,0x0841,0x0020,0x0020,0x0020,0x10A2,0x0020,0x0841,0x0841,0x0000,0x0000,0x0861,
0x0020,0x0841,0x0020,0x18E3,0x18E3,0x0000,0x0861,0x0841,0x0841,0x0841,0x0020,0x0020,0x0020,0x0841,0x0841,0x0841,
0x2124,0x2104,0x0020,0x0020,0x0841,0x0000,0x0841,0x0000,0x0841,0x18C3,0x2945,0x0841,0x0841,0x0000,0x0841,0x0841,
0x0841,0x0861,0x0000,0x0000,0x0861,0x0841,0x0000,0x0861,0x0020,0x0000,0x0861,0x0020,0x10A2,0x73AE,0x18E3,0x0841,
0x0020,0x0841,0x0841,0x0020,0x0861,0x0861,0x0020,0x0841,0x0000,0x0020,0x0841,0x1082,0x0861,0x0841,0x0020,0x0841,
0x0841,0x0861,0x0841,0x0841,0x0841,0x0020,0x0841,0x0020,0x0020,0x0020,0x0020,0x2124,0x18C3,0x0000,0x0841,0x2104,
0x18C3,0x1082,0x1082,0x0841,0x0020,0x0841,0x1082,0x18C3,0x0841,0x0020,0x0020,0x0841,0x0841,0x0020,0x0841,0x10A2,
0x1082,0x0020,0x1082,0x0841,0x0000,0x0020,0x0861,0x0020,0x0841,0x0000,0x2104,0x18E3,0x0861,0x0841,0x0861,0x0861,
0x0841,0x10A2,0x5ACB,0x18E3,0x0020,0x0020,0x0020,0x1082,0x0861,0x0861,0x1082,0x0000,0x10A2,0x0000,0x0000,0x1082,
0x1082,0x1082,0x0861,0x1082,0x0861,0x18C3,0x18C3,0x10A2,0x10A2,0x18C3,0x18C3,0x2945,0x4228,0x2104,0x2124,0x3186,
0x31A6,0x2965,0x3186,0x2945,0x2104,0x10A2,0x39C7,0x2104,0x18C3,0x18C3,0x10A2,0x2124,0x2124,0x2104,0x18C3,0x2965,
0x10A2,0x2104,0x2945,0x2124,0x18E3,0x2124,0x18E3,0x18C3,0x18E3,0x10A2,0x18E3,0x2104,0x2104,0x2945,0x2104,0x10A2,
0x1082,0x2965,0x2124,0x2124,0x2124,0x31A6,0x3186,0x2104,0x2945,0x2104,0x18E3,0x31A6,0x4228,0x39E7,0x4A49,0x528A,
0x4208,0x4208,0x31A6,0x4228,0x3186,0x2124,0x2124,0x18E3,0x0841,0x0020,0x0841,0x0841,0x0861,0x10A2,0x18E3,0x18E3,
0x0861,0x1082,0x1082,0x18C3,0x10A2,0x10A2,0x0020,0x0841,0x0861,0x0861,0x18E3,0x10A2,0x10A2,0x18C3,0x18C3,0x2945,
0x10A2,0x18E3,0x0861,0x31A6,0x18E3,0x1082,0x2104,0x18C3,0x1082,0x18C3,0x18E3,0x10A2,0x2124,0x18C3,0x2124,0x2124,
0x18E3,0x10A2,0x18E3,0x2945,0x2104,0x10A2,0x2124,0x10A2,0x31A6,0x4A49,0x2124,0x39C7,0x4A69,0x2965,0x3186,0x2124,
0x2104,0x2104,0x18E3,0x18C3,0x2104,0x1082,0x1082,0x1082,0x10A2,0x2104,0x18E3,0x2945,0x2124,0x10A2,0x2945,0x10A2,
0x18C3,0x18C3,0x18C3,0x2104,0x2124,0x2104,0x2945,0x2945,0x18C3,0x2945,0x2124,0x2124,0x2945,0x2124,0x18C3,0x18C3,
0x2124,0x2124,0x2104,0x10A2,0x2124,0x2104,0x2124,0x2104,0x39E7,0x4A69,0x18E3,0x2945,0x2124,0x4A49,0x4208,0x18E3,
0x0841,0x0020,0x0841,0x0841,0x0020,0x0841,0x0841,0x0841,0x0020,0x0020,0x0020,0x0841,0x0861,0x2965,0x18C3,0x0000,
0x18C3,0x1082,0x0841,0x0000,0x0000,0x0861,0x0841,0x0841,0x0020,0x0020,0x0841,0x0841,0x0841,0x0841,0x0020,0x0020,
0x0841,0x18C3,0x1082,0x0841,0x0020,0x0020,0x1082,0x0861,0x0000,0x18E3,0x2124,0x0000,0x0861,0x0020,0x0020,0x0841,
0x0020,0x0020,0x0861,0x0841,0x0841,0x0841,0x0861,0x0020,0x0020,0x0861,0x0000,0x0841,0x0020,0x0020,0x0000,0x0861,
0x0841,0x0841,0x0020,0x0841,0x10A2,0x10A2,0x0841,0x0020,0x0861,0x0841,0x1082,0x0841,0x0841,0x0000,0x0841,0x0841,
0x0020,0x0841,0x0020,0x0861,0x0861,0x0020,0x0841,0x0020,0x18C3,0x0861,0x0020,0x0000,0x0020,0x0841,0x0861,0x0841,
0x0841,0x0841,0x0841,0x0841,0x0841,0x0020,0x0841,0x0841,0x0020,0x0841,0x0841,0x0841,0x0841,0x0841,0x0841,0x1082,
0x0020,0x1082,0x0841,0x0841,0x0861,0x0841,0x0000,0x0841,0x18C3,0x0020,0x0020,0x1082,0x18E3,0x10A2,0x0000,0x0020,
0x0020,0x10A2,0x2945,0x18E3,0x10A2,0x0841,0x0861,0x0020,0x0000,0x10A2,0x10A2,0x0841,0x0841,0x0861,0x31A6,0x4A69,
0x0841,0x1082,0x1082,0x1082,0x1082,0x1082,0x1082,0x1082,0x1082,0x10A2,0x0841,0x18C3,0x2945,0x18C3,0x39E7,0x18E3,
0x18E3,0x2965,0x3186,0x3186,0x31A6,0x2124,0x2104,0x2124,0x2945,0x2965,0x18E3,0x2945,0x18C3,0x2945,0x10A2,0x2104,
0x2104,0x2104,0x18E3,0x2124,0x2945,0x3186,0x2124,0x10A2,0x2124,0x18C3,0x2104,0x2965,0x3186,0x2124,0x2104,0x18E3,
0x18E3,0x18C3,0x10A2,0x2124,0x2965,0x2104,0x3186,0x2945,0x2104,0x2965,0x2965,0x18E3,0x4208,0x94B2,0x39C7,0x4A49,
0x528A,0x4208,0x3186,0x4208,0x31A6,0x2104,0x2945,0x10A2,0x0841,0x0861,0x1082,0x0841,0x0841,0x18C3,0x18E3,0x10A2,
0x18C3,0x18E3,0x18E3,0x10A2,0x0861,0x0861,0x0020,0x0841,0x10A2,0x10A2,0x18C3,0x10A2,0x0841,0x18C3,0x0841,0x10A2,
0x10A2,0x2104,0x2124,0x18C3,0x18C3,0x2104,0x1082,0x18C3,0x0861,0x1082,0x18C3,0x2124,0x18C3,0x18C3,0x2124,0x2945,
0x18E3,0x18E3,0x2124,0x18E3,0x2104,0x18E3,0x10A2,0x2965,0x10A2,0x2104,0x39C7,0x39C7,0x2124,0x4A49,0x4228,0x3186,
0x2945,0x18E3,0x18C3,0x2104,0x2124,0x10A2,0x0861,0x1082,0x18E3,0x0020,0x18E3,0x2104,0x2104,0x3186,0x2945,0x2965,
0x18C3,0x18C3,0x2104,0x18E3,0x18E3,0x2104,0x2124,0x1082,0x18C3,0x2104,0x18E3,0x3186,0x2124,0x2124,0x18C3,0x2124,
0x2124,0x2104,0x31A6,0x39E7,0x10A2,0x2124,0x39C7,0x2104,0x5ACB,0x528A,0x2124,0x2104,0x2104,0x2124,0x2124,0x18C3,
0x18E3,0x0841,0x0020,0x0020,0x0841,0x0861,0x0841,0x0841,0x0841,0x2965,0x2945,0x0020,0x0000,0x0861,0x0000,0x0841,
0x0000,0x1082,0x0000,0x0841,0x0841,0x0841,0x0841,0x0020,0x0020,0x0841,0x0841,0x0841,0x0841,0x0020,0x0841,0x0841,
0x0020,0x0861,0x0841,0x0020,0x0020,0x0841,0x0020,0x0000,0x0841,0x10A2,0x0020,0x0020,0x0841,0x0841,0x0000,0x0020,
0x0841,0x0841,0x0000,0x0841,0x0020,0x0861,0x0020,0x0000,0x0020,0x0841,0x1082,0x0020,0x0861,0x0000,0x0841,0x0841,
0x0841,0x0841,0x0020,0x0020,0x10A2,0x10A2,0x0020,0x0841,0x0000,0x0020,0x0841,0x18C3,0x0841,0x1082,0x1082,0x18C3,
0x0841,0x0841,0x0000,0x0861,0x1082,0x0861,0x10A2,0x1082,0x0861,0x0000,0x0861,0x0861,0x0841,0x0020,0x0861,0x0020,
0x0861,0x0841,0x0020,0x0020,0x0020,0x0020,0x0861,0x0861,0x0020,0x0861,0x0841,0x0020,0x0020,0x0841,0x0020,0x0020,
0x0861,0x4208,0x0020,0x0000,0x0841,0x0020,0x1082,0x0841,0x0020,0x0020,0x0841,0x0841,0x0020,0x2124,0x2104,0x0020,
0x0020,0x0841,0x0861,0x0841,0x0841,0x0020,0x0000,0x18E3,0x18E3,0x1082,0x0841,0x0841,0x0000,0x0861,0x18E3,0x0020,
0x0861,0x0020,0x1082,0x0861,0x0841,0x0861,0x0861,0x0841,0x0861,0x10A2,0x1082,0x1082,0x1082,0x1082,0x1082,0x2945,
0x2965,0x2965,0x2104,0x3186,0x31A6,0x31A6,0x2965,0x2945,0x10A2,0x2945,0x2104,0x18E3,0x0841,0x2104,0x18C3,0x18E3,
0x10A2,0x18C3,0x18C3,0x2945,0x2965,0x39C7,0x31A6,0x31A6,0x2124,0x2124,0x2124,0x3186,0x31A6,0x2104,0x2104,0x18E3,
0x10A2,0x2104,0x2124,0x2104,0x39E7,0x2124,0x2124,0x2124,0x2945,0x2104,0x2124,0x2124,0x4228,0x52AA,0x2965,0x31A6,
0x52AA,0x4A49,0x2965,0x3186,0x31A6,0x2124,0x2104,0x18E3,0x0861,0x1082,0x1082,0x0841,0x0861,0x18E3,0x18C3,0x10A2,
0x18C3,0x18E3,0x18E3,0x0861,0x0841,0x0841,0x0020,0x0841,0x1082,0x0841,0x0841,0x18C3,0x2104,0x39C7,0x2124,0x18C3,
0x2104,0x1082,0x2965,0x10A2,0x18C3,0x2965,0x18E3,0x18C3,0x0861,0x18C3,0x18E3,0x2104,0x10A2,0x2104,0x2945,0x2124,
0x10A2,0x39C7,0x4A49,0x2124,0x39C7,0x1082,0x18C3,0x2104,0x18C3,0x10A2,0x2124,0x2104,0x39C7,0x2965,0x39C7,0x2965,
0x3186,0x2104,0x2124,0x2124,0x2945,0x2124,0x18C3,0x1082,0x1082,0x18C3,0x18C3,0x18C3,0x39C7,0x8C51,0x6B4D,0x2104,
0x18C3,0x18C3,0x2104,0x18C3,0x2124,0x2965,0x2965,0x18C3,0x2965,0x10A2,0x18C3,0x2965,0x2104,0x2104,0x2124,0x2104,
0x3186,0x31A6,0x2965,0x2945,0x18C3,0x2104,0x2945,0x2965,0x2965,0x3186,0x31A6,0x2945,0x39C7,0x2104,0x2104,0x2104,
0x18C3,0x0841,0x0020,0x0841,0x0841,0x0841,0x0020,0x0020,0x0000,0x10A2,0x0020,0x0020,0x0861,0x0020,0x0020,0x0841,
0x0861,0x0020,0x0841,0x18E3,0x0020,0x0841,0x0841,0x0020,0x0020,0x0841,0x0841,0x0020,0x0020,0x0841,0x0861,0x1082,
0x0841,0x0020,0x0020,0x0841,0x0841,0x0020,0x0020,0x10A2,0x0020,0x0841,0x0020,0x0841,0x0841,0x0000,0x18E3,0x18C3,
0x0861,0x0841,0x0841,0x0020,0x0861,0x0020,0x0841,0x0841,0x0841,0x1082,0x39C7,0x0020,0x0020,0x0841,0x0841,0x0020,
0x0020,0x0841,0x0841,0x0020,0x0841,0x0841,0x0000,0x0861,0x0861,0x0020,0x0841,0x0841,0x0020,0x0000,0x1082,0x18C3,
0x2124,0x18E3,0x0841,0x1082,0x1082,0x0020,0x0841,0x0020,0x0841,0x0841,0x0020,0x0020,0x0841,0x0020,0x0020,0x1082,
0x0020,0x0020,0x0841,0x0861,0x0841,0x0020,0x0841,0x0020,0x0841,0x0841,0x0020,0x0020,0x0841,0x0841,0x0020,0x0841,
0x0841,0x0020,0x0000,0x1082,0x0020,0x0841,0x0841,0x0020,0x0841,0x0841,0x0020,0x0020,0x0841,0x31A6,0x2124,0x1082,
0x18E3,0x0841,0x0841,0x0841,0x0020,0x0841,0x0841,0x1082,0x1082,0x0841,0x10A2,0x0020,0x0841,0x10A2,0x0861,0x0861,
0x0861,0x1082,0x0841,0x0000,0x18E3,0x10A2,0x0841,0x1082,0x1082,0x1082,0x0020,0x1082,0x2124,0x1082,0x10A2,0x18C3,
0x18E3,0x39C7,0x2104,0x31A6,0x3186,0x2124,0x31A6,0x3186,0x31A6,0x2124,0x2124,0x18E3,0x2124,0x2104,0x18C3,0x0861,
0x1082,0x10A2,0x18C3,0x2124,0x2124,0x2124,0x2104,0x2124,0x10A2,0x2124,0x2104,0x2945,0x3186,0x2104,0x2104,0x0861,
0x1082,0x10A2,0x2945,0x2124,0x2965,0x2124,0x2945,0x2124,0x18C3,0x4228,0x3186,0x2124,0x3186,0x4228,0x31A6,0x2965,
0x3186,0x4208,0x39C7,0x31A6,0x3186,0x3186,0x2945,0x2104,0x2124,0x18E3,0x1082,0x0861,0x18C3,0x2124,0x10A2,0x18C3,
0x1082,0x18C3,0x2124,0x18C3,0x18E3,0x18C3,0x10A2,0x0861,0x1082,0x1082,0x1082,0x1082,0x10A2,0x18C3,0x2104,0x18E3,
0x0841,0x2104,0x18C3,0x18C3,0x2945,0x10A2,0x18C3,0x18C3,0x18C3,0x2945,0x18E3,0x18C3,0x2124,0x2945,0x2124,0x2104,
0x2124,0x2104,0x3186,0x2104,0x18E3,0x2104,0x2945,0x10A2,0x2124,0x2124,0x2124,0x2104,0x2945,0x3186,0x2965,0x4228,
0x31A6,0x18E3,0x2945,0x2104,0x2124,0x2124,0x18C3,0x1082,0x0020,0x1082,0x18C3,0x2124,0x18E3,0x5ACB,0x4208,0x2945,
0x18C3,0x18C3,0x18E3,0x1082,0x18C3,0x18C3,0x18C3,0x18C3,0x31A6,0x10A2,0x18C3,0x10A2,0x2945,0x2124,0x31A6,0x2124,
0x18C3,0x2124,0x2124,0x10A2,0x18C3,0x18E3,0x2124,0x2124,0x31A6,0x4A69,0x39E7,0x2965,0x31A6,0x3186,0x2945,0x2104,
0x0841,0x0020,0x18C3,0x0020,0x0020,0x0841,0x0020,0x0841,0x1082,0x10A2,0x0000,0x0841,0x0020,0x0841,0x0861,0x0000,
0x0841,0x0841,0x0020,0x0841,0x0841,0x0841,0x0841,0x0841,0x0861,0x0020,0x0841,0x0841,0x0020,0x0841,0x0841,0x0841,
0x0861,0x10A2,0x0841,0x0020,0x0841,0x0841,0x0841,0x0020,0x0020,0x0841,0x0020,0x0020,0x0020,0x0020,0x0861,0x1082,
0x0841,0x0841,0x0020,0x0020,0x0020,0x0020,0x0841,0x0841,0x0020,0x0861,0x0020,0x0020,0x0861,0x0000,0x0861,0x0020,
0x0841,0x0841,0x0020,0x0841,0x0020,0x0020,0x1082,0x0841,0x0841,0x0020,0x0861,0x10A2,0x0841,0x0861,0x0841,0x4A49,
0x8430,0x4208,0x0861,0x10A2,0x0020,0x0000,0x18C3,0x0841,0x0841,0x0020,0x0020,0x0861,0x0841,0x0020,0x0020,0x0020,
0x0020,0x0841,0x18E3,0x0020,0x0861,0x0020,0x0000,0x0861,0x0861,0x0020,0x0841,0x0841,0x0841,0x0841,0x0861,0x0841,
0x1082,0x1082,0x0000,0x0841,0x0861,0x0020,0x0020,0x18E3,0x1082,0x0841,0x0841,0x0841,0x0841,0x0020,0x0841,0x0861,
0x18E3,0x1082,0x0841,0x0841,0x0861,0x0841,0x0841,0x0841,0x0000,0x18C3,0x1082,0x0841,0x0841,0x0841,0x1082,0x1082,
0x0861,0x0861,0x0841,0x0841,0x18C3,0x18C3,0x0841,0x0861,0x1082,0x0020,0x10A2,0x0861,0x10A2,0x0861,0x0861,0x1082,
0x3186,0x52AA,0x2104,0x2965,0x2124,0x18C3,0x2945,0x3186,0x31A6,0x3186,0x2104,0x2124,0x2124,0x2124,0x18C3,0x10A2,
0x18C3,0x10A2,0x18E3,0x18C3,0x18C3,0x2104,0x31A6,0x3186,0x2104,0x2124,0x2124,0x3186,0x3186,0x3186,0x1082,0x0861,
0x10A2,0x18E3,0x3186,0x3186,0x3186,0x2124,0x18C3,0x18C3,0x18C3,0x31A6,0x2124,0x2124,0x2965,0x31A6,0x2965,0x2124,
0x2104,0x4228,0x4208,0x3186,0x31A6,0x3186,0x2104,0x2945,0x3186,0x2124,0x18C3,0x1082,0x18C3,0x31A6,0x10A2,0x18E3,
0x18C3,0x18E3,0x2104,0x3186,0x5AEB,0x2104,0x18C3,0x18E3,0x18C3,0x0861,0x1082,0x18C3,0x18E3,0x0861,0x10A2,0x10A2,
0x18C3,0x18C3,0x1082,0x18C3,0x2104,0x2104,0x2965,0x18C3,0x18C3,0x2124,0x18C3,0x2104,0x10A2,0x18E3,0x2124,0x2104,
0x3186,0x2945,0x4208,0x31A6,0x18C3,0x2124,0x18E3,0x18E3,0x2124,0x2104,0x2124,0x2124,0x3186,0x2104,0x39C7,0x31A6,
0x31A6,0x3186,0x4228,0x2965,0x31A6,0x3186,0x18E3,0x18E3,0x18C3,0x0861,0x18C3,0x2945,0x2104,0x2945,0x2104,0x2124,
0x31A6,0x10A2,0x18E3,0x1082,0x1082,0x10A2,0x18E3,0x10A2,0x18C3,0x18C3,0x2124,0x2124,0x2104,0x2104,0x3186,0x2124,
0x2124,0x10A2,0x2945,0x18E3,0x18C3,0x2945,0x2104,0x2945,0x31A6,0x39E7,0x8C71,0x6B4D,0x2104,0x31A6,0x18E3,0x18C3,
0x1082,0x0020,0x0841,0x0841,0x0861,0x0861,0x0841,0x0861,0x0020,0x0000,0x0861,0x0841,0x0841,0x0020,0x0020,0x0841,
0x0841,0x0020,0x0841,0x0841,0x0000,0x0861,0x0841,0x0000,0x0020,0x0000,0x0841,0x0841,0x0000,0x0841,0x0841,0x0841,
0x0841,0x0841,0x0020,0x0020,0x0841,0x0020,0x0020,0x0841,0x0020,0x0861,0x0841,0x0861,0x0841,0x0020,0x0020,0x0020,
0x0841,0x0841,0x0841,0x0841,0x0841,0x0841,0x0841,0x0841,0x0020,0x0000,0x0020,0x18E3,0x0000,0x18C3,0x0000,0x0841,
0x0020,0x0841,0x0020,0x0841,0x0020,0x0020,0x0861,0x0841,0x0841,0x0861,0x10A2,0x0000,0x0020,0x0861,0x0861,0x2104,
0x4A69,0x2945,0x18E3,0x1082,0x0000,0x0861,0x2104,0x2124,0x0020,0x0841,0x0841,0x0020,0x0020,0x0841,0x0861,0x0020,
0x0841,0x0020,0x0861,0x0000,0x0841,0x0861,0x0861,0x18E3,0x4A49,0x18C3,0x0841,0x0841,0x0020,0x0841,0x10A2,0x0020,
0x0841,0x1082,0x0861,0x0020,0x0841,0x0020,0x0841,0x0861,0x1082,0x0841,0x0020,0x0841,0x0020,0x0020,0x0841,0x0841,
0x0841,0x2104,0x1082,0x0841,0x0841,0x0861,0x18E3,0x0020,0x0861,0x0000,0x0020,0x0861,0x0000,0x0861,0x2104,0x0000,
0x0861,0x0841,0x0841,0x0020,0x0020,0x0000,0x0020,0x18E3,0x2965,0x39E7,0x0861,0x0861,0x0020,0x0841,0x0020,0x0841,
0x18C3,0x2945,0x10A2,0x0841,0x2945,0x4208,0x2124,0x3186,0x4208,0x31A6,0x3186,0x18E3,0x4A49,0x4228,0x18E3,0x18E3,
0x10A2,0x1082,0x18C3,0x18C3,0x18E3,0x18C3,0x2945,0x2965,0x31A6,0x2124,0x2104,0x630C,0x52AA,0x3186,0x10A2,0x1082,
0x18C3,0x2104,0x3186,0x39C7,0x31A6,0x2124,0x18C3,0x1082,0x1082,0x18E3,0x2124,0x2945,0x2104,0x31A6,0x2965,0x2104,
0x31A6,0x3186,0x4208,0x4228,0x3186,0x39C7,0x39C7,0x2104,0x2124,0x2124,0x1082,0x18E3,0x18C3,0x0861,0x1082,0x0861,
0x0861,0x18C3,0x2945,0x2124,0x3186,0x39C7,0x18E3,0x18E3,0x10A2,0x18E3,0x18E3,0x18C3,0x10A2,0x18C3,0x2104,0x18E3,
0x18C3,0x18E3,0x10A2,0x18E3,0x0020,0x3186,0x39E7,0x10A2,0x18E3,0x18E3,0x1082,0x2124,0x1082,0x10A2,0x18E3,0x18E3,
0x2965,0x2965,0x4228,0x2104,0x18C3,0x18E3,0x0861,0x2124,0x2104,0x2124,0x18C3,0x2124,0x2945,0x2104,0x2124,0x2965,
0x2945,0x31A6,0x4228,0x2945,0x39C7,0x4228,0x31A6,0x3186,0x10A2,0x18C3,0x2124,0x2104,0x18C3,0x10A2,0x18C3,0x2124,
0x2945,0x2104,0x1082,0x2104,0x18C3,0x2945,0x18E3,0x18C3,0x10A2,0x18E3,0x18C3,0x2124,0x2124,0x39C7,0x3186,0x18C3,
0x39E7,0x1082,0x18C3,0x18E3,0x1082,0x10A2,0x18C3,0x18C3,0x3186,0x2965,0x39E7,0x4208,0x2945,0x2124,0x18E3,0x18C3,
0x1082,0x0861,0x0841,0x0841,0x0020,0x0841,0x0020,0x0020,0x0841,0x0841,0x0020,0x0020,0x0000,0x0020,0x0841,0x0841,
0x10A2,0x0841,0x0841,0x0000,0x0861,0x0000,0x0020,0x0861,0x18C3,0x0841,0x0841,0x0861,0x0841,0x0861,0x0841,0x0000,
0x0020,0x0841,0x0841,0x0841,0x0841,0x0841,0x0020,0x0841,0x0020,0x0861,0x0000,0x0020,0x0020,0x0841,0x0841,0x0841,
0x0841,0x0841,0x0841,0x0841,0x0841,0x0841,0x0841,0x0841,0x1082,0x0020,0x0841,0x2965,0x0020,0x0861,0x1082,0x0020,
0x0020,0x0841,0x0841,0x0020,0x0020,0x0841,0x0841,0x0861,0x0861,0x0861,0x0841,0x0000,0x0861,0x1082,0x0841,0x0841,
0x0841,0x18E3,0x0000,0x0020,0x0861,0x0841,0x18E3,0x18E3,0x0841,0x0841,0x0861,0x0841,0x0020,0x0861,0x1082,0x0841,
0x0841,0x0020,0x0020,0x0841,0x0841,0x0020,0x0000,0x0020,0x1082,0x0020,0x0020,0x0841,0x0861,0x0000,0x0020,0x0861,
0x0000,0x0861,0x0861,0x0841,0x0020,0x0841,0x0841,0x0020,0x0841,0x0020,0x0020,0x0841,0x0841,0x0841,0x0841,0x0020,
0x10A2,0x18C3,0x0000,0x0841,0x0841,0x0000,0x0841,0x0020,0x0841,0x0020,0x1082,0x0861,0x0841,0x0020,0x18C3,0x0861,
0x0841,0x0841,0x0841,0x0020,0x0861,0x0861,0x0841,0x1082,0x3186,0x18C3,0x0000,0x0861,0x0861,0x0861,0x10A2,0x0000,
0x0020,0x0861,0x18C3,0x10A2,0x18E3,0x4A69,0x10A2,0x2945,0x528A,0x4228,0x31A6,0x31A6,0x31A6,0x2965,0x18E3,0x18E3,
0x18E3,0x2104,0x18C3,0x10A2,0x10A2,0x18E3,0x2945,0x31A6,0x2965,0x31A6,0x2104,0x2945,0x2124,0x4208,0x39E7,0x0841,
0x10A2,0x2124,0x31A6,0x3186,0x18C3,0x1082,0x10A2,0x18C3,0x1082,0x18C3,0x18E3,0x18C3,0x18E3,0x2965,0x18E3,0x2124,
0x2104,0x2965,0x4228,0x4A49,0x3186,0x18E3,0x2124,0x3186,0x2124,0x3186,0x3186,0x18E3,0x2124,0x2124,0x18E3,0x18C3,
0x10A2,0x1082,0x2104,0x2945,0x31A6,0x2104,0x2124,0x18E3,0x18C3,0x10A2,0x0861,0x18E3,0x18C3,0x18E3,0x18E3,0x18C3,
0x18E3,0x18E3,0x1082,0x2104,0x18C3,0x18C3,0x18C3,0x18C3,0x2124,0x0841,0x2104,0x18C3,0x10A2,0x10A2,0x0861,0x18C3,
0x10A2,0x18E3,0x31A6,0x2104,0x10A2,0x2945,0x2104,0x2104,0x2104,0x2945,0x2945,0x2124,0x2104,0x2124,0x39C7,0x4208,
0x5AEB,0x2945,0x2945,0x2945,0x2104,0x31A6,0x4208,0x31A6,0x18C3,0x10A2,0x2945,0x3186,0x2124,0x2104,0x2945,0x10A2,
0x10A2,0x18E3,0x18E3,0x18E3,0x18E3,0x2104,0x18C3,0x18E3,0x18E3,0x18C3,0x18C3,0x18E3,0x2104,0x2124,0x2965,0x2124,
0x18C3,0x1082,0x18C3,0x18E3,0x18E3,0x18C3,0x2104,0x10A2,0x2945,0x31A6,0x18E3,0x2124,0x2945,0x2104,0x2104,0x18E3,
0x0020,0x0841,0x0841,0x0020,0x0000,0x10A2,0x0841,0x0841,0x0020,0x0000,0x0861,0x0861,0x0020,0x0841,0x0000,0x1082,
0x2945,0x6B4D,0x0020,0x0020,0x0861,0x0841,0x0000,0x1082,0x3186,0x0861,0x0000,0x0020,0x0020,0x0020,0x0841,0x0861,
0x0020,0x0841,0x0861,0x0020,0x0020,0x0841,0x0020,0x0020,0x0000,0x0861,0x0841,0x0861,0x0020,0x0020,0x0020,0x0020,
0x0841,0x0841,0x0841,0x0841,0x0841,0x0841,0x0841,0x0841,0x0000,0x0861,0x0000,0x0020,0x18C3,0x0000,0x0020,0x0861,
0x0020,0x0841,0x0861,0x0020,0x0841,0x0861,0x0020,0x0861,0x31A6,0x2124,0x0861,0x10A2,0x0861,0x1082,0x0020,0x1082,
0x0861,0x0020,0x0020,0x0861,0x0841,0x0020,0x0841,0x0000,0x0841,0x0020,0x0841,0x0841,0x0841,0x0841,0x0841,0x0020,
0x0841,0x0020,0x0020,0x0841,0x0020,0x0020,0x0861,0x0020,0x0020,0x0861,0x0841,0x0020,0x10A2,0x0020,0x0000,0x0020,
0x0841,0x0841,0x0020,0x18C3,0x0841,0x1082,0x0020,0x0841,0x0020,0x0020,0x0841,0x0841,0x0841,0x0841,0x0841,0x0020,
0x0861,0x0861,0x0020,0x0020,0x0841,0x0861,0x0020,0x0841,0x0020,0x10A2,0x10A2,0x0020,0x10A2,0x0000,0x0020,0x10A2,
0x0020,0x0020,0x0841,0x0020,0x0020,0x0841,0x0000,0x0020,0x1082,0x0841,0x18E3,0x0020,0x0861,0x0020,0x0020,0x0861,
0x18E3,0x0841,0x2124,0x10A2,0x1082,0x1082,0x0861,0x10A2,0x18E3,0x4228,0x31A6,0x2104,0x10A2,0x2124,0x3186,0x3186,
0x1082,0x18E3,0x18E3,0x31A6,0x2945,0x2965,0x18E3,0x2104,0x2945,0x3186,0x39C7,0x3186,0x2104,0x2965,0x2104,0x1082,
0x2945,0x2124,0x2965,0x2124,0x0841,0x1082,0x10A2,0x18E3,0x18E3,0x18C3,0x10A2,0x10A2,0x2965,0x39C7,0x2124,0x2124,
0x2945,0x31A6,0x4208,0x4208,0x3186,0x2124,0x2945,0x3186,0x31A6,0x2965,0x1082,0x2104,0x31A6,0x2104,0x2104,0x2124,
0x18C3,0x10A2,0x2945,0x2945,0x2104,0x2945,0x18C3,0x10A2,0x18C3,0x18E3,0x18C3,0x18C3,0x18C3,0x2124,0x2124,0x10A2,
0x2104,0x18E3,0x2124,0x18E3,0x18E3,0x10A2,0x1082,0x18E3,0x2104,0x10A2,0x1082,0x2104,0x0861,0x1082,0x1082,0x1082,
0x2124,0x2965,0x18C3,0x18E3,0x2124,0x18C3,0x18E3,0x2945,0x2945,0x3186,0x2965,0x4228,0x2945,0x2945,0x18C3,0x31A6,
0x4208,0x3186,0x31A6,0x3186,0x2124,0x2124,0x2104,0x2104,0x31A6,0x18C3,0x2104,0x4228,0x18E3,0x2104,0x4228,0x52AA,
0x18C3,0x18C3,0x18C3,0x10A2,0x18C3,0x2945,0x10A2,0x18C3,0x10A2,0x18E3,0x3186,0x39C7,0x39C7,0x2104,0x2124,0x2124,
0x0841,0x2945,0x18E3,0x0861,0x18E3,0x18C3,0x2104,0x18C3,0x18C3,0x3186,0x2124,0x10A2,0x18E3,0x18E3,0x18C3,0x18C3,
0x0020,0x0020,0x0020,0x0020,0x0841,0x2124,0x0841,0x0841,0x0861,0x0841,0x0020,0x0841,0x1082,0x0841,0x0841,0x0020,
0x1082,0x1082,0x0020,0x0841,0x0020,0x0841,0x0841,0x0020,0x0861,0x0000,0x0841,0x1082,0x0861,0x0841,0x0020,0x0020,
0x0841,0x0841,0x0841,0x0020,0x0020,0x0861,0x0841,0x0841,0x0861,0x0841,0x0000,0x0020,0x0841,0x10A2,0x1082,0x0841,
0x0841,0x0841,0x0841,0x0841,0x0841,0x0841,0x0841,0x0841,0x0841,0x0841,0x0841,0x0841,0x1082,0x1082,0x0020,0x0841,
0x0841,0x0841,0x0841,0x0020,0x0841,0x0861,0x0020,0x0841,0x0861,0x0861,0x0000,0x0841,0x0020,0x0861,0x0841,0x0861,
0x0861,0x0841,0x0020,0x0020,0x0841,0x0020,0x0000,0x0861,0x0841,0x0020,0x0020,0x0841,0x0841,0x0020,0x0841,0x0841,
0x0020,0x0020,0x0841,0x0841,0x0841,0x0020,0x18C3,0x0841,0x0861,0x0020,0x0020,0x0020,0x0861,0x0861,0x1082,0x0841,
0x2124,0x10A2,0x0020,0x10A2,0x0000,0x0841,0x0000,0x0841,0x0841,0x0841,0x0841,0x0841,0x0020,0x0841,0x0861,0x0841,
0x0020,0x10A2,0x0861,0x0841,0x0020,0x0861,0x0020,0x0861,0x10A2,0x0020,0x0841,0x0000,0x1082,0x0841,0x0841,0x0020,
0x0861,0x0841,0x1082,0x1082,0x0841,0x0000,0x10A2,0x39E7,0x2124,0x0000,0x0000,0x0000,0x1082,0x2104,0x0020,0x10A2,
0x18C3,0x0861,0x2124,0x2945,0x2124,0x1082,0x10A2,0x0841,0x1082,0x10A2,0x3186,0x2124,0x2124,0x2124,0x2945,0x3186,
0x2945,0x18C3,0x18C3,0x2945,0x18C3,0x18E3,0x2104,0x2945,0x18E3,0x2124,0x39C7,0x3186,0x3186,0x2104,0x10A2,0x0861,
0x18C3,0x18E3,0x31A6,0x3186,0x18C3,0x18E3,0x0861,0x0861,0x18C3,0x18C3,0x2124,0x2104,0x2124,0x18E3,0x2124,0x18C3,
0x2104,0x39C7,0x2965,0x2965,0x2104,0x3186,0x2104,0x2124,0x31A6,0x2104,0x18E3,0x2945,0x2124,0x2124,0x2124,0x2104,
0x2124,0x2945,0x2945,0x2104,0x2124,0x2124,0x2104,0x18E3,0x18E3,0x2104,0x18E3,0x10A2,0x10A2,0x18C3,0x2945,0x2945,
0x31A6,0x528A,0x18C3,0x2124,0x2965,0x0020,0x18C3,0x18C3,0x18E3,0x1082,0x2965,0x10A2,0x1082,0x1082,0x1082,0x1082,
0x1082,0x2124,0x2104,0x18C3,0x2124,0x18E3,0x31A6,0x2965,0x2945,0x39C7,0x3186,0x2104,0x2124,0x39C7,0x3186,0x3186,
0x3186,0x31A6,0x31A6,0x3186,0x2124,0x2104,0x2945,0x31A6,0x18E3,0x2124,0x2965,0x4228,0x2945,0x2104,0x3186,0x4228,
0x2945,0x10A2,0x2945,0x18C3,0x2124,0x10A2,0x18E3,0x18C3,0x2104,0x2945,0x2104,0x2124,0x18E3,0x2124,0x2124,0x2945,
0x18E3,0x2965,0x10A2,0x0841,0x18E3,0x10A2,0x18C3,0x18C3,0x18C3,0x18E3,0x18C3,0x10A2,0x2104,0x18E3,0x10A2,0x18E3,
0x0841,0x0841,0x0020,0x0841,0x0841,0x10A2,0x0000,0x0841,0x0020,0x18E3,0x1082,0x1082,0x18C3,0x4228,0x18E3,0x0861,
0x0020,0x0020,0x2104,0x0861,0x0020,0x2965,0x0020,0x0841,0x0841,0x0020,0x0841,0x0020,0x0000,0x0841,0x0841,0x0841,
0x0841,0x0020,0x0020,0x0861,0x0841,0x0020,0x0841,0x0020,0x0020,0x0000,0x0861,0x0020,0x0000,0x0841,0x0841,0x0020,
0x0841,0x0841,0x0841,0x0841,0x0841,0x0841,0x0841,0x0841,0x0020,0x0861,0x0020,0x0000,0x0841,0x0861,0x0020,0x0020,
0x0841,0x0841,0x0841,0x0020,0x0841,0x0861,0x0020,0x0020,0x0020,0x0841,0x0841,0x0841,0x0841,0x0020,0x0841,0x0020,
0x0020,0x0000,0x0000,0x0861,0x0000,0x0020,0x18C3,0x0020,0x0841,0x0841,0x0841,0x0841,0x0020,0x0841,0x0861,0x0841,
0x0020,0x0841,0x1082,0x0841,0x0841,0x0020,0x10A2,0x0000,0x0841,0x0020,0x0841,0x0861,0x10A2,0x0020,0x0000,0x0000,
0x0020,0x0000,0x0841,0x10A2,0x10A2,0x1082,0x0861,0x0020,0x0020,0x0020,0x0020,0x0841,0x0020,0x0841,0x0841,0x0841,
0x0861,0x10A2,0x0000,0x0841,0x0841,0x0000,0x0861,0x18E3,0x10A2,0x0020,0x0861,0x0841,0x0841,0x0020,0x0841,0x0020,
0x0841,0x0000,0x0841,0x0841,0x0020,0x0020,0x10A2,0x31A6,0x2945,0x0020,0x0841,0x18C3,0x0020,0x0861,0x0020,0x0841,
0x0861,0x10A2,0x0020,0x1082,0x0861,0x18C3,0x0861,0x10A2,0x1082,0x1082,0x2945,0x3186,0x2104,0x2124,0x2945,0x0841,
0x2124,0x2104,0x2945,0x10A2,0x18C3,0x18C3,0x2945,0x2104,0x2945,0x2124,0x18E3,0x3186,0x4A49,0x2965,0x2945,0x18C3,
0x18E3,0x2104,0x31A6,0x2124,0x1082,0x18C3,0x0861,0x10A2,0x18E3,0x2104,0x2124,0x18E3,0x3186,0x2945,0x2945,0x2124,
0x2124,0x3186,0x4A49,0x2965,0x4228,0x2124,0x2965,0x2965,0x39C7,0x2124,0x2104,0x2104,0x4228,0x4A49,0x1082,0x2945,
0x2945,0x2124,0x18E3,0x2124,0x39E7,0x1082,0x2945,0x2124,0x10A2,0x10A2,0x18E3,0x2945,0x2945,0x18C3,0x2104,0x2104,
0x3186,0x2104,0x2965,0x18C3,0x10A2,0x2945,0x31A6,0x18C3,0x0861,0x2104,0x2104,0x2124,0x0861,0x10A2,0x10A2,0x18C3,
0x2945,0x3186,0x1082,0x18C3,0x2965,0x2945,0x3186,0x8C51,0x6B6D,0x3186,0x31A6,0x2104,0x31A6,0x2945,0x6B4D,0x6B6D,
0x31A6,0x31A6,0x39E7,0x4208,0x31A6,0x2945,0x3186,0x3186,0x2945,0x3186,0x4228,0x4208,0x39E7,0x31A6,0x39C7,0x2104,
0x2104,0x2124,0x2104,0x39E7,0x2124,0x18C3,0x10A2,0x18E3,0x2124,0x18E3,0x18C3,0x2104,0x2124,0x2124,0x2945,0x2104,
0x10A2,0x18C3,0x10A2,0x18C3,0x18E3,0x18E3,0x18C3,0x10A2,0x18E3,0x10A2,0x10A2,0x18C3,0x2104,0x18E3,0x2124,0x2104,
0x0020,0x0861,0x0020,0x0841,0x0020,0x0841,0x0020,0x0861,0x0841,0x0020,0x0861,0x0861,0x39C7,0x9492,0x2104,0x0861,
0x1082,0x0841,0x0841,0x0020,0x0841,0x0000,0x1082,0x0861,0x0841,0x0861,0x0861,0x0020,0x0841,0x0861,0x0020,0x0841,
0x0020,0x0841,0x0000,0x0841,0x0020,0x0000,0x1082,0x0020,0x0020,0x0861,0x4A49,0x3186,0x0841,0x0000,0x0020,0x0841,
0x0841,0x0841,0x0841,0x0841,0x0841,0x0841,0x0841,0x0841,0x0841,0x0020,0x0000,0x0841,0x0020,0x0020,0x2124,0x0841,
0x0020,0x0841,0x0020,0x0841,0x0841,0x0841,0x0861,0x0020,0x0861,0x0020,0x0020,0x0020,0x0020,0x0841,0x1082,0x10A2,
0x0861,0x0020,0x1082,0x0020,0x0841,0x1082,0x0000,0x0020,0x0020,0x0020,0x0841,0x0841,0x0020,0x0020,0x0020,0x0020,
0x0861,0x0841,0x0861,0x0020,0x0020,0x0841,0x18C3,0x1082,0x0861,0x0861,0x0841,0x0020,0x18E3,0x10A2,0x0841,0x0861,
0x10A2,0x0841,0x0841,0x0000,0x0000,0x0020,0x0841,0x0020,0x0861,0x0020,0x0020,0x0841,0x0841,0x0841,0x0841,0x0020,
0x2945,0x31A6,0x0861,0x0841,0x0020,0x0020,0x0020,0x0020,0x0841,0x1082,0x10A2,0x0841,0x0841,0x0020,0x0000,0x10A2,
0x1082,0x0841,0x0841,0x0020,0x0020,0x0861,0x0841,0x0020,0x0020,0x1082,0x10A2,0x0020,0x0020,0x0841,0x0861,0x0841,
0x1082,0x18E3,0x10A2,0x0020,0x10A2,0x1082,0x0020,0x0861,0x0020,0x1082,0x0000,0x2124,0x3186,0x2104,0x18C3,0x18C3,
0x10A2,0x2124,0x2965,0x1082,0x18C3,0x18E3,0x2124,0x2124,0x10A2,0x2124,0x2124,0x39C7,0x4208,0x31A6,0x2124,0x0020,
0x18C3,0x2104,0x2965,0x2945,0x2945,0x2124,0x18C3,0x0861,0x0861,0x18E3,0x2124,0x31A6,0x73AE,0x6B6D,0x3186,0x18E3,
0x2965,0x2945,0x31A6,0x52AA,0x3186,0x31A6,0x2965,0x2945,0x18C3,0x2124,0x39C7,0x31A6,0x2965,0x2965,0x3186,0x18E3,
0x18C3,0x18C3,0x2104,0x2124,0x18E3,0x2945,0x18C3,0x2124,0x2124,0x2945,0x2104,0x18C3,0x18C3,0x2104,0x2945,0x2104,
0x2965,0x1082,0x2104,0x18C3,0x2124,0x18E3,0x2945,0x2104,0x18C3,0x10A2,0x2945,0x18E3,0x18E3,0x2124,0x1082,0x2945,
0x31A6,0x2945,0x10A2,0x2104,0x10A2,0x18E3,0x2104,0x52AA,0x4228,0x18E3,0x2104,0x2945,0x2124,0x3186,0x6B4D,0x632C,
0x2965,0x4A49,0x4228,0x3186,0x31A6,0x2124,0x2965,0x3186,0x2945,0x2104,0x4208,0x4228,0x4228,0x2965,0x3186,0x2945,
0x2104,0x18E3,0x18E3,0x3186,0x39C7,0x4208,0x18E3,0x10A2,0x18C3,0x0861,0x18C3,0x2124,0x2945,0x18C3,0x2104,0x18C3,
0x18C3,0x18C3,0x18C3,0x10A2,0x1082,0x2124,0x18C3,0x18E3,0x18C3,0x18C3,0x18E3,0x18C3,0x18C3,0x18E3,0x2124,0x18E3,
0x1082,0x2124,0x0841,0x0020,0x0841,0x0841,0x0861,0x0000,0x0020,0x0841,0x0000,0x0020,0x2965,0x2104,0x0841,0x0841,
0x0020,0x0020,0x0841,0x0841,0x0841,0x1082,0x0000,0x0861,0x0020,0x0841,0x0841,0x0841,0x0841,0x0020,0x0020,0x18E3,
0x0020,0x18E3,0x0861,0x0861,0x0841,0x10A2,0x3186,0x18C3,0x0861,0x0000,0x31A6,0x18C3,0x0020,0x0841,0x0861,0x0020,
0x0841,0x0841,0x0020,0x0020,0x0020,0x0020,0x0841,0x0841,0x0020,0x0020,0x0861,0x0861,0x0000,0x0861,0x0841,0x0020,
0x0020,0x0841,0x0020,0x0841,0x0020,0x0020,0x1082,0x0841,0x0020,0x0020,0x0020,0x0861,0x0020,0x1082,0x0020,0x0841,
0x0020,0x0841,0x0020,0x0020,0x0020,0x0020,0x0861,0x1082,0x1082,0x0020,0x0861,0x18C3,0x10A2,0x0841,0x0020,0x0861,
0x0020,0x0020,0x0841,0x0861,0x0020,0x0020,0x0841,0x0020,0x0020,0x0020,0x0861,0x0020,0x0841,0x0861,0x10A2,0x0020,
0x0020,0x0020,0x0020,0x0861,0x0841,0x0841,0x0020,0x0841,0x2124,0x1082,0x0841,0x0020,0x0020,0x0020,0x0841,0x0841,
0x0020,0x18E3,0x1082,0x0861,0x0841,0x10A2,0x0020,0x0841,0x0020,0x0841,0x0020,0x0000,0x0841,0x0861,0x0020,0x1082,
0x0841,0x0020,0x0841,0x0841,0x0841,0x1082,0x10A2,0x18C3,0x39C7,0x0861,0x0020,0x1082,0x0841,0x0020,0x0841,0x0861,
0x0841,0x1082,0x0841,0x0861,0x1082,0x1082,0x1082,0x0861,0x1082,0x0841,0x0841,0x0861,0x2124,0x2124,0x18C3,0x0861,
0x0861,0x18E3,0x18C3,0x18C3,0x18E3,0x18C3,0x10A2,0x31A6,0x2945,0x2104,0x2124,0x31A6,0x3186,0x4208,0x3186,0x18E3,
0x18C3,0x2945,0x2124,0x18E3,0x18E3,0x10A2,0x2124,0x18E3,0x18E3,0x18C3,0x18E3,0x2104,0x39E7,0x52AA,0x2965,0x2965,
0x18E3,0x39C7,0x3186,0x31A6,0x2104,0x3186,0x2104,0x2945,0x2965,0x2104,0x3186,0x2965,0x4228,0x3186,0x18C3,0x2124,
0x18E3,0x2104,0x2124,0x2124,0x18C3,0x2104,0x2124,0x2104,0x2104,0x2945,0x2945,0x2965,0x18E3,0x18C3,0x18C3,0x18C3,
0x2104,0x2945,0x18C3,0x2945,0x18C3,0x18C3,0x3186,0x2124,0x2945,0x10A2,0x18C3,0x18E3,0x2124,0x39C7,0x10A2,0x31A6,
0x2965,0x18C3,0x18E3,0x18C3,0x2124,0x10A2,0x2965,0x10A2,0x18E3,0x3186,0x2104,0x2104,0x31A6,0x31A6,0x39E7,0x31A6,
0x31A6,0x2104,0x2124,0x3186,0x31A6,0x2104,0x31A6,0x31A6,0x2104,0x39C7,0x4228,0x2965,0x3186,0x2945,0x18E3,0x2124,
0x18C3,0x18C3,0x2124,0x2124,0x39E7,0x6B6D,0x2104,0x18E3,0x18C3,0x18E3,0x2124,0x3186,0x2104,0x2124,0x2945,0x18E3,
0x18E3,0x18E3,0x1082,0x0841,0x18E3,0x31A6,0x10A2,0x2124,0x18E3,0x10A2,0x2945,0x18C3,0x18C3,0x2104,0x18E3,0x18C3,
0x10A2,0x0841,0x0000,0x0020,0x0841,0x0861,0x0861,0x0020,0x0020,0x0020,0x1082,0x1082,0x2124,0x10A2,0x0020,0x0861,
0x0861,0x0020,0x0020,0x0861,0x0000,0x0861,0x0841,0x0841,0x0020,0x0841,0x0841,0x0841,0x0861,0x0020,0x0020,0x18E3,
0x0020,0x18C3,0x1082,0x0020,0x0020,0x18E3,0x9492,0x2104,0x1082,0x18E3,0x0000,0x0841,0x0020,0x0020,0x0861,0x0841,
0x0861,0x0020,0x0020,0x0841,0x0861,0x10A2,0x0020,0x0841,0x0841,0x0841,0x0841,0x0841,0x0020,0x0841,0x0841,0x0020,
0x0841,0x0841,0x0841,0x0841,0x0020,0x0020,0x0841,0x0841,0x0841,0x0020,0x0861,0x0020,0x0841,0x0861,0x0020,0x1082,
0x0841,0x1082,0x10A2,0x0020,0x0841,0x0020,0x0841,0x0841,0x0841,0x0000,0x0020,0x2124,0x0020,0x0020,0x0020,0x0841,
0x0861,0x0841,0x0841,0x0020,0x0841,0x0841,0x0020,0x0841,0x0841,0x0020,0x0000,0x0861,0x0020,0x0020,0x18C3,0x0861,
0x0841,0x0841,0x0000,0x0841,0x0861,0x0861,0x0020,0x0841,0x0020,0x0000,0x0861,0x0020,0x0020,0x0841,0x0841,0x0020,
0x0841,0x0861,0x0861,0x10A2,0x0000,0x0841,0x10A2,0x0020,0x0861,0x0020,0x0841,0x0020,0x0841,0x0841,0x0020,0x0861,
0x0020,0x0020,0x0841,0x0020,0x0841,0x0020,0x0841,0x3186,0x630C,0x0000,0x31A6,0x18C3,0x0841,0x0841,0x0841,0x0861,
0x0841,0x0841,0x1082,0x1082,0x1082,0x0020,0x1082,0x0841,0x10A2,0x0841,0x1082,0x10A2,0x18E3,0x2104,0x2104,0x18C3,
0x18E3,0x18C3,0x10A2,0x10A2,0x18C3,0x18E3,0x18E3,0x2124,0x3186,0x2124,0x2124,0x31A6,0x39E7,0x4228,0x2104,0x2124,
0x18C3,0x2104,0x3186,0x2124,0x10A2,0x2945,0x2104,0x2124,0x2124,0x2945,0x2104,0x2965,0x39C7,0x2104,0x2104,0x31A6,
0x31A6,0x3186,0x2124,0x18C3,0x2124,0x39C7,0x2104,0x2945,0x2124,0x3186,0x3186,0x39C7,0x2965,0x2124,0x18E3,0x2104,
0x1082,0x3186,0x2104,0x2124,0x2945,0x10A2,0x4A49,0x2104,0x2124,0x2104,0x2124,0x2124,0x2104,0x18E3,0x18C3,0x10A2,
0x2124,0x2124,0x3186,0x39C7,0x10A2,0x2104,0x2104,0x2104,0x18E3,0x10A2,0x2124,0x2945,0x2104,0x2124,0x2104,0x4228,
0x3186,0x18E3,0x18C3,0x2945,0x10A2,0x18C3,0x18C3,0x18C3,0x18C3,0x2104,0x2104,0x2945,0x2104,0x4A49,0x5ACB,0x2104,
0x2104,0x31A6,0x2124,0x3186,0x3186,0x2104,0x2124,0x2965,0x3186,0x4228,0x52AA,0x4228,0x3186,0x2104,0x2124,0x2124,
0x2945,0x10A2,0x2124,0x31A6,0x2124,0x2945,0x2124,0x18C3,0x18C3,0x18E3,0x18E3,0x3186,0x2945,0x2104,0x2124,0x2124,
0x1082,0x18E3,0x0841,0x18E3,0x2124,0x2104,0x2124,0x18E3,0x18C3,0x10A2,0x2945,0x18C3,0x10A2,0x31A6,0x2945,0x0861,
0x0000,0x0020,0x0841,0x0020,0x0841,0x10A2,0x1082,0x0020,0x18C3,0x0000,0x0020,0x0861,0x0000,0x0020,0x0020,0x0020,
0x0000,0x0020,0x0841,0x1082,0x0841,0x0000,0x0841,0x0020,0x0861,0x0861,0x0841,0x0020,0x0000,0x0020,0x0861,0x0020,
0x0841,0x0861,0x0841,0x0020,0x0861,0x0861,0x10A2,0x1082,0x0841,0x0020,0x0861,0x0841,0x0841,0x0020,0x0000,0x0841,
0x0020,0x0020,0x39E7,0x18C3,0x6B6D,0x5ACB,0x1082,0x0841,0x0020,0x0000,0x0841,0x0861,0x0841,0x0020,0x0841,0x0861,
0x0841,0x0841,0x0841,0x0841,0x0020,0x0020,0x0841,0x0841,0x0841,0x0020,0x0000,0x0841,0x0861,0x0000,0x0841,0x18C3,
0x0841,0x0000,0x0000,0x0841,0x0020,0x0861,0x0020,0x0841,0x0020,0x0861,0x0000,0x0841,0x0841,0x0841,0x0020,0x0841,
0x1082,0x0841,0x0020,0x0020,0x0841,0x0841,0x0020,0x0020,0x0841,0x0861,0x0861,0x0000,0x0020,0x0841,0x0020,0x0841,
0x0841,0x0861,0x0861,0x0020,0x0000,0x0000,0x0020,0x0841,0x0861,0x2104,0x0000,0x0841,0x0020,0x10A2,0x1082,0x0841,
0x2104,0x18E3,0x1082,0x0020,0x0861,0x0841,0x0020,0x0841,0x0020,0x0841,0x0861,0x18E3,0x2104,0x0861,0x0020,0x10A2,
0x0841,0x0020,0x0020,0x0841,0x0020,0x1082,0x0000,0x10A2,0x0000,0x0020,0x2124,0x2104,0x0020,0x0000,0x10A2,0x0841,
0x0861,0x0861,0x0000,0x18C3,0x0841,0x0841,0x0841,0x0020,0x0000,0x1082,0x2104,0x18C3,0x1082,0x10A2,0x2124,0x2124,
0x2965,0x2124,0x2945,0x18C3,0x18E3,0x18C3,0x18E3,0x18E3,0x39C7,0x18E3,0x2945,0x2104,0x4208,0x4A49,0x31A6,0x31A6,
0x3186,0x2945,0x2124,0x2945,0x2104,0x2104,0x39E7,0x2104,0x2124,0x2104,0x31A6,0x4A69,0x2965,0x31A6,0x31A6,0x2124,
0x2965,0x39C7,0x2945,0x39E7,0x2965,0x2965,0x39C7,0x2965,0x3186,0x31A6,0x2124,0x2965,0x2965,0x2945,0x10A2,0x18C3,
0x2965,0x10A2,0x10A2,0x2104,0x2945,0x18C3,0x18E3,0x2104,0x2945,0x3186,0x2124,0x2945,0x2124,0x18C3,0x18E3,0x18E3,
0x18C3,0x2104,0x2104,0x18E3,0x2945,0x10A2,0x18E3,0x2945,0x10A2,0x2104,0x2104,0x2104,0x2124,0x2104,0x2965,0x3186,
0x4208,0x2124,0x2124,0x2945,0x10A2,0x18E3,0x18E3,0x10A2,0x2965,0x10A2,0x2965,0x1082,0x2945,0x18E3,0x31A6,0x2945,
0x4228,0x3186,0x2104,0x738E,0x4208,0x31A6,0x3186,0x3186,0x31A6,0x3186,0x2965,0x4228,0x31A6,0x2104,0x2124,0x2124,
0x2124,0x2965,0x18E3,0x3186,0x2124,0x2104,0x2104,0x2124,0x18E3,0x2104,0x2124,0x2124,0x1082,0x10A2,0x2124,0x18E3,
0x0841,0x2124,0x2124,0x18E3,0x18C3,0x2124,0x2945,0x2104,0x2124,0x2124,0x2965,0x2104,0x2124,0x18E3,0x0861,0x2945,
0x0841,0x0841,0x0841,0x0841,0x0000,0x0020,0x0861,0x1082,0x18C3,0x0000,0x1082,0x0841,0x10A2,0x0861,0x0861,0x0841,
0x0841,0x0861,0x0841,0x0000,0x0861,0x0861,0x0841,0x0861,0x0020,0x0000,0x0020,0x0841,0x0841,0x0841,0x0841,0x0020,
0x0020,0x0020,0x0020,0x0861,0x0841,0x0841,0x0000,0x0861,0x0020,0x0841,0x0020,0x0020,0x0841,0x0861,0x0841,0x0841,
0x0861,0x0020,0x0861,0x0020,0x2124,0x31A6,0x1082,0x0861,0x0841,0x0841,0x0841,0x0841,0x0020,0x0020,0x0841,0x0020,
0x0841,0x0841,0x0841,0x0841,0x0841,0x0020,0x0841,0x0841,0x1082,0x2124,0x0841,0x0020,0x0841,0x0020,0x0841,0x0841,
0x18E3,0x39C7,0x0841,0x0841,0x0861,0x0861,0x0841,0x0020,0x0020,0x0841,0x0020,0x0020,0x10A2,0x0861,0x0841,0x0000,
0x0841,0x0841,0x0861,0x0841,0x0841,0x0841,0x0020,0x0861,0x0861,0x10A2,0x0861,0x0841,0x0861,0x10A2,0x0020,0x10A2,
0x0020,0x0020,0x0020,0x0841,0x18C3,0x2124,0x18E3,0x0020,0x0000,0x0020,0x0861,0x18C3,0x2124,0x1082,0x1082,0x1082,
0x0861,0x0861,0x18E3,0x1082,0x0020,0x0020,0x0861,0x0020,0x0841,0x1082,0x0000,0x0841,0x0861,0x10A2,0x1082,0x0000,
0x0841,0x0000,0x0861,0x0841,0x0000,0x0861,0x0861,0x0000,0x1082,0x0861,0x18C3,0x0841,0x1082,0x10A2,0x1082,0x0020,
0x1082,0x10A2,0x0841,0x1082,0x0861,0x0000,0x1082,0x0841,0x1082,0x10A2,0x1082,0x10A2,0x0020,0x0000,0x10A2,0x18E3,
0x18C3,0x18C3,0x2124,0x10A2,0x18C3,0x18E3,0x2124,0x18C3,0x2104,0x2124,0x2104,0x31A6,0x3186,0x3186,0x4228,0x2965,
0x31A6,0x2104,0x2104,0x18C3,0x18E3,0x18C3,0x18E3,0x2104,0x18E3,0x2945,0x3186,0x4208,0x4208,0x4228,0x2945,0x3186,
0x4228,0x4228,0x3186,0x3186,0x3186,0x3186,0x4A49,0x31A6,0x3186,0x3186,0x2124,0x3186,0x2945,0x2124,0x18E3,0x18C3,
0x18C3,0x2104,0x39E7,0x2124,0x18C3,0x2124,0x10A2,0x18C3,0x4208,0x39E7,0x18E3,0x18E3,0x2945,0x2965,0x2104,0x18E3,
0x18E3,0x2124,0x2945,0x18C3,0x18E3,0x2124,0x10A2,0x2124,0x2124,0x2124,0x2945,0x2124,0x2945,0x31A6,0x2945,0x3186,
0x4A49,0x18E3,0x39C7,0x2104,0x18E3,0x2124,0x18C3,0x18C3,0x10A2,0x18E3,0x2124,0x2104,0x2124,0x2104,0x2124,0x2124,
0x2124,0x2104,0x31A6,0x2104,0x2965,0x4A69,0x2965,0x3186,0x3186,0x4228,0x31A6,0x2965,0x3186,0x31A6,0x2124,0x2104,
0x0861,0x39C7,0x39C7,0x2104,0x2124,0x2124,0x31A6,0x3186,0x3186,0x2945,0x2124,0x2104,0x2945,0x2124,0x18E3,0x18C3,
0x1082,0x18E3,0x2124,0x2124,0x2104,0x2945,0x2945,0x31A6,0x2124,0x1082,0x4208,0x4A49,0x18E3,0x18C3,0x18E3,0x10A2,
0x0020,0x0000,0x0020,0x0861,0x0861,0x0861,0x1082,0x18C3,0x10A2,0x0841,0x0000,0x0020,0x18C3,0x18C3,0x0020,0x0020,
0x0841,0x0020,0x0000,0x0861,0x0841,0x10A2,0x1082,0x0000,0x10A2,0x0020,0x0841,0x0020,0x0841,0x0841,0x0841,0x10A2,
0x0841,0x0841,0x0841,0x0841,0x0000,0x0000,0x10A2,0x0000,0x0861,0x0841,0x0841,0x0020,0x0841,0x0000,0x0000,0x0841,
0x0020,0x0000,0x0020,0x10A2,0x0020,0x0020,0x1082,0x0000,0x0020,0x0841,0x0841,0x0000,0x0020,0x10A2,0x10A2,0x0020,
0x0841,0x0841,0x0841,0x0841,0x0841,0x0020,0x0841,0x0841,0x10A2,0x4A69,0x0841,0x0841,0x0841,0x2104,0x0000,0x0020,
0x1082,0x4208,0x0841,0x0020,0x0020,0x0020,0x0861,0x0020,0x0841,0x18C3,0x0861,0x0841,0x2965,0x10A2,0x0020,0x0861,
0x0020,0x0020,0x0841,0x0841,0x0020,0x0841,0x0020,0x0841,0x2104,0x738E,0x2104,0x0841,0x0841,0x0841,0x0841,0x0000,
0x0841,0x0020,0x0841,0x0020,0x0861,0x18C3,0x18E3,0x0841,0x0861,0x0020,0x1082,0x4228,0x6B4D,0x2945,0x5ACB,0x3186,
0x4A69,0x2965,0x10A2,0x10A2,0x0000,0x0861,0x0000,0x0861,0x0841,0x0020,0x0861,0x2124,0x0861,0x18C3,0x18E3,0x0020,
0x0020,0x2104,0x1082,0x0841,0x0020,0x0000,0x18C3,0x10A2,0x1082,0x0000,0x1082,0x0020,0x0841,0x10A2,0x0000,0x0861,
0x1082,0x18C3,0x0841,0x0861,0x0020,0x0861,0x10A2,0x0841,0x2124,0x1082,0x0020,0x1082,0x0841,0x0841,0x0861,0x1082,
0x0861,0x1082,0x18E3,0x18E3,0x10A2,0x2124,0x2124,0x18E3,0x2124,0x39C7,0x39E7,0x31A6,0x3186,0x2965,0x4A49,0x4208,
0x31A6,0x39C7,0x3186,0x4208,0x31A6,0x18C3,0x18C3,0x2965,0x2124,0x2945,0x31A6,0x2965,0x4208,0x5ACB,0x4A49,0x4228,
0x4208,0x5ACB,0x39E7,0x4208,0x5AEB,0x4228,0x2965,0x31A6,0x2945,0x2104,0x2124,0x2945,0x2104,0x2104,0x2945,0x18C3,
0x2124,0x31A6,0x3186,0x2124,0x18E3,0x2124,0x2104,0x18E3,0x3186,0x2965,0x2945,0x2124,0x2124,0x2945,0x10A2,0x18C3,
0x10A2,0x2124,0x2124,0x10A2,0x18C3,0x18C3,0x2945,0x2124,0x2124,0x2104,0x2104,0x2124,0x18E3,0x39C7,0x18E3,0x3186,
0x4228,0x3186,0x2124,0x2945,0x18E3,0x31A6,0x10A2,0x18E3,0x2945,0x10A2,0x2965,0x2124,0x3186,0x2945,0x10A2,0x2124,
0x2124,0x2124,0x2104,0x2104,0x2104,0x31A6,0x3186,0x4228,0x31A6,0x3186,0x4A49,0x3186,0x2965,0x31A6,0x2965,0x31A6,
0x31A6,0x2124,0x2124,0x3186,0x2124,0x39C7,0x2965,0x31A6,0x2965,0x2124,0x2124,0x18C3,0x2124,0x2104,0x10A2,0x10A2,
0x1082,0x1082,0x18C3,0x2124,0x2945,0x2104,0x2104,0x31A6,0x2945,0x2104,0x2104,0x2104,0x2104,0x10A2,0x0861,0x31A6,
0x18C3,0x1082,0x0861,0x0020,0x0841,0x1082,0x1082,0x0020,0x1082,0x0020,0x0020,0x0841,0x10A2,0x18E3,0x0861,0x0841,
0x0841,0x0020,0x0841,0x0841,0x0841,0x10A2,0x0841,0x0861,0x0841,0x0000,0x0841,0x0841,0x1082,0x2104,0x3186,0x2104,
0x1082,0x0841,0x0861,0x0000,0x0861,0x0841,0x0000,0x0020,0x0020,0x0861,0x0000,0x0841,0x0000,0x528A,0x10A2,0x0841,
0x0861,0x0000,0x0861,0x0000,0x0841,0x0000,0x0020,0x0841,0x0020,0x0841,0x0841,0x0020,0x0841,0x18C3,0x18C3,0x0841,
0x0841,0x0841,0x0841,0x0841,0x0841,0x0841,0x0841,0x0841,0x0841,0x0000,0x0020,0x0000,0x0841,0x0861,0x2104,0x0020,
0x0861,0x0020,0x0841,0x10A2,0x0841,0x0841,0x0020,0x0841,0x0841,0x0020,0x0020,0x0841,0x0861,0x0020,0x0841,0x0020,
0x0861,0x0020,0x0020,0x0020,0x0841,0x0861,0x0841,0x0020,0x0000,0x18E3,0x0020,0x0841,0x0841,0x0000,0x0861,0x1082,
0x0841,0x0020,0x0861,0x0020,0x0020,0x0020,0x0861,0x0841,0x0841,0x0000,0x0020,0x2124,0x3186,0x18C3,0x4208,0x2124,
0x630C,0x9492,0x18C3,0x0841,0x1082,0x0861,0x1082,0x0861,0x0861,0x0000,0x10A2,0x2965,0x0861,0x1082,0x0861,0x0020,
0x0841,0x0861,0x0841,0x0841,0x2945,0x4A69,0x0000,0x0861,0x0020,0x10A2,0x0861,0x1082,0x0000,0x0841,0x0841,0x0841,
0x0861,0x0841,0x1082,0x0000,0x10A2,0x0861,0x10A2,0x0841,0x18C3,0x0861,0x1082,0x1082,0x0841,0x18C3,0x0861,0x1082,
0x0841,0x0020,0x1082,0x1082,0x1082,0x18C3,0x18E3,0x10A2,0x2104,0x4208,0x31A6,0x3186,0x31A6,0x31A6,0x4208,0x4208,
0x2965,0x3186,0x4228,0x52AA,0x31A6,0x2124,0x2104,0x2104,0x2124,0x18C3,0x39C7,0x4228,0x4228,0x4228,0x4A49,0x6B6D,
0x8C71,0x8410,0x6B4D,0x73AE,0x39E7,0x2124,0x31A6,0x2965,0x2965,0x18C3,0x18C3,0x18C3,0x2945,0x2124,0x2945,0x10A2,
0x2104,0x31A6,0x2124,0x31A6,0x2945,0x18E3,0x2104,0x18C3,0x18C3,0x2104,0x3186,0x4A49,0x39E7,0x2945,0x18E3,0x18C3,
0x2945,0x2104,0x18C3,0x18C3,0x18E3,0x31A6,0x1082,0x2965,0x18E3,0x2965,0x2104,0x2945,0x18E3,0x3186,0x2965,0x2965,
0x4208,0x4A49,0x2965,0x2104,0x2965,0x2104,0x2945,0x18C3,0x2104,0x18E3,0x2104,0x2124,0x31A6,0x18E3,0x2965,0x18C3,
0x2104,0x18E3,0x2124,0x39C7,0x2124,0x39C7,0x2945,0x4228,0x2965,0x3186,0x4208,0x3186,0x39E7,0x31A6,0x3186,0x5ACB,
0x5ACB,0x2104,0x2965,0x31A6,0x3186,0x3186,0x3186,0x31A6,0x4228,0x2104,0x2124,0x18C3,0x10A2,0x3186,0x31A6,0x0861,
0x1082,0x18E3,0x2124,0x2124,0x2124,0x18C3,0x18E3,0x2124,0x10A2,0x18E3,0x18E3,0x1082,0x18C3,0x2104,0x10A2,0x18C3,
0x1082,0x0841,0x0020,0x0020,0x0020,0x1082,0x18C3,0x18E3,0x10A2,0x18C3,0x2104,0x0861,0x2965,0x2104,0x1082,0x1082,
0x18C3,0x18E3,0x10A2,0x0000,0x1082,0x18C3,0x2124,0x10A2,0x1082,0x0861,0x0020,0x0020,0x1082,0x4228,0x8C71,0x5ACB,
0x10A2,0x0861,0x0841,0x0020,0x0861,0x0861,0x0000,0x0861,0x0841,0x0000,0x0861,0x0841,0x1082,0x10A2,0x0000,0x0841,
0x0841,0x0841,0x0861,0x0000,0x0841,0x1082,0x0000,0x0861,0x0861,0x0841,0x0841,0x0841,0x0841,0x0841,0x0841,0x0020,
0x0841,0x0841,0x0841,0x0841,0x0841,0x0841,0x0841,0x0841,0x0861,0x0861,0x0020,0x0861,0x0020,0x0841,0x0000,0x0841,
0x1082,0x0000,0x0841,0x18E3,0x10A2,0x0020,0x0020,0x0020,0x0020,0x1082,0x0020,0x0020,0x0841,0x0841,0x0841,0x0841,
0x0841,0x0841,0x0861,0x0841,0x0020,0x0841,0x0841,0x0841,0x10A2,0x0000,0x1082,0x1082,0x2104,0x18C3,0x0861,0x0841,
0x1082,0x0020,0x0020,0x0841,0x1082,0x0841,0x0861,0x0020,0x0841,0x0841,0x18E3,0x0841,0x0020,0x0861,0x0841,0x2124,
0x2124,0x18E3,0x1082,0x10A2,0x0020,0x0000,0x0841,0x2124,0x18C3,0x0861,0x0020,0x0020,0x0000,0x0841,0x0020,0x18E3,
0x0861,0x0861,0x0000,0x0841,0x1082,0x2945,0x0841,0x1082,0x0841,0x0841,0x0020,0x0020,0x1082,0x1082,0x2945,0x10A2,
0x0841,0x0841,0x0841,0x1082,0x0020,0x1082,0x0020,0x18E3,0x18C3,0x0841,0x1082,0x0841,0x0000,0x0861,0x0841,0x10A2,
0x1082,0x0020,0x1082,0x0861,0x10A2,0x10A2,0x18E3,0x18C3,0x10A2,0x2965,0x18C3,0x31A6,0x2124,0x3186,0x4228,0x3186,
0x39C7,0x3186,0x4A49,0x3186,0x3186,0x31A6,0x2104,0x2124,0x39C7,0x39C7,0x3186,0x3186,0x4208,0x5ACB,0x52AA,0x8430,
0x8430,0x8430,0x8430,0x632C,0x4208,0x3186,0x4A49,0x4A49,0x3186,0x2945,0x18C3,0x1082,0x3186,0x2104,0x2104,0x18E3,
0x31A6,0x39C7,0x18E3,0x2124,0x2124,0x2945,0x2965,0x18C3,0x2124,0x2945,0x2124,0x4208,0x4228,0x2965,0x2965,0x18E3,
0x18C3,0x18C3,0x2945,0x2104,0x2124,0x18C3,0x18E3,0x2104,0x2104,0x2104,0x2124,0x2124,0x2124,0x2124,0x2104,0x2124,
0x2965,0x4228,0x4A49,0x2965,0x2124,0x2124,0x18E3,0x2124,0x10A2,0x18C3,0x2945,0x2104,0x18C3,0x3186,0x2124,0x10A2,
0x2104,0x1082,0x31A6,0x3186,0x2104,0x4208,0x52AA,0x39C7,0x4228,0x4228,0x39C7,0x31A6,0x2124,0x2965,0x3186,0x2965,
0x3186,0x4208,0x4208,0x4228,0x3186,0x4228,0x4208,0x31A6,0x31A6,0x2104,0x2945,0x18E3,0x0861,0x18C3,0x2945,0x18C3,
0x18C3,0x2124,0x2124,0x2124,0x2124,0x18E3,0x18E3,0x18C3,0x2945,0x10A2,0x18C3,0x2104,0x10A2,0x1082,0x0861,0x1082,
0x0020,0x0020,0x0841,0x1082,0x0861,0x0020,0x0841,0x10A2,0x18C3,0x31A6,0x3186,0x3186,0x4208,0x4228,0x2104,0x2124,
0x2965,0x2104,0x0000,0x0861,0x0020,0x18E3,0x9492,0x528A,0x0841,0x0020,0x0020,0x0020,0x0861,0x3186,0x6B4D,0x39E7,
0x1082,0x1082,0x0020,0x0841,0x0000,0x0000,0x0841,0x0020,0x0841,0x0841,0x0020,0x0020,0x0861,0x0020,0x0841,0x0020,
0x0020,0x0841,0x0841,0x0841,0x0861,0x0000,0x0861,0x0841,0x0861,0x0000,0x0000,0x0841,0x0841,0x0020,0x0020,0x0841,
0x0841,0x0020,0x0020,0x0020,0x0841,0x0841,0x0841,0x0841,0x0000,0x0841,0x0841,0x0020,0x0020,0x0841,0x0020,0x0841,
0x0020,0x1082,0x0000,0x0841,0x0861,0x0000,0x0861,0x0020,0x0841,0x0020,0x0020,0x0841,0x0020,0x0020,0x0861,0x0000,
0x0000,0x0020,0x0841,0x0841,0x0020,0x0841,0x0020,0x0841,0x0000,0x1082,0x0000,0x2124,0x5ACB,0x18C3,0x0020,0x0020,
0x18C3,0x0841,0x0841,0x0000,0x0861,0x0000,0x0020,0x0841,0x0020,0x0020,0x0020,0x0000,0x0861,0x0841,0x0841,0x1082,
0x0861,0x0841,0x1082,0x0841,0x1082,0x0841,0x0000,0x18E3,0x1082,0x0841,0x0020,0x0861,0x0861,0x0020,0x1082,0x39C7,
0x18E3,0x0841,0x1082,0x0841,0x0020,0x0020,0x0861,0x0000,0x0841,0x0000,0x10A2,0x0841,0x10A2,0x0000,0x0861,0x0020,
0x0861,0x0861,0x0861,0x0861,0x0841,0x0000,0x0020,0x18E3,0x2104,0x0020,0x0861,0x0841,0x0020,0x0841,0x0020,0x1082,
0x1082,0x0841,0x1082,0x0020,0x1082,0x0861,0x1082,0x0861,0x2945,0x10A2,0x2965,0x2104,0x2104,0x3186,0x4228,0x4228,
0x4208,0x4228,0x2965,0x18E3,0x2945,0x18E3,0x2124,0x2124,0x2104,0x2104,0x31A6,0x4228,0x31A6,0x39E7,0x4208,0x6B6D,
0x8430,0x8430,0x8C71,0x528A,0x4228,0x3186,0x3186,0x2104,0x2965,0x2945,0x2124,0x2124,0x2124,0x18C3,0x2104,0x2124,
0x2945,0x3186,0x39C7,0x4208,0x3186,0x2104,0x2124,0x2124,0x2104,0x4208,0x4228,0x2945,0x2124,0x18C3,0x18E3,0x2104,
0x2124,0x10A2,0x2124,0x2965,0x2965,0x52AA,0x31A6,0x2104,0x39C7,0x2124,0x3186,0x2945,0x3186,0x39C7,0x2124,0x3186,
0x2124,0x2124,0x5ACB,0x39E7,0x31A6,0x2124,0x18C3,0x2945,0x2965,0x2104,0x2124,0x18E3,0x18E3,0x10A2,0x18E3,0x18E3,
0x2945,0x0861,0x2104,0x2124,0x3186,0x4228,0x2945,0x4A49,0x4208,0x4208,0x2965,0x4208,0x4A49,0x4228,0x4228,0x4A49,
0x2945,0x39C7,0x4208,0x4208,0x4A49,0x528A,0x4228,0x3186,0x2124,0x2104,0x18C3,0x18E3,0x18E3,0x18C3,0x10A2,0x18C3,
0x18E3,0x18E3,0x2124,0x2104,0x2124,0x18E3,0x10A2,0x18C3,0x2124,0x18C3,0x18E3,0x18E3,0x0861,0x0861,0x10A2,0x1082,
0x0841,0x0841,0x0841,0x0020,0x0020,0x0841,0x0841,0x0020,0x1082,0x2124,0x52AA,0x6B4D,0x8430,0x8430,0x6B4D,0x4228,
0x18C3,0x0841,0x0841,0x18C3,0x0841,0x0861,0x2965,0x2945,0x0841,0x0000,0x0861,0x0020,0x1082,0x0861,0x1082,0x1082,
0x0841,0x0861,0x1082,0x0841,0x0841,0x0020,0x0841,0x0020,0x0841,0x0020,0x0841,0x0000,0x0020,0x1082,0x0000,0x0020,
0x0841,0x0861,0x0020,0x18C3,0x1082,0x0841,0x0020,0x1082,0x10A2,0x0861,0x0020,0x0841,0x0841,0x0841,0x0841,0x0020,
0x0841,0x0020,0x0020,0x0020,0x0841,0x0841,0x0841,0x0841,0x0861,0x0861,0x0841,0x0841,0x0841,0x0841,0x0861,0x0020,
0x0020,0x0841,0x0841,0x0841,0x0000,0x0861,0x10A2,0x1082,0x1082,0x0841,0x0020,0x0841,0x1082,0x0020,0x0020,0x0841,
0x0861,0x0020,0x0841,0x1082,0x18E3,0x2104,0x10A2,0x0020,0x0020,0x0841,0x0841,0x0020,0x0020,0x0841,0x0841,0x1082,
0x10A2,0x0841,0x0841,0x0841,0x18C3,0x0841,0x0841,0x0841,0x0861,0x0020,0x0841,0x0861,0x0000,0x0841,0x0020,0x0841,
0x0861,0x0020,0x0020,0x0841,0x0020,0x0861,0x1082,0x0020,0x0020,0x1082,0x0841,0x0020,0x0020,0x0841,0x1082,0x0020,
0x0841,0x0861,0x1082,0x0841,0x0861,0x10A2,0x1082,0x18E3,0x0020,0x10A2,0x18C3,0x18E3,0x0020,0x0861,0x0020,0x10A2,
0x0861,0x1082,0x0841,0x0841,0x1082,0x0841,0x0841,0x0020,0x0841,0x0000,0x0861,0x0020,0x0841,0x0841,0x0861,0x0020,
0x0841,0x0861,0x1082,0x1082,0x1082,0x10A2,0x1082,0x1082,0x18C3,0x2124,0x18C3,0x10A2,0x2965,0x3186,0x3186,0x4228,
0x52AA,0x4228,0x3186,0x31A6,0x2124,0x18E3,0x18E3,0x2945,0x31A6,0x2124,0x3186,0x3186,0x3186,0x4228,0x52AA,0x52AA,
0x528A,0x6B6D,0x528A,0x52AA,0x5ACB,0x4228,0x3186,0x2945,0x31A6,0x2124,0x3186,0x4228,0x2124,0x2104,0x31A6,0x3186,
0x2104,0x3186,0x4208,0x4A49,0x3186,0x2124,0x2945,0x2104,0x2124,0x632C,0x8C51,0x3186,0x2104,0x2945,0x10A2,0x2945,
0x18E3,0x2124,0x18C3,0x2104,0x2124,0x4A49,0x2945,0x31A6,0x3186,0x3186,0x2124,0x2124,0x3186,0x4228,0x39E7,0x31A6,
0x31A6,0x18E3,0x3186,0x52AA,0x4208,0x2945,0x2124,0x2104,0x2104,0x18C3,0x31A6,0x10A2,0x2124,0x2124,0x18C3,0x18C3,
0x10A2,0x2124,0x1082,0x3186,0x4A49,0x4208,0x4228,0x39E7,0x4208,0x31A6,0x39E7,0x4A49,0x4A69,0x4228,0x4208,0x39E7,
0x39C7,0x3186,0x4228,0x4228,0x39C7,0x4A49,0x2965,0x2124,0x10A2,0x2104,0x10A2,0x18E3,0x10A2,0x18C3,0x18E3,0x18C3,
0x2124,0x2104,0x31A6,0x2124,0x2104,0x18E3,0x10A2,0x2124,0x18C3,0x18E3,0x1082,0x0861,0x10A2,0x1082,0x1082,0x2124,
0x0861,0x18E3,0x0020,0x0020,0x0020,0x0841,0x10A2,0x0861,0x18E3,0x2124,0x4208,0x8C51,0x8430,0x8410,0x8C51,0x4208,
0x2104,0x18C3,0x1082,0x18E3,0x0020,0x0841,0x0841,0x0020,0x0000,0x0861,0x18C3,0x0020,0x0020,0x0841,0x0841,0x0020,
0x0841,0x0841,0x0000,0x0020,0x0020,0x0020,0x0000,0x0841,0x0841,0x0020,0x0020,0x2945,0x0020,0x10A2,0x10A2,0x0020,
0x0841,0x0861,0x18E3,0x10A2,0x0020,0x0841,0x0841,0x0841,0x0020,0x18C3,0x0000,0x0861,0x0841,0x0841,0x0841,0x0020,
0x0020,0x0020,0x0861,0x0020,0x0861,0x0020,0x0841,0x0020,0x0841,0x0841,0x0841,0x0841,0x0841,0x0841,0x0020,0x0841,
0x0020,0x0020,0x0841,0x0841,0x0841,0x0020,0x0841,0x1082,0x0841,0x0841,0x0020,0x0020,0x0841,0x0841,0x0841,0x0020,
0x0020,0x1082,0x0861,0x0841,0x2104,0x5AEB,0x0841,0x0841,0x1082,0x0841,0x0020,0x0000,0x0861,0x0841,0x0020,0x0861,
0x0020,0x0020,0x1082,0x10A2,0x0861,0x1082,0x0020,0x0841,0x0020,0x0020,0x10A2,0x0020,0x0841,0x0020,0x0020,0x0841,
0x0841,0x0020,0x0841,0x0020,0x0020,0x0861,0x0020,0x0861,0x0861,0x1082,0x0020,0x0841,0x0841,0x0841,0x0020,0x0841,
0x0861,0x0000,0x0841,0x0841,0x1082,0x0861,0x0020,0x1082,0x0861,0x0000,0x10A2,0x0861,0x0000,0x10A2,0x0841,0x0861,
0x0841,0x0020,0x0020,0x0841,0x0841,0x0841,0x18C3,0x0841,0x0020,0x10A2,0x0020,0x0020,0x0020,0x1082,0x10A2,0x1082,
0x0861,0x0020,0x10A2,0x0020,0x1082,0x1082,0x1082,0x0861,0x1082,0x18E3,0x0861,0x10A2,0x2124,0x31A6,0x31A6,0x39E7,
0x52AA,0x4208,0x3186,0x2124,0x2945,0x10A2,0x2124,0x2945,0x2104,0x2124,0x3186,0x4208,0x5ACB,0x4208,0x39E7,0x31A6,
0x4208,0x52AA,0x39E7,0x3186,0x31A6,0x4208,0x4228,0x3186,0x2124,0x2104,0x3186,0x5AEB,0x2965,0x18E3,0x2965,0x18E3,
0x2104,0x18E3,0x2124,0x31A6,0x2104,0x31A6,0x2104,0x2945,0x2124,0x31A6,0x31A6,0x2104,0x10A2,0x18C3,0x18E3,0x18C3,
0x18C3,0x18C3,0x2104,0x2945,0x2124,0x2104,0x2124,0x31A6,0x31A6,0x2965,0x4208,0x31A6,0x2965,0x4208,0x52AA,0x3186,
0x3186,0x3186,0x3186,0x31A6,0x5ACB,0x4208,0x2124,0x31A6,0x10A2,0x2124,0x2124,0x2124,0x2945,0x2104,0x2124,0x2124,
0x18C3,0x18C3,0x18C3,0x2945,0x3186,0x4208,0x4228,0x4228,0x3186,0x4208,0x4208,0x52AA,0x4208,0x4A49,0x4208,0x3186,
0x31A6,0x2965,0x3186,0x4228,0x4208,0x31A6,0x2104,0x2104,0x2104,0x2124,0x2124,0x2104,0x18C3,0x18E3,0x39E7,0x2945,
0x2965,0x31A6,0x3186,0x2945,0x2124,0x18C3,0x18C3,0x0861,0x10A2,0x18E3,0x1082,0x0861,0x10A2,0x0861,0x18C3,0x1082,
0x1082,0x0861,0x0841,0x0841,0x0861,0x0841,0x0841,0x0841,0x0841,0x1082,0x4208,0x632C,0x8C51,0x8430,0x528A,0x4208,
0x18E3,0x10A2,0x0000,0x0020,0x0841,0x0841,0x0841,0x0841,0x0841,0x0020,0x1082,0x10A2,0x1082,0x0020,0x0020,0x0841,
0x0020,0x0020,0x0841,0x1082,0x10A2,0x1082,0x0841,0x0020,0x0020,0x1082,0x18E3,0x0020,0x0861,0x0020,0x0861,0x0861,
0x0020,0x0020,0x0861,0x0841,0x0020,0x0841,0x0841,0x0020,0x0020,0x1082,0x0020,0x0841,0x0020,0x0841,0x0841,0x1082,
0x0841,0x0841,0x0861,0x0841,0x0841,0x0020,0x0841,0x0020,0x0841,0x0020,0x0020,0x0841,0x0861,0x0861,0x0861,0x1082,
0x0841,0x0841,0x0020,0x0841,0x0841,0x0020,0x0841,0x0841,0x0020,0x0020,0x0841,0x0861,0x0841,0x0020,0x0841,0x0861,
0x0861,0x0020,0x0000,0x0020,0x0000,0x0861,0x0841,0x0841,0x18C3,0x0000,0x0020,0x0841,0x0000,0x0841,0x10A2,0x0841,
0x0841,0x0841,0x1082,0x18C3,0x18C3,0x18E3,0x0841,0x0020,0x0841,0x0020,0x0020,0x0020,0x0861,0x1082,0x0020,0x0020,
0x0841,0x0841,0x0841,0x0841,0x0841,0x18C3,0x0861,0x0861,0x0861,0x0841,0x0841,0x0861,0x18E3,0x0841,0x0841,0x0020,
0x0000,0x0861,0x10A2,0x1082,0x0861,0x10A2,0x1082,0x18C3,0x39E7,0x0861,0x0000,0x0020,0x0841,0x0841,0x0020,0x18E3,
0x2124,0x1082,0x0841,0x2945,0x0020,0x0861,0x1082,0x18C3,0x1082,0x18C3,0x0861,0x0861,0x10A2,0x2124,0x0841,0x0020,
0x1082,0x0861,0x18E3,0x0841,0x0861,0x0861,0x10A2,0x0000,0x2124,0x0861,0x18E3,0x0841,0x0841,0x10A2,0x3186,0x39C7,
0x52AA,0x39E7,0x31A6,0x3186,0x18E3,0x2945,0x2945,0x18E3,0x2124,0x39C7,0x2965,0x4A49,0x39E7,0x4208,0x4228,0x3186,
0x3186,0x4228,0x4228,0x3186,0x2124,0x3186,0x3186,0x31A6,0x3186,0x2124,0x2104,0x3186,0x39C7,0x2965,0x18E3,0x2124,
0x2104,0x2965,0x2104,0x31A6,0x3186,0x3186,0x2945,0x2104,0x2124,0x2104,0x2124,0x2104,0x10A2,0x18C3,0x2104,0x10A2,
0x18E3,0x18C3,0x10A2,0x2124,0x10A2,0x2124,0x2124,0x2124,0x3186,0x3186,0x4208,0x4A49,0x3186,0x4228,0x31A6,0x4208,
0x39E7,0x4208,0x31A6,0x2965,0x3186,0x39E7,0x4A49,0x2104,0x2124,0x18E3,0x10A2,0x10A2,0x2124,0x31A6,0x1082,0x10A2,
0x18E3,0x10A2,0x18E3,0x18C3,0x31A6,0x4228,0x52AA,0x630C,0x5ACB,0x528A,0x5ACB,0x4208,0x5ACB,0x528A,0x4A49,0x4228,
0x39E7,0x4228,0x4228,0x4228,0x2965,0x2124,0x2124,0x2965,0x2945,0x2104,0x2124,0x2104,0x2965,0x0841,0x39C7,0x2104,
0x3186,0x3186,0x39C7,0x18E3,0x3186,0x2945,0x10A2,0x2104,0x10A2,0x10A2,0x0861,0x18E3,0x2124,0x1082,0x10A2,0x0861,
0x0020,0x0020,0x18C3,0x0020,0x0000,0x0841,0x0020,0x0020,0x18E3,0x31A6,0x31A6,0x3186,0x52AA,0x4228,0x3186,0x39C7,
0x18E3,0x2945,0x1082,0x10A2,0x0841,0x18E3,0x0020,0x0020,0x0861,0x0000,0x0020,0x1082,0x0861,0x0841,0x0861,0x2104,
0x1082,0x0841,0x0020,0x0000,0x0841,0x0020,0x0841,0x0020,0x0020,0x0841,0x0000,0x18C3,0x18C3,0x0000,0x0020,0x0841,
0x0841,0x0841,0x0020,0x0841,0x0841,0x0841,0x0861,0x0020,0x0841,0x0020,0x0841,0x0841,0x0020,0x0841,0x0020,0x0861,
0x0841,0x0841,0x0841,0x0841,0x0020,0x0841,0x0841,0x0841,0x0861,0x0861,0x0841,0x0841,0x0841,0x0841,0x0020,0x0020,
0x0861,0x0841,0x0020,0x0841,0x0841,0x0841,0x0020,0x0841,0x0841,0x0841,0x0841,0x0020,0x0020,0x0020,0x0020,0x0020,
0x0841,0x0841,0x0841,0x1082,0x10A2,0x0020,0x1082,0x0020,0x0000,0x0861,0x0841,0x0020,0x0861,0x0841,0x0020,0x0841,
0x0841,0x0020,0x0841,0x0841,0x0841,0x10A2,0x0841,0x0841,0x0841,0x0841,0x0841,0x0020,0x0020,0x0020,0x0020,0x18C3,
0x0861,0x0861,0x0000,0x0020,0x0020,0x0841,0x0020,0x0000,0x0020,0x0000,0x0020,0x0841,0x18C3,0x0020,0x0020,0x0020,
0x0861,0x0861,0x0861,0x0000,0x0841,0x0020,0x0020,0x0020,0x0000,0x0841,0x10A2,0x0020,0x0841,0x0841,0x0841,0x0841,
0x2124,0x1082,0x0020,0x0861,0x0020,0x0841,0x0861,0x2124,0x18C3,0x0841,0x0841,0x18E3,0x4228,0x18E3,0x0841,0x10A2,
0x0020,0x10A2,0x31A6,0x0841,0x10A2,0x18E3,0x0861,0x2104,0x2945,0x0861,0x0000,0x2104,0x1082,0x18C3,0x4228,0x2965,
0x31A6,0x4228,0x2965,0x39C7,0x31A6,0x2104,0x2124,0x31A6,0x31A6,0x39E7,0x3186,0x31A6,0x3186,0x4A49,0x3186,0x4228,
0x5ACB,0x4208,0x4208,0x3186,0x31A6,0x2104,0x2945,0x2945,0x2945,0x2945,0x2104,0x2104,0x4208,0x2124,0x10A2,0x18E3,
0x2124,0x31A6,0x2124,0x2945,0x3186,0x31A6,0x2965,0x18E3,0x18C3,0x18E3,0x2104,0x2104,0x18E3,0x10A2,0x10A2,0x18E3,
0x18C3,0x2124,0x1082,0x18C3,0x18C3,0x2945,0x2965,0x3186,0x31A6,0x3186,0x2965,0x2965,0x31A6,0x2945,0x4208,0x4208,
0x3186,0x31A6,0x2124,0x3186,0x4228,0x4228,0x4228,0x3186,0x2104,0x2945,0x18E3,0x0861,0x1082,0x1082,0x18C3,0x2104,
0x10A2,0x2104,0x18C3,0x18E3,0x31A6,0x3186,0x6B4D,0x8C71,0x6B4D,0x5ACB,0x52AA,0x4228,0x39E7,0x4A49,0x39E7,0x39E7,
0x4228,0x4208,0x31A6,0x2965,0x2124,0x2124,0x18C3,0x1082,0x2104,0x2124,0x10A2,0x2965,0x10A2,0x18C3,0x2124,0x3186,
0x31A6,0x31A6,0x2965,0x2124,0x2124,0x2124,0x18E3,0x10A2,0x18E3,0x0841,0x18E3,0x10A2,0x18C3,0x18C3,0x0861,0x1082,
0x10A2,0x0000,0x10A2,0x1082,0x0841,0x0841,0x0841,0x18C3,0x18C3,0x1082,0x10A2,0x0861,0x2104,0x2124,0x0841,0x0861,
0x2104,0x1082,0x2104,0x1082,0x0000,0x0020,0x0020,0x1082,0x0020,0x0020,0x0020,0x0861,0x0020,0x0841,0x0000,0x0861,
0x0841,0x0020,0x0841,0x0841,0x0841,0x0861,0x1082,0x0841,0x0841,0x0020,0x0861,0x0841,0x0020,0x0841,0x0020,0x0020,
0x0020,0x0861,0x0020,0x0841,0x0020,0x0020,0x0861,0x0841,0x0841,0x0020,0x0841,0x0841,0x0841,0x0841,0x0020,0x0020,
0x0020,0x0020,0x0841,0x0020,0x0841,0x0841,0x0841,0x0861,0x0841,0x0841,0x0841,0x0841,0x0841,0x0020,0x0020,0x0020,
0x0861,0x0841,0x0020,0x0020,0x0841,0x0841,0x0841,0x0841,0x0841,0x0841,0x0020,0x0841,0x0841,0x0861,0x0861,0x0841,
0x0020,0x0861,0x1082,0x1082,0x0841,0x0841,0x0000,0x0841,0x0000,0x0861,0x0841,0x0020,0x0020,0x0020,0x0020,0x0841,
0x0000,0x0841,0x1082,0x1082,0x0841,0x10A2,0x0020,0x0020,0x0020,0x0020,0x0841,0x0841,0x2104,0x0861,0x0020,0x0020,
0x0841,0x0841,0x0000,0x1082,0x0841,0x0000,0x0841,0x0861,0x0841,0x10A2,0x0861,0x10A2,0x0020,0x0841,0x0841,0x0861,
0x0000,0x0861,0x0841,0x0841,0x0841,0x1082,0x0841,0x0020,0x0020,0x0861,0x1082,0x0020,0x0020,0x0841,0x1082,0x0020,
0x0841,0x1082,0x18E3,0x0000,0x0861,0x0020,0x0841,0x10A2,0x0020,0x0861,0x0841,0x1082,0x2965,0x0000,0x1082,0x0861,
0x0020,0x39E7,0x3186,0x0841,0x0841,0x0861,0x1082,0x0841,0x0000,0x10A2,0x1082,0x0861,0x2124,0x2104,0x4208,0x2945,
0x2124,0x4A49,0x31A6,0x2965,0x31A6,0x2945,0x3186,0x3186,0x3186,0x2945,0x3186,0x3186,0x31A6,0x3186,0x39C7,0x2965,
0x4228,0x4228,0x3186,0x39C7,0x2124,0x2104,0x2945,0x2124,0x10A2,0x10A2,0x2124,0x31A6,0x31A6,0x18E3,0x31A6,0x18C3,
0x18E3,0x2945,0x31A6,0x18E3,0x2104,0x31A6,0x2124,0x2104,0x2124,0x18C3,0x2104,0x2945,0x10A2,0x10A2,0x2124,0x2104,
0x1082,0x18E3,0x1082,0x0861,0x18C3,0x18C3,0x2945,0x2945,0x3186,0x3186,0x39C7,0x31A6,0x31A6,0x4A49,0x4A49,0x4208,
0x31A6,0x2965,0x31A6,0x2945,0x2945,0x2965,0x2965,0x2124,0x18E3,0x2104,0x18C3,0x18E3,0x10A2,0x0861,0x10A2,0x0841,
0x18E3,0x1082,0x0861,0x10A2,0x18E3,0x2965,0x4228,0x632C,0x52AA,0x4A69,0x528A,0x4228,0x4208,0x39E7,0x4A49,0x39C7,
0x4208,0x31A6,0x2104,0x18E3,0x18E3,0x2124,0x2104,0x2104,0x2124,0x2945,0x3186,0x2124,0x1082,0x2104,0x18E3,0x31A6,
0x2965,0x2945,0x2104,0x2945,0x2124,0x2104,0x2965,0x18E3,0x1082,0x0861,0x2104,0x0861,0x1082,0x2945,0x2104,0x18E3,
0x0841,0x0020,0x0020,0x0020,0x0000,0x1082,0x1082,0x0020,0x1082,0x0000,0x0020,0x10A2,0x18C3,0x18E3,0x0861,0x0841,
0x0841,0x0000,0x10A2,0x0861,0x1082,0x3186,0x10A2,0x0000,0x0020,0x0841,0x0841,0x0841,0x0000,0x0841,0x0020,0x0020,
0x0020,0x0020,0x0841,0x0841,0x0000,0x0020,0x0841,0x0861,0x0020,0x2124,0x10A2,0x18E3,0x0020,0x0000,0x0841,0x0861,
0x0020,0x0841,0x0020,0x0841,0x0841,0x0020,0x0841,0x0841,0x0841,0x0020,0x0020,0x0841,0x0841,0x0020,0x0841,0x0020,
0x0841,0x0020,0x0861,0x0020,0x0861,0x0020,0x0861,0x0841,0x0020,0x0020,0x0841,0x0841,0x0841,0x0841,0x0841,0x0841,
0x0841,0x0841,0x0020,0x0841,0x0841,0x0841,0x0841,0x0841,0x0841,0x0841,0x0841,0x0861,0x0841,0x0000,0x0020,0x0861,
0x10A2,0x0020,0x0000,0x0841,0x0020,0x18C3,0x0841,0x0841,0x0841,0x0020,0x0841,0x0841,0x0841,0x0841,0x0841,0x0000,
0x0020,0x0861,0x18C3,0x10A2,0x0841,0x1082,0x0020,0x0841,0x0841,0x0020,0x0841,0x1082,0x3186,0x18E3,0x0861,0x0020,
0x0020,0x0020,0x0020,0x18C3,0x0861,0x0020,0x0841,0x0841,0x0841,0x18C3,0x1082,0x18C3,0x0020,0x0861,0x0020,0x0020,
0x0861,0x0020,0x0000,0x0861,0x18C3,0x10A2,0x0861,0x1082,0x10A2,0x0861,0x0020,0x0861,0x0020,0x0861,0x1082,0x0841,
0x1082,0x0020,0x0841,0x0841,0x0861,0x18E3,0x1082,0x0000,0x0000,0x18E3,0x0861,0x0861,0x0000,0x0020,0x18E3,0x18C3,
0x1082,0x0861,0x0000,0x1082,0x0841,0x0020,0x10A2,0x10A2,0x0861,0x0861,0x0841,0x18E3,0x3186,0x2124,0x52AA,0x39E7,
0x2124,0x18C3,0x4A49,0x4228,0x2945,0x31A6,0x31A6,0x2124,0x2104,0x31A6,0x39C7,0x2945,0x31A6,0x3186,0x2965,0x3186,
0x3186,0x3186,0x2965,0x3186,0x2945,0x10A2,0x2124,0x2104,0x18E3,0x2945,0x18C3,0x2104,0x4228,0x31A6,0x31A6,0x2124,
0x10A2,0x18E3,0x4A49,0x31A6,0x2945,0x31A6,0x2104,0x2124,0x10A2,0x18C3,0x18C3,0x18E3,0x2124,0x2124,0x18E3,0x18E3,
0x18E3,0x1082,0x18C3,0x18E3,0x1082,0x0861,0x2945,0x1082,0x2104,0x31A6,0x31A6,0x2965,0x2945,0x39C7,0x3186,0x4208,
0x4228,0x31A6,0x3186,0x3186,0x4228,0x3186,0x2124,0x3186,0x31A6,0x2104,0x18E3,0x2104,0x10A2,0x18E3,0x0861,0x18E3,
0x10A2,0x18C3,0x0841,0x18E3,0x18C3,0x2945,0x4228,0x4208,0x528A,0x630C,0x52AA,0x4228,0x4228,0x4208,0x3186,0x2965,
0x31A6,0x2124,0x18C3,0x18E3,0x18C3,0x18C3,0x10A2,0x2104,0x18C3,0x18E3,0x39C7,0x10A2,0x18C3,0x18C3,0x18C3,0x2124,
0x31A6,0x2104,0x2124,0x18E3,0x2965,0x18C3,0x1082,0x2124,0x10A2,0x2124,0x10A2,0x18C3,0x2104,0x10A2,0x2124,0x0841,
0x0841,0x0841,0x0000,0x10A2,0x1082,0x0861,0x0841,0x0841,0x0861,0x0841,0x0841,0x0000,0x0020,0x10A2,0x0000,0x0861,
0x0841,0x0861,0x0020,0x0020,0x0020,0x4208,0x10A2,0x0841,0x0841,0x0020,0x0020,0x0020,0x0020,0x0861,0x0861,0x1082,
0x0020,0x0861,0x10A2,0x18C3,0x0861,0x0841,0x0020,0x0020,0x0861,0x0020,0x0861,0x18E3,0x0020,0x1082,0x0000,0x0020,
0x0841,0x0861,0x0020,0x0841,0x0861,0x0841,0x0020,0x0020,0x0020,0x0861,0x0020,0x0841,0x0020,0x0020,0x0841,0x0841,
0x0841,0x0020,0x0861,0x0020,0x1082,0x0020,0x0861,0x0861,0x0841,0x0861,0x0861,0x0841,0x0020,0x0020,0x0020,0x0020,
0x0841,0x0841,0x0841,0x0841,0x0020,0x0020,0x0841,0x0841,0x0020,0x0861,0x0861,0x0000,0x0000,0x0841,0x0841,0x0000,
0x0841,0x2104,0x18C3,0x0841,0x0020,0x0020,0x0020,0x0841,0x0841,0x0020,0x0841,0x0841,0x1082,0x0841,0x0841,0x0841,
0x0841,0x0020,0x0841,0x0020,0x0000,0x0861,0x0020,0x0841,0x0020,0x0841,0x0000,0x0020,0x0841,0x0020,0x0020,0x0861,
0x0841,0x0841,0x0020,0x0861,0x0020,0x0841,0x0841,0x0000,0x0020,0x0020,0x0020,0x0861,0x0841,0x0020,0x0841,0x0020,
0x0861,0x0841,0x0861,0x18C3,0x2104,0x3186,0x2104,0x2124,0x0000,0x0841,0x0841,0x1082,0x0020,0x0861,0x0861,0x0020,
0x0841,0x0020,0x0020,0x0841,0x0020,0x0020,0x0841,0x18C3,0x10A2,0x1082,0x10A2,0x18E3,0x0861,0x0861,0x10A2,0x2124,
0x10A2,0x0020,0x0861,0x0020,0x0020,0x18E3,0x0841,0x10A2,0x18E3,0x0000,0x2124,0x31A6,0x18C3,0x2124,0x39E7,0x5AEB,
0x4208,0x39C7,0x4228,0x4228,0x4A49,0x31A6,0x18C3,0x3186,0x2945,0x2965,0x4208,0x4228,0x3186,0x31A6,0x2945,0x31A6,
0x39C7,0x3186,0x2124,0x2965,0x18E3,0x2965,0x18E3,0x18E3,0x10A2,0x18C3,0x2124,0x2104,0x2104,0x18E3,0x2124,0x2124,
0x2945,0x18C3,0x18E3,0x18C3,0x10A2,0x18E3,0x2124,0x2124,0x18C3,0x18C3,0x2104,0x2124,0x2104,0x2945,0x2124,0x18C3,
0x2124,0x10A2,0x1082,0x18E3,0x1082,0x10A2,0x2124,0x18C3,0x2104,0x31A6,0x4208,0x2965,0x528A,0x18E3,0x2104,0x31A6,
0x2965,0x4228,0x31A6,0x39E7,0x6B6D,0x52AA,0x39E7,0x39C7,0x31A6,0x3186,0x2124,0x18C3,0x2965,0x2945,0x18C3,0x10A2,
0x2945,0x10A2,0x2104,0x18E3,0x10A2,0x3186,0x39E7,0x4208,0x4208,0x39C7,0x4A49,0x2945,0x4208,0x4228,0x2965,0x2945,
0x3186,0x2124,0x18E3,0x2945,0x2945,0x18E3,0x0861,0x1082,0x10A2,0x10A2,0x18C3,0x18C3,0x18C3,0x10A2,0x18C3,0x2104,
0x2124,0x2104,0x2104,0x2945,0x2104,0x2945,0x2124,0x2945,0x2124,0x2124,0x1082,0x2124,0x31A6,0x18E3,0x2945,0x18E3,
0x0000,0x1082,0x1082,0x0841,0x0020,0x0020,0x0841,0x0020,0x0000,0x10A2,0x0000,0x0841,0x18E3,0x10A2,0x0861,0x0020,
0x0841,0x0000,0x0841,0x0861,0x0861,0x0000,0x0020,0x0841,0x0841,0x0020,0x0841,0x0841,0x0841,0x0020,0x0000,0x0000,
0x0020,0x0020,0x0020,0x0020,0x0020,0x0020,0x0020,0x0861,0x18C3,0x0841,0x0841,0x0020,0x0841,0x10A2,0x2965,0x0020,
0x0020,0x0841,0x0020,0x0020,0x0841,0x0841,0x0020,0x0841,0x0020,0x0861,0x0841,0x0020,0x0020,0x0861,0x0020,0x0841,
0x0841,0x0020,0x0841,0x0020,0x0861,0x0841,0x0861,0x0861,0x0020,0x0841,0x0841,0x0020,0x0841,0x0841,0x0841,0x0841,
0x0841,0x0841,0x0841,0x0841,0x0020,0x0020,0x0841,0x0841,0x0000,0x0861,0x0841,0x0020,0x0861,0x18E3,0x18C3,0x0841,
0x18E3,0x39C7,0x2104,0x0020,0x0861,0x0861,0x0841,0x0841,0x18E3,0x0000,0x0841,0x0861,0x18C3,0x1082,0x18E3,0x1082,
0x0020,0x0000,0x0020,0x0841,0x0861,0x10A2,0x0020,0x0020,0x0841,0x1082,0x0841,0x0841,0x0861,0x0861,0x0861,0x0841,
0x0841,0x0020,0x0020,0x0841,0x0000,0x10A2,0x10A2,0x0841,0x0861,0x0020,0x0020,0x0020,0x0841,0x0020,0x1082,0x0861,
0x0000,0x1082,0x0020,0x18E3,0x3186,0x8C51,0x4228,0x10A2,0x10A2,0x0861,0x0000,0x0020,0x0861,0x0841,0x0020,0x10A2,
0x0861,0x0861,0x0841,0x0841,0x18C3,0x0020,0x0020,0x0861,0x0861,0x0841,0x10A2,0x0861,0x0861,0x0841,0x0020,0x0020,
0x0020,0x10A2,0x0020,0x0841,0x18E3,0x0861,0x0020,0x1082,0x0861,0x2945,0x18E3,0x0000,0x2104,0x18C3,0x2104,0x3186,
0x4208,0x3186,0x2965,0x2965,0x3186,0x2965,0x39C7,0x2945,0x18E3,0x31A6,0x31A6,0x52AA,0x528A,0x2945,0x2124,0x2124,
0x2945,0x31A6,0x39C7,0x18C3,0x18E3,0x2945,0x2124,0x18C3,0x18E3,0x10A2,0x18C3,0x2104,0x31A6,0x2965,0x2124,0x2124,
0x2124,0x2945,0x2104,0x2124,0x2945,0x2945,0x2945,0x18C3,0x2945,0x31A6,0x2124,0x18C3,0x2104,0x2124,0x2124,0x2965,
0x18C3,0x18C3,0x0861,0x0841,0x1082,0x1082,0x10A2,0x2124,0x39C7,0x2965,0x4A49,0x2124,0x39C7,0x2945,0x10A2,0x39C7,
0x3186,0x31A6,0x39E7,0x5AEB,0x4228,0x2965,0x31A6,0x3186,0x2104,0x31A6,0x31A6,0x2104,0x10A2,0x1082,0x2945,0x18E3,
0x2124,0x18C3,0x0841,0x18E3,0x3186,0x6B4D,0x6B6D,0x5AEB,0x4228,0x3186,0x31A6,0x3186,0x3186,0x4228,0x2104,0x18E3,
0x18C3,0x18C3,0x10A2,0x18E3,0x10A2,0x10A2,0x10A2,0x18E3,0x2104,0x18E3,0x2104,0x18C3,0x18E3,0x1082,0x18E3,0x2124,
0x3186,0x31A6,0x2945,0x31A6,0x2104,0x2945,0x31A6,0x2104,0x2945,0x2104,0x18E3,0x10A2,0x2104,0x10A2,0x0841,0x10A2,
0x0841,0x1082,0x1082,0x0020,0x0841,0x0020,0x0841,0x0841,0x10A2,0x0020,0x0861,0x0020,0x18C3,0x0861,0x0000,0x31A6,
0x18C3,0x0841,0x0841,0x0841,0x0020,0x0020,0x2965,0x0020,0x1082,0x0841,0x0841,0x0020,0x0841,0x0841,0x0841,0x0841,
0x0841,0x0020,0x0841,0x0841,0x1082,0x0841,0x0020,0x0841,0x0841,0x0841,0x0000,0x0861,0x0020,0x0020,0x0020,0x10A2,
0x0020,0x0841,0x0861,0x0841,0x0861,0x1082,0x0861,0x18E3,0x0020,0x0841,0x0841,0x0020,0x0861,0x2124,0x0020,0x0841,
0x0841,0x0841,0x0841,0x0020,0x0020,0x0020,0x0841,0x0841,0x0841,0x0841,0x0020,0x0020,0x0841,0x0861,0x0841,0x0020,
0x0841,0x0841,0x0841,0x0841,0x0841,0x0841,0x0841,0x0841,0x0841,0x0020,0x0020,0x1082,0x1082,0x0841,0x0020,0x0841,
0x0020,0x0020,0x0841,0x0841,0x0020,0x0861,0x0020,0x0841,0x18C3,0x1082,0x0020,0x0861,0x52AA,0x31A6,0x0861,0x0841,
0x10A2,0x0841,0x0020,0x0020,0x0841,0x1082,0x0020,0x0841,0x0020,0x0841,0x0841,0x0020,0x10A2,0x0861,0x18C3,0x0020,
0x0841,0x0000,0x0861,0x1082,0x0841,0x1082,0x0841,0x0020,0x1082,0x1082,0x1082,0x0841,0x0020,0x0020,0x1082,0x0020,
0x0861,0x0861,0x2945,0x0861,0x2124,0x39E7,0x2124,0x1082,0x0000,0x0841,0x0841,0x0020,0x18E3,0x1082,0x0020,0x1082,
0x1082,0x0861,0x0841,0x0020,0x0861,0x10A2,0x2104,0x0841,0x0841,0x1082,0x0020,0x0841,0x0841,0x0841,0x0841,0x0841,
0x0841,0x0861,0x0861,0x0861,0x2124,0x1082,0x0841,0x0020,0x1082,0x2124,0x0020,0x0841,0x2104,0x2124,0x2124,0x3186,
0x4208,0x528A,0x738E,0x528A,0x4A69,0x2124,0x2124,0x2965,0x39C7,0x3186,0x4208,0x4208,0x5ACB,0x3186,0x31A6,0x2124,
0x31A6,0x31A6,0x2965,0x39C7,0x39C7,0x10A2,0x10A2,0x18C3,0x18C3,0x18C3,0x18C3,0x2124,0x31A6,0x10A2,0x2124,0x2124,
0x10A2,0x31A6,0x31A6,0x2124,0x18E3,0x2945,0x2104,0x18C3,0x2104,0x2124,0x18E3,0x10A2,0x2104,0x2124,0x18C3,0x10A2,
0x2124,0x2124,0x2945,0x18C3,0x18E3,0x10A2,0x18E3,0x2124,0x3186,0x2965,0x4228,0x31A6,0x2104,0x3186,0x2945,0x2124,
0x3186,0x31A6,0x4228,0x52AA,0x2965,0x39C7,0x3186,0x2124,0x2124,0x2104,0x3186,0x5AEB,0x18E3,0x31A6,0x2104,0x10A2,
0x10A2,0x2124,0x18C3,0x18E3,0x2965,0x8C71,0x632C,0x4208,0x4208,0x3186,0x31A6,0x2104,0x4A69,0x3186,0x2104,0x18E3,
0x10A2,0x18E3,0x18E3,0x18E3,0x18C3,0x18E3,0x18C3,0x18C3,0x10A2,0x1082,0x2945,0x18C3,0x18C3,0x18C3,0x18C3,0x2124,
0x31A6,0x18E3,0x3186,0x2104,0x39C7,0x18E3,0x2124,0x2945,0x2104,0x39C7,0x31A6,0x10A2,0x18C3,0x10A2,0x0861,0x1082,
0x0841,0x1082,0x0841,0x0841,0x0841,0x0841,0x0841,0x0020,0x0841,0x0020,0x0841,0x0020,0x0841,0x0861,0x0000,0x31A6,
0x2945,0x0841,0x0000,0x0841,0x0861,0x0000,0x0841,0x0020,0x0841,0x0841,0x0020,0x0841,0x0020,0x0841,0x0861,0x0020,
0x0841,0x0841,0x0841,0x0020,0x0841,0x0020,0x0861,0x0020,0x0020,0x0861,0x0861,0x0020,0x0020,0x0841,0x0841,0x0020,
0x0020,0x0020,0x0841,0x0020,0x0020,0x0841,0x0841,0x0020,0x0841,0x0841,0x0020,0x0020,0x0841,0x0841,0x0841,0x0020,
0x0841,0x0000,0x0841,0x0861,0x0841,0x0000,0x0841,0x0841,0x0841,0x1082,0x0841,0x1082,0x0020,0x0020,0x0020,0x0841,
0x0000,0x0841,0x0861,0x0020,0x0861,0x0841,0x0000,0x0861,0x0861,0x0020,0x0841,0x0020,0x0841,0x18C3,0x0000,0x0841,
0x0841,0x0841,0x0000,0x0841,0x0841,0x0841,0x0841,0x0841,0x18E3,0x0861,0x0020,0x2945,0x0861,0x0841,0x0841,0x0020,
0x0020,0x1082,0x0841,0x0020,0x0020,0x0020,0x1082,0x1082,0x1082,0x0861,0x10A2,0x0861,0x0020,0x10A2,0x2965,0x0020,
0x1082,0x0020,0x1082,0x1082,0x0861,0x0020,0x0020,0x18E3,0x18E3,0x0000,0x0020,0x0841,0x0020,0x0861,0x0841,0x0841,
0x0861,0x0000,0x0020,0x10A2,0x1082,0x0861,0x1082,0x0020,0x18C3,0x10A2,0x0000,0x0841,0x2945,0x1082,0x0841,0x0020,
0x1082,0x10A2,0x0020,0x0841,0x0841,0x0861,0x0861,0x0841,0x0020,0x1082,0x0861,0x1082,0x0861,0x0861,0x0841,0x0020,
0x0841,0x0861,0x1082,0x18C3,0x1082,0x0861,0x0020,0x0861,0x0861,0x18E3,0x1082,0x1082,0x10A2,0x2124,0x31A6,0x2124,
0x4228,0x632C,0x8C71,0x528A,0x3186,0x2104,0x2945,0x3186,0x3186,0x4228,0x4208,0x4208,0x4A49,0x3186,0x2945,0x2104,
0x2104,0x3186,0x31A6,0x3186,0x31A6,0x18C3,0x2945,0x18C3,0x18C3,0x2124,0x10A2,0x2965,0x2104,0x18C3,0x18E3,0x18C3,
0x2124,0x31A6,0x2104,0x2965,0x2104,0x18C3,0x2124,0x10A2,0x18E3,0x10A2,0x18E3,0x18C3,0x18C3,0x18E3,0x18E3,0x10A2,
0x3186,0x2104,0x2104,0x2945,0x2124,0x2104,0x18C3,0x18C3,0x2104,0x4228,0x52AA,0x2965,0x2945,0x2124,0x18E3,0x4228,
0x31A6,0x2965,0x4A49,0x5ACB,0x2965,0x31A6,0x3186,0x2124,0x2124,0x2104,0x2965,0x5ACB,0x2965,0x39C7,0x2965,0x18C3,
0x2124,0x2124,0x2945,0x1082,0x2104,0x4228,0x52AA,0x52AA,0x4208,0x3186,0x2124,0x10A2,0x18C3,0x39C7,0x2104,0x18C3,
0x2104,0x18E3,0x18C3,0x18C3,0x18E3,0x10A2,0x2124,0x18E3,0x0861,0x10A2,0x18C3,0x18E3,0x10A2,0x2965,0x2104,0x2124,
0x2124,0x2945,0x10A2,0x4228,0x3186,0x2945,0x2104,0x2104,0x2124,0x2104,0x31A6,0x2104,0x18C3,0x18E3,0x18C3,0x18C3,
0x0020,0x1082,0x0861,0x0861,0x0841,0x0000,0x0841,0x0841,0x0020,0x1082,0x0841,0x0000,0x18E3,0x0020,0x1082,0x18C3,
0x0861,0x0020,0x0861,0x0861,0x0861,0x0841,0x0861,0x0000,0x1082,0x0020,0x0020,0x0861,0x0841,0x0000,0x0020,0x0841,
0x10A2,0x0841,0x0861,0x0841,0x0861,0x0841,0x0841,0x0841,0x0841,0x0861,0x0861,0x0841,0x0841,0x0841,0x0841,0x0841,
0x0841,0x0841,0x0841,0x0020,0x0020,0x0841,0x0020,0x0841,0x0020,0x0841,0x0841,0x0841,0x0020,0x0020,0x0841,0x0841,
0x0861,0x0020,0x0841,0x0000,0x0020,0x0841,0x0861,0x0020,0x0000,0x1082,0x0020,0x0020,0x0861,0x0020,0x0000,0x0841,
0x0841,0x0841,0x0000,0x0841,0x0000,0x0000,0x0861,0x0020,0x0841,0x10A2,0x0861,0x0841,0x0841,0x0000,0x2965,0x0861,
0x0861,0x0841,0x0020,0x1082,0x0000,0x0020,0x0841,0x0841,0x1082,0x0000,0x0841,0x2124,0x1082,0x1082,0x1082,0x10A2,
0x0841,0x0841,0x0020,0x0841,0x0841,0x0020,0x0841,0x0841,0x0841,0x10A2,0x2124,0x0000,0x0841,0x0020,0x0020,0x1082,
0x18C3,0x10A2,0x0861,0x0000,0x0000,0x1082,0x0861,0x18C3,0x10A2,0x0861,0x10A2,0x0000,0x18C3,0x18C3,0x0000,0x0841,
0x0861,0x0020,0x0861,0x0020,0x10A2,0x18E3,0x0861,0x1082,0x0861,0x1082,0x0861,0x0841,0x0020,0x0841,0x0020,0x0020,
0x0861,0x0000,0x0841,0x18C3,0x0000,0x0000,0x1082,0x0841,0x0841,0x0861,0x1082,0x0841,0x0841,0x0020,0x0841,0x0020,
0x0020,0x0861,0x10A2,0x0861,0x0841,0x0000,0x0841,0x0861,0x1082,0x1082,0x2965,0x2124,0x10A2,0x18C3,0x2945,0x18C3,
0x2945,0x3186,0x2945,0x4A49,0x39C7,0x2124,0x18C3,0x2124,0x31A6,0x4228,0x4208,0x4228,0x4208,0x3186,0x18E3,0x2124,
0x3186,0x3186,0x3186,0x2945,0x18E3,0x3186,0x2104,0x2965,0x2945,0x18C3,0x10A2,0x10A2,0x2965,0x2124,0x2124,0x10A2,
0x10A2,0x18E3,0x18C3,0x2124,0x18E3,0x2104,0x2965,0x2124,0x10A2,0x4208,0x18C3,0x10A2,0x10A2,0x18C3,0x10A2,0x2945,
0x39E7,0x1082,0x2124,0x10A2,0x2104,0x2945,0x2104,0x0861,0x18C3,0x2124,0x4208,0x2124,0x1082,0x2104,0x2945,0x2104,
0x39C7,0x2124,0x2945,0x4A69,0x4A49,0x3186,0x2965,0x39C7,0x39C7,0x2124,0x2124,0x18C3,0x3186,0x2104,0x2965,0x18C3,
0x18E3,0x10A2,0x10A2,0x2945,0x31A6,0x4228,0x39E7,0x4208,0x31A6,0x2965,0x2945,0x2945,0x2124,0x18E3,0x2124,0x18E3,
0x18C3,0x18E3,0x2124,0x2124,0x18C3,0x18E3,0x2945,0x1082,0x1082,0x0861,0x10A2,0x18C3,0x18C3,0x2104,0x2124,0x2124,
0x2124,0x2945,0x2124,0x2104,0x31A6,0x2124,0x31A6,0x2124,0x18C3,0x2104,0x0861,0x10A2,0x3186,0x2104,0x18C3,0x2124,
0x0020,0x0861,0x0841,0x0020,0x0020,0x0020,0x0841,0x0020,0x0861,0x0000,0x0841,0x2965,0x1082,0x0020,0x0841,0x0000,
0x0020,0x0020,0x0861,0x0861,0x0020,0x0000,0x0841,0x0841,0x1082,0x0841,0x0020,0x0841,0x0841,0x0020,0x0020,0x0841,
0x0861,0x0000,0x0861,0x0020,0x0020,0x0841,0x0000,0x0841,0x0861,0x0861,0x0841,0x0020,0x0841,0x0841,0x0841,0x0841,
0x1082,0x0000,0x0000,0x0000,0x10A2,0x0841,0x0020,0x0861,0x0020,0x0841,0x0841,0x0841,0x0841,0x0841,0x0841,0x0841,
0x0020,0x0020,0x0841,0x0020,0x0861,0x0861,0x1082,0x0841,0x0861,0x0861,0x2104,0x0000,0x0020,0x0841,0x0841,0x0861,
0x0841,0x0000,0x2945,0x39C7,0x0861,0x0841,0x0841,0x0020,0x0841,0x0000,0x0020,0x0020,0x0861,0x0020,0x0020,0x2104,
0x0020,0x1082,0x0020,0x0020,0x0861,0x1082,0x0861,0x0841,0x0020,0x0861,0x0841,0x0841,0x18E3,0x10A2,0x528A,0x4208,
0x18C3,0x0861,0x0000,0x0841,0x0841,0x0020,0x0020,0x0020,0x0841,0x0000,0x2945,0x2124,0x0020,0x10A2,0x0861,0x0841,
0x0841,0x10A2,0x18E3,0x1082,0x0841,0x10A2,0x0861,0x10A2,0x0861,0x18C3,0x0841,0x0841,0x18E3,0x0861,0x0020,0x0841,
0x0861,0x0020,0x0861,0x0020,0x0020,0x0841,0x0020,0x2104,0x0841,0x0020,0x0841,0x0861,0x10A2,0x18C3,0x0841,0x0861,
0x0861,0x0841,0x0841,0x1082,0x0020,0x0020,0x1082,0x10A2,0x0020,0x0000,0x0841,0x0841,0x0861,0x0841,0x0861,0x0841,
0x0020,0x0020,0x0841,0x10A2,0x0020,0x0841,0x0020,0x0020,0x18C3,0x1082,0x2104,0x0861,0x18E3,0x18E3,0x10A2,0x18E3,
0x0861,0x2104,0x1082,0x2124,0x2104,0x10A2,0x10A2,0x10A2,0x3186,0x4208,0x528A,0x39E7,0x4208,0x4A49,0x31A6,0x3186,
0x39C7,0x2965,0x3186,0x5ACB,0x3186,0x2124,0x31A6,0x5AEB,0x2104,0x2104,0x0861,0x18C3,0x2124,0x2124,0x2104,0x18E3,
0x18C3,0x10A2,0x18C3,0x2104,0x18C3,0x18E3,0x2104,0x18E3,0x18C3,0x1082,0x18E3,0x2945,0x2945,0x18C3,0x1082,0x18C3,
0x2104,0x18E3,0x2965,0x18C3,0x10A2,0x2945,0x2104,0x18E3,0x10A2,0x10A2,0x2124,0x2124,0x18E3,0x1082,0x2104,0x39E7,
0x2965,0x31A6,0x4228,0x5ACB,0x4228,0x2124,0x2945,0x2124,0x2104,0x10A2,0x18C3,0x2945,0x18E3,0x2124,0x2945,0x10A2,
0x18C3,0x10A2,0x0861,0x10A2,0x39E7,0x528A,0x4228,0x31A6,0x2104,0x2945,0x2965,0x1082,0x18E3,0x10A2,0x18C3,0x2945,
0x10A2,0x2945,0x18E3,0x1082,0x18C3,0x18C3,0x18C3,0x2945,0x10A2,0x10A2,0x18E3,0x18C3,0x2104,0x2124,0x3186,0x2124,
0x2945,0x2104,0x2945,0x18C3,0x18C3,0x18C3,0x31A6,0x2124,0x18E3,0x18C3,0x2945,0x2124,0x2124,0x2945,0x2965,0x6B6D,
0x0841,0x0861,0x0841,0x0020,0x0841,0x0861,0x0841,0x0020,0x0861,0x0841,0x0020,0x0000,0x0020,0x0841,0x0861,0x0020,
0x0841,0x0841,0x0841,0x0020,0x0020,0x0841,0x0841,0x0861,0x0841,0x1082,0x10A2,0x0020,0x0020,0x0841,0x0861,0x0861,
0x0000,0x0841,0x18C3,0x0841,0x0020,0x0861,0x0861,0x0841,0x0861,0x0861,0x0841,0x0020,0x0841,0x0841,0x0020,0x0841,
0x0841,0x39C7,0x4A69,0x0020,0x0000,0x0000,0x1082,0x0020,0x0841,0x0020,0x0020,0x0020,0x0841,0x0841,0x0841,0x0020,
0x0020,0x0841,0x0841,0x0841,0x0841,0x0020,0x0020,0x0861,0x0841,0x1082,0x0861,0x18C3,0x5ACB,0x18C3,0x0000,0x0020,
0x0841,0x18C3,0x0841,0x1082,0x1082,0x1082,0x0020,0x0861,0x1082,0x1082,0x0861,0x0861,0x0000,0x0861,0x10A2,0x0000,
0x0841,0x0841,0x0841,0x0020,0x0020,0x0000,0x0861,0x0020,0x0020,0x1082,0x0841,0x0020,0x2945,0x2124,0x738E,0x632C,
0x18E3,0x0861,0x0020,0x0841,0x0841,0x0020,0x0841,0x0841,0x0020,0x0861,0x18C3,0x10A2,0x0000,0x18C3,0x10A2,0x0020,
0x0841,0x0861,0x0841,0x0841,0x0020,0x10A2,0x0020,0x0841,0x1082,0x18E3,0x0020,0x2124,0x1082,0x0020,0x10A2,0x1082,
0x0861,0x1082,0x0841,0x0020,0x0841,0x18E3,0x18E3,0x0000,0x1082,0x0020,0x0020,0x0020,0x18E3,0x10A2,0x0020,0x0861,
0x2124,0x2124,0x0861,0x0841,0x0841,0x0861,0x0020,0x1082,0x1082,0x0841,0x0861,0x10A2,0x1082,0x18C3,0x1082,0x0020,
0x0861,0x0020,0x0841,0x2104,0x0841,0x0841,0x0000,0x0841,0x2945,0x0841,0x1082,0x0020,0x1082,0x18C3,0x0861,0x0841,
0x0841,0x1082,0x18C3,0x10A2,0x18C3,0x0841,0x0861,0x2945,0x3186,0x2965,0x8C71,0x5ACB,0x3186,0x4208,0x3186,0x2965,
0x2124,0x2965,0x4A69,0x4208,0x2965,0x2945,0x10A2,0x1082,0x18C3,0x1082,0x2104,0x18C3,0x2124,0x2124,0x10A2,0x2945,
0x18E3,0x18C3,0x18C3,0x2104,0x18C3,0x18C3,0x2124,0x18E3,0x2945,0x10A2,0x2965,0x2124,0x2124,0x18E3,0x18E3,0x18C3,
0x1082,0x0841,0x18C3,0x2945,0x18C3,0x10A2,0x2104,0x2124,0x1082,0x2104,0x2104,0x2104,0x2965,0x10A2,0x0861,0x2104,
0x31A6,0x2945,0x3186,0x4228,0x39E7,0x18E3,0x18E3,0x2104,0x18E3,0x18C3,0x18E3,0x10A2,0x39E7,0x3186,0x3186,0x2104,
0x18E3,0x2104,0x31A6,0x2124,0x4A69,0x4208,0x4228,0x31A6,0x2945,0x2104,0x39C7,0x18C3,0x18C3,0x10A2,0x10A2,0x18C3,
0x18E3,0x18C3,0x18C3,0x2945,0x2104,0x18C3,0x10A2,0x18C3,0x18C3,0x18C3,0x18C3,0x18C3,0x18C3,0x2124,0x39C7,0x2124,
0x18E3,0x2945,0x2124,0x2104,0x2124,0x2965,0x18E3,0x18C3,0x1082,0x10A2,0x39E7,0x2965,0x2104,0x39C7,0x2965,0x52AA,
0x0020,0x1082,0x1082,0x0841,0x0000,0x0020,0x0020,0x0841,0x0000,0x18C3,0x0861,0x0841,0x0841,0x0841,0x1082,0x0841,
0x0841,0x0841,0x0841,0x0020,0x0861,0x18C3,0x2104,0x31A6,0x3186,0x2104,0x18E3,0x0841,0x0020,0x0020,0x0841,0x0841,
0x0020,0x1082,0x18C3,0x0841,0x0841,0x0841,0x1082,0x0020,0x0841,0x0841,0x0020,0x0020,0x0841,0x0020,0x0020,0x0841,
0x0841,0x1082,0x18C3,0x0000,0x0861,0x0020,0x0841,0x0861,0x0841,0x0841,0x0020,0x0020,0x0841,0x0841,0x0841,0x0020,
0x0841,0x0841,0x0020,0x0020,0x0020,0x0020,0x0861,0x18E3,0x0861,0x0000,0x0861,0x10A2,0x52AA,0x2124,0x18E3,0x18E3,
0x0841,0x0000,0x1082,0x0841,0x1082,0x39C7,0x0861,0x0000,0x0000,0x10A2,0x0841,0x0000,0x0861,0x1082,0x39C7,0x0020,
0x0861,0x0020,0x0000,0x0861,0x18C3,0x0841,0x0020,0x0841,0x10A2,0x0861,0x0841,0x10A2,0x1082,0x1082,0x10A2,0x2945,
0x0861,0x0841,0x0841,0x0841,0x0861,0x0861,0x0861,0x0861,0x0020,0x18C3,0x2945,0x0000,0x0841,0x0020,0x0841,0x0020,
0x0841,0x0861,0x0841,0x0841,0x0000,0x0841,0x0020,0x1082,0x0841,0x0000,0x0020,0x18E3,0x0000,0x0020,0x0841,0x0020,
0x10A2,0x0841,0x0020,0x0861,0x0841,0x0000,0x0841,0x0841,0x1082,0x1082,0x0861,0x0000,0x0020,0x0841,0x1082,0x1082,
0x1082,0x0841,0x0000,0x0020,0x0000,0x0841,0x0020,0x1082,0x0841,0x0020,0x0020,0x0841,0x0000,0x1082,0x0861,0x0020,
0x0841,0x0020,0x1082,0x18C3,0x0861,0x0000,0x10A2,0x2124,0x10A2,0x0020,0x0841,0x1082,0x1082,0x0861,0x0020,0x0020,
0x0861,0x0841,0x0861,0x10A2,0x18C3,0x18C3,0x0020,0x2124,0x31A6,0x3186,0x3186,0x2945,0x4A69,0x4228,0x4228,0x31A6,
0x31A6,0x3186,0x31A6,0x2104,0x2965,0x18E3,0x18C3,0x18E3,0x18C3,0x18E3,0x1082,0x18C3,0x2104,0x2104,0x10A2,0x10A2,
0x2945,0x2104,0x10A2,0x18C3,0x18C3,0x18C3,0x2965,0x2104,0x18E3,0x2104,0x2124,0x4A49,0x18E3,0x2104,0x2124,0x18E3,
0x1082,0x18E3,0x10A2,0x1082,0x39C7,0x2965,0x2945,0x2124,0x2104,0x10A2,0x10A2,0x18C3,0x2945,0x2124,0x18E3,0x0861,
0x18C3,0x2104,0x2124,0x2965,0x4208,0x39E7,0x18C3,0x10A2,0x10A2,0x2124,0x10A2,0x18C3,0x18C3,0x18E3,0x10A2,0x2104,
0x0861,0x2124,0x39C7,0x2124,0x4208,0x4208,0x4208,0x2945,0x10A2,0x2124,0x18C3,0x18C3,0x2965,0x10A2,0x2104,0x31A6,
0x4208,0x18E3,0x1082,0x2104,0x10A2,0x18C3,0x18C3,0x18E3,0x2124,0x18C3,0x1082,0x18E3,0x10A2,0x2104,0x31A6,0x3186,
0x2124,0x10A2,0x2124,0x2945,0x18E3,0x10A2,0x18E3,0x18E3,0x2104,0x2124,0x2965,0x6B4D,0x6B4D,0x31A6,0x2104,0x2945,
0x0841,0x10A2,0x18E3,0x0861,0x0841,0x0841,0x0841,0x1082,0x0841,0x0000,0x0861,0x0020,0x0861,0x0020,0x0841,0x0841,
0x0841,0x0020,0x0841,0x0861,0x0861,0x18C3,0x39E7,0x8430,0x8C51,0x39E7,0x18C3,0x0841,0x1082,0x0841,0x0020,0x0841,
0x0841,0x0841,0x0020,0x0020,0x0841,0x0020,0x0861,0x0020,0x0841,0x0841,0x0020,0x0020,0x0841,0x0841,0x0020,0x0841,
0x0841,0x0841,0x0020,0x0841,0x0841,0x0841,0x0000,0x0861,0x0020,0x0841,0x0841,0x0841,0x0020,0x0020,0x0841,0x0841,
0x0020,0x0841,0x0841,0x0841,0x0841,0x1082,0x18C3,0x2104,0x0861,0x0841,0x0861,0x0841,0x1082,0x0841,0x5ACB,0x2965,
0x0020,0x0841,0x0020,0x0020,0x0841,0x10A2,0x0020,0x0841,0x0841,0x0841,0x0841,0x0841,0x0861,0x0861,0x0020,0x0841,
0x18C3,0x18C3,0x0861,0x0861,0x0861,0x0861,0x0841,0x0020,0x1082,0x0841,0x0020,0x10A2,0x0861,0x0861,0x0020,0x10A2,
0x0020,0x0841,0x0841,0x0020,0x0841,0x0861,0x0841,0x0841,0x0841,0x0020,0x3186,0x10A2,0x0841,0x0020,0x0841,0x0020,
0x0841,0x0861,0x0000,0x0841,0x1082,0x18E3,0x0861,0x0000,0x0841,0x0020,0x0841,0x0841,0x0841,0x0841,0x1082,0x0020,
0x0000,0x0020,0x0841,0x0000,0x0861,0x0861,0x0020,0x2104,0x18C3,0x0020,0x0020,0x10A2,0x0000,0x0861,0x10A2,0x0861,
0x0020,0x18E3,0x18C3,0x0861,0x0841,0x0861,0x0000,0x0841,0x0020,0x0020,0x10A2,0x0841,0x0841,0x1082,0x1082,0x0861,
0x0841,0x0841,0x1082,0x0861,0x0020,0x0020,0x18C3,0x2104,0x0000,0x0861,0x0020,0x0841,0x1082,0x0841,0x0020,0x18C3,
0x0841,0x18C3,0x1082,0x0861,0x0861,0x18E3,0x1082,0x0861,0x18E3,0x18C3,0x39C7,0x39C7,0x2945,0x31A6,0x39E7,0x4208,
0x3186,0x2965,0x2965,0x31A6,0x2104,0x10A2,0x2945,0x10A2,0x18C3,0x18C3,0x1082,0x18C3,0x18E3,0x4A49,0x2124,0x2945,
0x2124,0x2945,0x18C3,0x18C3,0x18E3,0x10A2,0x2124,0x10A2,0x18C3,0x10A2,0x2104,0x5ACB,0x3186,0x39C7,0x2124,0x10A2,
0x10A2,0x18C3,0x18E3,0x0841,0x2104,0x31A6,0x2945,0x10A2,0x31A6,0x2124,0x2124,0x18C3,0x10A2,0x18C3,0x18E3,0x1082,
0x2104,0x18E3,0x2104,0x2945,0x2965,0x3186,0x2104,0x2945,0x2124,0x18C3,0x1082,0x10A2,0x10A2,0x18C3,0x18E3,0x0861,
0x10A2,0x1082,0x0841,0x31A6,0x4228,0x4208,0x3186,0x31A6,0x2945,0x2104,0x18C3,0x18C3,0x1082,0x0861,0x18E3,0x2104,
0x2124,0x18C3,0x18C3,0x18E3,0x18E3,0x18E3,0x18C3,0x2124,0x2945,0x2104,0x10A2,0x2124,0x18E3,0x3186,0x31A6,0x31A6,
0x2104,0x2945,0x2124,0x10A2,0x10A2,0x18C3,0x18C3,0x18E3,0x2124,0x2124,0x2104,0x6B6D,0x632C,0x18E3,0x2945,0x2124,
0x0020,0x0841,0x0861,0x0020,0x0841,0x1082,0x0841,0x0020,0x0861,0x10A2,0x0020,0x0841,0x2124,0x4208,0x0020,0x0020,
0x0841,0x0020,0x0020,0x0861,0x0861,0x10A2,0x31A6,0x8C51,0x8C51,0x31A6,0x10A2,0x0841,0x1082,0x0841,0x0841,0x0020,
0x0841,0x0020,0x0841,0x0841,0x0841,0x0020,0x0841,0x0841,0x0020,0x0841,0x0841,0x0020,0x0841,0x0841,0x0020,0x0841,
0x0020,0x0861,0x0861,0x0841,0x0000,0x0841,0x0020,0x0020,0x0020,0x0841,0x0841,0x0841,0x0841,0x0841,0x0841,0x0841,
0x0020,0x0841,0x0861,0x10A2,0x0841,0x0841,0x0841,0x0861,0x0841,0x0000,0x0861,0x0841,0x10A2,0x0861,0x31A6,0x2965,
0x18C3,0x0000,0x0841,0x0861,0x0000,0x0020,0x0841,0x0841,0x0841,0x0000,0x0841,0x2104,0x0000,0x0861,0x0861,0x0000,
0x0841,0x0000,0x0861,0x0841,0x0000,0x0020,0x2945,0x2104,0x0841,0x0861,0x0020,0x0020,0x0020,0x0020,0x10A2,0x0861,
0x0841,0x0841,0x0841,0x0000,0x0861,0x1082,0x0000,0x0841,0x0841,0x0020,0x0861,0x0841,0x0020,0x0861,0x0020,0x1082,
0x0020,0x0861,0x0841,0x0000,0x0020,0x0861,0x0861,0x0841,0x0020,0x0841,0x0841,0x0000,0x0020,0x0020,0x1082,0x0020,
0x0861,0x0841,0x0861,0x0000,0x0020,0x0020,0x18E3,0x630C,0x18C3,0x0000,0x0020,0x18C3,0x0861,0x10A2,0x0020,0x0861,
0x0020,0x18C3,0x10A2,0x0020,0x0841,0x1082,0x0000,0x0861,0x0841,0x0841,0x18C3,0x0861,0x0861,0x0841,0x0020,0x0020,
0x1082,0x1082,0x0861,0x0841,0x0020,0x0841,0x0841,0x0841,0x10A2,0x0841,0x0841,0x0841,0x0020,0x0020,0x1082,0x10A2,
0x0020,0x1082,0x1082,0x0861,0x1082,0x0020,0x1082,0x10A2,0x18C3,0x18E3,0x2124,0x2124,0x2104,0x31A6,0x39C7,0x39E7,
0x4A49,0x18E3,0x2945,0x31A6,0x18C3,0x31A6,0x2124,0x18C3,0x18C3,0x2104,0x18C3,0x10A2,0x18C3,0x18E3,0x18E3,0x1082,
0x18C3,0x2104,0x2104,0x18C3,0x18E3,0x18C3,0x18E3,0x10A2,0x18E3,0x2124,0x2124,0x10A2,0x2124,0x3186,0x10A2,0x18C3,
0x18E3,0x18C3,0x18C3,0x2104,0x2124,0x2124,0x18C3,0x2965,0x10A2,0x2124,0x39C7,0x18C3,0x10A2,0x2104,0x18E3,0x18C3,
0x10A2,0x10A2,0x2124,0x2124,0x2104,0x3186,0x39C7,0x18E3,0x18C3,0x18C3,0x1082,0x0841,0x10A2,0x0861,0x10A2,0x18E3,
0x1082,0x18C3,0x2104,0x4228,0x4228,0x4208,0x3186,0x3186,0x2104,0x2124,0x2124,0x10A2,0x18C3,0x18E3,0x1082,0x18C3,
0x1082,0x0841,0x2104,0x2124,0x10A2,0x18C3,0x2124,0x2124,0x2124,0x2124,0x18E3,0x2124,0x2104,0x39C7,0x2965,0x2124,
0x39C7,0x18C3,0x1082,0x31A6,0x2965,0x18E3,0x1082,0x18C3,0x2124,0x2104,0x2124,0x2945,0x2124,0x2124,0x39C7,0x2104,
0x0841,0x0861,0x1082,0x0861,0x18C3,0x2124,0x18C3,0x1082,0x31A6,0x2104,0x0841,0x0841,0x18C3,0x0020,0x0841,0x0020,
0x0020,0x0861,0x0841,0x0000,0x1082,0x2104,0x10A2,0x3186,0x31A6,0x1082,0x18E3,0x0861,0x0020,0x0020,0x0861,0x0020,
0x0841,0x0841,0x18E3,0x0861,0x0841,0x0841,0x0020,0x0020,0x0020,0x0841,0x0841,0x0020,0x0020,0x0841,0x0020,0x0841,
0x0020,0x0020,0x10A2,0x0020,0x0841,0x0020,0x0861,0x0020,0x0861,0x0020,0x0000,0x0020,0x0861,0x1082,0x0861,0x0841,
0x0841,0x0020,0x1082,0x2124,0x0861,0x0020,0x0841,0x18C3,0x1082,0x0841,0x0861,0x0020,0x0841,0x0020,0x3186,0x31A6,
0x0020,0x1082,0x0841,0x0841,0x0841,0x0841,0x18C3,0x1082,0x0861,0x0020,0x0841,0x1082,0x0020,0x0020,0x0020,0x0841,
0x0020,0x0841,0x0841,0x0000,0x528A,0x10A2,0x0000,0x0861,0x0841,0x0020,0x0841,0x0861,0x0000,0x0861,0x0020,0x0841,
0x0020,0x0841,0x0841,0x0841,0x18C3,0x18C3,0x0000,0x0841,0x0841,0x0841,0x0020,0x0841,0x1082,0x0861,0x1082,0x0020,
0x1082,0x10A2,0x1082,0x0841,0x0841,0x0020,0x0841,0x0020,0x0861,0x0000,0x18E3,0x1082,0x0020,0x10A2,0x0841,0x1082,
0x0841,0x0861,0x0861,0x0861,0x0841,0x0841,0x1082,0x10A2,0x0020,0x0841,0x10A2,0x0020,0x0861,0x1082,0x0861,0x39C7,
0x31A6,0x0861,0x0020,0x10A2,0x0841,0x0841,0x0020,0x1082,0x0841,0x0020,0x0841,0x0841,0x0841,0x10A2,0x0841,0x1082,
0x0861,0x0020,0x0861,0x0000,0x10A2,0x0000,0x1082,0x1082,0x0841,0x0020,0x0861,0x0020,0x18E3,0x10A2,0x0861,0x10A2,
0x0841,0x0020,0x0861,0x0841,0x1082,0x0841,0x0841,0x0020,0x10A2,0x18E3,0x18C3,0x18C3,0x2945,0x2104,0x2965,0x39C7,
0x52AA,0x31A6,0x2104,0x31A6,0x3186,0x4A49,0x18E3,0x2124,0x18C3,0x18C3,0x18C3,0x2104,0x10A2,0x18E3,0x10A2,0x18E3,
0x2104,0x2945,0x2945,0x10A2,0x18C3,0x18C3,0x10A2,0x18E3,0x18C3,0x2124,0x31A6,0x3186,0x3186,0x2104,0x31A6,0x3186,
0x18C3,0x18C3,0x18E3,0x2104,0x2945,0x2104,0x39C7,0x2104,0x2945,0x10A2,0x2124,0x2124,0x2945,0x2124,0x10A2,0x18E3,
0x2945,0x2104,0x2124,0x2945,0x3186,0x2104,0x31A6,0x31A6,0x18C3,0x1082,0x1082,0x2104,0x0861,0x10A2,0x18E3,0x10A2,
0x18C3,0x18C3,0x2945,0x2965,0x4228,0x31A6,0x4208,0x31A6,0x3186,0x2945,0x10A2,0x18C3,0x18C3,0x0861,0x18E3,0x1082,
0x18C3,0x18C3,0x18E3,0x1082,0x18E3,0x18C3,0x18C3,0x2124,0x3186,0x2124,0x18C3,0x2124,0x2124,0x31A6,0x2124,0x2124,
0x18E3,0x2945,0x2945,0x2104,0x10A2,0x10A2,0x2104,0x2104,0x3186,0x2945,0x18E3,0x1082,0x2124,0x2124,0x2104,0x2124,
0x0841,0x0841,0x0861,0x18C3,0x4208,0x8C51,0x4A69,0x18C3,0x1082,0x0841,0x0000,0x0841,0x0841,0x0841,0x0000,0x0841,
0x0861,0x0020,0x0020,0x0020,0x0841,0x0020,0x0020,0x1082,0x10A2,0x0861,0x0020,0x0020,0x0841,0x0841,0x0841,0x0841,
0x0841,0x10A2,0x2124,0x18C3,0x18E3,0x0020,0x0841,0x1082,0x1082,0x0841,0x0841,0x0841,0x0841,0x0020,0x0841,0x0841,
0x0861,0x0000,0x31A6,0x0841,0x0020,0x0020,0x0841,0x0020,0x0861,0x0020,0x0020,0x0861,0x0020,0x0861,0x0841,0x0020,
0x0020,0x10A2,0x10A2,0x0000,0x0841,0x1082,0x10A2,0x0841,0x0841,0x0841,0x18C3,0x31A6,0x0020,0x0020,0x0020,0x0841,
0x0020,0x0861,0x0861,0x0841,0x0020,0x0841,0x0861,0x1082,0x0861,0x0841,0x1082,0x1082,0x0841,0x0020,0x0841,0x1082,
0x0861,0x0841,0x0020,0x0861,0x31A6,0x10A2,0x0000,0x10A2,0x18E3,0x18C3,0x0841,0x0861,0x0020,0x0020,0x0841,0x0841,
0x0841,0x0841,0x0841,0x0841,0x0841,0x0841,0x0841,0x0020,0x0020,0x0020,0x0020,0x0861,0x1082,0x2945,0x0000,0x10A2,
0x0841,0x10A2,0x0841,0x0020,0x0841,0x10A2,0x0841,0x18C3,0x0861,0x10A2,0x18C3,0x1082,0x0020,0x0020,0x0861,0x0020,
0x0841,0x0000,0x0841,0x1082,0x0841,0x0841,0x0841,0x0020,0x1082,0x0841,0x0841,0x2945,0x1082,0x0020,0x1082,0x6B4D,
0x6B4D,0x2124,0x1082,0x0841,0x0841,0x0020,0x0020,0x0841,0x0841,0x0841,0x0020,0x10A2,0x18C3,0x0861,0x0841,0x0841,
0x0861,0x0020,0x0841,0x0020,0x1082,0x0841,0x10A2,0x18C3,0x0841,0x0841,0x0861,0x1082,0x0020,0x0861,0x0000,0x0020,
0x0020,0x0841,0x10A2,0x0000,0x0841,0x0841,0x18E3,0x0861,0x0861,0x10A2,0x18C3,0x2945,0x2124,0x18E3,0x2965,0x2965,
0x39E7,0x4A49,0x528A,0x4208,0x2104,0x2104,0x2945,0x18C3,0x2945,0x18E3,0x18C3,0x0861,0x18E3,0x2104,0x1082,0x2945,
0x2124,0x10A2,0x18C3,0x2104,0x18C3,0x2124,0x18E3,0x18E3,0x18C3,0x18C3,0x31A6,0x2945,0x18E3,0x2104,0x31A6,0x4228,
0x18E3,0x10A2,0x18E3,0x10A2,0x2945,0x2124,0x3186,0x31A6,0x2124,0x3186,0x2124,0x2104,0x31A6,0x2124,0x2124,0x18C3,
0x18E3,0x18E3,0x52AA,0x632C,0x3186,0x2945,0x18E3,0x39C7,0x2945,0x1082,0x18E3,0x18C3,0x0861,0x1082,0x18C3,0x2124,
0x2945,0x2124,0x2104,0x18C3,0x2104,0x31A6,0x3186,0x31A6,0x31A6,0x18C3,0x2945,0x10A2,0x18E3,0x18C3,0x0861,0x10A2,
0x18C3,0x2965,0x2104,0x18E3,0x2104,0x18C3,0x2965,0x2104,0x2104,0x2945,0x2104,0x2104,0x2124,0x3186,0x3186,0x2124,
0x2124,0x2124,0x2104,0x4228,0x18C3,0x2124,0x10A2,0x18C3,0x2124,0x31A6,0x18C3,0x2945,0x2124,0x18E3,0x2124,0x2945,
0x0841,0x0861,0x18E3,0x18C3,0x528A,0x8C51,0x5AEB,0x18C3,0x1082,0x0020,0x0861,0x10A2,0x0020,0x0020,0x0861,0x0841,
0x0841,0x0000,0x0020,0x0861,0x0841,0x0000,0x1082,0x0020,0x0841,0x0841,0x0020,0x0841,0x0841,0x0020,0x0020,0x0020,
0x0020,0x0841,0x0861,0x0020,0x0861,0x0020,0x0020,0x0841,0x0020,0x0841,0x0861,0x0020,0x0020,0x0841,0x0861,0x0020,
0x0841,0x0861,0x0000,0x0020,0x0841,0x0861,0x0020,0x0841,0x0000,0x0861,0x0020,0x0000,0x0841,0x0861,0x0000,0x18C3,
0x2124,0x2104,0x2104,0x2104,0x18C3,0x1082,0x0020,0x0000,0x0841,0x0841,0x0861,0x10A2,0x1082,0x0841,0x0020,0x1082,
0x0841,0x0841,0x0841,0x0841,0x0861,0x1082,0x0861,0x0841,0x0861,0x0841,0x0861,0x2104,0x0861,0x0841,0x0000,0x0861,
0x0020,0x0841,0x0841,0x18C3,0x0841,0x0000,0x1082,0x10A2,0x0861,0x0841,0x0000,0x0841,0x0841,0x0020,0x0841,0x0000,
0x0020,0x0861,0x0020,0x0841,0x0841,0x0841,0x0861,0x2945,0x18C3,0x0861,0x1082,0x1082,0x0841,0x0020,0x0861,0x0020,
0x10A2,0x1082,0x0000,0x1082,0x0000,0x0000,0x1082,0x2945,0x1082,0x0841,0x1082,0x0020,0x10A2,0x0841,0x0020,0x0020,
0x0861,0x0020,0x0841,0x1082,0x0861,0x0861,0x0861,0x0841,0x1082,0x0020,0x0841,0x10A2,0x2124,0x18E3,0x1082,0x2124,
0x2124,0x0861,0x0861,0x0000,0x0020,0x0861,0x0020,0x0841,0x0020,0x0841,0x0861,0x0861,0x0841,0x0841,0x1082,0x0020,
0x0000,0x0020,0x1082,0x10A2,0x1082,0x0020,0x0020,0x0841,0x0020,0x0020,0x0861,0x0841,0x0000,0x0841,0x0841,0x0861,
0x0861,0x0020,0x0841,0x1082,0x0020,0x0841,0x1082,0x10A2,0x0841,0x1082,0x10A2,0x10A2,0x18E3,0x31A6,0x31A6,0x31A6,
0x4A69,0x2945,0x4228,0x4A49,0x2945,0x18E3,0x2104,0x2124,0x2104,0x2124,0x4A69,0x4A49,0x2945,0x18E3,0x31A6,0x3186,
0x2104,0x10A2,0x18E3,0x2124,0x10A2,0x2965,0x4A49,0x10A2,0x2104,0x31A6,0x31A6,0x18E3,0x2945,0x2104,0x2124,0x18E3,
0x2104,0x2945,0x18C3,0x2124,0x2124,0x2124,0x31A6,0x3186,0x2945,0x2124,0x2104,0x39C7,0x31A6,0x2945,0x2124,0x18E3,
0x18C3,0x2945,0x738E,0x632C,0x31A6,0x2124,0x2945,0x2124,0x18E3,0x18E3,0x2124,0x2124,0x10A2,0x18E3,0x1082,0x2945,
0x2945,0x2104,0x39C7,0x39C7,0x2124,0x4A49,0x2965,0x3186,0x2124,0x1082,0x18E3,0x18E3,0x18E3,0x0861,0x18E3,0x0861,
0x18E3,0x2104,0x4208,0x528A,0x31A6,0x3186,0x10A2,0x18E3,0x2124,0x2124,0x2124,0x10A2,0x2124,0x2124,0x31A6,0x2124,
0x18E3,0x31A6,0x2124,0x2124,0x18E3,0x10A2,0x18C3,0x2945,0x2124,0x39C7,0x1082,0x2124,0x2104,0x18E3,0x2945,0x18C3,
0x0020,0x0000,0x1082,0x0861,0x2124,0x3186,0x2104,0x0861,0x1082,0x1082,0x0841,0x0000,0x0841,0x0020,0x0020,0x0841,
0x0000,0x0861,0x0861,0x0841,0x0000,0x0861,0x0020,0x0841,0x0020,0x0020,0x0841,0x0841,0x0841,0x0020,0x0020,0x0841,
0x0841,0x0861,0x0020,0x0020,0x0020,0x0861,0x0841,0x0841,0x0020,0x0000,0x0020,0x0841,0x0861,0x0020,0x0020,0x0020,
0x0000,0x0861,0x0000,0x0841,0x0841,0x0020,0x0841,0x0841,0x18C3,0x0841,0x0000,0x0841,0x0841,0x0841,0x0841,0x18C3,
0x4A49,0x8410,0x6B6D,0x2945,0x10A2,0x10A2,0x1082,0x2104,0x0861,0x0020,0x0020,0x0020,0x0841,0x0841,0x0841,0x0841,
0x0020,0x0020,0x0841,0x0841,0x0020,0x0020,0x0841,0x0841,0x0841,0x0000,0x0861,0x10A2,0x10A2,0x0020,0x0020,0x0841,
0x0861,0x18C3,0x0020,0x0000,0x0861,0x0841,0x0020,0x1082,0x1082,0x0861,0x0861,0x0841,0x0861,0x0841,0x10A2,0x10A2,
0x10A2,0x0841,0x0841,0x2124,0x0861,0x0000,0x0020,0x2945,0x18C3,0x0020,0x0020,0x0841,0x0861,0x0841,0x18E3,0x1082,
0x0020,0x0020,0x0861,0x0841,0x0020,0x10A2,0x1082,0x1082,0x18E3,0x5AEB,0x3186,0x1082,0x0861,0x0000,0x0020,0x0861,
0x0020,0x0841,0x1082,0x10A2,0x0841,0x0841,0x1082,0x1082,0x0020,0x10A2,0x0841,0x0861,0x18E3,0x18C3,0x2104,0x0861,
0x0841,0x0841,0x10A2,0x1082,0x0020,0x0841,0x0020,0x0841,0x0841,0x0841,0x0841,0x0841,0x10A2,0x0020,0x0020,0x0841,
0x0841,0x0861,0x0841,0x1082,0x0020,0x0841,0x0020,0x1082,0x2965,0x0841,0x0020,0x0861,0x10A2,0x1082,0x0841,0x0020,
0x0000,0x0861,0x2124,0x31A6,0x0861,0x0841,0x0000,0x10A2,0x0020,0x0841,0x2124,0x2124,0x2124,0x39C7,0x2965,0x52AA,
0x52AA,0x3186,0x2945,0x2124,0x2104,0x2104,0x2104,0x31A6,0x2124,0x18C3,0x2965,0x4A49,0x18C3,0x3186,0x7BCF,0x18E3,
0x18E3,0x1082,0x18C3,0x18C3,0x2104,0x10A2,0x18C3,0x18C3,0x2124,0x3186,0x2104,0x2124,0x31A6,0x2945,0x3186,0x3186,
0x2124,0x2124,0x18E3,0x2104,0x2124,0x18E3,0x31A6,0x3186,0x2965,0x2945,0x2945,0x3186,0x4228,0x3186,0x2124,0x2104,
0x2104,0x2124,0x2104,0x2104,0x2124,0x3186,0x18C3,0x18E3,0x2124,0x3186,0x2945,0x2945,0x2124,0x1082,0x3186,0x2104,
0x39C7,0x2124,0x2124,0x2104,0x2104,0x2124,0x31A6,0x3186,0x2945,0x2124,0x2124,0x1082,0x18C3,0x1082,0x0861,0x2945,
0x31A6,0x39E7,0x6B6D,0x9492,0x39E7,0x2124,0x2945,0x10A2,0x18C3,0x2945,0x2965,0x2945,0x2124,0x2104,0x2124,0x2104,
0x2945,0x4228,0x2104,0x2124,0x2104,0x18C3,0x2945,0x10A2,0x4A49,0x31A6,0x18E3,0x18E3,0x10A2,0x2104,0x2124,0x2945,
0x18C3,0x0020,0x0000,0x0861,0x0861,0x0841,0x0841,0x18C3,0x1082,0x0841,0x1082,0x0861,0x0841,0x0020,0x0861,0x0020,
0x0861,0x18E3,0x0020,0x0000,0x0841,0x0841,0x0020,0x1082,0x0841,0x0841,0x0841,0x0841,0x0841,0x0020,0x0841,0x0841,
0x0020,0x0841,0x0841,0x0841,0x0020,0x0841,0x0020,0x0841,0x2945,0x1082,0x0020,0x0020,0x0841,0x0000,0x0841,0x0861,
0x0841,0x0020,0x1082,0x0020,0x0861,0x0841,0x0841,0x0861,0x0861,0x1082,0x0861,0x0000,0x0020,0x0020,0x0020,0x18E3,
0x2945,0x8430,0x8C71,0x2965,0x18E3,0x1082,0x0861,0x0861,0x0020,0x0841,0x1082,0x18C3,0x0841,0x0841,0x0861,0x1082,
0x10A2,0x0020,0x0020,0x0841,0x0020,0x0841,0x0861,0x0020,0x0841,0x0020,0x0841,0x0000,0x0861,0x0000,0x1082,0x0861,
0x0841,0x0000,0x31A6,0x2945,0x0020,0x0841,0x10A2,0x0861,0x0841,0x0020,0x0020,0x0020,0x0841,0x0020,0x0841,0x0841,
0x0020,0x0020,0x0861,0x10A2,0x0000,0x0861,0x1082,0x0020,0x10A2,0x1082,0x0841,0x0020,0x0020,0x0020,0x0000,0x1082,
0x0841,0x2104,0x0861,0x1082,0x0861,0x0861,0x0000,0x0841,0x18E3,0x6B6D,0x2965,0x0861,0x0841,0x0020,0x0841,0x0841,
0x0000,0x0841,0x1082,0x0861,0x0020,0x0020,0x0861,0x1082,0x0020,0x1082,0x0841,0x0841,0x0841,0x1082,0x18C3,0x0861,
0x0861,0x0000,0x0861,0x18C3,0x0020,0x0020,0x0841,0x1082,0x1082,0x0020,0x0020,0x0841,0x18E3,0x0020,0x0841,0x0841,
0x0861,0x0841,0x0000,0x0861,0x0020,0x0841,0x0020,0x0841,0x18E3,0x0020,0x0841,0x0861,0x0861,0x0000,0x0841,0x0841,
0x0841,0x0020,0x18E3,0x18C3,0x0020,0x1082,0x0841,0x0000,0x10A2,0x2124,0x1082,0x2124,0x3186,0x18E3,0x4A69,0x2965,
0x39E7,0x39C7,0x18E3,0x10A2,0x18E3,0x18E3,0x2104,0x2104,0x2945,0x39E7,0x10A2,0x10A2,0x2965,0x3186,0x18C3,0x2945,
0x2124,0x2965,0x2124,0x2124,0x2945,0x10A2,0x2104,0x10A2,0x18C3,0x18E3,0x2104,0x2104,0x4A49,0x3186,0x18E3,0x3186,
0x2124,0x18E3,0x2965,0x2104,0x2124,0x2124,0x2965,0x3186,0x39C7,0x2124,0x18E3,0x2124,0x4A49,0x3186,0x2104,0x2124,
0x3186,0x18C3,0x18C3,0x18C3,0x2124,0x2945,0x2945,0x10A2,0x2124,0x31A6,0x10A2,0x1082,0x2945,0x2945,0x18E3,0x10A2,
0x2104,0x2124,0x2124,0x18C3,0x10A2,0x2124,0x18C3,0x31A6,0x2104,0x2945,0x2124,0x2945,0x18E3,0x1082,0x18E3,0x2104,
0x39E7,0x9492,0x630C,0x39E7,0x39C7,0x2104,0x2124,0x18E3,0x2124,0x2965,0x31A6,0x2104,0x2124,0x10A2,0x2965,0x2124,
0x2124,0x2104,0x39C7,0x18E3,0x2945,0x2104,0x2945,0x10A2,0x2124,0x1082,0x2965,0x31A6,0x2124,0x2965,0x18C3,0x2124,
0x0861,0x0841,0x0000,0x0861,0x0841,0x0861,0x0841,0x0861,0x1082,0x0020,0x0841,0x0020,0x0020,0x0841,0x0861,0x0020,
0x0861,0x0861,0x4A49,0x39E7,0x0841,0x0020,0x18E3,0x10A2,0x0841,0x0841,0x0020,0x0020,0x0020,0x0020,0x0841,0x0020,
0x0020,0x0020,0x0841,0x0841,0x0841,0x0020,0x0841,0x0020,0x0020,0x0020,0x0841,0x0020,0x0841,0x0841,0x0841,0x0000,
0x0841,0x0841,0x0020,0x0020,0x0841,0x0861,0x0000,0x31A6,0x6B4D,0x2965,0x0841,0x0000,0x0841,0x0841,0x0841,0x10A2,
0x2945,0x3186,0x39E7,0x2124,0x2104,0x0020,0x0861,0x10A2,0x0861,0x10A2,0x0861,0x1082,0x1082,0x10A2,0x0861,0x18C3,
0x10A2,0x0841,0x0841,0x0841,0x0020,0x0841,0x0861,0x0020,0x0841,0x0861,0x0020,0x0841,0x0020,0x0020,0x0841,0x0841,
0x0841,0x0000,0x2104,0x18C3,0x1082,0x10A2,0x10A2,0x10A2,0x1082,0x0841,0x0020,0x0861,0x0861,0x1082,0x0841,0x0020,
0x0020,0x0020,0x0000,0x0020,0x0841,0x0841,0x0020,0x0841,0x0861,0x1082,0x0020,0x0020,0x0861,0x10A2,0x0020,0x18C3,
0x1082,0x18E3,0x738E,0x18E3,0x1082,0x0841,0x2945,0x18C3,0x10A2,0x1082,0x1082,0x1082,0x0861,0x0841,0x0020,0x0020,
0x0841,0x0841,0x0841,0x0841,0x0841,0x0861,0x0861,0x0841,0x0841,0x0020,0x1082,0x0020,0x0841,0x1082,0x1082,0x18C3,
0x1082,0x0841,0x0020,0x0861,0x0020,0x0861,0x0020,0x0841,0x10A2,0x0000,0x1082,0x0861,0x0020,0x1082,0x2945,0x0020,
0x1082,0x0861,0x0841,0x0861,0x0861,0x0861,0x0020,0x0000,0x0841,0x0841,0x10A2,0x0000,0x0841,0x0861,0x18C3,0x0020,
0x10A2,0x0020,0x1082,0x0020,0x1082,0x2965,0x2124,0x0841,0x0841,0x4A49,0x18E3,0x3186,0x6B6D,0x31A6,0x4208,0x39C7,
0x3186,0x3186,0x2124,0x2124,0x18C3,0x10A2,0x2104,0x18C3,0x18C3,0x2124,0x2965,0x3186,0x2104,0x31A6,0x2945,0x2104,
0x18C3,0x18C3,0x2124,0x1082,0x18C3,0x2945,0x10A2,0x18E3,0x10A2,0x18E3,0x2104,0x31A6,0x5ACB,0x39E7,0x73AE,0x4208,
0x2124,0x2104,0x2124,0x2124,0x10A2,0x2124,0x2104,0x3186,0x2945,0x31A6,0x39C7,0x3186,0x3186,0x4228,0x31A6,0x10A2,
0x2945,0x18C3,0x2104,0x18E3,0x10A2,0x10A2,0x2945,0x18C3,0x10A2,0x2945,0x2104,0x2945,0x2124,0x2124,0x2124,0x1082,
0x18C3,0x2965,0x3186,0x2124,0x2965,0x31A6,0x2104,0x2124,0x2104,0x2965,0x39C7,0x2104,0x10A2,0x0861,0x18E3,0x2945,
0x4208,0x738E,0x528A,0x2104,0x2124,0x2104,0x2104,0x2124,0x2104,0x2945,0x2124,0x31A6,0x3186,0x31A6,0x2965,0x2124,
0x2104,0x2124,0x2104,0x2104,0x2104,0x3186,0x2104,0x18E3,0x18C3,0x18C3,0x2104,0x2945,0x18E3,0x2124,0x2124,0x18E3,
0x0020,0x0861,0x18C3,0x1082,0x0841,0x0020,0x0020,0x0020,0x0841,0x0861,0x0020,0x0000,0x0861,0x0841,0x0020,0x0841,
0x4208,0x738E,0x4A69,0x18E3,0x0020,0x0861,0x0000,0x0841,0x0020,0x0841,0x0020,0x0841,0x0841,0x0841,0x0841,0x0020,
0x0861,0x0020,0x0841,0x0020,0x0841,0x0020,0x0861,0x0841,0x0020,0x0020,0x0841,0x0020,0x0020,0x0841,0x10A2,0x10A2,
0x0000,0x0861,0x0020,0x0861,0x0000,0x0861,0x10A2,0x31A6,0x8C71,0x2965,0x0841,0x0841,0x0841,0x0841,0x1082,0x0020,
0x0020,0x1082,0x1082,0x0020,0x0020,0x1082,0x10A2,0x0861,0x18C3,0x18E3,0x31A6,0x4208,0x3186,0x18C3,0x1082,0x0861,
0x0020,0x0020,0x0861,0x0861,0x0000,0x0000,0x0841,0x0841,0x0020,0x0841,0x0020,0x1082,0x10A2,0x0020,0x0020,0x0020,
0x0020,0x1082,0x0020,0x0000,0x18E3,0x6B6D,0x6B6D,0x2104,0x0861,0x0841,0x0841,0x0861,0x0020,0x0841,0x0020,0x0861,
0x0841,0x1082,0x1082,0x0020,0x0020,0x0861,0x1082,0x0020,0x0020,0x0020,0x0020,0x0841,0x0020,0x0020,0x0861,0x0020,
0x0841,0x10A2,0x3186,0x18C3,0x2945,0x10A2,0x10A2,0x0861,0x0841,0x0000,0x0861,0x10A2,0x0861,0x0861,0x0861,0x0020,
0x0841,0x0841,0x0020,0x0841,0x0841,0x0841,0x0841,0x0020,0x0020,0x0861,0x0861,0x0861,0x18C3,0x0020,0x10A2,0x1082,
0x0020,0x18E3,0x10A2,0x0020,0x0020,0x0861,0x0020,0x0020,0x0841,0x0841,0x18C3,0x0861,0x0000,0x1082,0x2945,0x0020,
0x10A2,0x1082,0x1082,0x0841,0x0861,0x0020,0x0841,0x0861,0x0841,0x18C3,0x2124,0x0861,0x0841,0x0020,0x18C3,0x10A2,
0x0020,0x0020,0x0861,0x0841,0x0861,0x18E3,0x10A2,0x0841,0x10A2,0x0841,0x2124,0x2965,0x6B6D,0x4228,0x3186,0x3186,
0x31A6,0x3186,0x2945,0x10A2,0x10A2,0x18E3,0x18C3,0x18E3,0x10A2,0x18C3,0x10A2,0x3186,0x31A6,0x1082,0x18E3,0x18C3,
0x10A2,0x18C3,0x18E3,0x18C3,0x18E3,0x10A2,0x1082,0x2945,0x18E3,0x1082,0x2124,0x2945,0x18E3,0x3186,0x52AA,0x2965,
0x10A2,0x2104,0x2104,0x2124,0x2945,0x2104,0x2104,0x2124,0x3186,0x2965,0x2965,0x3186,0x2965,0x2104,0x2124,0x31A6,
0x2104,0x18E3,0x18C3,0x2945,0x2124,0x2945,0x18E3,0x18E3,0x18C3,0x2104,0x52AA,0x2965,0x3186,0x31A6,0x1082,0x3186,
0x2104,0x18E3,0x2104,0x18E3,0x2945,0x10A2,0x2104,0x10A2,0x2124,0x39E7,0x18C3,0x18C3,0x39E7,0x1082,0x31A6,0x10A2,
0x2104,0x2945,0x31A6,0x2965,0x18C3,0x10A2,0x1082,0x2124,0x2945,0x2124,0x2124,0x2124,0x31A6,0x3186,0x39C7,0x3186,
0x39C7,0x10A2,0x2965,0x18C3,0x2124,0x39C7,0x18E3,0x18E3,0x2124,0x18E3,0x2104,0x2124,0x2124,0x2104,0x18C3,0x10A2,
0x0841,0x0020,0x10A2,0x0841,0x0861,0x0841,0x0841,0x0020,0x0000,0x0020,0x18E3,0x2945,0x0861,0x0020,0x0841,0x0020,
0x18E3,0x73AE,0x1082,0x0861,0x0020,0x0000,0x0861,0x0020,0x0020,0x0841,0x0841,0x0841,0x0841,0x0861,0x0841,0x0020,
0x0841,0x0020,0x0020,0x0861,0x0020,0x0020,0x0020,0x0841,0x0841,0x0841,0x0861,0x0861,0x0841,0x0000,0x0020,0x0020,
0x0861,0x0020,0x0020,0x0841,0x0020,0x1082,0x2124,0x0861,0x0841,0x10A2,0x18C3,0x0020,0x0020,0x0020,0x0841,0x0861,
0x0841,0x0861,0x0841,0x0841,0x0841,0x0020,0x0841,0x18E3,0x0861,0x2124,0x6B6D,0x8C71,0x4A69,0x18E3,0x10A2,0x0861,
0x0841,0x0841,0x0020,0x0841,0x0861,0x1082,0x0861,0x0020,0x0020,0x0841,0x0841,0x0861,0x18C3,0x0020,0x0841,0x0841,
0x0020,0x0841,0x0020,0x2104,0x2104,0x39E7,0x39E7,0x10A2,0x0020,0x0020,0x10A2,0x10A2,0x0841,0x0841,0x0020,0x0841,
0x0841,0x0000,0x0020,0x1082,0x0020,0x0841,0x1082,0x10A2,0x0841,0x0841,0x2124,0x18C3,0x0020,0x0000,0x18E3,0x10A2,
0x0841,0x18C3,0x2104,0x0020,0x0861,0x0861,0x0841,0x0841,0x0000,0x18C3,0x0000,0x0020,0x0841,0x10A2,0x10A2,0x0020,
0x0841,0x0841,0x0841,0x0841,0x0841,0x0020,0x0020,0x0841,0x0861,0x1082,0x0020,0x1082,0x2104,0x0841,0x18C3,0x18C3,
0x10A2,0x18C3,0x10A2,0x0020,0x0020,0x0841,0x0861,0x0841,0x0020,0x0861,0x1082,0x0861,0x0861,0x0841,0x0861,0x0841,
0x0020,0x0020,0x0841,0x0841,0x0841,0x0020,0x0020,0x0841,0x0841,0x0841,0x0020,0x0000,0x1082,0x0841,0x0861,0x0841,
0x0841,0x0841,0x0020,0x0020,0x0841,0x0861,0x0841,0x0861,0x0841,0x18E3,0x1082,0x2124,0x10A2,0x2945,0x18C3,0x2945,
0x2104,0x3186,0x2124,0x10A2,0x2104,0x2104,0x10A2,0x10A2,0x18C3,0x1082,0x2124,0x2124,0x2124,0x18E3,0x2124,0x2124,
0x2104,0x1082,0x31A6,0x2124,0x10A2,0x18C3,0x18E3,0x2124,0x10A2,0x2965,0x2104,0x2124,0x2124,0x2945,0x18E3,0x2945,
0x2945,0x2124,0x2104,0x1082,0x2965,0x2124,0x3186,0x39C7,0x2124,0x3186,0x39C7,0x4208,0x5ACB,0x2945,0x2104,0x2945,
0x39C7,0x18E3,0x2945,0x2124,0x2104,0x2104,0x2965,0x2124,0x2124,0x18E3,0x3186,0x31A6,0x2104,0x31A6,0x2104,0x2104,
0x2945,0x18E3,0x2965,0x2965,0x2104,0x18E3,0x1082,0x2965,0x2124,0x2104,0x2945,0x2124,0x2104,0x10A2,0x4A49,0x4208,
0x2104,0x2124,0x2104,0x18E3,0x1082,0x2945,0x2965,0x2124,0x2104,0x2124,0x2124,0x3186,0x3186,0x2965,0x2965,0x2965,
0x2104,0x2104,0x2104,0x2965,0x10A2,0x2124,0x2124,0x18E3,0x2124,0x10A2,0x18C3,0x2104,0x2945,0x2124,0x10A2,0x2104,
0x0841,0x0841,0x10A2,0x0020,0x0020,0x0841,0x0841,0x0841,0x0861,0x0841,0x0000,0x0861,0x1082,0x0861,0x0020,0x0841,
0x1082,0x0861,0x0020,0x10A2,0x18E3,0x0841,0x0020,0x0841,0x0020,0x0841,0x0841,0x0020,0x0020,0x0841,0x0841,0x0020,
0x0841,0x0841,0x0841,0x18E3,0x0841,0x0841,0x0020,0x0841,0x0020,0x0841,0x0861,0x0020,0x0841,0x1082,0x10A2,0x0841,
0x0020,0x0020,0x0841,0x0841,0x0020,0x0841,0x0861,0x0841,0x0861,0x0000,0x0841,0x0841,0x1082,0x0841,0x0020,0x0020,
0x0841,0x0020,0x0841,0x0841,0x0841,0x0841,0x0861,0x0020,0x1082,0x18E3,0x4208,0x6B4D,0x31A6,0x18C3,0x0861,0x1082,
0x0020,0x0841,0x0841,0x0020,0x0020,0x0841,0x0841,0x0841,0x0841,0x18C3,0x0020,0x0861,0x0020,0x0841,0x0841,0x0841,
0x0020,0x0841,0x1082,0x1082,0x0861,0x1082,0x0861,0x0020,0x1082,0x0020,0x0841,0x0000,0x0020,0x0841,0x0841,0x0841,
0x0841,0x10A2,0x0841,0x0841,0x0841,0x1082,0x0861,0x2104,0x10A2,0x0000,0x18E3,0x0861,0x0020,0x10A2,0x1082,0x0841,
0x0861,0x18E3,0x0861,0x0841,0x0841,0x0841,0x1082,0x0841,0x0861,0x0841,0x1082,0x0020,0x0861,0x0000,0x0861,0x0861,
0x1082,0x0841,0x0020,0x0020,0x0841,0x0841,0x0841,0x1082,0x18E3,0x0861,0x1082,0x0020,0x0000,0x18C3,0x3186,0x8430,
0x52AA,0x18C3,0x0861,0x10A2,0x0861,0x0020,0x10A2,0x0000,0x0861,0x0020,0x0020,0x0861,0x0841,0x0000,0x0841,0x0841,
0x0841,0x0841,0x0841,0x0841,0x0841,0x0841,0x0841,0x0861,0x0020,0x1082,0x0841,0x0841,0x10A2,0x0841,0x0841,0x0841,
0x0020,0x0841,0x0841,0x0020,0x0861,0x0020,0x1082,0x18E3,0x1082,0x0020,0x0861,0x0020,0x18C3,0x0841,0x10A2,0x10A2,
0x2104,0x31A6,0x3186,0x3186,0x2124,0x18C3,0x2945,0x2124,0x18C3,0x1082,0x18C3,0x2124,0x18E3,0x18C3,0x2104,0x2124,
0x10A2,0x18E3,0x2104,0x18C3,0x39C7,0x2124,0x2104,0x2124,0x2124,0x2124,0x2104,0x18C3,0x2124,0x10A2,0x2945,0x10A2,
0x18C3,0x18C3,0x2104,0x18E3,0x31A6,0x31A6,0x18E3,0x2124,0x2124,0x2124,0x2104,0x4208,0x4228,0x2965,0x2124,0x18C3,
0x18C3,0x3186,0x3186,0x2945,0x2104,0x31A6,0x2104,0x2124,0x18C3,0x10A2,0x2104,0x2124,0x2124,0x2104,0x2945,0x2104,
0x3186,0x31A6,0x2124,0x10A2,0x31A6,0x3186,0x2945,0x2104,0x2124,0x2104,0x2124,0x2945,0x2124,0x2945,0x3186,0x4228,
0x2104,0x18E3,0x18C3,0x18C3,0x18C3,0x2124,0x2104,0x3186,0x2945,0x2104,0x2124,0x2124,0x3186,0x2124,0x2965,0x2945,
0x2124,0x39C7,0x2104,0x2104,0x2124,0x18C3,0x18C3,0x18C3,0x18C3,0x2945,0x18C3,0x2124,0x31A6,0x2104,0x2124,0x18C3,
0x0841,0x0841,0x0841,0x0841,0x0020,0x0841,0x0020,0x0841,0x0020,0x0841,0x0020,0x0020,0x4A49,0x2965,0x0020,0x0841,
0x0841,0x0861,0x0020,0x0020,0x1082,0x1082,0x0841,0x0841,0x0841,0x0841,0x0841,0x0841,0x0841,0x0841,0x0841,0x0841,
0x0841,0x0841,0x0841,0x0841,0x0020,0x0020,0x0841,0x0841,0x0841,0x0020,0x0020,0x0020,0x0841,0x0861,0x0841,0x0020,
0x0020,0x0020,0x0861,0x0841,0x0000,0x0861,0x0841,0x0841,0x0020,0x0841,0x0841,0x0020,0x0841,0x0861,0x0020,0x0841,
0x0020,0x0841,0x0020,0x0841,0x0000,0x0841,0x0841,0x0841,0x10A2,0x0841,0x18E3,0x18E3,0x18C3,0x1082,0x1082,0x0861,
0x0841,0x0841,0x0020,0x0861,0x0841,0x0020,0x0841,0x0000,0x0020,0x1082,0x1082,0x0020,0x0841,0x0841,0x0841,0x0020,
0x0000,0x0841,0x1082,0x0020,0x0020,0x1082,0x0000,0x1082,0x1082,0x1082,0x0841,0x0020,0x0841,0x18C3,0x0841,0x1082,
0x2124,0x1082,0x1082,0x0841,0x0020,0x1082,0x0020,0x1082,0x18E3,0x0020,0x0841,0x0020,0x1082,0x0020,0x0020,0x1082,
0x2124,0x4A49,0x0841,0x1082,0x0000,0x10A2,0x1082,0x0020,0x1082,0x1082,0x0020,0x0020,0x0841,0x0861,0x10A2,0x0861,
0x0020,0x1082,0x1082,0x0841,0x0841,0x18C3,0x0861,0x18C3,0x0841,0x0841,0x0020,0x10A2,0x0841,0x0841,0x31A6,0x6B6D,
0x4228,0x10A2,0x0020,0x1082,0x1082,0x0841,0x0000,0x10A2,0x0020,0x0841,0x0020,0x0861,0x0020,0x0020,0x0841,0x0020,
0x0841,0x0020,0x0000,0x0861,0x10A2,0x0861,0x0861,0x0861,0x0841,0x0020,0x18E3,0x10A2,0x0000,0x0000,0x1082,0x0000,
0x0020,0x10A2,0x0000,0x0861,0x0861,0x10A2,0x2124,0x0841,0x0861,0x18C3,0x10A2,0x0861,0x10A2,0x1082,0x0861,0x1082,
0x2124,0x3186,0x2124,0x2104,0x31A6,0x18C3,0x10A2,0x18E3,0x18C3,0x2104,0x18C3,0x18C3,0x2124,0x10A2,0x2104,0x18C3,
0x18E3,0x10A2,0x18E3,0x18C3,0x2104,0x2945,0x2945,0x2104,0x2124,0x2104,0x2124,0x2945,0x2965,0x2124,0x2945,0x10A2,
0x0861,0x18C3,0x18E3,0x3186,0x4208,0x31A6,0x2124,0x18C3,0x2124,0x2124,0x3186,0x3186,0x31A6,0x2104,0x31A6,0x2124,
0x2124,0x3186,0x2124,0x39C7,0x3186,0x2104,0x2104,0x2124,0x2124,0x2124,0x2124,0x2124,0x2945,0x31A6,0x31A6,0x2945,
0x4208,0x2124,0x2124,0x2124,0x2104,0x2104,0x39C7,0x18C3,0x18C3,0x2945,0x10A2,0x18C3,0x18E3,0x3186,0x10A2,0x2124,
0x31A6,0x18C3,0x18E3,0x2104,0x18E3,0x2104,0x2945,0x3186,0x2104,0x31A6,0x2945,0x2965,0x2945,0x31A6,0x3186,0x3186,
0x31A6,0x18E3,0x2104,0x2945,0x2104,0x2945,0x2104,0x18C3,0x2124,0x2124,0x2124,0x2104,0x2945,0x2945,0x2124,0x2124,
0x0000,0x0020,0x0020,0x0020,0x0000,0x0861,0x0020,0x0841,0x0841,0x0841,0x0841,0x0000,0x2104,0x1082,0x0020,0x0841,
0x0020,0x0000,0x1082,0x18C3,0x2124,0x0841,0x0000,0x0841,0x0841,0x0841,0x0841,0x0841,0x0841,0x0841,0x0841,0x0841,
0x0020,0x0861,0x10A2,0x0020,0x2124,0x1082,0x0841,0x0020,0x0841,0x0841,0x0841,0x0841,0x0020,0x0020,0x0841,0x0861,
0x10A2,0x0841,0x0020,0x0000,0x10A2,0x0020,0x1082,0x0020,0x0841,0x0841,0x0841,0x0020,0x0861,0x0000,0x0841,0x0020,
0x0841,0x0020,0x0020,0x0020,0x1082,0x0841,0x0861,0x0841,0x0020,0x0841,0x0861,0x0861,0x0841,0x0020,0x0020,0x0861,
0x0861,0x0841,0x0020,0x0020,0x0020,0x0841,0x1082,0x0841,0x0020,0x0020,0x0020,0x0020,0x0020,0x0020,0x0020,0x0841,
0x0861,0x0841,0x0020,0x0020,0x0841,0x0861,0x10A2,0x1082,0x0020,0x0841,0x0020,0x0841,0x0841,0x0841,0x0020,0x10A2,
0x0841,0x0000,0x0861,0x0020,0x0841,0x0841,0x0020,0x0841,0x0020,0x0861,0x0861,0x0020,0x2945,0x10A2,0x0020,0x1082,
0x1082,0x2124,0x0000,0x0861,0x1082,0x0000,0x0020,0x0020,0x0000,0x10A2,0x0841,0x0841,0x0020,0x0841,0x0020,0x0020,
0x0020,0x0841,0x1082,0x0020,0x0020,0x10A2,0x0841,0x1082,0x0020,0x0020,0x0841,0x0841,0x18C3,0x2104,0x18C3,0x0841,
0x10A2,0x0861,0x18E3,0x18C3,0x0841,0x0020,0x0841,0x1082,0x0841,0x0861,0x0020,0x0020,0x0020,0x1082,0x18C3,0x0020,
0x0020,0x10A2,0x0861,0x0000,0x0020,0x10A2,0x18E3,0x0861,0x0841,0x0020,0x18E3,0x10A2,0x0841,0x18C3,0x0841,0x0841,
0x0841,0x1082,0x0841,0x1082,0x0861,0x0861,0x10A2,0x0000,0x0841,0x0861,0x0861,0x0861,0x0861,0x0020,0x1082,0x2104,
0x2124,0x31A6,0x18E3,0x10A2,0x2124,0x2945,0x31A6,0x4208,0x18C3,0x1082,0x2104,0x18C3,0x18E3,0x10A2,0x10A2,0x18C3,
0x10A2,0x18E3,0x1082,0x2965,0x2124,0x2945,0x2104,0x31A6,0x39C7,0x2124,0x31A6,0x18C3,0x2945,0x2945,0x18C3,0x18C3,
0x2945,0x18E3,0x10A2,0x2965,0x39C7,0x2104,0x18E3,0x2945,0x18C3,0x2124,0x2124,0x2124,0x3186,0x31A6,0x2104,0x31A6,
0x3186,0x2124,0x18C3,0x10A2,0x2104,0x2945,0x31A6,0x2104,0x18C3,0x18E3,0x18E3,0x18C3,0x2124,0x3186,0x2965,0x4A49,
0x2965,0x2945,0x2104,0x2124,0x2104,0x18E3,0x18E3,0x18C3,0x18E3,0x18C3,0x18C3,0x0861,0x18C3,0x10A2,0x1082,0x10A2,
0x18E3,0x2124,0x2104,0x2124,0x2124,0x18C3,0x2124,0x31A6,0x3186,0x2945,0x2104,0x2945,0x3186,0x3186,0x39C7,0x3186,
0x18E3,0x2965,0x39C7,0x2965,0x18C3,0x2124,0x2124,0x2124,0x10A2,0x2945,0x10A2,0x10A2,0x2104,0x2124,0x18E3,0x52AA,
0x0861,0x1082,0x1082,0x0841,0x0020,0x1082,0x0841,0x0020,0x0841,0x0020,0x0841,0x0020,0x0841,0x0020,0x0020,0x0020,
0x0020,0x0841,0x0841,0x0000,0x0841,0x0020,0x0841,0x0841,0x0841,0x0841,0x0841,0x0841,0x0841,0x0841,0x0841,0x0841,
0x0020,0x0841,0x1082,0x0000,0x2104,0x0020,0x0020,0x0841,0x0020,0x0020,0x0020,0x0841,0x0020,0x0020,0x0020,0x0020,
0x0020,0x0861,0x0000,0x2124,0x18E3,0x18C3,0x2104,0x10A2,0x0020,0x0841,0x0841,0x0020,0x0861,0x0020,0x2965,0x31A6,
0x0841,0x0841,0x0020,0x0861,0x0020,0x0020,0x0000,0x0841,0x0000,0x0841,0x0841,0x0861,0x0020,0x0841,0x0020,0x0841,
0x0020,0x0841,0x0861,0x0861,0x0841,0x0861,0x0841,0x0020,0x0861,0x0841,0x0861,0x0861,0x0841,0x0841,0x0861,0x0861,
0x0000,0x0020,0x2945,0x10A2,0x0000,0x10A2,0x0841,0x0020,0x0020,0x18C3,0x10A2,0x0841,0x0020,0x0841,0x0020,0x0020,
0x0020,0x0841,0x1082,0x10A2,0x0020,0x0841,0x0020,0x0020,0x0841,0x0841,0x0841,0x0841,0x0000,0x0020,0x10A2,0x10A2,
0x0861,0x0020,0x1082,0x0000,0x0000,0x0841,0x0841,0x0861,0x0020,0x0020,0x0841,0x1082,0x0020,0x0841,0x1082,0x0861,
0x2104,0x0020,0x0841,0x0020,0x0861,0x0841,0x0020,0x0861,0x0841,0x0841,0x18C3,0x0000,0x0000,0x0841,0x0841,0x0841,
0x1082,0x0020,0x18C3,0x1082,0x0841,0x0841,0x0841,0x0020,0x0020,0x0020,0x0841,0x0841,0x2945,0x2945,0x0000,0x0841,
0x10A2,0x0841,0x0000,0x0841,0x0861,0x0020,0x0020,0x0841,0x0020,0x10A2,0x0020,0x0861,0x0841,0x0020,0x0020,0x0841,
0x0841,0x0841,0x0841,0x0861,0x0841,0x0020,0x0861,0x0020,0x0861,0x0020,0x0000,0x0861,0x10A2,0x1082,0x0841,0x0841,
0x2124,0x18E3,0x2104,0x2104,0x0861,0x2945,0x4A49,0x3186,0x2945,0x2124,0x1082,0x2124,0x18C3,0x18E3,0x10A2,0x1082,
0x18E3,0x18C3,0x2945,0x10A2,0x31A6,0x2945,0x18E3,0x2124,0x2965,0x31A6,0x2124,0x2104,0x10A2,0x18C3,0x1082,0x2945,
0x18C3,0x18E3,0x18E3,0x2945,0x3186,0x2124,0x18C3,0x18C3,0x18E3,0x2104,0x10A2,0x31A6,0x2104,0x31A6,0x2124,0x2124,
0x39E7,0x2965,0x2945,0x2965,0x2124,0x4228,0x4A49,0x2104,0x18E3,0x2945,0x18C3,0x2965,0x31A6,0x2124,0x2124,0x39E7,
0x4A49,0x2124,0x2124,0x2104,0x2945,0x18C3,0x2124,0x2124,0x1082,0x0861,0x10A2,0x18C3,0x18C3,0x10A2,0x10A2,0x18E3,
0x1082,0x4A49,0x2104,0x10A2,0x2104,0x10A2,0x2104,0x2104,0x18C3,0x1082,0x2124,0x2124,0x2124,0x2124,0x2945,0x2945,
0x2124,0x2104,0x2104,0x2945,0x2124,0x2124,0x2104,0x2945,0x2945,0x18E3,0x18E3,0x2965,0x18E3,0x2945,0x3186,0x4228,
0x0020,0x0020,0x0841,0x0020,0x0841,0x1082,0x0861,0x0841,0x0020,0x0000,0x0841,0x0841,0x0020,0x0841,0x0841,0x0020,
0x0841,0x0841,0x0020,0x0841,0x0841,0x0861,0x0841,0x0841,0x0841,0x0841,0x0841,0x0841,0x0841,0x0841,0x0841,0x0841,
0x0861,0x0000,0x0020,0x0020,0x0841,0x0020,0x0841,0x0841,0x0841,0x0841,0x0841,0x0841,0x0841,0x0841,0x0841,0x0841,
0x0841,0x0000,0x0020,0x3186,0x0000,0x4228,0x6B6D,0x18C3,0x0020,0x0841,0x0841,0x0020,0x0020,0x0020,0x2965,0x31A6,
0x0841,0x0841,0x0020,0x0841,0x0020,0x0861,0x0841,0x0861,0x0841,0x0841,0x0861,0x1082,0x0020,0x0020,0x0841,0x0020,
0x0020,0x0841,0x1082,0x0841,0x0020,0x0841,0x0020,0x0841,0x0841,0x0861,0x0861,0x0841,0x0020,0x0841,0x1082,0x0841,
0x0861,0x0841,0x0861,0x2124,0x0020,0x0841,0x0020,0x0841,0x0861,0x0020,0x0020,0x0000,0x0841,0x0841,0x10A2,0x2124,
0x0841,0x1082,0x0861,0x10A2,0x0020,0x0841,0x0861,0x0841,0x2945,0x2945,0x0020,0x0861,0x0841,0x10A2,0x0861,0x1082,
0x0020,0x1082,0x0000,0x18C3,0x18C3,0x0000,0x0000,0x0861,0x0841,0x0841,0x0020,0x0020,0x2945,0x10A2,0x0841,0x0861,
0x0861,0x0000,0x0861,0x18C3,0x18E3,0x0020,0x0841,0x0020,0x0020,0x0000,0x0861,0x0841,0x1082,0x18C3,0x1082,0x1082,
0x1082,0x0841,0x10A2,0x0841,0x0020,0x0841,0x0841,0x0841,0x0020,0x0861,0x0841,0x1082,0x1082,0x0020,0x0841,0x0000,
0x0000,0x0861,0x0841,0x0020,0x0020,0x10A2,0x1082,0x0020,0x0020,0x0020,0x0020,0x0020,0x0020,0x0841,0x0841,0x2124,
0x0861,0x0841,0x0861,0x0841,0x0861,0x0841,0x0861,0x10A2,0x0861,0x0841,0x0841,0x0841,0x0020,0x0861,0x10A2,0x18E3,
0x18E3,0x39C7,0x2945,0x1082,0x2945,0x18C3,0x1082,0x1082,0x18C3,0x18E3,0x2104,0x18C3,0x2104,0x10A2,0x18C3,0x18C3,
0x18E3,0x18E3,0x10A2,0x2104,0x3186,0x18C3,0x18C3,0x2104,0x31A6,0x2965,0x3186,0x2124,0x2945,0x2945,0x18C3,0x18C3,
0x1082,0x2104,0x18E3,0x10A2,0x18E3,0x2124,0x2124,0x18E3,0x2124,0x2104,0x2945,0x31A6,0x2104,0x2104,0x31A6,0x3186,
0x18C3,0x3186,0x3186,0x2945,0x2104,0x2124,0x18C3,0x2945,0x2124,0x10A2,0x18E3,0x18E3,0x2124,0x2104,0x2104,0x31A6,
0x3186,0x2124,0x4208,0x2124,0x2124,0x18C3,0x2945,0x2124,0x1082,0x0861,0x0861,0x10A2,0x0861,0x1082,0x1082,0x18C3,
0x18E3,0x0861,0x18E3,0x18C3,0x1082,0x2104,0x2124,0x2965,0x2124,0x18C3,0x39C7,0x39C7,0x2124,0x2945,0x18E3,0x39E7,
0x39C7,0x31A6,0x2965,0x2945,0x2104,0x2945,0x2124,0x2104,0x2945,0x18C3,0x18C3,0x18C3,0x18E3,0x2124,0x2965,0x3186,
0x0020,0x0020,0x0841,0x0020,0x0020,0x0841,0x0841,0x0841,0x0841,0x0020,0x0841,0x0841,0x0020,0x0841,0x0020,0x0841,
0x0020,0x0841,0x0841,0x18C3,0x1082,0x1082,0x0020,0x0020,0x0841,0x0841,0x0841,0x0841,0x0841,0x0841,0x0841,0x0841,
0x0841,0x0020,0x0020,0x0841,0x0000,0x0861,0x0861,0x0020,0x0841,0x0841,0x0841,0x0841,0x0020,0x0000,0x0841,0x1082,
0x0841,0x0841,0x18C3,0x0020,0x0861,0x3186,0x52AA,0x0861,0x0020,0x0020,0x0861,0x0841,0x0020,0x0841,0x0861,0x0020,
0x0841,0x0841,0x18E3,0x0020,0x0861,0x0000,0x0861,0x0861,0x0861,0x1082,0x0841,0x0000,0x0841,0x0020,0x0841,0x0841,
0x0841,0x0020,0x0861,0x0841,0x0841,0x0861,0x0020,0x0861,0x0020,0x0020,0x0841,0x0841,0x0000,0x0841,0x0861,0x0841,
0x0020,0x0020,0x0000,0x18C3,0x0841,0x0861,0x0841,0x1082,0x0841,0x0020,0x10A2,0x0841,0x0861,0x0841,0x0000,0x0020,
0x0841,0x0841,0x0861,0x0020,0x1082,0x0000,0x18C3,0x0861,0x10A2,0x1082,0x0000,0x0841,0x0841,0x0861,0x0841,0x0020,
0x0841,0x0020,0x0000,0x2124,0x0861,0x0020,0x0841,0x0020,0x2104,0x10A2,0x0861,0x0020,0x2104,0x18C3,0x1082,0x0841,
0x0841,0x0841,0x0020,0x0841,0x10A2,0x1082,0x2965,0x1082,0x1082,0x10A2,0x10A2,0x0841,0x0000,0x1082,0x10A2,0x18C3,
0x0000,0x0861,0x1082,0x0020,0x0020,0x10A2,0x0841,0x0861,0x0841,0x0020,0x0020,0x0841,0x0861,0x0841,0x0841,0x0861,
0x0020,0x0020,0x0020,0x0861,0x0020,0x1082,0x1082,0x10A2,0x0861,0x0861,0x10A2,0x0841,0x0020,0x0020,0x0841,0x1082,
0x0861,0x0020,0x0841,0x0020,0x0861,0x0020,0x0020,0x0861,0x0861,0x0020,0x0841,0x0020,0x0841,0x1082,0x0861,0x0861,
0x18C3,0x18E3,0x18C3,0x0861,0x2104,0x10A2,0x18C3,0x18E3,0x18C3,0x18C3,0x2104,0x18E3,0x3186,0x4A49,0x18C3,0x18E3,
0x10A2,0x18C3,0x18C3,0x18C3,0x10A2,0x39E7,0x2124,0x2124,0x31A6,0x2124,0x2124,0x2104,0x2104,0x2104,0x2965,0x2945,
0x18E3,0x18E3,0x1082,0x0861,0x18C3,0x2104,0x2945,0x31A6,0x2965,0x39C7,0x18E3,0x2104,0x10A2,0x31A6,0x0861,0x39E7,
0x39C7,0x2945,0x3186,0x18E3,0x2124,0x18C3,0x2124,0x18C3,0x18C3,0x2104,0x18E3,0x2104,0x2945,0x18E3,0x39C7,0x31A6,
0x2124,0x2124,0x31A6,0x2124,0x2945,0x18E3,0x18C3,0x3186,0x18E3,0x18C3,0x10A2,0x1082,0x18E3,0x1082,0x1082,0x1082,
0x0861,0x1082,0x10A2,0x18E3,0x18E3,0x18E3,0x2124,0x2965,0x31A6,0x2104,0x2104,0x2104,0x18E3,0x2124,0x2124,0x52AA,
0x39E7,0x31A6,0x3186,0x3186,0x2104,0x2124,0x2945,0x2104,0x2104,0x2104,0x18E3,0x10A2,0x2124,0x2124,0x18E3,0x2945,
0x1082,0x0861,0x1082,0x0841,0x0841,0x0020,0x0020,0x0020,0x0841,0x0841,0x0020,0x0020,0x0861,0x1082,0x0841,0x0841,
0x0020,0x0020,0x0841,0x0020,0x0020,0x0020,0x0841,0x0020,0x0841,0x0841,0x0841,0x0841,0x0841,0x0841,0x0841,0x0841,
0x0020,0x0841,0x0841,0x0841,0x0841,0x0000,0x0000,0x0861,0x0020,0x0020,0x0020,0x0841,0x0841,0x0841,0x0841,0x0841,
0x1082,0x0020,0x0000,0x0841,0x0861,0x0000,0x0020,0x0841,0x0841,0x0020,0x0841,0x0841,0x0020,0x0861,0x0020,0x0020,
0x0020,0x0861,0x18E3,0x0020,0x0841,0x0020,0x0841,0x0000,0x0841,0x630C,0x5AEB,0x1082,0x0020,0x0841,0x1082,0x0020,
0x0861,0x0841,0x0841,0x0841,0x1082,0x0861,0x0020,0x0020,0x0841,0x0020,0x0841,0x0861,0x0841,0x0841,0x0841,0x0861,
0x0020,0x0841,0x1082,0x0000,0x0020,0x10A2,0x0020,0x0841,0x0000,0x0861,0x18E3,0x0000,0x0000,0x0841,0x0861,0x0020,
0x0841,0x0841,0x0861,0x0020,0x1082,0x0841,0x10A2,0x0861,0x0841,0x0841,0x0841,0x0020,0x1082,0x0020,0x0841,0x10A2,
0x0841,0x0841,0x10A2,0x0861,0x0841,0x18C3,0x0000,0x10A2,0x2124,0x0861,0x1082,0x0861,0x0000,0x18C3,0x2104,0x0020,
0x0841,0x1082,0x0020,0x0841,0x18C3,0x10A2,0x3186,0x0841,0x1082,0x18C3,0x0861,0x0841,0x0020,0x1082,0x0841,0x0841,
0x0861,0x0841,0x0020,0x0020,0x0861,0x18C3,0x0020,0x0841,0x0020,0x0000,0x18C3,0x0020,0x0020,0x2124,0x0000,0x0020,
0x0841,0x0841,0x0841,0x0020,0x0020,0x2104,0x18C3,0x0020,0x0000,0x1082,0x0841,0x0020,0x0841,0x0020,0x18C3,0x0020,
0x0020,0x0020,0x0841,0x0841,0x1082,0x0841,0x0020,0x0020,0x1082,0x0841,0x0861,0x0841,0x0020,0x0841,0x0020,0x10A2,
0x18E3,0x10A2,0x1082,0x1082,0x1082,0x1082,0x1082,0x10A2,0x10A2,0x2124,0x31A6,0x18C3,0x2945,0x2104,0x10A2,0x18C3,
0x18E3,0x18C3,0x18C3,0x2104,0x2124,0x2104,0x2945,0x2124,0x18C3,0x39C7,0x3186,0x39C7,0x2104,0x2965,0x4A49,0x2104,
0x18C3,0x10A2,0x10A2,0x18E3,0x2124,0x2124,0x2104,0x2965,0x4A49,0x2104,0x2945,0x2104,0x18C3,0x2104,0x2124,0x18E3,
0x3186,0x3186,0x31A6,0x2124,0x2124,0x10A2,0x18E3,0x18C3,0x18C3,0x2124,0x2945,0x18C3,0x2965,0x3186,0x3186,0x2965,
0x4208,0x2124,0x2124,0x10A2,0x2104,0x18E3,0x2124,0x31A6,0x2104,0x18E3,0x0861,0x0861,0x10A2,0x1082,0x0841,0x0841,
0x0841,0x1082,0x18E3,0x18C3,0x18E3,0x3186,0x31A6,0x2945,0x10A2,0x2124,0x2124,0x2124,0x39C7,0x2124,0x3186,0x3186,
0x31A6,0x2104,0x2104,0x31A6,0x2945,0x2124,0x2945,0x2104,0x2124,0x10A2,0x18C3,0x2124,0x1082,0x18C3,0x10A2,0x10A2,
0x0841,0x0841,0x0861,0x0020,0x0841,0x0020,0x0841,0x0841,0x0841,0x0020,0x0020,0x0841,0x1082,0x10A2,0x0841,0x0020,
0x0861,0x0000,0x0020,0x0861,0x0841,0x0841,0x0861,0x0861,0x0841,0x0841,0x0841,0x0841,0x0841,0x0841,0x0841,0x0841,
0x0020,0x0841,0x0841,0x0020,0x0861,0x0020,0x0841,0x1082,0x10A2,0x0861,0x0841,0x0861,0x10A2,0x1082,0x0841,0x0020,
0x0861,0x39E7,0x0861,0x0000,0x0020,0x39E7,0x18E3,0x1082,0x0841,0x0841,0x0020,0x0020,0x0841,0x0000,0x0841,0x0861,
0x0841,0x0020,0x0000,0x0841,0x0861,0x2124,0x0861,0x0020,0x0841,0x2965,0x2945,0x18C3,0x18C3,0x0841,0x0020,0x0020,
0x10A2,0x1082,0x0020,0x0000,0x0841,0x0841,0x0841,0x0841,0x0841,0x0020,0x0020,0x0020,0x0841,0x0020,0x0020,0x0841,
0x18E3,0x10A2,0x0000,0x0841,0x1082,0x0000,0x0861,0x0000,0x0841,0x0020,0x1082,0x1082,0x18C3,0x0000,0x1082,0x0841,
0x0841,0x1082,0x0020,0x0841,0x0020,0x0841,0x0020,0x0861,0x18E3,0x0000,0x0861,0x10A2,0x0861,0x0841,0x0861,0x0000,
0x0841,0x0020,0x0020,0x2124,0x18C3,0x0841,0x0861,0x1082,0x0020,0x1082,0x0861,0x0841,0x0020,0x10A2,0x0020,0x0020,
0x0861,0x10A2,0x0861,0x0841,0x0000,0x0000,0x18C3,0x0861,0x0020,0x0020,0x0841,0x0020,0x0861,0x10A2,0x0841,0x18C3,
0x2104,0x0841,0x0020,0x0841,0x0841,0x0861,0x0841,0x0861,0x0000,0x4A69,0x39C7,0x1082,0x0841,0x2104,0x1082,0x0841,
0x0861,0x0841,0x0020,0x0841,0x0841,0x2945,0x18E3,0x0841,0x1082,0x1082,0x1082,0x0020,0x0020,0x0861,0x0841,0x0841,
0x0020,0x0861,0x0861,0x1082,0x1082,0x1082,0x0841,0x0841,0x0861,0x0000,0x0020,0x0861,0x2124,0x2945,0x1082,0x0861,
0x0861,0x0861,0x1082,0x10A2,0x1082,0x1082,0x0861,0x1082,0x2945,0x4228,0x2124,0x2965,0x18E3,0x18C3,0x2124,0x10A2,
0x10A2,0x2104,0x31A6,0x31A6,0x3186,0x3186,0x2104,0x2124,0x39E7,0x18C3,0x2124,0x31A6,0x31A6,0x2104,0x2104,0x2124,
0x18C3,0x18C3,0x18C3,0x18C3,0x2104,0x2124,0x18E3,0x2124,0x2965,0x3186,0x2965,0x2945,0x2945,0x18E3,0x2945,0x31A6,
0x2124,0x2945,0x2104,0x31A6,0x2124,0x2124,0x18E3,0x10A2,0x2124,0x3186,0x18C3,0x18E3,0x2945,0x31A6,0x4228,0x31A6,
0x31A6,0x2124,0x39C7,0x18C3,0x10A2,0x18C3,0x31A6,0x2965,0x4208,0x3186,0x10A2,0x1082,0x0841,0x0861,0x1082,0x10A2,
0x18E3,0x2945,0x0861,0x10A2,0x2124,0x18C3,0x2104,0x2104,0x2104,0x2945,0x2945,0x18E3,0x2124,0x18C3,0x2945,0x2104,
0x2124,0x31A6,0x31A6,0x3186,0x2104,0x2124,0x2945,0x18C3,0x2124,0x2104,0x18C3,0x18E3,0x10A2,0x2104,0x18C3,0x2124,
0x0020,0x0841,0x1082,0x0020,0x0020,0x0841,0x0841,0x0020,0x0861,0x0020,0x0841,0x0841,0x0841,0x0020,0x0841,0x0841,
0x0000,0x0861,0x0020,0x0841,0x0020,0x2124,0x18E3,0x0000,0x0841,0x0841,0x0841,0x0841,0x0841,0x0841,0x0841,0x0841,
0x0020,0x0841,0x0841,0x0841,0x1082,0x3186,0x2965,0x0000,0x18E3,0x1082,0x0841,0x0841,0x0841,0x0841,0x0020,0x0841,
0x1082,0x10A2,0x0841,0x0861,0x0020,0x18C3,0x18E3,0x0000,0x0841,0x0841,0x0020,0x1082,0x2104,0x0020,0x0841,0x0020,
0x0020,0x0020,0x0861,0x0020,0x0000,0x1082,0x0020,0x0841,0x0020,0x0861,0x1082,0x2104,0x0841,0x0000,0x0861,0x0020,
0x0020,0x1082,0x0841,0x0020,0x0841,0x0020,0x0841,0x0020,0x0020,0x0861,0x0841,0x0000,0x0841,0x0861,0x0861,0x0861,
0x0020,0x0020,0x1082,0x18E3,0x1082,0x0861,0x0841,0x0841,0x0861,0x0841,0x0020,0x1082,0x2124,0x0000,0x18C3,0x0020,
0x0020,0x0861,0x0020,0x0020,0x0841,0x0841,0x0841,0x18E3,0x0861,0x0861,0x0020,0x0841,0x0020,0x10A2,0x1082,0x2124,
0x0020,0x10A2,0x0020,0x18C3,0x0861,0x0841,0x0841,0x1082,0x10A2,0x18C3,0x1082,0x0020,0x0841,0x0841,0x0000,0x10A2,
0x1082,0x1082,0x1082,0x0841,0x0861,0x1082,0x10A2,0x0000,0x0841,0x0841,0x18C3,0x0000,0x0861,0x10A2,0x0000,0x18C3,
0x2945,0x0020,0x0841,0x0020,0x0020,0x10A2,0x18C3,0x0841,0x10A2,0x2104,0x18C3,0x2965,0x0020,0x0841,0x18C3,0x0020,
0x18E3,0x0861,0x0841,0x1082,0x0000,0x0841,0x0020,0x0841,0x0020,0x0861,0x0000,0x10A2,0x1082,0x0000,0x0020,0x1082,
0x0020,0x1082,0x0841,0x0841,0x0020,0x0841,0x0020,0x0020,0x0020,0x0841,0x0841,0x0000,0x1082,0x2104,0x1082,0x1082,
0x1082,0x1082,0x18E3,0x0861,0x1082,0x0861,0x10A2,0x1082,0x2104,0x3186,0x18E3,0x31A6,0x2124,0x2124,0x39C7,0x18E3,
0x18E3,0x10A2,0x2104,0x4208,0x6B6D,0x52AA,0x3186,0x2124,0x2104,0x2945,0x2104,0x31A6,0x2945,0x3186,0x2945,0x2124,
0x2104,0x18C3,0x18C3,0x18C3,0x18E3,0x18C3,0x10A2,0x2124,0x31A6,0x2104,0x2945,0x18E3,0x18E3,0x2945,0x2104,0x31A6,
0x10A2,0x2945,0x10A2,0x2124,0x31A6,0x2124,0x2104,0x31A6,0x2124,0x2124,0x18E3,0x2945,0x10A2,0x2124,0x3186,0x2104,
0x3186,0x2104,0x2104,0x2945,0x2124,0x2104,0x2945,0x4228,0x4208,0x2124,0x2124,0x18E3,0x18E3,0x0020,0x18C3,0x0861,
0x0861,0x1082,0x10A2,0x1082,0x1082,0x18C3,0x2104,0x2104,0x2965,0x10A2,0x2104,0x2945,0x2124,0x2124,0x2124,0x31A6,
0x2104,0x31A6,0x3186,0x3186,0x2124,0x2124,0x2104,0x18C3,0x10A2,0x2104,0x2124,0x18C3,0x10A2,0x18C3,0x18C3,0x18C3,
};
